imu_index,t_imu,ax,ay,az,mag,vx,vy,vz,velocity
0,1790648551.2646053,-0.038085506663602955,0.39959257238051465,-0.006715446920956309,0.4014596205683062,0.0,0.0,0.0,0.0
1,1790648551.2846053,0.07208539177389706,0.2558914005055147,-0.006715446920956309,0.2659357249171651,2.4408043416127584e-06,0.0014927050655583595,-2.8708508208495168e-05,0.001492983103960985
2,1790648551.309798,-0.004555233226102951,0.2750515567555146,-0.10730626723345632,0.2952774017952512,0.0001326493721464451,0.004094125981636996,-0.0002748854230780864,0.004105487231165963
3,1790648551.329798,-0.07640581916360295,0.33253202550551464,-0.049825798483456314,0.34481590361144226,9.907226055058671e-05,0.0067609315206549865,-0.0006767027409587813,0.006795435007372072
4,1790648551.3545425,0.033765079273897054,0.46665311925551467,0.012444709329043692,0.4680385508476396,-1.537318210991286e-05,0.0110486165124322,-0.001168644249185901,0.011110260687970958
5,1790648551.3745425,0.11519574333639705,0.5193435489430147,-0.03066564223345631,0.5328490993941352,0.00012944148407633706,0.015473337194004264,-0.001533949477864979,0.015549724113880538
6,1790648551.3851898,0.10561566521139705,0.47144315831801464,-0.06898595473345631,0.4880290792702798,0.00037129999534504744,0.018266760001529853,-0.0017788304583253593,0.018356923011210242
7,1790648551.4051898,0.00981488396139705,0.33732206456801467,-0.049825798483456314,0.3411233169780652,0.0009306085277052509,0.023940019218372605,-0.0023480366108727595,0.024072885750027688
8,1790648551.4295154,-0.028505428538602953,0.30379179113051463,-0.06898595473345631,0.31282754636531307,0.0014747442962471293,0.030974919377417604,-0.003153266965997128,0.03116991488175229
9,1790648551.4495153,0.11998578239889705,0.29900175206801466,-0.14562657973345633,0.3535615030549603,0.0019922346891946665,0.036795458000544214,-0.004037921746791524,0.037069927711823984
10,1790648551.4751205,0.24931683708639707,0.30379179113051463,-0.07377599379595631,0.39986402047900266,0.0032645842821160146,0.04428709559816517,-0.0054219611763212435,0.0447370317528286
11,1790648551.4951205,0.27326703239889705,0.2654714786305147,0.0938753733915437,0.39238063496020464,0.00489320653848219,0.050114889878298555,-0.006310713229274994,0.050747125625047795
12,1790648551.5054042,0.28284711052389705,0.22236112706801464,0.1992562327665437,0.41127850060389787,0.006033927658726386,0.053038228798431425,-0.00647306345087694,0.053771391534017256
13,1790648551.5254042,0.34990765739889707,0.20799100988051464,0.0747152171415437,0.41385745440913385,0.008868783341700232,0.058516323734719926,-0.006330487584770542,0.05952218522911856
14,1790648551.549526,0.2876371495863971,0.29421171300551463,-0.1647867359834563,0.4432271767930166,0.012928411655357932,0.06504088534530174,-0.006347273528301453,0.06661642797144078
15,1790648551.569526,0.34990765739889707,0.23673124425551464,-0.1839468922334563,0.46077490152513173,0.016745780038462676,0.07043553047417568,-0.006882203485499842,0.07272516639438463
16,1790648551.5951643,0.3978080480238971,0.10740018956801464,-0.07377599379595631,0.4186035607259089,0.02234306564355063,0.07697542267323158,-0.007960648579835772,0.08054688202460918
17,1790648551.6151643,0.4073881261488971,0.04033964269301464,0.0795052562040437,0.4170293249446379,0.027262244025001187,0.08153343047557465,-0.00866713795480854,0.08640630483200726
18,1790648551.6240563,0.4073881261488971,0.16488065831801466,0.03639490464154369,0.4409935440551921,0.02966464281104067,0.08339282267114403,-0.008856835057481664,0.0889539062290293
19,1790648551.6440563,0.4073881261488971,0.22715116613051464,-0.025875603170956312,0.4671533842765384,0.035479751135503536,0.08753568611845823,-0.009203722129590497,0.09490003996787999
20,1790648551.6698527,0.3451176183363971,0.20320097081801464,-0.01629552504595631,0.40082708137561524,0.04331103329531247,0.09291032434823093,-0.009665621080343472,0.10296406269407749
21,1790648551.6898527,0.29242718864889705,0.24152128331801465,-0.0019254078584563096,0.3792754911038937,0.04942820926742053,0.09711932438526846,-0.009997346500432694,0.10943152186406178
22,1790648551.7142313,0.30200726677389705,0.16967069738051466,-0.04024572035845631,0.34873521867027,0.056853005366637496,0.10223204188343392,-0.010418148796628127,0.11744016532355438
23,1790648551.7342312,0.3067973058363971,0.19841093175551464,-0.10730626723345632,0.3807966907631173,0.06294377420236963,0.10634943560276058,-0.01093291632015487,0.12406308807670444
24,1790648551.7449143,0.30200726677389705,0.22236112706801464,-0.08814611098345632,0.3852565338793171,0.06619696100831665,0.1085559927846038,-0.011323238667526266,0.1276505266346728
25,1790648551.7649143,0.29242718864889705,0.30858183019301466,-0.05940587660845631,0.4292615342212569,0.0722654174147335,0.1128637072865575,-0.01216568751815662,0.13456786737323598
26,1790648551.789313,0.36906781364889707,0.29900175206801466,0.0028646312040436907,0.47499611042960627,0.07976858067893268,0.1184424159131062,-0.013142730383458555,0.14340280231849345
27,1790648551.809313,0.33074750114889706,0.28463163488051463,0.007654670266543691,0.43642602015448595,0.08604616772726663,0.1232048572148971,-0.013807710760021246,0.15091067788040874
28,1790648551.8350573,0.32116742302389706,0.33732206456801467,0.03639490464154369,0.46718227485651226,0.09417338821466567,0.12961646241273816,-0.014450233849682921,0.1608659803517618
29,1790648551.8550572,0.32116742302389706,0.30379179113051463,0.06034509995404369,0.4461832550181154,0.10050363694292556,0.1348119863302509,-0.014729409148797369,0.16879635123703304
30,1790648551.8641536,0.3546976964613971,0.27026151769301465,-0.006715446920956309,0.4459785208371601,0.10341198480476087,0.13721219438555923,-0.014800749701545204,0.1724537244627914
31,1790648551.8841536,0.4073881261488971,0.16488065831801466,-0.049825798483456314,0.44230456363122184,0.10999044436020743,0.1423505903282415,-0.015018887899972085,0.180519127549151
32,1790648551.9093492,0.3882279698988971,0.17446073644301466,-0.04503575942095631,0.42800201494698625,0.11853820248416702,0.14849409966281504,-0.015431730358631738,0.19063037896596896
33,1790648551.9293492,0.3978080480238971,0.19841093175551464,-0.01150548598345631,0.44469148532481506,0.12548460197047148,0.1531985575660069,-0.015795095365201538,0.19865967987890396
34,1790648551.9548352,0.4169682042738971,0.16967069738051466,-0.006715446920956309,0.45021742097828327,0.13456603785215557,0.15899778743360446,-0.016223504639219805,0.20892945473242452
35,1790648551.9748352,0.4840287511488971,0.08344999425551464,0.026814826516543693,0.4919011774748244,0.1419751443562232,0.16324574257360774,-0.016479118483123157,0.21697390495024932
36,1790648551.9844022,0.4457084386488971,0.12177030675551465,0.007654670266543691,0.46210671264012093,0.1456547896741432,0.16512020723118345,-0.01655831799126115,0.22080348386243273
37,1790648552.0044022,0.4361283605238971,0.18883085363051466,0.022024787454043692,0.4757626818052116,0.153516036847106,0.16891691175035092,-0.01665453128287147,0.22886124629733623
38,1790648552.0300477,0.4361283605238971,0.15530058019301465,0.04118494370404369,0.4647821173942201,0.16376199089686772,0.17371697775576217,-0.01663781911318277,0.239316516454558
39,1790648552.0500476,0.4169682042738971,0.16488065831801466,0.04118494370404369,0.4502713786714469,0.1718335118648943,0.1773791353302879,-0.016503186172722513,0.24751256251793544
40,1790648552.074088,0.35948773552389707,0.17446073644301466,0.03160486557904369,0.4008326933779327,0.181480327583512,0.18173268123597774,-0.016234386390251373,0.25734302405642223
41,1790648552.094088,0.3546976964613971,0.19841093175551464,0.026814826516543693,0.4073038038568081,0.18937325898836113,0.1853705569181765,-0.015956677717867216,0.26547898251240093
42,1790648552.1198053,0.3882279698988971,0.15530058019301465,-0.03066564223345631,0.41926078809458944,0.1994330617365372,0.19002893552638836,-0.01566057386777191,0.2759162844501383
43,1790648552.1398053,0.4073881261488971,0.10740018956801464,-0.049825798483456314,0.42424343983244944,0.20727635700373465,0.1935023332332663,-0.01558557618326252,0.28398864647098476
44,1790648552.1494596,0.42175824333639705,0.19362089269301466,-0.04024572035845631,0.46582054904932485,0.21109488047424105,0.19514545487373136,-0.015620022273769036,0.2879006464323112
45,1790648552.1694596,0.4169682042738971,0.27026151769301465,-0.03066564223345631,0.49783948511013104,0.2190769103893047,0.19873460918280142,-0.0157870444661617,0.2962083191366185
46,1790648552.1942186,0.41217816521139705,0.2558914005055147,-0.10251622817095632,0.49586371693047576,0.22901575361553797,0.20348836423591934,-0.01621010465892901,0.30678738122119104
47,1790648552.2142186,0.4361283605238971,0.14572050206801465,-0.1599966969209563,0.48686892959176703,0.23711238941716806,0.20735478983450784,-0.01689435392786799,0.3154420917966905
48,1790648552.2401073,0.4457084386488971,0.03554960363051464,-0.12646642348345633,0.464664979172975,0.24773309436223298,0.21196086526501076,-0.018203424311893136,0.32654319638121065
49,1790648552.2601073,0.4361283605238971,0.07386991613051465,-0.06419591567095631,0.4469740786121989,0.25603000851288155,0.2151496060474596,-0.019349027774883665,0.33498522820762777
50,1790648552.2691765,0.3355375402113971,0.20799100988051464,-0.06898595473345631,0.40075524080505515,0.2597528636564904,0.21657039831719843,-0.019881179970896598,0.33877654718420586
51,1790648552.2891765,0.3978080480238971,0.14572050206801465,0.012444709329043692,0.42384027485105974,0.26783127454876976,0.21976420263239171,-0.020963496982956135,0.347086969779656
52,1790648552.314295,0.517559024586397,0.07386991613051465,0.06992517807904369,0.5274596088510835,0.2781797646611674,0.22358740501720276,-0.021963738687972186,0.3575719717293606
53,1790648552.334295,0.8384916417738971,0.10740018956801464,0.01723474839154369,0.8455176347043571,0.2872175824950851,0.22644681105036424,-0.022509951457873694,0.3664407125905038
54,1790648552.3593433,0.7810111730238971,0.054709759880514644,0.06034509995404369,0.7852471848423341,0.29988123764107305,0.2297953400151202,-0.02294568030325472,0.3784985590809899
55,1790648552.3793433,0.531929141773897,0.15051054113051465,0.11782556870404369,0.5652299527627197,0.3104453337397565,0.23237578102045767,-0.022974149069088023,0.38846186475779726
56,1790648552.3897197,0.2972172277113971,0.21278104894301464,0.1848861155790437,0.4096299927637691,0.3157493667448275,0.23379648057313454,-0.022751123259584612,0.3935429716533081
57,1790648552.4097197,0.4552885167738971,0.30858183019301466,-0.03066564223345631,0.5508636501395205,0.32556784432929203,0.2369060891079842,-0.022154404424111672,0.4032489726621128
58,1790648552.4343247,0.6708402745863972,0.20320097081801464,-0.02108556410845631,0.7012573775457255,0.3379133067337493,0.24110228601283568,-0.021625907097618566,0.4156722206813284
59,1790648552.4543247,0.6181498448988971,-0.03151094324448536,0.045974982766543694,0.6206576103884265,0.34837645296352293,0.24425903542401486,-0.02122342637176668,0.4260035952813939
60,1790648552.4799306,0.2972172277113971,0.02596952550551464,0.0890853343290437,0.31136585152509505,0.36152090909870366,0.2476837339109529,-0.020526049966908117,0.4387093781615215
61,1790648552.4999306,0.16309613396139705,0.09303007238051464,0.0747152171415437,0.20208242613544056,0.37093809353829227,0.25013591928624945,-0.019817355309520477,0.447834539675608
62,1790648552.509928,0.536719180836397,0.02117948644301464,0.1992562327665437,0.5729040897218294,0.37546407061342985,0.25126345937116834,-0.01931081456923127,0.4521940975909578
63,1790648552.529928,0.555879337086397,-0.041091021369485364,0.16093592026654369,0.5801643559103222,0.3847991462603795,0.2531509130795427,-0.01790918169947667,0.4609517399304053
64,1790648552.5542445,0.6421000402113971,0.04512968175551464,-0.03066564223345631,0.6444140993401852,0.39663132496102627,0.25510887576012226,-0.016223078867058423,0.471868768536189
65,1790648552.5742445,0.8863920323988972,-0.15605195886948536,-0.04503575942095631,0.9011499700903692,0.40719607528772733,0.25631132709450877,-0.015157856666758595,0.48138747464532844
66,1790648552.599982,1.0444633214613972,-0.4386642635569854,0.06992517807904369,1.13499757556109,0.42247944091994594,0.2564786342237914,-0.013944623420571288,0.4944336359266762
67,1790648552.619982,1.068413516773897,-0.5200949276194854,0.03639490464154369,1.1888358867583664,0.4357436234942236,0.2551510054371794,-0.012983786430340727,0.5051169366607577
68,1790648552.6300504,1.226484805836397,-0.4434543026194854,-0.049825798483456314,1.3051434050148638,0.4431524242619891,0.2538552961782944,-0.012582778574157667,0.5108668210440895
69,1790648552.6500504,1.2073246495863972,-0.3811837948069854,-0.07856603285845631,1.2685056233385357,0.459312499444328,0.2504306043165401,-0.012098285785380315,0.5232875196706759
70,1790648552.674898,1.2025346105238972,-0.045881060431985365,-0.1743668141084563,1.2159762937971108,0.4808687879469546,0.24601819867153346,-0.012058007984765353,0.5402824639535508
71,1790648552.694898,1.2312748448988973,0.12656034581801465,-0.31327794692095634,1.2767922058194858,0.4992677205941453,0.24312037044293566,-0.012761917461169385,0.5554625440917411
72,1790648552.7195039,1.0444633214613972,0.04033964269301464,-0.22226720473345632,1.0686129453412017,0.5227082657087462,0.2403979559440731,-0.014486356078870392,0.5755214702987
73,1790648552.7395039,0.7331107823988972,0.24631132238051465,-0.05940587660845631,0.7756608440407315,0.5415694165542521,0.23894704836887606,-0.016100259311820013,0.5921590523001559
74,1790648552.7646573,0.6900004308363972,0.6343044864430146,-0.22226720473345632,0.9632473651021187,0.5644170788987882,0.23905728451900746,-0.018356932527306188,0.6132307895124435
75,1790648552.7846572,1.0540433995863971,0.5480837833180147,-0.14083654067095633,1.1963437018415735,0.5824747887018903,0.24090536859462777,-0.020426765548009682,0.6306580125882637
76,1790648552.794545,0.8959721105238971,0.43312284581801463,-0.05940587660845631,0.9969405602049509,0.5915092210145181,0.24240962467002258,-0.021445061404218403,0.6396135359234465
77,1790648552.814545,0.5798295323988971,0.6247244083180147,-0.05940587660845631,0.8544073566899084,0.6092558841047914,0.24658267204166487,-0.023374042060090007,0.6576793233101866
78,1790648552.8396578,0.6852103917738972,0.8546462833180147,-0.24142736098345632,1.1217043822753257,0.6305795184923438,0.2538228996525978,-0.025999447914923347,0.6802444890052177
79,1790648552.8596578,0.5606693761488971,0.9504470645680146,-0.2893277516084563,1.14079372357493,0.6468832248098194,0.2614317596512494,-0.02857283036056327,0.6982985594496909
80,1790648552.884634,0.26368695427389705,0.8785964786305147,-0.12646642348345633,0.9259893835162916,0.6657336751066847,0.27293470118535024,-0.03208332824442743,0.7202249768186527
81,1790648552.904634,0.3355375402113971,0.9552371036305147,-0.14083654067095633,1.0222026688635144,0.6794629921245168,0.28351487857802804,-0.034873688192917536,0.7370663594074092
82,1790648552.9148715,0.45049847771139706,1.1851589786305148,-0.31327794692095634,1.3060221112507324,0.6860400374538055,0.2897616476586329,-0.03643642549156317,0.7456140815100442
83,1790648552.9348714,0.05771527458639705,1.2091091739430146,-0.23184728285845632,1.2324890303781983,0.6977239838677133,0.3037262270309757,-0.03984914303871459,0.7620080923793557
84,1790648552.960211,-0.13388628791360296,1.1085183536305148,-0.20310704848345632,1.1348968902815146,0.7101620642860395,0.32316974194509024,-0.044351032956346806,0.7814959077206739
85,1790648552.980211,0.05292523552389705,1.0079275333180147,-0.1935269703584563,1.0277021364344439,0.7183851561579458,0.33938878862400296,-0.04796623808862192,0.7959665460483366
86,1790648553.0049343,-0.014135311351102952,0.8833865176930147,-0.6294205250459564,1.0847772785313634,0.7270974210956141,0.35993776723912607,-0.053290829738979605,0.8130595110957433
87,1790648553.0249343,-0.368598201976103,1.0031374942555147,-0.5575699391084563,1.2054184766622156,0.7325139623567347,0.37689723489919363,-0.05873255650126668,0.8258799815441685
88,1790648553.0350037,-0.8715523035386029,0.5672439395680147,0.1848861155790437,1.0561969421059663,0.7338953987505213,0.3853409725064182,-0.06134278794936208,0.8311757088803662
89,1790648553.0550036,-1.661908748851103,0.3564822208180147,0.5345589671415437,1.7817894243200054,0.7324274714706523,0.40098201022863883,-0.06467044036204884,0.8375075159952385
90,1790648553.0793045,-0.6799507410386029,0.7923757755055146,0.2423665843290437,1.0718833616799164,0.7266432355301317,0.4192297120354427,-0.06669119751303605,0.8415531231127013
91,1790648553.0993044,-0.08598589728860295,1.2474294864430147,-0.049825798483456314,1.2513818395575842,0.7214478862065556,0.4350548593130812,-0.06781603634443144,0.845197490477404
92,1790648553.1248405,-0.550619686351103,1.4534011661305146,-0.025875603170956312,1.554421608041521,0.7145902288992949,0.45740227519500787,-0.06918178914685165,0.8512591594464496
93,1790648553.1448405,-0.359018123851103,0.7827956973805147,-0.025875603170956312,0.8615872932735679,0.7086604622538855,0.47563379199746036,-0.0701686311330784,0.8563590319759955
94,1790648553.1544418,0.7426908605238971,0.5480837833180147,-0.32285802504595634,0.9778664797294622,0.7065170571251925,0.4840316759812022,-0.07082244350232036,0.8593420936190974
95,1790648553.1744418,0.7283207433363972,0.4043826114430147,-0.11688634535845631,0.8412127075495297,0.7049284982981124,0.5003295148202296,-0.07263968771585567,0.867485063470568
96,1790648553.2144487,-0.062035701976102954,0.6582546817555147,0.1896761546415437,0.6878406050912701,0.7042266802190601,0.5312290898667297,-0.07551112991271108,0.885348233066338
97,1790648553.2344487,0.05292523552389705,0.6630447208180147,0.2279964671415437,0.7031442038365416,0.7039147933974242,0.5463410868983838,-0.07610477360347291,0.8943022733742109
98,1790648553.2451985,0.8672318761488972,0.3948025333180147,-0.1599966969209563,0.9662086267202723,0.7045141664318484,0.554098144346593,-0.07632116632271164,0.8995498233563046
99,1790648553.2651985,1.1881644933363973,0.23673124425551464,-0.3899185719209563,1.2727187583912558,0.7085451190157082,0.5673126159276572,-0.07748824638154186,0.9109798121796949
100,1790648553.2746634,0.9199223058363971,0.25110136144301465,-0.4378189625459563,1.0492827962273596,0.7116630928811352,0.5729745950829234,-0.07854530722758611,0.9170243233780984
101,1790648553.2946634,0.8768119542738971,0.15530058019301465,-0.40428868910845633,0.9779400889149251,0.7199583630485397,0.5837536391104268,-0.08170704719289838,0.9304753609092408
102,1790648553.3197758,0.9103422277113972,0.07865995519301465,-0.40428868910845633,0.9991795155258891,0.7321776977374791,0.595698519635337,-0.08660439979832561,0.9478613977920588
103,1790648553.3397758,1.0061430089613972,0.21757108800551464,-0.2701675953584563,1.0642609935535399,0.7433243749558522,0.6042290244843805,-0.09093137555919588,0.9622330047831149
104,1790648553.3649297,0.9678226964613972,0.27026151769301465,-0.03066564223345631,1.0053170849762436,0.7589645933641209,0.614268797588338,-0.0961246229823653,0.98111841936358
105,1790648553.3849297,0.9726127355238972,0.23673124425551464,0.11782556870404369,1.0079186871719732,0.7724455219007589,0.6218145617385288,-0.09950368521670755,0.9966074537481244
106,1790648553.4098365,1.2121146886488972,0.28463163488051463,0.1082454905790437,1.2497816898338145,0.7907967711016342,0.6307759925837857,-0.10265826412175641,1.016748053943219
107,1790648553.4298365,1.3653959386488972,0.29421171300551463,0.1800960765165437,1.4082972690895894,0.8071885290324775,0.6377608084130407,-0.10437888432220295,1.0340150490402051
108,1790648553.4400187,1.3558158605238972,0.20799100988051464,0.2711068187040437,1.3982116488525975,0.8163600046931833,0.6411669402708648,-0.10477890211255407,1.0433203347423403
109,1790648553.4600186,1.542627383961397,0.12177030675551465,0.1657259593290437,1.5562751514274227,0.8360202522538186,0.6473484190717622,-0.1047915185224484,1.062530517306439
110,1790648553.4842148,1.5282572667738972,0.15051054113051465,0.0747152171415437,1.5374674175770786,0.8618103859474403,0.6541991751647175,-0.1043681611765494,1.087008010633062
111,1790648553.5042148,1.1594242589613972,0.17446073644301466,0.050765021829043695,1.173574986215081,0.8839618074495351,0.6594999077998299,-0.10388249414610387,1.1077545657804568
112,1790648553.530266,0.9917728917738972,0.24152128331801465,-0.025875603170956312,1.0210854743813564,0.912690539533964,0.6661815409200569,-0.10329614294595486,1.1346682156317462
113,1790648553.550266,1.1690043370863972,0.31337186925551463,-0.10730626723345632,1.215025803658128,0.9346788780729733,0.6713740357533933,-0.10311328715302125,1.1554220228933894
114,1790648553.55983,1.106733829273897,0.3852224551930147,-0.05940587660845631,1.1733648908245964,0.9452487883196046,0.6739857117910082,-0.10315854394383855,1.1655014786377258
115,1790648553.57983,0.7858012120863972,0.5001833926930147,0.007654670266543691,0.9315178823936956,0.9668757261637465,0.6799561037275663,-0.10331661514961354,1.1865341528194704
116,1790648553.6045427,0.8049613683363972,0.5145535098805146,-0.07856603285845631,0.9585931047965438,0.9925388067118077,0.6881075511189282,-0.10361406793284274,1.212172083414471
117,1790648553.6245427,0.9534525792738971,0.5768240176930147,-0.1647867359834563,1.1264778900039005,1.0128301080659599,0.695352012340151,-0.1041837150852402,1.2329612708270135
118,1790648553.6648593,0.9534525792738971,0.7205251895680147,-0.12167638442095631,1.2012632984703342,1.0533643596970463,0.7116879318764993,-0.1060259716554086,1.2756636285965397
119,1790648553.6848593,0.8959721105238971,0.7013650333180147,0.0028646312040436907,1.137843196099428,1.073230261072971,0.7207090070708974,-0.10698099931307473,1.2971852606200474
120,1790648553.6801126,0.8959721105238971,0.6726247989430146,0.01723474839154369,1.120485242893407,1.073230261072971,0.7207090070708974,-0.10698099931307473,1.2971852606200474
121,1790648553.7001126,1.1115238683363973,0.7827956973805147,0.11782556870404369,1.3646015089979149,1.0928793426165695,0.7311616979267903,-0.10744278982875562,1.319290202767912
122,1790648553.724716,0.8863920323988972,0.7061550723805147,-0.07377599379595631,1.1356886539054436,1.1171119479135985,0.7448389824791404,-0.10784437576272442,1.3469798155041253
123,1790648553.744716,0.7858012120863972,0.5528738223805146,-0.09772618910845632,0.9657657150819517,1.136364037147587,0.7561780035845876,-0.10837910928487823,1.3692605410793515
124,1790648553.7700124,0.8241215245863972,0.5049734317555147,-0.1743668141084563,0.9821294415339977,1.1601163606093887,0.7703755702020286,-0.10947022538914462,1.3969009340552478
125,1790648553.7900124,0.6756303136488971,0.44270292394301464,-0.1599966969209563,0.823444680968077,1.178328270224583,0.7813382800913504,-0.11070503339538826,1.4181687575058342
126,1790648553.8000379,0.5846195714613971,0.45707304113051467,-0.09293615004595632,0.7478856438315749,1.1870356750968691,0.7866858705485407,-0.11142134898167119,1.428405779140609
127,1790648553.8200378,0.6516801183363972,0.4858132755055147,0.026814826516543693,0.8132776587448164,1.2036550446311367,0.7971679698311198,-0.112735168729222,1.4480923509428048
128,1790648553.8444223,0.7235307042738972,0.5385037051930147,0.03639490464154369,0.9026668874050682,1.2233934352404245,0.8099043206370166,-0.1139811352287281,1.4716073542775951
129,1790648553.8644223,0.6612601964613971,0.5528738223805146,-0.049825798483456314,0.8633754230300514,1.239231506225738,0.8204207050037002,-0.11486992398751573,1.4906307251154383
130,1790648553.8901253,0.7666410558363972,0.45228300206801464,-0.07856603285845631,0.8935720698257739,1.2592852396490322,0.833846219189515,-0.11608831968697159,1.5147855722914427
131,1790648553.9101253,0.8384916417738971,0.45707304113051467,-0.10730626723345632,0.9609883626977803,1.2749565150466209,0.8440899133873643,-0.11717297717828591,1.5335355893238787
132,1790648553.9196997,0.7953812902113971,0.5337136661305146,-0.1599966969209563,0.9711233790092985,1.2825066131052678,0.8489696703530764,-0.11780628354051471,1.542546930981286
133,1790648553.9396996,0.7426908605238971,0.5241335880055147,-0.11688634535845631,0.9164977632883332,1.298219401607497,0.8592207606259897,-0.11934608369959797,1.5613703653826865
134,1790648553.9643242,0.7235307042738972,0.5049734317555147,-0.07377599379595631,0.8854025886943205,1.3173714385484563,0.8718495972804216,-0.12130967884358441,1.5843942898036447
135,1790648553.9843242,0.7714310948988972,0.5145535098805146,-0.08814611098345632,0.9314724824646061,1.3328357995138036,0.8820974091554789,-0.12290816163464867,1.6030138876194482
136,1790648554.0096264,0.8241215245863972,0.5049734317555147,-0.09772618910845632,0.9714550232013889,1.3524931177995603,0.895052043661816,-0.1249798023950197,1.626645550070779
137,1790648554.0296264,0.8001713292738971,0.5145535098805146,-0.07377599379595631,0.9541919974422828,1.3681368832040004,0.9052852723064616,-0.126628946197193,1.645410236218662
138,1790648554.0396998,0.7810111730238971,0.4858132755055147,-0.006715446920956309,0.9198032878137091,1.3760289002220594,0.9104221152487463,-0.12739579095669315,1.6548575919799906
139,1790648554.0596998,0.8816019933363972,0.5145535098805146,0.03160486557904369,1.0212669860096992,1.3918414438657356,0.9205916381265321,-0.12865258975042254,1.6736974212503997
140,1790648554.0848289,0.9055521886488972,0.49060331456801465,0.0028646312040436907,1.0299148434428282,1.4120972490103152,0.9333469554045578,-0.1299298704064462,1.6976563112271263
141,1790648554.1048288,0.8911820714613972,0.45707304113051467,-0.025875603170956312,1.001893605260551,1.428495530021756,0.9433975225906107,-0.13082847539346285,1.7168909269071282
142,1790648554.1304967,0.9055521886488972,0.43312284581801463,-0.04024572035845631,1.004609319060636,1.4498430826402204,0.9560752658633079,-0.13193604161815164,1.7417037628004248
143,1790648554.1504967,0.9582426183363971,0.4235427676930147,-0.04503575942095631,1.048639886370853,1.4667773642122135,0.9657567965234669,-0.13279751042604493,1.7611806281503193
144,1790648554.1746058,1.0061430089613972,0.48102323644301465,-0.10730626723345632,1.120366789702187,1.4876808575029241,0.9773124905619196,-0.133955667261554,1.7850148903525893
145,1790648554.1946058,0.9486625402113972,0.5097634708180147,-0.1695767750459563,1.0902181864268072,1.5053526707523164,0.9869468956628245,-0.13518763854133806,1.8051112253304509
146,1790648554.2044697,0.8911820714613972,0.5001833926930147,-0.20789708754595632,1.0428854730171537,1.514122042126732,0.9917329224055873,-0.13598334937561063,1.8151008840129415
147,1790648554.2244697,0.8624418370863972,0.5001833926930147,-0.1599966969209563,1.0097466472875614,1.5318661601964125,1.0014820098609811,-0.1379065674914998,1.8353741771604444
148,1790648554.2485843,0.9295023839613972,0.45707304113051467,-0.09772618910845632,1.0404041785555649,1.5532925098435775,1.013204864985327,-0.14034373609214817,1.8598381875384744
149,1790648554.2685843,0.9869828527113972,0.4043826114430147,-0.025875603170956312,1.0669254870061267,1.5712720869653254,1.0227612637075507,-0.14224726005879673,1.88020500393209
150,1790648554.2947388,0.9774027745863971,0.4139626895680147,0.050765021829043695,1.0626656951105908,1.5951109279569553,1.0349891085173468,-0.14431433373421074,1.9069367986795946
151,1790648554.3147388,0.9438725011488972,0.48102323644301465,0.026814826516543693,1.059715852171845,1.6134876718788547,1.044279473466617,-0.14554152616004964,1.9274450502791922
152,1790648554.3258605,0.9821928136488972,0.48102323644301465,-0.07377599379595631,1.0961427710121663,1.6237804872661443,1.0494732680704062,-0.14616076089649657,1.9389224273411505
153,1790648554.3458605,1.0061430089613972,0.43791288488051466,-0.13604650160845633,1.105712485154332,1.6424959165736923,1.0587905676968343,-0.14742201629829785,1.9597355824433291
154,1790648554.370641,0.9342924230238971,0.46186308019301464,-0.07856603285845631,1.0451758024774396,1.665812870621797,1.0702755620167754,-0.1491492017628038,1.9856152152333133
155,1790648554.390641,0.8959721105238971,0.4858132755055147,-0.054615837545956315,1.0206681396050776,1.684554215294946,1.0795760374361556,-0.15053386212618414,2.006456520466105
156,1790648554.4142482,0.9247123448988972,0.5193435489430147,-0.09772618910845632,1.0650638716409473,1.706581181853157,1.0906869649190132,-0.15219283295025435,2.031053924469016
157,1790648554.4342482,1.0300932042738973,0.5480837833180147,-0.1791568531709563,1.1805020207799617,1.7253753793737252,1.1002892716099066,-0.15380281012887778,2.052123774379222
158,1790648554.4440773,1.0013529698988972,0.5289236270680147,-0.1599966969209563,1.1437075310680358,1.7347239074844603,1.1050944356304595,-0.15472537024229174,2.0626295564294073
159,1790648554.4640772,0.8959721105238971,0.5049734317555147,-0.054615837545956315,1.029925763988082,1.753738791501524,1.1149561294625352,-0.15664291761252047,2.084049884979116
160,1790648554.4894142,0.8816019933363972,0.5049734317555147,-0.02108556410845631,1.016201182073423,1.7775923275460082,1.127494600680718,-0.15885162954381882,2.1109979625104645
161,1790648554.5094142,1.0492533605238972,0.5672439395680147,-0.09293615004595632,1.1963843151482292,1.7964932663380242,1.1375156800205057,-0.16050460912199271,2.1323910776027413
162,1790648554.534144,1.0540433995863971,0.6007742130055147,-0.1647867359834563,1.2243740488838066,1.82025947341201,1.1502143373340241,-0.16271992085943165,2.1593553077248346
163,1790648554.554144,0.9438725011488972,0.6343044864430146,-0.10730626723345632,1.1422574643811216,1.839593973493972,1.1607964051636968,-0.1646509340865688,2.181436272654299
164,1790648554.5647328,0.9486625402113972,0.5768240176930147,-0.05940587660845631,1.1118523376615579,1.8497980277732085,1.1665204696103941,-0.16565234130545178,2.19316288673543
165,1790648554.5847328,1.0061430089613972,0.5097634708180147,-0.10730626723345632,1.1330036123728384,1.8691123894863486,1.1773400806658434,-0.16751012412002494,2.2153488284593754
166,1790648554.6093073,0.9917728917738972,0.44270292394301464,-0.1552066578584563,1.097127364697848,1.8929669934488398,1.1903957576249662,-0.16993426061747088,2.2425975454793186
167,1790648554.6293073,0.8528617589613972,0.43791288488051466,-0.06419591567095631,0.9608652300046743,1.9122359094680175,1.200748242561216,-0.17194031590772982,2.2645100988309315
168,1790648554.6547792,0.9055521886488972,0.45228300206801464,-0.025875603170956312,1.0125483826296522,1.936454890481177,1.2136560319310137,-0.17428405899013433,2.2919846072626835
169,1790648554.6747792,1.020513126148897,0.43791288488051466,-0.049825798483456314,1.1116192448770774,1.9555077531670575,1.2236059935278807,-0.17596182700853866,2.313478931103114
170,1790648554.6845994,0.9821928136488972,0.44270292394301464,-0.11688634535845631,1.0836747758356693,1.9649346798463938,1.2284072964618475,-0.17678484632987596,2.324049410824915
171,1790648554.7045994,0.9055521886488972,0.42833280675551466,-0.12167638442095631,1.009107973526927,1.9840854355780309,1.2380254801510837,-0.17856743525726282,2.3454612412296525
172,1790648554.7297306,0.9199223058363971,0.49060331456801465,-0.04024572035845631,1.0433448035274089,2.007980669337537,1.2500305008913566,-0.18077657703329664,2.3721810201575666
173,1790648554.7497306,0.9869828527113972,0.6247244083180147,0.026814826516543693,1.1683898205717702,2.0270049231244274,1.2598242710329908,-0.18229109434159052,2.3935614041279005
174,1790648554.774914,0.8624418370863972,0.7396853458180147,-0.0019254078584563096,1.1361971837539016,2.0508596440510463,1.2728835554478497,-0.18386506787219864,2.420756945360354
175,1790648554.794914,0.7858012120863972,0.7109451114430146,-0.10251622817095632,1.0646295475138623,2.0694350438587157,1.2838751187634188,-0.18508423495355497,2.442366249226076
176,1790648554.8346405,0.7810111730238971,0.5720339786305146,-0.1887369312959563,0.9863178769195226,2.1054656316927964,1.3062556486772763,-0.1880104344959435,2.4848817415362427
177,1790648554.8546405,0.7379008214613971,0.5001833926930147,-0.2605875172334563,0.9287555667543512,2.1231624077586186,1.3174411744757657,-0.18993661616642926,2.505902188052082
178,1790648554.8496797,0.6468900792738972,0.5576638614430147,-0.31327794692095634,0.9097245896696057,2.1231624077586186,1.3174411744757657,-0.18993661616642926,2.505902188052082
179,1790648554.8696797,0.34990765739889707,0.7732156192555146,-0.29411779067095634,0.8982221536770496,2.139209130359876,1.328867788145134,-0.19297105292987043,2.52573615586697
180,1790648554.8941555,0.6852103917738972,0.6774148380055147,-0.1695767750459563,0.9783457601379802,2.157801452617428,1.3434169169379828,-0.1969787415749421,2.5494463607351077
181,1790648554.9141555,1.140264102711397,0.5097634708180147,-0.06898595473345631,1.2509276885828144,2.1734531930812615,1.3553029631482003,-0.20012017589739747,2.569200846417934
182,1790648554.939633,1.0492533605238972,0.6534646426930146,0.06513513901654369,1.237817127105335,2.194584498156638,1.3703957690969726,-0.20352905065129628,2.5953053303931934
183,1790648554.9596329,0.9726127355238972,1.1659988223805147,-0.01629552504595631,1.5184842215948604,2.211717308996841,1.3831957445090188,-0.20573038738353677,2.6167248450758187
184,1790648554.969208,0.9390824620863971,1.2330593692555145,-0.049825798483456314,1.5507397876180165,2.220062247009726,1.3901274561995083,-0.20667369074453454,2.6275168390561374
185,1790648554.989208,1.068413516773897,1.1037283145680148,0.1130355296415437,1.5402923963214457,2.2378893529907735,1.405939412894883,-0.2082536466343642,2.6510722303055387
186,1790648555.014635,1.1163139073988972,1.5827322208180146,0.1848861155790437,1.9456055351487942,2.261320613644399,1.4281498180729626,-0.20939288423635125,2.6827277537095964
187,1790648555.034635,0.9151322667738971,1.2426394473805145,0.3573275218290437,1.5840779083534267,2.2800333888802924,1.4472372441619985,-0.2093412329508809,2.7086660272377547
188,1790648555.0592017,0.8337016027113971,0.9408669864430147,0.3046370921415437,1.2934808875473838,2.302793315582605,1.4711892213589712,-0.20806763569569636,2.74053770642893
189,1790648555.0792017,1.3318656652113972,0.8354861270680147,0.3094271312040437,1.6023883325265673,2.321791404551679,1.4904283818855963,-0.20626521810744486,2.7667015429896096
190,1790648555.0894732,1.461196719898897,0.8354861270680147,0.49144861557904373,1.753469322378058,2.3322365350502046,1.5001143297640867,-0.20486142086614775,2.7805823957483864
191,1790648555.1094732,1.6527982823988971,0.7061550723805147,0.6543099437040437,1.9127254510199478,2.354194793524036,1.518457570430641,-0.20081942235539638,2.8086072989026
192,1790648555.1342418,1.8875101964613972,0.5576638614430147,0.6686800608915437,2.0786574388145813,2.3838861421715407,1.540114604443545,-0.19410690260605792,2.8447396406871976
193,1790648555.1542418,1.8252396886488973,0.6343044864430146,0.6064095530790438,2.025234467563296,2.4098339924411807,1.5567669142457388,-0.18758711543792467,2.8750673074370834
194,1790648555.1795247,1.6767484777113972,0.7109451114430146,0.4579183421415437,1.87792907668577,2.444356063791862,1.5772110786835598,-0.17856326302614517,2.9145078816535643
195,1790648555.1995246,1.9114603917738973,0.7396853458180147,0.2471566233915437,2.0644373656337085,2.472950724436851,1.5931335077279618,-0.1714380885852341,2.9466846925241432
196,1790648555.209535,2.0647416417738973,0.7684255801930147,0.06513513901654369,2.2040595513517425,2.488101120183683,1.6010397193414543,-0.16817232621591527,2.9634873541949074
197,1790648555.2295349,1.8443998448988972,0.7396853458180147,0.0938753733915437,1.9894114165778765,2.519694121895596,1.6167286781545809,-0.16238770052386736,2.9981727521882573
198,1790648555.2546592,2.007261173023897,0.6199343692555147,0.03160486557904369,2.1010509052476034,2.5606864065113757,1.6360430645376274,-0.15597452294453273,3.042709291621792
199,1790648555.2746592,2.309033633961397,0.5528738223805146,-0.11688634535845631,2.3771765193123278,2.5948976493986846,1.6508710613733597,-0.1517630658275894,3.0792695725259605
200,1790648555.299993,2.2946635167738973,0.6390945255055147,-0.19831700942095631,2.3902410137829073,2.6404798000280967,1.6691010207526,-0.1478275272444401,3.127280730865874
201,1790648555.319993,2.0647416417738973,0.6917849551930146,-0.2893277516084563,2.196687283014443,2.6776062327852124,1.683330323977825,-0.14591809981548826,3.166144060103278
202,1790648555.329335,2.026421329273897,1.0701980411305148,-0.38033849379595636,2.3230076669780395,2.6952131289447485,1.690214361134062,-0.14562919261402726,3.184683070379434
203,1790648555.349335,2.069531680836397,1.0797781192555147,-0.3755484547334563,2.3643009128833805,2.733397128081121,1.7059665200571568,-0.1462372842867189,3.2253940799030434
204,1790648555.375009,1.9689408605238972,0.6822048770680147,-0.1743668141084563,2.0910608294352184,2.782837929958309,1.7265472961771655,-0.1479596974770498,3.278268534215711
205,1790648555.395009,1.8156596105238971,0.36127225988051465,0.026814826516543693,1.8514471372329473,2.8212518122067105,1.7417399713896744,-0.1493215127799949,3.3189481511459404
206,1790648555.420088,1.6432182042738972,0.45228300206801464,-0.04503575942095631,1.7049205847908018,2.8687014880533686,1.7594634585060465,-0.15080728813275238,3.36866482861261
207,1790648555.440088,1.4707767980238973,0.41875272863051466,-0.03066564223345631,1.5295354258579692,2.9055365710347774,1.7727840006668596,-0.15192798335061777,3.40704974879527
208,1790648555.4492292,1.5569975011488972,0.29421171300551463,-0.01629552504595631,1.5846347512250492,2.921922875121794,1.7784478550206324,-0.15239557143018112,3.4239939356516143
209,1790648555.4692292,1.739018985523897,0.06428983800551465,-0.05940587660845631,1.7412206274504558,2.957340651140751,1.7895187273416635,-0.1533787011504583,3.460023992454782
210,1790648555.4948854,1.5761576573988971,-0.09857149011948536,-0.1791568531709563,1.5893666907544257,3.0023389771221765,1.8015243363502882,-0.15490974288713433,3.5047861983936683
211,1790648555.5148854,1.3174955480238972,-0.06983125574448537,-0.3372281422334563,1.361761265147408,3.036495642153291,1.8092267286595782,-0.15669879805483858,3.5381014193807383
212,1790648555.5389893,1.5282572667738972,-0.14647188074448536,-0.4761392750459563,1.6073994197265775,3.0766307983230488,1.816726150746148,-0.16000193286025552,3.576555828519087
213,1790648555.5589893,1.7773392980238971,-0.21353242761948538,-0.5144595875459563,1.862578788981316,3.109895710305149,1.8214753370060415,-0.16381746456377622,3.6077776946469062
214,1790648555.5847862,1.8156596105238971,-0.4482443416819854,-0.47134923598345635,1.9286557270285163,3.1533179395415165,1.825401813332192,-0.1699080049429433,3.6475162149186535
215,1790648555.6047862,1.7869193761488973,-0.6733761776194854,-0.5623599781709563,1.9906695050887355,3.1873367710146088,1.8263069066543218,-0.17547219399255654,3.6776763180056604
216,1790648555.6149123,1.9018803136488973,-0.9511984432444854,-0.7970718922334563,2.270958125387737,3.2047786142935206,1.8254626257707254,-0.17889923193360807,3.6925498913224293
217,1790648555.6349123,1.9114603917738973,-1.0134689510569854,-0.9311929859834563,2.3554024117381203,3.239780440755089,1.8210982267487663,-0.18724502734876142,3.7212412923691978
218,1790648555.659528,1.7438090245863973,-0.8218673885569854,-0.8832925953584564,2.1205050642753767,3.283146630202699,1.8131439535360916,-0.19932602768165517,3.7558319527059747
219,1790648555.679528,1.820449649586397,-1.0853195369944855,-0.7443814625459564,2.2463435146573683,3.3184422967950185,1.8047898459812932,-0.21011084053746854,3.7833149790397758
220,1790648555.7042816,2.0455814855238974,-1.3391916073069856,-0.7539615406709563,2.55857299677194,3.3627516731594644,1.7914999449151907,-0.22423846340497472,3.8167857886496765
221,1790648555.7242815,1.9833109777113973,-1.4637326229319856,-0.8880826344209564,2.6200622876767556,3.3992253102003156,1.7781684711101686,-0.23640394011418894,3.8435013521603216
222,1790648555.735005,1.5857377355238973,-1.4158322323069856,-1.0222037281709564,2.3588229136140004,3.4187183243330455,1.7697768522441029,-0.24348462045113647,3.8573345522868285
223,1790648555.755005,1.5569975011488972,-1.6601242244944856,-1.0078336109834563,2.4891730045871223,3.454335158223995,1.7518594904458966,-0.2577548432678048,3.88173680442605
224,1790648555.7794156,1.8396098058363972,-1.9427365291819856,-0.8976627125459563,2.822089262415854,3.497504607687107,1.7266748687174949,-0.276048173729328,3.9102617786118135
225,1790648555.7994156,1.9833109777113973,-2.2157687557444854,-0.8353922047334563,3.0888563820568655,3.533302816066261,1.7028981797595968,-0.29138749510667583,3.933064666764947
226,1790648555.825029,1.5378373448988971,-2.139128130744486,-0.6437906422334564,2.7120618079489733,3.5790356702083606,1.668649921050774,-0.3109268758589717,3.961131708208903
227,1790648555.8450289,1.0492533605238972,-1.9331564510569856,-0.5336197437959563,2.2633551444266966,3.6132699679494125,1.6398103539964373,-0.3256616057801435,3.981300458372662
228,1790648555.8545947,0.8911820714613972,-1.3535617244944855,-0.46176915785845635,1.6851010597765406,3.62857999982724,1.6257276666079687,-0.3323661123956766,3.989993796209445
229,1790648555.8745947,0.6181498448988971,-1.2817111385569855,-0.3563882984834563,1.4669373854209007,3.658052328476912,1.596747612209028,-0.3455083094171339,4.006285781973982
230,1790648555.8998427,0.575039493336397,-1.2721310604319855,-0.1647867359834563,1.4057533646299658,3.6919368375308417,1.560814797251422,-0.3605973532969182,4.024496352941691
231,1790648555.9198427,0.8432816808363972,-1.2098605526194854,-0.01150548598345631,1.4747945369530975,3.716879389667974,1.5328975783807222,-0.37102152626091395,4.037650846233863
232,1790648555.9444504,0.9917728917738972,-1.1907003963694853,-0.03066564223345631,1.5499423487296546,3.746351700844869,1.4992705978888912,-0.3820012323199444,4.053256509722931
233,1790648555.9644504,0.5654594152113971,-1.0757394588694855,0.0795052562040437,1.217900168069657,3.7690482333455577,1.4726400384230849,-0.38951320607254025,4.065232318792731
234,1790648555.974524,0.005024844898897049,-0.8553976619944854,0.16093592026654369,0.8704198869763542,3.779196338208018,1.4597796477680143,-0.39254765593778435,4.070304072786804
235,1790648555.994524,-0.10035601447610296,-1.3535617244944855,0.7980111155790437,1.5744911597864635,3.7961789530597407,1.4347634351532126,-0.396230075584412,4.0775628788902845
236,1790648556.0201452,0.40259808708639705,-0.7739669979319854,1.0039827952665437,1.3300720231644219,3.815252124293912,1.4034350219569796,-0.396777175847461,4.084508631409424
237,1790648556.0401452,0.6564701573988971,-0.007560747931985361,0.7692708812040437,1.0113297786246926,3.8294960226510724,1.3814759213078163,-0.39448030601888223,4.090125941886193
238,1790648556.0643263,0.12477582146139705,-0.18958223230698537,0.9273421702665438,0.9547114376514664,3.845551316986706,1.3585510422398739,-0.38904286417574746,4.096984283117926
239,1790648556.0843263,0.10561566521139705,-0.18479219324448537,0.6686800608915437,0.7017377339548386,3.8571842081232885,1.3418726738579814,-0.38282616508333606,4.1018347310581476
240,1790648556.0948405,0.18225629021139705,-0.3811837948069854,0.4291781077665437,0.602255999497843,3.8626094475666455,1.3339735260299774,-0.37918245559573643,4.104024420883917
241,1790648556.1148405,-0.038085506663602955,-0.4578244198069854,0.2232064280790437,0.5107590574089034,3.8715975037750407,1.3199432750557742,-0.3723125468008292,4.107326881696586
242,1790648556.1399348,-0.12430620978860296,-0.4721945369944854,0.0938753733915437,0.49722459742941755,3.88087770070349,1.3032295457948595,-0.36438896715267016,4.110036288919219
243,1790648556.1599348,0.19183636833639706,-0.4913546932444854,0.012444709329043692,0.5276224953318087,3.8872658172142556,1.290461593959928,-0.3588616991650367,4.111557901610486
244,1790648556.1992714,0.31158734489889706,-0.5009347713694854,-0.01629552504595631,0.590159184292396,3.8994307641719894,1.2661884942626211,-0.349632515090592,4.114734071988439
245,1790648556.2192714,0.19183636833639706,-0.40513399011948537,0.01723474839154369,0.44858865201736087,3.9054431778229617,1.2543393793549678,-0.34564256492120876,4.116469661796359
246,1790648556.2299058,0.11998578239889705,-0.3428634823069854,0.022024787454043692,0.3639190112373133,3.908409272244386,1.2483874242694606,-0.34380794087485816,4.117321714494587
247,1790648556.2499058,-0.00934527228860295,-0.31412324793198537,0.03160486557904369,0.31584745769715655,3.9133167745771384,1.237887263725322,-0.34079470161418085,4.1185621379953075
248,1790648556.2597718,-0.18657671760110295,-0.3428634823069854,0.1130355296415437,0.4063782351600766,3.915229544177897,1.2329983527641306,-0.33942420756870273,4.118800324634124
249,1790648556.2797718,0.00981488396139705,-0.3380734432444854,0.16093592026654369,0.37455354144153713,3.91826027181683,1.2235529250745498,-0.3366517690918876,4.118638091868389
250,1790648556.3043478,0.32116742302389706,-0.23269258386948538,0.2184163890165437,0.45276933552383436,3.922035867949402,1.2126353421942981,-0.3330567951154897,4.11871055688463
251,1790648556.3243477,0.3451176183363971,-0.041091021369485364,0.2375765452665437,0.42099555506461184,3.925646997316396,1.204672619681812,-0.329886045833801,4.119558868542375
252,1790648556.350293,0.17267621208639705,-0.06983125574448537,0.2615267405790437,0.3210758703753001,3.930636456006698,1.1956765102039677,-0.32541855143015075,4.12133989134084
253,1790648556.370293,0.24931683708639707,-0.07462129480698536,0.1992562327665437,0.32776557047644755,3.9345386724486304,1.1895653388010643,-0.3218001551906915,4.1230105020666
254,1790648556.3798652,0.531929141773897,-0.22311250574448538,0.1082454905790437,0.5868942735438774,3.936687051165892,1.1868654322374603,-0.3201073512138621,4.124151210777628
255,1790648556.3998652,0.9151322667738971,-0.38597383386948536,0.055555060891543696,0.9947508386089974,3.9426730802610748,1.1811568720270684,-0.31685529501460186,4.127977695207535
256,1790648556.4249513,0.8720219152113972,-0.3620236385569854,-0.006715446920956309,0.9442078334298758,3.952417626322104,1.1736632872363861,-0.313296183104297,4.134881510154299
257,1790648556.4449513,0.5271391027113971,-0.2614328182444854,-0.05940587660845631,0.5913981824779733,3.96111989127771,1.1676499728232097,-0.3109834839426116,4.141326838030906
258,1790648556.4694808,0.6756303136488971,-0.3237033260569854,-0.1695767750459563,0.7681252805738455,3.972404773969318,1.1603045945889454,-0.3089937498216627,4.149913683187554
259,1790648556.4894807,1.2025346105238972,-0.5919455135569854,-0.2605875172334563,1.365428443627128,3.9830429346426364,1.1538404551033536,-0.30826002310284056,4.1582451896062
260,1790648556.5002594,1.1737943761488971,-0.5344650448069854,-0.1935269703584563,1.3041851133391433,3.9898372334178056,1.1499686831836544,-0.3082910136124522,4.163684962931801
261,1790648556.5202594,1.1258939855238972,-0.43387422449448537,0.055555060891543696,1.2078785013858968,4.004002650325604,1.1424096627943103,-0.3085468491444393,4.175205170955941
262,1790648556.5449758,1.4659867589613973,-0.4482443416819854,0.11782556870404369,1.5375054575319367,4.023687313191345,1.1328341040917251,-0.3084941902417524,4.19148438708093
263,1790648556.5649757,1.5090971105238973,-0.6446359432444854,0.1513558421415437,1.6479800299957095,4.0416890932532255,1.1246086928971357,-0.30805419959049696,4.206529784578641
264,1790648556.590337,1.2839652745863972,-0.6063156307444854,0.1753060374540437,1.4307053076006406,4.066405101413907,1.1133634501561884,-0.3069586101812509,4.227227484925923
265,1790648556.610337,1.2839652745863972,-0.5009347713694854,0.1753060374540437,1.389328858938214,4.086824430803755,1.1041647548131006,-0.30569830582562646,4.244380424534372
266,1790648556.6195533,1.6288480870863973,-0.6637960994944854,0.0842952952665437,1.7609307338203801,4.09683595318235,1.099756596806829,-0.30502521036611663,4.252830795889553
267,1790648556.6395533,1.6288480870863973,-0.8266574276194854,0.06034509995404369,1.827607760032755,4.120189291761945,1.089389830818773,-0.3035666886996964,4.272573315688012
268,1790648556.6642065,1.3989262120863972,-0.8170773494944854,0.055555060891543696,1.6210170593519342,4.150256352412043,1.0754886802627748,-0.30182420714322755,4.297953180774253
269,1790648556.6842065,1.3366557042738971,-0.6685861385569853,0.04118494370404369,1.4951093926620866,4.175092917046928,1.0636744388874397,-0.3004775428065821,4.3189224271395545
270,1790648556.7099614,1.4659867589613973,-0.8266574276194854,0.0028646312040436907,1.6829996691029212,4.207692300024812,1.047854499634055,-0.2989184165141214,4.346495802807445
271,1790648556.7299614,1.5905277745863973,-0.9703585994944854,-0.06419591567095631,1.8642680947043235,4.233794851134254,1.0347167550416003,-0.2979812852154139,4.368575334247239
272,1790648556.7400374,1.3749760167738971,-0.9320382869944854,0.026814826516543693,1.6613167819678882,4.247213849719257,1.0276530997417321,-0.29760822428296707,4.379893495716161
273,1790648556.7600374,1.3366557042738971,-0.8314474666819854,0.2375765452665437,1.5919786356859897,4.273921400326506,1.0130902994487725,-0.2965822210834101,4.402353586988312
274,1790648556.784721,1.4132963292738971,-0.8362375057444854,0.2471566233915437,1.6606583263390273,4.307029799832892,0.9947258930163762,-0.29460852630478224,4.4302121261467
275,1790648556.8047209,1.7629691808363972,-0.7787570369944854,0.3190072093290437,1.953532301972837,4.334596584367122,0.979655483988825,-0.29239995985329015,4.453532323115968
276,1790648556.829952,1.6240580480238973,-0.49614473230698536,0.04118494370404369,1.6986525066460965,4.370566489642617,0.961082586234236,-0.28935005765837113,4.48433435794172
277,1790648556.849952,1.4085062902113972,-0.4817746151194854,-0.1935269703584563,1.501149372179439,4.399350789236226,0.9471018398839535,-0.28752363666207564,4.509319139682216
278,1790648556.860041,1.8635600011488973,-0.7883371151194855,-0.2510074391084563,2.0389546388884616,4.414168779080428,0.9401461277477731,-0.28707687014501576,4.522297411836133
279,1790648556.880041,1.6240580480238973,-0.5679953182444853,-0.1599966969209563,1.7279415985282784,4.444368738164357,0.9263911508882153,-0.28694056742283575,4.548950311275072
280,1790648556.9051518,1.384556094898897,-0.7212765682444854,-0.1791568531709563,1.571411036571382,4.482264831609921,0.9092834941431779,-0.2874338382078145,4.582587992036292
281,1790648556.9251518,1.3366557042738971,-1.0038888729319855,-0.24142736098345632,1.689002223680015,4.512002095228042,0.8951139575806487,-0.2883986555745991,4.608965793856055
282,1790648556.9497874,1.3941361730238973,-1.1715402401194854,-0.2701675953584563,1.8409542994693568,4.548182960243943,0.876258815034509,-0.2903540878145896,4.640916207721238
283,1790648556.9697874,1.6240580480238973,-0.8889279354319854,-0.2701675953584563,1.8710285800394215,4.577677176545135,0.8601569560783171,-0.29251395332248104,4.666965045363046
284,1790648556.9945614,1.3606058995863972,-1.2673410213694856,-0.09772618910845632,1.8619753184381425,4.614277284024559,0.8391968545124817,-0.29547164103219203,4.699266932739931
285,1790648557.0145614,1.3127055089613973,-1.3487716854319856,0.012444709329043692,1.882162501876744,4.6434022614948365,0.8208898558007706,-0.29762913008717706,4.724788653102742
286,1790648557.0248516,1.3893461339613973,-1.4445724666819855,0.11782556870404369,2.007723874463216,4.658224872896148,0.8107278325468047,-0.29847213075134416,4.73766020286065
287,1790648557.0448515,1.1498441808363973,-1.5739035213694856,0.4243880687040437,1.9948481565374694,4.686521563517487,0.7894118059160596,-0.2990515024670095,4.761941533215398
288,1790648557.0702376,1.2121146886488972,-1.4062521541819855,-0.07856603285845631,1.8582087506787293,4.72154821635883,0.7607396415227281,-0.299018162114053,4.791779859599086
289,1790648557.0902376,1.4755668370863972,-1.7128146541819855,0.1848861155790437,2.268306506189941,4.7490355884631965,0.7368605216686764,-0.29883635553142635,4.815143364041315
290,1790648557.115007,1.1977445714613972,-2.0768576229319855,0.3142171702665437,2.417987194855725,4.782937654490769,0.7046829889040847,-0.2977177852173833,4.843728584595879
291,1790648557.135007,1.0013529698988972,-1.9954269588694855,0.06992517807904369,2.233679934332099,4.809504392797706,0.6764900762169539,-0.2963738609058611,4.865882118690166
292,1790648557.1444845,1.3893461339613973,-1.9954269588694855,0.37169763901654373,2.4597094468629983,4.821904808888794,0.6622972147641218,-0.2955186146481843,4.87613933745466
293,1790648557.1644845,1.5617875402113972,-2.1534982479319855,0.1034554515165437,2.662224268361738,4.848574112055673,0.6306161195800535,-0.2932718318222095,4.898199258677725
294,1790648557.1901135,0.9199223058363971,-1.8134054744944856,-0.08335607192095632,2.0351031173943044,4.8823935496499775,0.588482853355274,-0.2907859218618516,4.926320665030842
295,1790648557.2101135,1.2887553136488972,-1.7990353573069855,0.0747152171415437,2.214272078804104,4.9081393114938505,0.5551168085821228,-0.28914995585534825,4.947887818976183
296,1790648557.2346263,1.0827836339613972,-2.0912277401194856,-0.14083654067095633,2.3591288201808864,4.939321055810245,0.5132041921599276,-0.28756717814831,4.97423018337201
297,1790648557.2546263,0.9438725011488972,-2.2924093807444854,-0.3084879078584563,2.4982395514932665,4.96398605932052,0.4775616946819605,-0.28714348334574247,4.99516507729063
298,1790648557.2648234,0.6468900792738972,-1.8325656307444855,-0.29411779067095634,1.9655199923781208,4.975891969080596,0.458960227285177,-0.2874207276894947,5.005272825021229
299,1790648557.2848234,0.7426908605238971,-1.9858468807444856,-0.31327794692095634,2.1432033548161824,4.997825023894431,0.42222157142844724,-0.28879402246503677,5.0239355103600225
300,1790648557.3097692,0.8624418370863972,-1.5595334041819855,-0.5336197437959563,1.8602957808061797,5.024081425527301,0.37663828093764723,-0.29183446889019554,5.046624408674428
301,1790648557.3297691,0.8768119542738971,-1.3823019588694856,-0.5384097828584563,1.7232071851433646,5.044583478067032,0.34116149769258186,-0.29551451064784745,5.064735181694908
302,1790648557.3542602,1.063623477711397,-1.2769210994944855,-0.5288297047334564,1.7439848775954359,5.069487731813337,0.2993501819895615,-0.30130529929016453,5.0872488908882225
303,1790648557.3742602,1.0732035558363973,-1.5116330135569855,-0.6533707203584563,1.9656280263969041,5.0899797550831964,0.2661448727485109,-0.30709815745554075,5.106176287473799
304,1790648557.3848355,0.7522709386488972,-1.6601242244944856,-0.7395914234834563,1.9669569084195504,5.100637773831506,0.2487050617310044,-0.3108065840005945,5.116147050293371
305,1790648557.4048355,0.7043705480238972,-2.0720675838694858,-0.5240396656709564,2.250382081390345,5.119955698551057,0.21507195680887684,-0.31866339389081905,5.134369353712008
306,1790648557.430029,0.9103422277113972,-2.4792209041819855,-0.24621740004595633,2.6525237551005802,5.1436908546138005,0.17046052526721686,-0.32853126674242555,5.156989935198576
307,1790648557.450029,1.0540433995863971,-2.7139328182444857,-0.21747716567095632,2.9195436540227275,5.162653387680224,0.1325679965180102,-0.33588542989557446,5.175266495267952
308,1790648557.4751012,1.4085062902113972,-2.6660324276194856,-0.35159825942095635,3.035661412396245,5.1874900351574,0.08207403135187175,-0.3447919483158697,5.1995836851716435
309,1790648557.4951012,1.5234672277113972,-2.5558615291819855,-0.5144595875459563,3.0196107725137495,5.208728169240746,0.04000439671855709,-0.35212998720059807,5.22077053898031
310,1790648557.5046313,1.1354740636488971,-2.2540890682444856,-0.5336197437959563,2.5797226416356267,5.219230705315306,0.019527069594674682,-0.3558512202713644,5.231384190892663
311,1790648557.5246313,1.303125430836397,-2.2013986385569857,-0.5431998219209563,2.6152166068737124,5.241623299857192,-0.023684147777603724,-0.36410448104681814,5.254307549961282
312,1790648557.5501587,1.6863285558363972,-2.5510714901194858,-0.6533707203584563,3.127069401876372,5.271640938469237,-0.07966370365757199,-0.37534950602373773,5.285587170929785
313,1790648557.5701587,1.8875101964613972,-2.5271212948069857,-0.5144595875459563,3.1958888353055452,5.296991891239806,-0.12456048375738869,-0.3845898567117196,5.3123956712447225
314,1790648557.5946062,1.8779301183363972,-2.2876193416819857,-0.24621740004595633,2.9699237010195847,5.330236121683703,-0.18003711880697698,-0.3955854857975704,5.347926547141775
315,1790648557.6146061,2.0120512120863974,-2.3594699276194855,-0.14562657973345633,3.104296300310894,5.359188083314248,-0.2255844581424452,-0.4038192668130152,5.37911286926964
316,1790648557.6546192,1.6001078527113972,-2.3738400448069856,-0.21268712660845632,2.8706615113006393,5.4192625724630235,-0.3172448902002795,-0.4188965757450797,5.444678639812242
317,1790648557.6746192,1.1737943761488971,-1.9235763729319857,-0.1839468922334563,2.2609236517722793,5.448946712531751,-0.3626339258087079,-0.42589728252951176,5.477582690879622
318,1790648557.6701458,1.2791752355238972,-1.5068429744944856,0.06992517807904369,1.977815604016308,5.448946712531751,-0.3626339258087079,-0.42589728252951176,5.477582690879622
319,1790648557.6901457,1.5617875402113972,-1.2912912166819857,0.1944661937040437,2.0357874219901615,5.4777824771032115,-0.4039984818166017,-0.4307040840487081,5.509520999849747
320,1790648557.7152898,1.0348832433363973,-1.1667502010569855,0.1034554515165437,1.5630074822128872,5.513493925286056,-0.4528370849209786,-0.4352789307772243,5.549157092498332
321,1790648557.7352898,0.6373100011488971,-1.0326291073069853,0.15614588120404368,1.2234657522951005,5.540146804755214,-0.4891560422717897,-0.4379825935117225,5.578918264695196
322,1790648557.7595718,0.5846195714613971,-0.5727853573069854,0.1848861155790437,0.8390744809698994,5.569877493653317,-0.5295603621731663,-0.4401516632277428,5.612281439676104
323,1790648557.7795718,0.8049613683363972,-0.28538301355698537,0.2327865062040437,0.8852094816547983,5.592776527210961,-0.5591349616781071,-0.4410437358370028,5.6379340866680705
324,1790648557.789653,1.0588334386488971,-0.3907638729319854,0.2423665843290437,1.1543683192071672,5.603996948513679,-0.5723175876487187,-0.44106668731042203,5.650386627721828
325,1790648557.809653,0.9247123448988972,-0.3380734432444854,0.1274056468290437,0.99278334629441,5.625893152209566,-0.5956405771808159,-0.4405507323401642,5.674464415698475
326,1790648557.8346097,0.7187406652113971,-0.10815156824448537,-0.01150548598345631,0.7269231608292439,5.652193736934056,-0.6212135830644989,-0.4397865426351264,5.703210723680422
327,1790648557.8546097,0.7139506261488971,0.15530058019301465,0.0747152171415437,0.734456350274948,5.672258179581452,-0.6385626558980315,-0.4391711780986491,5.724958204651698
328,1790648557.8795693,0.6995805089613971,0.08824003331801464,0.0795052562040437,0.70959162746098,5.6961882731085245,-0.6565103485181168,-0.43822971448755454,5.750618398317723
329,1790648557.8995693,0.7474808995863972,0.03554960363051464,0.050765021829043695,0.7500457032781933,5.714657673442557,-0.6685488553759068,-0.4373930774632596,5.770232456398365
330,1790648557.9100366,0.6660502355238972,-0.012350786994485361,0.045974982766543694,0.667749322142079,5.723983664284859,-0.6738860968295193,-0.4369449454442936,5.780054700939202
331,1790648557.9300365,0.5846195714613971,-0.14168184168198536,0.1274056468290437,0.6148869704604528,5.741006059426081,-0.6827853882939391,-0.4359570611096402,5.797879355416603
332,1790648557.9546711,0.4744486730238971,-0.06504121668198537,0.0842952952665437,0.4862484961474776,5.760784750915431,-0.6924846331790206,-0.4345316367835503,5.8185044175401845
333,1790648557.9746711,0.4361283605238971,0.17925077550551466,0.1274056468290437,0.4884372899528841,5.775799606376657,-0.6990066287352591,-0.43323042079770313,5.8340517616439715
334,1790648558.0001426,0.5415092198988971,0.3948025333180147,0.1369857249540437,0.6840075762672656,5.793921390555966,-0.7049702865067906,-0.43131672320488834,5.852567154720709
335,1790648558.0201426,0.531929141773897,0.5911941348805146,0.1034554515165437,0.8019739069532915,5.80762626635994,-0.707471517433616,-0.429678834556821,5.866315939204078
336,1790648558.0297458,0.4840287511488971,0.7827956973805147,0.2423665843290437,0.9517323662540509,5.813951499200301,-0.7075027585574579,-0.4287612718160323,5.872514658698533
337,1790648558.0497458,0.40259808708639705,0.8019558536305147,0.3046370921415437,0.9476403161571003,5.826478556035833,-0.7051809374771272,-0.4263164698603867,5.884460744282414
338,1790648558.07458,0.4265482823988971,0.8019558536305147,0.16093592026654369,0.9224841455665979,5.841244607494335,-0.6997429807721844,-0.42286893872392334,5.8981859027212
339,1790648558.09458,0.3259574620863971,0.6151443301930146,0.2327865062040437,0.7340574715436816,5.8524813242111735,-0.6938948313165825,-0.41991838120977404,5.908414265608521
340,1790648558.120283,0.12477582146139705,0.43312284581801463,0.1944661937040437,0.4908986715042125,5.8656249383906225,-0.6854856827663687,-0.4158716371306152,5.92016855821837
341,1790648558.1402829,-0.033295467601102954,0.37085233800551465,0.012444709329043692,0.3725518964617104,5.874455371006926,-0.6787178937842671,-0.41288474659520974,5.9279303048590295
342,1790648558.1497562,-0.014135311351102952,0.30379179113051463,-0.11688634535845631,0.32580926493354234,5.877976950638562,-0.6755137351082484,-0.41175638045257335,5.930975902446537
343,1790648558.1697562,-0.24405718635110296,0.002019330193014639,0.5153988108915437,0.5702665360798078,5.8839091756411435,-0.6693051208798358,-0.4091337468714632,5.9359705992246194
344,1790648558.1943722,-0.622470272288603,-0.4674044979319854,1.0614632640165438,1.3162980154306827,5.8885155742871005,-0.6636689800533572,-0.40347879399467385,5.939517431653029
345,1790648558.2143722,-0.27758745978860294,-0.6973263729319854,0.9608724437040438,1.2192599071929449,5.890346700084768,-0.6615237164364534,-0.3965399433355689,5.940626381221764
346,1790648558.239385,0.033765079273897054,-0.2710128963694854,0.2232064280790437,0.35271685544180514,5.891835864125537,-0.6610597716504536,-0.38694237440455626,5.941418540432941
347,1790648558.2593849,-0.07161578010110295,-0.07462129480698536,-0.19831700942095631,0.22366670253712828,5.8927912032785725,-0.6612629008704937,-0.38038202158920964,5.941964933576542
348,1790648558.269467,-0.21052691291360295,-0.5200949276194854,-0.03545568129595631,0.5622076308025442,5.892987214729262,-0.6617996464851732,-0.37774770937142316,5.942051027800569
349,1790648558.289467,-0.08598589728860295,-1.0278390682444853,0.0890853343290437,1.0352694922264134,5.892872946885665,-0.6650265685865684,-0.37322546995591516,5.94201221443433
350,1790648558.314757,0.17267621208639705,-1.2912912166819857,0.03160486557904369,1.303168810257834,5.892914558708472,-0.6728937626546586,-0.36813592771667925,5.942621649855695
351,1790648558.334757,0.3546976964613971,-1.2290207088694856,0.1082454905790437,1.2837520963705462,5.893733590345838,-0.6819625664492789,-0.3645049545466637,5.944243638840688
352,1790648558.359736,0.36906781364889707,-0.9368283260569854,0.0986654124540437,1.0117278424502496,5.895958990667619,-0.6956475736108106,-0.36026267150263547,5.9477766567670605
353,1790648558.379736,0.46007855583639706,-0.8697677791819854,-0.01150548598345631,0.9840226844191059,5.8987172595390795,-0.7076711308119259,-0.3572447424724996,5.951746596033226
354,1790648558.4200726,0.6660502355238972,-0.9559884823069854,-0.09772618910845632,1.169225086363919,5.906852596833119,-0.733806566467854,-0.3524015367154315,5.96268115203093
355,1790648558.4400725,0.7905912511488972,-1.0805294979319855,-0.054615837545956315,1.3399856014171099,5.912466219078701,-0.7478761976161539,-0.35058886606613654,5.969881753579139
356,1790648558.4344687,0.8337016027113971,-1.0661593807444854,-0.025875603170956312,1.3536704674153446,5.912466219078701,-0.7478761976161539,-0.35058886606613654,5.969881753579139
357,1790648558.4544687,0.8432816808363972,-1.0134689510569854,0.06513513901654369,1.3200325353283948,5.92110850509115,-0.7638979713536495,-0.3493229487634555,5.980392341831242
358,1790648558.4794502,0.8241215245863972,-0.9080880916819855,0.15614588120404368,1.2361965077439043,5.9334082145897264,-0.7845087772899153,-0.34756431087979,5.9951303582827205
359,1790648558.4994502,0.8145414464613971,-0.7979171932444854,0.2088363108915437,1.1592075828018777,5.944236195405627,-0.8010934971951896,-0.34582007983085283,6.007935274753965
360,1790648558.5553482,0.8001713292738971,-0.7452267635569854,0.2232064280790437,1.1160009833550235,5.976729287677938,-0.8469626328455131,-0.33986509805419185,6.046002560742034
361,1790648558.5753481,0.9247123448988972,-0.7739669979319854,0.2375765452665437,1.2290485952789063,5.989198583686896,-0.8631913881146426,-0.33736286335362,6.0604795807693765
362,1790648558.5553482,0.9630326573988972,-0.7116964901194854,0.2184163890165437,1.2172302626274958,5.989198583686896,-0.8631913881146426,-0.33736286335362,6.0604795807693765
363,1790648558.5753481,0.5846195714613971,-0.6350558651194854,0.1944661937040437,0.8848124635492565,6.00293599876528,-0.8788310095436982,-0.3343542850622559,6.076131774126299
364,1790648558.5995417,0.531929141773897,-0.6733761776194854,0.1896761546415437,0.8788407888197646,6.019087157179687,-0.8972862406812934,-0.33056375540016986,6.094571781497505
365,1790648558.6195416,0.555879337086397,-0.6398459041819854,0.1657259593290437,0.8636374888190105,6.0320677489877115,-0.9122239476714332,-0.32736717389506165,6.109432307966672
366,1790648558.6446397,0.5846195714613971,-0.5584152401194854,0.16093592026654369,0.8243227487856012,6.048060577693848,-0.9304131008522752,-0.3233425833483048,6.127744749571276
367,1790648558.6646397,0.5462992589613971,-0.5344650448069854,0.1657259593290437,0.7820235661780509,6.060589566624614,-0.9443726945186401,-0.3201265673594795,6.142073485425007
368,1790648558.6754587,0.5846195714613971,-0.4817746151194854,-0.01150548598345631,0.7576405475665564,6.067268125256131,-0.951616000840884,-0.3185226855143806,6.149696920824045
369,1790648558.6954587,0.517559024586397,-0.5488351619944853,-0.06419591567095631,0.7571053391445395,6.079415506209668,-0.9645434247869297,-0.3161160350406506,6.163567657051561
370,1790648558.7196965,0.44091839958639706,-0.5727853573069854,-0.10730626723345632,0.7307576449320928,6.093671009888343,-0.9798990270473427,-0.3139486826868001,6.179934648143355
371,1790648558.7396965,0.4457084386488971,-0.5727853573069854,-0.14083654067095633,0.7393064378295989,6.10499948916667,-0.9923875100798215,-0.3128007566510833,6.19303609276171
372,1790648558.764981,0.3978080480238971,-0.5440451229319854,-0.14562657973345633,0.6895240674432814,6.118772593081253,-1.0079254426481208,-0.3121104341741834,6.20908243357262
373,1790648558.784981,0.3882279698988971,-0.5153048885569854,-0.12167638442095631,0.6565555782325685,6.129211954757142,-1.0199613526452196,-0.3120472518074248,6.221328944412785
374,1790648558.8102589,0.4457084386488971,-0.5536252010569854,-0.05940587660845631,0.713222219020022,6.142008072223738,-1.034918167763287,-0.3123226771813518,6.236414372691234
375,1790648558.8302588,0.4840287511488971,-0.5871554744944854,-0.006715446920956309,0.7609733769291495,6.152008383396151,-1.0466881666821268,-0.31260708947470384,6.248238668620042
376,1790648558.840217,0.4648685948988971,-0.5775753963694854,0.03160486557904369,0.7420882808284419,6.156949485693557,-1.052539447784396,-0.3127088712070285,6.254090908889639
377,1790648558.860217,0.46965863396139707,-0.6111056698069854,0.0938753733915437,0.7764289779845492,6.166786342984478,-1.0643113223462153,-0.31269440493149525,6.265763335920826
378,1790648558.8853128,0.5462992589613971,-0.6350558651194854,0.1417757640165437,0.8496112048619087,6.179190236508391,-1.079212328124231,-0.3122354383701194,6.280492193857908
379,1790648558.9053128,0.5989896886488971,-0.6494259823069853,0.1274056468290437,0.892622513970504,6.189310642762285,-1.0912330828705992,-0.31152075984118643,6.292487668448289
380,1790648558.9299393,0.6181498448988971,-0.6302658260569854,0.0890853343290437,0.8872882502526123,6.202150973800976,-1.106177903132761,-0.3103729019881963,6.307664987417147
381,1790648558.9499393,0.6660502355238972,-0.6829562557444854,0.0890853343290437,0.9581170911190778,6.212941117028298,-1.1184643351807773,-0.3093132652651926,6.320385628171847
382,1790648558.959609,0.6660502355238972,-0.7356466854319854,0.11782556870404369,0.9993406959935819,6.218341583777601,-1.1245424603647152,-0.3087277317925873,6.326743286247566
383,1790648558.979609,0.6564701573988971,-0.7260666073069854,0.0890853343290437,0.9828845214948327,6.229819667437683,-1.1374206923925891,-0.3073879670518789,6.340257588029408
384,1790648559.005399,0.6181498448988971,-0.6733761776194854,0.06992517807904369,0.9167520045592185,6.244865939790922,-1.1542430706543603,-0.30561191857414277,6.357989172441939
385,1790648559.025399,0.6325199620863972,-0.7021164119944854,0.03639490464154369,0.9457132480375086,6.256659997109787,-1.1673951180604125,-0.3042817203670183,6.371906547216039
386,1790648559.0648868,0.6373100011488971,-0.7212765682444854,0.012444709329043692,0.9625792415449408,6.280213906973911,-1.193682844449099,-0.30190469270515286,6.399774362737954
387,1790648559.0848868,0.6612601964613971,-0.7260666073069854,0.026814826516543693,0.9824239413774248,6.292301998484681,-1.2071710357119096,-0.3008224648044715,6.414111045571873
388,1790648559.0801587,0.5989896886488971,-0.6542160213694854,0.04118494370404369,0.887965905489691,6.292301998484681,-1.2071710357119096,-0.3008224648044715,6.414111045571873
389,1790648559.1001587,0.5510892980238971,-0.6063156307444854,0.012444709329043692,0.8194345179889844,6.304367578507154,-1.220566908247485,-0.29987341111904947,6.428433573207174
390,1790648559.125323,0.5654594152113971,-0.6206857479319854,0.022024787454043692,0.839928710784135,6.319378847257691,-1.2372093673139324,-0.29879335572606397,6.44627904322822
391,1790648559.145323,0.5606693761488971,-0.6063156307444854,0.012444709329043692,0.825907781914277,6.331209018651753,-1.2502928107995197,-0.29801201167599517,6.460359967501613
392,1790648559.1844537,0.536719180836397,-0.5727853573069854,0.03639490464154369,0.7857958600723544,6.354103871636695,-1.2755117349942766,-0.2965692583347416,6.487643603238834
393,1790648559.2044537,0.5606693761488971,-0.5632052791819854,0.0747152171415437,0.7982059255118065,6.365696420810359,-1.2881718595683551,-0.2957758017864099,6.501458373828444
394,1790648559.1994946,0.6037797277113971,-0.5248849666819854,0.0890853343290437,0.8049784994871075,6.365696420810359,-1.2881718595683551,-0.2957758017864099,6.501458373828444
395,1790648559.2194946,0.6229398839613971,-0.5488351619944853,0.1800960765165437,0.8495344200490081,6.377396786442532,-1.3003166919706024,-0.2945899121950847,6.515274091510809
396,1790648559.2441072,0.7283207433363972,-0.6206857479319854,0.35253748276654373,1.0197963422249274,6.392130187742727,-1.3151795405544604,-0.29236621025632137,6.532572507201474
397,1790648559.2641072,0.6468900792738972,-0.15605195886948536,0.6351497874540437,0.9199099091937805,6.404369371835393,-1.3266104251522493,-0.2893487683937177,6.5467216972158555
398,1790648559.2890706,0.5702494542738971,0.29421171300551463,0.7309505687040437,0.9726426404687807,6.419633261946139,-1.3384792905426106,-0.28358974363646827,6.563813005547345
399,1790648559.3090706,0.6229398839613971,0.2558914005055147,0.6782601390165437,0.9558092508765824,6.431817706178882,-1.345736797262645,-0.27755405155203566,6.576953913823318
400,1790648559.3193018,0.3355375402113971,0.27984159581801465,0.6207796702665437,0.7591206482880878,6.4378513357567915,-1.3484814786847632,-0.27393274800299106,6.583264484288158
401,1790648559.3393018,0.033765079273897054,0.6247244083180147,0.6111995921415437,0.8746345570354829,6.44843060766626,-1.35168512065888,-0.26606771916344857,6.593944342992174
402,1790648559.3645685,-0.19136675666360295,1.0845681583180147,0.4195980296415437,1.1785464912647028,6.4594923296788,-1.3518861919119791,-0.2556686274349745,6.604392771490503
403,1790648559.3845685,-0.00934527228860295,1.1851589786305148,0.4962386546415437,1.2848898556308717,6.466633843930045,-1.3486168898356536,-0.2472981246677045,6.610391603337552
404,1790648559.4096735,0.13914593864889704,1.2713796817555145,0.6159896312040437,1.419581316154214,6.474497977382363,-1.3405033087101792,-0.23627291695891753,6.616033409156843
405,1790648559.4296734,0.23494671989889707,1.2426394473805145,0.6159896312040437,1.4066968341218,6.480384355573345,-1.3312381290576618,-0.22695917186625722,6.619598690095263
406,1790648559.4396398,0.11519574333639705,1.2186892520680146,0.5058187327665438,1.3245097745228134,6.48313938008164,-1.3254738760223788,-0.22217560989795787,6.6209772102928035
407,1790648559.4596398,-0.12430620978860296,1.1133083926930147,0.3237972483915437,1.166084160384081,6.487825053852854,-1.312143599493261,-0.21277170198353212,6.622602702280795
408,1790648559.4847565,-0.31590777228860295,0.9504470645680146,0.1848861155790437,1.0184940936854818,6.491997569604529,-1.2940264607154912,-0.201775173518001,6.622782658779555
409,1790648559.5047565,-0.291957576976103,0.6390945255055147,0.1034554515165437,0.7102000209330946,6.493909899458016,-1.279379740113335,-0.19389976744112422,6.621576505750349
410,1790648559.5440602,-0.08119585822610295,0.03554960363051464,0.01723474839154369,0.09029716641999308,6.496004303097527,-1.252924974134879,-0.18038882426837927,6.618189557922423
411,1790648559.5640602,0.3546976964613971,-0.6494259823069853,-0.24621740004595633,0.7798638153266279,6.497320443606624,-1.2424033617453534,-0.17488843716962368,6.617350302473065
412,1790648559.5596104,0.7091605870863972,-1.2242306698069854,-0.35159825942095635,1.4578308568557017,6.497320443606624,-1.2424033617453534,-0.17488843716962368,6.617350302473065
413,1790648559.5796103,0.7905912511488972,-1.4781027401194855,-0.04024572035845631,1.6767355053046027,6.501877398754328,-1.241243902996293,-0.17226438713882009,6.621538428056891
414,1790648559.6046891,1.0013529698988972,-1.5547433651194855,0.01723474839154369,1.8493868546792809,6.510104906584144,-1.2457125997151104,-0.169510827847308,6.630384581348008
415,1790648559.624689,1.2887553136488972,-1.6984445369944856,-0.14083654067095633,2.1366888016023395,6.519117192530604,-1.2536215430647992,-0.1678296931729357,6.6406793891208755
416,1790648559.6496277,1.3318656652113972,-1.5834835994944856,-0.24621740004595633,2.083724902217757,6.533570824637935,-1.2681426572764214,-0.16677181726378018,6.657593135570662
417,1790648559.6696277,1.5761576573988971,-1.6936544979319856,-0.26537755629595633,2.3287687233231296,6.54778552061975,-1.2829570256881406,-0.16681808246799834,6.6743765421527215
418,1790648559.679695,1.7581791417738972,-1.7319748104319856,-0.33243810317095634,2.490270212442741,6.556384947970796,-1.2918819570194253,-0.167289253214396,6.684543983780149
419,1790648559.6996949,1.7485990636488973,-1.6649142635569856,-0.33243810317095634,2.437222452471092,6.576166503473914,-1.3120483401514094,-0.16908220742175892,6.707907685796892
420,1790648559.7239878,1.5474174230238973,-1.3823019588694856,-0.23663732192095632,2.088362183314537,6.602595240124792,-1.338421085692019,-0.17197018400253777,6.739080697819951
421,1790648559.7439878,1.5090971105238973,-1.3439816463694856,-0.1647867359834563,2.0275145925802085,6.625674598416505,-1.3609659159911336,-0.17459329940500598,6.766260039991696
422,1790648559.769776,1.5378373448988971,-1.4828927791819855,-0.14562657973345633,2.1412897502768344,6.656862815877439,-1.391142665406395,-0.17806862218860858,6.802999992586643
423,1790648559.789776,1.2408549230238972,-1.3823019588694856,0.06034509995404369,1.8585266144383088,6.681590524395925,-1.415333354761172,-0.18048752176466157,6.8322321525479275
424,1790648559.8148806,1.2073246495863972,-1.1523800838694853,0.2567367015165437,1.6886463220886585,6.712583114129518,-1.445915845774237,-0.1824713362510564,6.8689693903606095
425,1790648559.8348806,1.5522074620863973,-1.1332199276194854,0.3285872874540437,1.9497448589974569,6.737709603732342,-1.470053732103204,-0.18293672713728729,6.898641498558487
426,1790648559.844611,1.7150687902113972,-1.2290207088694856,0.1848861155790437,2.1180499837636377,6.750484785246336,-1.4817596140584919,-0.1827544645203103,6.913613786146803
427,1790648559.864611,1.6671683995863973,-1.2338107479319855,0.1705159983915437,2.0810610610934557,6.777877798179629,-1.505905334532457,-0.181902928808546,6.945535760410335
428,1790648559.8898516,1.7294389073988972,-1.1715402401194854,0.2088363108915437,2.099304187913486,6.813693024909178,-1.536360599014097,-0.1802713290129014,6.9870819574385274
429,1790648559.9098516,1.8731400792738973,-1.2098605526194854,-0.06419591567095631,2.230815417948285,6.8432190102663135,-1.5604447994240398,-0.17895546034216228,7.021157985069562
430,1790648559.934817,1.9976810948988972,-1.5643234432444855,-0.42344884535845634,2.5723814873840447,6.8817949191854515,-1.5911934204511717,-0.17847234960908911,7.065610390517494
431,1790648559.954817,2.0024711339613974,-1.6984445369944856,-0.7874918141084564,2.741304040941625,6.914062958517413,-1.6170254837717868,-0.17995979022878425,7.102916551361781
432,1790648559.9648714,2.007261173023897,-1.9714767635569856,-0.9647232594209564,2.974308157074884,6.930875067253713,-1.6308311904010921,-0.18191669265244972,7.122480835532646
433,1790648559.9848714,1.9306205480238972,-2.2492990291819854,-1.0174136891084564,3.1339707142722943,6.965207946435275,-1.660505158997295,-0.18819864317567472,7.162877763122507
434,1790648560.0241983,1.9354105870863971,-2.4935910213694856,-1.1419547047334564,3.3567649411484717,7.033994681018226,-1.724091324345056,-0.20506736041804174,7.245110398716047
435,1790648560.0441983,1.8300297277113973,-2.6037619198069857,-1.1994351734834563,3.4010630212822726,7.06937752630902,-1.7592239678231636,-0.21587134321550944,7.288180020778039
436,1790648560.0550046,1.6001078527113972,-2.6420822323069855,-1.0461539234834563,3.2611932929835317,7.088407812646793,-1.779610927446469,-0.2226532708957138,7.3117791850219005
437,1790648560.0750046,1.4132963292738971,-2.7091427791819855,-0.7970718922334563,3.1578766147083055,7.122865441575875,-1.8197095371369876,-0.2360871079218469,7.355426025790083
438,1790648560.0849736,1.2983353917738971,-2.7139328182444857,-0.48092931410845635,3.046702994491909,7.13949196252317,-1.8407533222441363,-0.24273432192247246,7.376966736221936
439,1790648560.1049736,1.2025346105238972,-2.6756125057444855,-0.3563882984834563,2.9549965126375493,7.171596227997525,-1.8847232928143256,-0.2553256943790689,7.419512487900762
440,1790648560.1297994,1.0540433995863971,-2.7330929744944856,-0.5815201344209563,2.9864645255183815,7.209670977478377,-1.9411865830461408,-0.27035715148994965,7.471322101412449
441,1790648560.1497993,0.9774027745863971,-2.977384966681986,-0.5431998219209563,3.1804407666435224,7.238790609857889,-1.9884166884366348,-0.2823373285269463,7.512230347060705
442,1790648560.1751046,0.9007621495863971,-2.943854693244486,-0.1839468922334563,3.0840702592884357,7.273672608381959,-2.050449381502847,-0.29660175837598374,7.562977487941053
443,1790648560.1951046,0.8720219152113972,-2.9582248104319855,-0.2989078297334563,3.098525801141613,7.29976537433196,-2.1009758168265664,-0.30690882885381887,7.602293531061156
444,1790648560.2046945,0.9247123448988972,-3.2887375057444856,-0.6533707203584563,3.4781863953388994,7.311692333370647,-2.1260620418848664,-0.31179461786321727,7.620905488689859
445,1790648560.2246945,0.9917728917738972,-3.772531451056986,-0.5575699391084563,3.9403668934591733,7.335709915879907,-2.1811241540974557,-0.32227203953384764,7.659882623969602
446,1790648560.249316,0.9247123448988972,-3.7102609432444855,-0.3563882984834563,3.8403309502007517,7.364381258491761,-2.252559739646647,-0.33492348794375165,7.70845707284396
447,1790648560.269316,0.9342924230238971,-3.5378195369944856,-0.5815201344209563,3.705028350066529,7.386965982693694,-2.312754777276286,-0.34506558205006604,7.748236660376582
448,1790648560.2943053,1.0779935948988972,-3.782111529181986,-0.9695132984834564,4.050480693170949,7.414723499955108,-2.3904038952691593,-0.3587439345925501,7.798772504305497
449,1790648560.3143053,1.063623477711397,-3.8635421932444856,-0.8497623219209564,4.096382451026245,7.436819047962356,-2.4546961828118343,-0.37077807415347186,7.84023515478456
450,1790648560.3244257,1.1354740636488971,-3.729421099494486,-0.7874918141084564,3.9771882585391687,7.4479918998525285,-2.488112675028443,-0.37719688693034825,7.861651576826336
451,1790648560.3444257,1.2408549230238972,-3.4755490291819857,-0.7731216969209563,3.7705277021247867,7.470324270059684,-2.555052316629942,-0.39031996782982614,7.9048331239720335
452,1790648560.3691683,1.2073246495863972,-3.4036984432444854,-0.5288297047334564,3.6499940765229093,7.498351209169164,-2.6382092629884477,-0.4065357213728184,7.9593146855818455
453,1790648560.3891683,1.2073246495863972,-3.3414279354319856,-0.1839468922334563,3.5576129520152304,7.521229743116661,-2.7054618661271927,-0.41874629765252785,8.00398458391874
454,1790648560.4147906,1.1929545323988973,-3.3605880916819855,0.1705159983915437,3.5701216427501885,7.5507559236356805,-2.791575814798856,-0.4320688349623049,8.06185425483709
455,1790648560.4347906,1.140264102711397,-3.1450363338694856,0.5010286937040437,3.3826743143859153,7.573845842066165,-2.858469310183912,-0.43990078462022136,8.107249862743574
456,1790648560.4589825,1.1642142980238972,-2.8528439510569856,0.5824593577665437,3.135820856531113,7.601767075095034,-2.938128673078775,-0.4459873728061599,8.16200756556064
457,1790648560.4789824,1.1737943761488971,-2.9199044979319857,0.4866585765165437,3.184410790808769,7.6248947579866115,-3.0027656279802284,-0.4486608351137911,8.207126051908562
458,1790648560.489058,1.1354740636488971,-3.0779757869944855,0.4531283030790437,3.311881874945868,7.63654335112425,-3.034976358324794,-0.4490954774387105,8.229797239121163
459,1790648560.509058,1.1642142980238972,-2.9390646541819856,0.4435482249540437,3.1922141220546334,7.659646945719016,-3.098349400365664,-0.44848381331786563,8.27472646500276
460,1790648560.53457,1.221694766773897,-2.7666232479319857,0.38127771714154374,3.0482970650428944,7.689262448337731,-3.1779795214420528,-0.44624238954027934,8.332073157884803
461,1790648560.55457,1.3174955480238972,-2.8336837948069857,0.15614588120404368,3.128887966072211,7.712805608428813,-3.239441742006837,-0.44394267551100386,8.377257203429242
462,1790648560.5794573,1.2935453527113971,-2.9055343807444856,-0.02108556410845631,3.1805399255823317,7.742581133760041,-3.3151636191554257,-0.44125814307130795,8.434013349731867
463,1790648560.5994573,1.226484805836397,-2.6995627010569856,-0.23184728285845632,2.974164911106054,7.766700182532319,-3.3752952073133424,-0.43980379685371107,8.479839434894208
464,1790648560.6097739,1.2121146886488972,-2.5558615291819855,-0.2701675953584563,2.8415912275295088,7.779162188858187,-3.4057266467191436,-0.4395545613998099,8.50338441828788
465,1790648560.6297739,1.2312748448988973,-2.6037619198069857,-0.22705724379595632,2.88914673747769,7.803362493791474,-3.463611806459123,-0.43988970116435117,8.548834768817619
466,1790648560.6542494,1.226484805836397,-2.6229220760569856,-0.26537755629595633,2.9076468911131976,7.833047594316859,-3.533419153814025,-0.44114226472086887,8.604434439816252
467,1790648560.6742494,1.1115238683363973,-2.6037619198069857,-0.27495763442095633,2.8444091030730507,7.857172964864082,-3.5897452159825445,-0.4428227589852182,8.64971269530589
468,1790648560.6998732,1.0109330480238972,-2.6372921932444857,-0.1935269703584563,2.831033102666113,7.887524699822172,-3.6611571785689043,-0.44555316482262425,8.707217431486072
469,1790648560.7198732,1.0157230870863971,-2.575021685431986,-0.0019254078584563096,2.7681101454387123,7.9107013913336415,-3.7163535594687604,-0.4476578175177922,8.751621438534057
470,1790648560.7291763,1.1211039464613972,-2.4935910213694856,0.026814826516543693,2.7341523870382476,7.9213559665233015,-3.7417137385703025,-0.44847259280396473,8.772082404781454
471,1790648560.7491763,1.1594242589613972,-2.584601763556986,-0.05940587660845631,2.833365480594709,7.9442463670556815,-3.7956728807214946,-0.45001035692621444,8.815933999257416
472,1790648560.7749043,1.0061430089613972,-2.6325021541819855,-0.08814611098345632,2.819603000980137,7.973454334653986,-3.8647409109806903,-0.45197652667550425,8.87223078579936
473,1790648560.7949042,0.9438725011488972,-2.6085519588694854,-0.12167638442095631,2.7767325695991434,7.995678765147689,-3.918239766008575,-0.45359042330154886,8.915673056560312
474,1790648560.834075,1.0109330480238972,-2.6372921932444857,-0.14562657973345633,2.828162449517365,8.03841990515817,-4.022713690150244,-0.45706245498030235,9.000406995926234
475,1790648560.854075,1.0396732823988972,-2.6564523494944856,-0.1552066578584563,2.8568774432783184,8.060045337450369,-4.075995667064578,-0.459020555672936,9.043714468635933
476,1790648560.849486,0.9774027745863971,-2.6277121151194858,-0.03545568129595631,2.8038267152324283,8.060045337450369,-4.075995667064578,-0.459020555672936,9.043714468635933
477,1790648560.869486,0.9630326573988972,-2.7187228573069855,0.06513513901654369,2.8849832686507813,8.081152132173669,-4.129248843462871,-0.46063385852982863,9.086688029540717
478,1790648560.894245,0.9438725011488972,-2.6468722713694857,0.1417757640165437,2.8137036955998425,8.106902724650077,-4.195247967790443,-0.46194724237800344,9.139768736293568
479,1790648560.914245,0.9390824620863971,-2.5893918026194855,0.0986654124540437,2.7561858866350004,8.127408115347402,-4.248418903623506,-0.4624883811215793,9.182468151687367
480,1790648560.939858,0.8816019933363972,-2.6851925838694854,0.03160486557904369,2.826389950918072,8.153226890356127,-4.316430843330525,-0.46282719458798105,9.236930927690835
481,1790648560.959858,1.0013529698988972,-2.8097335994944856,-0.07377599379595631,2.9837482413424494,8.173187835353039,-4.3698143145636275,-0.46311532951612167,9.2795879404293
482,1790648560.969144,1.0157230870863971,-2.7762033260569856,-0.08814611098345632,2.9574935391529937,8.18247048740835,-4.39477315838307,-0.4633418181946317,9.299545151857743
483,1790648560.989144,0.9247123448988972,-2.8193136776194856,-0.09293615004595632,2.968545041195449,8.202374690060806,-4.4488580466379934,-0.46402806929942425,9.342730357041429
484,1790648561.0150468,0.9247123448988972,-2.934274615119486,0.026814826516543693,3.076650690712895,8.227879475371749,-4.519575892108569,-0.46491199537300826,9.398973883845745
485,1790648561.0350468,0.9438725011488972,-3.054025591681986,0.1848861155790437,3.20189795102959,8.2474211506149,-4.574970483693875,-0.46517456529301887,9.44281197199625
486,1790648561.059586,0.8480717198988972,-3.1019259823069856,0.16093592026654369,3.2197935977691907,8.271099492773669,-4.64407219500846,-0.46481193874058657,9.497080788863876
487,1790648561.079586,0.8289115636488972,-3.3749582088694856,-0.06898595473345631,3.475945389950319,8.290018552366172,-4.7016589352219516,-0.464422798015824,9.54178667111378
488,1790648561.0898886,0.9630326573988972,-3.6048800838694857,-0.21747716567095632,3.7376314205501755,8.29968704260763,-4.73226703684067,-0.4644737568430646,9.565296241308666
489,1790648561.1098886,1.0588334386488971,-3.5809298885569856,-0.3372281422334563,3.749387941714757,8.318673586117932,-4.793551446660389,-0.4653898999679631,9.612234571791737
490,1790648561.1347456,1.0061430089613972,-3.3941183651194855,-0.42344884535845634,3.5653432030533434,8.34258114350581,-4.871297284226964,-0.4677758504369063,9.671970410084374
491,1790648561.1547456,0.8576517980238971,-3.4659689510569858,-0.5815201344209563,3.6175506966843813,8.361727453196128,-4.934758569524775,-0.470915078110941,9.720704148971114
492,1790648561.1789143,0.9438725011488972,-3.6767306698069855,-0.7060611500459564,3.861057635458012,8.384659547872575,-5.012891472848999,-0.4764735451749232,9.780522669650354
493,1790648561.1989143,1.1785844152113971,-3.7677414119944856,-0.6485806812959564,4.00069912285187,8.40397338025308,-5.079015882281512,-0.48241526255067596,9.831373016726202
494,1790648561.2249782,1.3222855870863972,-3.643200396369486,-0.6342105641084563,3.9272854927481355,8.430256338128569,-5.1667499195710995,-0.49150460010168223,9.899803201572544
495,1790648561.2449782,1.3941361730238973,-3.5473996151194855,-0.5958902516084563,3.8578160778146984,8.451473816989811,-5.23475963691153,-0.4992781976476658,9.953863413476636
496,1790648561.2546272,1.3941361730238973,-3.5186593807444857,-0.5575699391084563,3.825632463218637,8.46219258761536,-5.2677629197151,-0.503300763279953,9.980548142588958
497,1790648561.2746272,1.4324564855238973,-3.3845382869944856,-0.5767300953584563,3.7201678190564493,8.48531714488781,-5.336263943747926,-0.512089296276629,10.036859836324918
498,1790648561.2996867,1.3989262120863972,-3.2839474666819854,-0.5815201344209563,3.616555153392022,8.515266918403405,-5.421752611208301,-0.5236262157057442,10.108380507409374
499,1790648561.3196867,1.2552250402113971,-3.1258761776194857,-0.6006802906709563,3.421623677581048,8.53956564361108,-5.489361638596638,-0.5332259973769412,10.165707183719082
500,1790648561.3448792,1.068413516773897,-2.943854693244486,-0.5623599781709563,3.181829134760569,8.56997222671392,-5.573217799915272,-0.5457018049009071,10.237332224354764
501,1790648561.3648791,0.8624418370863972,-2.7905734432444858,-0.4665591969209563,2.957834266609587,8.593386972279909,-5.638405855684868,-0.5556638993776966,10.293040494326402
502,1790648561.3749542,0.6995805089613971,-2.618132036994486,-0.38512853285845633,2.7372161475625725,8.604593289024445,-5.6704058392211145,-0.5605731492976197,10.320211737494095
503,1790648561.3949542,0.48881879021139707,-2.4025802791819855,-0.21747716567095632,2.4614288787544103,8.625284616536504,-5.731931363717398,-0.5697605710627318,10.37184645966986
504,1790648561.4197283,0.3163773839613971,-2.2684591854319858,0.03639490464154369,2.290704327087386,8.648566597409486,-5.805390588554384,-0.5797704607459848,10.43246844532283
505,1790648561.4397283,0.3067973058363971,-2.0241671932444856,0.1130355296415437,2.050403483228868,8.665477466823193,-5.862237283068016,-0.5864151071962439,10.47855946058241
506,1790648561.4647672,0.4840287511488971,-1.7846652401194856,0.11782556870404369,1.8528887489188155,8.684958391535059,-5.9298837641625965,-0.5930525132257823,10.532983195781611
507,1790648561.4847672,0.6085697667738971,-1.6792843807444855,0.2088363108915437,1.7983230513982784,8.699823693161434,-5.981007677146019,-0.5970689303143162,10.574302645267885
508,1790648561.4948275,0.6612601964613971,-1.6601242244944856,0.2184163890165437,1.8002730923858772,8.707137671278835,-6.005386062861136,-0.5984638319492659,10.594199693641855
509,1790648561.5148275,0.7666410558363972,-1.6170138729319856,0.1992562327665437,1.8006041819469265,8.721638733198803,-6.051496534360992,-0.600194438287671,10.632395114063819
510,1790648561.5392041,0.9438725011488972,-1.5116330135569855,0.2136263499540437,1.7948721078380867,8.739789188209553,-6.104987282575872,-0.6012325084758954,10.677839917511685
511,1790648561.559204,1.1258939855238972,-1.5451632869944856,0.0842952952665437,1.9137064944548217,8.755551754921198,-6.146876309288606,-0.601509564722812,10.714736984697767
512,1790648561.58454,1.1498441808363973,-1.7271847713694857,-0.22226720473345632,2.086794571814392,8.776848767761084,-6.198199306290097,-0.6020700631812911,10.7616558806544
513,1790648561.6045399,1.0923637120863972,-2.0337472713694855,-0.3659683766084563,2.3373744449624305,8.794502094237089,-6.238277760569551,-0.603328502867029,10.799230610831911
514,1790648561.6150966,1.1115238683363973,-2.2397189510569855,-0.22226720473345632,2.5102248903047184,8.804167370362821,-6.259642890200367,-0.6043588514221082,10.81950746658505
515,1790648561.6350965,1.2983353917738971,-2.1008078182444856,-0.1743668141084563,2.4757770627809297,8.823346638169824,-6.30055902159939,-0.606613024206882,10.858934995804036
516,1790648561.659945,1.3701859777113972,-1.7511349666819855,-0.13125646254595633,2.2273552801502805,8.84857425607243,-6.350947549920866,-0.6095631373928976,10.908866502324697
517,1790648561.679945,1.3270756261488972,-1.6265939510569856,-0.03545568129595631,2.0995701237324327,8.869879527111662,-6.390487265768458,-0.6118315145132923,10.949311764744625
518,1790648561.704927,1.3127055089613973,-1.3870919979319856,0.012444709329043692,1.9098101567367456,8.897446099581382,-6.438114552085418,-0.6142830443008924,10.999600435436077
519,1790648561.724927,1.3222855870863972,-1.1859103573069854,-0.049825798483456314,1.7768807387044618,8.920157358519377,-6.474383942557968,-0.6160073573119131,11.039307940295092
520,1790648561.7346125,1.1594242589613972,-1.0661593807444854,-0.0019254078584563096,1.5751076612768637,8.931308852005674,-6.490949621592092,-0.6167547374051108,11.05807809730394
521,1790648561.7546124,0.9247123448988972,-0.8937179744944854,0.2423665843290437,1.308650564490869,8.954008115548898,-6.522965455615386,-0.6177058748599811,11.095264765489093
522,1790648561.7801654,0.8145414464613971,-0.5392550838694854,0.4100179515165437,1.0594283996799092,8.981992819339668,-6.560481004064012,-0.6174885349471864,11.139901171112125
523,1790648561.8001654,1.140264102711397,-0.14647188074448536,0.2279964671415437,1.1720233038681778,9.0035427892462,-6.5864680725188345,-0.6163869215530838,11.172523316832189
524,1790648561.824297,1.384556094898897,-0.017140826056985362,0.03160486557904369,1.3850228356846213,9.030213834740815,-6.613416300233777,-0.6147872730362757,11.209817146253084
525,1790648561.844297,1.1115238683363973,0.01159940831801464,0.2519466624540437,1.1397793544702275,9.052746947054404,-6.632408875313298,-0.6132350390890502,11.23908946444969
526,1790648561.869264,1.1594242589613972,0.41875272863051466,0.2615267405790437,1.260164551176387,9.080909155591387,-6.651755988605305,-0.610626478855749,11.27304898954714
527,1790648561.8892639,1.5090971105238973,0.8594363223805147,0.1034554515165437,1.7397436338917904,9.104087563575812,-6.663012143900877,-0.6083028390983295,11.29823762978463
528,1790648561.8999646,1.6336381261488973,0.9648171817555147,-0.03066564223345631,1.8975210415253698,9.117150857494286,-6.666667161974755,-0.6071876758611912,11.310860607424134
529,1790648561.9199646,1.5090971105238973,0.7827956973805147,0.11782556870404369,1.7041203177796613,9.14261833922772,-6.669852396357482,-0.6052852994531046,11.333171285201363
530,1790648561.9449804,1.580947696461397,0.8977566348805147,-0.054615837545956315,1.8188857809465193,9.175492202251121,-6.670085823215294,-0.603144149342641,11.359730846614061
531,1790648561.9649804,1.8779301183363972,0.7061550723805147,-0.27495763442095633,2.025062521585458,9.203020572949372,-6.667838587610146,-0.6021834497939226,11.380610001390874
532,1790648561.9899807,1.978520938648897,0.7875857364430147,-0.5096695484834564,2.18965738086394,9.2395008274995,-6.662650064212717,-0.6026338875318098,11.407122731956527
533,1790648562.0099807,1.700698673023897,0.6103542911305146,-0.34201818129595635,1.8389901504531425,9.269825869891793,-6.657025010731448,-0.6042177111883285,11.42850526946253
534,1790648562.0198872,1.5234672277113972,0.43791288488051466,-0.14562657973345633,1.5918313947714091,9.284989082410524,-6.653877854239808,-0.605246860277,11.439031275483984
535,1790648562.0398872,1.662378360523897,0.19841093175551464,-0.29411779067095634,1.699815868312617,9.315788496966983,-6.647522728910116,-0.6076725352727503,11.460486013329616
536,1790648562.0651236,1.8539799230238971,-0.30454316980698537,-0.5048795094209564,1.9454797393663414,9.355477814924338,-6.6409074398148995,-0.6117864691660674,11.489164436702307
537,1790648562.0851235,1.7294389073988972,-0.7308566463694854,-0.5623599781709563,1.9599385492958652,9.387588867596753,-6.638004278481776,-0.6161585976412751,11.513886266835195
538,1790648562.1101413,1.5090971105238973,-0.9943087948069854,-0.7156412281709563,1.9437506105156934,9.427807664990747,-6.638154458307917,-0.6232052371213556,11.547165745237532
539,1790648562.1301413,1.3270756261488972,-1.1140597713694853,-0.7970718922334563,1.9072447386454996,9.4593912850794,-6.641419057917766,-0.6302626174454661,11.575221879258239
540,1790648562.1392086,0.9390824620863971,-1.6265939510569856,-0.02108556410845631,1.878331268234439,9.473103458998121,-6.6445408797124905,-0.6335386387274757,11.588398675132526
541,1790648562.1592085,0.5606693761488971,-2.2732492244944855,0.8267513499540438,2.483048525636744,9.501061598931114,-6.656243642278801,-0.6384722482474012,11.618235569304082
542,1790648562.1852357,1.0971537511488971,-2.3498898494944855,0.7501107249540437,2.699702716616849,9.535223833138458,-6.678213290251396,-0.6408514976175952,11.658890038941989
543,1790648562.2052357,1.379766055836397,-2.1295480526194854,0.2711068187040437,2.5519067742379615,9.561252687878762,-6.699282183348739,-0.6408737084129712,11.692247595896081
544,1790648562.2302341,1.1546342198988973,-1.8421457088694857,0.11782556870404369,2.1772835963898287,9.593658333110978,-6.729112951674674,-0.6401681035945042,11.735802338558933
545,1790648562.2502341,0.8576517980238971,-1.7750851619944856,0.2088363108915437,1.9824496320798173,9.618713964079031,-6.7548249727858884,-0.6391982702210346,11.770976729413512
546,1790648562.2592897,1.0013529698988972,-1.8373556698069855,0.026814826516543693,2.0926783466692465,9.62961955627261,-6.767174068978367,-0.6386649688482167,11.78694661991964
547,1790648562.2792897,1.1785844152113971,-2.0385373104319857,0.03639490464154369,2.354998976408765,9.653362381424941,-6.796170695825123,-0.6375689948159111,11.822936843993244
548,1790648562.30474,1.025303165211397,-2.0529074276194854,0.2998470530790437,2.314213417601745,9.683250179276873,-6.835344100865523,-0.6357417424480755,11.869769609170753
549,1790648562.32474,0.8289115636488972,-1.6074337948069857,0.4004378733915437,1.852373686782661,9.705995643875504,-6.867001257425869,-0.633470766734549,11.906441236604914
550,1790648562.3498526,0.8097514073988972,-1.2290207088694856,0.3477474437040437,1.5123218999992178,9.733357934692226,-6.906130864956917,-0.6296378146619624,11.951123126568438
551,1790648562.3698525,0.8720219152113972,-1.1188498104319855,0.2327865062040437,1.4375105830508965,9.754403483738434,-6.936141439035308,-0.6261722992449856,11.985430202300334
552,1790648562.379923,0.8145414464613971,-1.1571701229319855,0.16093592026654369,1.4242263976776623,9.764684812292437,-6.950705004041933,-0.6243916855739257,12.00213458155015
553,1790648562.399923,0.575039493336397,-1.0613693416819854,0.1800960765165437,1.2204957579343256,9.784124957135589,-6.9786173724843925,-0.6208743075628262,12.03393894425994
554,1790648562.4250479,0.5031889073988971,-0.9895187557444854,0.1705159983915437,1.123130513434158,9.806915001198533,-7.012286935376093,-0.6164577563611474,12.071775762917271
555,1790648562.4450479,0.512768985523897,-0.9990988338694854,0.1513558421415437,1.133154492249379,9.823859181133637,-7.038051424945923,-0.6129866134785834,12.10033593166863
556,1790648562.4699044,0.4361283605238971,-0.8170773494944854,0.11782556870404369,0.933652080033364,9.84352807440383,-7.068654956599586,-0.6088178609201347,12.133902382779072
557,1790648562.4899044,0.36427777458639704,-0.6877462948069853,0.1369857249540437,0.7902267724644234,9.858180695427032,-7.09184265605301,-0.6055845376399844,12.159140245680689
558,1790648562.4999695,0.2780570714613971,-0.6733761776194854,0.1465658030790437,0.7431236412652489,9.864933478546366,-7.102789056755773,-0.6039873834176713,12.170921315999138
559,1790648562.5199695,0.15351605583639705,-0.7069064510569854,0.11782556870404369,0.732916621851338,9.876986332456879,-7.123348021076684,-0.600893192814841,12.192539467645299
560,1790648562.5440755,0.14393597771139705,-0.7356466854319854,0.1082454905790437,0.757370911573385,9.88987234546854,-7.147018892080377,-0.5973144470617324,12.21663777813216
561,1790648562.5640755,0.10082562614889705,-0.7548068416819854,0.1321956858915437,0.7729003004958575,9.899326925455632,-7.165947675455768,-0.5944299926047372,12.235228918190655
562,1790648562.5894418,-0.00934527228860295,-0.7069064510569854,0.1657259593290437,0.7261330169160896,9.909693654384233,-7.189135080926372,-0.5907535636617397,12.257025793744926
563,1790648562.6094418,-0.07640581916360295,-0.6063156307444854,0.0795052562040437,0.616260966678253,9.916512599250336,-7.206644640830109,-0.5879218491086642,12.272677018929297
564,1790648562.6345549,-0.06682574103860295,-0.6446359432444854,0.06513513901654369,0.6513553295420021,9.923520739548763,-7.227688880363629,-0.5846271097590859,12.290546744431337
565,1790648562.6545548,0.01460492302389705,-0.7069064510569854,0.1130355296415437,0.7160356592264524,9.928186475997105,-7.243961810787895,-0.5821295239183439,12.30376951185866
566,1790648562.664199,0.06250531364889705,-0.7164865291819854,0.1417757640165437,0.7330485850174391,9.930154652142404,-7.251661358794752,-0.5809214986121891,12.309834835027324
567,1790648562.684199,0.05292523552389705,-0.6877462948069853,0.1513558421415437,0.7061902275777913,9.933797107842961,-7.267339722572548,-0.5783524117627639,12.321892838978185
568,1790648562.7091029,0.05292523552389705,-0.6685861385569853,0.1417757640165437,0.6854989952496466,9.937850030254591,-7.286467216527012,-0.5750857546627908,12.336295689815893
569,1790648562.7291028,0.13435589958639704,-0.7500168026194854,0.2184163890165437,0.7926426880734171,9.94089758515488,-7.301652058942234,-0.5723155592583677,12.34759542128599
570,1790648562.754531,0.27326703239889705,-0.7739669979319854,0.2136263499540437,0.848136782764807,9.944968437174534,-7.320968614533188,-0.5684978767089455,12.36212637482728
571,1790648562.774531,0.38343793083639705,-0.7739669979319854,0.11782556870404369,0.8717410311166837,9.94867507083806,-7.3362046394502824,-0.5654483791585567,12.373995557074505
572,1790648562.784703,0.36906781364889707,-0.7356466854319854,0.0986654124540437,0.8289281998299792,9.95085160133089,-7.343943113834445,-0.563964869879382,12.380266734824577
573,1790648562.804703,0.33074750114889706,-0.7883371151194855,0.1034554515165437,0.8611459499060797,9.955538810033111,-7.359161870968494,-0.5611824011546688,12.392939204585721
574,1790648562.8298767,0.36427777458639704,-0.8362375057444854,0.06992517807904369,0.9148119990472152,9.961865794017275,-7.378511378581698,-0.5578781417323647,12.409368569064817
575,1790648562.8498766,0.4073881261488971,-0.8937179744944854,0.06034509995404369,0.9840418864815151,9.967295956433313,-7.394173192022911,-0.5554513427561482,12.422934921786066
576,1790648562.8741376,0.4169682042738971,-0.8793478573069854,0.06513513901654369,0.9753756834474033,9.97439493903196,-7.41354821028101,-0.5527207656913379,12.440046290539822
577,1790648562.8941376,0.43133832146139706,-0.8649777401194854,0.055555060891543696,0.9681557742708612,9.980641743271564,-7.429741013172762,-0.5506263811516963,12.454615632044872
578,1790648562.9045105,0.47923871208639707,-0.9032980526194854,0.045974982766543694,1.0235872283634488,9.984104030316727,-7.43825523111639,-0.549624089648508,12.462425960114627
579,1790648562.9245105,0.48881879021139707,-0.9272482479319855,0.026814826516543693,1.0485476421592788,9.991230415859041,-7.454954897523525,-0.5478722615266087,12.47802876106026
580,1790648562.9490983,0.48881879021139707,-0.9128781307444854,-0.03066564223345631,1.035968470982042,10.000480237011836,-7.475799165111171,-0.5460487278686343,12.497813702450046
581,1790648562.9690983,0.47923871208639707,-0.9080880916819855,-0.01629552504595631,1.0269173625727546,10.008327622161083,-7.492942279714392,-0.5448583835196595,12.514298879990667
582,1790648562.9944723,0.45049847771139706,-0.9320382869944854,0.012444709329043692,1.0352773143627678,10.018559521569868,-7.5149311432001475,-0.543582052430474,12.535597569402197
583,1790648563.0144722,0.45049847771139706,-0.8937179744944854,0.0028646312040436907,1.0008440949852015,10.026766165270939,-7.532401834176781,-0.5427039744347969,12.552595139189311
584,1790648563.0238745,0.512768985523897,-0.9128781307444854,-0.02108556410845631,1.0472454894247691,10.03072478399188,-7.5406570296568844,-0.5423659459053072,12.56069699301677
585,1790648563.0438745,0.4936088292738971,-0.9032980526194854,-0.04503575942095631,1.0303520116105584,10.03939181419282,-7.558307273401964,-0.541853948111435,12.578195519991203
586,1790648563.0695648,0.44091839958639706,-0.8649777401194854,-0.006715446920956309,0.9708968138908428,10.050655442857233,-7.580985574510626,-0.5413946415535799,12.600798596512716
587,1790648563.0895648,0.4936088292738971,-0.9032980526194854,0.022024787454043692,1.0296029037768384,10.059510682764323,-7.598644836261649,-0.5410677418837676,12.61847505943577
588,1790648563.1151223,0.5510892980238971,-0.8985080135569854,0.03160486557904369,1.0545211862977724,10.071131696795266,-7.621279974634799,-0.5406098668550336,12.641355193732384
589,1790648563.1351223,0.5846195714613971,-0.8937179744944854,-0.01629552504595631,1.0680718165960361,10.080565158149742,-7.6390244282116875,-0.5402823401122878,12.659557382845367
590,1790648563.144706,0.6133598058363972,-0.9416183651194854,-0.04503575942095631,1.124670447985799,10.085268565342997,-7.647571088525623,-0.5401930194071577,12.668456657674005
591,1790648563.164706,0.517559024586397,-0.9320382869944854,0.050765021829043695,1.0673049235320433,10.095308040048838,-7.665541990134168,-0.5400259847632279,12.687293111227639
592,1790648563.1898177,0.34032757927389706,-0.9128781307444854,0.1992562327665437,0.9944206298655974,10.107638364218984,-7.688196055500818,-0.5393768335628828,12.7107686336521
593,1790648563.2098176,0.2972172277113971,-0.8410275448069854,0.3046370921415437,0.9425864254703489,10.116942005369204,-7.7061631541066555,-0.5381815349705068,12.728986819943609
594,1790648563.2347546,0.28284711052389705,-0.8889279354319854,0.5345589671415437,1.0751505251240514,10.12788706527437,-7.728440523683066,-0.5353452117413308,12.75105814553415
595,1790648563.2547545,0.3067973058363971,-0.8074972713694853,0.6111995921415437,1.0581783269239762,10.136232993112381,-7.7461720789430215,-0.5316929983532569,12.768284873535455
596,1790648563.2796066,0.30200726677389705,-0.6829562557444854,0.5872493968290438,0.9499997318530371,10.14618281978925,-7.7676784315048435,-0.5256016921271364,12.788983977103848
597,1790648563.2996066,0.08166546989889706,-0.7979171932444854,0.5489290843290437,0.9719383909853996,10.153564486298185,-7.784611114670015,-0.5197306808541305,12.804888205864225
598,1790648563.309683,-0.04287554572610295,-0.9895187557444854,0.3094271312040437,1.0376564122659244,10.156755019450573,-7.793213416179851,-0.516567711394144,12.81252083220609
599,1790648563.329683,0.0002348058363970495,-1.0901095760569854,0.16093592026654369,1.1019252757682623,10.162073769560596,-7.810845697951013,-0.5105259587139517,12.827224585611345
600,1790648563.3548653,0.09603558708639705,-0.7452267635569854,0.1274056468290437,0.7621141397143705,10.167947966245608,-7.833182928244927,-0.503515212257066,12.845211099884667
601,1790648563.3748653,0.20620648552389706,-0.3093332088694854,0.2902669749540437,0.4716599045186916,10.172366870510572,-7.849844141876029,-0.49815590246299546,12.858664786950673
602,1790648563.4142973,0.17746625114889705,0.13135038488051465,0.48186853745404373,0.5300419618230258,10.180907026794442,-7.8782924315889815,-0.4868909134811681,12.882368659819328
603,1790648563.4342973,0.15351605583639705,0.3852224551930147,0.5968294749540437,0.7267523247698747,10.18508534038562,-7.8897822278004766,-0.480416294839976,12.892456197691814
604,1790648563.4294271,0.11519574333639705,0.3564822208180147,0.7213704905790437,0.8128499355480192,10.18508534038562,-7.8897822278004766,-0.480416294839976,12.892456197691814
605,1790648563.4494271,0.07687543083639706,0.29421171300551463,0.8219613108915438,0.8764078733891351,10.188734885658954,-7.896161893033322,-0.47174268402405317,12.89892369041563
606,1790648563.4743438,0.10082562614889705,0.31337186925551463,0.8938118968290437,0.9525058751746078,10.192931681576516,-7.901782273303478,-0.4593513404821191,12.905232388995639
607,1790648563.4943438,0.02897504021139705,0.34690214269301467,0.8028011546415438,0.8750259101615521,10.195989747481942,-7.904626503032215,-0.44835213076385794,12.909002545369518
608,1790648563.5189953,0.0002348058363970495,0.16967069738051466,0.6782601390165437,0.6991602225971614,10.199247660394066,-7.906651303461668,-0.43409007695224455,12.912328289951985
609,1790648563.5389953,0.25410687614889704,-0.15605195886948536,0.38127771714154374,0.48404051066188813,10.20187586768807,-7.908027201609421,-0.4226654913137046,12.914867849059014
610,1790648563.54957,0.4744486730238971,-0.3189132869944854,0.2327865062040437,0.6172493705354822,10.20363488901924,-7.909022272075473,-0.4170439164551855,12.91668393500626
611,1790648563.56957,0.5223490636488971,-0.4817746151194854,0.3237972483915437,0.7808969087749951,10.207957871407555,-7.911822969305951,-0.40717184735754286,12.921498965497356
612,1790648563.594051,0.7379008214613971,-0.6733761776194854,0.2615267405790437,1.0326322360534421,10.214769553441272,-7.916857842923779,-0.3958259021281835,12.929610716482154
613,1790648563.6140509,1.1594242589613972,-0.9272482479319855,-0.025875603170956312,1.4848311258862346,10.222345710194453,-7.9227550968775695,-0.3875935684619045,12.938957798761981
614,1790648563.6398015,1.2935453527113971,-1.1715402401194854,-0.1552066578584563,1.7521002312607763,10.235374494534698,-7.93326245554103,-0.37893380059340565,12.955428787079974
615,1790648563.6598015,1.0348832433363973,-1.3391916073069856,-0.1552066578584563,1.6995607064955107,10.247468440624331,-7.943965268472429,-0.3736824387116729,12.97138513009653
616,1790648563.6695483,1.0732035558363973,-1.6313839901194855,-0.3180679859834563,1.9784708335443393,10.254019255300793,-7.9505703088713915,-0.37185308812958356,12.980552909777698
617,1790648563.6895483,1.4132963292738971,-2.2492990291819854,-0.5767300953584563,2.718339610848922,10.2691746857269,-7.96791159046661,-0.37000459960745297,13.003094525657998
618,1790648563.7149153,1.4468266027113972,-2.5127511776194855,-0.5575699391084563,2.952644566475776,10.290955206856344,-7.995667143791228,-0.3701697811659028,13.037310988494317
619,1790648563.7349153,1.3079154698988973,-2.3690500057444854,-0.38033849379595636,2.7327089446155397,10.309683767767991,-8.021590522758677,-0.3716873406810418,13.068039079579354
620,1790648563.7593243,1.3941361730238973,-2.2780392635569857,-0.4378189625459563,2.706430120879863,10.334059101660852,-8.05699039902979,-0.37475941927904255,13.109092891158262
621,1790648563.7793243,1.4899369542738972,-2.3977902401194857,-0.4473990406709563,2.8582295332804413,10.355361705043972,-8.08865881106826,-0.3782268315292512,13.145454459251383
622,1790648563.7894084,1.5282572667738972,-2.5271212948069857,-0.32285802504595634,2.9708836423614327,10.366774203045225,-8.105955927055229,-0.38029543845922287,13.165149201159805
623,1790648563.8094084,1.5569975011488972,-2.5127511776194855,-0.21747716567095632,2.96402699326445,10.390641405689829,-8.142675412470728,-0.384593222645325,13.20668405169882
624,1790648563.8345444,1.6527982823988971,-2.5558615291819855,-0.29411779067095634,3.0578874396292592,10.422189384674002,-8.191457478707989,-0.3901489213903558,13.26175792933782
625,1790648563.8545444,1.580947696461397,-2.4361105526194855,-0.3084879078584563,2.920478562295142,10.44837653864823,-8.231937732940386,-0.3948102610978442,13.307488353353934
626,1790648563.879562,1.5234672277113972,-2.3834201229319856,-0.2989078297334563,2.8444665171141907,10.482044745419843,-8.28402109678977,-0.40090607033130676,13.366338064491345
627,1790648563.899562,1.4468266027113972,-2.3930002010569855,-0.3372281422334563,2.8166433924951173,10.509378525916372,-8.32657759987703,-0.40600252014479377,13.414312117068471
628,1790648563.9093437,1.3941361730238973,-2.3498898494944855,-0.5192496266084563,2.7812260153435853,10.522826194880027,-8.347749114056874,-0.4087496039977382,13.438075109094267
629,1790648563.9293437,1.3749760167738971,-2.3738400448069856,-0.6629507984834564,2.8222649355158875,10.550350739696857,-8.39162895466893,-0.4152970960483215,13.487097868757612
630,1790648563.9545515,1.1594242589613972,-2.3259396541819854,-0.8018619312959564,2.7197872056515893,10.584630121666533,-8.447524094724807,-0.4250809738715114,13.549012952159806
631,1790648563.9745514,1.1354740636488971,-2.498381060431986,-0.8785025562959563,2.8814885066165234,10.611190306767627,-8.492455967139277,-0.4341997156550171,13.598076977032953
632,1790648564.0000544,1.1881644933363973,-2.8193136776194856,-0.9072427906709564,3.191136781346433,10.644422698757738,-8.551327762467963,-0.44749892225738225,13.661229680244961
633,1790648564.0200543,1.068413516773897,-3.0157052791819856,-0.6821109547334564,3.271278210161687,10.669959932615146,-8.599323614700605,-0.45874806468651597,13.711559407332695
634,1790648564.0445726,0.9630326573988972,-3.0875558651194854,-0.4952994312959563,3.2719649518435574,10.700305974707273,-8.660559670052368,-0.47263507450437586,13.774078033195018
635,1790648564.0645726,1.068413516773897,-3.2264669979319858,-0.5431998219209563,3.44189813592796,10.724393883926467,-8.712489349090564,-0.48382152411419854,13.825851803878564
636,1790648564.0743597,1.1546342198988973,-3.3462179744944858,-0.6198404469209563,3.5936829429195174,10.736045070134814,-8.738914128160408,-0.4893282514497259,13.851740902319625
637,1790648564.0943596,1.260015079273897,-3.5857199276194858,-0.6294205250459564,3.8524272344424912,10.759904938201434,-8.795211383550345,-0.5007672258922834,13.906188024580748
638,1790648564.1349812,1.221694766773897,-3.729421099494486,-0.5384097828584563,3.9611873137728635,10.808657812936776,-8.914690288270382,-0.5240735848553719,14.020465034202134
639,1790648564.1549811,1.2121146886488972,-3.839591997931986,-0.5240396656709564,4.060333274525416,10.832711455352564,-8.976045360023027,-0.5354208987656404,14.078483700986856
640,1790648564.1645484,1.3462357823988973,-4.088674029181986,-0.5527799000459563,4.339950658315512,10.844327612555512,-9.00668176663426,-0.5408074843960068,14.107169473322234
641,1790648564.1845484,1.3749760167738971,-4.313805865119486,-0.5479898609834564,4.560676811218194,10.869050076746753,-9.073723043341472,-0.5520300154000027,14.169454349974
642,1790648564.1944933,1.3079154698988973,-4.251535357306985,-0.5815201344209563,4.486018439281013,10.881500341473222,-9.10844728376806,-0.5576157888931726,14.201471648061215
643,1790648564.2144933,1.2839652745863972,-4.189264849494486,-0.6533707203584563,4.430056444761794,10.906670822643692,-9.180466594068259,-0.5690165259299335,14.2674530006267
644,1790648564.2548265,1.2839652745863972,-4.165314654181985,-0.8066519703584564,4.43273058012441,10.957585174856629,-9.329192186123096,-0.5929758395983696,14.403267686750997
645,1790648564.2748265,1.264805118336397,-4.194054888556986,-0.7539615406709563,4.445029403773344,10.982868107773392,-9.404417258879487,-0.6054153172968697,14.471799596396915
646,1790648564.2849145,1.2025346105238972,-4.227585161994486,-0.4857193531709563,4.422045802733009,10.995574670340526,-9.443040973536084,-0.6116865460508607,14.506820657522967
647,1790648564.3049145,1.2456449620863972,-4.007243365119486,-0.1743668141084563,4.200004112465569,11.020659710383827,-9.52048090043752,-0.6232447886269626,14.576794266718029
648,1790648564.3142376,1.3079154698988973,-3.6240402401194856,-0.04503575942095631,3.853094698814548,11.03238476692283,-9.556501206693454,-0.6279779593005118,14.609400578953661
649,1790648564.3342376,1.226484805836397,-3.1258761776194857,-0.09772618910845632,3.3593030921300047,11.057566091588047,-9.632306296168053,-0.6368226702947878,14.678441183124244
650,1790648564.359781,1.1690043370863972,-3.0444455135569854,0.022024787454043692,3.261242817762342,11.089492059650446,-9.726420976534952,-0.6465694939784323,14.764760454012551
651,1790648564.379781,1.226484805836397,-2.9534347713694857,0.1034554515165437,3.1996476303071817,11.114333042753143,-9.798054118181245,-0.6528680966879031,14.830930525078852
652,1790648564.404555,1.2743851964613973,-2.6995627010569856,0.0842952952665437,2.986436355039584,11.145134848802291,-9.883980177320426,-0.6591510389449031,14.91112252769028
653,1790648564.424555,1.264805118336397,-2.5654416073069854,0.06992517807904369,2.861138262720133,11.17007984714588,-9.950840185994437,-0.6632310669392358,14.974303978715326
654,1790648564.4345756,1.1785844152113971,-2.4840109432444857,-0.03545568129595631,2.749659741726912,11.182539506877298,-9.983108803727534,-0.6649427291527125,15.005125792308
655,1790648564.4545755,1.106733829273897,-2.4073703182444857,-0.06419591567095631,2.6503608685634967,11.207105560962367,-10.045190270751712,-0.6679960780650297,15.064902302719018
656,1790648564.4794908,1.260015079273897,-2.378630083869486,-0.09772618910845632,2.6935236185940945,11.237541106276858,-10.11987151735405,-0.6715318368247067,15.137538923183154
657,1790648564.4994907,1.3701859777113972,-2.2828293026194855,-0.1695767750459563,2.667859726644205,11.262252980156852,-10.177819704383712,-0.6743452859644146,15.19477205122524
658,1790648564.5242777,1.2552250402113971,-2.182238482306986,-0.11688634535845631,2.5202018000482536,11.293166308051806,-10.24716566575551,-0.6778416446843178,15.264320447960445
659,1790648564.5442777,1.1115238683363973,-2.1439181698069856,0.050765021829043695,2.4154601044420807,11.317918152762784,-10.301215415670546,-0.6803387837086587,15.319046028173688
660,1790648564.5547695,1.1258939855238972,-2.1582882869944857,0.1465658030790437,2.438714237266983,11.330715697059404,-10.328701770672874,-0.6812969905241012,15.347031115638833
661,1790648564.5747695,1.0971537511488971,-2.1726584041819854,0.0938753733915437,2.435775745148167,11.354786178331118,-10.379734436829002,-0.682488915486619,15.399215799983951
662,1790648564.5993042,0.9869828527113972,-2.1534982479319855,0.04118494370404369,2.369258545406213,11.38372011652245,-10.44090808904464,-0.6834832415965703,15.461849655094278
663,1790648564.6193042,0.9726127355238972,-2.2540890682444856,0.04118494370404369,2.4553185659849674,11.40670770145614,-10.489906409482725,-0.684048650928636,15.51189993595249
664,1790648564.645021,0.9342924230238971,-2.3594699276194855,-0.04503575942095631,2.538115224076162,11.435510270000236,-10.552358264259361,-0.6846740504154443,15.57536319409201
665,1790648564.665021,0.8384916417738971,-2.3882101619944858,-0.13604650160845633,2.534782961473884,11.457209275434511,-10.600763346228627,-0.6853590915757224,15.624133415593086
666,1790648564.690002,0.8528617589613972,-2.2971994198069856,-0.15041661879595633,2.4550200637612494,11.483415869134372,-10.66093322668847,-0.6866231065793658,15.684252885550082
667,1790648564.710002,0.9486625402113972,-2.3067794979319856,-0.1647867359834563,2.499669365263287,11.503952157961656,-10.708785751721473,-0.687956093529129,15.731887716214075
668,1790648564.719076,0.9678226964613972,-2.3498898494944855,-0.20310704848345632,2.5494931946735386,11.513176118897915,-10.730408887610775,-0.6887205215869441,15.753388054540284
669,1790648564.739076,0.9007621495863971,-2.2876193416819857,-0.14083654067095633,2.4626022077780223,11.533259978518105,-10.777875841855636,-0.6906685836777249,15.800497349356512
670,1790648564.7645988,0.8672318761488972,-2.182238482306986,0.06034509995404369,2.349020530297404,11.558429800534862,-10.83792079120841,-0.6929357762623296,15.859949133601411
671,1790648564.7845988,0.9438725011488972,-2.1439181698069856,0.1513558421415437,2.3473791786168645,11.577911233318638,-10.884403957730406,-0.6941283265016577,15.905976618092811
672,1790648564.8092492,1.0492533605238972,-2.1870285213694856,0.11782556870404369,2.428561144483441,11.602005607988596,-10.941108540531587,-0.6948800342295811,15.962369764087756
673,1790648564.8292491,1.0779935948988972,-2.3211496151194857,-0.02108556410845631,2.5593456834562534,11.621813043615079,-10.986976840864564,-0.6952533359374689,16.008234622330097
674,1790648564.8393788,0.9486625402113972,-2.3067794979319856,0.2519466624540437,2.506924288446186,11.631880092055644,-11.010239667317995,-0.6952386555380788,16.031511743934114
675,1790648564.8593788,1.0300932042738973,-2.4073703182444857,0.2758968577665437,2.6329912523176513,11.651743079189856,-11.056351336281072,-0.6944222538771044,16.07756959000373
676,1790648564.884925,1.101943790211397,-2.6372921932444857,0.012444709329043692,2.8582765961544125,11.677393394697507,-11.116080547533139,-0.6929834294779754,16.137192731925236
677,1790648564.9049249,0.9821928136488972,-2.8336837948069857,0.0795052562040437,3.0001312734444348,11.697588949401936,-11.164034623082912,-0.6918880193137149,16.184806619970292
678,1790648564.9299948,0.9390824620863971,-2.900744341681986,0.37169763901654373,3.0715391485782466,11.72271925830446,-11.225910580516967,-0.6898725156702222,16.24558830140239
679,1790648564.9499948,1.1211039464613972,-3.0396554744944857,0.11782556870404369,3.2419534739160043,11.742850446884528,-11.276779380229465,-0.6877715145724588,16.295193139834883
680,1790648564.9598083,1.1929545323988973,-3.4276486385569855,-0.24621740004595633,3.6376556618044567,11.752949869678444,-11.3027555829488,-0.6869897355680675,16.320418784572617
681,1790648564.9798083,1.0013529698988972,-3.533029497931986,-0.28453771254595633,3.6832006344270423,11.77373653328881,-11.358195102868805,-0.6864315936134149,16.373779535673588
682,1790648565.0049098,1.0348832433363973,-3.446808794806986,-0.1791568531709563,3.60327231462394,11.799745417230579,-11.430478911258948,-0.6867091158710891,16.44267038719715
683,1790648565.0249097,1.3941361730238973,-3.4324386776194857,-0.1887369312959563,3.709565011397824,11.821003506034813,-11.489752111105163,-0.6874489084667433,16.49918523643168
684,1790648565.0495431,1.6336381261488973,-3.4420187557444857,-0.2701675953584563,3.819588612885669,11.84885287170185,-11.564507056553381,-0.6890712414072836,16.571299195055428
685,1790648565.0695431,1.5234672277113972,-3.3510080135569855,-0.35159825942095635,3.6978140078783883,11.872807902927294,-11.626286398747368,-0.6911234921638562,16.631649184820233
686,1790648565.079317,1.3510258214613973,-3.216886919806986,-0.39470861098345633,3.5113283971547307,11.884865822300956,-11.656763753815909,-0.6925230635853437,16.66162552153815
687,1790648565.099317,1.3606058995863972,-3.1641964901194854,-0.40428868910845633,3.467973065958675,11.90990575120639,-11.719345002591648,-0.6961558499164355,16.723442685636286
688,1790648565.1244216,1.3893461339613973,-3.0013351619944855,-0.33243810317095634,3.323975109265689,11.941799651388683,-11.79772434715441,-0.7014189647937641,16.80133528174232
689,1790648565.1444216,1.3318656652113972,-2.8815841854319855,-0.22705724379595632,3.1826009111826967,11.967478999327906,-11.859624715359999,-0.7058222209024084,16.863257010318375
690,1790648565.169165,1.3462357823988973,-2.8672140682444858,-0.39470861098345633,3.192031043479176,11.999453081047374,-11.9353869759245,-0.7116064912792832,16.939501772713278
691,1790648565.1891649,1.1115238683363973,-2.7235128963694857,-0.7300113453584564,3.0308289907093866,12.025107621983018,-11.995825785185634,-0.7172676728521838,17.000515359932987
692,1790648565.1997373,0.9151322667738971,-2.6229220760569856,-0.7827017750459564,2.886140909834083,12.038241948922979,-12.027222048014607,-0.721010884476017,17.032122478088
693,1790648565.2197373,0.8193314855238971,-2.575021685431986,-0.6102603687959564,2.770281300037734,12.061963032004241,-12.08550269400122,-0.7291192367747075,17.09040498097054
694,1790648565.2450538,0.9342924230238971,-2.4696408260569855,-0.5863101734834564,2.704771295503096,12.090815430397972,-12.157788311409014,-0.7401154001786269,17.162383435949828
695,1790648565.2650537,0.9965629308363971,-2.2732492244944855,-0.7731216969209563,2.5997147670527143,12.11308606154397,-12.213442344993577,-0.749538456561809,17.21792193462144
696,1790648565.2900105,0.8720219152113972,-2.0576974666819856,-1.0461539234834563,2.467585685770252,12.140205177954073,-12.280578863504706,-0.7629383581224332,17.285232828165086
697,1790648565.3100104,0.5846195714613971,-1.8373556698069855,-0.9168228687959563,2.1349988462420373,12.160863112509958,-12.33215342866747,-0.7750105529435357,17.336932865607285
698,1790648565.3199499,0.4361283605238971,-1.7607150448069855,-0.5719400562959563,1.901957108837828,12.170350490839787,-12.356622088282489,-0.7812199745157157,17.36127429514024
699,1790648565.3399498,0.42175824333639705,-1.5116330135569855,-0.6773209156709563,1.7092916680025443,12.187864129607107,-12.403380764805114,-0.7937141958640841,17.407408441902465
700,1790648565.3647113,0.41217816521139705,-1.3344015682444856,-0.7300113453584564,1.5758917950044795,12.207843529753923,-12.457873218670843,-0.8094762091375272,17.460965051009943
701,1790648565.3847113,0.28284711052389705,-1.1859103573069854,-0.29411779067095634,1.254149567750539,12.222602938589558,-12.499065517372635,-0.8218338232223272,17.501259161414186
702,1790648565.409701,0.25889691521139707,-0.8362375057444854,-0.0019254078584563096,0.8753996149845835,12.239293811803188,-12.546604582405703,-0.8355133219425657,17.547526380377125
703,1790648565.429701,0.2876371495863971,-0.5392550838694854,0.0842952952665437,0.6169577555273512,12.251468007976396,-12.581007491201103,-0.8446955981237084,17.581061643075397
704,1790648565.4541914,0.12477582146139705,-0.3716037166819854,0.2615267405790437,0.47122665874410175,12.264896922768534,-12.618488498316585,-0.8536176910767719,17.617678952427422
705,1790648565.4741914,-0.06682574103860295,-0.22790254480698538,0.36211756089154373,0.43305239579166316,12.274305530578031,-12.645405202319052,-0.8588754973823659,17.64376706116979
706,1790648565.4853992,0.005024844898897049,-0.13210176355698536,0.2806868968290437,0.310259986225491,12.278735209720024,-12.658529124991166,-0.8608396300770212,17.65635134526324
707,1790648565.5053992,0.30200726677389705,-0.002770708869485361,0.16093592026654369,0.34222278773325215,12.285914680523248,-12.678637757204074,-0.8631563866369306,17.675876042315117
708,1790648565.5298288,0.20141644646139706,0.22236112706801464,0.4483382640165437,0.5394629317362433,12.29429119980953,-12.699113353651958,-0.8644454534912495,17.696449983448016
709,1790648565.5498288,-0.10035601447610296,0.4953933536305147,0.6543099437040437,0.8268055435789028,12.300271822590515,-12.712285232215297,-0.8636885155274308,17.71002090870215
710,1790648565.5749516,-0.04287554572610295,0.5001833926930147,0.5345589671415437,0.7333314585497064,12.30638759461989,-12.724473274239132,-0.8606402292000439,17.722869331458654
711,1790648565.5949516,0.3163773839613971,0.28942167394301466,0.4195980296415437,0.5999350472420325,12.310936226880159,-12.731536190889724,-0.8571463009752016,17.73092959614697
712,1790648565.604514,0.4073881261488971,0.10740018956801464,0.3860677562040437,0.5714439591305346,12.313303835878076,-12.734121944882485,-0.8551485833262237,17.734333710668476
713,1790648565.6245139,0.3882279698988971,0.18404081456801466,0.36211756089154373,0.5618906530141947,12.318706445837392,-12.738281793679775,-0.8504747203811034,17.740847183940136
714,1790648565.6501417,0.44091839958639706,0.18883085363051466,0.3333773265165437,0.5841288969157208,12.326184579091743,-12.74209594497576,-0.8440472172694021,17.748471794883834
715,1790648565.6701417,0.25889691521139707,0.39001249425551465,0.2998470530790437,0.5559187113432791,12.332194847371358,-12.74375776061445,-0.8388337604922251,17.753592134903155
716,1790648565.695265,0.3355375402113971,0.43312284581801463,0.3333773265165437,0.6413433419752081,12.339732337816425,-12.743981159559175,-0.8320739705420754,17.758671038582964
717,1790648565.715265,0.6468900792738972,0.28942167394301466,0.1944661937040437,0.7348801130148401,12.346306299880172,-12.743048509054379,-0.8267081231812956,17.762319974471463
718,1790648565.724906,0.7570609777113971,0.2654714786305147,0.01723474839154369,0.8024421888782569,12.350015069883517,-12.74226513829274,-0.824356446280311,17.764226879642816
719,1790648565.744906,0.5079789464613971,0.30379179113051463,0.0795052562040437,0.5972044441984569,12.358452351441722,-12.740029916117905,-0.8200645932498846,17.76829234123349
720,1790648565.7697752,0.4457084386488971,0.35169218175551464,0.1944661937040437,0.6001337379988982,12.369148878461989,-12.736444813238483,-0.8150173439572717,17.77293233344397
721,1790648565.7897751,0.5846195714613971,0.18404081456801466,0.2375765452665437,0.6573383296471856,12.378006255185456,-12.733190525220648,-0.8109191033868733,17.776579243409486
722,1790648565.8142154,0.5606693761488971,0.04991972081801464,0.1321956858915437,0.5782022373236528,12.38930586920706,-12.72938139840071,-0.8059844060876722,17.781497731337904
723,1790648565.8342154,0.29242718864889705,0.07865995519301465,-0.03545568129595631,0.3048903975992441,12.398445209532204,-12.726539006579605,-0.802406858261946,17.78567107156629
724,1790648565.8449428,0.07208539177389706,0.11698026769301464,-0.09293615004595632,0.16588494422969824,12.402905244006428,-12.725085713626676,-0.8008790982779811,17.787671917398477
725,1790648565.8649428,0.11519574333639705,0.11698026769301464,-0.02108556410845631,0.16552656380812794,12.410254091922917,-12.722431704021238,-0.7986290518108611,17.7907977182579
726,1790648565.8900905,0.15830609489889705,0.16967069738051466,0.01723474839154369,0.23269293453787676,12.418624218711107,-12.719054513453171,-0.7962315162223537,17.794115876580587
727,1790648565.9100904,0.01939496208639705,0.16967069738051466,0.1274056468290437,0.21306456520935146,12.424549027173235,-12.716262500274613,-0.7943938070492951,17.7961740839204
728,1790648565.934248,-0.11472613166360296,0.11698026769301464,0.2711068187040437,0.3167733818739367,12.430459280486096,-12.712876593879772,-0.7917850082576324,17.797765947285086
729,1790648565.954248,0.06250531364889705,0.09303007238051464,0.0938753733915437,0.1461988178162619,12.434540076322369,-12.710178869516655,-0.7894016877050759,17.798583899550167
730,1790648565.964266,0.07687543083639706,0.04033964269301464,-0.31327794692095634,0.32508489762812925,12.43638228201919,-12.708930050725897,-0.7885517910305951,17.79894157600115
731,1790648565.984266,-0.14346636603860297,-0.21353242761948538,-0.5288297047334564,0.5880812464599324,12.439408480983094,-12.70707068757863,-0.7883727402186808,17.799720795377496
732,1790648566.0101852,-0.17220660041360297,-0.6111056698069854,-0.39470861098345633,0.7475962416175888,12.442128392637692,-12.706625521401081,-0.7899708067550785,17.801374805208937
733,1790648566.0301852,0.00981488396139705,-0.8793478573069854,-0.1552066578584563,0.8929938928912974,12.443668751398349,-12.708569222257255,-0.7918438248896499,17.803922048651188
734,1790648566.0551603,0.01939496208639705,-0.9847287166819854,0.1705159983915437,0.9995711659106357,12.445358465357701,-12.714124003294838,-0.793803246981822,17.809155513311897
735,1790648566.0751603,-0.07640581916360295,-0.9176681698069854,0.3956478343290437,1.0022424496538878,12.446423100876409,-12.720758615136997,-0.7942877382543083,17.81465803100787
736,1790648566.100278,-0.05724566291360295,-0.7979171932444854,0.5249788890165438,0.9568446828564288,12.447307824170656,-12.731072925453157,-0.7930706354467787,17.82258822213189
737,1790648566.120278,0.11998578239889705,-0.8027072323069854,0.5153988108915437,0.9614423659503638,12.448000727945262,-12.740454736109582,-0.7906863173767166,17.82966892172341
738,1790648566.1298597,0.15830609489889705,-0.8745578182444854,0.4962386546415437,1.0179219024537896,12.448482887491716,-12.745480605282602,-0.7889883601004886,17.833521937412787
739,1790648566.1498597,-0.05724566291360295,-0.8745578182444854,0.4962386546415437,1.0071649545806394,12.449489922777449,-12.75702114533448,-0.7844871392122247,17.84227586131987
740,1790648566.1748593,-0.31590777228860295,-0.8601877010569854,0.5106087718290437,1.0490195038753158,12.449860230447412,-12.77253539194986,-0.7778168503148996,17.853338039395368
741,1790648566.1948593,-0.44523882697610295,-0.7404367244944854,0.4243880687040437,0.9625951323820034,12.448970324455132,-12.785486164913731,-0.7718784950553638,17.861727660657404
742,1790648566.219978,-0.27758745978860294,-0.5967355526194854,0.2902669749540437,0.7193073295476304,12.44665856306673,-12.80183089315249,-0.7641926494949987,17.871490536829267
743,1790648566.239978,-0.10993609260110296,-0.5775753963694854,0.2327865062040437,0.6323518327785979,12.444512718576366,-12.81465418438991,-0.7582064240347908,17.878929935814348
744,1790648566.2501411,-0.15783648322610297,-0.5823654354319854,0.1657259593290437,0.6257211434965273,12.443381757841756,-12.821077101161068,-0.755317030455526,17.88262484709115
745,1790648566.2701411,-0.16741656135110297,-0.6206857479319854,0.06992517807904369,0.6466595961013041,12.441002096387294,-12.833625427284305,-0.7501304032825258,17.889750428445897
746,1790648566.294815,-0.04287554572610295,-0.6637960994944854,-0.03545568129595631,0.6661236217561755,12.438117525023257,-12.849161138599015,-0.7446276935759734,17.89866419412393
747,1790648566.314815,0.12477582146139705,-0.6494259823069853,-0.006715446920956309,0.661338195890807,12.43625294773803,-12.8618348482608,-0.740899663508994,17.906314957451364
748,1790648566.3395154,0.17746625114889705,-0.6590060604319854,0.1082454905790437,0.6910139971184569,12.434855486493317,-12.877563214777823,-0.7367980088520037,17.916476680040084
749,1790648566.3595154,0.24931683708639707,-0.7021164119944854,0.15614588120404368,0.76125414774815,12.434533861701647,-12.890429901033524,-0.7335784697669413,17.925371760791172
750,1790648566.3700812,0.37385785271139704,-0.7595968807444854,0.38127771714154374,0.9285094576036346,12.434883261115091,-12.897365932011857,-0.7317068798450678,17.930526056415438
751,1790648566.3900812,0.594199649586397,-0.6781662166819854,0.1992562327665437,0.923409815473969,12.436897519043491,-12.910682438091898,-0.7278247483272899,17.941345261175996
752,1790648566.4144886,0.3546976964613971,-0.4434543026194854,0.1705159983915437,0.5929062995906018,12.440723946700704,-12.926549035567163,-0.7231208673137908,17.955227263270142
753,1790648566.4344885,0.09124554802389706,-0.2614328182444854,0.3573275218290437,0.4520573263933692,12.444058005245187,-12.938657605681232,-0.7190528036218439,17.96609243016845
754,1790648566.4596627,0.11040570427389705,-0.4865646541819854,0.2854769358915437,0.5748318564254028,12.448005850961264,-12.953024853716904,-0.7134867203508584,17.978953412996283
755,1790648566.4796627,0.08166546989889706,-0.8122873104319854,0.055555060891543696,0.8182703028054357,12.450959919847637,-12.964675267581045,-0.7092164219241168,17.98922443165927
756,1790648566.4892426,0.09124554802389706,-0.8362375057444854,0.03160486557904369,0.8417943831935498,12.45228689243082,-12.970603139410144,-0.7074151632346986,17.994344413305395
757,1790648566.5092425,0.18225629021139705,-0.4003439510569854,0.1465658030790437,0.4636530697641761,12.455051920904934,-12.982977300979371,-0.7039514880729967,18.005042783835407
758,1790648566.5347466,0.21099652458639706,-0.10336152918198536,0.2423665843290437,0.33755695860358725,12.458801223911662,-12.997353466090887,-0.699453168043547,18.017828942293065
759,1790648566.5547466,0.07687543083639706,0.04033964269301464,0.4531283030790437,0.4613701092292125,12.461732161366236,-13.007030554439066,-0.6954115330819897,18.02668049048644
760,1790648566.5801263,-0.05724566291360295,0.32295194738051464,0.5824593577665437,0.6684563782993614,12.46493094219304,-13.016777098762795,-0.6890808636322906,18.035681907517144
761,1790648566.6001263,0.0002348058363970495,0.4858132755055147,0.6447298655790438,0.8072739270908913,12.466988056230143,-13.022092452081367,-0.6829996272846843,18.040708730967598
762,1790648566.610212,0.09124554802389706,0.5864040958180147,0.7692708812040437,0.9715828334706056,12.467939032739011,-13.023559802180511,-0.6793233167579044,18.042286269033646
763,1790648566.630212,0.01939496208639705,0.6630447208180147,0.8602816233915437,1.0863189853372541,12.469707895577647,-13.024158897670885,-0.6706824478381432,18.04361784506226
764,1790648566.655215,-0.05245562385110295,0.6678347598805147,0.7644808421415438,1.0164574840984335,12.471525540316524,-13.02229981838958,-0.658453640278234,18.04308186145572
765,1790648566.675215,-0.01892535041360295,0.5816140567555147,0.6495199046415437,0.872071778255348,12.472654320054602,-13.019161623724145,-0.6480180432183267,18.041219541831556
766,1790648566.714866,0.02897504021139705,0.5816140567555147,0.7022103343290437,0.9122575390805857,12.47458638677496,-13.010414016476561,-0.6264125334580183,18.035480893597327
767,1790648566.734866,0.09603558708639705,0.45707304113051467,0.7788509593290437,0.9081560525389334,12.47560225924011,-13.005105527239492,-0.6149277703493515,18.031959340796522
768,1790648566.7300768,0.14872601677389705,0.39001249425551465,0.6543099437040437,0.7761125409184071,12.47560225924011,-13.005105527239492,-0.6149277703493515,18.031959340796522
769,1790648566.7500768,0.30200726677389705,0.34690214269301467,0.4674984202665437,0.6558233441567618,12.477324397124033,-12.999084739836835,-0.6031200396534067,18.028410411535372
770,1790648566.774657,0.531929141773897,0.25110136144301465,0.3237972483915437,0.6714500455378533,12.480660824559886,-12.991692626567298,-0.5893261936308059,18.02493487598239
771,1790648566.794657,0.7714310948988972,0.03554960363051464,0.2567367015165437,0.8138079886562879,12.484923375578443,-12.986150177890686,-0.5789154070932089,18.023555453499323
772,1790648566.820096,0.8816019933363972,-0.03151094324448536,0.0938753733915437,0.8871457602492772,12.492685739445749,-12.98015020110595,-0.566990743633104,18.024232985932787
773,1790648566.840096,0.8624418370863972,0.01638944738051464,-0.07856603285845631,0.8661680886880527,12.500489110984937,-12.97616331487218,-0.5589989564016044,18.02652274348399
774,1790648566.8651786,0.8720219152113972,-0.16563203699448537,-0.34201818129595635,0.9512269070126692,12.512070454002405,-12.972194004512875,-0.5512708237320948,18.031462055466772
775,1790648566.8851786,1.0444633214613972,-0.6302658260569854,-0.43302892348345634,1.2944700421202144,12.522794554228108,-12.9706976089853,-0.5471955713674356,18.037705034301517
776,1790648566.8950107,1.2025346105238972,-0.9416183651194854,-0.4473990406709563,1.591508886758552,12.528932757061066,-12.971231439763054,-0.5461418969623552,18.04231892153758
777,1790648566.9150107,1.2121146886488972,-0.9464084041819855,-0.4569791187959563,1.6042882537001366,12.54316780959979,-12.974986481879931,-0.5456766376581198,18.05489119041245
778,1790648566.9402616,1.1977445714613972,-0.9320382869944854,-0.6342105641084563,1.6448435994086572,12.56300820225733,-12.982573697660962,-0.5472438528391819,18.07417690351772
779,1790648566.9602616,1.3318656652113972,-1.1188498104319855,-0.5863101734834564,1.8356063488675582,12.580160007079341,-12.990758062049908,-0.5501297478711784,18.09206631565134
780,1790648566.984372,1.3989262120863972,-1.2338107479319855,-0.4090787281709563,1.909614860231468,12.602673300075788,-13.003398748401795,-0.5548868297556768,18.116943801652
781,1790648567.004372,1.4564066808363971,-1.2625509823069856,-0.3994986500459563,1.9684396293251585,12.622830230637577,-13.016056130048325,-0.5594538734662219,18.140191532853308
782,1790648567.0143585,1.504307071461397,-1.3200314510569855,-0.3755484547334563,2.0362856967726954,12.63360305680504,-13.023362683872628,-0.5619727842093043,18.153008433942613
783,1790648567.0343585,1.4899369542738972,-1.4828927791819855,-0.39470861098345633,2.1388496931401093,12.656432707325381,-13.040004813910278,-0.5674160419030739,18.181005895892223
784,1790648567.0595977,1.4037162511488972,-1.6313839901194855,-0.42344884535845634,2.1934315493292917,12.686398867154686,-13.063751444536711,-0.574803576451662,18.219130527351748
785,1790648567.0795977,1.4324564855238973,-1.6984445369944856,-0.5575699391084563,2.290748712793111,12.710836949021884,-13.084740820610328,-0.5812510066707622,18.251401891907427
786,1790648567.1049244,1.542627383961397,-1.7559250057444855,-0.6677408375459564,2.430812559140036,12.742792968361668,-13.113895103232789,-0.590518420283193,18.294855271846625
787,1790648567.1249244,1.5857377355238973,-1.7655050838694857,-0.7395914234834563,2.4856725127666643,12.76893525403087,-13.138746384509655,-0.5988499547451684,18.33114795495351
788,1790648567.135004,1.5953178136488972,-1.8325656307444855,-0.7204312672334563,2.534236951892825,12.782538988090748,-13.152112324136771,-0.6035227895534307,18.35035698089497
789,1790648567.155004,1.5186771886488972,-1.8565158260569856,-0.6294205250459564,2.479758377961792,12.810153619492826,-13.18018852755335,-0.6134286261150204,18.390043503379527
790,1790648567.1801233,1.5138871495863973,-1.9092062557444855,-0.5384097828584563,2.4953572736052037,12.845347405085624,-13.21725630521252,-0.626203945972295,18.441554857900982
791,1790648567.2001233,1.5330473058363971,-1.9714767635569856,-0.4282388844209563,2.5338396187027046,12.873735889441935,-13.248163672234012,-0.6362998667287333,18.483825198205196
792,1790648567.2246196,1.5330473058363971,-1.9092062557444855,-0.38512853285845633,2.4786340100401714,12.908924085172774,-13.287470843940643,-0.6483050118636514,18.53692266407059
793,1790648567.2446196,1.4707767980238973,-1.8996261776194856,-0.38033849379595636,2.4323694978694377,12.937849763880706,-13.320462525946091,-0.6577845565231799,18.581048381097407
794,1790648567.2549856,1.3079154698988973,-2.0768576229319855,-0.34201818129595635,2.4780954175875762,12.952753369498428,-13.33808864465956,-0.6625224005812214,18.60422974689146
795,1790648567.2749856,1.2073246495863972,-2.2492990291819854,-0.22226720473345632,2.5624951985277873,12.98096785820895,-13.373484375708609,-0.6711388027519617,18.6495586590068
796,1790648567.299843,1.2408549230238972,-2.2684591854319858,-0.2510074391084563,2.5978130707291425,13.015339107788638,-13.419300562136375,-0.6811238959467381,18.706699586760774
797,1790648567.319843,1.303125430836397,-2.3690500057444854,-0.33243810317095634,2.724160221178335,13.042661468751838,-13.4575903712024,-0.6888278385893188,18.753459429629483
798,1790648567.3448024,1.145054141773897,-2.6804025448069857,-0.3563882984834563,2.936446731867829,13.076227142375313,-13.507659462087585,-0.6982894161829508,18.813085566473944
799,1790648567.3648024,0.9774027745863971,-2.9246945369944854,-0.33243810317095634,3.101559190300014,13.102272656487818,-13.550169532604484,-0.7057670061838645,18.861992211701523
800,1790648567.3748422,0.8289115636488972,-3.2743673885569855,-0.26537755629595633,3.3880675056707426,13.114746202082438,-13.572976050761861,-0.7094077818534185,18.88717835518437
801,1790648567.3948421,0.7905912511488972,-3.576139849494486,-0.1552066578584563,3.665774114178234,13.138296386519093,-13.62186912418509,-0.7162034305875751,18.938930744116288
802,1790648567.4199626,0.9342924230238971,-3.5809298885569856,-0.21747716567095632,3.7071899757186553,13.166688829694861,-13.687552637409093,-0.7241607657724233,19.006188485715388
803,1790648567.4399626,0.9103422277113972,-3.4947091854319856,-0.36117833754595635,3.6293477449549667,13.1886700118749,-13.742616586660063,-0.7304137758317443,19.061322924025955
804,1790648567.4650803,0.8097514073988972,-3.6479904354319856,-0.3899185719209563,3.757069077288388,13.215375287044445,-13.814852961562886,-0.7385038008170195,19.13221613381077
805,1790648567.4850802,0.9342924230238971,-3.858752154181986,-0.38512853285845633,3.988883867192136,13.236065871713526,-13.875003701374197,-0.7451418177796197,19.190216356312693
806,1790648567.5095437,1.106733829273897,-3.7869015682444855,-0.3899185719209563,3.96453272771971,13.261322578069663,-13.95157010316781,-0.753465360792371,19.26335108212328
807,1790648567.5295436,1.2025346105238972,-3.4851291073069857,-0.45218907973345634,3.7143894986843313,13.282337730839261,-14.015685247491565,-0.7605126724368737,19.324551950246246
808,1790648567.5396194,1.1690043370863972,-3.1977267635569855,-0.4761392750459563,3.4378388856571984,13.293129024181928,-14.048190915315194,-0.7642320122859204,19.355696779379837
809,1790648567.5596194,1.0540433995863971,-3.4851291073069857,-0.1887369312959563,3.6459229300747777,13.314670749757443,-14.113059014444936,-0.7715046258310304,19.4178812260074
810,1790648567.5846612,1.2025346105238972,-3.619250201056986,0.0028646312040436907,3.8137999047499633,13.341835302259268,-14.1954397184708,-0.7795938041888835,19.496739330792717
811,1790648567.6046612,1.3366557042738971,-3.2791574276194857,-0.11209630629595632,3.542892531359819,13.364085115046473,-14.261712596646504,-0.7852491017882148,19.560466080935072
812,1790648567.6292868,1.264805118336397,-2.824103716681986,-0.2701675953584563,3.1061687525839163,13.392176145646959,-14.34234509970845,-0.7918738686814432,19.638745099905616
813,1790648567.6492867,1.1115238683363973,-2.6851925838694854,-0.23184728285845632,2.9153897998240375,13.41513298485198,-14.406272841297929,-0.7972002288059488,19.701320219315004
814,1790648567.659129,1.0444633214613972,-2.704352740119486,-0.05940587660845631,2.8996476391185126,13.426327116420952,-14.436991666226794,-0.7996431950550169,19.73150824055881
815,1790648567.679129,1.1211039464613972,-2.5558615291819855,0.04118494370404369,2.7912360012567374,13.448910661596047,-14.497941437139097,-0.803890169042439,19.791658427281675
816,1790648567.704231,1.0348832433363973,-2.258879107306986,0.045974982766543694,2.485081859377443,13.477062725622076,-14.572029728296743,-0.8082569263184278,19.86525986166951
817,1790648567.724231,0.9199223058363971,-2.1103878963694855,0.0842952952665437,2.3037143526753163,13.499060423583922,-14.628758620493223,-0.8110188309933746,19.92192166033313
818,1790648567.764367,0.9821928136488972,-2.0481173885569857,0.1369857249540437,2.2755774320673443,13.542309546060507,-14.738043924304476,-0.8150639470794679,20.031685295897557
819,1790648567.784367,1.0827836339613972,-1.9331564510569856,0.1848861155790437,2.223442632039738,13.56372553901988,-14.790304543162407,-0.8162944828750408,20.084673152932382
820,1790648567.7794096,1.0588334386488971,-1.8948361385569856,0.2184163890165437,2.181567776112771,13.56372553901988,-14.790304543162407,-0.8162944828750408,20.084673152932382
821,1790648567.7994096,0.9103422277113972,-1.9235763729319857,0.2567367015165437,2.1435444403982666,13.584882913779149,-14.83867113948938,-0.8159566058282847,20.134572013072404
822,1790648567.8245213,0.8528617589613972,-1.9523166073069855,0.2711068187040437,2.1476527238390317,13.610783838543698,-14.89759001722939,-0.8146018798604406,20.195425255331646
823,1790648567.8445213,1.0013529698988972,-1.9187863338694855,0.2758968577665437,2.1818725539075596,13.631099444187152,-14.943283290786708,-0.8128642591154905,20.2427600852693
824,1790648567.8700814,1.1258939855238972,-1.9235763729319857,0.1513558421415437,2.233985657986961,13.657246383895492,-15.000286064078015,-0.8101576215848176,20.30234755308882
825,1790648567.8900814,1.0827836339613972,-1.9906369198069855,0.022024787454043692,2.266173169847284,13.677949659524147,-15.044069776342068,-0.8080973732273493,20.348546967499733
826,1790648567.899508,0.9774027745863971,-2.0433273494944855,-0.05940587660845631,2.2658402192425147,13.687700566157476,-15.06446286272039,-0.8072984028808824,20.370147737372047
827,1790648567.919508,0.9582426183363971,-2.1343380916819856,-0.11209630629595632,2.3422624932073886,13.708188883285446,-15.107506386555057,-0.8061147873148512,20.415705051013063
828,1790648567.9440079,1.0396732823988972,-2.2445089901194857,-0.19831700942095631,2.4815460457317657,13.733193425296113,-15.16037139952938,-0.8054527337853408,20.471595363689346
829,1790648567.9640079,1.1498441808363973,-2.1870285213694856,-0.21747716567095632,2.4804297432249913,13.753827847827898,-15.203700670132699,-0.8056170388068196,20.517536727099955
830,1790648567.9898026,1.1546342198988973,-2.1918185604319858,-0.13604650160845633,2.481079892751456,13.78090716218591,-15.259672925785615,-0.8064810916858174,20.57720660745739
831,1790648568.0098026,1.1115238683363973,-2.1918185604319858,-0.08814611098345632,2.4591306692848103,13.802152973514554,-15.30313679791187,-0.8073868329079331,20.62370713663899
832,1790648568.0198085,1.1211039464613972,-2.2061886776194854,-0.07377599379595631,2.4757999590613764,13.812863292644375,-15.32492042217811,-0.8078935162172727,20.64705960229979
833,1790648568.0398085,1.1211039464613972,-2.1870285213694856,0.007654670266543691,2.457646517714011,13.834423297710337,-15.368520343184091,-0.8088535466276651,20.693886285059797
834,1790648568.0650408,1.183374454273897,-2.2109787166819856,0.0842952952665437,2.509164737806754,13.86190474486476,-15.423598675696239,-0.8097090503878392,20.75320283741579
835,1790648568.0850408,1.2169047277113971,-2.2397189510569855,0.0986654124540437,2.550869059686302,13.88402047102311,-15.46738311263872,-0.8100109954652448,20.80053082509446
836,1790648568.109692,1.1881644933363973,-2.2397189510569855,0.1130355296415437,2.537883542227753,13.911637296508392,-15.52153701959945,-0.8099359349371095,20.85923680145326
837,1790648568.129692,1.101943790211397,-2.2492990291819854,0.0890853343290437,2.5063045378119955,13.934117528139526,-15.565616073717651,-0.8095809908049579,20.907019309864694
838,1790648568.1392756,1.0971537511488971,-2.2876193416819857,0.06034509995404369,2.5378317787406797,13.944854305942224,-15.586830341960399,-0.8093290180777107,20.92996070666439
839,1790648568.1592755,1.0492533605238972,-2.3690500057444854,0.0986654124540437,2.5928874653373146,13.967119727584041,-15.631447021326775,-0.8086435317790722,20.977999757524575
840,1790648568.1849372,1.0396732823988972,-2.4121603573069854,0.1369857249540437,2.6302477473307806,13.99542332829026,-15.68930907553189,-0.8074423834731587,21.039920546623918
841,1790648568.2049372,1.0492533605238972,-2.464850786994486,0.2279964671415437,2.688569211634146,14.017306861332353,-15.73495617351318,-0.8060991919427013,21.088469203201694
842,1790648568.229235,1.0779935948988972,-2.5702316463694856,0.2471566233915437,2.798079216735751,14.043781518652239,-15.791269399074373,-0.8038462550004584,21.148005990623776
843,1790648568.249235,1.1211039464613972,-2.7953634823069855,0.2279964671415437,3.0204161047802307,14.065603251722926,-15.83871753636353,-0.8015572505509406,21.19784569378452
844,1790648568.2743714,1.1737943761488971,-2.9390646541819856,0.11782556870404369,3.1669823402698483,14.093241854935759,-15.900217176589813,-0.79845994883256,21.26202978396758
845,1790648568.2943714,1.1306840245863972,-3.010915240119486,0.1417757640165437,3.219341130402485,14.115390763954732,-15.9507348060125,-0.7959758188148591,21.314402988941897
846,1790648568.3041775,1.020513126148897,-3.0492355526194856,0.1848861155790437,3.2207867628476685,14.12620371147163,-15.976245644889419,-0.794700280430317,21.340609286980516
847,1790648568.3241775,1.1929545323988973,-3.1546164119944855,0.022024787454043692,3.372718534722165,14.148269270310742,-16.029777086111544,-0.7921786369346822,21.395205625757878
848,1790648568.3496523,1.3510258214613973,-3.3510080135569855,-0.09772618910845632,3.6144260796447667,14.177019749631969,-16.10016418313207,-0.7895931410717475,21.46687292163652
849,1790648568.3696523,1.2791752355238972,-3.379748247931986,-0.26537755629595633,3.623453152720835,14.20015098557403,-16.157231437411028,-0.7884124279398952,21.524916025194905
850,1790648568.3946738,1.063623477711397,-3.293527544806986,-0.37075841567095635,3.4808160528146352,14.229145670199742,-16.230440906115557,-0.7883506207489328,21.599011440617105
851,1790648568.4146738,0.9055521886488972,-3.2408371151194855,-0.32285802504595634,3.3804270850647513,14.251798814361178,-16.289981953495985,-0.7893490517707766,21.65872464887494
852,1790648568.424897,1.0061430089613972,-3.2743673885569855,-0.20789708754595632,3.431767292334589,14.26310701589099,-16.32084704738848,-0.790189803569302,21.68941377761679
853,1790648568.444897,1.1594242589613972,-3.2360470760569857,-0.21268712660845632,3.444053005479171,14.285159669404099,-16.38193794432466,-0.7922187578253563,21.74997214141489
854,1790648568.4692245,1.1690043370863972,-3.1689865291819856,-0.24142736098345632,3.386345217619599,14.312208725011144,-16.456787463423566,-0.7951450959304277,21.824239458184156
855,1790648568.4892244,1.1498441808363973,-2.9965451229319857,-0.2893277516084563,3.2225975333295342,14.334588780262854,-16.51834033517684,-0.7979861427095697,21.88544687256635
856,1790648568.5148492,1.1642142980238972,-2.857633990119486,-0.3659683766084563,3.1073139213614898,14.363409134691425,-16.59662556646396,-0.8023395782890617,21.963589209481025
857,1790648568.5348492,1.145054141773897,-2.5989718807444855,-0.5240396656709564,2.887978773414135,14.38599304571385,-16.6567464885571,-0.8065627471439234,22.023953844858713
858,1790648568.5445335,1.1354740636488971,-2.3403097713694856,-0.7204312672334563,2.69914289840209,14.396944629169953,-16.68507882898894,-0.8092048261116008,22.052634369516102
859,1790648568.5645335,1.1163139073988972,-2.3498898494944855,-0.8545523609834563,2.738320430897708,14.419546854307958,-16.741849066023747,-0.8162052377247893,22.110609051385087
860,1790648568.5894248,1.020513126148897,-2.4265304744944856,-0.7683316578584564,2.742230975093118,14.447446540636221,-16.81082229615177,-0.8266405510176138,22.18142899855466
861,1790648568.6094248,0.9486625402113972,-2.1918185604319858,-0.6342105641084563,2.471083215248173,14.469454860850574,-16.864856239460476,-0.8358713348854424,22.237067721179976
862,1790648568.6344686,0.9869828527113972,-1.7367648494944856,-0.7683316578584564,2.140285221752805,14.496515305618626,-16.929746750723993,-0.8483305724051554,22.304370553991475
863,1790648568.6544685,0.9534525792738971,-1.5595334041819855,-0.9599332203584564,2.064627822933532,14.517794912868016,-16.978739656500412,-0.8593804482222922,22.35581589229306
864,1790648568.6645498,0.7570609777113971,-1.6170138729319856,-0.7539615406709563,1.9381262069428704,14.528205586942278,-17.00213270324395,-0.8654106963225409,22.38057661697946
865,1790648568.6845498,0.5989896886488971,-1.4254123104319856,-0.3755484547334563,1.5911082752884673,14.54779507994494,-17.04614380650608,-0.8772737087140801,22.42719263573033
866,1790648568.7099597,0.39301800896139705,-1.0517892635569854,-0.38033849379595636,1.18548773935655,14.570840744796337,-17.098393339682843,-0.8915253807527159,22.482421406807006
867,1790648568.7299597,0.19183636833639706,-0.9272482479319855,-0.5911002125459563,1.1162392067927507,14.587136242828302,-17.136318344220648,-0.9025173188157275,22.52226648612591
868,1790648568.7540727,0.35948773552389707,-0.9416183651194854,-0.5671500172334564,1.1565187934358445,14.604832937579083,-17.1785637138882,-0.9158765284163506,22.56641367656844
869,1790648568.7740726,0.8480717198988972,-0.8889279354319854,-0.1887369312959563,1.2429964383370775,14.619120709924932,-17.211093149158195,-0.9264288006429776,22.600855913947527
870,1790648568.7846708,0.9869828527113972,-0.4913546932444854,0.04118494370404369,1.1032954208676908,14.627014872240135,-17.226842297829876,-0.9312990725156534,22.61815592813665
871,1790648568.8046708,0.4936088292738971,-0.017140826056985362,0.01723474839154369,0.49420696151226257,14.641898365513757,-17.25286741603722,-0.9390235883495842,22.647922357710215
872,1790648568.829288,0.3355375402113971,0.08824003331801464,-0.09293615004595632,0.35917805105051137,14.659000793681871,-17.279964452334724,-0.947244989096507,22.679963598129646
873,1790648568.849288,0.8289115636488972,-0.18479219324448537,-0.14562657973345633,0.8616551721888703,14.672557950175001,-17.298821776938496,-0.9532803147349859,22.7033463399118
874,1790648568.8740683,1.0588334386488971,-0.26622285730698536,-0.06419591567095631,1.0936745293470886,14.690344253501477,-17.319519827148287,-0.9600264535406694,22.730895981480018
875,1790648568.8940682,0.7474808995863972,-0.15605195886948536,0.01723474839154369,0.763791166265762,14.705255640573718,-17.334352699435755,-0.9647249414247211,22.75203334156461
876,1790648568.9191804,0.46007855583639706,-0.012350786994485361,0.1800960765165437,0.4942260780822281,14.723444410361859,-17.35050051334631,-0.9693678296315401,22.776289367624635
877,1790648568.9391804,0.7043705480238972,-0.045881060431985365,0.37169763901654373,0.7977481278450747,14.737504196348937,-17.361519324558056,-0.9716832007819987,22.79387091823342
878,1790648568.9495275,0.9055521886488972,0.04033964269301464,0.4866585765165437,1.028828762834961,14.744936390154459,-17.3663691840966,-0.9720352788983374,22.8023854096773
879,1790648568.9695275,0.7474808995863972,0.11219022863051464,0.5010286937040437,0.9068318998366991,14.759626782329489,-17.374108545909177,-0.9711322019310112,22.81774152435599
880,1790648568.9946318,0.5415092198988971,0.15051054113051465,0.4195980296415437,0.7013901658178409,14.777727386068506,-17.38187130858696,-0.9684353035991636,22.83524783799149
881,1790648569.0146317,0.4265482823988971,0.23673124425551464,0.2423665843290437,0.544726243560507,14.79143674011861,-17.3865471922104,-0.965616086563419,22.8475608879924
882,1790648569.039874,0.4169682042738971,0.28463163488051463,0.15614588120404368,0.5284497962599098,14.807741059040799,-17.3905764491317,-0.9618371768575856,22.861025245152113
883,1790648569.059874,0.3163773839613971,0.35169218175551464,0.1992562327665437,0.5133079836574981,14.81982156717014,-17.392335553197995,-0.9587590869777215,22.870060477940555
884,1790648569.0694532,0.11519574333639705,0.39959257238051465,0.2663167796415437,0.4938308519150504,14.825049789401927,-17.392511959935735,-0.9571714629058364,22.87351636159502
885,1790648569.0894532,0.14872601677389705,0.3660622989430147,0.2232064280790437,0.45380848858156,14.834724094000538,-17.391676544263916,-0.9536196538316084,22.879004401625384
886,1790648569.1145284,0.27326703239889705,0.30379179113051463,0.1274056468290437,0.4280146284863557,14.84582758732325,-17.389526490117493,-0.9491751268988583,22.88438685489628
887,1790648569.1345284,0.18225629021139705,0.31337186925551463,0.04118494370404369,0.3648499463481139,14.85403859735261,-17.38714309453654,-0.9459090292289133,22.887768601004066
888,1790648569.1593664,-0.014135311351102952,0.34690214269301467,0.1130355296415437,0.3651272854681524,14.863019444554308,-17.3833971569816,-0.9421739990412091,22.89059928378951
889,1790648569.1793664,-0.10514605353860296,0.23194120519301464,0.2519466624540437,0.35823112087430753,14.868987331467443,-17.37996504091819,-0.9390701397926481,22.891741345173546
890,1790648569.189146,-0.08119585822610295,0.11219022863051464,0.3764876780790437,0.40115132623311894,14.871331130348215,-17.378286113037287,-0.9373191180776379,22.891917458879725
891,1790648569.209146,-0.023715389476102952,0.08824003331801464,0.6638900218290438,0.670148255434673,14.875247976210558,-17.375066996915585,-0.9327147616889181,22.891830689740257
892,1790648569.2342603,-0.07161578010110295,0.08824003331801464,1.0279329905790437,1.034195995235057,14.879249092475032,-17.371298632417925,-0.9246135909138883,22.891242430787077
893,1790648569.2542603,-0.023715389476102952,0.20320097081801464,0.9417122874540438,0.9636778956587696,14.881814469867287,-17.36831064806033,-0.9161754060399149,22.89030349422457
894,1790648569.2798533,0.005024844898897049,0.29421171300551463,0.5010286937040437,0.5810469284409631,14.884568968458881,-17.36410582873205,-0.9042278374779259,22.88842922942257
895,1790648569.2998533,-0.07161578010110295,0.2750515567555146,0.012444709329043692,0.284494375380966,14.88629873689563,-17.36045891537633,-0.8955215465397625,22.886445391910186
896,1790648569.3099346,-0.09556597541360295,0.08824003331801464,-0.34201818129595635,0.36591747085061593,14.886913459726374,-17.358621692453546,-0.8920404796391224,22.885315720706497
897,1790648569.3299346,-0.062035701976102954,-0.22790254480698538,-0.38512853285845633,0.45178754417411165,14.887713658596294,-17.355733094785876,-0.8872611092433571,22.8834595617397
898,1790648569.3548713,-0.15304644416360297,-0.3716037166819854,-0.24621740004595633,0.47131257611947786,14.88815945961922,-17.353792957843908,-0.8833766611124496,22.88212788278573
899,1790648569.3748713,-0.16741656135110297,-0.49614473230698536,-0.1647867359834563,0.5489467813610707,14.887982679778089,-17.353771937215615,-0.8813450369143849,22.88191857769707
900,1790648569.398963,-0.10514605353860296,-0.6446359432444854,-0.13604650160845633,0.6671730229088627,14.887309187380744,-17.355811666909172,-0.8798084279967062,22.88296825868239
901,1790648569.418963,-0.014135311351102952,-0.8122873104319854,-0.08335607192095632,0.8166754045775548,14.88665502506626,-17.35943635627581,-0.8790532450721767,22.885263010299724
902,1790648569.429712,0.033765079273897054,-0.8889279354319854,0.1082454905790437,0.8961305938313023,14.886372004527766,-17.36246373958651,-0.8786881839608517,22.887361392049474
903,1790648569.449712,0.07687543083639706,-0.9607785213694854,0.3237972483915437,1.016784075926227,14.886090360792677,-17.370026182062993,-0.8774627668289402,22.892868686610893
904,1790648569.4748077,0.03855511833639705,-1.0469992244944855,0.4579183421415437,1.143408536487133,14.886007229300619,-17.381871037903608,-0.8746844481713052,22.901696987187986
905,1790648569.4948077,0.05771527458639705,-1.1284298885569854,0.4579183421415437,1.2191695019065125,14.886095320963523,-17.393157957335116,-0.8714286441497748,22.910197849766963
906,1790648569.5199547,0.16788617302389705,-1.2194406307444854,0.3908577952665437,1.2915072725787269,14.886614957966527,-17.40964895282399,-0.8663482032445883,22.922865021122103
907,1790648569.5399547,0.17267621208639705,-1.1954904354319855,0.3381673655790437,1.2543411109313667,14.88747708885485,-17.424419677315186,-0.8618201595975042,22.934474250566012
908,1790648569.5490258,0.15351605583639705,-1.1763302791819854,0.2902669749540437,1.2213005452667673,14.888031379295384,-17.431727754425932,-0.8596469515178209,22.94030522326504
909,1790648569.5690258,0.11998578239889705,-1.1667502010569855,0.1753060374540437,1.1859320496606163,14.889480415973276,-17.44893828876653,-0.8548758281101535,22.954147493303285
910,1790648569.5944479,0.10561566521139705,-1.1428000057444854,-0.01150548598345631,1.1477277107726191,14.891476157965728,-17.471936761148257,-0.8494086034537838,22.972725813983132
911,1790648569.6144478,0.10082562614889705,-1.2002804744944855,-0.06898595473345631,1.2064816974540107,14.893120390178616,-17.490830663283305,-0.8458733583337213,22.988033712919954
912,1790648569.6391118,0.06729535271139706,-1.1907003963694853,-0.06419591567095631,1.1943270967368333,14.895154892926602,-17.51505841117597,-0.8424140104792818,23.007663327600945
913,1790648569.6591117,0.005024844898897049,-1.0901095760569854,-0.03545568129595631,1.090697594300803,14.896665684936996,-17.535178964867534,-0.8401790798557595,23.023880010652842
914,1790648569.6843514,0.024185001148897052,-0.9559884823069854,0.050765021829043695,0.9576408408299475,14.898341587791842,-17.560635270537176,-0.8377527151671926,23.044268762170177
915,1790648569.7043514,0.033765079273897054,-0.8074972713694853,0.2088363108915437,0.8347481827439496,14.899557302575282,-17.580426369223648,-0.835729056773415,23.06006596245453
916,1790648569.7149277,0.10082562614889705,-0.7883371151194855,0.3285872874540437,0.8600062903488767,14.900210515252278,-17.59058813502344,-0.8343931461861163,23.068187537326473
917,1790648569.7349277,0.08645550896139706,-0.8266574276194854,0.5585091624540437,1.0013838136365878,14.90154139360383,-17.609344380230603,-0.8309151951563328,23.083226929274623
918,1790648569.7596874,0.07687543083639706,-0.7021164119944854,0.6495199046415437,0.9595589582635617,14.903245167918618,-17.631920318680432,-0.8250120887888789,23.101341424385584
919,1790648569.7796874,0.07208539177389706,-0.3620236385569854,0.4770784983915437,0.6032091778220596,14.904638415298082,-17.649017099182785,-0.8192691375852603,23.115087124599498
920,1790648569.804306,0.03855511833639705,-0.11773164636948537,0.35253748276654373,0.3736708638122248,14.906300446001287,-17.66779115257544,-0.8117285299152635,23.130230011907784
921,1790648569.824306,0.09124554802389706,-0.06025117761948536,0.3094271312040437,0.3281784635893717,14.907642834562669,-17.681022237874696,-0.8055285423294235,23.140986117527806
922,1790648569.8348777,0.20141644646139706,-0.14647188074448536,0.2279964671415437,0.33764624354935235,14.908478013176534,-17.687130850370824,-0.8023167856872593,23.14608015652117
923,1790648569.8548777,0.21578656364889706,-0.15126191980698536,0.2088363108915437,0.33623892425161583,14.910446836517595,-17.697400481422505,-0.796496831679916,23.154995484070977
924,1790648569.8792043,0.20620648552389706,0.059499798943014645,0.2615267405790437,0.33831579446469057,14.913252286446667,-17.708185465909256,-0.7896215244374832,23.164810131017727
925,1790648569.8992043,0.11519574333639705,0.28942167394301466,0.3333773265165437,0.4562624315743298,14.915694904818684,-17.71519888922643,-0.7839245400988571,23.17155074359618
926,1790648569.9242978,0.07687543083639706,0.46665311925551467,0.35253748276654373,0.5898793455720877,14.918661382583872,-17.72125559939704,-0.7765579335299702,23.177842861049182
927,1790648569.9442978,0.06250531364889705,0.5480837833180147,0.3860677562040437,0.6733134932191396,14.92088013578852,-17.72383669939944,-0.770459414995632,23.18104094046905
928,1790648569.9548907,0.08166546989889706,0.4858132755055147,0.3764876780790437,0.620021579766829,14.921993558491433,-17.724177310805004,-0.7671080326414831,23.181906906858586
929,1790648569.9748907,0.19662640739889706,0.32774198644301467,0.34295740464154373,0.5135139094149971,14.92419786267336,-17.723503606334766,-0.760650429154024,23.182598021001827
930,1790648570.0002446,0.2876371495863971,0.19841093175551464,0.3381673655790437,0.4862707011582637,14.927493941364856,-17.721777158905418,-0.7523969011349146,23.183130982165107
931,1790648570.0202446,0.3163773839613971,0.15051054113051465,0.2902669749540437,0.4549758112500367,14.930610007518894,-17.72009618138454,-0.7459201987495804,23.183643389619437
932,1790648570.0451221,0.3451176183363971,0.15530058019301465,0.2615267405790437,0.46002247416009195,14.935138842351902,-17.717748301899398,-0.7380428563866385,23.184513891553795
933,1790648570.0651221,0.4457084386488971,0.12656034581801465,0.2471566233915437,0.5251284889460126,14.93941984342598,-17.715721095846913,-0.7318968782785965,23.18552807775616
934,1790648570.0747156,0.5223490636488971,0.07865995519301465,0.2088363108915437,0.5680215995828294,14.941861837012276,-17.714746897774955,-0.7290629259345601,23.186268038616383
935,1790648570.0947156,0.5989896886488971,0.002019330193014639,0.1513558421415437,0.6178198084818154,14.947871138950992,-17.712899566955112,-0.7235007786004559,23.188555712513836
936,1790648570.1192963,0.6516801183363972,-0.17042207605698537,0.1992562327665437,0.7024483660304354,14.956454622400962,-17.711280154193048,-0.7170437341168039,23.192652528093628
937,1790648570.1392963,0.7331107823988972,-0.21832246668198538,0.2519466624540437,0.8053528664190385,14.964468129905,-17.710743287229928,-0.7119012490013472,23.197252802550395
938,1790648570.1648366,0.7666410558363972,-0.17521211511948537,0.2902669749540437,0.8382676842915758,14.976039333982401,-17.710914362277393,-0.7052806317752004,23.204647432151795
939,1790648570.1848366,0.7474808995863972,-0.15605195886948536,0.2088363108915437,0.7916391310820118,14.986012455691384,-17.71152512764693,-0.7001252103360887,23.21139519674666
940,1790648570.1944032,0.7426908605238971,-0.22790254480698538,0.1944661937040437,0.8008410483541446,14.99113649795784,-17.712048935624853,-0.6977397605732703,23.215031591015723
941,1790648570.2144032,0.8816019933363972,-0.3811837948069854,0.2184163890165437,0.9850019690686862,15.002678482531989,-17.713893383767783,-0.6928814350970945,23.22374787033356
942,1790648570.2394125,0.9630326573988972,-0.5200949276194854,0.1705159983915437,1.107703181660035,15.018406450335098,-17.7175443807315,-0.6869879975156818,23.236520042798745
943,1790648570.2594125,0.9342924230238971,-0.5871554744944854,-0.02108556410845631,1.1036749901861873,15.031943426033143,-17.7216869978092,-0.6827578236004533,23.248304700718897
944,1790648570.2844248,0.8480717198988972,-0.5632052791819854,-0.31327794692095634,1.065161443452466,15.0496770977817,-17.728248673947963,-0.6788882952430035,23.2646614226438
945,1790648570.3044248,0.8911820714613972,-0.7739669979319854,-0.4282388844209563,1.2556348754762197,15.064338953037543,-17.734714179851608,-0.6773705818455138,23.279029748642525
946,1790648570.3293967,0.8959721105238971,-1.0134689510569854,-0.3180679859834563,1.3896231796068907,15.083246873755323,-17.74492376570892,-0.6771575743654056,23.299038565700332
947,1790648570.3493967,0.8241215245863972,-1.0182589901194854,-0.35159825942095635,1.3563366080267862,15.09869882157869,-17.75492166139121,-0.6780170651981657,23.316681934777524
948,1790648570.359618,0.8576517980238971,-1.0901095760569854,-0.5240396656709564,1.4827417393670728,15.106700433765429,-17.76088104068962,-0.6790616888933813,23.326431748434636
949,1790648570.379618,0.9055521886488972,-1.4014621151194855,-0.5863101734834564,1.7685814784770848,15.12265352846694,-17.774530041650852,-0.6824646314801875,23.34725521162656
950,1790648570.4042203,0.8863920323988972,-1.5786935604319856,-0.5000894703584563,1.878311388245588,15.142640602444116,-17.794300412203,-0.6880273643224546,23.37541600118752
951,1790648570.4242203,0.7570609777113971,-1.4110421932444857,-0.6821109547334564,1.7405334669741148,15.158916617233093,-17.81244610961381,-0.6936444475128161,23.39993871863102
952,1790648570.4501424,0.594199649586397,-1.5020529354319856,-0.8353922047334563,1.8185478767791259,15.179474776629553,-17.83810052461821,-0.7027829846333123,23.433057605532557
953,1790648570.4701424,0.5846195714613971,-2.1630783260569855,-0.7156412281709563,2.352196899804783,15.194725280116606,-17.860422675393668,-0.7111026898520695,23.46017991229918
954,1790648570.479813,0.6421000402113971,-2.5127511776194855,-0.6533707203584563,2.6745287884951465,15.201883083733764,-17.872988629676517,-0.7155150949633993,23.47451668723293
955,1790648570.499813,0.48881879021139707,-2.4265304744944856,-0.5431998219209563,2.534178367804667,15.216162015144272,-17.90248697595594,-0.7250664246554084,23.50651713281987
956,1790648570.5249615,0.44091839958639706,-2.2732492244944855,-0.3755484547334563,2.3458703531123146,15.233177051148909,-17.942879427205774,-0.7370078371822681,23.548668449892492
957,1790648570.5449615,0.4361283605238971,-2.301989458869486,-0.38512853285845633,2.3743814778634875,15.245994561765034,-17.977047047274358,-0.7462210902135719,23.58328680724475
958,1790648570.5696578,0.40259808708639705,-2.4792209041819855,-0.4473990406709563,2.551232528220793,15.261001279250129,-18.02176512390819,-0.7574333120693968,23.62743920633
959,1790648570.5896578,0.5462992589613971,-2.7283029354319854,-0.40428868910845633,2.81167728090718,15.272754650532809,-18.06035854511699,-0.7664288894047845,23.664762805404706
960,1790648570.600229,0.6037797277113971,-2.780993365119486,-0.35159825942095635,2.8674196401053154,15.278947016067534,-18.082065735006783,-0.7710697058357143,23.685478075313636
961,1790648570.620229,0.45049847771139706,-2.9534347713694857,-0.27495763442095633,3.0002212464884956,15.290486591928834,-18.125575461915968,-0.7794725983452653,23.726420791496068
962,1790648570.6445675,0.5606693761488971,-2.7857834041819856,-0.28453771254595633,2.8558538187778186,15.30426874590719,-18.181057628304625,-0.7891857324581999,23.77802162609415
963,1790648570.6645675,0.6612601964613971,-2.7330929744944856,-0.20310704848345632,2.8192755679072845,15.31572821986207,-18.228089208865025,-0.7967016446273861,23.82161834598088
964,1790648570.689055,0.9534525792738971,-2.814523638556986,-0.2510074391084563,2.982217273675392,15.330619838794046,-18.287224436856874,-0.8053576108253033,23.876747750204906
965,1790648570.709055,0.7905912511488972,-2.7570431698069857,-0.23184728285845632,2.877511899044273,15.343574128802883,-18.33663530049022,-0.8120911341792676,23.923146808049015
966,1790648570.719168,0.6325199620863972,-2.7953634823069855,-0.20310704848345632,2.8732196180934158,15.350221315193405,-18.362083597284204,-0.8153151243743654,23.94702794108499
967,1790648570.739168,0.8337016027113971,-2.9055343807444856,-0.20789708754595632,3.029919074672108,15.363594585041003,-18.413413596628754,-0.8213511668572874,23.995175694153847
968,1790648570.7643008,0.9390824620863971,-2.8863742244944857,-0.19831700942095631,3.041769496633508,15.381220869948994,-18.479159243027404,-0.8285642600179849,24.057177733730505
969,1790648570.7843008,0.8337016027113971,-2.8097335994944856,-0.04024572035845631,2.9310887022570578,15.39580252850212,-18.532173997570574,-0.8338010669450014,24.10741447754408
970,1790648570.8099484,0.8863920323988972,-2.7618332088694855,0.2232064280790437,2.9091639036414523,15.415005637494943,-18.600678760687448,-0.8391573830586367,24.172542983224414
971,1790648570.8299484,1.1163139073988972,-2.618132036994486,0.3573275218290437,2.8685283789507077,15.430738059137623,-18.654155601923584,-0.841836901289129,24.22382892192866
972,1790648570.8395295,1.0923637120863972,-2.345099810431986,0.3477474437040437,2.610302642410264,15.438731364134506,-18.67949768114825,-0.8424213382434947,24.24845837295768
973,1790648570.8595295,1.0300932042738973,-2.1487082088694858,0.1800960765165437,2.389659719108775,15.45609778238892,-18.73120351911237,-0.8426665559160512,24.29936276649317
974,1790648570.8850193,1.068413516773897,-2.1151779354319857,-0.01150548598345631,2.369729418640702,15.478922922901655,-18.795368798267802,-0.8426099039717285,24.36335228506743
975,1790648570.9050193,1.1354740636488971,-2.1295480526194854,-0.01629552504595631,2.413408751490577,15.497451581826105,-18.844529798756202,-0.8426138224189905,24.41305607499779
976,1790648570.9292955,1.0396732823988972,-2.0481173885569857,0.1130355296415437,2.2996700638145744,15.520528707990566,-18.902857618062036,-0.8424417288573183,24.472730652111654
977,1790648570.9492955,1.0157230870863971,-1.8229855526194856,0.1705159983915437,2.093811218903738,15.539772065898815,-18.949509608146744,-0.8418958896608093,24.520954690598053
978,1790648570.959619,1.0732035558363973,-1.6553341854319856,0.1705159983915437,1.9801446521471928,15.549832474594908,-18.972671317449883,-0.8413923536870513,24.545213138222998
979,1790648570.979619,1.1211039464613972,-1.5978537166819855,0.1848861155790437,1.9606614787922114,15.56969063772781,-19.01569201092214,-0.8400300668237988,24.59100363388947
980,1790648571.004763,1.106733829273897,-1.5930636776194855,0.2184163890165437,1.9520290389235528,15.595112604971888,-19.06768197442886,-0.8378137627687133,24.64723037058722
981,1790648571.0247629,1.0444633214613972,-1.5930636776194855,0.1705159983915437,1.9125457423382477,15.615527410939357,-19.10761202773542,-0.8357319022823037,24.690969635410234
982,1790648571.0495613,0.9821928136488972,-1.6409640682444855,0.1130355296415437,1.9157877824577476,15.640812579070941,-19.15571051924182,-0.8330103897285221,24.74409363747258
983,1790648571.0695612,0.9774027745863971,-1.6265939510569856,0.045974982766543694,1.898219630186335,15.66108565106955,-19.19358469655409,-0.8309062021324833,24.786159492561048
984,1790648571.0938246,1.0732035558363973,-1.6505441463694857,-0.04503575942095631,1.969286690911479,15.685722734152606,-19.238603932099586,-0.8287346658455219,24.83651706852802
985,1790648571.1138246,1.0732035558363973,-1.7176046932444855,-0.07856603285845631,2.0268459181779175,15.706204156846535,-19.27519859073838,-0.8273985953103656,24.877755488879373
986,1790648571.124688,0.9342924230238971,-1.7511349666819855,-0.049825798483456314,1.98541144689223,15.717295845583694,-19.29492015842537,-0.8268863507111721,24.900021559320077
987,1790648571.144688,0.8911820714613972,-1.7271847713694857,0.026814826516543693,1.9437313996192995,15.737391437542486,-19.330999912771844,-0.8261192556033995,24.940639925841904
988,1790648571.1692805,1.0061430089613972,-1.7463449276194856,0.0795052562040437,2.0170189504484757,15.761894628537807,-19.37511678750379,-0.8251213950675346,24.990264066774852
989,1790648571.1892805,1.063623477711397,-1.7559250057444855,0.0747152171415437,2.054300341189225,15.781937427667735,-19.41086655605175,-0.8242002803865741,25.030593191729544
990,1790648571.2143989,1.068413516773897,-1.7798752010569856,0.0795052562040437,2.0774465720992397,15.807350229774883,-19.455691550185,-0.8229264296717479,25.081336943858403
991,1790648571.2343988,1.106733829273897,-1.8325656307444855,0.1705159983915437,2.147610827303835,15.827812214629306,-19.491447555005337,-0.8216892618745253,25.121929474747198
992,1790648571.2439508,1.1354740636488971,-1.9235763729319857,0.12261560776654369,2.237069958447762,15.837725289684192,-19.508653980214962,-0.8209770211283048,25.141502058160327
993,1790648571.2639508,1.2169047277113971,-2.0864377010569854,0.050765021829043695,2.4159173173268185,15.858896450900545,-19.54529178555973,-0.8194493542570185,25.183219112481364
994,1790648571.2895696,1.1306840245863972,-2.1966085994944855,0.1657259593290437,2.476085781313634,15.886458283491208,-19.593412501601687,-0.8173700632562265,25.2378577551926
995,1790648571.3095696,1.1163139073988972,-2.2492990291819854,0.2279964671415437,2.5214054119796443,15.908118113958311,-19.632013049871674,-0.815399715127503,25.28139701467089
996,1790648571.3339047,1.2743851964613973,-2.3977902401194857,0.0842952952665437,2.71671885946564,15.93488302945952,-19.680417031591876,-0.8127919181181578,25.335744362502687
997,1790648571.3539047,1.2695951573988973,-2.7618332088694855,0.01723474839154369,3.039718995870699,15.957396362314087,-19.721970388677327,-0.8108178750575639,25.382120484750146
998,1790648571.3637662,1.145054141773897,-2.857633990119486,0.012444709329043692,3.0785346968761056,15.968617888505557,-19.743542149559154,-0.8099685770274909,25.40591000094841
999,1790648571.3837662,0.9821928136488972,-2.6995627010569856,-0.03066564223345631,2.8728525687433417,15.991153313803453,-19.789065050986327,-0.8085318210169977,25.455408140576584
1000,1790648571.4091668,1.063623477711397,-2.771413286994486,-0.13604650160845633,2.9716216381410954,16.01937831823342,-19.848630776701416,-0.8072983970498797,25.519411359088693
1001,1790648571.4291668,1.2025346105238972,-2.977384966681986,-0.20310704848345632,3.217477770315657,16.041667810185643,-19.89711974987176,-0.8069816284529606,25.57111064896759
1002,1790648571.4543438,1.1977445714613972,-3.0683957088694855,-0.1791568531709563,3.2987484691488738,16.070050480207662,-19.960420193062394,-0.8073644980023138,25.63818897958025
1003,1790648571.4743438,0.9342924230238971,-2.8863742244944857,-0.06419591567095631,3.0344982470146262,16.092413043623417,-20.0120939855697,-0.8079880475059851,25.69246013792312
1004,1790648571.4994657,0.8097514073988972,-2.704352740119486,0.050765021829043695,2.8234372973766515,16.11957520145119,-20.077798949305,-0.8086791064104492,25.76068083768552
1005,1790648571.5194657,0.8720219152113972,-2.5798117244944856,-0.03066564223345631,2.7233786251753087,16.140478464860337,-20.130187673611314,-0.809116596259528,25.814611570112298
1006,1790648571.5287697,0.9630326573988972,-2.5989718807444855,-0.12167638442095631,2.7743272839813016,16.15002459008515,-20.154517119868668,-0.8093958943266398,25.839562231376657
1007,1790648571.5487697,0.8768119542738971,-2.6085519588694854,-0.03066564223345631,2.75214151287557,16.17022665453262,-20.206782194289595,-0.8101347294634003,25.892983508786678
1008,1790648571.574579,0.6995805089613971,-2.498381060431986,0.050765021829043695,2.5949755103054915,16.19543763145087,-20.27399700712788,-0.8109062483115208,25.96121575856562
1009,1790648571.594579,0.7810111730238971,-2.3307296932444856,-0.06419591567095631,2.4589429580509856,16.214264406892976,-20.325513516009327,-0.8114345763348353,26.013213873294973
1010,1790648571.604093,0.9055521886488972,-2.105597857306986,-0.4569791187959563,2.337177147346368,16.223080460502153,-20.34950975575122,-0.8120200935269695,26.037478056824792
1011,1790648571.624093,0.7187406652113971,-1.9714767635569856,-0.6198404469209563,2.1880381515670195,16.24126960895168,-20.39850235174973,-0.8146815358672173,26.087189245104188
1012,1790648571.6486905,0.6037797277113971,-2.062487505744486,-0.5240396656709564,2.2120176857665235,16.26272416969332,-20.457160638713987,-0.81957401941949,26.14657377919684
1013,1790648571.6686904,0.7283207433363972,-2.1247580135569857,-0.49050939223345635,2.299053541181228,16.27955019014197,-20.50398195115028,-0.8244771793985227,26.193831198696323
1014,1790648571.7089512,0.8528617589613972,-2.0960177791819854,-0.6677408375459564,2.359351931499895,16.313115420554798,-20.596842092913167,-0.8363643096255796,26.287775565520143
1015,1790648571.7289512,0.7331107823988972,-2.0145871151194856,-0.6485806812959564,2.2397923037249017,16.329667182640048,-20.642217876613127,-0.8433580907402926,26.333826953759967
1016,1790648571.7391064,0.6612601964613971,-1.6457541073069857,-0.5671500172334564,1.8621038561771706,16.337872873248372,-20.664589766431355,-0.8473025310743635,26.356579478689746
1017,1790648571.7591064,0.9055521886488972,-1.3487716854319856,-0.5336197437959563,1.7099590219530727,16.35395955899387,-20.70653248516784,-0.8555567461589998,26.39970564537446
1018,1790648571.7692575,0.8289115636488972,-1.2529709041819856,-0.41386876723345634,1.5583060750599746,16.36222025428593,-20.726608389349586,-0.8598391714516869,26.420709119476413
1019,1790648571.7892575,0.49839886833639707,-1.1763302791819854,-0.22705724379595632,1.297578263396696,16.378045287661482,-20.763873170574808,-0.8679722766495069,26.460010815595652
1020,1790648571.8150928,0.4457084386488971,-0.9703585994944854,-0.1695767750459563,1.0812067825031084,16.39725052389706,-20.808949432551845,-0.877670964480379,26.50759339419243
1021,1790648571.8350928,0.6037797277113971,-0.8553976619944854,-0.21268712660845632,1.06840579068341,16.411462076927567,-20.841348894477616,-0.884626236183195,26.54205106659089
1022,1790648571.8597014,0.5415092198988971,-0.8170773494944854,-0.1552066578584563,0.9924397900810091,16.428439269258565,-20.8783212195026,-0.892579527059293,26.581847414741038
1023,1790648571.8797014,0.32116742302389706,-0.6542160213694854,0.1321956858915437,0.740690769212541,16.44146137206903,-20.90606917230159,-0.8981082914174711,26.611876649146893
1024,1790648571.8895981,0.34032757927389706,-0.2901730526194854,0.2615267405790437,0.5180921710649947,16.44742963031893,-20.91844128710259,-0.9001415157186301,26.625352243201807
1025,1790648571.909598,0.6181498448988971,-0.10336152918198536,0.2232064280790437,0.6652923763272613,16.45911921968823,-20.940283579230627,-0.9029069532928338,26.64982781994681
1026,1790648571.9347177,0.37385785271139704,-0.13689180261948536,0.2711068187040437,0.48167205317125883,16.473467718703706,-20.964054637426724,-0.9049280143426305,26.677436537855883
1027,1790648571.9547176,-0.22010699103860296,-0.02672090418198536,0.3764876780790437,0.4369256984542339,16.483408881703827,-20.9803874350213,-0.9053244033826136,26.696423684838244
1028,1790648571.9788578,-0.18178667853860295,-0.07462129480698536,0.4052279124540437,0.45036029483584644,16.492880446029098,-20.99732764864058,-0.9043157780341987,26.715550917354797
1029,1790648571.9988577,0.27326703239889705,-0.23748262293198538,0.3190072093290437,0.48253338412451807,16.499687742756578,-21.009725461513288,-0.9025191310415239,26.729436962991333
1030,1790648572.009436,0.36906781364889707,-0.4913546932444854,0.2184163890165437,0.6521857133025727,16.503257716863462,-21.01587740310203,-0.9012850375108664,26.736434560544325
1031,1790648572.0294359,0.12956586052389707,-0.4386642635569854,0.1465658030790437,0.48030738383611726,16.509742914694698,-21.027159116699266,-0.8987542728582082,26.749220378756494
1032,1790648572.054626,0.13435589958639704,-0.22790254480698538,0.2232064280790437,0.3461389709624955,16.517184460134793,-21.040496420970058,-0.8953462891635869,26.764183475467565
1033,1790648572.074626,0.29242718864889705,-0.045881060431985365,0.2567367015165437,0.3918321914711143,16.522846689512924,-21.04990800593043,-0.8923264385491044,26.77497593381208
1034,1790648572.0989592,0.4457084386488971,-0.06504121668198537,0.2327865062040437,0.5070265571160902,16.530049453458,-21.059843557134883,-0.8883100425090663,26.787098393002275
1035,1790648572.1189592,0.4073881261488971,-0.2710128963694854,0.2519466624540437,0.5503546093632895,16.53636117983781,-21.067288933726047,-0.8847769598859165,26.796729919075723
1036,1790648572.12914,0.3067973058363971,-0.39555391199448536,0.2375765452665437,0.5541029678890007,16.539637460486478,-21.071019363537406,-0.8828744862578427,26.80162181102817
1037,1790648572.14914,0.34032757927389706,-0.41471406824448537,0.1082454905790437,0.5472912440785255,16.546078954755217,-21.078463920805945,-0.8791789600089355,26.811328308784585
1038,1790648572.1747794,0.3978080480238971,-0.3811837948069854,0.1034554515165437,0.5605848365274689,16.554517539192403,-21.088106598931137,-0.8747449208928932,26.823971919906636
1039,1790648572.1947794,0.3978080480238971,-0.3524435604319854,0.1705159983915437,0.5581607403517581,16.56130606383478,-21.095600500348684,-0.8713940279513576,26.833943924855166
1040,1790648572.2196982,0.3259574620863971,-0.36681367761948536,0.16093592026654369,0.5164309359542436,16.569848101684464,-21.104881141765308,-0.8672258118407766,26.846376938604955
1041,1790648572.2396982,0.26368695427389705,-0.3811837948069854,0.0795052562040437,0.47026905175842565,16.57656007666497,-21.11233453278205,-0.8640215294765,26.856275739625243
1042,1790648572.2492657,0.24931683708639707,-0.3811837948069854,0.026814826516543693,0.45626637570538914,16.579657406155707,-21.115912270290526,-0.8626423157609505,26.860955725309577
1043,1790648572.2692657,0.2876371495863971,-0.4530343807444854,0.0938753733915437,0.544782402146149,16.585966317501217,-21.12352068911986,-0.8600106286493567,26.870746607981506
1044,1790648572.2943854,0.2972172277113971,-0.7212765682444854,0.4243880687040437,0.888078375598313,16.593803515151578,-21.13385575673624,-0.8562246614171286,26.88358783564443
1045,1790648572.3143854,0.21578656364889706,-0.8458175838694854,0.5632992015165437,1.0388826770446165,16.5998768971718,-21.143200723358934,-0.8521809527280718,26.894554508407392
1046,1790648572.3394465,0.2972172277113971,-0.7164865291819854,0.35253748276654373,0.8520409049470967,16.60730988479395,-21.15609052159978,-0.8461526096910159,26.90908549182944
1047,1790648572.3594465,0.3882279698988971,-0.6733761776194854,0.1944661937040437,0.8012325091326402,16.613380149329643,-21.166918987901145,-0.8412428347720983,26.921191447140036
1048,1790648572.3697803,0.40259808708639705,-0.6925363338694854,0.1130355296415437,0.8089924748824046,16.616659040515938,-21.172733325418168,-0.8388482067067408,26.927711756700166
1049,1790648572.3897803,0.34990765739889707,-0.8553976619944854,0.06513513901654369,0.9264896735456474,16.623181866444302,-21.18462032789165,-0.8346415742563472,26.940952848020796
1050,1790648572.4144049,0.36906781364889707,-1.0278390682444853,0.06513513901654369,1.0940323521797577,16.631336138729818,-21.200538666059746,-0.8299985514049785,26.95835824166318
1051,1790648572.4344049,0.4552885167738971,-1.2146505916819854,0.0795052562040437,1.2996094717812896,16.638202106630803,-21.214891881169983,-0.826576204627556,26.97377680438693
1052,1790648572.4595428,0.4552885167738971,-1.1571701229319855,0.06034509995404369,1.2449786576488229,16.647254194293712,-21.234698002878872,-0.8226562341469605,26.99481866511569
1053,1790648572.4795427,0.4169682042738971,-1.0182589901194854,-0.006715446920956309,1.1003449239042733,16.654684224546543,-21.251355409880773,-0.8199248351633883,27.012421033882653
1054,1790648572.5046668,0.4552885167738971,-0.9368283260569854,-0.09772618910845632,1.046176540573612,16.664261416693307,-21.272825739755564,-0.8172051179586226,27.03513543007909
1055,1790648572.5246668,0.6085697667738971,-0.9607785213694854,-0.12167638442095631,1.1437909208775554,16.672337525713164,-21.290199857821893,-0.8156939486983712,27.05373920875349
1056,1790648572.5337393,0.6708402745863972,-0.9320382869944854,-0.07377599379595631,1.1507236591342633,16.676322101993634,-21.298186979052353,-0.8152442606467492,27.062466824896692
1057,1790648572.5537393,0.5031889073988971,-0.8266574276194854,-0.03066564223345631,0.9682468490944605,16.685549379101055,-21.315791159540485,-0.8145583047054259,27.081986929901
1058,1790648572.5794866,0.3163773839613971,-0.6590060604319854,0.012444709329043692,0.7311214041174197,16.697229052357283,-21.33792361892554,-0.8138428751790616,27.10658190586678
1059,1790648572.5994866,0.2876371495863971,-0.4817746151194854,0.050765021829043695,0.5633995003876192,16.70584672702861,-21.35424802785044,-0.8132756891724383,27.124723796723273
1060,1790648572.6244044,0.3978080480238971,-0.41471406824448537,0.1034554515165437,0.5839024164369991,16.71625391030608,-21.373211120095725,-0.8123868208525424,27.14603600389386
1061,1790648572.6444044,0.3451176183363971,-0.4674044979319854,0.2519466624540437,0.6332852879192522,16.724468509486385,-21.387471704112567,-0.8112472953842145,27.162288471211067
1062,1790648572.6545641,0.15351605583639705,-0.4674044979319854,0.3908577952665437,0.6283342742579291,16.72839543164718,-21.394341572664292,-0.8102654568257479,27.170086403173453
1063,1790648572.6745641,0.15830609489889705,-0.3620236385569854,0.3764876780790437,0.5457700122776324,16.735433969663255,-21.407080865967746,-0.8074715576605735,27.18436814920428
1064,1790648572.6993482,0.23015668083639707,-0.3524435604319854,0.3285872874540437,0.534002028554207,16.743569913136522,-21.421827535257233,-0.8032180765136209,27.20086373012507
1065,1790648572.7193482,0.13435589958639704,-0.4195041073069854,0.2615267405790437,0.5122806260625119,16.749697314769048,-21.43310053987627,-0.7994153444451682,27.21340154743174
1066,1790648572.7444851,0.05771527458639705,-0.5632052791819854,0.2806868968290437,0.6319148466926217,16.75660545463347,-21.44699640432786,-0.7943305851185084,27.228449133359742
1067,1790648572.7644851,0.08166546989889706,-0.6254757869944854,0.3333773265165437,0.7134631391498069,16.761486463743836,-21.45817712333682,-0.78997069401406,27.240133032497557
1068,1790648572.7746477,0.3163773839613971,-0.5392550838694854,0.1848861155790437,0.6519766639192315,16.763898009198712,-21.463893945388524,-0.7876925934751663,27.246054381937913
1069,1790648572.7946477,0.531929141773897,-0.6973263729319854,0.1705159983915437,0.8934698584520119,16.76920450101072,-21.47531191573287,-0.7833486842311559,27.25818916648395
1070,1790648572.8197587,0.4840287511488971,-0.8362375057444854,0.2232064280790437,0.9916643118960794,16.776781054168733,-21.49038556030439,-0.7779712851219466,27.274572286115298
1071,1790648572.8397586,0.4457084386488971,-0.6590060604319854,0.2088363108915437,0.822531218079723,16.783304944035745,-21.502833199169082,-0.773682751587726,27.28827120643386
1072,1790648572.8648808,0.6468900792738972,-0.5200949276194854,0.2567367015165437,0.8688378688248467,16.792329089042703,-21.518345074571815,-0.7682266989207179,27.305890632682054
1073,1790648572.8848808,0.7618510167738971,-0.5296750057444853,0.3669075999540437,0.997794452968084,16.800548770882294,-21.53041649937595,-0.7635991628574541,27.32032864591697
1074,1790648572.8939264,0.7379008214613971,-0.5488351619944853,0.4339681468290437,1.0168805287825862,16.804726193996544,-21.535788901607788,-0.7612768300988626,27.327066591236097
1075,1790648572.9139264,0.7474808995863972,-0.5105148494944853,0.3860677562040437,0.9840738890862268,16.814805166352514,-21.547474628683066,-0.7556822670083398,27.34231868998689
1076,1790648572.9391196,0.6660502355238972,-0.4482443416819854,0.3381673655790437,0.8711504308866673,16.82826770386274,-21.56179825123863,-0.7483236618233274,27.361683538167597
1077,1790648572.9591196,0.5606693761488971,-0.3716037166819854,0.3046370921415437,0.7384058704476246,16.839192089531103,-21.572693376768225,-0.7423939853237322,27.37682667121285
1078,1790648572.984882,0.6085697667738971,-0.35723359949448535,0.3142171702665437,0.772467109804253,16.853412500346014,-21.586030809551843,-0.7347057794982934,27.395876178727498
1079,1790648573.004882,0.7618510167738971,-0.4721945369944854,0.3094271312040437,0.9482245525465062,16.864851776691836,-21.59607594545711,-0.7286970842351764,27.410668016892796
1080,1790648573.0144525,0.7714310948988972,-0.5392550838694854,0.16093592026654369,0.9548834222500862,16.870605150566504,-21.60088770631213,-0.725915487557094,27.417925179380422
1081,1790648573.0344524,0.7618510167738971,-0.5200949276194854,0.1034554515165437,0.9282342031747325,16.883124881528502,-21.61102393754225,-0.720577906231338,27.433473967276903
1082,1790648573.0590239,0.7618510167738971,-0.5392550838694854,0.1992562327665437,0.9544192283974698,16.899007029023092,-21.623561294837714,-0.714446089046557,27.452964773458067
1083,1790648573.0790238,0.7905912511488972,-0.42429414636948537,0.2136263499540437,0.9223319719229495,16.912323914064284,-21.63368071434501,-0.7095844062258675,27.469007107174676
1084,1790648573.1043575,0.8576517980238971,-0.28538301355698537,0.1034554515165437,0.9097873935865357,16.9297936492731,-21.645924502651763,-0.7037474626354283,27.489256466347605
1085,1790648573.1243575,0.9055521886488972,-0.24706270105698538,0.1513558421415437,0.9507751235548588,16.944161410056626,-21.654939288572024,-0.6994484013101793,27.505094610778706
1086,1790648573.1500483,0.8480717198988972,-0.2614328182444854,0.2950570140165437,0.9352173020575948,16.963227889562514,-21.665761944819234,-0.6938942765778324,27.525221713001265
1087,1790648573.1700482,0.8720219152113972,-0.2614328182444854,0.37169763901654373,0.9833252126914473,16.97842460307177,-21.6737077565222,-0.6892188978957978,27.540724983314075
1088,1790648573.1790698,0.9486625402113972,-0.26622285730698536,0.3237972483915437,1.037149884548502,16.98548315153297,-21.677111319092518,-0.6869557060070738,27.547698654757987
1089,1790648573.1990697,0.9917728917738972,-0.2805929744944854,0.2567367015165437,1.0621956599886935,17.0016947978824,-21.684345151358123,-0.6818201896791333,27.56326050043108
1090,1790648573.2247496,0.9199223058363971,-0.22790254480698538,0.2854769358915437,0.9897947765223245,17.023069986312656,-21.693219465916638,-0.6751710232102959,27.583265551161745
1091,1790648573.2447495,0.8001713292738971,-0.23748262293198538,0.3908577952665437,0.9216517609744118,17.039800447844627,-21.699792317983217,-0.6697547898057273,27.59862962946597
1092,1790648573.2698705,0.8816019933363972,-0.39555391199448536,0.3669075999540437,1.0335889699744705,17.060831181615903,-21.70800246056523,-0.6625445040624829,27.61789812160525
1093,1790648573.2898705,0.9199223058363971,-0.7212765682444854,0.3190072093290437,1.2117188354885797,17.077765482885813,-21.71523371111835,-0.6566362542374535,27.633903455489527
1094,1790648573.2999582,0.8959721105238971,-1.0086789119944854,0.2806868968290437,1.3780363944361353,17.086399575475074,-21.71964280608782,-0.6536495006160391,27.642633589195018
1095,1790648573.3199582,0.9007621495863971,-1.0182589901194854,0.04118494370404369,1.360117649571009,17.10364497013535,-21.730113479699856,-0.6481333735609345,27.66139150467657
1096,1790648573.3446944,0.9295023839613972,-0.9895187557444854,-0.2989078297334563,1.390132346374258,17.125170377139813,-21.744846028094255,-0.6428124657705065,27.686151720629997
1097,1790648573.3646944,0.9869828527113972,-1.0278390682444853,-0.5144595875459563,1.5150105507797544,17.142838484950108,-21.75799703781373,-0.6403757103018944,27.707353310429024
1098,1790648573.4034705,1.0492533605238972,-1.1811203182444854,-0.5527799000459563,1.673781180033837,17.177877127115867,-21.786093870585113,-0.639463724326551,27.751076782477583
1099,1790648573.4234705,1.1258939855238972,-1.3248214901194855,-0.5671500172334564,1.8287833084784018,17.196501251612247,-21.802170804767023,-0.6407437908233113,27.775256249086446
1100,1790648573.4195044,1.1929545323988973,-1.5068429744944856,-0.6390006031709563,2.025348867974924,17.196501251612247,-21.802170804767023,-0.6407437908233113,27.775256249086446
1101,1790648573.4395044,1.226484805836397,-1.7942453182444855,-0.7060611500459564,2.2851922432465104,17.216542866147982,-21.82234838617958,-0.645224070147335,27.803606806499097
1102,1790648573.464134,1.2121146886488972,-2.0289572323069858,-0.6198404469209563,2.443377099141352,17.242026228910504,-21.85053173917229,-0.6523630727331861,27.841673501096864
1103,1790648573.484134,1.1881644933363973,-1.9714767635569856,-0.5000894703584563,2.3555349648930846,17.263215922142216,-21.87598526561718,-0.6589704907425626,27.874927756384842
1104,1790648573.5091093,1.2791752355238972,-1.7750851619944856,-0.5384097828584563,2.2532424880132846,17.290329439836178,-21.910020806271422,-0.6679292051498218,27.91864311338222
1105,1790648573.5291092,1.3222855870863972,-1.7607150448069855,-0.5719400562959563,2.275010345212062,17.31268703586276,-21.93849153627956,-0.675692673117064,27.955019296678092
1106,1790648573.5398998,1.1737943761488971,-1.8517257869944856,-0.5575699391084563,2.2622037628596887,17.324960300004104,-21.95447175001666,-0.6801671079859881,27.975269552120206
1107,1790648573.5598998,1.1785844152113971,-2.0289572323069858,-0.6390006031709563,2.431882078794706,17.3478247268733,-21.98546872909318,-0.689011191564762,28.01397141453443
1108,1790648573.58458,1.2169047277113971,-2.258879107306986,-0.5767300953584563,2.629830705700755,17.376241455963672,-22.025918502094918,-0.7005381414829409,28.063599318058795
1109,1790648573.60458,1.145054141773897,-2.455270708869486,-0.46176915785845635,2.748223789391128,17.39935818504655,-22.060852023577603,-0.7100357944252211,28.10556898707264
1110,1790648573.629657,1.025303165211397,-2.4935910213694856,-0.4857193531709563,2.739555812990828,17.42807745620882,-22.107391135091603,-0.7219402037433427,28.160181538429786
1111,1790648573.649657,1.1642142980238972,-2.6756125057444855,-0.5958902516084563,2.9781508364388714,17.450830768961314,-22.14669419494747,-0.7316327175535325,28.205369076203233
1112,1790648573.6742957,1.2073246495863972,-2.8001535213694857,-0.6150504078584563,3.1107522493672977,17.47903912239091,-22.197968810491776,-0.7440198687262791,28.26340732322798
1113,1790648573.6942956,1.0779935948988972,-2.8624240291819856,-0.5479898609834564,3.1073838516060657,17.501930074226706,-22.24184072448948,-0.7543112165620572,28.31229451224523
1114,1790648573.7048564,0.9821928136488972,-2.9055343807444856,-0.4378189625459563,3.098147544071553,17.513836057462754,-22.266100406404423,-0.7597111224440874,28.33885745306841
1115,1790648573.7248564,0.9486625402113972,-2.9965451229319857,-0.27495763442095633,3.155129948147014,17.535897785598646,-22.314005115039482,-0.7694726901825732,28.390396679897034
1116,1790648573.749851,0.9678226964613972,-3.1450363338694856,-0.29411779067095634,3.3037008926254487,17.562925977263838,-22.376405929565028,-0.7809089168321439,28.456453221438363
1117,1790648573.769851,1.0013529698988972,-3.1977267635569855,-0.3372281422334563,3.367771821933339,17.584262852871067,-22.428361726016263,-0.7896342379944425,28.51072135218093
1118,1790648573.780304,0.9678226964613972,-3.2456271541819857,-0.20310704848345632,3.3929380879840596,17.595285591722227,-22.456494630563498,-0.7939340908557313,28.539771503770275
1119,1790648573.800304,0.8672318761488972,-3.250417193244486,-0.01629552504595631,3.3641594197190803,17.61596476016252,-22.511992019138408,-0.80125616565308,28.59639855898005
1120,1790648573.8249032,0.8959721105238971,-3.1498263729319858,0.026814826516543693,3.2748879732558223,17.640837268855236,-22.58182109553776,-0.8088917810270637,28.666916287778832
1121,1790648573.8449032,0.9007621495863971,-3.020495318244486,0.03639490464154369,3.152156247197818,17.660721149812332,-22.639333735257775,-0.814073753465249,28.724609998812696
1122,1790648573.8700962,0.7426908605238971,-3.0444455135569854,0.2232064280790437,3.1416650535756974,17.685116131300752,-22.712372205606204,-0.8191315945541765,28.79732904893758
1123,1790648573.8900962,0.6564701573988971,-3.097135943244486,0.3908577952665437,3.1899802404737345,17.70367637540718,-22.770870243389492,-0.8216234828006125,28.854943319887507
1124,1790648573.9146223,0.7426908605238971,-3.0157052791819856,0.36211756089154373,3.1268509995037923,17.725596550400848,-22.843090640595612,-0.8228358628258567,28.925432095980895
1125,1790648573.9346223,0.8768119542738971,-2.8336837948069857,0.2279964671415437,2.9749866287326996,17.743219507269785,-22.90192341326318,-0.8227910392224893,28.982700350456582
1126,1790648573.9443114,0.7858012120863972,-2.6851925838694854,0.04118494370404369,2.7981134639202963,17.751684599783594,-22.930160442041092,-0.8225769721810408,29.01019125933338
1127,1790648573.9643114,0.7187406652113971,-2.7522531307444855,-0.05940587660845631,2.845173895862424,17.768793826550564,-22.98785984175922,-0.822228712529378,29.06626557042606
1128,1790648573.9894657,0.8528617589613972,-2.8528439510569856,0.007654670266543691,2.977608164778914,17.790049581479746,-23.060118462955128,-0.8219540343275407,29.13641254635819
1129,1790648574.0094657,1.0157230870863971,-2.7330929744944856,0.022024787454043692,2.915814755455811,17.807217663594777,-23.11733166861292,-0.8217238803102501,29.19217796826348
1130,1790648574.0346372,1.0396732823988972,-2.4840109432444857,-0.049825798483456314,2.6932718968732012,17.829464224140835,-23.188386997323587,-0.8215301482421155,29.262023133099227
1131,1790648574.0546372,0.9821928136488972,-2.464850786994486,-0.0019254078584563096,2.6533367356078825,17.847521587592578,-23.243798625078757,-0.8214769349553636,29.316940933485196
1132,1790648574.064253,0.9774027745863971,-2.464850786994486,0.055555060891543696,2.652148553664969,17.85631444511544,-23.269999293920165,-0.8214165106629417,29.343066605006932
1133,1790648574.084253,1.0348832433363973,-2.345099810431986,-0.04024572035845631,2.5636099871536167,17.87487779834987,-23.323534477501365,-0.821286722331957,29.396820044171694
1134,1790648574.1095133,1.0396732823988972,-2.2828293026194855,-0.10730626723345632,2.5107259496049825,17.89873695094571,-23.389775391139413,-0.82142692634263,29.46389518516554
1135,1790648574.1295133,1.0444633214613972,-2.345099810431986,-0.07377599379595631,2.5682366806871384,17.917920232629783,-23.44129705231798,-0.8217929060107635,29.516463482915174
1136,1790648574.1546245,1.0827836339613972,-2.3163595760569855,-0.09772618910845632,2.55880684921766,17.94239947687879,-23.505061470051345,-0.8225064862769593,29.58198997056757
1137,1790648574.1746244,1.0588334386488971,-2.258879107306986,-0.11688634535845631,2.497463811541683,17.96218405772241,-23.55509207678272,-0.8233114901565481,29.63376892464124
1138,1790648574.1847677,1.0013529698988972,-2.2876193416819857,-0.12167638442095631,2.500143028966267,17.97228026754008,-23.58011849217009,-0.8238400047709057,29.65979700660902
1139,1790648574.2047677,1.0540433995863971,-2.3211496151194857,-0.13604650160845633,2.5528908465856675,17.9922844539794,-23.628975532370028,-0.8251123712246692,29.710799299369214
1140,1790648574.2298708,1.025303165211397,-2.345099810431986,-0.0019254078584563096,2.5594420111962033,18.017541421270604,-23.68988554713357,-0.8267296007632069,29.774585772706697
1141,1790648574.2498708,1.0061430089613972,-2.3594699276194855,0.0747152171415437,2.566126352597452,18.037692776670035,-23.738191068898885,-0.8277156149330586,29.82524415773137
1142,1790648574.274477,1.0588334386488971,-2.2780392635569857,0.045974982766543694,2.5125096688667066,18.062577218669425,-23.79726569640671,-0.828524024921763,29.887338497525064
1143,1790648574.294477,1.0300932042738973,-2.258879107306986,0.0986654124540437,2.48462506115792,18.08290280238149,-23.844884625528174,-0.8288655799154283,29.937550245714743
1144,1790648574.3045733,0.9821928136488972,-2.2780392635569857,0.1896761546415437,2.487999729326833,18.09314813129857,-23.868753066284917,-0.8287938000221643,29.962748228481207
1145,1790648574.3245733,0.9774027745863971,-2.3115695369944858,0.15614588120404368,2.5145678444510255,18.113338418335708,-23.91582671461677,-0.8281542057985791,30.012424685275185
1146,1790648574.3495417,1.0923637120863972,-2.2397189510569855,-0.04024572035845631,2.4922317663520275,18.13863939551155,-23.974302139560827,-0.8272584576587345,30.07427071027862
1147,1790648574.3695416,0.9821928136488972,-2.1630783260569855,-0.19831700942095631,2.3838918188681926,18.158977659470615,-24.020719927386203,-0.8270064220214455,30.12353556754496
1148,1790648574.3948433,0.9151322667738971,-2.2492990291819854,-0.21268712660845632,2.437631843038385,18.184448279174024,-24.079007091824188,-0.8275153348823704,30.185385923912587
1149,1790648574.4148433,0.9774027745863971,-2.3546798885569857,-0.11688634535845631,2.552155163597069,18.20440056190971,-24.125075681081356,-0.8283516286446041,30.234180042743674
1150,1790648574.439605,1.0300932042738973,-2.3738400448069856,-0.05940587660845631,2.588385138652306,18.229125963420255,-24.18233844297193,-0.8295591178336961,30.29479648868204
1151,1790648574.459605,0.9869828527113972,-2.1918185604319858,-0.1935269703584563,2.411567216906175,18.24912665382888,-24.22850033725233,-0.8307675113541849,30.343714783751274
1152,1790648574.4695685,0.9678226964613972,-2.139128130744486,-0.23184728285845632,2.3593013995878223,18.259056694519096,-24.251283934778844,-0.8315970718299689,30.367902093309
1153,1790648574.4895685,1.0492533605238972,-2.2109787166819856,-0.1647867359834563,2.4528583669970616,18.279025179237635,-24.296683009209797,-0.8336074382650197,30.416220477146044
1154,1790648574.515194,1.0827836339613972,-2.2445089901194857,-0.049825798483456314,2.4925335734742586,18.30487010776716,-24.354689434088257,-0.8362093609614544,30.478162890641514
1155,1790648574.535194,1.0157230870863971,-2.1678683651194857,0.022024787454043692,2.3941244181095827,18.32516343963149,-24.399789566494114,-0.8379771829080435,30.526440207424713
1156,1790648574.559103,0.9869828527113972,-2.0816476619944857,0.0795052562040437,2.3051492849699575,18.349375468675674,-24.453237651943052,-0.8395914710274965,30.58374283162648
1157,1790648574.579103,1.0013529698988972,-2.0145871151194856,0.055555060891543696,2.2504122687902,18.369573349475314,-24.49738497167968,-0.840536681419259,30.631186679677338
1158,1790648574.5894935,0.9821928136488972,-2.0529074276194854,0.1034554515165437,2.27812086158906,18.380038439075346,-24.5200500726041,-0.84083016884472,30.655597595834582
1159,1790648574.6094935,0.9390824620863971,-2.0481173885569857,0.1274056468290437,2.2567438726518487,18.40004233658044,-24.563284093067697,-0.8409640538255255,30.702177511774824
1160,1790648574.6344168,0.9295023839613972,-2.0481173885569857,0.012444709329043692,2.2492030566157633,18.424724162080828,-24.61673628072887,-0.8408444552747145,30.759733174422763
1161,1790648574.6544168,0.8432816808363972,-2.1247580135569857,-0.07856603285845631,2.287333213794615,18.4442185949961,-24.65945486200771,-0.8408620600300006,30.80559953442545
1162,1790648574.6795113,0.7810111730238971,-2.1582882869944857,-0.08335607192095632,2.2967662085836786,18.468066814260936,-24.713076053969733,-0.8411855874925153,30.86281278655436
1163,1790648574.6995113,0.8241215245863972,-2.1151779354319857,-0.11209630629595632,2.2728219392882765,18.486630210206116,-24.75581130098939,-0.8416979357026451,30.90815661138764
1164,1790648574.709278,0.9007621495863971,-2.1199679744944855,-0.12646642348345633,2.3068659300614884,18.49559918925088,-24.776652572061476,-0.8420853562748729,30.93022485843436
1165,1790648574.729278,0.8720219152113972,-2.1439181698069856,-0.04503575942095631,2.314915885958734,18.513869640969702,-24.81932441703559,-0.8430169480761045,30.97535974247308
1166,1790648574.75416,0.8432816808363972,-2.0960177791819854,0.01723474839154369,2.259360874325605,18.53639125678992,-24.872361310947422,-0.8440539675494999,31.031348425539747
1167,1790648574.77416,0.8672318761488972,-1.9858468807444856,-0.01150548598345631,2.166982080447149,18.5543444360446,-24.91472042327143,-0.8447538949957316,31.076045442820877
1168,1790648574.7995174,0.8863920323988972,-1.9858468807444856,-0.06419591567095631,2.1756377879719966,18.577027533860075,-24.967924002400732,-0.8456521724834541,31.13227117606873
1169,1790648574.8195174,0.8337016027113971,-2.0576974666819856,0.007654670266543691,2.2201882399314483,18.594814712214742,-25.00965767650821,-0.8463392010456418,31.176375692516768
1170,1790648574.8299387,0.8049613683363972,-2.0481173885569857,0.050765021829043695,2.2012098330837966,18.6039735082741,-25.031350802360066,-0.8465978286143163,31.19924808662528
1171,1790648574.8499386,0.9390824620863971,-1.9906369198069855,-0.0019254078584563096,2.2010258799687734,18.621530101181683,-25.072796416535805,-0.8469464623630193,31.242980359824436
1172,1790648574.8747556,1.0013529698988972,-1.9810568416819856,-0.06419591567095631,2.220678971821271,18.643659127355615,-25.12390247352597,-0.8474372443394014,31.297198773043064
1173,1790648574.8947556,0.9295023839613972,-2.0097970760569854,-0.07856603285845631,2.2157237170360937,18.661714098816365,-25.164897109652166,-0.8479875795485116,31.34087909712186
1174,1790648574.9193826,0.7858012120863972,-2.0576974666819856,-0.01150548598345631,2.2026653821026985,18.683779489585913,-25.215316787270122,-0.8487299505201386,31.39452435101968
1175,1790648574.9393826,0.8384916417738971,-2.0481173885569857,0.007654670266543691,2.213122604965902,18.701447653422786,-25.256280178876928,-0.8492481850037897,31.43795564739184
1176,1790648574.9494376,0.9247123448988972,-2.0097970760569854,-0.025875603170956312,2.212475255132831,18.71032766333426,-25.276845696938487,-0.8494833886287531,31.45976655481927
1177,1790648574.9694376,0.9055521886488972,-2.0816476619944857,0.026814826516543693,2.2702424518044384,18.728086388827577,-25.317752744636845,-0.8498796358768139,31.503208078248687
1178,1790648575.0101461,0.8289115636488972,-2.0385373104319857,0.06992517807904369,2.201730745777857,18.76410658226301,-25.40110613253727,-0.8502698282178044,31.591626222271717
1179,1790648575.0301461,0.8001713292738971,-2.0433273494944855,0.06034509995404369,2.195245395046435,18.781592322616078,-25.442037496480037,-0.850237368235602,31.634923513857142
1180,1790648575.0393078,0.8049613683363972,-1.9858468807444856,0.007654670266543691,2.142804058296861,18.789503731264567,-25.460743627295997,-0.8501780046255466,31.654663466251666
1181,1790648575.0593078,0.7858012120863972,-2.0241671932444856,-0.04503575942095631,2.171811361686445,18.806569862502407,-25.5014687453636,-0.8501239242443149,31.697550202665706
1182,1790648575.0699341,0.8049613683363972,-2.0576974666819856,0.012444709329043692,2.209578362424322,18.815545045247685,-25.523114115711696,-0.850125474733946,31.72029008121108
1183,1790648575.089934,0.8959721105238971,-2.0529074276194854,0.01723474839154369,2.2399758850853773,18.832454943207885,-25.56390828745485,-0.8500834360636206,31.763145435640148
1184,1790648575.1142106,0.9103422277113972,-2.0050070369944857,-0.01150548598345631,2.2020237433233256,18.853190588168765,-25.613386152089195,-0.8500296310998124,31.81526199646323
1185,1790648575.1342106,0.8720219152113972,-2.0193771541819854,-0.03545568129595631,2.1999007743026158,18.87038458169459,-25.654070347711684,-0.850062395041639,31.85820688208708
1186,1790648575.1600142,0.8384916417738971,-2.0337472713694855,-0.03066564223345631,2.2000310404039993,18.892550720605257,-25.706530656383435,-0.8502262881487014,31.913587636918585
1187,1790648575.1800141,0.8672318761488972,-2.0576974666819856,-0.01150548598345631,2.2330119497230445,18.909712866469775,-25.747229877689147,-0.8503975213357711,31.956537093546217
1188,1790648575.1893053,0.9151322667738971,-2.0768576229319855,-0.02108556410845631,2.2696363701340356,18.91773179093038,-25.76618210503835,-0.8504878477516373,31.9765546293335
1189,1790648575.2093053,0.9247123448988972,-2.1151779354319857,0.012444709329043692,2.3085115312982563,18.935163717718073,-25.807146892484425,-0.850666078548342,32.01988270628498
1190,1790648575.2343404,0.8816019933363972,-2.2684591854319858,0.1034554515165437,2.4359458493722617,18.957102793795034,-25.85896407825146,-0.8506380968697765,32.0746216611616
1191,1790648575.2543404,0.8049613683363972,-2.3738400448069856,0.2327865062040437,2.5173932788330715,18.974530252113894,-25.90111371138463,-0.8501147336006617,32.118891401148126
1192,1790648575.2799037,0.8097514073988972,-2.4935910213694856,0.3046370921415437,2.639412298514096,18.996559914713895,-25.95623875378345,-0.848515759836869,32.176320452025216
1193,1790648575.2999036,0.8049613683363972,-2.6564523494944856,0.3237972483915437,2.794556592326359,19.013632077028685,-26.00062289010216,-0.8465097648286978,32.22215346955987
1194,1790648575.3244748,0.8289115636488972,-2.8336837948069857,0.1848861155790437,2.958215865185718,19.034471093127546,-26.057089619962785,-0.8434775307630311,32.27993902724698
1195,1790648575.3444748,0.8528617589613972,-3.054025591681986,-0.08335607192095632,3.171970007625123,19.0514115739797,-26.10498863101869,-0.8412273337788435,32.328538132954286
1196,1790648575.354569,0.8480717198988972,-3.3222677791819857,-0.2797476734834563,3.4401958664445957,19.05996679470778,-26.13036467657451,-0.8405368859524954,32.3540537584208
1197,1790648575.374569,0.8145414464613971,-3.4611789119944856,-0.2893277516084563,3.567484796980859,19.076868897611938,-26.18327663869006,-0.840227687788869,32.40674135179552
1198,1790648575.3992877,0.8241215245863972,-3.489919146369486,-0.22226720473345632,3.5927864737252273,19.09766330308361,-26.2517499039881,-0.8408513096902861,32.47433059486359
1199,1790648575.4192877,1.0971537511488971,-3.3989084041819857,-0.27495763442095633,3.5821678344831076,19.11484627589264,-26.309174669660198,-0.8420260335117816,32.53089343671348
1200,1790648575.4449341,1.2983353917738971,-3.3126877010569857,-0.4282388844209563,3.583708014947228,19.138182972249457,-26.384675878624623,-0.8446590401879527,32.60574516237202
1201,1790648575.464934,1.2169047277113971,-3.3174777401194855,-0.5336197437959563,3.5736907677474696,19.157424772429597,-26.44466778737327,-0.8478471394218411,32.66567346722952
1202,1790648575.4750087,0.9247123448988972,-3.303107622931986,-0.5144595875459563,3.46846962747229,19.167281761786874,-26.47535710578305,-0.8500041175829992,32.69635654036047
1203,1790648575.4950087,0.8576517980238971,-3.1115060604319855,-0.4952994312959563,3.26532664482448,19.18658806524523,-26.536764409490505,-0.8551584562363395,32.75753841324902
1204,1790648575.5195541,1.1306840245863972,-2.8624240291819856,-0.5575699391084563,3.127747100276928,19.21038839199013,-26.61182084394412,-0.8624736035513263,32.83248226251117
1205,1790648575.539554,1.3079154698988973,-2.7091427791819855,-0.6821109547334564,3.0846997955979663,19.230530217748214,-26.67216171671546,-0.869399539962795,32.89336344399028
1206,1790648575.5647166,1.0827836339613972,-2.704352740119486,-0.6342105641084563,2.9813029333821794,19.25658168705809,-26.74690684228848,-0.8792903158839828,32.96947247621664
1207,1790648575.5847166,0.9007621495863971,-2.5510714901194858,-0.43302892348345634,2.7398635452155644,19.277157610456634,-26.80528845189784,-0.8875734709819207,33.02907932707518
1208,1790648575.595072,1.0348832433363973,-2.2876193416819857,-0.4378189625459563,2.5486998692943037,19.28771657823535,-26.83474068531877,-0.891895306940957,33.059261874536475
1209,1790648575.615072,1.2456449620863972,-2.1582882869944857,-0.5096695484834564,2.5435413796516353,19.308471417458968,-26.88975957827164,-0.9004114479061613,33.116264575456
1210,1790648575.639293,0.9582426183363971,-2.1534982479319855,-0.6581607594209563,2.4472350121481785,19.333839781523046,-26.954228201156642,-0.9112993338264717,33.183704511302885
1211,1790648575.659293,0.5654594152113971,-1.9571066463694855,-0.6150504078584563,2.127979741379528,19.353930657718013,-27.005642775365455,-0.9208510428259804,33.23743883420441
1212,1790648575.6841319,0.47923871208639707,-1.7798752010569856,-0.5336197437959563,1.9189516683514296,19.37708588587211,-27.066880538544012,-0.9330742348289118,33.301022612586216
1213,1790648575.7041318,0.6756303136488971,-1.7750851619944856,-0.3180679859834563,1.9257650159772528,19.39466583465154,-27.11412465118059,-0.9427174280040284,33.34992555593822
1214,1790648575.7141805,0.7522709386488972,-1.8469357479319857,-0.04024572035845631,1.994668629154213,19.4032497858598,-27.13703078244871,-0.9471057605435143,33.37366553529432
1215,1790648575.7341805,0.6133598058363972,-1.6984445369944856,0.11782556870404369,1.8096427717377004,19.419820315376562,-27.181100791440336,-0.9544134474908963,33.419344193815384
1216,1790648575.7596905,0.4936088292738971,-1.4637326229319856,0.1321956858915437,1.5503672362188363,19.439903651330624,-27.234930627880647,-0.9618579345955871,33.475012635768095
1217,1790648575.7796905,0.6037797277113971,-1.4206222713694856,0.1753060374540437,1.5535281794271012,19.4549333238359,-27.27512950962635,-0.9663577094743372,33.516577504638676
1218,1790648575.8043106,0.6229398839613971,-1.4589425838694856,0.2615267405790437,1.6077822607851813,19.472924815456732,-27.322508874220524,-0.9702594505832258,33.56569223853034
1219,1790648575.8243105,0.6133598058363972,-1.2673410213694856,0.2902669749540437,1.4375738007526728,19.48720226762122,-27.35931342947874,-0.9721258868883383,33.603989529393615
1220,1790648575.8343806,0.45049847771139706,-1.0948996151194854,0.1944661937040437,1.19982129757011,19.494116203727547,-27.376849105208805,-0.9725585846770884,33.622288793216235
1221,1790648575.8543806,0.36427777458639704,-0.9751486385569854,0.0842952952665437,1.0443748661956749,19.50701024414723,-27.409557319741346,-0.9728709088722127,33.656407397920255
1222,1790648575.8795044,0.37385785271139704,-0.9799386776194854,0.06513513901654369,1.0508530307627737,19.52216889598946,-27.448165920149467,-0.9729228274869826,33.69663884739601
1223,1790648575.8995044,0.23973675896139707,-1.0661593807444854,0.1417757640165437,1.101939157126769,19.533346353259716,-27.477359483260674,-0.9726475920373854,33.72688760124533
1224,1790648575.9246657,0.24452679802389707,-1.0422091854319855,0.0938753733915437,1.0746189682301464,19.546212872600865,-27.51255645295848,-0.971908571600432,33.762994631842204
1225,1790648575.9446657,0.18225629021139705,-0.9751486385569854,0.2088363108915437,1.0137775038675658,19.555546194946785,-27.539363003514694,-0.970955191981047,33.79021538266495
1226,1790648575.9694393,0.07208539177389706,-0.7404367244944854,0.4100179515165437,0.8494454468964687,19.565845625066277,-27.570774646789665,-0.9688015551986594,33.821716486620545
1227,1790648575.9894392,-0.15783648322610297,-0.4913546932444854,0.4387581858915437,0.6773850719475627,19.57278460928196,-27.594177434182896,-0.9660505369996417,33.844730450552426
1228,1790648576.0146813,-0.10514605353860296,-0.42429414636948537,0.37169763901654373,0.5737946933081778,19.579730814001987,-27.62101717393623,-0.9615649526482952,33.87050421280765
1229,1790648576.0346813,0.033765079273897054,-0.5584152401194854,0.4579183421415437,0.7229501151848133,19.58430185632393,-27.640567201658936,-0.9572995890232466,33.888969546626534
1230,1790648576.0437393,0.0002348058363970495,-0.5919455135569854,0.5872493968290438,0.8338233627274423,19.586084646867235,-27.64887478160512,-0.9549475373945826,33.896709475733836
1231,1790648576.0637393,-0.24884722541360296,-0.5488351619944853,0.7932210765165437,0.9961649727166811,19.589057656483288,-27.666177554578375,-0.9484625208439137,33.912359715949115
1232,1790648576.0897548,-0.291957576976103,-0.4817746151194854,0.7549007640165437,0.941924184868425,19.591289597387803,-27.687319438640642,-0.938271653560047,33.93061507668138
1233,1790648576.1097548,0.033765079273897054,-0.5584152401194854,0.4962386546415437,0.7478104461269075,19.59236078299273,-27.70269500162134,-0.9297356682997064,33.943546070154724
1234,1790648576.1191409,0.36906781364889707,-0.7643869198069854,0.2567367015165437,0.8867988205614521,19.59307166365181,-27.70975963013579,-0.9258005345956708,33.949614763745934
1235,1790648576.1391408,0.2684769933363971,-0.8649777401194854,0.1082454905790437,0.9121312806191122,19.59531552299849,-27.724999090193872,-0.9181257698155099,33.96314060752209
1236,1790648576.163742,0.12956586052389707,-0.7931271541819854,-0.06419591567095631,0.8062004158414615,19.598396022149046,-27.743992107130055,-0.9100201217950646,33.98020543351017
1237,1790648576.183742,0.34990765739889707,-0.8793478573069854,-0.1935269703584563,0.9659920864649426,19.601243924272694,-27.759625408870846,-0.9048055250473205,33.99447365760825
1238,1790648576.2093542,0.5702494542738971,-1.1188498104319855,-0.1791568531709563,1.2685056233385357,19.60611144898441,-27.78048086261993,-0.8998452448463358,34.014180051458865
1239,1790648576.2293541,0.575039493336397,-1.2194406307444854,-0.1552066578584563,1.3571274728081666,19.611060189250345,-27.797831055041158,-0.8970544149061647,34.031129862734694
1240,1790648576.238897,0.5079789464613971,-1.2290207088694856,-0.20310704848345632,1.3452832363564724,19.613842415346447,-27.806620281035364,-0.8961789753905288,34.03988957831183
1241,1790648576.258897,0.531929141773897,-1.2002804744944855,-0.15041661879595633,1.3214563891899838,19.620358588027198,-27.82592152859044,-0.8951497352938546,34.05938450833547
1242,1790648576.284524,0.6037797277113971,-1.3679318416819857,0.03160486557904369,1.4955889644588138,19.629638491816255,-27.85187951892865,-0.8942571026659767,34.08591491836445
1243,1790648576.304524,0.5654594152113971,-1.3487716854319856,0.2136263499540437,1.4780276137707786,19.637548311047517,-27.873174189271936,-0.8932971150645201,34.107845472706174
1244,1790648576.3291223,0.6181498448988971,-1.2577609432444856,0.2950570140165437,1.4321768265895618,19.64800109715266,-27.90024503627236,-0.8913550557378856,34.1359361089328
1245,1790648576.3491223,0.6468900792738972,-1.1140597713694853,0.2902669749540437,1.32054945594468,19.657122599991304,-27.922511489206574,-0.8891349088791534,34.15932782802011
1246,1790648576.3595479,0.5654594152113971,-1.0182589901194854,0.2854769358915437,1.1992050709267343,19.662112177118768,-27.934044763586577,-0.887701006283389,34.171589444979254
1247,1790648576.3795478,0.4840287511488971,-0.9751486385569854,0.3237972483915437,1.1358007559797794,19.671822437799253,-27.95584108825111,-0.8844489669868429,34.19491042466781
1248,1790648576.4046433,0.5271391027113971,-0.9080880916819855,0.3477474437040437,1.1060867508765775,19.684082175211795,-27.982632689047087,-0.8797165234906813,34.223745038384095
1249,1790648576.4246433,0.6037797277113971,-0.7787570369944854,0.36211756089154373,1.0498293243045367,19.694083452965444,-28.003311923438336,-0.8754459099416361,34.24629625631047
1250,1790648576.4490087,0.6181498448988971,-0.5679953182444853,0.3764876780790437,0.9200385231290776,19.70667305417878,-28.027186987702095,-0.8696738225558546,34.27291212992489
1251,1790648576.4690087,0.5702494542738971,-0.4195041073069854,0.4339681468290437,0.8303592527390434,19.717239533323824,-28.045326089890835,-0.8644309009070819,34.29368879378861
1252,1790648576.4787707,0.512768985523897,-0.20874238855698538,0.3908577952665437,0.6776984826722762,19.722416368992423,-28.053311749006923,-0.8616517791005902,34.303125969906844
1253,1790648576.4987707,0.5702494542738971,-0.02672090418198536,0.2184163890165437,0.6112316793254473,19.733056023479005,-28.067571458458886,-0.8558982057312637,34.32076090852345
1254,1790648576.524215,0.6421000402113971,-0.02672090418198536,0.1753060374540437,0.6661371293717377,19.746875110358946,-28.08309364239001,-0.8489250438863685,34.341227393345996
1255,1790648576.544215,0.4936088292738971,-0.05546113855698536,0.2950570140165437,0.5777406474773462,19.757811566536418,-28.093587693656282,-0.8435605476076747,34.355965738098476
1256,1790648576.569076,0.37864789177389707,0.02596952550551464,0.3237972483915437,0.49889207276297093,19.770993394815143,-28.10473067304437,-0.8367385287720144,34.37249187050186
1257,1790648576.589076,0.35948773552389707,0.06428983800551465,0.3237972483915437,0.4880668738285869,19.78111431304713,-28.11221483793888,-0.831102250959791,34.38429637947851
1258,1790648576.5994747,0.4457084386488971,0.00680936925551464,0.3764876780790437,0.5834769503055328,19.786215142361343,-28.115466954986324,-0.8280651927477756,34.389816570028074
1259,1790648576.6194746,0.44091839958639706,-0.15605195886948536,0.4148079905790437,0.6251615135379475,19.79588406891598,-28.12100747639073,-0.8219131772276653,34.39976204609685
1260,1790648576.644407,0.4552885167738971,-0.2518527401194854,0.3764876780790437,0.6422308058301298,19.807805371108667,-28.1276411171712,-0.813914666727009,34.41185559543128
1261,1790648576.664407,0.49839886833639707,-0.3237033260569854,0.3477474437040437,0.6885590460244156,19.817364362986428,-28.133027555157035,-0.8073745828517062,34.42160692692345
1262,1790648576.6892798,0.42175824333639705,-0.3237033260569854,0.4004378733915437,0.6655932313124139,19.829185632290166,-28.13992923748442,-0.7990653897855169,34.433860164489346
1263,1790648576.7092798,0.40259808708639705,-0.29496309168198537,0.2950570140165437,0.5797819302984358,19.83850173643676,-28.145574380365026,-0.7923430024798596,34.443683249339685
1264,1790648576.73438,0.42175824333639705,-0.39555391199448536,0.2088363108915437,0.6147808697927531,19.849991656625775,-28.152896307969556,-0.7842232350162456,34.456098812514135
1265,1790648576.75438,0.43133832146139706,-0.5775753963694854,0.2040462718290437,0.7491868706136245,19.85905323881745,-28.15931502461133,-0.7781045235279042,34.466425182299105
1266,1790648576.764083,0.4361283605238971,-0.6685861385569853,0.2711068187040437,0.8430387171842287,19.863421276579647,-28.162868795394616,-0.775235544776375,34.47178083226008
1267,1790648576.784083,0.48881879021139707,-0.5632052791819854,0.1321956858915437,0.7573768517260926,19.872461708080834,-28.170942857974595,-0.7696040029334092,34.48346047263441
1268,1790648576.8095555,0.6037797277113971,-0.4530343807444854,-0.02108556410845631,0.7551388685172814,19.884336125955606,-28.181625216553144,-0.7632950916483028,34.49889045191427
1269,1790648576.8295555,0.6277299230238972,-0.6015255916819854,0.06992517807904369,0.8722198256387758,19.894108162211452,-28.190336269547984,-0.759011378045499,34.511544399402986
1270,1790648576.8546581,0.6229398839613971,-0.7164865291819854,0.2663167796415437,0.9860687971169808,19.906888209250244,-28.202111178797697,-0.7538082046153245,34.52841583284987
1271,1790648576.874658,0.6085697667738971,-0.5823654354319854,0.2327865062040437,0.8738971443412586,19.917390370642682,-28.212033654526852,-0.7495358592352579,34.54248233849162
1272,1790648576.8839319,0.7187406652113971,-0.5488351619944853,0.1705159983915437,0.9202629431730366,19.922452832828075,-28.216731241241984,-0.7475714662572608,34.54919553208009
1273,1790648576.9039319,0.6852103917738972,-0.7787570369944854,0.16093592026654369,1.0497028980122933,19.93383888819808,-28.2273338957419,-0.7434733091133515,34.56433225513986
1274,1790648576.929726,0.7570609777113971,-0.9320382869944854,0.1082454905790437,1.2056341810962599,19.949110969758593,-28.24226664982815,-0.738459969970018,34.58522772992808
1275,1790648576.9497259,0.8097514073988972,-1.0901095760569854,0.0795052562040437,1.3602783962703024,19.96152650534213,-28.25514154856408,-0.7348742196104273,34.60282653876005
1276,1790648576.974574,0.8576517980238971,-1.1619601619944855,0.055555060891543696,1.4452696597889745,19.97774533803841,-28.272935086251874,-0.7308357855830707,34.62662686616207
1277,1790648576.994574,0.8624418370863972,-1.1667502010569855,0.01723474839154369,1.4510027534693364,19.991421637549028,-28.288601648979558,-0.7279636945983962,34.647248858828114
1278,1790648577.0046492,0.8863920323988972,-1.0182589901194854,0.007654670266543691,1.3500373328305746,19.998599191989324,-28.296961005869868,-0.7267150814593536,34.65818931535773
1279,1790648577.0246491,0.9247123448988972,-0.9128781307444854,-0.09293615004595632,1.3027188992201377,20.01342673341801,-28.313962684421323,-0.724736183842074,34.68058498706249
1280,1790648577.0496845,1.0348832433363973,-1.0326291073069853,-0.15041661879595633,1.4696704936162017,20.032882749202813,-28.335705539326757,-0.7230875596377122,34.70952974722711
1281,1790648577.0696845,1.0875736730238972,-1.3008712948069856,-0.12646642348345633,1.7003165517562284,20.04927781221564,-28.35397001870816,-0.7223834047609349,34.733888270631
1282,1790648577.094787,1.2408549230238972,-1.4685226619944856,-0.1743668141084563,1.9304620003114137,20.071152600514168,-28.37866939357071,-0.7221985478954885,34.76667389908468
1283,1790648577.1147869,1.3174955480238972,-1.6553341854319856,-0.26537755629595633,2.1322173979001713,20.089804299216503,-28.400082234653723,-0.7227329739357002,34.79493139334414
1284,1790648577.1239853,1.2791752355238972,-1.6744943416819855,-0.40428868910845633,2.1456164446712367,20.09888727014643,-28.41075042107794,-0.7234038897090171,34.80889716975361
1285,1790648577.1439853,1.140264102711397,-1.6984445369944856,-0.2893277516084563,2.0660654919506896,20.119303030096827,-28.43552612957662,-0.7256842598405394,34.840954612749606
1286,1790648577.1691072,1.101943790211397,-1.7798752010569856,-0.20789708754595632,2.1036770301387033,20.14532523220342,-28.468532387699586,-0.7290558155649502,34.88298994356649
1287,1790648577.1891072,1.2312748448988973,-1.8708859432444855,-0.37075841567095635,2.270179235016797,20.166434255719647,-28.496343827020482,-0.732205326477356,34.91794390765517
1288,1790648577.2139606,1.4659867589613973,-2.0337472713694855,-0.5958902516084563,2.576883841622466,20.193758878511062,-28.532998586179144,-0.737333913935609,34.963746470637055
1289,1790648577.2339606,1.4276664464613973,-2.3163595760569855,-0.4952994312959563,2.765696059689985,20.216789628935494,-28.56459590773761,-0.7424786944086189,35.00294268893152
1290,1790648577.2445292,1.1642142980238972,-2.3738400448069856,-0.3563882984834563,2.667868832860499,20.2291887206695,-28.582506043103628,-0.745464645830882,35.024783304664446
1291,1790648577.2645292,1.1737943761488971,-2.301989458869486,-0.5240396656709564,2.636582310003148,20.252640092315527,-28.61832884430993,-0.7515882912292731,35.067692560381566
1292,1790648577.2896373,1.1354740636488971,-2.4409005916819857,-0.6198404469209563,2.762516828425119,20.282013539548792,-28.665486555868736,-0.7602768531221906,35.12332862353062
1293,1790648577.3096373,1.0971537511488971,-2.7474630916819858,-0.4569791187959563,2.9935146080870156,20.305250408544264,-28.705198246890728,-0.7677748604833718,35.169320135359115
1294,1790648577.3348129,1.1163139073988972,-2.9246945369944854,-0.37075841567095635,3.1523731818057996,20.33429239260066,-28.75839826499476,-0.7773603568914882,35.22972050698525
1295,1790648577.3548129,1.0300932042738973,-2.8384738338694855,-0.45218907973345634,3.053277039327285,20.357122806620154,-28.802966700149756,-0.785067451625783,35.2794511096382
1296,1790648577.3797514,0.8480717198988972,-2.8480539119944854,-0.3468082203584563,2.9918075923139784,20.384833460436564,-28.860840420699944,-0.7947305700204543,35.34290794031762
1297,1790648577.3997514,0.7043705480238972,-2.8720041073069855,-0.1935269703584563,2.9634436302328755,20.40605175374134,-28.908871509907303,-0.8021281685651905,35.394536439279804
1298,1790648577.4093318,0.8145414464613971,-2.8336837948069857,-0.32285802504595634,2.966054436670325,20.415782507998156,-28.932527846202472,-0.8055112582904987,35.41954532983728
1299,1790648577.4293318,0.7618510167738971,-2.7091427791819855,-0.48092931410845635,2.8550244438396923,20.435413922296732,-28.982819285224146,-0.8127200933392255,35.47210833663087
1300,1790648577.454799,0.5510892980238971,-2.575021685431986,-0.42344884535845634,2.6671604787632983,20.459169850362784,-29.047345435376382,-0.8222500091534004,35.538739466751316
1301,1790648577.474799,0.6037797277113971,-2.7235128963694857,-0.26537755629595633,2.8022308441082737,20.476759846384972,-29.098366097629814,-0.8296447121468684,35.59074196622781
1302,1790648577.4997714,0.6852103917738972,-2.7953634823069855,-0.2701675953584563,2.890771663205544,20.497842822928853,-29.162852325039044,-0.8384959699129941,35.65580726357337
1303,1790648577.5197713,0.575039493336397,-2.9630148494944857,-0.34201818129595635,3.037614829690954,20.514085428914765,-29.215388873449644,-0.845439740032189,35.70828218166934
1304,1790648577.5292203,0.5606693761488971,-3.2408371151194855,-0.29411779067095634,3.302102456144622,20.521413033912665,-29.24088318064618,-0.8486790546729601,35.73342830222812
1305,1790648577.5492203,0.7331107823988972,-3.2743673885569855,-0.20310704848345632,3.3615748820543443,20.536537012552188,-29.29652353801968,-0.8552528377222822,35.78780660082564
1306,1790648577.5743515,0.9007621495863971,-3.0588156307444856,-0.24142736098345632,3.1978137349829696,20.555770195205124,-29.36788883437552,-0.8631120285602405,35.857461500783444
1307,1790648577.5943515,1.0588334386488971,-2.8432638729319857,-0.2893277516084563,3.047784154065384,20.571719846352906,-29.425016904039268,-0.8692244995545578,35.913546587192585
1308,1790648577.61954,1.0540433995863971,-3.0923459041819856,-0.07856603285845631,3.2679937730726887,20.592785613367425,-29.4973862316244,-0.876462961198676,35.98509137320747
1309,1790648577.63954,1.2695951573988973,-3.3989084041819857,0.1321956858915437,3.6306922071525145,20.610488606232813,-29.555966029381697,-0.8812678412170989,36.043362794356206
1310,1790648577.6492279,1.4180863683363971,-3.0875558651194854,0.06513513901654369,3.398266139464352,20.619730417985974,-29.58479846725448,-0.8831028049873306,36.07233640094103
1311,1790648577.6692278,1.5186771886488972,-2.9534347713694857,0.0795052562040437,3.321969060334686,20.640352762142886,-29.644454082503394,-0.8861057738529037,36.1331288907812
1312,1790648577.6943083,1.5378373448988971,-2.977384966681986,0.2663167796415437,3.361649828032096,20.668083932768866,-29.719198253881505,-0.888656195160284,36.210359679775195
1313,1790648577.7143083,1.6288480870863973,-2.891164263556986,0.1992562327665437,3.324406704356484,20.691630652353986,-29.778664039303703,-0.8896865586378498,36.27263366770843
1314,1790648577.7392464,1.5905277745863973,-2.6995627010569856,-0.04024572035845631,3.1335342820329917,20.722608512089195,-29.852146734176348,-0.8904812039493404,36.35065508293756
1315,1790648577.7592463,1.6144779698988971,-2.6995627010569856,-0.24621740004595633,3.15512296120331,20.748533221330455,-29.91033761460547,-0.8914525976227257,36.41324779239205
1316,1790648577.7697103,1.6911185948988972,-2.8288937557444855,-0.33243810317095634,3.3125574826322435,20.762656637791093,-29.940554884585353,-0.8923387210894831,36.44613842163301
1317,1790648577.7897103,1.6144779698988971,-2.7139328182444857,-0.3084879078584563,3.1728749181977234,20.790560261937134,-29.99796080288748,-0.8947397261811902,36.50925372442472
1318,1790648577.8145761,1.7246488683363972,-2.6133419979319856,-0.24142736098345632,3.1404231065002364,20.826276091282597,-30.068562442106757,-0.898302668025297,36.587691521173944
1319,1790648577.8345761,1.5905277745863973,-2.4600607479319856,-0.05940587660845631,2.9300523106972096,20.85566660260869,-30.124440583854284,-0.9011897849292103,36.65041463555079
1320,1790648577.8592896,1.5186771886488972,-2.2924093807444854,0.050765021829043695,2.7502905773189017,20.892299158448544,-30.19193958634123,-0.9042382132093342,36.72681618188019
1321,1790648577.8792896,1.4420365636488972,-2.1678683651194857,0.0890853343290437,2.6051984370060315,20.921939101822293,-30.245061347627505,-0.906125396917569,36.78739369589874
1322,1790648577.8892713,1.5186771886488972,-2.1103878963694855,0.06513513901654369,2.60083833845936,20.93672940860181,-30.27079944776401,-0.9068105246610568,36.81698307661014
1323,1790648577.9092712,1.5905277745863973,-2.1247580135569857,0.007654670266543691,2.6541352286351714,20.966582977120588,-30.320987404631126,-0.9078681993644648,36.87525055637859
1324,1790648577.9343715,1.504307071461397,-2.0433273494944855,-0.03545568129595631,2.5375940431395017,21.004255675268535,-30.3823724447231,-0.9090488212070065,36.94717420319527
1325,1790648577.9543715,1.3653959386488972,-1.9571066463694855,-0.09772618910845632,2.388330568112417,21.034075339598967,-30.42994819260049,-0.9100482100505655,37.00327364086712
1326,1790648577.9794993,1.3127055089613973,-1.8852560604319857,-0.09772618910845632,2.2993339415341114,21.070967967442222,-30.48799734263029,-0.9114838415274295,37.072017423422935
1327,1790648577.9994993,1.2839652745863972,-1.8852560604319857,-0.04024572035845631,2.281310359803423,21.09982225347102,-30.53292559103835,-0.9126620591783,37.12539557109418
1328,1790648578.0094728,1.3079154698988973,-1.8565158260569856,-0.12167638442095631,2.2742249298006256,21.11399163569257,-30.554768463421304,-0.9132825965647129,37.15142801759535
1329,1790648578.0294728,1.3606058995863972,-1.8996261776194856,-0.22705724379595632,2.3476334936796976,21.142146280382917,-30.59763408513396,-0.9148634092476319,37.202722158552334
1330,1790648578.0546901,1.3606058995863972,-1.9666867244944857,-0.15041661879595633,2.3961907781940415,21.177467247964703,-30.65088706346783,-0.9172715384051339,37.26665243741709
1331,1790648578.07469,1.341445743336397,-1.9954269588694855,-0.04024572035845631,2.404750537686941,21.205331594087674,-30.692730184261432,-0.9191809475203508,37.31694880069069
1332,1790648578.0999606,1.379766055836397,-1.9762668026194856,0.0028646312040436907,2.4102682527233577,21.240415251873902,-30.745197004658575,-0.9213024924293193,37.38009065277746
1333,1790648578.1199605,1.4659867589613973,-1.9571066463694855,-0.049825798483456314,2.4457853979669335,21.268285408834192,-30.786392618695277,-0.9228001430420231,37.42984764607095
1334,1790648578.1448915,1.5282572667738972,-2.0816476619944857,0.01723474839154369,2.58246477201267,21.303414397021715,-30.837593863359906,-0.9244479429894839,37.49196266204348
1335,1790648578.1648915,1.5282572667738972,-2.1630783260569855,0.03639490464154369,2.6487360584226924,21.331953010345476,-30.878874184243674,-0.9254911047035692,37.54215795484888
1336,1790648578.1748357,1.5282572667738972,-2.1678683651194857,-0.04503575942095631,2.6527818872948594,21.346293848319686,-30.899550527055187,-0.9259384194968041,37.56732417659724
1337,1790648578.1948357,1.4803568761488972,-2.2109787166819856,-0.1599966969209563,2.6656110574139764,21.37532296567038,-30.941465775017523,-0.9270106693057794,37.61832113444596
1338,1790648578.2197514,1.461196719898897,-2.2732492244944855,-0.1695767750459563,2.707676896075871,21.411559236125896,-30.994230162124772,-0.9287619604012411,37.68235357622957
1339,1790648578.2397513,1.4707767980238973,-2.2780392635569857,-0.06419591567095631,2.7123363345097,21.44068120675266,-31.037058240171437,-0.9303075253659046,37.734165777252095
1340,1790648578.2642963,1.4899369542738972,-2.1534982479319855,-0.02108556410845631,2.6187614310148377,21.47651042062686,-31.089892735988098,-0.9320767915658473,37.79802504533689
1341,1790648578.2842963,1.5186771886488972,-2.0768576229319855,-0.08335607192095632,2.5742311908566617,21.505838867749368,-31.132831755070224,-0.9334588583404778,37.85004179568792
1342,1790648578.2947562,1.6048978917738972,-2.0912277401194856,-0.12646642348345633,2.6391143325620146,21.521327137784816,-31.15518996321438,-0.9342378550039895,37.87725153420256
1343,1790648578.3147562,1.619268008961397,-2.1534982479319855,-0.11209630629595632,2.6966922647156344,21.5513357394992,-31.197894791180936,-0.9358617654285726,37.92946807961062
1344,1790648578.3395722,1.5569975011488972,-2.182238482306986,-0.054615837545956315,2.6813035825799836,21.58889696193478,-31.2510045128216,-0.9378847605036539,37.9945441204052
1345,1790648578.3595722,1.504307071461397,-2.0816476619944857,-0.05940587660845631,2.5689931514333573,21.619219863816365,-31.29378263320343,-0.9394416259742248,38.046997904996786
1346,1790648578.384976,1.542627383961397,-2.0097970760569854,-0.13125646254595633,2.536969016687998,21.657763549245942,-31.347763803456896,-0.9414857763941903,38.113349536606215
1347,1790648578.404976,1.5378373448988971,-2.0289572323069858,-0.12646642348345633,2.549039996972431,21.688177376267827,-31.389945708183916,-0.9432402899076352,38.16536953458848
1348,1790648578.4145687,1.5186771886488972,-2.1343380916819856,-0.02108556410845631,2.6195847178400227,21.702775919506927,-31.41013829857568,-0.9440617505371799,38.190293572278385
1349,1790648578.4345686,1.4947269933363971,-2.0960177791819854,0.045974982766543694,2.5748034904232657,21.73316706380626,-31.452268448971466,-0.9454801810630274,38.242249855130936
1350,1790648578.4592054,1.4899369542738972,-2.0002169979319855,0.0028646312040436907,2.494150831974473,21.770503427259307,-31.503950199180423,-0.9468751230459409,38.30600827712792
1351,1790648578.4792054,1.5378373448988971,-2.0481173885569857,-0.02108556410845631,2.5612834942053855,21.800808129037115,-31.54568442298999,-0.9478650000257304,38.357579288222006
1352,1790648578.5040512,1.5761576573988971,-2.1582882869944857,0.045974982766543694,2.672937520742891,21.8386110892567,-31.597592016670916,-0.9488638798906476,38.42177895702322
1353,1790648578.5240512,1.4803568761488972,-2.3067794979319856,0.2232064280790437,2.750001680431572,21.86906134356062,-31.639805750785,-0.9491435602988191,38.4738096046373
1354,1790648578.5343485,1.5761576573988971,-2.4025802791819855,0.1705159983915437,2.8784962505792553,21.884747997067656,-31.66191700990008,-0.9489618876029146,38.5009053439147
1355,1790648578.5543485,1.5282572667738972,-2.541491411994486,0.2040462718290437,2.9726055493011985,21.91530197606135,-31.705836961251265,-0.948100118213294,38.5543700759014
1356,1790648578.5793946,1.3989262120863972,-2.5989718807444855,0.3908577952665437,2.9773174503038042,21.953324077815466,-31.762244169003942,-0.9460652961088288,38.62232038940072
1357,1790648578.5993946,1.3079154698988973,-2.6229220760569856,0.5153988108915437,2.9759030608768753,21.983191741665504,-31.80836325176817,-0.943324782149819,38.6771580335459
1358,1790648578.624199,1.3222855870863972,-2.780993365119486,0.16093592026654369,3.0835472496926424,22.019570848691433,-31.867034392165824,-0.9391775671542005,38.74598606068333
1359,1790648578.644199,1.2839652745863972,-3.2025168026194857,-0.33243810317095634,3.466294244556247,22.048413111536824,-31.9162206717718,-0.936592472887989,38.80276882087789
1360,1790648578.6545103,1.0827836339613972,-3.4947091854319856,-0.6294205250459564,3.7123554363862397,22.062883086393445,-31.94295505976822,-0.9362034538094502,38.83297136379294
1361,1790648578.6745102,1.1163139073988972,-3.6288302791819858,-0.6725308766084563,3.8557572168060505,22.090037866446032,-31.997716400781528,-0.9375150170235569,38.89347711651669
1362,1790648578.6997938,1.2504350011488972,-3.5953000057444857,-0.5096695484834564,3.8405120585744648,22.123705106383795,-32.070259250141966,-0.9411661301523206,38.97237033707463
1363,1790648578.7197938,1.3893461339613973,-3.3174777401194855,-0.36117833754595635,3.614746329641159,22.150301704878803,-32.12940423308328,-0.9449273092623125,39.036231498568306
1364,1790648578.7444355,1.4324564855238973,-3.020495318244486,-0.27495763442095633,3.3542398917165572,22.183370732120945,-32.20305872997445,-0.9500419627551141,39.11574501829026
1365,1790648578.7644355,1.3079154698988973,-2.7762033260569856,-0.15041661879595633,3.072551536300202,22.210295123455307,-32.26256692776661,-0.9542085480241638,39.18010908857612
1366,1790648578.7893567,1.1881644933363973,-2.6085519588694854,-0.14083654067095633,2.86986290901418,22.243477516551888,-32.33565968520364,-0.9591659693412421,39.25923048995479
1367,1790648578.8093567,1.1690043370863972,-2.4456906307444854,-0.2557974781709563,2.722757086351404,22.269648638082696,-32.39310127120351,-0.9631426250831794,39.321468743503935
1368,1790648578.8190765,1.2169047277113971,-2.4361105526194855,-0.3899185719209563,2.7509140723838037,22.282199070957898,-32.42038882112364,-0.96525607722456,39.351108320417794
1369,1790648578.8390765,0.9438725011488972,-2.3355197323069854,-0.39470861098345633,2.5497730499016686,22.307390900172688,-32.475272096182906,-0.9701294378287667,39.41071095045566
1370,1790648578.8647046,0.7618510167738971,-2.1870285213694856,-0.28453771254595633,2.333339331281223,22.33810829373489,-32.54374349775374,-0.976743061086805,39.484685005677804
1371,1790648578.8847046,0.9103422277113972,-2.0385373104319857,-0.3372281422334563,2.2578928578415876,22.360992473228517,-32.59550125021135,-0.982062750252651,39.54042404155203
1372,1790648578.9093807,1.068413516773897,-1.9906369198069855,-0.5719400562959563,2.3305060002753977,22.388653999676663,-32.65723821391575,-0.9893242956486723,39.60714327289507
1373,1790648578.9293807,0.8624418370863972,-2.0002169979319855,-0.6437906422334564,2.271374111017463,22.41060701079767,-32.70575665747836,-0.9961505537273093,39.65972946272194
1374,1790648578.9399707,0.6133598058363972,-1.9475265682444856,-0.5623599781709563,2.1178571081360147,22.42165975694204,-32.73072929238742,-1.000180898986145,39.68667066028995
1375,1790648578.9599707,0.6564701573988971,-1.7463449276194856,-0.45218907973345634,1.9196740967174166,22.441307195905562,-32.776358038067755,-1.008172533157908,39.73560527734824
1376,1790648578.9844604,0.8001713292738971,-1.5068429744944856,-0.43302892348345634,1.7602170191622923,22.464431908505492,-32.82982413210175,-1.018116212204715,39.79302217899721
1377,1790648579.0044603,0.7522709386488972,-1.2769210994944855,-0.5048795094209564,1.5656763326125374,22.48281306046206,-32.8711143536041,-1.0264256810792156,39.83767804024451
1378,1790648579.0294647,0.5462992589613971,-1.3200314510569855,-0.4665591969209563,1.5028650625897557,22.504781726460614,-32.91986309455807,-1.037077816619567,39.89057679600292
1379,1790648579.0494647,0.5223490636488971,-1.3487716854319856,-0.2701675953584563,1.4714020977624334,22.521320755127412,-32.95700959182472,-1.0454250801852967,39.93078115175359
1380,1790648579.0590353,0.6133598058363972,-1.2433908260569855,-0.07377599379595631,1.3884069630331435,22.528863224769225,-32.97397960138221,-1.049067217508932,39.949137049247774
1381,1790648579.0790353,0.6804203527113971,-0.9799386776194854,-0.07856603285845631,1.1955853335490711,22.544201368795687,-33.007457940782636,-1.055765155915185,39.98559659594675
1382,1790648579.1045666,0.4840287511488971,-0.9464084041819855,-0.03066564223345631,1.063443971753399,22.56307423833601,-33.047473308607884,-1.0632421231725535,40.02946783283911
1383,1790648579.1245666,0.3067973058363971,-0.9368283260569854,0.06034509995404369,0.9876302093697158,22.57682695654085,-33.07694235141304,-1.068176134779871,40.061680331698575
1384,1790648579.149509,0.6804203527113971,-0.8506076229319854,0.12261560776654369,1.096147696180521,22.593252333941944,-33.11152481697523,-1.073064187325552,40.09962086454759
1385,1790648579.169509,1.145054141773897,-0.9416183651194854,0.1034554515165437,1.4861013301832215,22.607185583289564,-33.13778351548179,-1.076056629766436,40.1292341589856
1386,1790648579.1795695,0.8576517980238971,-1.0182589901194854,0.1944661937040437,1.345449767961077,22.6146541987586,-33.15048985330435,-1.0771113254023557,40.14396257036386
1387,1790648579.1995695,0.4265482823988971,-1.0374191463694855,0.2423665843290437,1.1475728663883478,22.62920071733391,-33.17504411848425,-1.0782382667883361,40.172464140611645
1388,1790648579.2241592,0.4169682042738971,-0.9607785213694854,0.1992562327665437,1.06614300016304,22.645958438035027,-33.204390101546444,-1.078601540005479,40.20614799847142
1389,1790648579.2441592,0.8241215245863972,-0.9559884823069854,0.12261560776654369,1.2681186272814464,22.65940541301843,-33.227553405499165,-1.0783698793016792,40.23284529564636
1390,1790648579.2692316,1.0109330480238972,-1.0757394588694855,0.2279964671415437,1.493714631375326,22.67718486037086,-33.2560561626138,-1.0774637275904093,40.26637446762037
1391,1790648579.2892315,0.9869828527113972,-1.0757394588694855,0.4004378733915437,1.513836525309613,22.692236863138202,-33.27860931567309,-1.0759066721509105,40.29343652513584
1392,1790648579.2992244,0.9390824620863971,-0.8793478573069854,0.46270838120404373,1.367196975854285,22.700072903133158,-33.28965281522427,-1.074598500863187,40.306935585625794
1393,1790648579.3192244,0.7666410558363972,-0.5919455135569854,0.4243880687040437,1.0574702040116957,22.71596228890379,-33.31064714021207,-1.0710423744772088,40.33312890637848
1394,1790648579.344369,0.7283207433363972,-0.5440451229319854,0.3956478343290437,0.9914501549596044,22.735761673843083,-33.33522493233807,-1.0656956766707253,40.36443716261432
1395,1790648579.364369,0.7426908605238971,-0.6158957088694854,0.38127771714154374,1.0374439435932141,22.751354344840024,-33.35358162841038,-1.060915443361794,40.388254153224665
1396,1790648579.3898046,0.8193314855238971,-0.6063156307444854,0.3046370921415437,1.0638263416386786,22.771190131289583,-33.37575712540662,-1.0544394230551744,40.41757175024699
1397,1790648579.4098046,0.7187406652113971,-0.5296750057444853,0.3094271312040437,0.9449279893537426,22.78675451870264,-33.39228214062043,-1.0491900684850708,40.43985024520023
1398,1790648579.4196742,0.575039493336397,-0.26622285730698536,0.3285872874540437,0.7138029378796938,22.794240795109893,-33.39980281790984,-1.046515918221058,40.45020935999961
1399,1790648579.4396741,0.5894096105238971,-0.13689180261948536,0.2615267405790437,0.6591959425241046,22.808882305134855,-33.413361581622674,-1.0410246217382682,40.469514161363705
1400,1790648579.4643853,0.6468900792738972,-0.20395234949448537,0.12261560776654369,0.6892734746058843,22.826550449390286,-33.428233020589396,-1.034545585334502,40.49158496361334
1401,1790648579.4843853,0.5894096105238971,-0.3189132869944854,0.022024787454043692,0.6705180570737487,22.84055966875071,-33.43924810095819,-1.0298713822127168,40.50845732193585
1402,1790648579.5092914,0.45049847771139706,-0.42429414636948537,-0.006715446920956309,0.6188856908113521,22.857331114641212,-33.45229598705616,-1.0248950813780906,40.528559096244614
1403,1790648579.5292914,0.42175824333639705,-0.3524435604319854,-0.01629552504595631,0.5498745522832471,22.870087041010954,-33.46236707664553,-1.0215329666570692,40.54398131951961
1404,1790648579.554314,0.5846195714613971,-0.17042207605698537,-0.05940587660845631,0.6118437590748962,22.885541084382186,-33.47405850856882,-1.0180995682869438,40.56226214711132
1405,1790648579.5743139,0.6516801183363972,-0.11773164636948537,-0.15041661879595633,0.6790971038090342,22.89789481944066,-33.482433754019326,-1.0160816930390204,40.576093691500034
1406,1790648579.5841184,0.39301800896139705,-0.22311250574448538,-0.1839468922334563,0.4879331970156474,22.903810715656537,-33.486174279457565,-1.0154867320810443,40.58250394536864
1407,1790648579.6041183,0.26368695427389705,-0.4721945369944854,-0.1935269703584563,0.5744137697494756,22.91505333458373,-33.49370292974452,-1.015021340538325,40.59504986564916
1408,1790648579.629612,0.4169682042738971,-0.6781662166819854,-0.1791568531709563,0.8160080139693945,22.928535914289828,-33.5040595861144,-1.015229677662151,40.611211004120385
1409,1790648579.649612,0.5223490636488971,-0.8170773494944854,-0.006715446920956309,0.9697984515244191,22.938935515522424,-33.5132086077192,-1.0156474118786225,40.62464096376799
1410,1790648579.6737363,0.34032757927389706,-0.8937179744944854,0.3669075999540437,1.0242928614673603,22.951158960226117,-33.52568437457034,-1.015424003429288,40.6418293917439
1411,1790648579.6937363,0.25889691521139707,-1.0086789119944854,0.8315413890165437,1.332637175624303,22.960671419671964,-33.53732939724601,-1.0134689000744808,40.65675853229006
1412,1790648579.7037735,0.5415092198988971,-0.8697677791819854,0.7884310374540437,1.2928076909422896,22.96533178819948,-33.543711012961765,-1.0114153936141996,40.66460345019508
1413,1790648579.7237735,0.8097514073988972,-0.6877462948069853,0.4674984202665437,1.1607097314819694,22.975251946006082,-33.55685582797506,-1.0060534761764228,40.680915902163356
1414,1790648579.7497442,0.7570609777113971,-0.6542160213694854,0.1992562327665437,1.020217120463174,22.989253217428697,-33.57397836966252,-0.9988365230329124,40.70276970258126
1415,1790648579.7697442,0.7091605870863972,-0.7739669979319854,0.03639490464154369,1.0503610052017547,23.00061754557959,-33.58732877131693,-0.9937589499432211,40.72007635455943
1416,1790648579.7944763,0.8289115636488972,-0.9895187557444854,-0.06419591567095631,1.2924251869682077,23.01541575350978,-33.60463269408719,-0.9884734009736504,40.74257945289979
1417,1790648579.8144763,0.8145414464613971,-1.1667502010569855,-0.06898595473345631,1.4246202517233943,23.02805269788498,-33.61976120182479,-0.9850400732866952,40.762113025090734
1418,1790648579.8241105,0.7858012120863972,-1.2529709041819856,-0.049825798483456314,1.4798318289040777,23.034383332552196,-33.62770408042351,-0.9837201254003827,40.77220870294628
1419,1790648579.8441105,0.8720219152113972,-1.2721310604319855,0.03160486557904369,1.5426401145610826,23.048040692126424,-33.64550721806562,-0.9814183623607331,40.794552549437284
1420,1790648579.868683,0.9869828527113972,-1.2433908260569855,0.16093592026654369,1.595636634168644,23.06572962252441,-33.668735663192216,-0.9786597039161578,40.82363799312086
1421,1790648579.888683,0.9678226964613972,-1.1811203182444854,0.2806868968290437,1.5525820789920521,23.080899499162854,-33.688442480733364,-0.976088757258278,40.848400552900266
1422,1790648579.9144008,0.9678226964613972,-1.1523800838694853,0.3477474437040437,1.5445351773551643,23.101213778213392,-33.71448305266835,-0.9720665571393805,40.88125926297876
1423,1790648579.9344008,1.0061430089613972,-1.0853195369944855,0.4195980296415437,1.53827980495841,23.11760290534138,-33.73505298474738,-0.968256778046696,40.90739401576437
1424,1790648579.9439769,0.9965629308363971,-1.0086789119944854,0.4770784983915437,1.4960530459335786,23.125711371694177,-33.74492853817587,-0.9660622607461713,40.9200684846096
1425,1790648579.9639769,0.9342924230238971,-0.9224582088694854,0.5201888499540437,1.4122421599878239,23.14300224395091,-33.765356862498045,-0.9606705342728487,40.94655986515571
1426,1790648579.988822,0.9295023839613972,-0.8410275448069854,0.4674984202665437,1.3378552933205072,23.164732965999193,-33.79021356468989,-0.9531368683115482,40.9791636813532
1427,1790648580.008822,0.9390824620863971,-0.6733761776194854,0.34295740464154373,1.205375928323667,23.182404831913374,-33.809493074621585,-0.9467663632880089,41.004903149504685
1428,1790648580.0342124,0.9534525792738971,-0.5248849666819854,0.3046370921415437,1.1302122840781952,23.20507832387845,-33.83257927192444,-0.938658798761677,41.03657101353471
1429,1790648580.0542123,0.9869828527113972,-0.35723359949448535,0.2998470530790437,1.091631463175325,23.223169877250143,-33.849359675939446,-0.9323237013330947,41.06049192475416
1430,1790648580.0638015,0.9151322667738971,-0.2614328182444854,0.4579183421415437,1.0561739403221635,23.231910911878547,-33.85664332018817,-0.9291969111835293,41.07136944913886
1431,1790648580.0838015,0.7522709386488972,-0.24706270105698538,0.6111995921415437,1.0002582090756644,23.249908356076986,-33.870318703570916,-0.9220499779618264,41.09266240838264
1432,1790648580.1092887,0.6852103917738972,-0.26622285730698536,0.5872493968290438,0.9408771146242791,23.272151103766113,-33.88611313131653,-0.9120174925427142,41.11804295016494
1433,1790648580.1292887,0.7474808995863972,-0.3428634823069854,0.4435482249540437,0.934354370999593,23.28913607903545,-33.89756166291147,-0.9037796173282254,41.13690999085146
1434,1790648580.154291,0.7139506261488971,-0.3524435604319854,0.3573275218290437,0.8727112453296694,23.309924680015516,-33.911030647360874,-0.8935243052813421,41.159555073377234
1435,1790648580.174291,0.5894096105238971,-0.3332834041819854,0.3237972483915437,0.75055058093842,23.32601468655646,-33.92121731653825,-0.885529638654564,41.176888033631165
1436,1790648580.198989,0.5846195714613971,-0.2901730526194854,0.2519466624540437,0.6996124388001903,23.34507854702131,-33.933064785532785,-0.8760714223867889,41.19724601527246
1437,1790648580.218989,0.5846195714613971,-0.3093332088694854,0.1992562327665437,0.6907750167323043,23.359954319568402,-33.94211881877241,-0.8688843992653007,41.21298164194473
1438,1790648580.229059,0.512768985523897,-0.3907638729319854,0.1848861155790437,0.6706797392481145,23.367149648213566,-33.946522508065215,-0.8655183780152055,41.22061614211107
1439,1790648580.249059,0.5079789464613971,-0.5775753963694854,0.1274056468290437,0.7796589942938683,23.38082768339243,-33.9554091775276,-0.8593675355860065,41.235560237918854
1440,1790648580.2746859,0.6468900792738972,-0.7212765682444854,0.06513513901654369,0.9710557393354077,23.397944714304135,-33.96758445798435,-0.8522983145273537,41.25514541461318
1441,1790648580.2946858,0.8863920323988972,-0.8170773494944854,-0.006715446920956309,1.205550217695028,23.411599472298562,-33.97796864002246,-0.847521212149848,41.27134156965005
1442,1790648580.3191507,1.1163139073988972,-0.8889279354319854,-0.02108556410845631,1.4271629953363203,23.429471793456983,-33.99189595197899,-0.8426051978961312,41.29284589913952
1443,1790648580.3391507,1.1211039464613972,-0.9176681698069854,-0.08335607192095632,1.4511847447428303,23.445246927326178,-34.00428356973892,-0.8393458499882808,41.31192813256731
1444,1790648580.3485482,1.1977445714613972,-0.9655685604319854,-0.1695767750459563,1.5477955246074753,23.45318178229751,-34.01055844483886,-0.838222354992894,41.32157351989033
1445,1790648580.3685482,1.3701859777113972,-1.0374191463694855,-0.20789708754595632,1.7311468157787833,23.47138773770909,-34.024914101906475,-0.8367561754557122,41.343693386938206
1446,1790648580.3940938,1.4899369542738972,-1.1236398494944855,-0.2510074391084563,1.8829453984570963,23.49663350771689,-34.044640295274434,-0.836043584850536,41.37424667478983
1447,1790648580.4140937,1.6336381261488973,-1.2481808651194854,-0.2797476734834563,2.07484644252945,23.51811932191464,-34.06132533277681,-0.8363655047580452,41.40018510976282
1448,1790648580.4393106,1.700698673023897,-1.4972628963694856,-0.31327794692095634,2.287425458741114,23.547452110336835,-34.08439930241872,-0.8378320778321403,41.43586296055595
1449,1790648580.4593105,1.7533891027113973,-1.6409640682444855,-0.3084879078584563,2.4212189508740134,23.57240801318181,-34.104662015429454,-0.8397534198029768,41.46675266442582
1450,1790648580.4692094,1.9641508214613972,-1.6936544979319856,-0.3084879078584563,2.6118037439875943,23.58566702064501,-34.11566229305132,-0.8410197891541071,41.48336313256212
1451,1790648580.4892094,2.0455814855238974,-1.7607150448069855,-0.2797476734834563,2.7134442768826537,23.614452112058046,-34.13973528719137,-0.8440769546734084,41.519589833446005
1452,1790648580.513825,1.9497807042738973,-1.7080246151194856,-0.33243810317095634,2.613332732939452,23.65194204377894,-34.17132337537015,-0.8484054372126234,41.566976020060544
1453,1790648580.533825,1.8539799230238971,-1.7080246151194856,-0.45218907973345634,2.5610670832018343,23.68353898975838,-34.19826282144364,-0.8525717150731134,41.607187811882724
1454,1790648580.5596576,1.7964994542738972,-1.8804660213694855,-0.4952994312959563,2.647429748524725,23.725301540450115,-34.23479185512324,-0.8589815355277146,41.66111803381271
1455,1790648580.5796576,1.8443998448988972,-2.0768576229319855,-0.5144595875459563,2.8248569947896,23.758246034427977,-34.26476690591495,-0.8647143550651879,41.704630877936715
1456,1790648580.5895433,1.7629691808363972,-2.0768576229319855,-0.46176915785845635,2.7630831825442685,23.774762171012245,-34.2804405213833,-0.8678467877720872,41.726982597299546
1457,1790648580.6095433,1.6048978917738972,-2.0145871151194856,-0.35159825942095635,2.5995922417666963,23.80821575482388,-34.313530638722355,-0.8744534903136596,41.77336700853193
1458,1790648580.6341476,1.5953178136488972,-1.9762668026194856,-0.21747716567095632,2.5491107703019917,23.849103087858975,-34.35549688415703,-0.8824121461098601,41.83131046773756
1459,1790648580.6541476,1.5953178136488972,-1.9714767635569856,-0.19831700942095631,2.5438335621687784,23.88213952217275,-34.39041443752897,-0.8885347498390193,41.87895279663996
1460,1790648580.6797538,1.5569975011488972,-1.9139962948069855,-0.24621740004595633,2.479565696488837,23.924145740151985,-34.43587580843799,-0.8960514620377551,41.940400574062444
1461,1790648580.6997538,1.4755668370863972,-2.0050070369944857,-0.23184728285845632,2.5002207645876813,23.95658260430628,-34.47193621356567,-0.9017589204040977,41.9886342423711
1462,1790648580.7093308,1.3462357823988973,-2.1774484432444856,-0.42344884535845634,2.5947912111448224,23.971812037808508,-34.48961784330702,-0.9045526798926502,42.01189982497916
1463,1790648580.7293308,1.2408549230238972,-2.5223312557444855,-0.5815201344209563,2.8705472597459813,24.002726099425974,-34.52805377448888,-0.9110192723610614,42.061232908376255
1464,1790648580.7544827,1.1977445714613972,-2.704352740119486,-0.47134923598345635,2.9950435562307276,24.040372152441698,-34.57899983854573,-0.9199179290980923,42.124731121495785
1465,1790648580.7744827,1.3606058995863972,-2.900744341681986,-0.3563882984834563,3.2237522809740358,24.069654295397427,-34.62184145216858,-0.927174054441177,42.17676866672305
1466,1790648580.7995238,1.6959086339613971,-3.2120968807444856,-0.40428868910845633,3.6547396364411924,24.10655814200355,-34.67891597150364,-0.9363249849872463,42.2448820910879
1467,1790648580.8195238,1.6336381261488973,-3.020495318244486,-0.48092931410845635,3.467485904789372,24.136605857980026,-34.72701178185462,-0.9438652235203818,42.30167811329376
1468,1790648580.829096,1.4468266027113972,-2.900744341681986,-0.46176915785845635,3.2742717830477615,24.15104145005862,-34.75082918073996,-0.9476095387651278,42.329551092698544
1469,1790648580.849096,1.3222855870863972,-2.8288937557444855,-0.4665591969209563,3.1573337706580986,24.180832177958727,-34.801722426034935,-0.9556517917150009,42.38851022369617
1470,1790648580.8743746,1.3606058995863972,-3.2264669979319858,-0.4569791187959563,3.5313124497485457,24.217924027982775,-34.86787939790482,-0.9660428366413618,42.46422137157594
1471,1790648580.8943746,1.2791752355238972,-3.4611789119944856,-0.4952994312959563,3.7230861218423414,24.246828180200318,-34.922401804526594,-0.9744592910901144,42.52566749043394
1472,1790648580.9195578,1.2887553136488972,-3.6000900448069855,-0.6869009937959564,3.885018862818365,24.28261407349692,-34.9940933321814,-0.9857001826511013,42.60520530679194
1473,1790648580.9395578,1.260015079273897,-3.8252218807444858,-0.7539615406709563,4.097367257365992,24.310594583745193,-35.053626837565844,-0.9954496668353686,42.670278690462524
1474,1790648580.964215,1.1737943761488971,-4.122204302619486,-0.5240396656709564,4.3179832238221945,24.344417143113244,-35.130711153254815,-1.0080298833703594,42.75317106855462
1475,1790648580.984215,1.2743851964613973,-4.227585161994486,-0.28453771254595633,4.424646385954111,24.3714084317207,-35.19638174186776,-1.0179162005882585,42.82273917040395
1476,1790648580.9947371,1.499517032398897,-4.050353716681986,-0.2797476734834563,4.328068312944399,24.385667739883814,-35.2322816413308,-1.0227825821882688,42.86047765698013
1477,1790648581.0147371,1.6480082433363972,-3.7677414119944856,-0.4378189625459563,4.135636826623892,24.413426951282645,-35.302010135117676,-1.031721258486811,42.93380700381436
1478,1790648581.039108,1.6336381261488973,-3.762951372931986,-0.4378189625459563,4.125562023073077,24.448177212839806,-35.387997178223024,-1.0425801299460948,43.02453586784753
1479,1790648581.059108,1.6671683995863973,-3.8348019588694857,-0.1791568531709563,4.185361837925943,24.477368543273048,-35.45937425825702,-1.0510802237025496,43.10004133672046
1480,1790648581.0840437,1.8252396886488973,-3.7485812557444858,-0.09293615004595632,4.170371503825935,24.51483604536438,-35.549199775393355,-1.0605972240214554,43.19545875984564
1481,1790648581.1040437,1.7438090245863973,-3.4659689510569858,-0.2893277516084563,3.890696754023735,24.545733165632644,-35.62126033508535,-1.0676588553143969,43.272475084396255
1482,1790648581.1296408,1.542627383961397,-3.3510080135569855,-0.4090787281709563,3.7116437542566882,24.58565469253949,-35.71274051428746,-1.0766818340891855,43.370652467693816
1483,1790648581.1496408,1.5282572667738972,-3.3845382869944856,-0.29411779067095634,3.725208043098795,24.616774386941284,-35.78359921582137,-1.0837291238831699,43.44681832850425
1484,1790648581.1594071,1.700698673023897,-3.370168169806986,-0.15041661879595633,3.777966996734543,24.63205636521592,-35.81795818403258,-1.0869798520205227,43.483857400775506
1485,1790648581.1794071,1.7821293370863973,-3.1689865291819856,-0.06419591567095631,3.636286802746687,24.6638814963512,-35.88757456110411,-1.0929602182229166,43.559380394852724
1486,1790648581.2040226,1.739018985523897,-2.9151144588694855,-0.01150548598345631,3.394438350674558,24.703676321855514,-35.97163674113802,-1.0993564005169987,43.65133283356596
1487,1790648581.2240226,1.6959086339613971,-2.7330929744944856,0.03639490464154369,3.2167107254243104,24.73631182544612,-36.03816409800432,-1.1037364002009071,43.72473702975836
1488,1790648581.23409,1.7629691808363972,-2.6372921932444857,0.0795052562040437,3.1732777267190686,24.752887158772335,-36.070683958852655,-1.1055229485327853,43.76096256875618
1489,1790648581.25409,1.9018803136488973,-2.6037619198069857,0.1274056468290437,3.2269113810772856,24.786373644123763,-36.133458782419574,-1.108229359681697,43.83171607775114
1490,1790648581.279207,1.9449906652113973,-2.5367013729319856,0.2040462718290437,3.2030419017305762,24.8293660836974,-36.21015247757643,-1.110493993903359,43.919309642548946
1491,1790648581.299207,1.9881010167738973,-2.4696408260569855,0.1992562327665437,3.176692385000655,24.864364457080956,-36.269570878188155,-1.1114218219852179,43.98810805216394
1492,1790648581.3242135,1.9354105870863971,-2.5175412166819857,0.1944661937040437,3.1814532872246395,24.90891848774948,-36.342072895693974,-1.111669475409319,44.07307898942209
1493,1790648581.3442135,1.9354105870863971,-2.5606515682444857,0.1082454905790437,3.211614497536987,24.945013511267295,-36.39897862308933,-1.1113837684900607,44.14039553246306
1494,1790648581.354874,2.093481876148897,-2.5989718807444855,0.022024787454043692,3.3373352085049577,24.964588229503164,-36.42888605645799,-1.1111501687768928,44.17611412834565
1495,1790648581.3748739,2.155752383961397,-2.7570431698069857,-0.1935269703584563,3.505140235338769,25.002177562298126,-36.484612973038814,-1.1110349041106575,44.24330757535277
1496,1790648581.398766,2.1174320714613972,-2.8720041073069855,-0.4282388844209563,3.593788350998373,25.048003617337443,-36.55128584348142,-1.1120320121934135,44.32421005750896
1497,1790648581.418766,2.1318021886488974,-2.8672140682444858,-0.5479898609834564,3.6146631893453076,25.08698406057814,-36.60733438819815,-1.1142058259024756,44.39251237413277
1498,1790648581.443978,2.189282657398897,-2.9151144588694855,-0.6581607594209563,3.7045953149485946,25.136922872499436,-36.67832496596874,-1.118815810507476,44.47939031309931
1499,1790648581.463978,2.1749125402113973,-3.0444455135569854,-0.8306021656709563,3.8325961175426944,25.17714190721878,-36.73513183280113,-1.124157373744634,44.54909780445004
1500,1790648581.4740446,2.1222221105238974,-3.1929367244944857,-0.8737125172334563,3.9321807150476316,25.19759298416397,-36.7641444970626,-1.1277293764557275,44.584669857956875
1501,1790648581.4940445,2.0647416417738973,-3.2312570369944855,-0.8162320484834563,3.920512063923927,25.23841051784229,-36.82277639457062,-1.1362965694740321,44.6563029903448
1502,1790648581.518901,2.007261173023897,-3.2408371151194855,-0.8114420094209563,3.897506992696534,25.28912157038247,-36.896780984695866,-1.148381375295503,44.746294780879055
1503,1790648581.538901,2.069531680836397,-3.1929367244944857,-0.8497623219209564,3.8987052092159513,25.329919220551528,-36.957045094375545,-1.1591382588165517,44.819321629520736
1504,1790648581.5648158,2.0216312902113973,-3.0252853573069856,-0.5863101734834564,3.685526310614002,25.382804296549786,-37.03550418464656,-1.173776766615857,44.91428587950349
1505,1790648581.5848157,2.036001407398897,-3.0300753963694858,-0.38033849379595636,3.670329141708814,25.423583269852355,-37.09605626195172,-1.1848295772634019,44.987551584812465
1506,1790648581.6095107,2.1653324620863974,-3.0061252010569857,-0.34201818129595635,3.720541604676937,25.474163603150092,-37.1707875530788,-1.1977677803076698,45.07810007366901
1507,1790648581.6295106,2.0886918370863974,-2.7666232479319857,-0.20789708754595632,3.472759563419151,25.51536413729957,-37.23089169176938,-1.2074993119995274,45.15120328199166
1508,1790648581.6391604,1.9449906652113973,-2.5941818416819857,0.0747152171415437,3.2432006535434286,25.535180394137946,-37.25942107927589,-1.2115867462372416,45.186035889062154
1509,1790648581.6591604,2.036001407398897,-2.5175412166819857,0.0747152171415437,3.238656800634394,25.576062202760742,-37.31734891672586,-1.2185634391697713,45.257092094250034
1510,1790648581.684285,2.0743217198988972,-2.4744308651194857,-0.11209630629595632,3.2308178973420154,25.627460819942172,-37.3886105153043,-1.2260835514551707,45.34510144677089
1511,1790648581.704285,1.9497807042738973,-2.4744308651194857,-0.03066564223345631,3.150459217737689,25.668274731541295,-37.444251421712245,-1.2313860156607137,45.41418945380227
1512,1790648581.7444332,1.9114603917738973,-2.4361105526194855,-0.06419591567095631,3.0971658931179755,25.749542272905867,-37.55397787140541,-1.2407192636011979,45.55084593639557
1513,1790648581.7644331,1.9689408605238972,-2.5031710994944856,-0.1647867359834563,3.189004285657374,25.789773998066167,-37.60784827603434,-1.2450147160106046,45.618118730035675
1514,1790648581.7592142,1.9449906652113973,-2.498381060431986,-0.2797476734834563,3.178546109733841,25.789773998066167,-37.60784827603434,-1.2450147160106046,45.618118730035675
1515,1790648581.7792141,1.8779301183363972,-2.5367013729319856,-0.23184728285845632,3.16468458892175,25.8295660531373,-37.66069923274839,-1.249452352910617,45.68430671877501
1516,1790648581.8047943,2.0120512120863974,-2.7139328182444857,-0.32285802504595634,3.393820667969858,25.880289288920228,-37.72822998973909,-1.2553409752217555,45.76881681670303
1517,1790648581.8247943,2.112642032398897,-2.8288937557444855,-0.4952994312959563,3.565279479226107,25.920185804141752,-37.78142359010622,-1.2604816514892363,45.83536641732024
1518,1790648581.8492074,2.1222221105238974,-2.9055343807444856,-0.5911002125459563,3.6462797733246717,25.96933472219221,-37.847114683172265,-1.267804581320008,45.9175104313253
1519,1790648581.8692074,2.0791117589613974,-2.9390646541819856,-0.5719400562959563,3.6452602342918197,26.009861395866842,-37.90162533853047,-1.2746484368876907,45.98555014101929
1520,1790648581.8792877,2.1413822667738973,-3.0061252010569857,-0.6054703297334564,3.7401739340665907,26.030414421095927,-37.92947322153008,-1.2784705976399164,46.02023360290336
1521,1790648581.8992877,2.232393008961397,-2.9869650448069858,-0.6102603687959564,3.7786183246103984,26.07163672423368,-37.98542690665847,-1.2867400744067778,46.089896927424206
1522,1790648581.9242485,2.213232852711397,-2.9294845760569856,-0.40428868910845633,3.69374185424724,26.123689173888547,-38.055860360247095,-1.29741190291589,46.17768856773145
1523,1790648581.9442484,2.136592227711397,-2.8528439510569856,-0.19831700942095631,3.5697443315768225,26.165665186871777,-38.11250384834392,-1.3055840563809098,46.24834628383787
1524,1790648581.969537,2.0886918370863974,-2.780993365119486,-0.13125646254595633,3.48048645251063,26.218793426238395,-38.184067711217146,-1.3149922904867053,46.337645175673494
1525,1790648581.989537,2.0120512120863974,-2.771413286994486,-0.09293615004595632,3.426035436969864,26.260659436371327,-38.240504369130235,-1.3216531657393777,46.408029214017006
1526,1790648582.0001354,1.9354105870863971,-2.694772661994486,-0.08814611098345632,3.318943141622114,26.28265504725026,-38.27027029120862,-1.3247973848888805,46.44509266441313
1527,1790648582.0201354,1.9210404698988972,-2.6229220760569856,-0.13125646254595633,3.2538200569509894,26.32372091963417,-38.325991691489314,-1.330169850468001,46.514398566701765
1528,1790648582.044787,1.7964994542738972,-2.5510714901194858,-0.12646642348345633,3.1227183339480944,26.373618488799433,-38.393936509585075,-1.3362750285493519,46.598795519269785
1529,1790648582.064787,1.7150687902113972,-2.5031710994944856,-0.07377599379595631,3.035254421916258,26.413295787823234,-38.44837341344778,-1.3407855946360496,46.66623317266718
1530,1790648582.089896,1.7438090245863973,-2.4121603573069854,-0.07377599379595631,2.977386505117014,26.4621505381891,-38.51572142871612,-1.345876847782439,46.749519706299026
1531,1790648582.109896,1.7773392980238971,-2.3546798885569857,-0.12646642348345633,2.9528708258478757,26.500509169188764,-38.5684693869374,-1.3496242237243143,46.81479790218739
1532,1790648582.1191616,1.7246488683363972,-2.3259396541819854,-0.06419591567095631,2.8962959292066586,26.518048069714876,-38.59249373463572,-1.3512324025107019,46.84456505392275
1533,1790648582.1391616,1.6863285558363972,-2.2732492244944855,-0.06898595473345631,2.8312762311093094,26.55534367252287,-38.64347069541508,-1.3543827484943842,46.90776542943209
1534,1790648582.164868,1.7102787511488973,-2.2301388729319855,-0.07856603285845631,2.811537910239322,26.602638807379538,-38.707846966454866,-1.3581090701414236,46.98768209372309
1535,1790648582.184868,1.739018985523897,-2.2013986385569857,-0.10730626723345632,2.8074646271753263,26.639089492265416,-38.75706693489422,-1.3608521319036455,47.048945204942726
1536,1790648582.2099934,1.7054887120863973,-2.2013986385569857,-0.14562657973345633,2.7885578375962607,26.684503249737585,-38.8179218458256,-1.3642578666057752,47.12488694565193
1537,1790648582.2299933,1.6767484777113972,-2.2636691463694856,-0.14562657973345633,2.8207960866495663,26.720303963640156,-38.8657944294879,-1.3669990971238728,47.18467237436405
1538,1790648582.239454,1.700698673023897,-2.3163595760569855,-0.11209630629595632,2.8758413106256993,26.737095173591488,-38.88829278574614,-1.368284157695264,47.21275013857808
1539,1790648582.259454,1.7294389073988972,-2.3546798885569857,-0.08335607192095632,2.9227426412063586,26.772412631860313,-38.93572681100917,-1.3708864713986313,47.271896832574804
1540,1790648582.2844055,1.7533891027113973,-2.4265304744944856,-0.13125646254595633,2.9966067056117973,26.816382228556556,-38.994975015430754,-1.3740476808460855,47.3456908209327
1541,1790648582.3044055,1.7294389073988972,-2.4696408260569855,-0.14083654067095633,3.0182643481545286,26.85156393066672,-39.042686386029345,-1.3766096223328521,47.404988132187334
1542,1790648582.3290112,1.7198588292738972,-2.498381060431986,-0.1647867359834563,3.037593946549261,26.894720476491756,-39.10174847636953,-1.3798527676689682,47.47817095337957
1543,1790648582.3490112,1.7533891027113973,-2.5654416073069854,-0.2557974781709563,3.117899346651131,26.92974697361594,-39.150149890249246,-1.3827243154188547,47.53795783397106
1544,1790648582.3747869,1.7821293370863973,-2.6037619198069857,-0.30369786879595634,3.1698254691153216,26.974952124538497,-39.21316502164065,-1.3869516039965133,47.61558555648974
1545,1790648582.3947868,1.7438090245863973,-2.575021685431986,-0.27495763442095633,3.1220519366916872,27.01005545292112,-39.26249393937995,-1.3906076355599313,47.676202821804075
1546,1790648582.4048789,1.7917094152113973,-2.5079611385569858,-0.20310704848345632,3.0889066308667994,27.02778770496575,-39.287498985004824,-1.3925375965431335,47.70689725479156
1547,1790648582.4248788,1.8779301183363972,-2.4600607479319856,-0.19831700942095631,3.101265878491605,27.063162095484838,-39.3370719507144,-1.3963907467497254,47.76787497240983
1548,1790648582.4495342,1.820449649586397,-2.4073703182444857,-0.11688634535845631,3.0204521505190325,27.10706811946068,-39.39801774682506,-1.4010111403928538,47.843074489707796
1549,1790648582.4695342,1.7773392980238971,-2.3307296932444856,-0.11209630629595632,2.933223732543566,27.14273822459257,-39.447147326480454,-1.404540398961113,47.90384540157634
1550,1790648582.4946594,1.8300297277113973,-2.2924093807444854,-0.1743668141084563,2.9384610528463875,27.1876253547095,-39.508320928982734,-1.4088488383751465,47.9797795962521
1551,1790648582.5146594,1.7629691808363972,-2.2971994198069856,-0.20310704848345632,2.9028327509665743,27.223385890011773,-39.55659595361699,-1.412330178074816,48.039896953325176
1552,1790648582.5242968,1.6480082433363972,-2.345099810431986,-0.1839468922334563,2.8721526335059564,27.240498436815926,-39.57972428670823,-1.4140358563232183,48.068688635129
1553,1790648582.5442967,1.6480082433363972,-2.2636691463694856,-0.13125646254595633,2.8030978279913725,27.275628435655133,-39.627435064722604,-1.4175174221412783,48.127984291997926
1554,1790648582.5844462,1.7485990636488973,-2.2397189510569855,-0.14083654067095633,2.8449559919805028,27.345800517599045,-39.72240714831574,-1.4242775321810102,48.246150127171404
1555,1790648582.6044462,1.7629691808363972,-2.301989458869486,-0.1935269703584563,2.9059711783810434,27.380779959290116,-39.769432555897446,-1.427641426521046,48.30479310627319
1556,1790648582.6145198,1.7150687902113972,-2.3067794979319856,-0.1743668141084563,2.879773670464202,27.398383487233886,-39.793047630800906,-1.4293595669037396,48.33426451527135
1557,1790648582.6345198,1.7198588292738972,-2.2780392635569857,-0.07856603285845631,2.855442154983664,27.433243014555227,-39.83977688417825,-1.432638443600903,48.39259341455911
1558,1790648582.6443846,1.7438090245863973,-2.3594699276194855,-0.09772618910845632,2.935561047160717,27.450420666472734,-39.862799453445255,-1.4341435597337282,48.421329419810796
1559,1790648582.6643846,1.7581791417738972,-2.4409005916819857,-0.1695767750459563,3.01296297283542,27.485275824504388,-39.909674706502194,-1.4371382745799284,48.479767828942514
1560,1790648582.6899502,1.7294389073988972,-2.455270708869486,-0.14083654067095633,3.0065176067080865,27.52983458516188,-39.96999457274085,-1.4409873455114945,48.55480102895317
1561,1790648582.7099502,1.7150687902113972,-2.455270708869486,-0.09772618910845632,2.996558962714953,27.564630902230736,-40.017470360631286,-1.4439046473413732,48.61369839325981
1562,1790648582.7348254,1.7773392980238971,-2.4888009823069854,-0.13125646254595633,3.061093524999256,27.607932978146554,-40.07688539355132,-1.4474160042250186,48.68726444628991
1563,1790648582.7548254,1.8491898839613972,-2.4888009823069854,-0.22226720473345632,3.10854246661959,27.64296592187995,-40.12495673152315,-1.4503459923947368,48.74678677782235
1564,1790648582.7648668,1.7917094152113973,-2.5031710994944856,-0.24142736098345632,3.0877783846210587,27.66065868982515,-40.14923131240254,-1.4519456165642264,48.776848608794566
1565,1790648582.7848668,1.7773392980238971,-2.4744308651194857,-0.20789708754595632,3.0536804491573997,27.695965701816167,-40.197794008247975,-1.455327729054345,48.83694439750166
1566,1790648582.8095021,1.7869193761488973,-2.4504806698069856,-0.1791568531709563,3.0380970274157106,27.739517707494635,-40.257738748270505,-1.4595839468814025,48.91111077318121
1567,1790648582.829502,1.7964994542738972,-2.4456906307444854,-0.1552066578584563,3.0385690805313876,27.77494657225332,-40.30644880218429,-1.463022561247528,48.97139886861871
1568,1790648582.854753,1.7677592198988972,-2.3498898494944855,-0.1743668141084563,2.94573568912031,27.81971764037996,-40.36780467449843,-1.4673369133453842,49.047420130381894
1569,1790648582.874753,1.7629691808363972,-2.3403097713694856,-0.1743668141084563,2.935219573457629,27.85515550819413,-40.416147340454245,-1.4707646179443858,49.10741087445338
1570,1790648582.884396,1.739018985523897,-2.3163595760569855,-0.1599966969209563,2.900914969562031,27.87221179790654,-40.439327520107256,-1.4724112202342128,49.13621267036498
1571,1790648582.904396,1.7246488683363972,-2.3307296932444856,-0.1791568531709563,2.904963304426352,27.90747618488217,-40.48716297127233,-1.4758227797169645,49.19568726371512
1572,1790648582.9448023,1.7054887120863973,-2.3642599666819857,-0.1935269703584563,2.9216210612201823,27.97842944672915,-40.58353719040988,-1.4828107418539866,49.315461397893664
1573,1790648582.9648023,1.7054887120863973,-2.3834201229319856,-0.1887369312959563,2.936835858315247,28.013397848820077,-40.63120592332706,-1.4863241603077644,49.37463431084426
1574,1790648582.974877,1.7485990636488973,-2.3403097713694856,-0.19831700942095631,2.9281356094940283,28.030980635864342,-40.65518611901548,-1.4881210051832303,49.40439796117405
1575,1790648582.994877,1.7821293370863973,-2.3738400448069856,-0.20310704848345632,2.9752905749820293,28.06594535163951,-40.70272074640025,-1.4917550788324814,49.46346225099775
1576,1790648583.0198896,1.7533891027113973,-2.3834201229319856,-0.1695767750459563,2.963751189040535,28.109746372201496,-40.76217589538157,-1.4963173466783757,49.537377710547936
1577,1790648583.0398896,1.7438090245863973,-2.3930002010569855,-0.1599966969209563,2.9652856219112103,28.144761953249002,-40.809749788249675,-1.4999124960482921,49.59650230288825
1578,1790648583.049538,1.8012894933363972,-2.3594699276194855,-0.1935269703584563,2.974759631701512,28.161685555742448,-40.8326966616103,-1.501642520154606,49.62503985144929
1579,1790648583.0695379,1.8396098058363972,-2.421740435431986,-0.1552066578584563,3.0451732431799874,28.196965653089425,-40.88030000154787,-1.505213857763748,49.684338266858944
1580,1790648583.0945275,1.8300297277113973,-2.455270708869486,-0.049825798483456314,3.0626533705815344,28.241312919042194,-40.93999816142264,-1.5093911058172536,49.75875266080199
1581,1790648583.1145275,1.7869193761488973,-2.4696408260569855,0.026814826516543693,3.0484300388076657,28.27690699380032,-40.987997118063646,-1.5122673297974214,49.81853399452055
1582,1790648583.1397452,1.7917094152113973,-2.5893918026194855,0.11782556870404369,3.1510403679849275,28.32182354634093,-41.04900861749419,-1.5150763778702359,49.8943108370079
1583,1790648583.1597452,1.7629691808363972,-2.7857834041819856,0.16093592026654369,3.3006893034678026,28.357435025520342,-41.09820087923838,-1.5165518915331897,49.95504145105428
1584,1790648583.1698914,1.7725492589613971,-3.0492355526194856,0.0028646312040436907,3.5270067389948654,28.375481491684184,-41.123853362990594,-1.5170635040918248,49.98640562173992
1585,1790648583.1898913,1.8060795323988972,-3.4180685604319856,-0.1647867359834563,3.869401843892656,28.411086505170864,-41.17653536109371,-1.5181636001348924,50.04999222242174
1586,1790648583.2150092,1.7677592198988972,-3.652780474494486,-0.21747716567095632,4.063874281024696,28.455827779346127,-41.24609430835785,-1.5200580886409671,50.13267404492402
1587,1790648583.2350092,1.7246488683363972,-3.542609576056986,-0.20789708754595632,3.945594698703196,28.4913476487903,-41.303965450691926,-1.5219783548132075,50.20050667980056
1588,1790648583.2591248,1.7485990636488973,-3.499499224494486,-0.3084879078584563,3.9241888712097173,28.534034352311018,-41.376015132064,-1.524880427983064,50.28410290486745
1589,1790648583.2791247,1.7198588292738972,-3.686310747931986,-0.21268712660845632,4.073332436319827,28.569328526752187,-41.43758441723759,-1.5277079723399112,50.35487887438454
1590,1790648583.3046725,1.7150687902113972,-3.6384103573069857,-0.1791568531709563,4.02636164065699,28.6142318377931,-41.51846987908017,-1.5315288684446224,50.44703346522904
1591,1790648583.3246725,1.6527982823988971,-3.4851291073069857,-0.22705724379595632,3.8638610286680017,28.64916320315618,-41.5829779971275,-1.5346806904045631,50.52003420596792
1592,1790648583.3348596,1.5186771886488972,-3.4947091854319856,-0.28453771254595633,3.821038393411678,28.66671000815808,-41.616239909806225,-1.5364361621646947,50.55741610291003
1593,1790648583.3548596,1.4276664464613973,-3.566559771369486,-0.32285802504595634,3.855232468923171,28.700411058240075,-41.68233820376561,-1.540276729215523,50.631051395834255
1594,1790648583.37979,1.4085062902113972,-3.4803390682444855,-0.5000894703584563,3.7877090012139747,28.741421916258986,-41.765548597123654,-1.5458847233111912,50.72297450825293
1595,1790648583.39979,1.379766055836397,-3.3989084041819857,-0.6821109547334564,3.731167118131356,28.7735694462643,-41.83260826332905,-1.5514820890078915,50.796579702423394
1596,1790648583.4094505,1.2312748448988973,-3.3222677791819857,-0.7587515797334563,3.623424471410936,28.788660079994415,-41.86501074574342,-1.5548241614824336,50.83191470046948
1597,1790648583.4294505,1.1881644933363973,-3.2216769588694856,-0.6964810719209563,3.5037156240311567,28.81884489994315,-41.93184675378398,-1.5628882030735047,50.904304465193405
1598,1790648583.4545403,1.2456449620863972,-3.173776568244486,-0.5623599781709563,3.4555372696235542,28.855611199815343,-42.01514951195061,-1.5738558112437553,50.994079149848936
1599,1790648583.4745402,1.3510258214613973,-2.977384966681986,-0.5719400562959563,3.3192178955403264,28.88441783878537,-42.080819456733614,-1.5829885505305739,51.064770760151895
1600,1790648583.5001569,1.2695951573988973,-2.7666232479319857,-0.5192496266084563,3.0879922659264354,28.92081473502266,-42.163350549648264,-1.5950278877580284,51.15374637768728
1601,1790648583.5201569,1.0971537511488971,-2.6899826229319856,-0.40428868910845633,2.9331215810936264,28.94851894021721,-42.226305589243836,-1.6044028635640857,51.22159448022808
1602,1790648583.529739,0.9390824620863971,-2.7283029354319854,-0.5288297047334564,2.9334576244925565,28.961264470923176,-42.25583709174152,-1.6088912910099562,51.253284180282954
1603,1790648583.549739,0.8337016027113971,-2.7330929744944856,-0.7012711109834563,2.94221629740144,28.98653613143339,-42.316422501400254,-1.618699585311272,51.31782417994155
1604,1790648583.5742745,1.025303165211397,-2.5941818416819857,-0.6677408375459564,2.868257979058303,29.016309461821884,-42.38940204297493,-1.631446565253852,51.39522583120401
1605,1790648583.5942745,1.0971537511488971,-2.3882101619944858,-0.5288297047334564,2.680849676524646,29.040122147697527,-42.447440851244515,-1.6420734005580095,51.45687839566168
1606,1790648583.619968,0.8672318761488972,-2.2492990291819854,-0.5240396656709564,2.4669930727272598,29.069910299350962,-42.519754070238235,-1.6557064850050605,51.53378052278272
1607,1790648583.639968,0.6564701573988971,-2.0816476619944857,-0.6102603687959564,2.2664129751581945,29.091905105053005,-42.57409634163415,-1.6664282291084307,51.59137141994701
1608,1790648583.6500862,0.8337016027113971,-1.8469357479319857,-0.5431998219209563,2.097926611177711,29.102494284818807,-42.60044620211033,-1.6719141809815357,51.61926469105672
1609,1790648583.6700861,0.9965629308363971,-1.6601242244944856,-0.33243810317095634,1.9646030663496763,29.12303089330283,-42.64997801720638,-1.6824447570718801,51.67206376409845
1610,1790648583.6949039,0.9821928136488972,-1.3966720760569855,-0.1887369312959563,1.7178525083533458,29.148375065713065,-42.70791157149754,-1.694521996421883,51.73456179931066
1611,1790648583.7149038,0.9965629308363971,-1.2817111385569855,-0.04503575942095631,1.6241765105569335,29.168703807297046,-42.75161329046124,-1.7031454938840482,51.78237562441786
1612,1790648583.7399035,1.106733829273897,-1.1811203182444854,0.04118494370404369,1.619135934570388,29.19424640749884,-42.80266344114838,-1.7123150490366421,51.839213379305214
1613,1790648583.7599034,1.106733829273897,-0.9416183651194854,0.03639490464154369,1.4535575335959092,29.21493582242637,-42.84056214520088,-1.7184340660768738,51.88235977347949
1614,1790648583.7850292,1.0013529698988972,-0.7979171932444854,0.1800960765165437,1.292986548413073,29.24100145514827,-42.88431012290361,-1.7245602659043784,51.933364313590275
1615,1790648583.8050292,0.9534525792738971,-0.6781662166819854,0.37169763901654373,1.227656455700567,29.261569571066445,-42.916123965306625,-1.7278775401942557,51.97132585149079
1616,1790648583.8148234,1.0492533605238972,-0.5200949276194854,0.3669075999540437,1.2272133209879388,29.271602283246683,-42.93024685268144,-1.7287158180026265,51.9886646629835
1617,1790648583.8348234,1.145054141773897,-0.4386642635569854,0.2854769358915437,1.2589965864296744,29.29230765275011,-42.956198272734845,-1.7291922520249463,52.02176816981843
1618,1790648583.8599303,0.9582426183363971,-0.36681367761948536,0.2184163890165437,1.0490409470921294,29.318361750345364,-42.985406323814814,-1.728751788147533,52.060542402981135
1619,1790648583.8799303,0.7139506261488971,-0.30454316980698537,0.2184163890165437,0.8063360080298503,29.338511368097898,-43.006190242509746,-1.7277982998099473,52.08901933647605
1620,1790648583.920099,0.8049613683363972,-0.2997531307444854,0.1944661937040437,0.8806996334726523,29.37748623317996,-43.0434925461587,-1.7249266556184943,52.14167546137313
1621,1790648583.940099,0.9774027745863971,-0.34765352136948535,0.1657259593290437,1.0505447388309184,29.396654486616928,-43.06025051351626,-1.7231710477893676,52.16625142515276
1622,1790648583.9346294,0.7810111730238971,-0.4434543026194854,0.1369857249540437,0.9085126635006706,29.396654486616928,-43.06025051351626,-1.7231710477893676,52.16625142515276
1623,1790648583.9546294,0.44091839958639706,-0.4530343807444854,0.15614588120404368,0.6511764134605587,29.414578417981154,-43.07471153818835,-1.7210769671135313,52.1882199689971
1624,1790648583.979255,0.24931683708639707,-0.39555391199448536,0.1753060374540437,0.49935357144687037,29.43461216762168,-43.09141352135738,-1.71827316699598,52.213204990723774
1625,1790648583.999255,0.27326703239889705,-0.40513399011948537,0.2615267405790437,0.5542604595171241,29.449226132176477,-43.10414459143216,-1.7156823443722677,52.23186543337263
1626,1790648584.0248706,0.3546976964613971,-0.42429414636948537,0.1896761546415437,0.5846477761507645,29.466342318407683,-43.11959797762899,-1.7119949582227982,52.25414802783517
1627,1790648584.0448706,0.11519574333639705,-0.43387422449448537,0.2088363108915437,0.4951055510800759,29.478406401551766,-43.131140946952186,-1.7089500376061701,52.270376635260035
1628,1790648584.0545797,-0.11472613166360296,-0.3811837948069854,0.2711068187040437,0.48162441576167575,29.483384842473516,-43.136497526749594,-1.7073441007982268,52.277551822203776
1629,1790648584.0745797,-0.004555233226102951,-0.3716037166819854,0.3381673655790437,0.5024611821268187,29.491922819422726,-43.14700570025952,-1.7036183083412073,52.29091630317382
1630,1790648584.0999906,0.20141644646139706,-0.34765352136948535,0.3285872874540437,0.5190386896004443,29.50151870753847,-43.15972492061337,-1.6983238748500675,52.306651252571534
1631,1790648584.1199906,0.40259808708639705,-0.34765352136948535,0.2950570140165437,0.6082818690102378,29.50884441462805,-43.1692770876477,-1.6938464128679083,52.318519652482664
1632,1790648584.1450977,0.3067973058363971,-0.2518527401194854,0.2902669749540437,0.491741096841759,29.517997161750436,-43.180598664124204,-1.6879665299625741,52.33283375128415
1633,1790648584.1650977,0.34032757927389706,-0.19437227136948537,0.2758968577665437,0.4792937692242785,29.525165149788002,-43.188933811439846,-1.6831360313670654,52.343598727936865
1634,1790648584.1744618,0.517559024586397,-0.17521211511948537,0.2615267405790437,0.6057745993794762,29.52862033774092,-43.1925105612295,-1.6808361719496472,52.34842497983394
1635,1790648584.1944618,0.6708402745863972,-0.20395234949448537,0.2854769358915437,0.7570471027601242,29.53667561072359,-43.19957267096296,-1.6758404175477626,52.35863564104789
1636,1790648584.2199583,0.6756303136488971,-0.2997531307444854,0.2806868968290437,0.7906411285557726,29.547979086868942,-43.20818838790846,-1.6693443713282208,52.371913489131906
1637,1790648584.2399583,0.6181498448988971,-0.3093332088694854,0.15614588120404368,0.7086450458974582,29.557456438348755,-43.21484661470383,-1.6643578320324035,52.382595258638254
1638,1790648584.2650225,0.7522709386488972,-0.4386642635569854,0.0890853343290437,0.8753708345896627,29.570128145572156,-43.22334526143877,-1.6585850269733649,52.396573918785954
1639,1790648584.2850225,0.6852103917738972,-0.5392550838694854,0.1130355296415437,0.8792532953793052,29.580879036788303,-43.23057640378847,-1.6543664018236977,52.40847325561371
1640,1790648584.294665,0.5031889073988971,-0.4530343807444854,0.06034509995404369,0.6797652225248794,29.586144314079174,-43.23425742384263,-1.6525121750938003,52.414423080421706
1641,1790648584.314665,0.4648685948988971,-0.37639375574448536,-0.03066564223345631,0.5989285863108427,29.5968791255129,-43.241991233069335,-1.6491986391871267,52.426757633126265
1642,1790648584.3399146,0.6373100011488971,-0.38597383386948536,-0.08335607192095632,0.749725331519756,29.6104859021579,-43.25173411844726,-1.6458587948208259,52.44237056795998
1643,1790648584.3599145,0.7139506261488971,-0.5153048885569854,0.022024787454043692,0.8807665502342408,29.621673968796504,-43.25964573015767,-1.6437021395141234,52.45514535425356
1644,1790648584.384379,0.6421000402113971,-0.7739669979319854,0.2758968577665437,1.042802211185218,29.635794731180155,-43.27023731466408,-1.6409131510392831,52.47176729047008
1645,1790648584.404379,0.6660502355238972,-0.9272482479319855,0.3573275218290437,1.1962839075198084,29.647569295819565,-43.28014909464765,-1.6380252821812291,52.486501099143744
1646,1790648584.4288237,0.8049613683363972,-0.8841378963694854,0.1753060374540437,1.2084679685777784,29.662498854918503,-43.29376742554618,-1.634048548740558,52.506040137063906
1647,1790648584.4488237,0.7570609777113971,-0.7787570369944854,0.12261560776654369,1.0929951664621969,29.675224547161324,-43.305732541737015,-1.630836074308525,52.52299543249769
1648,1790648584.4590342,0.5989896886488971,-0.7260666073069854,0.1657259593290437,0.9557334664798082,29.681785274544595,-43.31207714786899,-1.629221221153216,52.53188332560126
1649,1790648584.4790342,0.6037797277113971,-0.8793478573069854,0.1274056468290437,1.074260123335853,29.69451270254474,-43.32504871203395,-1.6260928762387208,52.54967277332809
1650,1790648584.504598,0.6373100011488971,-1.1140597713694853,0.1321956858915437,1.2902592418256777,29.71072004627644,-43.342963702835156,-1.6221963296160913,52.57348104458482
1651,1790648584.524598,0.594199649586397,-1.2912912166819857,0.1417757640165437,1.4284980213885894,29.72334526361617,-43.35848527328824,-1.6191941522488653,52.593319809237784
1652,1790648584.5489419,0.5654594152113971,-1.3966720760569855,0.1800960765165437,1.5175216094228108,29.73852486365382,-43.379451871160576,-1.6155003678732882,52.61907018512482
1653,1790648584.5689418,0.6325199620863972,-1.3775119198069856,0.0842952952665437,1.5181325002950758,29.750922114431546,-43.398254627768075,-1.612524321840703,52.64148654895769
1654,1790648584.5795085,0.575039493336397,-1.2960812557444856,-0.025875603170956312,1.418156051789874,29.757446536949434,-43.408817507768575,-1.6111415244303338,52.653839734950985
1655,1790648584.5995085,0.5654594152113971,-1.2865011776194855,-0.10251622817095632,1.409020655386548,29.769653934205017,-43.42968519742104,-1.6091094336987506,52.67788041369013
1656,1790648584.6236145,0.555879337086397,-1.4062521541819855,-0.03545568129595631,1.5125488633023554,29.784187825547132,-43.4559326615618,-1.6072769889587732,52.70767749799739
1657,1790648584.6436145,0.5415092198988971,-1.4206222713694856,-0.01150548598345631,1.5203724048252862,29.796083456875646,-43.478683132153996,-1.6060551591057506,52.73311947390787
1658,1790648584.6685827,0.517559024586397,-1.3439816463694856,-0.06898595473345631,1.441843636341799,29.81068969649317,-43.50800175977734,-1.6049093468522084,52.7655111916961
1659,1790648584.6885827,0.4648685948988971,-1.3152414119944855,-0.07856603285845631,1.3971883924037012,29.82210824087584,-43.531952672197235,-1.6043505290427542,52.791694271021214
1660,1790648584.6994739,0.4169682042738971,-1.2146505916819854,-0.03545568129595631,1.2847161743299398,29.82811393514737,-43.54510550121905,-1.6041850029541913,52.805927731308095
1661,1790648584.7194738,0.46007855583639706,-1.0853195369944855,-0.025875603170956312,1.1790930081049118,29.838803743196078,-43.56908559657381,-1.6040186314727298,52.831735768538394
1662,1790648584.7443254,0.5031889073988971,-0.9943087948069854,-0.06898595473345631,1.1165160625402135,29.85188963897221,-43.598289340131295,-1.6040197205212348,52.86321053120973
1663,1790648584.7643254,0.46965863396139707,-1.0517892635569854,-0.03545568129595631,1.1524309058353095,29.862300460052126,-43.621335626780045,-1.6041771278015007,52.888101638156584
1664,1790648584.789432,0.41217816521139705,-1.1715402401194854,0.0028646312040436907,1.2419362222788215,29.87506966337703,-43.65011333782085,-1.6044064557404478,52.919054242035145
1665,1790648584.809432,0.36427777458639704,-1.0517892635569854,0.03639490464154369,1.1136801789900144,29.884880505252926,-43.67293401341335,-1.6045028468020714,52.943419586749386
1666,1790648584.8189948,0.2876371495863971,-0.9368283260569854,0.0890853343290437,0.9840318283050798,29.889335349260463,-43.683634957384825,-1.6044520266839273,52.95475990896885
1667,1790648584.8389947,0.33074750114889706,-1.0326291073069853,0.1034554515165437,1.089228999440592,29.89818244934293,-43.70561256384185,-1.604072871170502,52.97787210837061
1668,1790648584.8640919,0.2780570714613971,-1.1428000057444854,0.1896761546415437,1.1913373291217257,29.908764967522146,-43.73314929610873,-1.6031166956704737,53.006533110345494
1669,1790648584.8840919,0.19662640739889706,-1.1332199276194854,0.2806868968290437,1.1839064500593055,29.91664524696079,-43.75521581289206,-1.601763469466255,53.02914500420856
1670,1790648584.9097114,0.11998578239889705,-1.0709494198069853,0.3285872874540437,1.1266316404394119,29.92583389085592,-43.78347772997747,-1.5991193382618336,53.05756910048308
1671,1790648584.9297113,0.09603558708639705,-1.1571701229319855,0.2806868968290437,1.1945922574020702,29.93225510465256,-43.80557327771803,-1.5964508980803116,53.07934439411912
1672,1790648584.9393091,0.06729535271139706,-1.2386007869944855,0.2136263499540437,1.2586885204190106,29.934991927141066,-43.81631073935678,-1.5950066022337681,53.08970591882236
1673,1790648584.959309,0.00981488396139705,-1.2290207088694856,0.1417757640165437,1.2372100072500638,29.939955166103484,-43.83903080631023,-1.5919153027514736,53.111163908504565
1674,1790648584.9843812,-0.01892535041360295,-1.2481808651194854,0.0938753733915437,1.2518491229649469,29.945226689293133,-43.867898666362315,-1.5881782015606967,53.13785322042375
1675,1790648585.0043812,-0.038085506663602955,-1.2481808651194854,-0.006715446920956309,1.248779834516717,29.948715497405768,-43.89121688275518,-1.5855135430060574,53.15899107948402
1676,1790648585.0294957,-0.07161578010110295,-1.2721310604319855,-0.10251622817095632,1.2782628180126718,29.952232710098425,-43.92085325453682,-1.5828751172904687,53.18536536081505
1677,1790648585.0494957,-0.08119585822610295,-1.3152414119944855,-0.10730626723345632,1.3221071719818704,29.954384287713676,-43.944795115528585,-1.5814039051806186,53.20630596191708
1678,1790648585.0591016,-0.12909624885110296,-1.1715402401194854,-0.06898595473345631,1.1806487359232356,29.95511116718617,-43.956360972146776,-1.580930290331346,53.21625405395458
1679,1790648585.0791016,-0.07640581916360295,-1.1140597713694853,-0.04024572035845631,1.1174017815419224,29.95608930702432,-43.980258007043666,-1.580255959307008,53.23652496015748
1680,1790648585.1040006,-0.014135311351102952,-1.1092697323069853,-0.02108556410845631,1.1095601592762672,29.956955304358424,-44.00969796077834,-1.5796569079112344,53.26131806154422
1681,1790648585.1240005,-0.00934527228860295,-1.1715402401194854,0.012444709329043692,1.1716436058476374,29.957511349718303,-44.03321952260102,-1.579260862329079,53.2810564146898
1682,1790648585.1498647,0.00981488396139705,-1.2194406307444854,0.11782556870404369,1.2251590298806583,29.958123480376198,-44.063713089685,-1.5785728190971533,53.306583700897
1683,1790648585.1698647,0.01460492302389705,-1.2002804744944855,0.1896761546415437,1.215262755484938,29.958562451578565,-44.08738549400138,-1.5776593295728203,53.326372770159466
1684,1790648585.1939743,0.08645550896139706,-1.2050705135569855,0.2136263499540437,1.226909008471679,29.959194986907928,-44.11599104170216,-1.575994054539903,53.35033071233073
1685,1790648585.2139742,0.11040570427389705,-1.1859103573069854,0.1944661937040437,1.2068098009205657,29.95993628706778,-44.13974764129173,-1.5742077099238965,53.370340396853976
1686,1790648585.2240577,0.09603558708639705,-1.2481808651194854,0.1848861155790437,1.2654490040184803,29.960410091472863,-44.15176924882238,-1.5731552900947026,53.380518152386266
1687,1790648585.2440577,0.07208539177389706,-1.3104513729319855,0.1274056468290437,1.3186020261513514,29.96146107446161,-44.17587480007167,-1.5709125451796944,53.4009815480267
1688,1790648585.2696087,0.06729535271139706,-1.3583517635569855,0.0747152171415437,1.362068479088857,29.962869459623303,-44.20716585798856,-1.5680897687253768,53.42757682108479
1689,1790648585.2896087,0.08645550896139706,-1.3583517635569855,0.06513513901654369,1.3626579376068124,29.96403713118498,-44.232059890924496,-1.5660019063343071,53.44876991441437
1690,1790648585.3141253,0.08166546989889706,-1.3487716854319856,0.1034554515165437,1.3551964207617058,29.96556292467064,-44.26297607782046,-1.5635164512278552,53.47513998440174
1691,1790648585.3341253,0.033765079273897054,-1.3391916073069856,0.1130355296415437,1.3443776525296693,29.966794067076208,-44.2884455368164,-1.5614682816903285,53.49685353290258
1692,1790648585.3442094,-0.038085506663602955,-1.3152414119944855,0.1274056468290437,1.3219465482715247,29.967318438656378,-44.301368736038064,-1.5604086351772337,53.50781551697827
1693,1790648585.3642094,-0.00934527228860295,-1.3248214901194855,0.0795052562040437,1.3272378839381553,29.968131284404155,-44.327114909611154,-1.5583119044201703,53.529527784958205
1694,1790648585.3896663,0.01939496208639705,-1.3296115291819857,-0.02108556410845631,1.3299201420016777,29.969029905627302,-44.36003822086561,-1.555931871664298,53.55722797559916
1695,1790648585.4096663,0.06729535271139706,-1.1907003963694853,-0.04503575942095631,1.1934505930442296,29.96976003537053,-44.38580469442715,-1.5544416805466392,53.578936755853455
1696,1790648585.434866,0.05771527458639705,-1.0038888729319855,0.04118494370404369,1.0063896470578086,29.970778261084067,-44.41754794892772,-1.552852984336482,53.60575965100509
1697,1790648585.454866,0.11998578239889705,-1.0182589901194854,0.0747152171415437,1.0280225302052177,29.971731719552622,-44.441995543627684,-1.5516073809638584,53.62651541572808
1698,1790648585.4646106,0.16788617302389705,-1.0565793026194854,0.03639490464154369,1.0704532586247544,29.972336982985848,-44.453636852567556,-1.551010312457327,53.636484286639835
1699,1790648585.4846106,0.15830609489889705,-1.1475900448069853,-0.025875603170956312,1.1587464250049266,29.97388218105777,-44.47725190690671,-1.5499529198132775,53.656890557019864
1700,1790648585.5097387,0.08166546989889706,-1.1523800838694853,-0.08335607192095632,1.15827343118926,29.975984622425813,-44.50680606415664,-1.549029540215539,53.682538433207675
1701,1790648585.5297387,-0.04287554572610295,-1.0757394588694855,0.03639490464154369,1.0772085614559475,29.977465176316876,-44.530142576160884,-1.5484752859668776,53.70269818139269
1702,1790648585.554347,-0.023715389476102952,-0.9943087948069854,0.1274056468290437,1.002718603583503,29.978890721689798,-44.55836976679641,-1.547593300461202,53.726876423268905
1703,1790648585.574347,0.07208539177389706,-1.0326291073069853,0.0795052562040437,1.03819086045336,29.97994807344893,-44.58091010967948,-1.5466736402040286,53.74613504284115
1704,1790648585.584424,0.07208539177389706,-1.0613693416819854,0.0842952952665437,1.0671489492913915,29.980509869217272,-44.592146119186566,-1.546155978286376,53.75575379289468
1705,1790648585.604424,-0.023715389476102952,-1.0374191463694855,0.11782556870404369,1.0443580657956477,29.98153017837122,-44.61424954212562,-1.5449794972397946,53.7746257605809
1706,1790648585.6296577,-0.038085506663602955,-1.1092697323069853,0.06034509995404369,1.111562582996881,29.98250743372597,-44.6420167062146,-1.5433806040427704,53.79816382833444
1707,1790648585.6496577,-0.12430620978860296,-1.1523800838694853,0.0795052562040437,1.1617886973348985,29.98292222367989,-44.66411592648709,-1.5420936537665406,53.8166974962502
1708,1790648585.6742783,-0.13388628791360296,-1.2050705135569855,0.045974982766543694,1.2133565756924733,29.982879486189887,-44.69159309503013,-1.5405153186314602,53.83943483267696
1709,1790648585.6942782,-0.19615679572610295,-1.2194406307444854,-0.0019254078584563096,1.2351180703137097,29.98235491265764,-44.71420229157038,-1.5393594356054237,53.857878905059295
1710,1790648585.7040462,-0.23926714728860296,-1.1954904354319855,-0.049825798483456314,1.2202166853372798,29.981818148908356,-44.72535747136264,-1.5389174943865374,53.866829194875706
1711,1790648585.7240462,-0.26800738166360294,-1.0996896541819854,-0.01629552504595631,1.131994185620049,29.980123068465645,-44.74821441688709,-1.5382475335160926,53.88484646145348
1712,1790648585.7496724,-0.25363726447610296,-1.1044796932444854,-0.01150548598345631,1.1332870911327229,29.977274350898103,-44.77734456507795,-1.537571302422234,53.90743630816402
1713,1790648585.7696724,-0.23926714728860296,-1.0757394588694855,-0.01150548598345631,1.1020873501443318,29.97464520307616,-44.79993934706654,-1.5371572183736288,53.924732478382644
1714,1790648585.7941215,-0.23926714728860296,-1.0182589901194854,-0.01150548598345631,1.0460556939945864,29.971035806362732,-44.82725704755937,-1.5367691433723818,53.94541334640286
1715,1790648585.8141215,-0.27279742072610297,-0.9847287166819854,-0.01629552504595631,1.0219464870283022,29.967758020298152,-44.84925610171733,-1.536541008085317,53.96186849906238
1716,1790648585.8394084,-0.28716753791360294,-1.0278390682444853,-0.0019254078584563096,1.067202910526613,29.96317341669463,-44.87671524332614,-1.5363303886089263,53.982141892411605
1717,1790648585.8594084,-0.28237749885110297,-1.0374191463694855,-0.025875603170956312,1.0754743529953923,29.95923694488118,-44.898273465801445,-1.5362304940080942,53.99787813109089
1718,1790648585.8692966,-0.27758745978860294,-0.9943087948069854,-0.006715446920956309,1.0323516234741714,29.95716737434483,-44.90884001525556,-1.5362126834736785,54.005515811065024
1719,1790648585.8892965,-0.19136675666360295,-1.0661593807444854,-0.006715446920956309,1.0832184257723645,29.952905888164395,-44.930096980964315,-1.5362022094953656,54.0208302702999
1720,1790648585.9146364,-0.07640581916360295,-1.1332199276194854,-0.025875603170956312,1.1360874968044643,29.947807606285878,-44.95716944342069,-1.5362528685081782,54.040524957327655
1721,1790648585.9346364,-0.06682574103860295,-1.0565793026194854,0.06034509995404369,1.06040889918828,29.944172425676516,-44.978616502801955,-1.5362351504122203,54.05635414271052
1722,1790648585.9747245,-0.00934527228860295,-0.9990988338694854,0.1944661937040437,1.0178914060189586,29.93774997307681,-45.02133754081903,-1.5354388442086242,54.088328499401115
1723,1790648585.9947245,0.03855511833639705,-1.0565793026194854,0.36211756089154373,1.1175757011405771,29.93507025186446,-45.04253754261052,-1.5342662839590204,54.10446000369685
1724,1790648585.9897475,-0.038085506663602955,-1.0134689510569854,0.4866585765165437,1.1249028361025135,29.93507025186446,-45.04253754261052,-1.5342662839590204,54.10446000369685
1725,1790648586.0097475,-0.08119585822610295,-0.9559884823069854,0.4866585765165437,1.0757989197772022,29.932955830166147,-45.06344803624397,-1.5308769462983345,54.120604005042715
1726,1790648586.034158,-0.13867632697610296,-0.7883371151194855,0.5297689280790437,0.9598758502517474,29.93035969142948,-45.08833504559025,-1.5254998275639924,54.13974083947619
1727,1790648586.054158,0.08645550896139706,-0.7595968807444854,0.48186853745404373,0.9036920181425889,29.928473353831347,-45.10798878903561,-1.5202376325205564,54.1549193734243
1728,1790648586.0793169,0.21099652458639706,-0.6542160213694854,0.5106087718290437,0.8562940230276173,29.927017647781245,-45.13167136962633,-1.5127382905223865,54.17363309805031
1729,1790648586.0993168,0.15830609489889705,-0.37639375574448536,0.3094271312040437,0.5123262911180163,29.926587973248623,-45.14921972218807,-1.5064408945594767,54.18784064171414
1730,1790648586.109392,0.033765079273897054,-0.12252168543198537,0.3142171702665437,0.33894553260041804,29.926549125234256,-45.157110779850626,-1.5032731555035173,54.19430622038461
1731,1790648586.129392,-0.22968706916360296,-0.045881060431985365,0.5776693187040437,0.6233482680005803,29.926189693193393,-45.17067818503523,-1.4965903127366487,54.20522834388939
1732,1790648586.1550229,-0.16741656135110297,-0.07462129480698536,0.6590999827665437,0.6841121471923715,29.925034797182423,-45.18568902697769,-1.4869331141603843,54.21683475214408
1733,1790648586.1750228,0.005024844898897049,-0.03630098230698536,0.5058187327665438,0.507144556118137,29.92402521354447,-45.19581150083697,-1.4787805044989075,54.22449127452021
1734,1790648586.199357,-0.028505428538602953,0.030759564568014642,0.4579183421415437,0.4598346641329285,29.92293824437045,-45.206290318836075,-1.4685901594419375,54.23234896833909
1735,1790648586.219357,-0.11951617072610296,0.030759564568014642,0.4962386546415437,0.5113541514820176,29.921956850289288,-45.21351859289458,-1.460039901232612,54.23760210235874
1736,1790648586.2294283,-0.14825640510110297,0.01638944738051464,0.4674984202665437,0.4907171778027084,29.92133452357206,-45.21657689511268,-1.4556521819442014,54.23969034810156
1737,1790648586.2494283,-0.19136675666360295,0.02596952550551464,0.4483382640165437,0.4881627298271512,29.919774622383024,-45.22167566978831,-1.4468721030729876,54.242845636271426
1738,1790648586.2740872,-0.033295467601102954,0.002019330193014639,0.3956478343290437,0.3970514760915352,29.917724343530764,-45.22696744818034,-1.436109652423049,54.24584062753605
1739,1790648586.2940872,-0.014135311351102952,-0.15126191980698536,0.4387581858915437,0.46431532507287104,29.916239724758345,-45.23083949079743,-1.4274383563527349,54.2480213516832
1740,1790648586.3191965,-0.12430620978860296,-0.24227266199448538,0.5393490062040437,0.6041898931918606,29.91439470730556,-45.235712628233465,-1.4163428500393256,54.25077635165647
1741,1790648586.3391964,-0.15783648322610297,-0.4290841854319854,0.5249788890165438,0.6961525892633446,29.91272234383546,-45.24001896944835,-1.4072342628276187,54.25320804013267
1742,1790648586.3502703,-0.08598589728860295,-0.7069064510569854,0.36211756089154373,0.7988988878353437,29.911732762294523,-45.24298918016298,-1.4022106478982999,54.25500918348782
1743,1790648586.3702703,-0.023715389476102952,-0.8601877010569854,0.2232064280790437,0.8889917942723151,29.910049054675472,-45.24989953735739,-1.393620661596717,54.25962238296963
1744,1790648586.3940303,-0.062035701976102954,-0.8553976619944854,0.0890853343290437,0.8622585373644133,29.9081960303899,-45.259934829755395,-1.3843899500255692,54.266734065352296
1745,1790648586.4140303,0.0002348058363970495,-0.8745578182444854,-0.0019254078584563096,0.8745599692312452,29.906777517842,-45.26970986282585,-1.377654773540309,54.273933939241864
1746,1790648586.439647,0.14393597771139705,-1.0038888729319855,-0.02108556410845631,1.014374209002851,29.905510159086962,-45.28396098704147,-1.3703663395445445,54.28493865203961
1747,1790648586.459647,0.16309613396139705,-1.0469992244944855,0.1274056468290437,1.0672581336533045,29.90512964907312,-45.29649479489437,-1.3653700335232333,54.29505921684042
1748,1790648586.4697862,0.20620648552389706,-1.0422091854319855,0.1417757640165437,1.0718308953064353,29.90524651385779,-45.30348455458672,-1.3630123406942052,54.30089579816492
1749,1790648586.4897861,0.32116742302389706,-1.1954904354319855,0.1274056468290437,1.2444187774479682,29.906233515871993,-45.318560515173,-1.3586555318910853,54.31390867105405
1750,1790648586.5145438,0.37385785271139704,-1.2865011776194855,0.11782556870404369,1.3448932443471975,29.90856257746721,-45.33903205711922,-1.3536159469658744,54.33214720088501
1751,1790648586.5345438,0.4265482823988971,-1.2577609432444856,0.03639490464154369,1.328619816445839,29.911362450861606,-45.35690536447321,-1.3499241526145966,54.34851205991204
1752,1790648586.5597897,0.531929141773897,-1.3870919979319856,-0.1887369312959563,1.497529449403342,29.916181402814814,-45.38109044297317,-1.346251485470633,54.37125778002166
1753,1790648586.5797896,0.7666410558363972,-1.6218039119944856,-0.3994986500459563,1.8378208859524654,29.921374222331433,-45.401889431381086,-1.3446607524811163,54.391436015529294
1754,1790648586.6048055,0.9295023839613972,-1.8660959041819856,-0.3755484547334563,2.1183307690838533,29.93007737497372,-45.430546324995134,-1.3444236603482085,54.42013915856837
1755,1790648586.6248055,0.9726127355238972,-2.0672775448069856,-0.4378189625459563,2.326219556390001,29.93884493785605,-45.45592071669117,-1.3454825898418574,54.4461705523416
1756,1790648586.634622,0.9534525792738971,-2.1151779354319857,-0.5479898609834564,2.3839761758883062,29.9439208968416,-45.46958643933508,-1.3466501838290752,54.46039989164676
1757,1790648586.654622,0.9342924230238971,-2.5223312557444855,-0.5144595875459563,2.7385627549215252,29.95554280676149,-45.50020832013993,-1.3502658380925054,54.492446447717604
1758,1790648586.6792426,0.8337016027113971,-2.814523638556986,-0.6533707203584563,3.0072404248049964,29.97096833870648,-45.54210496522504,-1.3562056087877434,54.53605744346239
1759,1790648586.6992426,0.7905912511488972,-2.9390646541819856,-0.8497623219209564,3.1599417038311874,29.984055795813866,-45.57966413181605,-1.3625615986288144,54.57477401186097
1760,1790648586.723899,0.9151322667738971,-2.8863742244944857,-0.8545523609834563,3.1462490313354525,30.00092431973011,-45.629794671776985,-1.3723736560320987,54.626157024620284
1761,1790648586.7438989,1.020513126148897,-2.8815841854319855,-0.9120328297334563,3.190106321250991,30.01545826822192,-45.673010526489705,-1.3817887330995953,54.67047617962672
1762,1790648586.75453,0.8289115636488972,-3.1354562557444856,-1.0365738453584563,3.404800383123702,30.023499623169958,-45.697333954516985,-1.387596352686206,54.69535888730528
1763,1790648586.77453,0.6516801183363972,-3.4947091854319856,-1.0557340016084564,3.708403099654869,30.03857930059098,-45.74617436747033,-1.4000216757862158,54.7447602638788
1764,1790648586.799757,0.7953812902113971,-3.8012716854319857,-1.1132144703584563,4.03999310399173,30.05748488316921,-45.81234290548605,-1.417447220573918,54.81087772162471
1765,1790648586.819757,0.9151322667738971,-3.9066525448069855,-1.0701041187959563,4.152652645791807,30.072790719530833,-45.86849434590284,-1.4324648979386023,54.8665970414117
1766,1790648586.8448665,0.8384916417738971,-3.7916916073069857,-0.9647232594209564,4.001335332800128,30.092426885308807,-45.94291432861284,-1.452323119619099,54.94010170447171
1767,1790648586.8648665,0.8097514073988972,-3.695890826056986,-0.8114420094209563,3.8695922878993083,30.108193582647115,-46.00453048668621,-1.4684320393105308,55.000694893470815
1768,1790648586.8743029,0.7858012120863972,-3.7581613338694857,-0.5719400562959563,3.8818005595733465,30.1156459712723,-46.03451684324093,-1.4758715158911402,55.03005606020278
1769,1790648586.8943028,0.6804203527113971,-3.815641802619486,-0.38512853285845633,3.894922105652806,30.131271067998732,-46.099899118759524,-1.4907096223345204,55.0937057213539
1770,1790648586.919695,0.594199649586397,-3.8252218807444858,-0.20789708754595632,3.8766760065170613,30.15056049196531,-46.18500856936027,-1.507851724021996,55.175945223921424
1771,1790648586.939695,0.7283207433363972,-3.8635421932444856,-0.14562657973345633,3.9342872905876303,30.16545854200074,-46.25352249044007,-1.5198586478674727,55.24177044712007
1772,1790648586.9789321,0.7426908605238971,-3.968923052619486,-0.04503575942095631,4.0380648993728085,30.194631194325567,-46.39082462564976,-1.5404422961656927,55.37325459892119
1773,1790648586.9989321,0.8528617589613972,-3.9210226619944857,-0.006715446920956309,4.012709432914424,30.2096639001292,-46.462147224579894,-1.5494380196301207,55.44146170380054
1774,1790648586.9939744,0.8768119542738971,-3.849172076056986,0.0842952952665437,3.94867453344265,30.2096639001292,-46.462147224579894,-1.5494380196301207,55.44146170380054
1775,1790648587.0139744,0.8720219152113972,-3.762951372931986,0.026814826516543693,3.862763815013906,30.225353610256033,-46.53500296543413,-1.5556718505971312,55.51124765995375
1776,1790648587.0389984,0.9151322667738971,-3.839591997931986,-0.1887369312959563,3.9516522374203285,30.245394027379124,-46.626754800072774,-1.5626055388423536,55.59927930403011
1777,1790648587.0589983,0.9678226964613972,-3.7342111385569856,-0.3563882984834563,3.8740193879748204,30.261832892105993,-46.700447000263935,-1.568133619267587,55.670183429391415
1778,1790648587.0842488,0.9678226964613972,-3.533029497931986,-0.36117833754595635,3.6809547669804106,30.28313986106177,-46.793291953988714,-1.5754249636235458,55.75986635163199
1779,1790648587.1042488,1.0348832433363973,-3.4611789119944856,-0.29411779067095634,3.624534185652407,30.300488942394093,-46.866291594211454,-1.5813168415741168,55.830721658377726
1780,1790648587.114336,1.0827836339613972,-3.3318478573069856,-0.3276480641084563,3.518662216827557,30.309528750746793,-46.90272639089615,-1.5843131334973513,55.8662986432481
1781,1790648587.134336,0.9821928136488972,-3.327057818244486,-0.4857193531709563,3.5028473759457617,30.32786094642045,-46.97411808081575,-1.5905828159878437,55.936364493505934
1782,1790648587.1746297,0.8480717198988972,-3.2983175838694856,-0.4282388844209563,3.4324208757500907,30.36478563988943,-47.11639724305521,-1.604081550969821,56.07627103993255
1783,1790648587.1946297,0.8384916417738971,-3.2552072323069856,-0.30369786879595634,3.375155515542891,30.382894078948297,-47.18625536245317,-1.6108745962935993,56.144971855974916
1784,1790648587.205206,0.8480717198988972,-3.1881466854319855,-0.3084879078584563,3.3134075691375666,30.392371472341882,-47.22276694496785,-1.61441360601762,56.18088903660091
1785,1790648587.225206,0.7379008214613971,-3.1977267635569855,-0.23663732192095632,3.2902813403731845,30.409984142340583,-47.29103350568171,-1.6209198044497675,56.24798988928736
1786,1790648587.2493207,0.6277299230238972,-3.173776568244486,-0.03066564223345631,3.2354046026750543,30.430504948742733,-47.372522260965646,-1.628071337758602,56.327809411355354
1787,1790648587.2693207,0.6229398839613971,-3.0492355526194856,0.0028646312040436907,3.112217820220885,30.446847283276878,-47.439303019361326,-1.6331545785568768,56.392953232930005
1788,1790648587.2788877,0.6660502355238972,-3.0252853573069856,-0.08814611098345632,3.0989908270691933,30.454416942278023,-47.47081462881297,-1.6352826100877502,56.423611210486065
1789,1790648587.2988877,0.6660502355238972,-3.1450363338694856,0.026814826516543693,3.2149020968797424,30.469865888614944,-47.536064207237835,-1.6391559821864912,56.4869627429087
1790,1790648587.3241968,0.6421000402113971,-3.1785666073069856,0.1130355296415437,3.2447426969927617,30.48896645617019,-47.61825242512348,-1.6430568638554202,56.56655085336308
1791,1790648587.3441968,0.6612601964613971,-3.2983175838694856,0.012444709329043692,3.363973662542127,30.50375124840009,-47.68317314861786,-1.645488845983753,56.629245759480135
1792,1790648587.3691971,0.6181498448988971,-3.3749582088694856,0.022024787454043692,3.431171408371557,30.521859240717596,-47.764664963243476,-1.6480082327899106,56.70769825778878
1793,1790648587.389197,0.5654594152113971,-3.3941183651194855,-0.02108556410845631,3.440963299383816,30.535947911547755,-47.830232209667386,-1.6497199824774704,56.77056283064355
1794,1790648587.399471,0.6133598058363972,-3.4755490291819857,-0.11688634535845631,3.531191544421622,30.543007958481027,-47.864155049629076,-1.65057371885404,56.80296706482981
1795,1790648587.419471,0.5510892980238971,-3.5473996151194855,-0.14562657973345633,3.5929028019793705,30.556436688219318,-47.93082061566506,-1.6523801410322174,56.86642021529662
1796,1790648587.4443567,0.5510892980238971,-3.499499224494486,-0.12646642348345633,3.5448819434365757,30.572696600378755,-48.01448137481879,-1.6547985287083986,56.94575100288209
1797,1790648587.4643567,0.7187406652113971,-3.4947091854319856,-0.09772618910845632,3.569191903303726,30.5857088771128,-48.082123336341326,-1.656786875578564,57.00983349210665
1798,1790648587.489923,0.8624418370863972,-3.533029497931986,-0.1839468922334563,3.64142002723894,30.60287951133927,-48.16909661038303,-1.6594874557829886,57.092486381851195
1799,1790648587.509923,0.7810111730238971,-3.422858599494486,-0.2701675953584563,3.521211435586237,30.61676206421162,-48.23736210805474,-1.6619643403146698,57.15760096355183
1800,1790648587.5347252,0.5415092198988971,-3.4084884823069856,-0.2557974781709563,3.4607019980191174,30.63385569853699,-48.322027853921355,-1.6655535936607058,57.23832247408457
1801,1790648587.5547252,0.555879337086397,-3.4372287166819855,-0.29411779067095634,3.49428796222808,30.647218136145792,-48.39032820121759,-1.6688386196806588,57.30323608003823
1802,1790648587.564612,0.6037797277113971,-3.5521896541819857,-0.3563882984834563,3.6207200828245085,30.65369275137008,-48.42420980682898,-1.670701298570049,57.33536620219875
1803,1790648587.584612,0.5271391027113971,-3.6384103573069857,-0.30369786879595634,3.688920974658759,30.66652205306783,-48.49325419740569,-1.6748942526488222,57.40066679266937
1804,1790648587.6098182,0.34990765739889707,-3.5186593807444857,-0.13125646254595633,3.5384498675786875,30.6819237328853,-48.58074963565109,-1.6802083084011137,57.482978168080535
1805,1790648587.6298182,0.17267621208639705,-3.293527544806986,-0.006715446920956309,3.298057892131396,30.693095011971295,-48.64997773369966,-1.6839992416334422,57.54756526864705
1806,1790648587.6393938,-0.10035601447610296,-3.2120968807444856,0.0890853343290437,3.214898738331038,30.697693254343456,-48.68282319782441,-1.685482857919223,57.57782991840465
1807,1790648587.6593938,-0.291957576976103,-2.9103244198069858,0.2567367015165437,2.9361779900381073,30.705268241821138,-48.7503187850893,-1.6875980531142254,57.63900646817999
1808,1790648587.68416,-0.32548785041360295,-2.5367013729319856,0.3381673655790437,2.5797583924361134,30.71209452334422,-48.83147992626379,-1.688719419317348,57.7113329864864
1809,1790648587.70416,-0.22489703010110296,-2.4025802791819855,0.3094271312040437,2.4328411007683277,30.715954633094256,-48.89459935473766,-1.6885177550647716,57.76679675463913
1810,1790648587.7296298,-0.26800738166360294,-2.3259396541819854,0.2758968577665437,2.3575288561644046,30.719191510765086,-48.97195661015348,-1.6871813547399228,57.83396789280153
1811,1790648587.7496297,-0.603310116038603,-1.9618966854319857,0.3285872874540437,2.0786994265405307,30.720045012533703,-49.03002100276694,-1.6853826395901053,57.88354377321499
1812,1790648587.7891183,-0.9913032801011029,-1.5595334041819855,0.3237972483915437,1.8760787003653638,30.716754741513345,-49.137897662756956,-1.6804317894994059,57.97306149898432
1813,1790648587.8091183,-1.0583638269761029,-1.3679318416819857,0.2375765452665437,1.745798994328888,30.712263768671495,-49.18873019918363,-1.6774583684262812,58.01368968598993
1814,1790648587.8041344,-0.517089412913603,-1.2721310604319855,0.2758968577665437,1.4006491252232285,30.712263768671495,-49.18873019918363,-1.6774583684262812,58.01368968598993
1815,1790648587.8241343,-0.22968706916360296,-1.0853195369944855,0.2088363108915437,1.1288433247664087,30.705890176173202,-49.232358956265735,-1.6739282946768608,58.047212644928344
1816,1790648587.8493862,-0.550619686351103,-0.7931271541819854,0.1513558421415437,0.9773133134510027,30.69757218782217,-49.28273914092853,-1.6694576365288614,58.085423337180956
1817,1790648587.8693862,-0.7997017176011029,-0.3716037166819854,0.007654670266543691,0.8818564244608692,30.689946896903397,-49.31840302980766,-1.6662093981466124,58.11156487054676
1818,1790648587.8791103,-0.723061092601103,-0.17521211511948537,-0.10251622817095632,0.7510167814080749,30.685684977569764,-49.33354087020917,-1.6649361615714593,58.12212599137576
1819,1790648587.8991103,-0.5889399988511029,-0.12731172449448536,-0.14562657973345633,0.6198916826070193,30.676266184389178,-49.360459004771656,-1.6630824715681525,58.139952386327934
1820,1790648587.9241972,-0.06682574103860295,0.02596952550551464,-0.35159825942095635,0.35883343203802254,30.664990095495227,-49.38934961929294,-1.662041615991496,58.15850630567174
1821,1790648587.9441972,0.16309613396139705,0.21278104894301464,-0.5336197437959563,0.5971818438895355,30.65749332235293,-49.40856905717469,-1.6626641117679466,58.17089517135073
1822,1790648587.9687996,-0.30632769416360295,0.41875272863051466,-0.44260900160845634,0.6819774426268994,30.649390381535948,-49.427499675671534,-1.6651163142874144,58.182776380028514
1823,1790648587.9887996,-0.6464204676011029,0.3564822208180147,-0.5240396656709564,0.9052936351756263,30.64236222199581,-49.4394176634274,-1.6682607295673773,58.189290039530725
1824,1790648588.0144413,-0.531459530101103,0.2750515567555146,-0.6677408375459564,0.8966495509035247,30.63243791587301,-49.451191038879536,-1.6739793706965074,58.194233002653206
1825,1790648588.0344412,-0.26321734260110297,0.11219022863051464,-0.6581607594209563,0.7176667764970895,30.624666260868157,-49.45841571811052,-1.6797595799274876,58.19644887088349
1826,1790648588.0442832,-0.301537655101103,0.06907987706801465,-0.3372281422334563,0.45762408893526574,30.620998647357936,-49.461303867630306,-1.6829120774063024,58.19706462965153
1827,1790648588.0642831,-0.14825640510110297,0.08824003331801464,-0.3899185719209563,0.4263833461362494,30.613988874234696,-49.46605659956981,-1.689448117246007,58.19760566590756
1828,1790648588.0895395,0.15830609489889705,0.2558914005055147,-0.5623599781709563,0.6378008886660873,30.60648363542651,-49.470506307733814,-1.6982677224632317,58.19769710329028
1829,1790648588.1095395,0.12956586052389707,0.04033964269301464,-0.49050939223345635,0.5089342421719458,30.60186369520857,-49.47305704325939,-1.7057834677903416,58.19765572653858
1830,1790648588.133653,0.14393597771139705,-0.10815156824448537,-0.3468082203584563,0.39075602247652813,30.597623712379598,-49.47579372935682,-1.7150000569652835,58.19802373955347
1831,1790648588.153653,0.5654594152113971,-0.21832246668198538,-0.23663732192095632,0.6506967587403859,30.595698612157914,-49.478212806482034,-1.7223729293808452,58.19928594576903
1832,1790648588.164097,1.1642142980238972,-0.25664277918198536,-0.10730626723345632,1.196985832337671,30.596198978397435,-49.479658626287986,-1.725914996107441,58.200883088433216
1833,1790648588.184097,1.2743851964613973,-0.3907638729319854,0.03639490464154369,1.3334461453064483,30.600671321121755,-49.48298309867395,-1.7317867910280915,58.20623495070399
1834,1790648588.2242024,1.3510258214613973,-0.4003439510569854,0.0890853343290437,1.4119073079334488,30.616191309699943,-49.49102916482484,-1.741417708284633,58.22152242719539
1835,1790648588.2442024,1.6575883214613971,-0.3620236385569854,-0.025875603170956312,1.6968587758439744,30.627282890084317,-49.49558330793119,-1.7454052784563765,58.23134605869653
1836,1790648588.2538455,1.8156596105238971,-0.30454316980698537,-0.049825798483456314,1.8416973078544667,30.634340525792553,-49.49793181953501,-1.7470942587111078,58.2371051152989
1837,1790648588.2738454,1.8635600011488973,-0.20395234949448537,-0.1695767750459563,1.8823412871690897,30.652301403664644,-49.50283480235106,-1.75040090090169,58.25082092231695
1838,1790648588.2844133,2.2371830480238972,-0.12252168543198537,-0.23184728285845632,2.2524992156126133,30.663618505664893,-49.50529567100637,-1.7522041998363107,58.25892222563545
1839,1790648588.3044133,2.232393008961397,-0.21832246668198538,-0.2605875172334563,2.2581295578544034,30.688528040020636,-49.509765595829116,-1.7558437155004334,58.275943834230084
1840,1790648588.3289495,1.9545707433363972,-0.29496309168198537,-0.36117833754595635,2.009427731388629,30.72220826203383,-49.51537132690896,-1.7607831335267843,58.29859719908165
1841,1790648588.3489494,1.9593607823988972,-0.5967355526194854,-0.5096695484834564,2.110675494720643,30.75141466598864,-49.520592832747056,-1.7655117048862161,58.31857037039223
1842,1790648588.374507,2.1940726964613972,-0.9607785213694854,-0.35159825942095635,2.4208824218681437,30.791099890847136,-49.52924987370768,-1.772298748123011,58.34706049487752
1843,1790648588.394507,2.2419730870863974,-1.0134689510569854,-0.3180679859834563,2.480872806429993,30.824151202669235,-49.53796960861065,-1.7778177547481746,58.3720769399012
1844,1790648588.4039772,2.352143985523897,-1.0230490291819854,-0.5192496266084563,2.6170270956716264,30.840716906227286,-49.54292564158267,-1.7806337906134146,58.385117599553716
1845,1790648588.4239771,2.452734805836397,-1.1763302791819854,-0.4665591969209563,2.7599526151209925,30.87766128401379,-49.55512127381491,-1.7871675636631097,58.41518619959537
1846,1790648588.4496455,2.553325626148897,-1.1475900448069853,-0.2797476734834563,2.8133064932403227,30.927601486140592,-49.57289942378733,-1.7957320411716415,58.456937522676895
1847,1790648588.4696455,2.644336368336397,-1.2338107479319855,0.0028646312040436907,2.9180150782220005,30.968473005611493,-49.58824586144496,-1.8018195567196862,58.49176866559412
1848,1790648588.494246,2.682656680836397,-1.5355832088694856,0.2854769358915437,3.10421644534077,31.021033602882298,-49.609400544144535,-1.8076521900325464,58.537720783958186
1849,1790648588.514246,2.888628360523897,-1.5834835994944856,0.2327865062040437,3.302390599635615,31.065712104952695,-49.62869791503038,-1.8109053904468047,58.57785847623908
1850,1790648588.524601,3.013169376148897,-1.5786935604319856,0.03639490464154369,3.4018800149615536,31.089958047647585,-49.639646276158764,-1.8121280311318262,58.60003226814695
1851,1790648588.544601,2.864678165211397,-2.0241671932444856,0.022024787454043692,3.5077227524005643,31.138579813235218,-49.66302468463427,-1.8140476330050335,58.645698413665635
1852,1790648588.5690112,2.725767032398897,-2.2157687557444854,0.03160486557904369,3.5128956661669335,31.199256620016072,-49.69504064092814,-1.8159409146100562,58.705096195734754
1853,1790648588.5890112,2.888628360523897,-2.1151779354319857,-0.24621740004595633,3.5887009504619756,31.2499352415404,-49.72383386807247,-1.817581367715736,58.75646099935229
1854,1790648588.614104,3.065859805836397,-2.1439181698069856,-0.49050939223345635,3.773126148400151,31.315187418008612,-49.76255577221756,-1.8207173161332622,58.8240421218513
1855,1790648588.634104,2.821567813648897,-2.6277121151194858,-0.2893277516084563,3.866500541163281,31.368225820238976,-49.79594665978625,-1.8240116238666573,58.88063275184622
1856,1790648588.659111,3.075439883961397,-2.8959543026194856,-0.5671500172334564,4.262222535810245,31.435654966285938,-49.84179423734757,-1.829119156637928,58.95549620558418
1857,1790648588.679111,3.473013126148897,-3.0348654354319855,-0.6869009937959564,4.6630527941317785,31.49131655968898,-49.88185804270512,-1.834472376811768,59.01921779688725
1858,1790648588.6892297,3.204770938648897,-2.8959543026194856,-0.44260900160845634,4.342005391564326,31.520321411244577,-49.903588251433426,-1.8376316983527343,59.05315971644158
1859,1790648588.7092297,3.022749454273897,-2.7666232479319857,-0.39470861098345633,4.116675035376895,31.578392350721987,-49.948589996984225,-1.8441954990201594,59.12239476866254
1860,1790648588.734027,2.979639102711397,-2.9103244198069858,-0.3276480641084563,4.177988830148504,31.6507554544438,-50.00657446002407,-1.8524564025344434,59.210298131205406
1861,1790648588.754027,2.855098087086397,-2.9486447323069855,-0.19831700942095631,4.109187326038059,31.70911684376591,-50.05511476790494,-1.8589086992569568,59.28269685997683
1862,1790648588.7791064,2.826357852711397,-2.8384738338694855,-0.03545568129595631,4.005806975190052,31.782009640672086,-50.1177382248604,-1.866225786164708,59.374797854479915
1863,1790648588.7991064,2.792827579273897,-2.8959543026194856,0.03639490464154369,4.023401769584672,31.839848363981943,-50.168788800441014,-1.8711842216094607,59.44900877168449
1864,1790648588.8090386,2.788037540211397,-2.8432638729319857,0.026814826516543693,3.9822131800883445,31.86842068148004,-50.194613650020656,-1.8732302014552686,59.48617038937932
1865,1790648588.8290386,2.730557071461397,-2.6564523494944856,-0.04503575942095631,3.8098174792592405,31.92560263933588,-50.2470647535392,-1.8767594101070262,59.56117733989613
1866,1790648588.8541613,2.577275821461397,-2.661242388556986,0.026814826516543693,3.704764600546588,31.99665758682434,-50.31308708648274,-1.8805619250607908,59.65508647260909
1867,1790648588.8741612,2.457524844898897,-2.6995627010569856,0.03160486557904369,3.6507623871955435,32.05229122565689,-50.365804263065655,-1.88304738052441,59.729469102923254
1868,1790648588.899476,2.625176212086397,-2.4935910213694856,-0.1647867359834563,3.62445871747974,32.12179643517462,-50.43238141472464,-1.885974293756756,59.823003940121325
1869,1790648588.919476,2.663496524586397,-2.5893918026194855,-0.19831700942095631,3.720012537637807,32.17640517843806,-50.484715306452074,-1.8884844971507286,59.89652663950148
1870,1790648588.9287,2.500635196461397,-2.8528439510569856,0.15614588120404368,3.7968772077960264,32.2013852967737,-50.50899603370981,-1.889497715198423,59.930443824322936
1871,1790648588.9487,2.677866641773897,-2.4073703182444857,0.1321956858915437,3.6033147655538365,32.255192120796075,-50.56163642833057,-1.8909325933495997,60.00376757448438
1872,1790648588.9744446,2.936528751148897,-1.6505441463694857,-0.31327794692095634,3.3831405760721327,32.324905405982946,-50.62706813266383,-1.8928522078081125,60.09644271249118
1873,1790648588.9944446,2.879048282398897,-1.7942453182444855,-0.5048795094209564,3.4297432255869302,32.37966254086942,-50.67544183305466,-1.8953470219490953,60.166729108116726
1874,1790648589.0196738,2.658706485523897,-2.1870285213694856,-0.37075841567095635,3.462553354425209,32.44885396896791,-50.73484351072905,-1.8996789425173661,60.25413886234052
1875,1790648589.0396738,2.653916446461397,-2.1966085994944855,-0.40428868910845633,3.4686901257264893,32.503445556317146,-50.78144507797642,-1.9037604525724552,60.32290975326694
1876,1790648589.0492074,2.716186954273897,-2.1678683651194857,-0.6485806812959564,3.5352484664028734,32.52940473797656,-50.80344781502446,-1.9061670259247712,60.35549647904264
1877,1790648589.0692074,2.874258243336397,-2.5175412166819857,-0.8928726734834563,3.9238496197144634,32.58407969494185,-50.84971025785382,-1.9127705019337207,60.42411748521508
1878,1790648589.0943027,2.888628360523897,-3.0157052791819856,-0.9886734547334564,4.291401558489215,32.65323973378825,-50.90946573087233,-1.9233547630863868,60.51204061721765
1879,1790648589.1143026,2.6395463292738968,-3.489919146369486,-0.4378189625459563,4.397547716232815,32.70838231773487,-50.959703655702654,-1.9326644801137973,60.584361534251066
