imu_index,t_imu,ax,ay,az,mag,vx,vy,vz,velocity
0,1791274375.8277645,-0.14506975446428597,0.1445320970184949,0.15069071867028067,0.2542488022041746,0.0,0.0,0.0,0.0
1,1791274375.8477645,-0.15464983258928597,0.1253719407684949,0.006989546795280657,0.1992072991041156,-0.0006345427123746579,0.0005891339185366428,0.0004286506557094389,0.0009661597240820276
2,1791274375.8277645,-0.09237932477678595,0.0966317063934949,-0.08881123445471935,0.16049629806355234,-0.0006345427123746579,0.0005891339185366428,0.0004286506557094389,0.0009661597240820276
3,1791274375.8477645,-0.16422991071428594,0.0774715501434949,-0.050490921954719346,0.18847450186880965,-0.0017928751834899045,0.001558992190617733,0.0004250751668427329,0.002413616989384897
4,1791274375.8732226,-0.307931082589286,-0.008749152981505104,0.13153056242028066,0.33496027847059534,-0.003947680412339204,0.002739565525166477,0.000575940224401498,0.004839535829677362
5,1791274375.8932226,-0.19776018415178595,-0.013539192044005104,0.04051982023278066,0.20232215891653985,-0.00614511649177951,0.0034944766139101183,0.0009347577046095238,0.007130749993446138
6,1791274375.9180324,-0.19297014508928595,-0.018329231106505105,0.03572978117028066,0.19710417263774985,-0.009189181742120188,0.004231170499478664,0.0014549822221028204,0.010220608502041784
7,1791274375.9380324,-0.12590959821428596,-0.06622962173150511,0.06926005460778066,0.15822940586835915,-0.011753329162989816,0.004609123402034362,0.001968930604105409,0.012777380509030425
8,1791274375.9478595,-0.13548967633928596,-0.08059973891900511,0.11237040617028066,0.1935997894916472,-0.013016915359367977,0.0046587584198376185,0.0023174511145249784,0.01401836991791738
9,1791274375.9678595,-0.10195940290178596,-0.1141300123565051,0.08363017179528066,0.1744000722336229,-0.0155589689073456,0.00445252778728951,0.0032143580237303537,0.016499654986121742
10,1791274376.0082667,-0.08758928571428595,-0.1380802076690051,0.09800028898278067,0.19063599702722178,-0.020498889414698074,0.003334033718530994,0.005305060491725699,0.02143510939774256
11,1791274376.0282667,-0.02531877790178595,-0.15245032485650512,0.15069071867028067,0.215846785374857,-0.02274655938452639,0.002427668979472627,0.006557690505992073,0.023797118423877665
12,1791274376.0371497,-0.01573869977678595,-0.1380802076690051,0.18901103117028067,0.2346039648527539,-0.02362247087920041,0.001891932370059626,0.007256910987344418,0.024784335690306306
13,1791274376.0571496,0.027371651785714053,-0.11892005141900511,0.06926005460778066,0.14031443658886267,-0.02528131125514601,0.0004811577493959063,0.008982461749850765,0.026833949218236737
14,1791274376.0676012,0.07527204241071406,-0.2195108717315051,-0.016960648517219346,0.23267695798065238,-0.02593769511811793,-0.0004107810882358388,0.009789932528969083,0.027726801980478343
15,1791274376.0876012,0.022581612723214052,-0.1620304029815051,-0.007380570392219343,0.16376279657738096,-0.0268585563617261,-0.0024338761334426993,0.011066812840508955,0.029150988822264905
16,1791274376.1127033,-0.04447893415178595,-0.0997598951690051,0.05488993742028066,0.12224286276675676,-0.027882194944305144,-0.005085060928972776,0.012518486267284856,0.030983659209134744
17,1791274376.1327033,-0.04926897321428595,-0.0997598951690051,0.04051982023278066,0.11841167272451553,-0.028716057977949412,-0.007179808811048377,0.01364472117755974,0.03259355851037912
18,1791274376.158203,0.008211495535714052,-0.11892005141900511,-0.012170609454719344,0.11982291526636787,-0.029698264239009606,-0.009868175352909288,0.01491947640939814,0.03466927400359562
19,1791274376.1782029,-0.03968889508928595,-0.06143958266900511,0.01656962492028066,0.07499722116151133,-0.030400294569236132,-0.011930986556833566,0.01577592485824848,0.03626852844062981
20,1791274376.2033262,-0.13069963727678596,-0.051859504544005106,0.07884013273278066,0.1612066063322331,-0.031470937952556316,-0.014347024285600918,0.016870168324856973,0.038481938890527326
21,1791274376.2233262,-0.13548967633928596,-0.013539192044005104,0.05967997648278066,0.1486689668650259,-0.03259468362736762,-0.01607995953019693,0.017818379619815694,0.040478057655189206
22,1791274376.2329705,-0.03968889508928595,0.0391512376434949,-0.016960648517219346,0.05827256130075641,-0.03318199680597302,-0.016771732546427526,0.018237933987169493,0.041412053327030914
23,1791274376.2529705,-0.09237932477678595,-0.018329231106505105,-0.007380570392219343,0.09446890058895085,-0.03441535766246391,-0.017959889953632006,0.01894097194544558,0.043194153637037984
24,1791274376.2779675,-0.17860002790178595,-0.07101966079400511,0.05967997648278066,0.20125471864977357,-0.03623367258812884,-0.01938966574829191,0.019785910332405465,0.04561052964761748
25,1791274376.2979674,-0.08279924665178595,0.0008309251434948962,0.026149703045280658,0.08683439786198635,-0.03786237269001117,-0.020467312206597848,0.020489281332944486,0.047668446421298444
26,1791274376.3223622,-0.04447893415178595,0.0487313157684949,0.0021995077327806568,0.06601480556719251,-0.039783841904287305,-0.021493912838822946,0.021270388728582598,0.04997171002130363
27,1791274376.3423622,-0.17860002790178595,-0.008749152981505104,0.03093974210778066,0.18147116929724258,-0.041457475377623225,-0.022149347421065106,0.021864428313098046,0.05183984067610435
28,1791274376.3530757,-0.24087053571428596,-0.05664954360650511,0.07405009367028066,0.25828511791949954,-0.04255657894198373,-0.022500333839184733,0.022219272107011242,0.05301908606422278
29,1791274376.3730757,-0.08279924665178595,-0.0422794264190051,0.05488993742028066,0.10796374564836884,-0.044786107795566354,-0.0232056618970031,0.022975737481965536,0.05542727404801996
30,1791274376.3981934,0.04653180803571406,-0.008749152981505104,-0.012170609454719344,0.048886404771322944,-0.04723445246617247,-0.02405472877227037,0.023863740314404646,0.058130900370456505
31,1791274376.4181933,-0.03968889508928595,-0.0422794264190051,-0.007380570392219343,0.058457087774220484,-0.04888126364339179,-0.024705932466836163,0.02443542689721908,0.05997375361005832
32,1791274376.4427886,-0.14027971540178596,-0.09017981704400511,0.09321024992028067,0.19104698020512517,-0.050934652780015216,-0.025630975631940528,0.025191335888526553,0.06233690054465659
33,1791274376.4627886,-0.07321916852678595,-0.09017981704400511,0.07405009367028066,0.13775653310976382,-0.05267418163558246,-0.026540894868743344,0.02596470245776297,0.06444497098402778
34,1791274376.4882987,0.032161690848214054,-0.08059973891900511,-0.0025905313297193435,0.08681821885179482,-0.0546386959495293,-0.02785415522658172,0.02693989074469164,0.06698506379624895
35,1791274376.5082986,-0.020528738839285948,-0.1428702467315051,-0.026540726642219344,0.14675744168576177,-0.05593040437042128,-0.029064520260167183,0.02754606210077369,0.06878765883683054
36,1791274376.5182962,-0.10195940290178596,-0.1093399732940051,0.05967997648278066,0.1609740637276941,-0.056571093679187785,-0.02976791514150426,0.027828471992899527,0.0697197336870332
37,1791274376.5382962,-0.03489885602678595,-0.05664954360650511,0.05488993742028066,0.08625547039351177,-0.05786581243768007,-0.031212955640031965,0.028480538007881376,0.07165083317085537
38,1791274376.5633729,0.022581612723214052,-0.07101966079400511,0.021359663982780656,0.07752391049175775,-0.059268834536736294,-0.03299313215423973,0.02931888859615321,0.07389816469442118
39,1791274376.5833728,-0.06842912946428595,-0.07580969985650511,0.07405009367028066,0.1261470282018199,-0.06028874451950827,-0.034420195825733906,0.0300303389410468,0.07563930098391021
40,1791274376.5928423,-0.10195940290178596,0.010411003268494897,0.10279032804528067,0.14515495295993777,-0.060820224085862316,-0.035040971069512455,0.030442259748281703,0.076509479738989
41,1791274376.6128423,-0.01573869977678595,0.043941276705994896,0.04051982023278066,0.06180937065618346,-0.06195090120564984,-0.03607387948858599,0.031396718962538525,0.07826233387244363
42,1791274376.6373858,-0.07321916852678595,-0.03269934829400511,0.08842021085778067,0.11936677806969966,-0.06329406183061788,-0.0371306133008754,0.032629664294324894,0.08030887683860088
43,1791274376.6573858,-0.16422991071428594,0.0056209642059948965,0.20817118742028068,0.2652136913581141,-0.06458057050277242,-0.03790317372599627,0.033928546132622944,0.08220977379630805
44,1791274376.682798,-0.10195940290178596,0.0726815110809949,0.2560715780452807,0.28504556649017676,-0.0664773504424024,-0.038588313047738965,0.03621616057352996,0.08497003184888179
45,1791274376.702798,0.013001534598214053,0.18285240951849493,0.27044169523278067,0.3267150962061719,-0.06787968068442582,-0.038663351878753555,0.03853628081991379,0.08710654836320392
46,1791274376.7128475,-0.010948660714285949,0.2594930345184949,0.3470823202327807,0.4335004557704915,-0.06847707933044495,-0.0383619975402,0.03999266120708461,0.08809180551746576
47,1791274376.7328475,-0.11153948102678596,0.2738631517059949,0.3470823202327807,0.45596953703974136,-0.06967137755599194,-0.03705218967595948,0.04349753642163447,0.09010550085918324
48,1791274376.757414,-0.09237932477678595,0.40319420639349496,0.3470823202327807,0.539968188631206,-0.07129404494213142,-0.03443716336106415,0.048435916786673826,0.09281593128085752
49,1791274376.777414,-0.020528738839285948,0.46546471420599494,0.3375022421077807,0.5753143425267435,-0.07258628357344453,-0.03132459273255842,0.05288012406592554,0.09511207175796789
50,1791274376.8025603,-0.06363909040178595,0.48462487045599495,0.3375022421077807,0.5939856583449095,-0.07412605815512133,-0.026206298252264122,0.058902758750456224,0.09823938901539188
51,1791274376.8225603,-0.19297014508928595,0.4415145188934949,0.36145243742028066,0.6023457576895485,-0.07555192793233899,-0.021356895148800428,0.06402275942575843,0.10130708025196827
52,1791274376.8471513,-0.17860002790178595,0.4319344407684949,0.2848118124202807,0.5473418489231718,-0.07772742423479542,-0.014677778911463069,0.07056567992186283,0.10600238136374318
53,1791274376.8671513,0.017791573660714054,0.45588463608099494,0.16985087492028067,0.4868230286451234,-0.07947257911891698,-0.0087287114624596,0.07577085992311088,0.11015127983412214
54,1791274376.8772993,0.08485212053571406,0.3888240892059949,0.21775126554528068,0.45365148335793,-0.08014712878828638,-0.005520012600834548,0.07831082025018436,0.11219009475161441
55,1791274376.8972993,-0.05884905133928595,0.2930233079559949,0.17943095304528067,0.34859910607995753,-0.08123812804017484,0.0008779613490531319,0.08316152781859287,0.11625938229977342
56,1791274376.9226902,-0.10195940290178596,0.27865319076849493,0.11237040617028066,0.3172860361699295,-0.08272166912757542,0.0088707484412359,0.0889516697123525,0.1217947628832012
57,1791274376.9426901,0.08485212053571406,0.37445397201849495,0.11237040617028066,0.4000534560564488,-0.08374060756976656,0.015201831270685345,0.0931654632057326,0.1261879097397003
58,1791274376.9680185,0.027371651785714053,0.0583113938934949,0.09800028898278067,0.11727524299693103,-0.08462426831138124,0.02283906959332021,0.09810106107943159,0.13155496217184487
59,1791274376.9880185,-0.16901994977678594,-0.12371009048150511,-0.03612080476721934,0.21254797681116847,-0.0854298384069684,0.02786695430159234,0.10150656839672587,0.13556698661535171
60,1791274376.9977617,-0.02531877790178595,-0.06622962173150511,-0.09360127351721935,0.11742487689234989,-0.0859054257720161,0.02981013913219346,0.10282195137637642,0.1372615760400485
61,1791274377.0177617,-0.0013685825892859476,-0.027909309231505103,-0.14629170320471935,0.14893644613264131,-0.0867752628101248,0.03305940467002509,0.1047571957991292,0.1399890729471404
62,1791274377.0570683,0.05611188616071405,-0.1859805982940051,-0.31873310945471933,0.3732668238311344,-0.08806697184791173,0.03785686561055208,0.10661919481726999,0.14337568311188353
63,1791274377.0770683,-0.08279924665178595,-0.7176749342315052,-0.4480641641422194,0.8501026536005898,-0.08866566246501603,0.03857626858351792,0.1062743080285248,0.14368004992040348
64,1791274377.0875578,-0.18818010602678595,-1.1583585279815052,-0.6300856485172194,1.3319963048443852,-0.08914574242922584,0.03742108644329237,0.10527236558085351,0.142932053993648
65,1791274377.1075578,-0.16422991071428594,-1.493661262356505,-0.5247047891422194,1.5916376930653633,-0.0904524092662407,0.031570888816310615,0.10191636117125598,0.13987603095995127
66,1791274377.1170483,0.032161690848214054,-1.5271915357940051,-0.4576442422672194,1.5946117439174359,-0.09107345278860095,0.027061030801418733,0.09986350649732043,0.13783828612113985
67,1791274377.1370482,0.06569196428571406,-1.4745011061065052,-0.49117451570471937,1.555545354838228,-0.09203912605536697,0.01448014470254742,0.09476307271114971,0.13289437634941928
68,1791274377.162909,0.07048200334821406,-1.3260098951690051,-0.5294948282047194,1.429557528740148,-0.092836365105531,-0.004779068119086037,0.08717761674291315,0.12744162208269547
69,1791274377.182909,0.32435407366071406,-1.2445792311065051,-0.4193239297672194,1.352780686466725,-0.09276818884691901,-0.021295286459064203,0.08076797438032582,0.12483145345950354
70,1791274377.2076948,0.4393150111607141,-1.2397891920440052,-0.4480641641422194,1.3895453986569604,-0.09127676353955644,-0.043311670920555566,0.0724036695129432,0.12429657983680041
71,1791274377.2276947,0.23813337053571407,-1.340380012356505,-0.2899928750797194,1.3919130530620532,-0.08923765743468677,-0.062282455505515893,0.06555969963789281,0.12704541701626942
72,1791274377.2373836,0.17586286272321405,-1.1248282545440051,-0.08402119539221935,1.1415892036896875,-0.08809716487180251,-0.07188556078392074,0.06246972974343957,0.12973477344908996
73,1791274377.2573836,0.3387241908482141,-0.8182657545440052,-0.12713154695471934,0.8946817047175758,-0.08532418617278699,-0.09164972842333405,0.05673136521217665,0.13747122340677945
74,1791274377.2976239,0.42494489397321406,-0.7655753248565051,-0.21335225007971936,0.9012230154390913,-0.07827702978293026,-0.1302307484471718,0.04588994719919731,0.15872374896874572
75,1791274377.3176239,0.24771344866071407,-0.8038956373565052,-0.15587178132971935,0.8555151434212639,-0.0742908889666106,-0.14888395921520947,0.04075602687921208,0.1713085614381969
76,1791274377.3274374,0.15670270647321405,-0.7080948561065052,-0.09360127351721935,0.7312422730289654,-0.07233070792270442,-0.1577766178135921,0.03843117498409473,0.1777699289754991
77,1791274377.3474374,0.15191266741071405,-0.8517960279815052,-0.11276142976721935,0.8725531914147441,-0.0684721684575133,-0.17552118272887304,0.03409429595159607,0.1914642119463884
78,1791274377.3575137,0.09443219866071406,-0.9859171217315053,-0.13192158601721934,0.9991763187368539,-0.06663360981693578,-0.18450895852135213,0.032052147876600365,0.19877357448960145
79,1791274377.3775136,-0.006158621651785948,-1.0050772779815051,0.006989546795280657,1.0051204490506425,-0.06339931540939638,-0.2026589774554166,0.028419384347897314,0.2142377085024219
80,1791274377.402465,0.036951729910714055,-0.8996964186065052,0.04530985929528066,0.9015941766372075,-0.0599119218251841,-0.2254704628498751,0.024664934929101188,0.23459481454111614
81,1791274377.422465,0.08485212053571406,-0.8709561842315052,-0.12234150789221936,0.8835904038432361,-0.05735317733872133,-0.243668412048124,0.02199139759608528,0.25129127232980114
82,1791274377.4478285,0.032161690848214054,-0.8709561842315052,-0.21814228914221936,0.8984348098340399,-0.05437239473278258,-0.2665984124552748,0.018461776677149024,0.27271213399980443
83,1791274377.4678285,-0.05405901227678595,-0.7751554029815052,-0.0025905313297193435,0.7770424611514687,-0.05240735532489837,-0.2844365319287862,0.01576493061188513,0.28965359418626785
84,1791274377.4777274,0.05611188616071405,-0.5883438795440051,0.05488993742028066,0.5935570483074109,-0.05157913189925158,-0.29295338049876823,0.014669185510674358,0.2978208773687349
85,1791274377.4977274,0.22376325334821406,-0.4398526686065051,-0.045700882892219345,0.4956096592343307,-0.049736961206450596,-0.30912217509705286,0.012801179476341039,0.3133594655388129
86,1791274377.5226169,0.15191266741071405,-0.3536319654815051,0.05967997648278066,0.3894800702515289,-0.047087028628738675,-0.3277067876145091,0.010851291169601924,0.3312501734848634
87,1791274377.5426168,0.05611188616071405,-0.2051407545440051,0.13153056242028066,0.25006311562082084,-0.044965037428244106,-0.34123859193611394,0.009806295671952122,0.3443280334975223
88,1791274377.5679288,0.05611188616071405,-0.14766028579400511,0.050099898357780656,0.1657169381347005,-0.04246924162682608,-0.3564653051690571,0.009026939145963954,0.3590997575938637
89,1791274377.5879288,0.07048200334821406,-0.1859805982940051,0.021359663982780656,0.20003182492601282,-0.04060312715804634,-0.3671923155377194,0.008610697756840329,0.36953072218805333
90,1791274377.6125226,0.017791573660714054,-0.1955606764190051,0.11716044523278066,0.22866370105884062,-0.03848976805230896,-0.3791083698269917,0.008431131619022137,0.38115049822606417
91,1791274377.6325226,0.013001534598214053,-0.2147208326690051,0.12674052335778066,0.24967426007697227,-0.03698276202692563,-0.3879605211563996,0.008672861290181452,0.3898157374786761
92,1791274377.64242,-0.05884905133928595,-0.3632120436065051,0.026149703045280658,0.3688766818785162,-0.03638288373089392,-0.39211312124861825,0.00888803514680422,0.3938977167396127
93,1791274377.66242,-0.14027971540178596,-0.4159024732940051,-0.012170609454719344,0.43909155033976227,-0.03565122027090736,-0.40041433495945655,0.009278588307364777,0.4021053858739102
94,1791274377.702834,-0.05405901227678595,-0.3775821607940051,0.06926005460778066,0.3876694727760807,-0.034983570342958153,-0.41707750415655864,0.010122439069464934,0.4186644938851633
95,1791274377.7228339,0.07048200334821406,-0.3105216139190051,0.05488993742028066,0.32311652810842667,-0.03467809067149097,-0.4251189776840052,0.010663627511567153,0.4266643037698599
96,1791274377.7325084,0.036951729910714055,-0.4063223951690051,-0.03133076570471934,0.40920036172872026,-0.034474534013663564,-0.42894551582585866,0.010903241602718777,0.4304667579732708
97,1791274377.7525084,0.05132184709821405,-0.4302725904815051,-0.03612080476721934,0.43482542088321957,-0.03398443683251877,-0.4369243469711075,0.011223110908210893,0.43838771098356555
98,1791274377.777427,0.0034214564732140524,-0.4446427076690051,0.12674052335778066,0.4623656606070855,-0.03336309517924871,-0.44700936745989933,0.011731223626620798,0.44840616891900215
99,1791274377.797427,0.036951729910714055,-0.3632120436065051,0.07884013273278066,0.37350259101314226,-0.03287864259856072,-0.45510136987491134,0.012386239920904506,0.45645556294180817
100,1791274377.8074791,0.10880231584821405,-0.4206925123565051,-0.07444111726721934,0.4408646207474066,-0.03256178900468383,-0.4591494253728661,0.012669391866633482,0.4604769032358616
101,1791274377.8274791,0.08964215959821406,-0.49733313735650514,0.011779585857780658,0.5054846436176641,-0.03172826935472899,-0.46737241163471166,0.013054257671147018,0.46862999037282843
102,1791274377.8530493,0.013001534598214053,-0.4638028639190051,0.16985087492028067,0.4940966061334206,-0.030625610255619204,-0.47815182846946347,0.013820827800061228,0.4793309027731253
103,1791274377.8730493,0.060901925223214054,-0.4398526686065051,0.07884013273278066,0.4509935488512895,-0.029781666639222028,-0.48667386528269313,0.014703508116187747,0.4878058957904563
104,1791274377.8835902,0.11359235491071405,-0.5069132154815051,-0.05528096101721935,0.5224176641107647,-0.029265636902116608,-0.49124015057309367,0.015117566462943016,0.4923432784695286
105,1791274377.9035902,0.06569196428571406,-0.5787638014190051,-0.06007100007971935,0.5855693785157065,-0.028164481421946184,-0.5002329614939361,0.015612313130002248,0.5012683892886426
106,1791274377.927717,-0.006158621651785948,-0.6170841139190052,0.08842021085778067,0.6234170882803807,-0.026927643084355326,-0.5116179833991614,0.01617091884609647,0.51258126918161
107,1791274377.947717,0.12796247209821407,-0.5643936842315052,0.03572978117028066,0.5798200085616003,-0.025873447709034762,-0.5214122089345612,0.016750743332762108,0.5223224237236715
108,1791274377.9729226,0.07048200334821406,-0.5643936842315052,-0.06486103914221934,0.5724638835725779,-0.024369008354173827,-0.5340380538340951,0.01731680390946364,0.5348741564225294
109,1791274377.9929225,0.017791573660714054,-0.6218741529815052,-0.03612080476721934,0.6231763111486353,-0.02322192549136903,-0.5443329843645297,0.017547112161178578,0.5451105913811609
110,1791274378.002239,0.027371651785714053,-0.6266641920440051,0.05488993742028066,0.6296587346663639,-0.022736181824646703,-0.5492816498910761,0.01765141716260394,0.5500353055930813
111,1791274378.022239,0.032161690848214054,-0.5308634107940051,0.006989546795280657,0.5318826835331868,-0.021760531469953815,-0.560047911819482,0.017934564633582624,0.5607573743356509
112,1791274378.047793,0.032161690848214054,-0.4925430982940051,-0.007380570392219343,0.49364719269392043,-0.020577653990225382,-0.5737019465147782,0.01824132570615325,0.574360609062029
113,1791274378.067793,-0.020528738839285948,-0.5404434889190051,0.10279032804528067,0.5505147094973346,-0.01977328496413754,-0.5843348912158636,0.01858851569931955,0.5849647688591442
114,1791274378.0923622,-0.020528738839285948,-0.5596036451690051,0.16027079679528067,0.5824640736647742,-0.019009023198343435,-0.5974648118270622,0.019435791332589783,0.5980830162437536
115,1791274378.1123621,0.022581612723214052,-0.5548136061065051,0.17943095304528067,0.5835439432166383,-0.018477135503222702,-0.6082212974146997,0.020531590855772577,0.6088481726902807
116,1791274378.12263,-0.01573869977678595,-0.5117032545440051,0.20338114835778068,0.5508646103072155,-0.018239761220646133,-0.6137365066754404,0.021304570879619702,0.6143769797574807
117,1791274378.1426299,-0.010948660714285949,-0.4254825514190051,0.26086161710778066,0.49920342347939606,-0.017886778657795276,-0.6242736525813124,0.023280734483027376,0.6249636171458586
118,1791274378.1678722,0.060901925223214054,-0.3201016920440051,0.4476731405452807,0.5537015247504775,-0.01741352871376781,-0.6369894237965266,0.026742142818534414,0.6377882871403512
119,1791274378.1878722,0.17107282366071405,-0.013539192044005104,0.35187235929528066,0.3914886689962831,-0.01674684666911574,-0.6460535915662076,0.030272619082473903,0.6469792357680945
120,1791274378.212703,-0.02531877790178595,0.16848229233099493,0.3470823202327807,0.38664384174808386,-0.015771850505633657,-0.6553305532191219,0.03530003998057118,0.6564700892451097
121,1791274378.232703,-0.20255022321428595,0.2115926438934949,0.4859934530452807,0.5674395794063645,-0.0154461396729622,-0.661111750307616,0.03999158791597509,0.6625003069656931
122,1791274378.257769,-0.18339006696428595,0.16848229233099493,0.5386838827327807,0.5934631622993429,-0.01582470848580005,-0.6665560022930024,0.046915902244918053,0.6683924202704158
123,1791274378.277769,-0.05405901227678595,0.15890221420599493,0.4428831014827807,0.47362192946158715,-0.016437629089082365,-0.6697572458164213,0.053084357057604135,0.672058712418705
124,1791274378.2874691,-0.23129045758928596,0.1205819017059949,0.5147336874202807,0.5770494257480677,-0.016897900429921956,-0.6708736419161281,0.05632399119556701,0.6734458957042854
125,1791274378.3074691,-0.19776018415178595,0.3121834642059949,0.5099436483577807,0.6297699026309911,-0.018348131141756076,-0.6721810510240527,0.06353867457703898,0.675426666958895
126,1791274378.332793,0.032161690848214054,0.4606746751434949,0.2656516561702807,0.53275353879894,-0.020223483866650325,-0.6721202884197213,0.07277666920059539,0.6763513251151704
127,1791274378.352793,0.12796247209821407,0.3026033860809949,0.08363017179528066,0.33902390648400893,-0.021242227418195377,-0.6709345823123126,0.07950208325620556,0.6759622971811079
128,1791274378.377898,0.022581612723214052,-0.0422794264190051,-0.016960648517219346,0.05084429889010118,-0.022045733913059445,-0.6691793197096452,0.08680338493937395,0.675145764963213
129,1791274378.397898,0.19023297991071406,-0.1428702467315051,-0.050490921954719346,0.24320737498412512,-0.022270611019438034,-0.6682684585598774,0.09164632289644838,0.6748909254995311
130,1791274378.4075496,0.4393150111607141,0.15890221420599493,0.021359663982780656,0.46765781075072776,-0.021907140923863415,-0.6678832218441237,0.09361178920227657,0.6747674324698818
131,1791274378.4275496,0.774617745535714,0.2930233079559949,-0.026540726642219344,0.82861313100566,-0.019446044311595252,-0.666526796287622,0.09706589797119274,0.6738381907830423
132,1791274378.4521835,0.6069663783482141,0.18764244858099494,-0.09360127351721935,0.6421674792129106,-0.014316887376992857,-0.6642186487892561,0.10046017904831332,0.6719253189440102
133,1791274378.4721835,0.30519391741071406,0.0966317063934949,-0.09839131257971935,0.33490575434915476,-0.00940898785781063,-0.6621993722437528,0.102514603125239,0.670153550693014
134,1791274378.4972565,0.8129380580357141,-0.07580969985650511,-0.3905836953922194,0.9050806703832832,-0.0020764785991872993,-0.6600084642978814,0.10378430197290095,0.668121744926943
135,1791274378.5172565,0.7602476283482141,-0.051859504544005106,-0.35226338289221937,0.8394970848950605,0.0052548719916562445,-0.6587144925847074,0.10353091127310184,0.6668215998374799
136,1791274378.5277202,0.8273081752232141,0.0678914720184949,-0.16545185945471935,0.8464173831869397,0.00976106422291807,-0.6581264710859844,0.1030119344866452,0.6662110693808201
137,1791274378.5477202,0.4488950892857141,-0.08538977798150511,-0.10797139070471935,0.46952746094267067,0.018996399815131803,-0.657197383218093,0.10175863891745189,0.6652999957229653
138,1791274378.5871978,0.7219273158482141,-0.2817813795440051,-0.42411396882971936,0.8834322010103696,0.037958030205893716,-0.6567256878298974,0.09808045237334274,0.6650933891195453
139,1791274378.6071978,0.8273081752232141,-0.2674112623565051,-0.20856221101721936,0.8941173278103133,0.04844720833457824,-0.6573463528019591,0.09554752477345538,0.6660185350482265
140,1791274378.6174974,0.6740269252232141,-0.3057315748565051,-0.18461201570471936,0.7628012114126842,0.05419845458084786,-0.6580607799793948,0.09413505109415218,0.6669654192464106
141,1791274378.6374974,0.46326520647321406,-0.9811270826690052,-0.39537373445471935,1.1547923595919456,0.0653970227770013,-0.6611702529876738,0.0909337364466744,0.6705906489416875
142,1791274378.6477225,0.6788169642857141,-0.8709561842315052,-0.5917653360172194,1.2528141756720144,0.0711393718234815,-0.6639418466093217,0.08878553944711436,0.6736189263354695
143,1791274378.6677225,0.8129380580357141,-0.8996964186065052,-0.5103346719547194,1.315584816443007,0.08292412112373204,-0.6712058211424071,0.08356084006436544,0.6814514496219514
144,1791274378.6927764,0.7650376674107141,-1.3260098951690051,-0.4576442422672194,1.5978182397017753,0.09843755686556267,-0.6831226752503387,0.07617872669301526,0.6943700313546154
145,1791274378.7127764,0.7698277064732141,-1.6038321607940051,-0.6444557657047194,1.8921510329783489,0.11126625123140574,-0.6956034285870148,0.0695165610149542,0.7078678271968902
146,1791274378.7385252,0.8656284877232141,-1.311639777981505,-0.7546266641422193,1.7433223993787736,0.12846329338897305,-0.7148916196591106,0.05952416152273028,0.7287770382031475
147,1791274378.7585251,1.071600167410714,-0.8422159498565052,-0.8025270547672194,1.5816776848083536,0.14272306993876016,-0.730856967632416,0.050591190072631374,0.7463787579657929
148,1791274378.7680228,1.263201729910714,-1.388280402981505,-0.8504274453922194,2.0606377477927182,0.1501421650125935,-0.7388902176806439,0.0458079566118546,0.7553805612985892
149,1791274378.7880228,1.2057212611607142,-1.8720743482940052,-0.7737868203922194,2.3573655144181838,0.1671251041047172,-0.7581595891920259,0.03481005068612016,0.7771412373144307
150,1791274378.8130581,1.0620200892857141,-1.6756827467315052,-0.7210963907047194,2.1108717020291525,0.189453064177748,-0.7853237503220024,0.020301354022328112,0.8081076669115895
151,1791274378.833058,1.3637925502232142,-1.3260098951690051,-0.7689967813297194,2.051728152515806,0.20825332062531163,-0.8082717918901873,0.008214255088060559,0.8347096555710224
152,1791274378.8581405,1.4116929408482142,-1.6852628248565051,-0.8216872110172194,2.3469464460940013,0.23351558792470217,-0.8383991591183491,-0.007662959959578448,0.8703455639971495
153,1791274378.8781404,1.4021128627232142,-1.824173957669005,-0.6492458047672194,2.3906173308707364,0.2548582185145494,-0.8640826383613827,-0.020630406515151255,0.9011199316045331
154,1791274378.8870022,1.311102120535714,-1.814593879544005,-0.5869752969547194,2.314363782422048,0.26469970205459853,-0.8761741518811947,-0.026335918225503508,0.9156640526313702
155,1791274378.9070022,1.545814034598214,-1.690052863919005,-0.8121071328922194,2.4300900616429963,0.2878644686061754,-0.904626855303986,-0.03937970040680307,0.9501402319801135
156,1791274378.932359,1.5410239955357141,-1.9199747389190052,-0.8504274453922194,2.6046659656816447,0.31869871547340356,-0.9421546997730265,-0.05659824938354174,0.9962066609805822
157,1791274378.952359,1.3781626674107141,-1.8720743482940052,-0.6875661172672194,2.4241992222172994,0.3437497498604346,-0.9730026270063034,-0.07044909971918148,1.0343408907809466
158,1791274378.9774413,1.5601841517857142,-1.781063606106505,-0.6779860391422193,2.462930617324039,0.37598172281720965,-1.0127587409462164,-0.08778296265745286,1.0838580957802928
159,1791274378.9974413,1.320682198660714,-1.852914192044005,-0.8983278360172194,2.4463207831150777,0.40214877918803427,-1.045155076320921,-0.10189574792175635,1.1244801099202915
160,1791274379.0379198,1.1386607142857141,-1.972665168606505,-1.1138795938297195,2.5354849317716806,0.45463120459117656,-1.112501694807092,-0.1322833184713294,1.209069240979384
161,1791274379.0579197,1.196141183035714,-2.116366340481505,-1.0516090860172194,2.648705700275349,0.4801747615487248,-1.1469191975627162,-0.14829359777314458,1.2521910551137085
162,1791274379.0529418,1.2919419642857142,-2.140316535794005,-0.9989186563297194,2.692193788425947,0.4801747615487248,-1.1469191975627162,-0.14829359777314458,1.2521910551137085
163,1791274379.0729418,1.1721909877232142,-2.442088996731505,-1.0851393594547194,2.918108601319425,0.5054984803410844,-1.1840867105386619,-0.1656015289892982,1.2980808596173845
164,1791274379.098125,1.0955503627232142,-2.4277188795440052,-1.0468190469547194,2.8617965812448225,0.5368853027209448,-1.2330644198232,-0.18815269899451612,1.3579746425653927
165,1791274379.118125,1.0524400111607142,-2.317547981106505,-0.9318581094547194,2.710538352058374,0.5612950395009193,-1.2732448405720203,-0.2063439365781306,1.4066919938544356
166,1791274379.1427584,0.9757993861607142,-2.422928840481505,-0.8600075235172194,2.7499784632929214,0.5905972847565413,-1.3240686169848666,-0.22869920370289093,1.4677418645730431
167,1791274379.1627584,1.1242905970982142,-2.7007511061065053,-0.9366481485172193,3.0717089116613416,0.6139694543161365,-1.3668285857497025,-0.24682198029821503,1.5185848555856596
168,1791274379.172601,1.229671456473214,-2.6720108717315054,-0.7977370157047193,3.0476414381849097,0.6254840106033681,-1.38868176868541,-0.2556832805143822,1.5443578737243222
169,1791274379.192601,1.1003404017857141,-2.6528507154815055,-0.7833668985172194,2.9769161251411114,0.6488667163204946,-1.4344133958703633,-0.27335997918953325,1.5979034651766018
170,1791274379.2323673,1.272781808035714,-2.5570499342315056,-0.6731960000797194,2.9345648317158273,0.6954628962239853,-1.527241430439863,-0.30757899484832363,1.7060890553978
171,1791274379.2523673,1.267991768973214,-2.6336905592315056,-0.6348756875797193,2.991186424589548,0.7191937857674774,-1.5747112513892572,-0.3241696312260235,1.7612612459676993
172,1791274379.2625768,1.081180245535714,-2.5666300123565056,-0.7833668985172194,2.893130491588361,0.7312895794795459,-1.5992907002187116,-0.33245439251486725,1.7897041978952437
173,1791274379.2825768,1.0141196986607142,-2.6720108717315054,-0.7881569375797194,2.9646706765032262,0.7545732855557219,-1.6480760020923693,-0.3486066683766011,1.8458228412238693
174,1791274379.2922454,1.114710518973214,-2.6336905592315056,-0.5821852578922194,2.918534765494789,0.7656846279353556,-1.6719700327083598,-0.35623758304235664,1.8731422677690976
175,1791274379.3122454,1.2488316127232142,-2.6241104811065052,-0.5726051797672194,2.9619947511577616,0.7887666713308279,-1.7218688702243308,-0.3713869709899876,1.9300035104297208
176,1791274379.3528914,1.191351143973214,-2.6528507154815055,-0.8312672891422194,3.0245561282401217,0.8360787644549776,-1.8241536929115085,-0.4018365740187444,2.046469405574972
177,1791274379.3728914,0.9374790736607141,-2.7438614576690052,-0.9653883828922194,3.0560787689875544,0.8590600131370262,-1.875028782665674,-0.41726692343966504,2.104240653393169
178,1791274379.3829408,0.8991587611607141,-2.5953702467315054,-0.7785768594547193,2.8549282165178163,0.8702595220362543,-1.90078158862547,-0.4251716148204817,2.1333291319909806
179,1791274379.4029408,1.272781808035714,-2.4851993482940054,-0.8264772500797194,2.9119158601386386,0.8924630929620087,-1.9519672020285328,-0.44095117470879464,2.1911422291972467
180,1791274379.413255,1.469173409598214,-2.4564591139190055,-0.8983278360172194,2.999942463913194,0.9043172259146398,-1.9782273768193182,-0.4492024763775277,2.221025903556078
181,1791274379.433255,1.263201729910714,-2.4564591139190055,-0.8216872110172194,2.881846606180562,0.9279538542775113,-2.0288789613473894,-0.4653823528944073,2.2790412303975733
182,1791274379.4585745,1.028489815848214,-2.317547981106505,-0.6636159219547194,2.620917022323703,0.9577406780629464,-2.0924499590182353,-0.48561378668452965,2.351900250272102
183,1791274379.4785745,1.1769810267857141,-2.2456973951690054,-0.8025270547672194,2.6594155000141964,0.9810482490984158,-2.1419774436176815,-0.5013967195242313,2.4087178552864312
184,1791274379.502694,1.2584116908482141,-2.3414981764190053,-0.7258864297672194,2.7555625202047564,1.0093457576181515,-2.201044827919949,-0.5203402302001976,2.476717817616636
185,1791274379.5226939,1.119500558035714,-2.442088996731505,-0.6252956094547194,2.7582738744734385,1.032857465416678,-2.2498524782358427,-0.5357188956371638,2.532908496735251
186,1791274379.5337589,0.9470591517857141,-2.370238410794005,-0.6109254922672194,2.6245344574012193,1.0456291439099952,-2.27679855322417,-0.5439768258449907,2.5637984994172247
187,1791274379.5537589,1.038069893973214,-2.446879035794005,-0.7737868203922194,2.7683121507507895,1.0682289046405395,-2.325423461449462,-0.5587411585128724,2.6193317754697345
188,1791274379.577323,1.0907603236607142,-2.5043595045440052,-0.8600075235172194,2.8637715607531518,1.094624302560202,-2.382870463040339,-0.5764146887959071,2.684870183238879
189,1791274379.597323,1.0524400111607142,-2.5474698561065052,-0.8312672891422194,2.8789300010353007,1.1168816830633446,-2.4318925191659364,-0.5917019147499499,2.7407365934464427
190,1791274379.6227202,0.9805894252232141,-2.5330997389190055,-0.6492458047672194,2.7927889328015754,1.1447785043723893,-2.4944837119731855,-0.6110228148824677,2.8118171515373294
191,1791274379.6427202,1.162610909598214,-2.4947794264190053,-0.6971461953922193,2.839295921764791,1.1666663692816275,-2.543921679135514,-0.6259750741030008,2.867837638393549
192,1791274379.6674743,1.3637925502232142,-2.4947794264190053,-0.6779860391422193,2.9229299642310345,1.1943838574912626,-2.6051961777040242,-0.6442585754118013,2.937459622760968
193,1791274379.6874743,1.229671456473214,-2.5330997389190055,-0.6875661172672194,2.898522613986375,1.2173091935275824,-2.6548186020047653,-0.658863200906773,2.9939946893250204
194,1791274379.6986575,1.081180245535714,-2.5666300123565056,-0.5630251016422194,2.8413971226748744,1.2301435699449363,-2.682680969533236,-0.6668535466450867,3.025677451356272
195,1791274379.7186575,1.153030831473214,-2.590580207669005,-0.6348756875797193,2.905796456975956,1.2530047717608428,-2.732771128275049,-0.680796740318898,3.082457331289107
196,1791274379.743136,1.306312081473214,-2.5666300123565056,-0.7642067422672194,2.979606151735278,1.2813031337756766,-2.7943496814401905,-0.6978708769381332,3.152324796664624
197,1791274379.763136,1.2440415736607142,-2.5810001295440053,-0.7594167032047194,2.964104389998558,1.3047815381456658,-2.8448366957399585,-0.7120140957529708,3.209753068425254
198,1791274379.7874546,0.9901695033482141,-2.5378897779815053,-0.8647975625797194,2.858180364285586,1.333122520284066,-2.9063536777003924,-0.7295941641424376,3.2796973943218966
199,1791274379.8074546,1.0620200892857141,-2.6289005201690054,-0.8504274453922194,2.960106662751807,1.3560125653011847,-2.9571073019959067,-0.7444563460084033,3.337284663298052
200,1791274379.8177326,1.224881417410714,-2.5810001295440053,-0.7642067422672194,2.957348153388594,1.3677741324589505,-2.983293285123854,-0.7521930067929622,3.3669926079451304
201,1791274379.8377326,1.119500558035714,-2.5426798170440055,-0.7594167032047194,2.880141642445999,1.3907445562336382,-3.034290908261247,-0.7672750228057454,3.4248799537023076
202,1791274379.8628037,1.071600167410714,-2.6001602857940056,-0.7642067422672194,2.914304784256738,1.4193401139227706,-3.0983003987244957,-0.786210206219168,3.4974445253770443
203,1791274379.8828037,1.0955503627232142,-2.5378897779815053,-0.7210963907047194,2.856763050575485,1.4419806185557582,-3.149410364064646,-0.8012775334034686,3.5552973759033715
204,1791274379.9081838,1.1338706752232142,-2.4181388014190053,-0.7402565469547194,2.771468514410477,1.4706456771151288,-3.2139743235170544,-0.8203117076191098,3.628407496065085
205,1791274379.9281838,1.1003404017857141,-2.5378897779815053,-0.7785768594547193,2.873641496614241,1.4931972642444624,-3.264654239667286,-0.8353393226652784,3.685837375484114
206,1791274379.9379873,1.071600167410714,-2.6001602857940056,-0.7115163125797194,2.9009336244874815,1.5041903478714853,-3.2895478842562103,-0.842696200471863,3.7140073736779207
207,1791274379.9579873,1.066810128348214,-2.5857901686065055,-0.7498366250797194,2.8959712723573996,1.5264607035418343,-3.3404940495215723,-0.8576455466412147,3.7715432727227154
208,1791274379.9828253,1.033279854910714,-2.6289005201690054,-0.7163063516422193,2.914083044958081,1.5538817677779861,-3.4039877487919097,-0.8761574983792094,3.843089005490813
209,1791274380.0028253,0.9470591517857141,-2.6815909498565054,-0.6588258828922193,2.919229796247994,1.5756202176020428,-3.4554108070919183,-0.8908904278838116,3.900785647838001
210,1791274380.0278914,1.028489815848214,-2.6049503248565054,-0.6923561563297194,2.8849461942090304,1.6024923994663156,-3.5201308882677056,-0.9091257608866166,3.97313641975598
211,1791274380.0478914,1.0859702845982142,-2.6289005201690054,-0.8312672891422194,2.963351938257258,1.6238889391217015,-3.5718751503670862,-0.9237784908993975,4.030964410244783
212,1791274380.0579405,1.038069893973214,-2.6672208326690052,-0.8312672891422194,2.9803794021894183,1.6346279833436972,-3.5979660663335915,-0.9312895104304355,4.060131600164712
213,1791274380.0779405,1.0955503627232142,-2.6384805982940054,-0.5726051797672194,2.913706772606521,1.6559955592225741,-3.650062388542102,-0.9461016441255573,4.118298805748758
214,1791274380.10261,1.023699776785714,-2.5666300123565056,-0.6348756875797193,2.8352456669572916,1.6823197158351706,-3.7143139691519007,-0.9638656982558867,4.189912286909952
215,1791274380.12261,1.038069893973214,-2.5570499342315056,-0.8743776407047193,2.8949317314042586,1.7035524823154164,-3.7662755842374533,-0.9783708793216841,4.247838557893988
216,1791274380.1476772,0.9997495814732141,-2.6672208326690052,-0.8264772500797194,2.9659114688032657,1.7300040261483776,-3.831454809992717,-0.9970216698587905,4.320533775087742
217,1791274380.1676772,1.028489815848214,-2.7199112623565056,-0.5965553750797193,2.9684317226329724,1.7509852734782563,-3.8837387062036384,-1.0118047979985252,4.3787126778603405
218,1791274380.177676,1.038069893973214,-2.6001602857940056,-0.7115163125797194,2.8887156453449974,1.7614509741390272,-3.9099462873865907,-1.0190678143649783,4.40782131157992
219,1791274380.197676,0.9757993861607142,-2.5810001295440053,-0.8456374063297194,2.8859744859790175,1.7822655874914228,-3.962276220365311,-1.0337521426080105,4.465954205225935
220,1791274380.2232494,1.004539620535714,-2.6768009107940056,-0.8073170938297194,2.9708793067446075,1.808686772691136,-4.029236812402774,-1.0528825501787316,4.54033685937513
221,1791274380.2432494,0.9422691127232141,-2.710331184231505,-0.7210963907047194,2.958673049476288,1.8291704709787728,-4.081829569349372,-1.0678921103525294,4.598650976587456
222,1791274380.2679117,0.9278989955357141,-2.5857901686065055,-0.7210963907047194,2.8402970525396847,1.8540995880135578,-4.14675057661183,-1.0862919137606482,4.670466330978564
223,1791274380.2879117,1.038069893973214,-2.590580207669005,-0.7354665078922193,2.8861056635839097,1.8742324726123256,-4.1992659399504335,-1.1011599572931674,4.728544707134342
224,1791274380.2969577,1.081180245535714,-2.5810001295440053,-0.7450465860172194,2.895791223030202,1.8834105522620161,-4.2229646155275375,-1.1078805682760593,4.754793876282466
225,1791274380.3169577,0.9183189174107141,-2.6480606764190053,-0.7546266641422193,2.902584431555003,1.903657848619743,-4.275344307910034,-1.1227598898527709,4.81280291784865
226,1791274380.3423712,0.9374790736607141,-2.6768009107940056,-0.6827760782047194,2.9172441280338512,1.9290636301277508,-4.3420675799981705,-1.141570387184516,4.88651412637367
227,1791274380.3623712,1.1290806361607142,-2.6097403639190055,-0.6157155313297193,2.9094111888046736,1.94915827853679,-4.394630904143148,-1.156101119329189,4.944549380535372
228,1791274380.4024966,1.0141196986607142,-2.5043595045440052,-0.6444557657047194,2.7776930221249523,1.9898760353281169,-4.499659096167702,-1.1846731736021903,5.060631299151378
229,1791274380.4224966,0.8129380580357141,-2.5378897779815053,-0.6588258828922193,2.745141955410431,2.0098675806459707,-4.551719935687119,-1.1987332650566855,5.118074198897149
230,1791274380.4326968,0.9997495814732141,-2.5618399732940054,-0.6300856485172194,2.821264113635989,2.019920888144433,-4.578190304489984,-1.2058145197712034,5.147222116305002
231,1791274380.4526968,1.1817710658482141,-2.5474698561065052,-0.7450465860172194,2.9053880868454107,2.0399482320231384,-4.629970367709875,-1.21967899286705,5.204385769795224
232,1791274380.4627469,1.0189097377232141,-2.5857901686065055,-0.8312672891422194,2.9009469412050786,2.0501612419021265,-4.6559562939593935,-1.2267890494601044,5.233173177044018
233,1791274380.4827468,0.8799986049107141,-2.6815909498565054,-0.7498366250797194,2.920202481217366,2.070285223000701,-4.70781335406821,-1.2411875831555328,5.290570299872926
234,1791274380.5075464,0.9422691127232141,-2.6720108717315054,-0.7115163125797194,2.9212614813656432,2.094884925946004,-4.772427366567906,-1.259081469415658,5.361892573406145
235,1791274380.5275464,1.1242905970982142,-2.6384805982940054,-0.8121071328922194,2.980793050446772,2.1148477280224434,-4.8246856579177395,-1.273633066217858,5.419623030968328
236,1791274380.5526268,1.004539620535714,-2.6336905592315056,-0.8264772500797194,2.9374292256853667,2.140130874692095,-4.890305935303327,-1.2922261332545255,5.4922764570931095
237,1791274380.5726268,0.8704185267857141,-2.7821817701690055,-0.7689967813297194,3.0148830597102805,2.16008068967012,-4.942908363365444,-1.3072220638047627,5.55041630858549
238,1791274380.597393,0.9805894252232141,-2.7390714186065055,-0.7306764688297194,2.999659307186087,2.184517345910649,-5.008531364374312,-1.3257918436317286,5.622741900100531
239,1791274380.617393,1.105130440848214,-2.5810001295440053,-0.7977370157047193,2.918777022353885,2.20441969693584,-5.061556309463199,-1.340831103065112,5.681253956746892
240,1791274380.6276312,1.1674009486607142,-2.5762100904815055,-0.7163063516422193,2.9176665667337054,2.214824653291587,-5.088588694823164,-1.3485376033060916,5.711193992278747
241,1791274380.6476312,1.042859933035714,-2.5474698561065052,-0.5678151407047194,2.8106179999630103,2.2354169648264026,-5.141160166999986,-1.3632600521006706,5.769496931192054
242,1791274380.6722794,1.0189097377232141,-2.5235196607940056,-0.6540358438297194,2.798944697034069,2.260799838031332,-5.205605666290768,-1.3809412705175126,5.840937001302066
243,1791274380.6922793,1.0907603236607142,-2.5953702467315054,-0.8360573282047193,2.9367833861788983,2.281471039012645,-5.257732387945234,-1.3953712359176424,5.898806731121817
244,1791274380.7024982,1.1674009486607142,-2.5666300123565056,-0.7402565469547194,2.915200567812173,2.2921792684008087,-5.284327354059555,-1.4028463071073376,5.928421302902926
245,1791274380.7224982,1.1290806361607142,-2.470829231106505,-0.6205055703922194,2.7865475655605128,2.313438083078329,-5.3361266361676405,-1.4173228966124995,5.986238170563961
246,1791274380.7477484,1.0189097377232141,-2.5857901686065055,-0.8216872110172194,2.8982163001471277,2.3403194362542066,-5.40129027378002,-1.4355893962414232,6.059038587097847
247,1791274380.7677484,0.9039488002232141,-2.6480606764190053,-0.8264772500797194,2.9176040554401834,2.3613019000298494,-5.453013207469681,-1.4503597705355147,6.116751030400958
248,1791274380.7926512,0.9997495814732141,-2.6432706373565056,-0.7642067422672194,2.927522985886466,2.3870646882146307,-5.51763793511522,-1.4689632434939466,6.188720321640009
249,1791274380.8126512,1.0620200892857141,-2.5474698561065052,-0.8504274453922194,2.8880298090037213,2.4077443829711758,-5.569540299011931,-1.4840849080492384,6.2465606673069844
250,1791274380.8223817,1.071600167410714,-2.6528507154815055,-0.8791676797672194,2.9931387616635288,2.417853571220952,-5.594799677486034,-1.4916007184223137,6.274764698876102
251,1791274380.8423817,1.1338706752232142,-2.6384805982940054,-0.6731960000797194,2.94965005216354,2.4388232170245003,-5.646866527208284,-1.507059896044112,6.332944796085592
252,1791274380.8675036,1.1817710658482141,-2.6097403639190055,-0.6875661172672194,2.9461966643043445,2.465575153584297,-5.712345820605333,-1.5261292685736265,6.406170943438562
253,1791274380.8875036,1.076390206473214,-2.6289005201690054,-0.8791676797672194,2.9736626625566647,2.4870654017597142,-5.764513548707183,-1.5413835929047162,6.464593888740015
254,1791274380.9123561,1.109920479910714,-2.6432706373565056,-0.8983278360172194,3.004296262854194,2.513839256944951,-5.829441820718497,-1.5608088540258753,6.537423347902818
255,1791274380.932356,1.2919419642857142,-2.5187296217315054,-0.8839577188297194,2.9655512464209424,2.535756294948821,-5.881598009091643,-1.5767698337590845,6.596169967229166
256,1791274380.9579432,1.2488316127232142,-2.6145304029815053,-0.9031178750797194,3.03495824046065,2.5644658457814993,-5.948166247253942,-1.597556087102599,6.671532974556105
257,1791274380.9779432,1.1242905970982142,-2.7965518873565056,-0.8552174844547193,3.133070179730699,2.5871000688805204,-6.0005106093382325,-1.6140039146930927,6.730841178918642
258,1791274380.9874732,1.2584116908482141,-2.710331184231505,-0.6396657266422193,3.055923322618212,2.5979706172246275,-6.025647627379011,-1.6217342248982884,6.759282695190908
259,1791274381.0074732,1.382952706473214,-2.6336905592315056,-0.7354665078922193,3.064277261338785,2.6213238287510716,-6.078503723175685,-1.6375864509935474,6.819181440049567
260,1791274381.0324905,1.143450753348214,-2.7342813795440053,-1.1426198282047193,3.176374404830175,2.6508940491214044,-6.144774051355657,-1.6579649299830297,6.894514856821669
261,1791274381.0524905,0.9614292689732141,-3.0312638014190054,-1.2384206094547194,3.4127103713842706,2.674145222811018,-6.198455047787355,-1.6753842783821309,6.9554877709887135
262,1791274381.0622442,1.1003404017857141,-2.9258829420440056,-1.1426198282047193,3.328230770567542,2.6852918392128315,-6.225065401013218,-1.6843469672535676,6.985646442150589
263,1791274381.0822442,1.196141183035714,-2.8588223951690055,-1.1330397500797194,3.2996057782914976,2.7081642851189063,-6.280122325520265,-1.7033817562468136,7.048091913859109
264,1791274381.106825,1.1386607142857141,-2.8684024732940054,-0.9893385782047194,3.240844302551568,2.736363311965456,-6.348198381839543,-1.7271799970602009,7.125339122631682
265,1791274381.126825,1.1386607142857141,-2.9929434889190056,-0.7163063516422193,3.281364615449388,2.759281502597836,-6.40407122509784,-1.746197126850536,7.1885302442520045
266,1791274381.15233,1.344632393973214,-2.8157120436065055,-0.7737868203922194,3.2148120677335963,2.7888740146598274,-6.475746096899073,-1.7696612053381633,7.269443346146066
267,1791274381.17233,1.359002511160714,-2.6815909498565054,-0.9174879922672194,3.1431834282535873,2.8126540515753495,-6.531766201520456,-1.7878378583937695,7.332895521761797
268,1791274381.1981366,1.315892159598214,-2.6576407545440053,-0.7737868203922194,3.06486094290067,2.8439128817295214,-6.603542256694407,-1.8110471888124533,7.414479262559257
269,1791274381.2181365,1.311102120535714,-2.6720108717315054,-0.6444557657047194,3.045316749219145,2.868444933515962,-6.658818766029595,-1.8284635558251228,7.477374049117908
270,1791274381.2271738,1.2488316127232142,-2.6911710279815053,-0.8695876016422194,3.091628130243637,2.879602404404434,-6.683684709064786,-1.8361791093326818,7.505684846780339
271,1791274381.2471738,1.2057212611607142,-2.8588223951690055,-1.1617799844547194,3.3130593081039827,2.90427255001689,-6.738785019655711,-1.8537398864249757,7.568512017063902
272,1791274381.2726963,1.1674009486607142,-2.9115128248565054,-0.9605983438297194,3.2806220572333906,2.935575001329013,-6.809598149558129,-1.8768507925880633,7.649235023486451
273,1791274381.2926962,1.3302622767857142,-2.7917618482940054,-0.8935377969547194,3.218997007953839,2.9601714007312068,-6.865320198200379,-1.8950256853839484,7.712740012070285
274,1791274381.3179808,1.430853097098214,-2.6959610670440055,-0.9701784219547194,3.2026228049708183,2.991838544127535,-6.935605335831095,-1.9180905459431619,7.793124571760191
275,1791274381.3379807,1.1817710658482141,-2.9354630201690055,-1.0037086953922194,3.3197826947048377,3.0170487939470165,-6.991308484094467,-1.9365589697534933,7.85692295928636
276,1791274381.3474975,1.0955503627232142,-2.8636124342315052,-0.8456374063297194,3.1805045816241657,3.028870798753585,-7.017977336451195,-1.945348701138796,7.8873598738429065
277,1791274381.3674974,1.239251534598214,-2.8779825514190054,-0.7977370157047193,3.2334056779967693,3.053490985806536,-7.0742290594896025,-1.9635151106549573,7.951346777515068
278,1791274381.3930838,1.263201729910714,-2.9546231764190054,-0.9797585000797194,3.3593754543903267,3.085065660998775,-7.146591038425853,-1.9866806310166656,8.033572899578324
279,1791274381.4130838,1.2057212611607142,-2.9977335279815054,-1.0803493203922194,3.4069524091879178,3.1097477519687455,-7.203598000073714,-2.005162325297099,8.098335086814545
280,1791274381.4377606,1.191351143973214,-2.9689932936065055,-1.0468190469547194,3.3660167621082753,3.140069870556348,-7.27442788490073,-2.028482157316588,8.17875783399587
281,1791274381.4577606,1.2967320033482141,-2.9067227857940052,-0.8839577188297194,3.3033214331397085,3.1646910668457644,-7.332036549847505,-2.0474434809027486,8.244152735385502
282,1791274381.4678574,1.3302622767857142,-3.0168936842315053,-0.9031178750797194,3.418606020483139,3.177245680218917,-7.361242942344858,-2.056933328039281,8.277304058972977
283,1791274381.4878573,1.157820870535714,-3.0839542311065054,-1.0228688516422193,3.449287398212516,3.202116030212688,-7.4195690697111285,-2.0758003808744863,8.34341054200246
284,1791274381.5129454,1.119500558035714,-3.0839542311065054,-1.1809401407047193,3.4869291382145517,3.232918913663087,-7.493364526889911,-2.1000639629371336,8.426894165919007
285,1791274381.5329454,1.162610909598214,-3.1126944654815056,-1.1138795938297195,3.50446268522098,3.2572144875228055,-7.5526641938820935,-2.1199474887151593,8.493901341444154
286,1791274381.5578392,1.234461495535714,-3.0456339186065056,-1.0324489297672195,3.4446671744457644,3.287394271599757,-7.626900198227574,-2.144991241542002,8.577736015812249
287,1791274381.5778391,1.272781808035714,-2.9546231764190054,-1.0420290078922194,3.3816558220475126,3.3117649494839823,-7.686596445890114,-2.165205369113341,8.645210598535956
288,1791274381.587306,1.3398423549107141,-3.0168936842315053,-1.0228688516422193,3.4558769835786265,3.3234253288535225,-7.714854692329744,-2.1748044946006426,8.67720654530953
289,1791274381.607306,1.263201729910714,-2.9498331373565057,-0.7210963907047194,3.2889472712987233,3.348268798659399,-7.774548989699195,-2.1946578893998185,8.744772106396695
290,1791274381.632983,1.0955503627232142,-2.6241104811065052,-0.7737868203922194,2.947020946265683,3.3799222034625602,-7.850425856903648,-2.219202149779473,8.830510654417807
291,1791274381.652983,1.0141196986607142,-2.446879035794005,-0.6205055703922194,2.720419626070153,3.4040435185214943,-7.908268235110307,-2.237543638389971,8.895775418036491
292,1791274381.6770558,1.1386607142857141,-2.5522598951690054,-0.6827760782047194,2.8769362119647997,3.4326087751613157,-7.976472469289959,-2.258661821136909,8.972651184511555
293,1791274381.6970558,1.1003404017857141,-2.5762100904815055,-0.6061354532047194,2.866183458491861,3.456139716171452,-8.032330181244761,-2.275508594628561,9.035550301031014
294,1791274381.707632,0.994959542410714,-2.5857901686065055,-0.6492458047672194,2.845659045301111,3.468378692723589,-8.061532313384092,-2.2840768590650384,9.068349413977787
295,1791274381.727632,0.9518491908482141,-2.6672208326690052,-0.8073170938297194,2.9447996098769784,3.4909715127994714,-8.116350563312539,-2.300034104754475,9.129741806469386
296,1791274381.7522023,1.066810128348214,-2.8205020826690053,-1.0851393594547194,3.2048156386482405,3.5182836592672753,-8.183706327718665,-2.320184585550406,9.205141263252584
297,1791274381.7722023,0.9662193080357141,-2.9306729811065053,-1.0516090860172194,3.260108210351717,3.5402303011958214,-8.238936107704854,-2.3373316948494227,9.266953017259532
298,1791274381.797695,0.9853794642857141,-2.8923526686065055,-0.8695876016422194,3.1769260685702214,3.567739517900891,-8.309907563575258,-2.359582781390362,9.34617354241782
299,1791274381.817695,1.0907603236607142,-2.9163028639190056,-0.7402565469547194,3.200400011417939,3.5891984594679367,-8.365948405227684,-2.3768358552196123,9.40854861192927
300,1791274381.8418217,1.200931222098214,-2.8013419264190054,-0.8983278360172194,3.1775376142363183,3.6153490472931824,-8.433758168412389,-2.3974919917379602,9.484038877370446
301,1791274381.8618217,1.2200913783482141,-2.8109220045440053,-0.9749684610172193,3.215659961365259,3.6374065669470372,-8.489956054529701,-2.414856472441251,9.546811620829562
302,1791274381.8722863,1.263201729910714,-2.8444522779815054,-0.8456374063297194,3.225165111300141,3.6491656358082354,-8.519388619579471,-2.4240082075788982,9.579781212501347
303,1791274381.8922863,1.186561104910714,-2.7678116529815053,-0.7737868203922194,3.1092530687417272,3.6719430301994715,-8.57562057550092,-2.441304449177633,9.642841971408622
304,1791274381.917827,1.076390206473214,-2.6480606764190053,-0.8168971719547193,2.972904675924835,3.7010021313617907,-8.647033364182649,-2.4631261320488274,9.72294158781252
305,1791274381.9378269,1.004539620535714,-2.7055411451690055,-0.8360573282047193,3.0046704633741887,3.7234654507435914,-8.702596578044526,-2.4801302161456564,9.785214767807203
306,1791274381.962906,1.0572300502232141,-2.7247013014190054,-0.7737868203922194,3.0233224446727647,3.751286218353058,-8.772033014511159,-2.50128217015148,9.862916606886476
307,1791274381.9829059,1.143450753348214,-2.7294913404815055,-0.7019362344547194,3.0414333923886274,3.7734457384869073,-8.82728227020351,-2.517833752714666,9.924680943257744
308,1791274381.9926264,1.239251534598214,-2.6624307936065055,-0.7019362344547194,3.0194364662944415,3.7843374667797827,-8.854038022829409,-2.525695097057553,9.95461375923158
309,1791274382.0126264,1.119500558035714,-2.6049503248565054,-0.8504274453922194,2.9601139394098706,3.806923787361139,-8.908731368374514,-2.5417720944493936,10.01592575335689
310,1791274382.0371,1.004539620535714,-2.6624307936065055,-0.9174879922672194,2.9898865857963135,3.8343152675976744,-8.975288068734729,-2.561739344465379,10.09060344860933
311,1791274382.0571,1.0141196986607142,-2.7438614576690052,-0.8168971719547193,3.037192034040784,3.856370018953768,-9.029629346055467,-2.578210640379605,10.151500675092239
312,1791274382.0827806,1.0524400111607142,-2.8157120436065055,-0.6731960000797194,3.080431324364499,3.8844213835692174,-9.099646688975293,-2.5990577893163405,10.229731215506826
313,1791274382.1027806,1.1674009486607142,-2.7726016920440055,-0.5486549844547194,3.057967856212067,3.90632056080544,-9.154379173902901,-2.6146909423257862,10.290704888744939
314,1791274382.112464,1.148240792410714,-2.7151212232940054,-0.6013454141422194,3.0086469519781476,3.9170147692593287,-9.18088945421793,-2.621959858062919,10.320194250616556
315,1791274382.132464,1.0476499720982142,-2.8109220045440053,-0.6061354532047194,3.0604334933631163,3.9390831982222125,-9.235719571559159,-2.6365322797958344,10.381049798040795
316,1791274382.1578808,1.066810128348214,-2.8205020826690053,-0.7258864297672194,3.101649070608526,3.9669526135604025,-9.305682987402696,-2.654812845524557,10.458512329439204
317,1791274382.1778808,1.066810128348214,-2.8492423170440055,-0.8504274453922194,3.1590334710251113,3.9887934148759863,-9.360982414534421,-2.6694042150655304,10.51970453649675
318,1791274382.2023435,1.196141183035714,-2.8684024732940054,-0.6348756875797193,3.1719952107834377,4.015652390078511,-9.42896551133362,-2.6872994513898365,10.594924873414737
319,1791274382.2223434,1.1338706752232142,-2.7917618482940054,-0.44327412507971936,3.045667229965595,4.037812643653713,-9.484699575977142,-2.7013526987483805,10.65648926217382
320,1791274382.232895,0.9326890345982141,-2.7582315748565054,-0.6109254922672194,2.9750596990475824,4.049385515453967,-9.514084838859787,-2.708488947448911,10.688837436889148
321,1791274382.2528949,0.8799986049107141,-2.9881534498565054,-0.8025270547672194,3.216754304911627,4.070750188645464,-9.57004850474762,-2.72210669869433,10.750195363836687
322,1791274382.2779791,0.9901695033482141,-2.8588223951690055,-0.8695876016422194,3.147933247292669,4.097045064313209,-9.640710386914014,-2.7397701189712564,10.827530435338096
323,1791274382.297979,1.306312081473214,-2.8013419264190054,-0.7498366250797194,3.1806010135235083,4.118310221850182,-9.697089260996291,-2.7541700224232892,10.88942017425815
324,1791274382.3375812,1.272781808035714,-2.9737833326690053,-0.5151247110172193,3.2754716161840283,4.161761664625837,-9.80913289375456,-2.7821634611052306,11.012710011836141
325,1791274382.3575811,0.8704185267857141,-3.0216837232940055,-0.40495381257971935,3.1705186524785796,4.183628879955774,-9.866223099969528,-2.79556033198395,11.075209543540678
326,1791274382.3526073,0.7985679408482141,-2.8923526686065055,-0.6827760782047194,3.077271175687048,4.183628879955774,-9.866223099969528,-2.79556033198395,11.075209543540678
327,1791274382.3726072,1.1721909877232142,-3.0264737623565052,-0.9510182657047194,3.3820128455752316,4.204512034322171,-9.923889394347928,-2.8090771146606692,11.137882042566332
328,1791274382.397872,1.550604073660714,-3.2659757154815057,-0.9653883828922194,3.7420509212451116,4.232094676175001,-9.997732003076743,-2.827222107171771,11.218665490901067
329,1791274382.417872,1.306312081473214,-3.0312638014190054,-1.0899293985172194,3.476054887620186,4.254939685743096,-10.05686461646525,-2.8425143725343944,11.283834702851992
330,1791274382.4427648,0.7267173549107141,-2.7007511061065053,-1.0611891641422193,2.9913704373007364,4.282904042102703,-10.130125132838051,-2.8627088063461703,11.36476149995013
331,1791274382.4627647,0.8464683314732141,-2.5570499342315056,-0.9797585000797194,2.8661716139859554,4.3043614478541254,-10.188043452087749,-2.879561560199171,11.428719597329247
332,1791274382.488097,1.105130440848214,-2.4564591139190055,-1.0516090860172194,2.8916061867825444,4.331170794834876,-10.259924721913496,-2.9015650006364457,11.508439303671054
333,1791274382.508097,1.004539620535714,-2.3414981764190053,-1.0611891641422193,2.76004275356242,4.3523265586261415,-10.315359854583669,-2.9195003008503586,11.570344740289471
334,1791274382.5177758,0.8656284877232141,-2.2552774732940053,-0.9797585000797194,2.606821029296763,4.362386585174286,-10.34150001788221,-2.928359557209018,11.599669350229933
335,1791274382.5377758,0.894368722098214,-2.240907356106505,-0.8408473672672194,2.5551096815518615,4.382696079874538,-10.39415705541267,-2.9466509236004166,11.658871192645014
336,1791274382.5626204,1.0859702845982142,-2.125946418606505,-0.7642067422672194,2.506589631100956,4.407830906169952,-10.45789451173051,-2.96895552473529,11.730781211143881
337,1791274382.5826204,0.9566392299107142,-1.8720743482940052,-0.8360573282047193,2.262479356323368,4.428093357266246,-10.507503980030354,-2.986617872807603,11.787091964907756
338,1791274382.6229122,0.6931870814732141,-1.699632942044005,-0.8121071328922194,2.0071817214435104,4.467776413792725,-10.603248644854931,-3.021843484376406,11.896278659830084
339,1791274382.6429121,0.7794077845982141,-1.622992317044005,-0.8025270547672194,1.9712002002611282,4.486728451443274,-10.648629341289364,-3.0391278875142267,11.948235742645272
340,1791274382.6373727,1.004539620535714,-1.613412238919005,-0.7498366250797194,2.0431480284674963,4.486728451443274,-10.648629341289364,-3.0391278875142267,11.948235742645272
341,1791274382.6573727,1.042859933035714,-1.531981574856505,-0.9653883828922194,2.089616978169522,4.505766925819707,-10.69026139255798,-3.0561679656438425,11.99682403243684
342,1791274382.6831634,0.6740269252232141,-1.546351692044005,-1.2719508828922195,2.112670087804415,4.529956078371343,-10.741848935708305,-3.0791733772768257,12.057741468321565
343,1791274382.7031634,0.5925962611607141,-2.020565559231505,-0.5773952188297193,2.1834011877393493,4.54780033773263,-10.781203334696523,-3.097111455075962,12.10408743446259
344,1791274382.7277374,1.143450753348214,-2.279227668606505,-0.026540726642219344,2.5501103507191094,4.569636468969209,-10.830229727862216,-3.116959029260168,12.161039717346965
345,1791274382.7477374,1.272781808035714,-1.905604621731505,0.3854026327327807,2.3237550848892172,4.588366749575946,-10.870422754717485,-3.1301510157203944,12.207253813864492
346,1791274382.7578328,1.1817710658482141,-1.618202277981505,0.01656962492028066,2.0038552884403993,4.598261504133347,-10.890335755165712,-3.135506724630966,12.230078664540201
347,1791274382.7778327,1.0620200892857141,-1.824173957669005,-0.2804127969547194,2.12934934535886,4.618289367324272,-10.929031626010175,-3.144921185089365,12.274479957338109
348,1791274382.8029633,1.2584116908482141,-2.3414981764190053,-0.5390749063297193,2.7123450091150616,4.644053603305118,-10.978212072154157,-3.156520838814743,12.330936622067046
349,1791274382.8229632,1.359002511160714,-2.590580207669005,-0.6636159219547194,2.999729942774737,4.665408399717511,-11.018879176265797,-3.1661716668431437,12.377656355757296
350,1791274382.8482764,1.2919419642857142,-2.8157120436065055,-0.5869752969547194,3.1530760141214857,4.693414870554679,-11.072892997461887,-3.178928347859389,12.439561403892354
351,1791274382.8682764,1.392532784598214,-2.7726016920440055,-0.6348756875797193,3.1669440850109685,4.716250370228605,-11.117550458838553,-3.1893283481223103,12.490586898606459
352,1791274382.8779511,1.359002511160714,-2.8300821607940057,-1.0563991250797193,3.3124359576684332,4.727636383943704,-11.139978021164698,-3.194831812726973,12.51625368880134
353,1791274382.8979511,1.1769810267857141,-2.9306729811065053,-1.4443922891422194,3.4728083080606025,4.751447208293687,-11.188027576581234,-3.208253369790517,12.57143990608539
354,1791274382.9230275,1.105130440848214,-3.0504239576690053,-1.2863210000797194,3.4901319929275587,4.781115569969195,-11.2504850967812,-3.2276930937271344,12.643199109149219
355,1791274382.9430275,1.263201729910714,-2.8109220045440053,-1.0468190469547194,3.2546568548998063,4.804781074776605,-11.301618802452559,-3.2443715315619017,12.701907548368078
356,1791274382.9678578,1.349422433035714,-2.6863809889190056,-0.9797585000797194,3.1618840014908742,4.834620483724448,-11.365817210191137,-3.2657461747040855,12.77577606858853
357,1791274382.9878578,1.2871519252232142,-2.5522598951690054,-0.9270680703922194,3.005036748233652,4.859004761344516,-11.417628321003194,-3.2832404670759585,12.835569006163617
358,1791274382.9974072,1.359002511160714,-2.437298957669005,-0.6923561563297194,2.8751819214796144,4.870796281200452,-11.442229348270772,-3.2915003455247747,12.864029049872936
359,1791274383.0174072,1.3350523158482142,-2.432508918606505,-0.5773952188297193,2.8342282130906975,4.895828843856426,-11.49332926215097,-3.3081093609297545,12.923209552600445
360,1791274383.0428543,1.2488316127232142,-2.327128059231505,-0.6252956094547194,2.714056005354865,4.9278330944342805,-11.557677959377775,-3.3283674558641834,12.99774937212379
361,1791274383.0628543,1.157820870535714,-2.394188606106505,-0.7019362344547194,2.750527717929554,4.9528235451024605,-11.607748146759663,-3.343891744705194,13.055722504244308
362,1791274383.0873578,1.196141183035714,-2.379818488919005,-0.7163063516422193,2.7581487558429116,4.983174579378874,-11.6686646423472,-3.3626651047647704,13.126205850546995
363,1791274383.1073577,1.234461495535714,-2.432508918606505,-0.8168971719547193,2.8475104587355036,5.007877379283525,-11.718145690199089,-3.377989464117314,13.18349676991498
364,1791274383.1174004,1.042859933035714,-2.5618399732940054,-0.9031178750797194,2.9096739997784615,5.020136153090183,-11.743026626685179,-3.385825627148406,13.212276735220735
365,1791274383.1374004,0.9326890345982141,-2.7007511061065053,-0.9749684610172193,3.0190278025174835,5.043850828699053,-11.793038351613443,-3.401907620691683,13.26985908759071
366,1791274383.1631157,0.9901695033482141,-2.710331184231505,-0.8312672891422194,3.0028879565472395,5.0734772035070685,-11.858132430110874,-3.4229672861337743,13.344368876289922
367,1791274383.1831157,1.1242905970982142,-2.6480606764190053,-0.6923561563297194,2.9589882966865213,5.096234386058199,-11.909202604837938,-3.4391749078426272,13.402560786933783
368,1791274383.207513,1.1674009486607142,-2.5522598951690054,-0.7929469766422194,2.9164396882479973,5.124024410320142,-11.971672287237126,-3.45869823029235,13.473646757978536
369,1791274383.227513,1.1721909877232142,-2.6624307936065055,-0.8791676797672194,3.0389974089477216,5.146897763205391,-12.023022919456443,-3.474810166258139,13.532107832787709
370,1791274383.2526171,1.344632393973214,-2.7486514967315054,-0.5678151407047194,3.1121592760364956,5.176040552449465,-12.087998092686105,-3.494724745013139,13.606035231939956
371,1791274383.272617,1.545814034598214,-2.7534415357940056,-0.4193239297672194,3.1854063914470765,5.200111162168469,-12.140251179483199,-3.5096912272786804,13.665459645057288
372,1791274383.2831125,1.397322823660714,-2.8875626295440053,-0.7354665078922193,3.291115312062678,5.213164711270744,-12.167999335017207,-3.5172761170159896,13.697026151948052
373,1791274383.3031125,1.1817710658482141,-3.0647940748565055,-0.7210963907047194,3.362963808612715,5.238176859853182,-12.221872990221508,-3.5317465991209747,13.758121610329294
374,1791274383.3282397,1.234461495535714,-3.2659757154815057,-0.5678151407047194,3.537358702773685,5.269440961528081,-12.291335557518854,-3.54962871426638,13.836321832181474
375,1791274383.3482397,1.239251534598214,-3.2755557936065056,-0.8743776407047193,3.609646295912873,5.294303498463201,-12.348143285094736,-3.5638902853315875,13.899913887825017
376,1791274383.3728025,1.028489815848214,-3.3617764967315056,-1.3006911172672193,3.7484836798121046,5.324435697489771,-12.419673471675814,-3.582785185408304,13.979780195859039
377,1791274383.3928025,0.7841978236607141,-3.5150577467315056,-1.4683424844547195,3.889296445521481,5.348009276755982,-12.479494886976811,-3.6000159269660377,14.046320177639322
378,1791274383.4178734,0.9135288783482141,-3.5485880201690057,-1.2623708047672193,3.8756408498713815,5.376319533416462,-12.556517372617508,-3.623510141225287,14.131552143972126
379,1791274383.4378734,1.105130440848214,-3.4096768873565053,-1.1426198282047193,3.762019383159674,5.398544030008115,-12.619181872343754,-3.6430484906332294,14.200698260167721
380,1791274383.447865,1.0572300502232141,-3.1797550123565053,-0.9414381875797194,3.480644075273237,5.409601974697874,-12.650730006113305,-3.6529070976116174,14.235466043513012
381,1791274383.467865,1.0189097377232141,-2.9785733717315055,-0.7306764688297194,3.231712314937183,5.431530387194148,-12.713644108591906,-3.6721888960875373,14.304657988064436
382,1791274383.4924495,0.9087388392857141,-2.8013419264190054,-0.6636159219547194,3.0188920084380464,5.457996423917269,-12.790036744095957,-3.69490621168863,14.388436217740745
383,1791274383.5124495,0.9039488002232141,-2.6432706373565056,-0.8121071328922194,2.9092131394984584,5.4790164804038115,-12.85102847917097,-3.7128286146615954,14.455229188319702
384,1791274383.5222812,0.9470591517857141,-2.7199112623565056,-0.7450465860172194,2.9748836493904682,5.48916451907677,-12.88046832293535,-3.7214656296782875,14.487466920359442
385,1791274383.5422812,0.8512583705357141,-2.4756192701690054,-0.49117451570471937,2.663566028676031,5.509409016487371,-12.939166190294424,-3.7382542648086217,14.551637514705021
386,1791274383.5677595,0.8464683314732141,-2.432508918606505,-0.48638447664221934,2.621102465453375,5.534574542504669,-13.012104918195178,-3.7583015223448073,14.631172888785068
387,1791274383.5877595,0.875208565848214,-2.312757942044005,-0.47680439851721934,2.5183688702545295,5.553948304247669,-13.06788987833765,-3.7731224796879546,14.691920939255755
388,1791274383.612628,0.856048409598214,-2.216957160794005,-0.4384840860172194,2.4166063448691437,5.577653691681919,-13.135298196342081,-3.790494061889632,14.765301373300208
389,1791274383.632628,0.559065987723214,-1.9199747389190052,-0.25646260164221935,2.016092964810187,5.5959812546514796,-13.187583603224938,-3.803411614312266,14.822054763167738
390,1791274383.642693,0.47284528459821407,-1.6325723951690052,-0.47680439851721934,1.7652812022677848,5.604600137726909,-13.212631285872826,-3.809490836582354,14.849154475398214
391,1791274383.662693,0.7075571986607141,-1.4792911451690052,-0.6013454141422194,1.7465840342399508,5.620928089626198,-13.259604776480938,-3.821375905917989,14.90016326190943
392,1791274383.703226,0.7219273158482141,-1.6038321607940051,-0.49596455476721935,1.8274127855934523,5.653401153509157,-13.34989661902079,-3.8451856033692713,14.998871179705482
393,1791274383.723226,0.5542759486607141,-1.541561652981505,-0.42411396882971936,1.692189946714996,5.668934992845373,-13.392484030672518,-3.856551751309582,15.045545648977116
394,1791274383.7483897,0.49200544084821407,-1.5224014967315052,-0.48159443757971937,1.6708407684104127,5.68752237255782,-13.443811938028592,-3.8704166680513974,15.101791792623679
395,1791274383.7683897,0.36267438616071407,-1.4840811842315051,-0.43369404695471936,1.5881184458758106,5.701361597495533,-13.482997611957908,-3.881156418472633,15.144640101835064
396,1791274383.7624168,0.3914146205357141,-1.570301887356505,-0.45285420320471936,1.6805149067963367,5.701361597495533,-13.482997611957908,-3.881156418472633,15.144640101835064
397,1791274383.7824168,0.35309430803571407,-1.867284309231505,-0.43369404695471936,1.9492349289486275,5.7134386624074756,-13.520359970451558,-3.891376057199966,15.185069071236736
398,1791274383.8076067,0.35309430803571407,-1.929554817044005,-0.35705342195471934,1.9938266044153687,5.72770217545025,-13.56753216269299,-3.9038108160833342,15.235624046429324
399,1791274383.8276067,0.4488950892857141,-1.7954337232940052,-0.18461201570471936,1.8598845803621158,5.738531227424667,-13.604954909455813,-3.913015204506825,15.27537975721571
400,1791274383.8533711,0.5638560267857141,-1.546351692044005,-0.11755146882971935,1.6501380312731277,5.752345914261942,-13.652389922239111,-3.923677806388966,15.325549961894726
401,1791274383.8733711,0.22376325334821406,-1.464921027981505,-0.040910843829719344,1.4824767481867047,5.762642588548513,-13.688205533888791,-3.9309509283426154,15.363183118819306
402,1791274383.9279788,0.20460309709821406,-1.354750129544005,-0.21814228914221936,1.387370317959083,5.788293788206815,-13.78287552065904,-3.948891553174456,15.461751100548359
403,1791274383.9479787,0.30519391741071406,-1.373910285794005,-0.34268330476721937,1.4485180868740457,5.797043996747308,-13.81644036409287,-3.955317913804112,15.496589406511951
404,1791274383.9430037,0.23813337053571407,-1.6038321607940051,-0.44327412507971936,1.680915539854712,5.797043996747308,-13.81644036409287,-3.955317913804112,15.496589406511951
405,1791274383.9630036,0.12317243303571405,-1.867284309231505,-0.49117451570471937,1.9347285454657153,5.804600722237801,-13.849694251212037,-3.962364725750857,15.530864580458296
406,1791274383.9725606,0.23813337053571407,-2.284017707669005,-0.5486549844547194,2.3610308517838736,5.80792903726152,-13.86617664314124,-3.9659722767962924,15.547727502788886
407,1791274383.9925606,0.16628278459821405,-2.4995694654815055,-0.6492458047672194,2.5878596546623367,5.814456059542809,-13.902670855525423,-3.9741862292463765,15.584810309084984
408,1791274384.0175045,0.13275251116071407,-2.4851993482940054,-0.8360573282047193,2.6254201351450854,5.821934876838435,-13.950684312396252,-3.9856726389872104,15.633365116936849
409,1791274384.0375044,0.16149274553571405,-2.4947794264190053,-0.7546266641422193,2.6114106715678824,5.827473287539275,-13.990876916058388,-3.9958870030339324,15.673901707561356
410,1791274384.0781066,0.2716636439732141,-2.3319180982940053,-0.4384840860172194,2.3882862990643083,5.838349376760482,-14.074931183068784,-4.017146082907842,15.758409624853119
411,1791274384.0981066,0.5015855189732141,-2.125946418606505,-0.4576442422672194,2.231742471726922,5.844063025000051,-14.116811163088062,-4.027391366897811,15.800547815712704
412,1791274384.0926368,0.7458775111607141,-2.164266731106505,-0.6779860391422193,2.387477500271258,5.844063025000051,-14.116811163088062,-4.027391366897811,15.800547815712704
413,1791274384.1126368,0.6452866908482141,-2.0493057936065053,-0.5294948282047194,2.212784201450872,5.851868394012664,-14.15885981796076,-4.038052731382215,15.843722571003683
414,1791274384.1382399,0.3578843470982141,-1.733163215481505,-0.36663350007971934,1.8073062996561515,5.862287975660451,-14.211877466720436,-4.0513744634617765,15.89834948923439
415,1791274384.1582398,0.26687360491071405,-1.709213020169005,-0.32352314851721936,1.7599141731743015,5.870143532659945,-14.252243822682429,-4.061255095816305,15.939850439339535
416,1791274384.1677907,0.08485212053571406,-1.7954337232940052,-0.38579365632971935,1.8383739778306902,5.8735841251934335,-14.271139338507126,-4.0657738326251565,15.959164306218211
417,1791274384.1877906,0.060901925223214054,-1.709213020169005,-0.4289040078922194,1.763257451649405,5.879926845857972,-14.310029416127916,-4.075039012895899,15.998638209538683
418,1791274384.2124193,0.008211495535714052,-1.6373624342315052,-0.27562275789221935,1.6604189454350267,5.886693549506774,-14.35691798677884,-4.086038410553692,16.045870650027645
419,1791274384.2324193,0.008211495535714052,-1.464921027981505,-0.18940205476721936,1.477137158571054,5.891388919177447,-14.393936368250472,-4.094328310622785,16.082829100796214
420,1791274384.257501,-0.10195940290178596,-1.0625577467315053,-0.012170609454719344,1.0675077558096342,5.89621769335046,-14.438151367672107,-4.103544282301706,16.12652081758499
421,1791274384.2775009,-0.24087053571428596,-0.7416251295440052,0.26086161710778066,0.8222379406391656,5.898976325052119,-14.47082595238338,-4.109417703847686,16.1582808272537
422,1791274384.2873538,-0.14506975446428597,-0.5787638014190051,0.20338114835778068,0.6303781904544568,5.899846299801364,-14.485484094576297,-4.111534127907054,16.172264798118015
423,1791274384.3073537,-0.006158621651785948,-0.45901282485650513,0.12674052335778066,0.4762287919313601,5.901120495457273,-14.512331639766524,-4.114690583977214,16.19758226792953
424,1791274384.33251,0.09443219866071406,-0.047069465481505104,0.16027079679528067,0.19188460863238957,5.902649339088848,-14.541990314574857,-4.117523774046081,16.225435388896955
425,1791274384.35251,0.15670270647321405,0.3792440110809949,0.2848118124202807,0.4994992759263593,5.904059196152043,-14.561534658936395,-4.118770751195436,16.243782783452147
426,1791274384.3777096,0.17107282366071405,0.527735222018495,0.3949827108577807,0.6810152108658962,5.906188620828122,-14.580752215355446,-4.118821452646306,16.26179846601143
427,1791274384.3977096,0.18065290178571405,0.7863973313934949,0.5386838827327807,0.9701734686448982,5.908152744043669,-14.591745409787046,-4.1174551578913565,16.272023227866846
428,1791274384.4076893,0.25729352678571404,0.9157283860809949,0.6153245077327807,1.1328648135664394,5.909313598599973,-14.595134043136326,-4.116011907924892,16.275118401102187
429,1791274384.4276893,0.3483042689732141,0.9779988938934949,0.6728049764827807,1.237119329984727,5.912199454614444,-14.598065829682088,-4.111621208286157,16.277685871133638
430,1791274384.4526303,0.3578843470982141,1.1121199876434948,0.7542356405452807,1.3905982433049568,5.916579416336727,-14.597263781312282,-4.104297718184147,16.27670979192424
431,1791274384.4726303,0.41536481584821405,1.064219597018495,0.6536448202327807,1.316184953545653,5.920724709572273,-14.59345259179537,-4.09719414396646,16.273009539998178
432,1791274384.4977086,0.26687360491071405,0.9923690110809948,0.6871750936702807,1.2362149426829747,5.926426085073138,-14.585522336472788,-4.087101040260774,16.265435219596267
433,1791274384.5177085,0.22855329241071407,1.0019490892059948,0.6632248983577806,1.2231131798137849,5.931034052229998,-14.577155129774635,-4.078233566072339,16.25738618676649
434,1791274384.5273995,0.5015855189732141,0.9779988938934949,0.6632248983577806,1.2837200376648394,5.9334626090906895,-14.572269870298221,-4.073617241297769,16.252734697117194
435,1791274384.5473995,0.5111655970982141,1.006739128268495,0.7159153280452807,1.3369176103910685,5.9392419166835895,-14.560723027993788,-4.06345056095196,16.241948162216893
436,1791274384.5723622,0.3818345424107141,1.164810417330995,0.7590256796077807,1.4417700608643735,5.947045140931994,-14.544407244264516,-4.0499032010133975,16.22679401277022
437,1791274384.5923622,0.3914146205357141,1.164810417330995,0.6775950155452807,1.4032546877112981,5.953519137398186,-14.529801499749942,-4.038522297484598,16.213241011247025
438,1791274384.6476147,0.4680552455357141,1.217500847018495,0.2656516561702807,1.3311479361026193,5.9722831997893175,-14.485631610761763,-4.007888494574914,16.172966950010505
439,1791274384.6676147,0.49200544084821407,0.9827889329559949,0.021359663982780656,1.0992723392364996,5.979496574926521,-14.46874108486225,-3.9980326368461885,16.158066494343505
440,1791274384.6625073,0.6261265345982141,0.8869881517059949,0.2943918905452807,1.124921776753215,5.979496574926521,-14.46874108486225,-3.9980326368461885,16.158066494343505
441,1791274384.6825073,0.8895786830357141,0.9779988938934949,0.2752317342952807,1.3504016355631545,5.988407411030486,-14.451356238489922,-3.989654762166687,16.14373146374486
442,1791274384.6930537,0.894368722098214,0.9875789720184949,0.23691142179528066,1.3532681400290782,5.99381253783488,-14.442009187034891,-3.9854944977621694,16.136343591061742
443,1791274384.7130537,0.8081480189732141,1.174390495455995,0.09321024992028067,1.4286302555517676,6.005078920368514,-14.423699575033371,-3.978293319369616,16.12237265434629
444,1791274384.7382739,0.717137276785714,1.0306893235809949,-0.17982197664221936,1.2684408929008057,6.020039973514096,-14.39990334329155,-3.9707385083842204,16.10480865706923
445,1791274384.7582738,0.9039488002232141,0.4415145188934949,-0.41453389070471935,1.0880702414649226,6.032556298588623,-14.381654870874705,-3.9665376197926445,16.092145693158066
446,1791274384.7831392,1.023699776785714,0.17806237045599493,-0.6252956094547194,1.2127085552460153,6.049378180897001,-14.361214798037167,-3.964037386966625,16.079585170524258
447,1791274384.8031392,0.8033579799107141,-0.008749152981505104,-0.5678151407047194,0.9838061930978262,6.063619559376557,-14.346986347351434,-3.9641176907260305,16.072265816550868
448,1791274384.8131962,0.9710093470982141,-0.14766028579400511,-0.7019362344547194,1.2072187827371383,6.071044991388861,-14.341022773622562,-3.9651097533985107,16.069991189715218
449,1791274384.8331962,1.186561104910714,-0.5260733717315051,-1.0899293985172194,1.694882456657097,6.086833056116346,-14.33195273936888,-3.9694745002102483,16.068949367782363
450,1791274384.857777,1.028489815848214,-0.8901163404815052,-1.3054811563297195,1.8853061954037231,6.107410319910066,-14.325088197947242,-3.97845042558355,16.072855392976606
451,1791274384.877777,0.9183189174107141,-1.0242374342315053,-1.2671608438297195,1.8703124230702126,6.12456159422124,-14.323212266283598,-3.9885170600198427,16.080203129453807
452,1791274384.9033682,0.9326890345982141,-1.2397891920440052,-1.5258229532047194,2.1760334925031017,6.146768441105446,-14.325517383298466,-4.004826447918834,16.094776961663886
453,1791274384.9233682,0.8416782924107141,-1.541561652981505,-1.8180153360172195,2.5278477881099346,6.164181818135636,-14.33122067615586,-4.020676394894622,16.11045816319865
454,1791274384.9324152,0.49200544084821407,-1.6804727857940052,-1.0707692422672195,2.0524631318988473,6.171782188591821,-14.335599826210379,-4.028730806207041,16.119273856769848
455,1791274384.9524152,0.7937779017857141,-1.2828995436065052,-0.7498366250797194,1.6846867841412105,6.187992471808989,-14.348273599546463,-4.0465964959184095,16.14122514926875
456,1791274384.9780014,1.397322823660714,-1.254159309231505,-1.0995094766422193,2.1758556330053804,6.209824353797412,-14.366923719742093,-4.06957267262225,16.171945999528234
457,1791274384.9980013,1.3637925502232142,-1.455340949856505,-1.2336305703922195,2.345163487814827,6.228471603293543,-14.383379514442545,-4.088338254202694,16.19845592796723
458,1791274385.0374272,0.9757993861607142,-1.4361807936065052,-0.9845485391422194,1.9960299446358303,6.266634968680335,-14.419502900323307,-4.1263408865642335,16.254829031252566
459,1791274385.0574272,0.8512583705357141,-1.579881965481505,-0.8121071328922194,1.969818731141331,6.285831167336806,-14.439602988525516,-4.145422175861514,16.284911204750923
460,1791274385.0529609,0.8512583705357141,-1.704422981106505,-1.0659792032047195,2.1831193676929517,6.285831167336806,-14.439602988525516,-4.145422175861514,16.284911204750923
461,1791274385.0729609,0.6692368861607141,-1.747533332669005,-1.0420290078922194,2.141862556719308,6.304151868350782,-14.463490716597613,-4.164764974474807,16.31809308041072
462,1791274385.097538,0.5446958705357141,-1.977455207669005,-0.8552174844547193,2.2222555288339336,6.325526005385006,-14.495308370380572,-4.188466264925743,16.36060798533013
463,1791274385.117538,0.6740269252232141,-2.2121671217315053,-0.9222780313297194,2.4896972581960917,6.34213855710657,-14.523601037273048,-4.207526664625611,16.396981100219396
464,1791274385.1429763,0.717137276785714,-2.389398567044005,-0.8791676797672194,2.645079808832779,6.362753035886397,-14.562968267865802,-4.231570348289786,16.445998254258487
465,1791274385.1629763,0.6500767299107141,-2.5043595045440052,-0.6492458047672194,2.6675712544895847,6.3785801562254525,-14.596617340460405,-4.249930946204538,16.486644159462212
466,1791274385.1730368,0.7937779017857141,-2.317547981106505,-0.47680439851721934,2.4956871672025596,6.386436864866821,-14.614643127636157,-4.258631106783745,16.507886251145507
467,1791274385.1930368,0.8799986049107141,-2.3846085279815052,-0.5007545938297193,2.590658321664301,6.4022235345772565,-14.65215573680398,-4.274798688507248,16.551375705648034
468,1791274385.2181106,0.8704185267857141,-2.4899893873565055,-0.5773952188297193,2.7001964372332727,6.422338096051378,-14.701297367209483,-4.294054943029702,16.607633147226945
469,1791274385.2381105,0.9853794642857141,-2.4660391920440055,-0.48638447664221934,2.6997947782102956,6.4387594389635545,-14.742049369527543,-4.308706328546573,16.65384619095802
470,1791274385.277028,1.239251534598214,-2.355868293606505,-0.5007545938297193,2.7086186416817744,6.4724135800676255,-14.82352732167844,-4.335820954505746,16.74599782507815
471,1791274385.297028,1.1769810267857141,-2.3750284498565053,-0.5007545938297193,2.6975543809686053,6.490738747525872,-14.866214907881911,-4.349167444005059,16.794323226374967
472,1791274385.3070695,1.1817710658482141,-2.4277188795440052,-0.5294948282047194,2.7515026046264195,6.500335654243074,-14.888049394953178,-4.355639125141322,16.81903595908075
473,1791274385.3270695,1.0859702845982142,-2.284017707669005,-0.31873310945471933,2.5490506356364473,6.519984602563316,-14.93208227113097,-4.367867871258043,16.868774404510095
474,1791274385.3372936,0.9997495814732141,-2.044515754544005,-0.007380570392219343,2.2758731003845147,6.530121904768354,-14.954534802422488,-4.373431631613273,16.894008034933464
475,1791274385.3572936,1.109920479910714,-1.7571134107940052,-0.08881123445471935,2.0802063468518557,6.550142062297039,-14.997569868671784,-4.382826982797543,16.94227361846995
476,1791274385.3820844,1.0572300502232141,-1.464921027981505,-0.42411396882971936,1.855694386442408,6.575264868589994,-15.048902731038176,-4.39367968994034,17.000235372434005
477,1791274385.4020844,0.8081480189732141,-1.4745011061065052,-0.46243428132971937,1.7438756254471166,6.595290611130626,-15.0885127853912,-4.402451631288501,17.045311868253286
478,1791274385.427575,1.0859702845982142,-1.498451301419005,-0.49117451570471937,1.9146645049805469,6.620606855619277,-15.137108380606547,-4.413777903376444,17.10105027895176
479,1791274385.447575,1.2105113002232142,-1.704422981106505,-0.21814228914221936,2.1018994659127466,6.640935172230902,-15.174321462423327,-4.4223954552497675,17.144084500764354
480,1791274385.457649,1.071600167410714,-2.020565559231505,0.15069071867028067,2.292099428611368,6.651362793685575,-15.193068301945358,-4.4261359465014865,17.165681776664574
481,1791274385.477649,0.8608384486607141,-1.8337540357940052,0.05488993742028066,2.026501814386898,6.67185834694354,-15.23048558329646,-4.432139757710248,17.208290087529246
482,1791274385.502627,0.8177280970982141,-1.929554817044005,-0.37621357820471935,2.1291777025854817,6.696760195001585,-15.277256346863556,-4.439115129617087,17.261138483053074
483,1791274385.5226269,1.148240792410714,-2.2121671217315053,-0.5965553750797193,2.562814587004363,6.716657353057203,-15.315301123834539,-4.445321722505078,17.3041272455065
484,1791274385.562087,1.3781626674107141,-2.2648575514190052,-0.7306764688297194,2.7500545754885986,6.757502993423138,-15.392354288180162,-4.459658507870282,17.391865088189956
485,1791274385.582087,1.3637925502232142,-2.193006965481505,-0.8456374063297194,2.717409114152448,6.779212780361704,-15.432236630954518,-4.468199458776817,17.43778827026545
486,1791274385.5776691,1.2440415736607142,-2.183426887356505,-1.0228688516422193,2.713162932278011,6.779212780361704,-15.432236630954518,-4.468199458776817,17.43778827026545
487,1791274385.5976691,1.153030831473214,-2.202587043606505,-1.1905202188297195,2.7564847495376092,6.8018186919404755,-15.473210586072103,-4.48007271945315,17.485881016710394
488,1791274385.622827,1.354212472098214,-2.2456973951690054,-1.1042995157047193,2.8454394442055673,6.8307200045903835,-15.525413692334388,-4.4970977321819285,17.547680590665856
489,1791274385.642827,1.4883335658482142,-2.403768684231505,-0.9462282266422194,2.981373600778172,6.85451332286008,-15.567663124625444,-4.5116778440719765,17.59806026310227
490,1791274385.6669788,1.4595933314732141,-2.389398567044005,-0.8695876016422194,2.931863025859647,6.884275866484448,-15.619712434840151,-4.529932779177585,17.66037830106784
491,1791274385.6869788,1.320682198660714,-2.432508918606505,-0.7929469766422194,2.8792474740330194,6.909395551461887,-15.66358178641832,-4.545275872480446,17.712906989631318
492,1791274385.6975968,1.4069029017857142,-2.437298957669005,-0.6827760782047194,2.895856549809762,6.922903272950618,-15.687256516016388,-4.553374850338048,17.741190187065243
493,1791274385.7175968,1.426063058035714,-2.322338020169005,-0.6109254922672194,2.792873015824137,6.948779357920463,-15.732300570310539,-4.568282330854965,17.79494364290195
494,1791274385.7420998,1.311102120535714,-2.355868293606505,-0.5869752969547194,2.759283274063892,6.980756303554402,-15.787805719699293,-4.586008067348462,17.861053664506173
495,1791274385.7620997,1.2919419642857142,-2.403768684231505,-0.5773952188297193,2.7893732566836427,7.006846219623126,-15.833454204946529,-4.600052598179654,17.915207224913843
496,1791274385.7872283,1.4116929408482142,-2.413348762356505,-0.5821852578922194,2.8558832053351524,7.039804772371193,-15.891283821982206,-4.617237086461831,17.983621188639738
497,1791274385.8072283,1.4212730189732141,-2.5762100904815055,-0.6205055703922194,3.006975654648327,7.066351312834591,-15.937891002602068,-4.630666758207178,18.038646432390323
498,1791274385.8177233,1.081180245535714,-2.7294913404815055,-0.6157155313297193,2.9996965374218827,7.080161751021612,-15.96285569795035,-4.637629926788887,18.067901477262467
499,1791274385.8377233,0.9374790736607141,-2.7965518873565056,-0.44327412507971936,2.9826265978486437,7.105560237466926,-16.01158320575798,-4.650497527996149,18.124207853064373
500,1791274385.8627622,1.191351143973214,-2.8061319654815056,-0.6252956094547194,3.1120232574880817,7.13658598402576,-16.073958312539762,-4.666197362617304,18.19550475165654
501,1791274385.8827622,1.157820870535714,-3.0216837232940055,-0.7785768594547193,3.32825834603421,7.161174401082709,-16.125049067227053,-4.678962436296879,18.25355624812545
502,1791274385.9078364,1.2153013392857142,-3.0839542311065054,-0.8600075235172194,3.4245209862600623,7.191840022592193,-16.190976324233294,-4.6956470881300545,18.32810352487966
503,1791274385.9278364,0.9901695033482141,-2.9546231764190054,-0.9031178750797194,3.2443575105530047,7.215939084956799,-16.244731932935697,-4.709603732535149,18.38862310691741
504,1791274385.937395,0.8512583705357141,-2.8827725904815056,-0.7833668985172194,3.1062328179856475,7.227049310154608,-16.27075467041663,-4.716482580542646,18.417733498149357
505,1791274385.957395,1.0524400111607142,-2.8109220045440053,-0.6731960000797194,3.076053534521951,7.249664245862464,-16.325576303956666,-4.730901364425273,18.47873104555529
506,1791274385.9827588,0.8177280970982141,-2.7390714186065055,-0.5773952188297193,2.916260742069944,7.277599763777047,-16.395229320498746,-4.748823171890905,18.55581645499215
507,1791274386.0027587,0.717137276785714,-2.5522598951690054,-0.4001637735172194,2.681128026014288,7.298625812755184,-16.449851174998862,-4.762301582619687,18.615774461409057
508,1791274386.0271502,0.7841978236607141,-2.4612491529815053,-0.2804127969547194,2.5983350354375676,7.323168648997951,-16.51564565002421,-4.777518805608369,18.687429899180138
509,1791274386.0471501,0.7650376674107141,-2.4947794264190053,-0.47680439851721934,2.652649515764594,7.3425980208326065,-16.56893619362028,-4.789260516369729,18.745143599808806
510,1791274386.0726287,0.6309165736607141,-2.236117317044005,-0.5773952188297193,2.3940888908374465,7.36630447494295,-16.63568165827112,-4.80398939406613,18.817190543521704
511,1791274386.0926287,0.2812437220982141,-2.078046027981505,-0.47201435945471937,2.1494582762084073,7.383490275192249,-16.686687202460813,-4.815390996187725,18.8719222360308
512,1791274386.1028657,0.013001534598214053,-1.852914192044005,-0.33789326570471934,1.883515835343201,7.3911932493990955,-16.711896373362343,-4.8209733395770495,18.898650798003462
513,1791274386.1228657,0.3483042689732141,-1.551141731106505,-0.3810036172672194,1.6347844781914698,7.404527110612223,-16.758865927555323,-4.831321972643254,18.948041611546866
514,1791274386.1474278,0.7889878627232141,-1.7619034498565052,-0.6109254922672194,2.024854456804919,7.420541282823026,-16.81400018391833,-4.843952109913515,19.006285990640624
515,1791274386.1674278,0.836888253348214,-1.666102668606505,-0.39537373445471935,1.9059382048814208,7.434063855482824,-16.857301819673932,-4.854203153112944,19.052485882389988
516,1791274386.1922805,0.4201548549107141,-1.1823087232940053,-0.0025905313297193435,1.2547472773968127,7.450690051760036,-16.908348183965728,-4.865772533759263,19.107086719536788
517,1791274386.2122805,0.04653180803571406,-0.5308634107940051,-0.16066182039221935,0.5565908646489438,7.462762868268107,-16.94583509261076,-4.873931194719876,19.14704577486624
518,1791274386.2223244,0.44410505022321406,-0.3584220045440051,-0.4289040078922194,0.7139007472759188,7.468285915841059,-16.962506810023232,-4.87785795064682,19.16495316945812
519,1791274386.2423244,0.7794077845982141,-0.4446427076690051,-0.15108174226721935,0.9099501772196206,7.47946935466782,-16.991929535262038,-4.885374256700613,19.197265763299693
520,1791274386.2669578,0.7075571986607141,-0.5260733717315051,-0.10797139070471935,0.8882838527364226,7.493924705715376,-17.024526202291526,-4.8937218361121495,19.233874110971062
521,1791274386.2869577,0.5111655970982141,-0.14766028579400511,-0.32352314851721936,0.6227046292457089,7.505728701263555,-17.048032382619976,-4.900129900857138,19.26090975268575
522,1791274386.3119648,0.44410505022321406,0.1062117845184949,-0.40495381257971935,0.6103260023358149,7.520065609617157,-17.073092463359366,-4.908306662403727,19.29075808068625
523,1791274386.3319647,0.30519391741071406,0.3026033860809949,-0.33310322664221936,0.5437553641957376,7.530935912694075,-17.089515303264314,-4.914972380924634,19.31122685193415
524,1791274386.3425088,0.38662458147321405,0.31697350326849494,-0.36184346101721937,0.6171559438703969,7.536354239309273,-17.09638479206908,-4.9185090100793945,19.320319331239794
525,1791274386.3625088,0.8656284877232141,0.0678914720184949,-0.4193239297672194,0.9642377760730185,7.546968478839649,-17.106883037207474,-4.925382797861213,19.33550041180117
526,1791274386.3878894,1.071600167410714,-0.0422794264190051,-0.47201435945471937,1.1717132858444677,7.562105418622138,-17.11815849922277,-4.934494098048035,19.353708191727446
527,1791274386.4078894,0.635706612723214,-0.1907706373565051,-0.5151247110172193,0.8401605807451356,7.574805128590466,-17.126060400770545,-4.942077572148942,19.367595315787113
528,1791274386.4329638,0.40578473772321405,-0.0422794264190051,-0.5103346719547194,0.6533684111330672,7.590297398266744,-17.134919463256082,-4.952087491160422,19.38404627848671
529,1791274386.4529638,0.578226143973214,0.0247811204559949,-0.5390749063297193,0.7909243529817389,7.6022768538392,-17.1409519731062,-4.960448123530959,19.396208224624583
530,1791274386.4775882,0.7219273158482141,-0.018329231106505105,-0.5917653360172194,0.93364941117763,7.617214939970767,-17.147253294958343,-4.971286289654122,19.410408197069856
531,1791274386.4975882,0.5446958705357141,-0.1764005201690051,-0.5965553750797193,0.8268549149827069,7.6294277236698935,-17.15189565152233,-4.980551145842538,19.421678134182095
532,1791274386.5071516,0.654866768973214,-0.1907706373565051,-0.6492458047672194,0.9416814940257976,7.635251967510829,-17.1540458793155,-4.98521037883278,19.427060641236004
533,1791274386.5271516,0.7794077845982141,-0.3536319654815051,-0.6348756875797193,1.0656449692005447,7.6477565544188435,-17.15868472783785,-4.995418812819972,19.4386946840694
534,1791274386.55209,0.7027671595982141,-0.1811905592315051,-0.39537373445471935,0.8264575544219064,7.663782148639533,-17.164601672870027,-5.008165488348895,19.45350428505845
535,1791274386.57209,0.7075571986607141,-0.08538977798150511,-0.22772236726721937,0.7481885324663258,7.676821968452099,-17.1690350091206,-5.017789291926256,19.46503449927298
536,1791274386.5829673,0.6644468470982141,0.019991081393494897,-0.37142353914221937,0.7614753452233175,7.68396941457826,-17.17113784281906,-5.0227270524995085,19.470982199806393
537,1791274386.6029673,0.6117564174107141,0.3026033860809949,-0.31394307039221936,0.751248943399037,7.697054290954054,-17.173940420278992,-5.031472209820179,19.480877467798507
538,1791274386.6269796,0.6213364955357141,0.41277428451849496,-0.34268330476721937,0.8208979827058541,7.712628440120714,-17.175512179100142,-5.041579394989064,19.491033293947105
539,1791274386.6469796,0.49200544084821407,0.1972225267059949,-0.5103346719547194,0.735804020282353,7.725324466578798,-17.17570994131055,-5.050014494727993,19.49841779475755
540,1791274386.6870172,0.45368512834821406,0.16369225326849493,-0.5247047891422194,0.7126994213644582,7.749767778494836,-17.174962690696553,-5.067475708407205,19.51198488372499
541,1791274386.7070172,0.535115792410714,0.48462487045599495,-0.17503193757971935,0.7428636183881582,7.7616296119032775,-17.173672933229792,-5.07593934611204,19.5177636140858
542,1791274386.7174249,0.7267173549107141,0.7768172532684949,-0.19419209382971936,1.0813296112703121,7.767861379379201,-17.17211778652998,-5.079971249911576,19.519923349840248
543,1791274386.7374249,0.4393150111607141,0.8917781907684948,-0.6300856485172194,1.1769766119294103,7.779789436626412,-17.16707470880722,-5.087793403778797,19.522274955945772
544,1791274386.7476265,0.21418317522321406,0.7049666673309949,-0.7737868203922194,1.0684561188973407,7.785461121486381,-17.163666457243906,-5.09225901405021,19.52270352681388
545,1791274386.7676265,0.26687360491071405,1.0690096360809949,-0.37142353914221937,1.1627375320600057,7.795633936722563,-17.155326023919248,-5.101418269811184,19.52182337349421
546,1791274386.7923968,0.4393150111607141,1.825835807955995,-0.050490921954719346,1.8786227428212663,7.8076551718677365,-17.141167785220716,-5.111844377494853,19.516917411917465
547,1791274386.8123968,0.4872154017857141,2.031807487643495,0.28002177335778067,2.1080874526773843,7.817295214796697,-17.12566443829745,-5.118655584258276,19.508949790255436
548,1791274386.8377748,0.559065987723214,2.285679557955995,0.5338938436702807,2.4128672687480908,7.82968407183678,-17.100725376999407,-5.124452751642458,19.493557322565373
549,1791274386.8577747,0.6117564174107141,2.443750847018495,0.7015452108577807,2.6150200380540665,7.839739242285194,-17.076925279272032,-5.126482950292507,19.477261507216728
550,1791274386.8678305,0.6740269252232141,2.4677010423309946,0.9027268514827808,2.712706489584775,7.845006247910548,-17.063049669793156,-5.126140682903752,19.46712884234614
551,1791274386.8878305,0.6213364955357141,2.5682918626434947,1.2140793905452807,2.9079496039223574,7.855853524036062,-17.032038021844794,-5.122386850164691,19.443343354768405
552,1791274386.9123254,0.7794077845982141,2.750313347018495,1.3769407186702807,3.172958515993016,7.869719234054528,-16.989982955051016,-5.113718978169219,19.409846043270406
553,1791274386.9323254,1.0141196986607142,2.6640926438934946,1.3434104452327806,3.1512822791396626,7.882032626968396,-16.952674222992087,-5.103622763672148,19.379539905719312
554,1791274386.9574425,1.076390206473214,2.6209822923309947,1.3194602499202808,3.1255622541270514,7.89911500617969,-16.90289193257017,-5.087828972909838,19.338815300389516
555,1791274386.9774425,0.7602476283482141,2.625772331393495,1.5541721639827808,3.1445361991905316,7.913431784271983,-16.86132778511017,-5.072828856527171,19.304413223117376
556,1791274386.9879851,0.8512583705357141,2.5012313157684947,1.3865207967952806,2.983829557520659,7.9211208055938185,-16.838650551505612,-5.063782672522576,19.28538830739665
557,1791274387.007985,1.0859702845982142,2.256939323580995,1.0560081014827807,2.71813533139059,7.936425186166064,-16.794946282397326,-5.045531918633446,19.248752107764588
558,1791274387.0470865,0.8225181361607141,1.959956901705995,0.8500364217952807,2.2892201858355135,7.967454988158042,-16.70995163468833,-5.009612972512279,19.178087619893464
559,1791274387.0670865,0.6644468470982141,1.476162956393495,0.5578440389827807,1.7122314850147347,7.9831761688851275,-16.66784458782608,-4.991884779700651,19.143329349963807
560,1791274387.0777593,1.0093296595982142,1.1983406907684948,0.01656962492028066,1.5668571489980059,7.991647006185283,-16.64660421729642,-4.983383568852072,19.12615919710714
561,1791274387.0977592,0.697977120535714,0.8726180345184948,-0.34747334382971934,1.1702017004048721,8.007700579999316,-16.609665451914935,-4.970338927927647,19.09734337707554
562,1791274387.107989,0.2908238002232141,0.594795768893495,-0.46243428132971937,0.807592690667028,8.015438805076943,-16.59247980399614,-4.965288926295373,19.084332301800465
563,1791274387.127989,0.3674644252232141,0.532525261080995,-0.8408473672672194,1.0609606743580193,8.029285663525714,-16.562229615260634,-4.958851725073295,19.06219002440114
564,1791274387.1525486,0.3578843470982141,0.17327233139349493,-1.1282497110172194,1.196265822104306,8.045074797757369,-16.52935503116561,-4.9557597080703095,19.039494755165215
565,1791274387.1725485,0.14233258928571407,0.22117272201849492,-0.9510182657047194,0.9867176296397356,8.056754296478347,-16.506007711716144,-4.956738325558543,19.024427329123892
566,1791274387.1981177,-0.05884905133928595,0.40319420639349496,-0.7258864297672194,0.8324301098789102,8.069606410532119,-16.47943902284943,-4.9610175648414145,19.007949742341456
567,1791274387.2181177,0.24771344866071407,0.508575065768495,-0.9558083047672193,1.1106664961322994,8.078434586093207,-16.46040686486871,-4.966385207120502,18.996607106120535
568,1791274387.227678,0.4488950892857141,0.5373153001434949,-1.0372389688297194,1.2514308656142628,8.082521093719464,-16.451923880769833,-4.969995228032184,18.991940374162073
569,1791274387.247678,0.2908238002232141,0.6235360032684949,-0.7354665078922193,1.0071179744098981,8.090897202877288,-16.43509836238945,-4.9790735381084525,18.983315016793977
570,1791274387.272437,0.16628278459821405,0.41277428451849496,-0.7258864297672194,0.8514362473689335,8.100559868756237,-16.415469174159046,-4.991339916731848,18.97367050835
571,1791274387.292437,0.5207456752232141,-0.1811905592315051,-0.9318581094547194,1.082758335536989,8.108224959669531,-16.40164406751573,-5.002248833417968,18.96786054107087
572,1791274387.3171072,0.8320982142857141,-0.6601944654815052,-0.8264772500797194,1.345848734207979,8.118764775935338,-16.388705482584268,-5.016940004621998,18.965065143358526
573,1791274387.3371072,0.7458775111607141,-0.8901163404815052,-0.6300856485172194,1.3212298383380738,8.128394639765204,-16.38211507190912,-5.029248414637371,18.96675600267922
574,1791274387.346941,0.8081480189732141,-0.8709561842315052,-1.1186696328922194,1.631897558971349,8.133565470092428,-16.38065954685395,-5.0356823298901405,18.969422526101976
575,1791274387.366941,0.8799986049107141,-1.349960090481505,-1.0228688516422193,1.9086776779219452,8.145036644891746,-16.381474711703838,-5.050017121646978,18.9788568835362
576,1791274387.3929052,1.033279854910714,-1.570301887356505,-0.9318581094547194,2.098064539559313,8.161420645493541,-16.388060914646417,-5.0696417857968425,18.996804871639522
577,1791274387.4129052,1.1242905970982142,-1.4457608717315051,-0.9366481485172193,2.057076468941793,8.175384349587484,-16.396897291545475,-5.0852937040537745,19.014609175827417
578,1791274387.4377337,0.9326890345982141,-1.4745011061065052,-0.42411396882971936,1.795531956197258,8.193949350842683,-16.41165943484264,-5.1043436755540865,19.04042267723077
579,1791274387.4577336,0.8847886439732141,-1.426600715481505,-0.0025905313297193435,1.6787040408508198,8.20938698749775,-16.426118696205428,-5.118027212679572,19.06320048370828
580,1791274387.4833646,1.267991768973214,-1.852914192044005,-0.5773952188297193,2.318292338767768,8.230341794790082,-16.448173688934833,-5.134047833782041,19.09553327142237
581,1791274387.5033646,1.272781808035714,-2.140316535794005,-1.1953102578922195,2.7621902571840113,8.248051436413142,-16.468791723168263,-5.1473327261606405,19.124499666987806
582,1791274387.511915,1.2584116908482141,-2.4181388014190053,-0.9605983438297194,2.890284488551258,8.256110193592146,-16.479207411951066,-5.153542899440326,19.138616378181858
583,1791274387.531915,1.277571847098214,-2.4995694654815055,-1.0468190469547194,2.9959752092319833,8.275936649977284,-16.507292522062393,-5.168901138244158,19.175488854793663
584,1791274387.5579817,1.2488316127232142,-2.5666300123565056,-1.3438014688297195,3.1548331817855173,8.302840316018667,-16.548310771347104,-5.190589280837898,19.228259509917606
585,1791274387.5779817,1.109920479910714,-2.7534415357940056,-1.3390114297672193,3.256733850318158,8.323924216860988,-16.583041761288417,-5.208757862134554,19.272159891694262
586,1791274387.6030529,0.8799986049107141,-2.5426798170440055,-0.8216872110172194,2.813323314053505,8.350131348837918,-16.630006973484946,-5.232179772214721,19.330223243661116
587,1791274387.6230528,0.9374790736607141,-2.394188606106505,-0.7306764688297194,2.672993489940338,8.370627825527965,-16.66925795757515,-5.250390003640383,19.377775059072505
588,1791274387.6333232,1.004539620535714,-2.4564591139190055,-0.8791676797672194,2.7957516049765685,8.381070236737035,-16.690126984281058,-5.259578623954099,19.40272775581055
589,1791274387.6533232,0.9997495814732141,-2.250487434231505,-0.5534450235172194,2.523983817568121,8.401361443555182,-16.73173080332008,-5.276936982496694,19.45198585484955
590,1791274387.6774561,0.9518491908482141,-2.010985481106505,-0.45285420320471936,2.2704969536865143,8.425705502098337,-16.782114995554775,-5.296561992913999,19.511162596752037
591,1791274387.6974561,0.8656284877232141,-1.8768643873565052,-0.5869752969547194,2.1485978233536795,8.445580399004076,-16.82343889683693,-5.3119461800142505,19.559465657604648
592,1791274387.7225494,0.7889878627232141,-1.891234504544005,-0.4193239297672194,2.09167453414191,8.469890306450498,-16.87460103099787,-5.330246761653127,19.61893810324025
593,1791274387.7425494,0.7410874720982141,-1.7140030592315052,-0.22293232820471937,1.8806158436306595,8.48865466411325,-16.914669722367968,-5.343608250591738,19.665133077585704
594,1791274387.75199,0.836888253348214,-1.6469425123565051,-0.06007100007971935,1.8483533516754742,8.497300743287774,-16.933126137367783,-5.349169640502231,19.686251460061097
595,1791274387.77199,0.9087388392857141,-1.4792911451690052,-0.15108174226721935,1.7426801952877848,8.515488346972152,-16.971050314413937,-5.359500873971291,19.729529649231047
596,1791274387.7981153,0.9326890345982141,-1.5271915357940051,-0.31873310945471933,1.8176395729966035,8.539290513199454,-17.01904922333541,-5.3718924174198985,19.78445720962456
597,1791274387.8181152,0.8033579799107141,-1.694842902981505,-0.2804127969547194,1.8964461095346126,8.55738294319989,-17.055115750062807,-5.380854464968505,19.82572497685218
598,1791274387.8443108,0.836888253348214,-1.6421524732940052,-0.22772236726721937,1.8571225513389333,8.58074797660314,-17.101825084402154,-5.391830325485174,19.878971082887748
599,1791274387.8643107,0.9614292689732141,-1.464921027981505,-0.3905836953922194,1.7952424573207377,8.598608542942397,-17.136798420817087,-5.399880734765061,19.918951803249282
600,1791274387.8728707,1.042859933035714,-1.503241340481505,-0.6396657266422193,1.9381598513808413,8.606392924319225,-17.151427194277954,-5.403470872360192,19.935870972617032
601,1791274387.8928707,0.856048409598214,-1.6421524732940052,-0.5103346719547194,1.9209177760956822,8.624701009592355,-17.185197919469584,-5.412325858778094,19.975228815655733
602,1791274387.9178452,0.9901695033482141,-1.5559317701690052,-0.2612526407047194,1.8626895235270133,8.647591732557167,-17.227033183447144,-5.423169981494454,20.024042741783255
603,1791274387.9378452,1.239251534598214,-1.575091926419005,-0.47680439851721934,2.0600974193274766,8.666517378128837,-17.260206616985766,-5.431658566569864,20.063054869840737
604,1791274387.9629664,1.119500558035714,-1.742743293606505,-0.7402565469547194,2.1996398437385265,8.69116749482971,-17.301875420327175,-5.443014479341051,20.112625191804835
605,1791274387.9829664,1.0524400111607142,-1.9582950514190052,-0.8168971719547193,2.368516513569569,8.71110658755207,-17.33562501415325,-5.453034961634482,20.152986451239354
606,1791274387.992514,1.2057212611607142,-1.9918253248565052,-0.7067262735172194,2.4332270568186276,8.720814212134522,-17.35214804232804,-5.458191958576221,20.172791122254313
607,1791274388.0125139,1.3781626674107141,-1.8337540357940052,-0.6779860391422193,2.391997339234969,8.741975181699441,-17.387306886112484,-5.469451441561718,20.21522866308727
608,1791274388.0380256,1.3685825892857142,-1.7954337232940052,-0.5055446328922194,2.313477022640055,8.770174533235476,-17.43237188190681,-5.483924081247185,20.27010049559178
609,1791274388.0580256,1.382952706473214,-1.627782356106505,-0.2995729532047194,2.156844347996635,8.793092729616092,-17.467536175743202,-5.494775733099369,20.313194238218234
610,1791274388.0820932,1.4404331752232142,-1.536771613919005,-0.13192158601721934,2.1104307689398754,8.82163161320471,-17.509217128010032,-5.506654503110576,20.36460440498466
611,1791274388.1020932,1.354212472098214,-1.426600715481505,-0.15587178132971935,1.9731642185113731,8.845981788129023,-17.54310318702568,-5.515476666225946,20.406674057332904
612,1791274388.1424997,1.239251534598214,-1.3978604811065052,-0.19898213289221936,1.878657014958738,8.895657222966049,-17.609854404282288,-5.531702138375753,20.489983360565212
613,1791274388.1624997,1.224881417410714,-1.330799934231505,-0.16545185945471935,1.816242624063669,8.920253083706964,-17.64203125323201,-5.539075240002956,20.530307750538284
614,1791274388.1580427,1.263201729910714,-1.373910285794005,-0.25646260164221935,1.8839005148630013,8.920253083706964,-17.64203125323201,-5.539075240002956,20.530307750538284
615,1791274388.1780427,1.0093296595982142,-1.579881965481505,-0.5342848672672194,1.9494188123615461,8.944604689913144,-17.673158212991442,-5.546126366425678,20.569540392352113
616,1791274388.202118,0.7889878627232141,-1.7666934889190051,-0.6492458047672194,2.040888984320604,8.972768375325366,-17.71105004428525,-5.555478115053796,20.616866955850913
617,1791274388.222118,0.8704185267857141,-1.7187930982940052,-0.41453389070471935,1.97071471122984,8.995144370674117,-17.743034377241376,-5.563677222083419,20.656291908103192
618,1791274388.247697,1.042859933035714,-1.5224014967315052,-0.4576442422672194,1.9012368105162278,9.023140221788386,-17.78402315045402,-5.574263838272946,20.70654380181824
619,1791274388.267697,1.0141196986607142,-1.469711067044005,-0.5917653360172194,1.8811367830955033,9.044831772642722,-17.815752514747807,-5.582873832027111,20.745565783715882
620,1791274388.278073,0.9039488002232141,-1.5607218092315052,-0.4480641641422194,1.8584233894417916,9.055889937788272,-17.832102789089852,-5.5874798556066,20.765667906012812
621,1791274388.298073,1.105130440848214,-1.546351692044005,-0.28520283601721935,1.9219410772573102,9.077021234271957,-17.863551658831767,-5.596126256893615,20.804216434133473
622,1791274388.3227344,1.277571847098214,-1.4361807936065052,-0.2995729532047194,1.9453917473645124,9.103576121136268,-17.902029904383216,-5.606270205012167,20.851571607491856
623,1791274388.3427343,1.2584116908482141,-1.3595401686065052,-0.46243428132971937,1.9093964801127608,9.125685397044817,-17.9327480155084,-5.614405828123985,20.889785498095236
624,1791274388.3677137,1.071600167410714,-1.3212198561065052,-0.4576442422672194,1.7616432895013399,9.153522288345771,-17.970381358362197,-5.624766519375052,20.937038349434644
625,1791274388.3877137,1.109920479910714,-1.4026505201690052,-0.47680439851721934,1.851133271242505,9.175739280326127,-18.000078961089905,-5.633219277696608,20.97451294730354
626,1791274388.3978002,1.162610909598214,-1.5559317701690052,-0.5486549844547194,2.0183186300743126,9.18698236838883,-18.015047814752734,-5.637618540975857,20.993459353295474
627,1791274388.4178002,1.1290806361607142,-1.828963996731505,-0.6157155313297193,2.2358528573709413,9.209369153893357,-18.04535386035446,-5.64677967243761,21.03172358194037
628,1791274388.4422581,1.0141196986607142,-1.9966153639190052,-0.7115163125797194,2.3497163951669062,9.236570759450645,-18.083873307735562,-5.658736931286965,21.07989603537172
629,1791274388.462258,1.1338706752232142,-2.183426887356505,-0.6013454141422194,2.532712377604757,9.258699772286674,-18.116917092113297,-5.669017358467259,21.12069989859359
630,1791274388.4876251,1.200931222098214,-2.4516690748565053,-0.5055446328922194,2.776417192833993,9.286999071487372,-18.161359971135283,-5.682206569076024,21.174768457969336
631,1791274388.507625,1.263201729910714,-2.6768009107940056,-0.6396657266422193,3.028219603713997,9.309660348744563,-18.198836544706186,-5.6927632750789146,21.21968381234761
632,1791274388.5176423,1.2967320033482141,-2.7678116529815053,-0.6875661172672194,3.1328968065516625,9.32123116865744,-18.218881895192055,-5.6982547085888795,21.243425211920584
633,1791274388.5376422,1.263201729910714,-2.7199112623565056,-0.6157155313297193,3.061486812165589,9.344707750810826,-18.26113217051831,-5.709529068271661,21.292985541690527
634,1791274388.5625432,1.2153013392857142,-2.7917618482940054,-0.6731960000797194,3.1183464235685787,9.374181552998344,-18.316138633913162,-5.7238677389385835,21.356939765288534
635,1791274388.5825431,1.071600167410714,-2.7869718092315052,-0.8312672891422194,3.0994425450786554,9.3977338209923,-18.36205992685647,-5.735913517226389,21.40988906101083
636,1791274388.6230226,0.9470591517857141,-2.5378897779815053,-0.6540358438297194,2.786676954219513,9.444381164670588,-18.457227914563997,-5.761146113735645,21.51874537275713
637,1791274388.6430225,0.9614292689732141,-2.370238410794005,-0.6588258828922193,2.641292847680918,9.466834196374663,-18.50455742602658,-5.773712238949111,21.572560076471103
638,1791274388.637541,0.8656284877232141,-2.3846085279815052,-0.9414381875797194,2.705915071008971,9.466834196374663,-18.50455742602658,-5.773712238949111,21.572560076471103
639,1791274388.657541,0.7219273158482141,-2.470829231106505,-0.9558083047672193,2.745859729505525,9.487767339633402,-18.552098571816522,-5.787677466184363,21.626264147142685
640,1791274388.6824973,0.6644468470982141,-2.0493057936065053,-0.7019362344547194,2.265801916666242,9.51256478197124,-18.61098305616178,-5.805592382212076,21.692452188637855
641,1791274388.7024972,0.9805894252232141,-1.469711067044005,-0.7306764688297194,1.9119347121574757,9.531924155402933,-18.656373220912315,-5.819944798166902,21.743725470030153
642,1791274388.7275453,1.1338706752232142,-1.3691202467315051,-1.0755592813297195,2.0777345176407374,9.556505244370308,-18.710025978972013,-5.838616741145308,21.805533932226176
643,1791274388.7475452,0.8033579799107141,-1.5271915357940051,-1.0372389688297194,2.0133461474237397,9.576094165943204,-18.750784343008085,-5.854458504410715,21.853333323154057
644,1791274388.757532,0.47284528459821407,-1.4840811842315051,-0.6540358438297194,1.6893319713930728,9.585364215736687,-18.770338956953474,-5.8624490259278845,21.87631459567295
645,1791274388.7775319,0.5542759486607141,-1.1775186842315053,-0.37142353914221937,1.3534132866227382,9.602685049564153,-18.807618640021303,-5.877589260824329,21.919948325408004
646,1791274388.8027709,0.7410874720982141,-0.9284366529815052,-0.6348756875797193,1.3469492932476126,9.623716407717474,-18.851593409246316,-5.895734405163554,21.971758594612744
647,1791274388.8227708,0.6596568080357141,-0.8901163404815052,-0.7019362344547194,1.311552012396201,9.639983411360628,-18.8839408976458,-5.909961471137438,22.010455437982575
648,1791274388.847085,0.6644468470982141,-0.6937247389190052,-0.4480641641422194,1.0599552449020975,9.659207554040778,-18.920255504933266,-5.926760149951859,22.054542498520647
649,1791274388.867085,1.042859933035714,-0.4206925123565051,-0.34747334382971934,1.1769778054646096,9.675209652451109,-18.94731758503501,-5.939698759351808,22.088244539548754
650,1791274388.8920152,1.200931222098214,-0.4733829420440051,-0.49117451570471937,1.3811515539238672,9.696359822977897,-18.977662550953752,-5.954975760672911,22.127648000289916
651,1791274388.9120152,0.836888253348214,-0.6122940748565051,-0.5247047891422194,1.1621536466601088,9.713838896371898,-18.999983362916762,-5.966916998469583,22.15766531840407
652,1791274388.9222279,0.5255357142857141,-0.5691837232940051,-0.2899928750797194,0.8271963282375134,9.722469034356829,-19.010576406013342,-5.972723972155495,22.17209622612304
653,1791274388.9422278,0.6740269252232141,-0.3584220045440051,-0.15587178132971935,0.7791499480087918,9.738634096029385,-19.029600982677465,-5.983059051341654,22.198281537725087
654,1791274388.9673152,0.6692368861607141,-0.3488419264190051,-0.2804127969547194,0.8051087107476728,9.75839692614118,-19.05121600008224,-5.994899346068647,22.228674270396905
655,1791274388.9873152,0.3483042689732141,-0.5212833326690051,-0.33789326570471934,0.7121966271417394,9.77331515320289,-19.067168204017964,-6.003850161296961,22.251310279699133
656,1791274389.0119112,0.14233258928571407,-0.6649845045440052,-0.28520283601721935,0.7374304136179065,9.789814699998768,-19.086031827038482,-6.014356140977095,22.277557374037816
657,1791274389.0319111,0.19502301897321406,-0.6122940748565051,-0.24688252351721934,0.6883959561560777,9.80172471337835,-19.100985700474006,-6.022415679029751,22.297779097874024
658,1791274389.0419648,0.14233258928571407,-0.4015323561065051,-0.2899928750797194,0.5153471321063295,9.807067996216313,-19.1081396377583,-6.026264173663426,22.307295734563155
659,1791274389.0619648,-0.17860002790178595,-0.3871622389190051,-0.24688252351721934,0.4926901152139404,9.816048707767346,-19.121419479546496,-6.033577017716764,22.324595108865047
660,1791274389.0873523,-0.14027971540178596,-0.2961514967315051,-0.24209248445471934,0.40742223625984786,9.825131466307381,-19.13704911530034,-6.042398403305653,22.344360264637512
661,1791274389.1073523,0.09443219866071406,0.1014217454559949,-0.07923115632971935,0.1596289031741483,9.8311446879085,-19.147807119522753,-6.048787360676312,22.357946057178758
662,1791274389.132766,0.27645368303571405,0.6762264329559948,0.26086161710778066,0.7757303724700264,9.838346401331918,-19.157944461780378,-6.055341787364865,22.371568118374476
663,1791274389.152766,0.09922223772321406,1.3420418626434951,0.6775950155452807,1.5066706403983032,9.843727346330647,-19.16169821979292,-6.058318546842019,22.377955008229033
664,1791274389.1768954,-0.11153948102678596,1.586333854830995,0.8931467733577807,1.8238989318408254,9.849223215307648,-19.16024820480914,-6.058528635758796,22.379188511765932
665,1791274389.1968954,0.08006208147321406,1.514483268893495,0.7254954061702807,1.6811939486633691,9.853048027544693,-19.154575398244305,-6.056248689656301,22.37539859558019
666,1791274389.2069464,0.32435407366071406,1.322881706393495,0.5817942342952807,1.4811165063120786,9.854986725914442,-19.150013275217994,-6.054289299890565,22.37181688499494
667,1791274389.2269464,0.22855329241071407,1.246241081393495,0.5338938436702807,1.3749167526558221,9.859095143119925,-19.13844335507494,-6.049301715608554,22.362375149857577
668,1791274389.2526953,0.20939313616071406,1.284561393893495,0.46204325773278065,1.3810964601247586,9.864436866460622,-19.12089460261923,-6.041920315132939,22.34771859030082
669,1791274389.2726953,0.4105747767857141,1.231870964205995,0.4764133749202807,1.3831295758494135,9.868893530038047,-19.10553392029981,-6.035639283289385,22.33484782676926
670,1791274389.28245,0.4680552455357141,1.021109245455995,0.5338938436702807,1.2436970854425264,9.87138394912158,-19.097517511965414,-6.032296194794272,22.328188318189415
671,1791274389.30245,0.3818345424107141,0.7384969407684949,0.5530539999202807,0.9985209442621857,9.876998974232514,-19.08090746519959,-6.024839588601575,22.314453399106156
672,1791274389.3271346,0.3195640345982141,0.40798424545599493,0.5099436483577807,0.7270590356012571,9.884188227859516,-19.061359337529478,-6.015048886950882,22.298282665501123
673,1791274389.3471346,0.4776353236607141,0.15411217514349493,0.25128153898278066,0.5612739765653572,9.890335163731983,-19.047053672795965,-6.00716433157557,22.286655347357023
674,1791274389.3722546,0.5303257533482141,0.0295711595184949,0.11716044523278066,0.5439176666249795,9.89879664410442,-19.031434858777658,-5.998052620308132,22.274611624475423
675,1791274389.3922546,0.559065987723214,-0.013539192044005104,0.05488993742028066,0.5619172479824228,9.906157040473069,-19.02084077205107,-5.991628190639736,22.267104422468208
676,1791274389.4022148,0.578226143973214,-0.1380802076690051,0.026149703045280658,0.5950591771356896,9.910122325944625,-19.016469473943832,-5.988848141633466,22.26438720989577
677,1791274389.4222147,0.4297349330357141,-0.1620304029815051,-0.021750687579719343,0.4597815313513029,9.918402198579628,-19.009458726320812,-5.9840965672380895,22.26080939603307
678,1791274389.447832,0.24292340959821407,-0.2386710279815051,-0.16545185945471935,0.37861584795884373,9.928709197742565,-19.002595721272492,-5.979283016077968,22.258250961515817
679,1791274389.467832,0.18065290178571405,-0.2961514967315051,-0.3905836953922194,0.52239525557393,9.93618440815145,-18.99884358297411,-5.9769227391340065,22.257749740543982
680,1791274389.4919357,0.15670270647321405,-0.4638028639190051,-0.4576442422672194,0.6701545249237961,9.94445191900864,-18.996373696020235,-5.976038261541577,22.25909636242525
681,1791274389.5119357,-0.02531877790178595,-0.5021231764190051,-0.31394307039221936,0.5927301040598877,9.950479962224298,-18.99608060466417,-5.976571830903915,22.261683239761535
682,1791274389.5373492,-0.07321916852678595,-0.6506143873565052,-0.3810036172672194,0.757511639544727,9.956802888397002,-18.99796117726358,-5.978472703775195,22.2666249916998
683,1791274389.5573492,-0.02531877790178595,-1.0098673170440051,-0.5773952188297193,1.1635541574312374,9.96088470707975,-19.001709877932242,-5.981181860704385,22.272376139147394
684,1791274389.56715,-0.05884905133928595,-1.273319465481505,-0.6684059610172194,1.4392957308145509,9.962523075106736,-19.00494965665747,-5.983226079509433,22.27642188037928
685,1791274389.58715,-0.08758928571428595,-1.2062589186065051,-0.5294948282047194,1.320264077669774,9.965145217928983,-19.01428851729116,-5.988568689850487,22.286997150496987
686,1791274389.6119928,0.12796247209821407,-0.9332266920440052,-0.36184346101721937,1.0090674622094415,9.967988945535712,-19.02813495023404,-5.9958702572538725,22.302044378138564
687,1791274389.6319928,0.26687360491071405,-0.6506143873565052,-0.012170609454719344,0.7033268982257254,9.97052717303903,-19.039985877947384,-6.00142776903091,22.314784552122404
688,1791274389.6724348,0.2716636439732141,-0.4063223951690051,0.18901103117028067,0.5240459847921126,9.976523307317668,-19.063560936076264,-6.010443560243242,22.34000458047883
689,1791274389.6924348,0.20460309709821406,-0.3536319654815051,0.24170146085778066,0.4746973673123529,9.979758210456618,-19.07461075491556,-6.013587323057587,22.35172436038785
690,1791274389.6870353,0.07048200334821406,-0.32968177016900513,0.3949827108577807,0.5192967593335314,9.979758210456618,-19.07461075491556,-6.013587323057587,22.35172436038785
691,1791274389.7070353,0.013001534598214053,0.043941276705994896,0.5674241171077807,0.5692714680853115,9.982571386330589,-19.083894083540482,-6.013603311280966,22.360907174361845
692,1791274389.7477477,0.22376325334821406,0.45588463608099494,0.5770041952327807,0.7686576847205179,9.988161903226763,-19.09843062991754,-6.010136547319184,22.37487814599813
693,1791274389.7677476,0.38662458147321405,0.5612654954559949,0.5578440389827807,0.8807312275702637,9.991411878491514,-19.102974833675738,-6.006986683375981,22.37936209627
694,1791274389.7775314,0.16628278459821405,0.40798424545599493,0.5051536092952806,0.6702844754118079,9.99316896209037,-19.104153140091032,-6.004896932534377,22.380591597973837
695,1791274389.7975314,-0.19297014508928595,0.17327233139349493,0.5051536092952806,0.5678388386737616,9.996181994436034,-19.10532865103143,-5.999750375743765,22.381560309796257
696,1791274389.8070455,-0.298351004464286,0.0247811204559949,0.4141428671077807,0.5110202933075709,9.997049726473897,-19.10566264569415,-5.9970133983842695,22.381499459711474
697,1791274389.8270454,-0.16422991071428594,-0.1859805982940051,0.20817118742028068,0.32387573201304853,9.997906337764332,-19.10650123342446,-5.991189439021878,22.38103821130302
698,1791274389.8525457,-0.020528738839285948,-0.2290909498565051,0.10758036710778066,0.25392445296097854,9.998481346927825,-19.108203897947025,-5.984273761500981,22.380898505264945
699,1791274389.8725457,0.017791573660714054,-0.4063223951690051,0.07405009367028066,0.4133979260733889,9.998860575787786,-19.110292112409937,-5.979390922582221,22.38154581883788
700,1791274389.897766,-0.11153948102678596,-0.5835538404815052,-0.03612080476721934,0.5952149637781885,9.999089732043364,-19.11440278235626,-5.9740854205336404,22.38374155067549
701,1791274389.917766,-0.10195940290178596,-0.7416251295440052,-0.16545185945471935,0.7666667270778584,9.998923948406306,-19.1191613748619,-5.970811568325585,22.386857809627394
702,1791274389.942136,-0.14985979352678597,-0.6793546217315052,-0.045700882892219345,0.6971866539750856,9.998291980614109,-19.126687154648263,-5.9678066944793455,22.392202231671448
703,1791274389.962136,-0.04447893415178595,-0.4638028639190051,-0.026540726642219344,0.46668606400175167,9.997559624953569,-19.13365171978182,-5.965818918059729,22.39729496951565
704,1791274389.9721894,0.22376325334821406,-0.3775821607940051,-0.2995729532047194,0.5313964960278191,9.997381892758083,-19.137261876042004,-5.965215492584594,22.400139122220406
705,1791274389.9921894,0.22376325334821406,-0.3871622389190051,-0.14629170320471935,0.4704953296476932,9.997752642202174,-19.144513654740035,-5.964863915013493,22.40640672878671
706,1791274390.0176098,0.04653180803571406,-0.2099307936065051,0.22733134367028066,0.31291482399890364,9.998668514676606,-19.15348663003197,-5.964329576765444,22.41434026362315
707,1791274390.0376098,0.027371651785714053,-0.1764005201690051,0.2848118124202807,0.33613110437967375,9.999391862108576,-19.160066829449754,-5.963204022525759,22.419986635483333
708,1791274390.0479264,0.22855329241071407,-0.4206925123565051,0.17464091398278067,0.509625594197688,9.999907039233106,-19.163413957929016,-5.96235501650776,22.42285112690016
709,1791274390.0679264,0.19023297991071406,-0.4829630201690051,0.17943095304528067,0.5492151968101526,10.001384140554771,-19.170284926904905,-5.9604248946080505,22.428869205332695
710,1791274390.092089,-0.01573869977678595,-0.6122940748565051,-0.16066182039221935,0.6332171517787473,10.003217205277853,-19.179325597396886,-5.958408822710008,22.43687858249179
711,1791274390.112089,0.008211495535714052,-0.6745645826690052,-0.43369404695471936,0.8019945955019301,10.004495600182159,-19.187616610091784,-5.957881911966945,22.44439618851167
712,1791274390.1371439,0.26687360491071405,-1.0960880201690053,-0.07923115632971935,1.1308881664821655,10.006373798479233,-19.19977244414846,-5.958284686587195,22.45573278493476
713,1791274390.1571438,0.4872154017857141,-1.421810676419005,0.19380107023278068,1.515415224332808,10.008779304397489,-19.211797125179146,-5.958386117878875,22.46711323407858
714,1791274390.1669593,0.29561383928571405,-1.661312629544005,0.16027079679528067,1.695002632259033,10.010359065401852,-19.219082976845105,-5.958167777451769,22.47398946234057
715,1791274390.1869593,-0.020528738839285948,-1.7523233717315052,-0.12713154695471934,1.7570489630246229,10.013507777015446,-19.23682223647467,-5.9577399115327205,22.490449809008823
716,1791274390.2125533,0.05611188616071405,-1.7571134107940052,-0.5582350625797193,1.8445114440561323,10.017001078686942,-19.262854581198532,-5.958590097418809,22.51449917666112
717,1791274390.2325532,0.37704450334821404,-1.469711067044005,-0.8983278360172194,1.7632940988559198,10.01997112526196,-19.28498595601211,-5.961339648150357,22.535484797875487
718,1791274390.2575157,0.2812437220982141,-1.335589973294005,-0.7163063516422193,1.5414257677183567,10.024354495099065,-19.31371725574934,-5.967279546639913,22.56359418324549
719,1791274390.2775156,-0.09237932477678595,-1.378700324856505,-0.6013454141422194,1.506972074232142,10.027622966762333,-19.33735536103192,-5.9733012294331935,22.5868736725541
720,1791274390.3026137,-0.43247209821428595,-1.546351692044005,-0.5965553750797193,1.7129255636943856,10.030121388839424,-19.368075400846845,-5.9819792519155115,22.616581429961744
721,1791274390.3226137,-0.48995256696428596,-1.2828995436065052,-0.5438649453922194,1.4770490295474805,10.030430039011778,-19.393127242484585,-5.989567868632669,22.64018185138239
722,1791274390.33213,-0.06363909040178595,-0.7799454420440052,-0.5294948282047194,0.9448436905054352,10.03015976136143,-19.404731512570322,-5.993403089077323,22.651017427513832
723,1791274390.35213,-0.336671316964286,-0.9667569654815052,-0.5342848672672194,1.1547410642062685,10.029076467382545,-19.42808164411462,-6.001850065083128,22.672779612626417
724,1791274390.3772798,-0.748614676339286,-1.2062589186065051,-0.5103346719547194,1.5086172442828034,10.025871462375463,-19.45713868560053,-6.012849171033415,22.69917838963262
725,1791274390.3972797,-0.825255301339286,-1.211048957669005,0.06447001554528066,1.4669159052802545,10.021344241438815,-19.480405706607677,-6.020952796186728,22.71927418456322
726,1791274390.452576,-0.614493582589286,-0.8278458326690052,0.7063352499202807,1.2497362005602621,10.004733918481483,-19.543541032480597,-6.036800350493402,22.770324006029952
727,1791274390.472576,-0.47079241071428596,-0.6410343092315052,0.6823850546077807,1.0479598476803134,9.997999395840944,-19.565154361648382,-6.039589365420239,22.786660501645734
728,1791274390.4535768,-0.786934988839286,-0.8422159498565052,0.7829758749202806,1.3934294397490536,9.997999395840944,-19.565154361648382,-6.039589365420239,22.786660501645734
729,1791274390.4735768,-0.786934988839286,-1.234999152981505,1.0560081014827807,1.8054480593253823,9.98916929961296,-19.585776953931685,-6.036977621967597,22.799808354318007
730,1791274390.4981675,-0.7629847935267859,-1.4840811842315051,1.1086985311702806,2.0034608031010332,9.977082379298242,-19.612344583434748,-6.030255691639067,22.81556960869553
731,1791274390.5181675,-0.552223074776786,-1.575091926419005,0.7063352499202807,1.812394655218947,9.966753679014573,-19.63529998577295,-6.022886160594833,22.828848900742464
732,1791274390.5425024,-0.38936174665178597,-1.699632942044005,-0.5630251016422194,1.8323078268992146,9.954352876791072,-19.665018015642627,-6.01500277898376,22.84693268652075
733,1791274390.5625024,-0.542642996651786,-1.9151846998565052,-1.7461647500797195,2.647920918532246,9.944291865551993,-19.691200785349228,-6.012959354013763,22.864557928576776
734,1791274390.5728242,-1.313839285714286,-1.656522590481505,-0.3091530313297194,2.1367770960589536,9.938441132749867,-19.70545162238941,-6.0136540478141045,22.874472033213245
735,1791274390.5928242,-0.648023856026786,-1.1631485670440052,0.24170146085778066,1.3532439185812484,9.925862247570834,-19.733152098657364,-6.014899378204664,22.893209640337115
736,1791274390.6177945,-0.01573869977678595,-1.666102668606505,-1.3006911172672193,2.113750976710887,9.911269974838474,-19.767847452046936,-6.0182042168725305,22.917675436167507
737,1791274390.6377945,-0.983326590401786,-2.1882169264190052,-1.7796950235172195,2.9870619138527736,9.89983683733897,-19.797249811914693,-6.025074753408618,22.939908354338556
738,1791274390.6625235,-1.8072133091517861,-2.039725715481505,-0.040910843829719344,2.725467783026383,9.882645244513748,-19.83599268764474,-6.035672211907897,22.96873139689702
739,1791274390.6825235,-1.404850027901786,-1.1583585279815052,1.7218235311702808,2.5060076521700454,9.866008777280854,-19.867423636167015,-6.040436078195905,22.989987367266675
740,1791274390.7076285,-0.31272112165178595,-0.8949063795440052,0.8931467733577807,1.302445041771485,9.845024302287092,-19.904825352042597,-6.040595287512585,23.013373660449275
741,1791274390.7276285,-0.06363909040178595,-1.464921027981505,-0.5007545938297193,1.549451101290752,9.830250013804406,-19.933691860345927,-6.04011450923906,23.031909816640113
742,1791274390.737185,-0.7438246372767859,-1.651732551419005,0.3183420858577807,1.8392490848347216,9.82367065084683,-19.947649909053723,-6.040049982025569,23.04116849762285
743,1791274390.757185,-0.873155691964286,-1.297269660794005,1.7361936483577807,2.336595347899187,9.809541243966372,-19.976903189926706,-6.036853394786523,23.059647859126702
744,1791274390.7822478,-0.27919084821428597,-1.1056680982940053,1.1565989217952808,1.6242446057197484,9.792324946476116,-20.012579732934658,-6.028010874977209,23.08094215003558
745,1791274390.8022478,-0.28398088727678594,-1.4361807936065052,-0.2899928750797194,1.492433008164763,9.779802452769822,-20.040591740788116,-6.0207131258571165,23.09802675295047
746,1791274390.8128011,-0.662393973214286,-1.824173957669005,-0.5247047891422194,2.0103958613509905,9.773436828499793,-20.05573621419132,-6.018084787189554,23.10779018079625
747,1791274390.832801,-0.844415457589286,-1.670892707669005,0.21775126554528068,1.884764048681891,9.760922488009902,-20.085374433207214,-6.014311331827846,23.127252641315273
748,1791274390.857806,-0.739034598214286,-1.6373624342315052,0.13632060148278066,1.8015857417228018,9.74465385526452,-20.12307538261093,-6.00963723776572,23.151936881019353
749,1791274390.877806,-0.734244559151786,-1.8720743482940052,-0.7881569375797194,2.159853883122529,9.73138343073629,-20.153971167286716,-6.007437228638639,23.1726493811965
750,1791274390.9023798,-1.016856863839286,-1.8002237623565052,-0.16545185945471935,2.074169181597081,9.714296622031378,-20.193006517112625,-6.006897100939664,23.199307831102214
751,1791274390.9223797,-0.7438246372767859,-1.536771613919005,0.5434739217952806,1.7917326776164766,9.699835068391645,-20.225016385457486,-6.005956411849295,23.22088716149876
752,1791274390.9328294,-0.628863699776786,-1.378700324856505,-0.016960648517219346,1.515444424007197,9.692336732925334,-20.241517226936956,-6.0051260011110195,23.231916608020505
753,1791274390.9528294,-0.648023856026786,-1.2206290357940053,-0.40495381257971935,1.4400894942072449,9.678222754952879,-20.272260570315638,-6.004407920548096,23.252644124950663
754,1791274390.992925,-0.49953264508928596,-1.3164298170440052,0.15069071867028067,1.416060740012863,9.650720749039507,-20.33227853315161,-6.003948877580698,23.2934618176475
755,1791274391.012925,-0.600123465401786,-1.551141731106505,-0.06486103914221934,1.6644505994785612,9.637410784218174,-20.362026698915308,-6.003625505113042,23.313844322992903
756,1791274391.0227342,-0.820465262276786,-1.6469425123565051,-0.5438649453922194,1.9186901689529121,9.630816824085704,-20.376781335543967,-6.003938529306881,23.324089010277785
757,1791274391.0427341,-0.537852957589286,-1.8337540357940052,-0.5007545938297193,1.9755239383565848,9.617351650215134,-20.407572978673045,-6.006047945403602,23.34598679786847
758,1791274391.0678656,-0.14506975446428597,-1.6469425123565051,-0.13192158601721934,1.6585741398938982,9.60168244280389,-20.447021795553333,-6.009493493825271,23.374922846773416
759,1791274391.0878656,-0.513902762276786,-1.455340949856505,0.2943918905452807,1.5712351557369668,9.59009467122248,-20.47836006233615,-6.011580503090788,23.3981248562964
760,1791274391.0979207,-0.580963309151786,-1.4792911451690052,0.050099898357780656,1.5900725324875844,9.584317073847899,-20.493965272236725,-6.012212575488743,23.409580227004547
761,1791274391.1179206,-0.298351004464286,-1.9582950514190052,-0.49596455476721935,2.042036647531689,9.57322998575799,-20.52550519671752,-6.013950009417906,23.43311098971862
762,1791274391.1423588,-0.427682059151786,-2.082836067044005,-0.49117451570471937,2.1822855978944222,9.560383974028007,-20.565670088450815,-6.017563835037769,23.4639894823239
763,1791274391.1623588,-0.38936174665178597,-1.987035285794005,-0.6588258828922193,2.129310531771941,9.550222297069832,-20.59971492235774,-6.021802731118951,23.490787746228726
764,1791274391.1875584,-0.528272879464286,-1.987035285794005,-0.8743776407047193,2.2342599939873384,9.537604975608005,-20.64368735988663,-6.0292402450179114,23.52614448683909
765,1791274391.2075584,-0.671974051339286,-1.8385440748565052,-0.7163063516422193,2.0844395482398337,9.52729281229397,-20.679090051099386,-6.036643703777905,23.554938778927603
766,1791274391.2176077,-0.5234828404017859,-1.2014688795440052,0.3566623983577807,1.3582230373212543,9.521987496495951,-20.696501711628752,-6.040076766338821,23.5689617150638
767,1791274391.2376077,-0.13548967633928596,-0.5787638014190051,1.9086350546077808,1.99905296625806,9.512024294585744,-20.728626515325175,-6.042486367957136,23.593774706468214
768,1791274391.262812,0.12317243303571405,0.0295711595184949,1.8942649374202807,1.8984956030697215,9.501328641038663,-20.76407606848823,-6.03787880831804,23.619442868681798
769,1791274391.2828119,-0.580963309151786,-0.1668204420440051,0.39977274992028067,0.7246831570025443,9.493427837529005,-20.788192332836985,-6.031329999372152,23.635800264317677
770,1791274391.3072877,-1.601241629464286,-0.7128848951690052,0.16027079679528067,1.7600756682583165,9.481203396691487,-20.814893489414274,-6.0234897133364855,23.652387557110707
771,1791274391.3272877,-1.6491420200892861,-0.8709561842315052,0.5722141561702807,1.9508108872458503,9.467837186687824,-20.83581487299493,-6.016945417650375,23.663785719413735
772,1791274391.3373358,-1.050387137276786,-0.6554044264190052,0.33271220304528065,1.282016189594106,9.460094793388967,-20.845899566081226,-6.013468734199095,23.66868666479491
773,1791274391.3573358,-0.925846121651786,-0.6458243482940051,0.15069071867028067,1.1388537318375858,9.44403146320676,-20.86491321494152,-6.006861596867152,23.67734613483948
774,1791274391.3831785,-1.376109793526786,-0.5452335279815052,0.22254130460778065,1.4968241032706633,9.421927225744632,-20.88810468725493,-5.99888148462482,23.686962851736055
775,1791274391.4031785,-1.443170340401786,-0.7368350904815052,0.15548075773278067,1.6278331757294586,9.403157562527284,-20.90528374699418,-5.993064924973892,23.69318652868384
776,1791274391.4272666,-1.241988699776786,-0.9907071607940052,0.17943095304528067,1.5988220900814725,9.379091136685794,-20.925991756268314,-5.986505183724594,23.70026847629429
777,1791274391.4472666,-1.222828543526786,-1.0338175123565052,0.24170146085778066,1.6194159107220167,9.358409258161004,-20.94364302531334,-5.981244009334367,23.706355411876114
778,1791274391.4580503,-1.4096400669642861,-1.0146573561065053,0.34229228117028065,1.7702481957174467,9.346801542649745,-20.95338947298018,-5.978360459067794,23.709660968951486
779,1791274391.4780502,-1.452750418526786,-1.1248282545440051,0.30397196867028065,1.8622892735790408,9.324208909504565,-20.971963543187105,-5.972845273809595,23.71579657759197
780,1791274391.502615,-1.165348074776786,-1.306849738919005,0.14111064054528066,1.7566458346444602,9.295798673570705,-20.99583493619021,-5.9662674057042695,23.724108084471236
781,1791274391.522615,-0.877945731026786,-1.3978604811065052,0.10279032804528067,1.653894943098601,9.273072485942036,-21.016412149860535,-5.961349353465679,23.7321962552227
782,1791274391.5477204,-0.897105887276786,-1.3164298170440052,0.20817118742028068,1.6065869660435914,9.245481748996253,-21.04347846907106,-5.95551635880457,23.743948575358502
783,1791274391.5677204,-0.973746512276786,-1.3164298170440052,0.21775126554528068,1.6518430152469965,9.223992613856495,-21.06575550846241,-5.950927707437918,23.75419195556746
784,1791274391.5926595,-1.031226981026786,-1.349960090481505,0.21296122648278068,1.712067117923682,9.197465880041408,-21.09435448349911,-5.945258527701089,23.76786209677361
785,1791274391.6126595,-1.088707449776786,-1.268529426419005,0.16027079679528067,1.6793265153613806,9.176203742523272,-21.11777701887887,-5.940834221684061,23.779334149486168
786,1791274391.6224675,-1.059967215401786,-1.230209113919005,0.15548075773278067,1.6312937282173188,9.16576019196232,-21.129378625028245,-5.938757711916245,23.785092897384413
787,1791274391.6424675,-1.045597098214286,-1.2445792311065051,0.18901103117028067,1.6364522370664678,9.144500396561623,-21.153199474418074,-5.934641830780297,23.79705253107796
788,1791274391.6828322,-1.1318178013392861,-1.1727286451690053,0.24170146085778066,1.6476418320767448,9.101437340539986,-21.201382268073118,-5.926277103685896,23.821325153114646
789,1791274391.7028322,-1.218038504464286,-1.1583585279815052,0.18422099210778067,1.6909611620726979,9.079776155916438,-21.22517152378531,-5.922115338591395,23.833205645469413
790,1791274391.7123935,-1.294679129464286,-1.1679386061065051,0.22733134367028066,1.7583953411333137,9.069172147587569,-21.236506604144967,-5.920129058674367,23.838771450346
791,1791274391.7323935,-1.218038504464286,-1.1966788404815052,0.21775126554528068,1.7213580857161375,9.046549156912675,-21.260207290201635,-5.915929831388766,23.850255584389355
792,1791274391.7579775,-1.165348074776786,-1.2158389967315053,0.11237040617028066,1.687876686710824,9.017377481055833,-21.290606663134973,-5.910730489321546,23.865032236256784
793,1791274391.7779775,-1.222828543526786,-1.1344083326690053,0.20817118742028068,1.6809304433451977,8.994411293791591,-21.314331733751942,-5.906794830945821,23.87656585343041
794,1791274391.8030055,-1.342579520089286,-1.1583585279815052,0.28002177335778067,1.7951953767390036,8.965166850573064,-21.343871619457648,-5.90169212145832,23.890689447209077
795,1791274391.8230054,-1.356949637276786,-1.306849738919005,0.15069071867028067,1.8899408061925216,8.941253598238566,-21.367634066811725,-5.897580094728574,23.901950809398922
796,1791274391.833073,-1.2515687779017861,-1.2062589186065051,0.16027079679528067,1.7456149955937303,8.929052305597994,-21.37969879482513,-5.895585897279283,23.907685557279493
797,1791274391.853073,-1.050387137276786,-1.1679386061065051,0.22733134367028066,1.587158865900154,8.904996192398961,-21.403632666411774,-5.891637079756704,23.919152074956447
798,1791274391.8618429,-1.055177176339286,-1.1056680982940053,0.22254130460778065,1.5444822593053515,8.894644947095816,-21.41404887896764,-5.889869353822017,23.92418774234152
799,1791274391.8818429,-1.194088309151786,-1.1535684889190052,0.17464091398278067,1.669450986856634,8.871205918359246,-21.4376287986215,-5.885846973322702,23.935609821911576
800,1791274391.9073534,-1.189298270089286,-1.2781095045440052,0.16985087492028067,1.754093384217122,8.841233225102972,-21.467846641262938,-5.880826797726757,23.95036467735534
801,1791274391.9273534,-1.064757254464286,-1.2445792311065051,0.16027079679528067,1.6457132805386783,8.817878631787933,-21.491767549192495,-5.8769862191687,23.962262476105312
802,1791274391.9527261,-1.064757254464286,-1.2158389967315053,0.16027079679528067,1.6240871913825292,8.788642006247972,-21.5222445510656,-5.872234783104075,23.977705898975337
803,1791274391.972726,-1.088707449776786,-1.1344083326690053,0.22733134367028066,1.5886616116225887,8.765822990192518,-21.546189804925536,-5.868469872297579,23.98993302298548
804,1791274391.9828758,-1.112657645089286,-1.091297981106505,0.2848118124202807,1.5843156526516093,8.75430395937995,-21.558213182741195,-5.866455969459083,23.996035070138856
805,1791274392.0028758,-1.083917410714286,-1.1870987623565052,0.17464091398278067,1.6169662561954252,8.731715623019166,-21.581768993354668,-5.862393661067755,24.007983464696267
806,1791274392.0279012,-1.093497488839286,-1.230209113919005,0.16506083585778067,1.6542056406629972,8.703604343944724,-21.61135951361278,-5.857435487499011,24.023179204525945
807,1791274392.0479012,-1.189298270089286,-1.1631485670440052,0.22254130460778065,1.678353239491146,8.681083879201895,-21.635050684481698,-5.8534859477120555,24.0353891829921
808,1791274392.072445,-1.150977957589286,-1.263739387356505,0.17464091398278067,1.7182220307193536,8.653284598470293,-21.66423057484263,-5.848635013810929,24.05046262064089
809,1791274392.092445,-1.174928152901786,-1.273319465481505,0.15548075773278067,1.7395323773015747,8.63054085751043,-21.68824730963631,-5.844779882433768,24.062995630868695
810,1791274392.102842,-1.174928152901786,-1.234999152981505,0.17464091398278067,1.713528091740249,8.618658431259815,-21.700815815262363,-5.8428189467118195,24.069591052752052
811,1791274392.122842,-1.170138113839286,-1.2828995436065052,0.19380107023278068,1.747172944865079,8.59571241843822,-21.725142853782383,-5.839060047112527,24.082415290654104
812,1791274392.1475413,-1.275518973214286,-1.297269660794005,0.21775126554528068,1.8322862324136997,8.567095152773188,-21.75545898199355,-5.83435188816907,24.09843930276099
813,1791274392.1675413,-1.208458426339286,-1.3260098951690051,0.08842021085778067,1.7962438987967848,8.54367248615138,-21.78025989550387,-5.830652097704262,24.11162716514125
814,1791274392.192975,-1.050387137276786,-1.311639777981505,0.07884013273278066,1.6822389282944368,8.514045244493516,-21.812099516200067,-5.826333803980785,24.128879321785895
815,1791274392.212975,-1.064757254464286,-1.1823087232940053,0.23691142179528066,1.6086295253688734,8.491069628950385,-21.837122095521625,-5.822973821755155,24.142601123061453
816,1791274392.2225275,-1.170138113839286,-1.1344083326690053,0.30397196867028065,1.6578614020555278,8.48014081235232,-21.848940559975727,-5.821222225415394,24.14902937983939
817,1791274392.2425275,-1.265938895089286,-1.1775186842315053,0.21775126554528068,1.7425748625125834,8.45703732921675,-21.87344107218304,-5.817322428487219,24.162163499219393
818,1791274392.2672577,-1.208458426339286,-1.263739387356505,0.13632060148278066,1.753850710218873,8.428165339306018,-21.903719922643152,-5.812566886192587,24.178355015234935
819,1791274392.2872577,-1.064757254464286,-1.2158389967315053,0.18901103117028067,1.6271747437848987,8.40490839889511,-21.928253507814865,-5.80880984472846,24.191590665126316
820,1791274392.3122559,-1.083917410714286,-1.1439884107940053,0.26086161710778066,1.5973838676287682,8.376171194147483,-21.9587429332975,-5.803974823614464,24.208113491915466
821,1791274392.3322558,-1.179718191964286,-1.1966788404815052,0.18422099210778067,1.6904770432161504,8.353233046949287,-21.982988223187824,-5.800019150799965,24.22124058976143
822,1791274392.3423233,-1.227618582589286,-1.263739387356505,0.17943095304528067,1.770954570390065,8.341600874338825,-21.995219759448755,-5.798052067701319,24.22786423094266
823,1791274392.3623233,-1.203668387276786,-1.230209113919005,0.20338114835778068,1.7330885557311293,8.318311784550922,-22.01961493082759,-5.794156220700463,24.24108081247216
824,1791274392.387896,-1.222828543526786,-1.2493692701690051,0.20338114835778068,1.7599991794355483,8.288346256048712,-22.05088440553776,-5.7891418894601925,24.258036823759003
825,1791274392.407896,-1.256358816964286,-1.258949348294005,0.19859110929528068,1.7896450394491448,8.264707330546408,-22.07543385062319,-5.785205560756904,24.271356994058664
826,1791274392.4323823,-1.285099051339286,-1.230209113919005,0.21775126554528068,1.7922917310999031,8.235439718206198,-22.10555296592769,-5.7803445445324035,24.287657819047688
827,1791274392.4523823,-1.146187918526786,-1.263739387356505,0.15548075773278067,1.713171984874292,8.211473311862129,-22.13020453319887,-5.7764098635215975,24.301052601565008
828,1791274392.4774706,-1.117447684151786,-1.2445792311065051,0.16506083585778067,1.6807474137573195,8.181659720967213,-22.161209081067273,-5.771611354838876,24.318105217219966
829,1791274392.4974706,-1.189298270089286,-1.2397891920440052,0.19380107023278068,1.728891688559427,8.157997744111105,-22.1859444906901,-5.767821565320718,24.331806873848954
830,1791274392.5080318,-1.237198660714286,-1.268529426419005,0.18901103117028067,1.7820080251413588,8.145454995040572,-22.19903386317026,-5.765817285970541,24.33906716597019
831,1791274392.5280318,-1.194088309151786,-1.211048957669005,0.21296122648278068,1.7140125296826758,8.121618509148906,-22.22382266384041,-5.761988120268404,24.352812734879127
832,1791274392.552461,-1.146187918526786,-1.2828995436065052,0.19859110929528068,1.7317668469668992,8.092582777113998,-22.254128679778535,-5.757258500252125,24.36969767435183
833,1791274392.572461,-1.189298270089286,-1.230209113919005,0.18422099210778067,1.7209829206415521,8.06887384077062,-22.278988028960622,-5.753392981700148,24.383633106137395
834,1791274392.5976894,-1.237198660714286,-1.2493692701690051,0.21296122648278068,1.7711399107074814,8.038861561982287,-22.310334231940782,-5.748496801827781,24.401219728412126
835,1791274392.6176894,-1.198878348214286,-1.263739387356505,0.19380107023278068,1.7526851935805758,8.014983962809326,-22.335226230540805,-5.744587414965027,24.4152121281324
836,1791274392.627735,-1.194088309151786,-1.2254190748565053,0.16027079679528067,1.7184834963945794,8.002986875208284,-22.347728873444296,-5.742651596534168,24.42226099452932
837,1791274392.6477349,-1.198878348214286,-1.2014688795440052,0.19859110929528068,1.7088812688483868,7.979094833664487,-22.37252734490539,-5.7388373309801155,24.43624742211049
838,1791274392.672512,-1.150977957589286,-1.211048957669005,0.19859110929528068,1.6825065424594101,7.949569065785247,-22.403124054670382,-5.734082712524053,24.453533901968193
839,1791274392.692512,-1.194088309151786,-1.234999152981505,0.22733134367028066,1.7328442912543935,7.925793405791758,-22.42778597627688,-5.730181615745334,24.467504291578244
840,1791274392.7180912,-1.265938895089286,-1.211048957669005,0.19859110929528068,1.7631447168800967,7.895227049318664,-22.459288985312355,-5.725123557517118,24.48532849759021
841,1791274392.7380912,-1.213248465401786,-1.2206290357940053,0.19380107023278068,1.731896629896416,7.871193825784963,-22.483873445551545,-5.7211733767768855,24.499226154427692
842,1791274392.7480714,-1.179718191964286,-1.234999152981505,0.20817118742028068,1.7205502502363854,7.859208746514585,-22.496139239923643,-5.719196989836208,24.50617589571811
843,1791274392.7680714,-1.146187918526786,-1.234999152981505,0.15548075773278067,1.6920827162012384,7.835304857094535,-22.520737429326847,-5.715284992714133,24.52019777881565
844,1791274392.7925346,-1.179718191964286,-1.273319465481505,0.16985087492028067,1.744112035775447,7.8061848889434255,-22.550913930658414,-5.710620845672914,24.537551468542386
845,1791274392.8125346,-1.213248465401786,-1.2876895826690051,0.17943095304528067,1.7782889998604847,7.78235935481183,-22.57572573559949,-5.706855708073868,24.551918696696838
846,1791274392.8376303,-1.232408621651786,-1.1870987623565052,0.22733134367028066,1.7261848169083567,7.7523446339606705,-22.60684721185087,-5.702074332714519,24.56994179642007
847,1791274392.8576303,-1.194088309151786,-1.254159309231505,0.20817118742028068,1.744161032203445,7.728372733813285,-22.631590976666658,-5.698182146191847,24.584261937651654
848,1791274392.8673892,-1.227618582589286,-1.273319465481505,0.18422099210778067,1.7782933445935765,7.716657752025537,-22.643703510439163,-5.6962806393373455,24.59129375719505
849,1791274392.8873892,-1.237198660714286,-1.2206290357940053,0.20338114835778068,1.749845610505097,7.692553158487712,-22.66854433206737,-5.6923868323667115,24.60572177523685
850,1791274392.9122798,-1.189298270089286,-1.1152481764190052,0.22733134367028066,1.6461738699354391,7.662524231624138,-22.699182911989602,-5.687463698748507,24.623452759448053
851,1791274392.9322798,-1.184508231026786,-1.0146573561065053,0.24170146085778066,1.578293032314353,7.638454175800831,-22.723303501473215,-5.683397716772771,24.637278945185727
852,1791274392.9576814,-1.261148856026786,-1.1008780592315053,0.2656516561702807,1.6949925488865756,7.607809628108611,-22.753373682515964,-5.678041641619871,24.654308713848
853,1791274392.9776814,-1.352159598214286,-1.2014688795440052,0.19859110929528068,1.8196981827343996,7.583380844021043,-22.776951630614704,-5.673760731551006,24.667564765248258
854,1791274392.9882107,-1.285099051339286,-1.2158389967315053,0.17464091398278067,1.777707368090414,7.5703664572710485,-22.78941157843075,-5.67155030666661,24.674566080673806
855,1791274393.0082107,-1.323419363839286,-1.1200382154815052,0.28960185148278067,1.757780887683681,7.545441385305082,-22.813032523011877,-5.667285115281907,24.687775500700102
856,1791274393.0322847,-1.136607840401786,-1.1296182936065051,0.2560715780452807,1.6228023678796766,7.515497599581219,-22.841262155715626,-5.661935943976357,24.703511484587153
857,1791274393.0522847,-1.079127371651786,-1.1966788404815052,0.18422099210778067,1.6218796211301956,7.491029103743188,-22.864686039862477,-5.657498172016378,24.716728551751707
858,1791274393.0774987,-1.155767996651786,-1.230209113919005,0.20817118742028068,1.7007496492211414,7.460582514179287,-22.894376296568428,-5.652000649418569,24.73373948275472
859,1791274393.0974987,-1.179718191964286,-1.1870987623565052,0.22254130460778065,1.6883314592509266,7.436551311117225,-22.918020290411878,-5.647647991503806,24.747401424605105
860,1791274393.1225286,-1.323419363839286,-1.091297981106505,0.18901103117028067,1.7257158706044189,7.4062886024230865,-22.947449203944853,-5.642245173876556,24.76435879307487
861,1791274393.1425285,-1.428800223214286,-1.1775186842315053,0.11237040617028066,1.8548982284088698,7.381606235427251,-22.970840164326717,-5.638123578080562,24.777732865451025
862,1791274393.152589,-1.304259207589286,-1.258949348294005,0.17943095304528067,1.8216039660316043,7.368990497850888,-22.982679939941576,-5.636141115852644,24.78450493467671
863,1791274393.172589,-1.265938895089286,-1.1439884107940053,0.25128153898278066,1.7246603091520458,7.343817546768023,-23.00629080579756,-5.632145148389948,24.79802677177512
864,1791274393.1977794,-1.304259207589286,-0.9475968092315052,0.2943918905452807,1.6388100495987894,7.312011795995438,-23.035519970048227,-5.626836173437823,24.814551821823734
865,1791274393.2177794,-1.376109793526786,-0.8757462232940052,0.26086161710778066,1.6518651260723842,7.286526789714971,-23.057980601181953,-5.622420474519696,24.826911891212237
866,1791274393.2429428,-1.476700613839286,-1.0002872389190052,0.23212138273278066,1.7986382625695776,7.253887967531309,-23.085541589300277,-5.616767737746267,24.841682731582328
867,1791274393.2629428,-1.5677113560267861,-1.0817179029815052,0.18901103117028067,1.9140422376086956,7.227271107093379,-23.1072843404121,-5.612317144534139,24.853131411854584
868,1791274393.2726912,-1.558131277901786,-1.1727286451690053,0.25128153898278066,1.9662675215263405,7.213958067268623,-23.117940880838013,-5.610151306669318,24.85868418178957
869,1791274393.2926912,-1.620401785714286,-1.1104581373565052,0.28960185148278067,1.9856204205108239,7.185974144996284,-23.1399492120316,-5.605563056270019,24.87001831776117
870,1791274393.3330905,-1.586871512276786,-1.0098673170440051,0.2560715780452807,1.8983060468722823,7.1282086488938825,-23.184161386987434,-5.596031794417631,24.89241389669105
871,1791274393.3530905,-1.4096400669642861,-1.1056680982940053,0.23691142179528066,1.8071286848902657,7.0994062324146965,-23.205939118747693,-5.59128157675045,24.90340556844349
872,1791274393.3626478,-1.356949637276786,-1.0769278639190052,0.23691142179528066,1.748488765753962,7.085724095578784,-23.21634934237851,-5.589012484074828,24.90870175848531
873,1791274393.3826478,-1.237198660714286,-0.9954971998565052,0.23212138273278066,1.6048537432791634,7.05749573242763,-23.23797519540426,-5.584272779725014,24.91978811454535
874,1791274393.3932297,-1.141397879464286,-1.0194473951690053,0.21296122648278068,1.545126077298383,7.042912705321519,-23.249300236591306,-5.581787933937697,24.925668243908653
875,1791274393.4132297,-1.150977957589286,-1.0625577467315053,0.23691142179528066,1.5842683629273795,7.01604644477199,-23.270616972045545,-5.577121209430529,24.936936519138264
876,1791274393.4523566,-1.146187918526786,-1.1056680982940053,0.21296122648278068,1.6067361862318588,6.96462964084077,-23.31242712920182,-5.568040784450301,24.959535309490935
877,1791274393.4723566,-1.141397879464286,-1.0577677076690053,0.20338114835778068,1.5694029228149924,6.9388585084703225,-23.333838106497616,-5.563470975947655,24.971342925061585
878,1791274393.4825332,-1.136607840401786,-1.1535684889190052,0.20817118742028068,1.6327684724913263,6.925973590640048,-23.344786335140757,-5.561180378292157,24.97748759206017
879,1791274393.5025332,-1.150977957589286,-1.211048957669005,0.22254130460778065,1.6855012515522263,6.901018117554908,-23.36662213998605,-5.556707894799396,24.98999967826797
880,1791274393.5123985,-1.179718191964286,-1.1296182936065051,0.19380107023278068,1.6447891526044693,6.888830438913944,-23.377509197405548,-5.554524644242639,24.99633303335485
881,1791274393.5323985,-1.160558035714286,-1.1439884107940053,0.21775126554528068,1.6440863882225187,6.864318063859498,-23.39968032110973,-5.5501451109825055,25.00935849566959
882,1791274393.5580864,-1.256358816964286,-1.1296182936065051,0.25128153898278066,1.708103444773743,6.8329005479707785,-23.428265702870377,-5.544460171014739,25.02625026508607
883,1791274393.5780864,-1.366529715401786,-1.1679386061065051,0.24649149992028066,1.8144536671524687,6.808174461899112,-23.45062951759309,-5.539951283132549,25.039455355389535
884,1791274393.6028168,-1.304259207589286,-1.1535684889190052,0.17943095304528067,1.7504307487355926,6.777232501284871,-23.478440782923162,-5.5344222458012755,25.05589534557729
885,1791274393.6228168,-1.285099051339286,-1.0865079420440051,0.22733134367028066,1.6981338638908203,6.752078617784497,-23.50091866922567,-5.53001138083356,25.06919962484744
886,1791274393.6473489,-1.309049246651786,-1.0002872389190052,0.24649149992028066,1.6658158811935864,6.72107982813904,-23.528193943675387,-5.524540760101629,25.085242173785065
887,1791274393.6673489,-1.323419363839286,-1.0050772779815051,0.23212138273278066,1.6779450180566913,6.695649912234436,-23.550102921753922,-5.520031867973696,25.098004446486435
888,1791274393.6773918,-1.385689871651786,-1.0481876295440051,0.26086161710778066,1.7569526204219368,6.682755266587391,-23.561000753262004,-5.517736041396118,25.104290180581405
889,1791274393.6973917,-1.380899832589286,-1.0769278639190052,0.20338114835778068,1.7629582704186733,6.65677816076644,-23.582635570384397,-5.513153450624231,25.1166927937845
890,1791274393.7224607,-1.332999441964286,-1.1104581373565052,0.22733134367028066,1.7497669350268659,6.623998678180359,-23.609798696333588,-5.5074611903433555,25.132291613242685
891,1791274393.7424607,-1.332999441964286,-1.1056680982940053,0.26086161710778066,1.751410357152848,6.597771006437441,-23.631542952379707,-5.502868821864248,25.144819940381343
892,1791274393.7524757,-1.304259207589286,-1.0433975904815052,0.23691142179528066,1.686978848172408,6.584626590037508,-23.64241236071243,-5.5005402434688015,25.151081736860082
893,1791274393.7724757,-1.256358816964286,-1.0577677076690053,0.22733134367028066,1.6580077020828878,6.558473672257966,-23.6640143867873,-5.495891233739211,25.163544548828348
894,1791274393.7969642,-1.232408621651786,-1.0817179029815052,0.18901103117028067,1.6506573848792525,6.526683805374542,-23.690426364490104,-5.49028806157607,25.178903189490818
895,1791274393.8169641,-1.227618582589286,-1.0625577467315053,0.23212138273278066,1.6401087420593303,6.500925109533502,-23.71197808028846,-5.485766618006345,25.191537609822003
896,1791274393.85698,-1.241988699776786,-1.0386075514190052,0.26086161710778066,1.6399055946968102,6.449706065585401,-23.754936635743867,-5.476597556131817,25.216836512387594
897,1791274393.87698,-1.304259207589286,-1.0960880201690053,0.22733134367028066,1.718772983367605,6.4241272933395015,-23.776388773912117,-5.471969971684527,25.22951703818884
898,1791274393.887168,-1.361739676339286,-1.1487784498565052,0.21296122648278068,1.794262900735672,6.41101501508315,-23.787392499982392,-5.469629875599679,25.23604577678311
899,1791274393.907168,-1.356949637276786,-1.1391983717315053,0.24170146085778066,1.7881568288162253,6.385057176718852,-23.809185833788028,-5.465043079964324,25.24901940835896
900,1791274393.9176152,-1.256358816964286,-1.1344083326690053,0.23212138273278066,1.708566673710614,6.3714840152578756,-23.82064374566459,-5.462635239402992,25.25587576730064
901,1791274393.9376152,-1.270728934151786,-1.0769278639190052,0.3183420858577807,1.695838238690226,6.345606883926479,-23.842605276254258,-5.457891461591566,25.26905483572974
902,1791274393.9624045,-1.390479910714286,-1.0433975904815052,0.20817118742028068,1.7508421280042894,6.313396372971973,-23.869684904763492,-5.45191477204453,25.28525669034402
903,1791274393.9824045,-1.414430106026786,-1.0960880201690053,0.16985087492028067,1.7974623201903677,6.287099746531036,-23.891464748346127,-5.447249056239805,25.298265421269534
904,1791274394.0074117,-1.2898890904017861,-1.1823087232940053,0.21296122648278068,1.7626741805278983,6.254079385409233,-23.91888579563918,-5.441572310471422,25.31476478014204
905,1791274394.0274117,-1.246778738839286,-1.1296182936065051,0.20817118742028068,1.6952374335603029,6.2278270710033565,-23.94099457292328,-5.437081547820274,25.328223524848955
906,1791274394.0372183,-1.280309012276786,-1.0433975904815052,0.21296122648278068,1.6652994273477728,6.215026904371306,-23.951807367660408,-5.4349001356077995,25.33483323575666
907,1791274394.0572183,-1.194088309151786,-1.0577677076690053,0.21296122648278068,1.6093700312312778,6.189125980960672,-23.97370329679962,-5.430479733206527,25.34825122772674
908,1791274394.0826626,-1.218038504464286,-1.0673477857940052,0.26086161710778066,1.6403956466282903,6.15651406609436,-24.00143657156598,-5.424795381834831,25.365331219593784
909,1791274394.1026626,-1.280309012276786,-1.0577677076690053,0.23212138273278066,1.676885215697926,6.130977672474608,-24.023153570239415,-5.420258043755928,25.378731093980836
910,1791274394.1278067,-1.304259207589286,-1.1200382154815052,0.17943095304528067,1.7285176168125,6.0988148385950245,-24.050467826740267,-5.414633221106491,25.39564525739887
911,1791274394.1478066,-1.275518973214286,-1.1870987623565052,0.21296122648278068,1.7554214897291827,6.0731998092862876,-24.072395760352144,-5.410241677908816,25.409342938767946
912,1791274394.1569939,-1.2515687779017861,-1.1248282545440051,0.20817118742028068,1.6955819801210006,6.0614569658049415,-24.082550695750097,-5.408236790106512,25.415733979949117
913,1791274394.1769938,-1.304259207589286,-1.0721378248565052,0.22733134367028066,1.703599464629056,6.035894334997384,-24.10463677789639,-5.403873703656891,25.429655633190222
914,1791274394.2027621,-1.313839285714286,-1.1152481764190052,0.25128153898278066,1.7415781853036907,6.002839552435579,-24.13305180394306,-5.398170479370463,25.44756406001233
915,1791274394.222762,-1.275518973214286,-1.1200382154815052,0.19380107023278068,1.7085061047570163,5.977148445597308,-24.155150839175914,-5.393740295290064,25.461540604941465
916,1791274394.24735,-1.241988699776786,-1.052977668606505,0.19859110929528068,1.6403464053816048,5.945659101304263,-24.18225124694283,-5.388387210774666,25.47875299641704
917,1791274394.26735,-1.256358816964286,-1.0290274732940052,0.24170146085778066,1.6418753344692556,5.920139939690476,-24.20411139724305,-5.384025664999417,25.492642032497173
918,1791274394.2766457,-1.285099051339286,-1.0865079420440051,0.2656516561702807,1.7036871433170602,5.908286295306085,-24.21422254078926,-5.381948843840713,25.4990547581648
919,1791274394.2966456,-1.376109793526786,-1.0673477857940052,0.22733134367028066,1.7562998034204282,5.882616535887875,-24.235944584974014,-5.37741127861625,25.51279559933842
920,1791274394.322264,-1.313839285714286,-1.0673477857940052,0.20338114835778068,1.704924882812413,5.849499433085766,-24.263696647259877,-5.371643311392156,25.53033823655192
921,1791274394.342264,-1.227618582589286,-1.0481876295440051,0.24170146085778066,1.6322267879275825,5.823711166934009,-24.285285858538195,-5.367148139336736,25.544020829469524
922,1791274394.3683538,-1.309049246651786,-1.0769278639190052,0.2752317342952807,1.7173048831840978,5.7901529606903805,-24.313382757820147,-5.361152287842771,25.561854515858183
923,1791274394.3883538,-1.352159598214286,-1.0817179029815052,0.23691142179528066,1.7477345972574858,5.7642948805374665,-24.33492844820128,-5.356477222835958,25.575529051959546
924,1791274394.3974314,-1.241988699776786,-1.1200382154815052,0.17943095304528067,1.6820276458557284,5.752552793367543,-24.344739684843837,-5.354390147900899,25.581784687922564
925,1791274394.4174314,-1.165348074776786,-1.1152481764190052,0.20817118742028068,1.6263916728955075,5.726951792813332,-24.3664666089083,-5.349900174755571,25.59578292844547
926,1791274394.4422586,-1.232408621651786,-1.0721378248565052,0.24170146085778066,1.6512813577311647,5.695473945710948,-24.393464970851053,-5.344324857858577,25.61330445172459
927,1791274394.4622586,-1.313839285714286,-1.1152481764190052,0.23212138273278066,1.7389170480543112,5.670100717719487,-24.41523266385237,-5.339796531593962,25.627466811566638
928,1791274394.4874618,-1.328209402901786,-1.1631485670440052,0.20817118742028068,1.7777485902807548,5.63792837201088,-24.442855593044168,-5.334113808746012,25.645510250236605
929,1791274394.5074618,-1.261148856026786,-1.1152481764190052,0.19380107023278068,1.6946485732702692,5.612343572237338,-24.464905296171075,-5.329677762716796,25.659997205335998
930,1791274394.5315359,-1.218038504464286,-1.0817179029815052,0.23691142179528066,1.646164767502136,5.581690191754467,-24.491432178809635,-5.324361349995579,25.677506486247587
931,1791274394.5515358,-1.256358816964286,-1.0673477857940052,0.22254130460778065,1.6634883242932001,5.556332620605496,-24.513387813857594,-5.319917970403501,25.6920326466243
932,1791274394.5624738,-1.270728934151786,-1.091297981106505,0.22733134367028066,1.6903735822215762,5.5424717553937635,-24.52536499735468,-5.317483359521859,25.69996402121216
933,1791274394.5824738,-1.294679129464286,-1.1152481764190052,0.24170146085778066,1.7258018830262944,5.517080768003155,-24.547290030484653,-5.312995882151208,25.71450083678774
934,1791274394.6072032,-1.304259207589286,-1.0865079420440051,0.22733134367028066,1.7126795171663223,5.485574448552621,-24.57441695843166,-5.307409603298944,25.732510421151233
935,1791274394.6272032,-1.256358816964286,-1.0769278639190052,0.19380107023278068,1.6660642112092867,5.460074893569466,-24.596310181856037,-5.302937686624769,25.747078290821424
936,1791274394.6527781,-1.246778738839286,-1.052977668606505,0.25128153898278066,1.6511697689938565,5.427557212328617,-24.6241921107119,-5.297223281282066,25.765670744036594
937,1791274394.6727781,-1.299469168526786,-1.0673477857940052,0.24649149992028066,1.6995909729473184,5.402122918294677,-24.64590607674861,-5.292678182853131,25.780148578228328
938,1791274394.6971283,-1.356949637276786,-1.1056680982940053,0.21296122648278068,1.7632829454389143,5.3709500803880035,-24.672345989633985,-5.287135456230271,25.797782128135655
939,1791274394.7171283,-1.376109793526786,-1.1056680982940053,0.21296122648278068,1.778069906221481,5.345087286964582,-24.694121923837013,-5.282626937877705,25.812318048935268
940,1791274394.7273648,-1.280309012276786,-1.0769278639190052,0.20338114835778068,1.6853274704073509,5.331796201094764,-24.70527124287904,-5.28034585743077,25.81977014398697
941,1791274394.7473648,-1.241988699776786,-1.0673477857940052,0.24649149992028066,1.656057150507055,5.30593995913907,-24.727003572945815,-5.275882808570495,25.834330723984966
942,1791274394.7722185,-1.280309012276786,-1.0817179029815052,0.24649149992028066,1.6941259835327518,5.273926803172911,-24.75396499378095,-5.270249629472431,25.852439304551375
943,1791274394.7922184,-1.299469168526786,-1.1104581373565052,0.22733134367028066,1.724359862264229,5.2481600782632,-24.775694919318834,-5.265685790357945,25.867077333649704
944,1791274394.8027592,-1.2515687779017861,-1.1344083326690053,0.24170146085778066,1.7063781137919662,5.234600336227921,-24.78720420600012,-5.263270480392697,25.874863268812856
945,1791274394.8227592,-1.227618582589286,-1.1056680982940053,0.21775126554528068,1.6664227979568034,5.209012529706624,-24.8091263906629,-5.258685911944668,25.889772909838594
946,1791274394.8477676,-1.275518973214286,-1.1008780592315053,0.20338114835778068,1.697128470044116,5.177121313569406,-24.836565268384053,-5.253023268980021,25.908527802454564
947,1791274394.8677676,-1.265938895089286,-1.1008780592315053,0.20338114835778068,1.689940140627631,5.1516304428509,-24.858520021498798,-5.248563832097468,25.923594198694097
948,1791274394.8919957,-1.275518973214286,-1.0433975904815052,0.24649149992028066,1.6662488536785813,5.1207645177445675,-24.8850231010993,-5.243154505130108,25.941805510663745
949,1791274394.9119956,-1.342579520089286,-1.0625577467315053,0.2752317342952807,1.7341572133072305,5.095179863963872,-24.906778289064015,-5.238576390797933,25.956716764432265
950,1791274394.921985,-1.361739676339286,-1.0960880201690053,0.18901103117028067,1.7582573941202937,5.082291990696091,-24.91763156990559,-5.236284971533662,25.964143260184006
951,1791274394.941985,-1.313839285714286,-1.1104581373565052,0.19859110929528068,1.7316839700703575,5.056345710036734,-24.939411780017924,-5.231803972310956,25.979081290095547
952,1791274394.967413,-1.261148856026786,-1.0433975904815052,0.23691142179528066,1.6538748412916084,5.023394963868743,-24.967057137652635,-5.226130837111841,25.998093826364357
953,1791274394.987413,-1.294679129464286,-1.0002872389190052,0.2560715780452807,1.6560015886759314,4.99753193102056,-24.988605027213424,-5.221598576181295,26.012896768688115
954,1791274395.012254,-1.299469168526786,-1.0817179029815052,0.21775126554528068,1.7047431933370414,4.965394018395237,-25.015233078656316,-5.215930887627239,26.03119203497835
955,1791274395.032254,-1.246778738839286,-1.1248282545440051,0.22254130460778065,1.6938773444670445,4.939581073018189,-25.036765798968126,-5.211391767330094,26.046068935674256
956,1791274395.0428174,-1.203668387276786,-1.0960880201690053,0.2656516561702807,1.649483960793048,4.926051136980724,-25.048192307970268,-5.2089671850476975,26.054006540954767
957,1791274395.0628173,-1.270728934151786,-1.0769278639190052,0.20817118742028068,1.678648531244005,4.900565374397103,-25.06984088466293,-5.204354491614052,26.069096045805658
958,1791274395.0873997,-1.275518973214286,-1.0481876295440051,0.16506083585778067,1.6591838467429632,4.869244599047783,-25.096376317868273,-5.198847249043985,26.087653401030682
959,1791274395.1073997,-1.237198660714286,-1.0577677076690053,0.24649149992028066,1.6462961790010675,4.843815599738876,-25.11788586419211,-5.194421379747386,26.10273459469778
960,1791274395.1320388,-1.213248465401786,-1.0194473951690053,0.2656516561702807,1.6068029228074836,4.812659000564597,-25.144248444852696,-5.188840361593325,26.12123620371541
961,1791274395.1520388,-1.347369559151786,-0.9571768873565052,0.27044169523278067,1.6747331229598184,4.78732130808386,-25.165402472398235,-5.184185549865032,26.136023161912952
962,1791274395.1623895,-1.4096400669642861,-1.0338175123565052,0.23212138273278066,1.7634466545852323,4.774034847330037,-25.176253856797743,-5.181747732161182,26.143558987735435
963,1791274395.1823895,-1.361739676339286,-1.1008780592315053,0.2752317342952807,1.7725743863029098,4.748056114941285,-25.197278197441783,-5.1769828344244,26.158134809229637
964,1791274395.2073994,-1.280309012276786,-1.0290274732940052,0.26086161710778066,1.6631709145457931,4.7154869902585315,-25.223620549966746,-5.170912554988088,26.176424275583088
965,1791274395.2273993,-1.309049246651786,-0.9715470045440052,0.24649149992028066,1.648718160187176,4.689464713557946,-25.244527121901122,-5.166025369052312,26.19093444346342
966,1791274395.2527058,-1.337789481026786,-0.9715470045440052,0.20338114835778068,1.6658175677701557,4.6564534263208515,-25.27070064038071,-5.159915223489105,26.20907465899603
967,1791274395.2727058,-1.270728934151786,-1.0146573561065053,0.16027079679528067,1.63400376459082,4.630364841354019,-25.291262384801897,-5.155265167173447,26.22336726137234
968,1791274395.3123314,-1.160558035714286,-1.091297981106505,0.20817118742028068,1.6065993530124756,4.57920367851088,-25.332148981755864,-5.146339065497348,26.252079615531915
969,1791274395.3323314,-1.2898890904017861,-1.0242374342315053,0.27044169523278067,1.6691359734123115,4.553579120758269,-25.352863232691124,-5.141791718088093,26.266723796026533
970,1791274395.3273795,-1.404850027901786,-1.091297981106505,0.18422099210778067,1.7884273142613198,4.553579120758269,-25.352863232691124,-5.141791718088093,26.266723796026533
971,1791274395.3473794,-1.414430106026786,-1.1870987623565052,0.16027079679528067,1.8535109184271579,4.527400672514918,-25.373944175929974,-5.137409828020832,26.281692860882156
972,1791274395.3726246,-1.232408621651786,-1.1870987623565052,0.20817118742028068,1.7237661458509885,4.494301754430255,-25.401057654954492,-5.1320107995057604,26.301140908645785
973,1791274395.3926246,-1.328209402901786,-0.9859171217315053,0.29918192960778067,1.6809766851101442,4.46817218604119,-25.42257525611931,-5.127614091900523,26.31661683447587
974,1791274395.4179401,-1.471910574776786,-0.9140665357940052,0.22254130460778065,1.746872349158551,4.4347426146030795,-25.449333705758153,-5.121893049634243,26.335704215697483
975,1791274395.4379401,-1.380899832589286,-1.1152481764190052,0.14111064054528066,1.7806108658340076,4.408014640345131,-25.470346618618183,-5.1175057545026945,26.35067390199765
976,1791274395.4473064,-1.332999441964286,-1.1966788404815052,0.2752317342952807,1.8123686896149045,4.395468681002673,-25.48033522683426,-5.1154668487526,26.357838099476467
977,1791274395.4673064,-1.4096400669642861,-1.0386075514190052,0.34229228117028065,1.7840837340227091,4.368583545986159,-25.501817686901276,-5.110839906858557,26.373242350680922
978,1791274395.492786,-1.366529715401786,-1.0625577467315053,0.22254130460778065,1.7452670456041255,4.334164946002109,-25.529095915703675,-5.104750096048042,26.392767903261944
979,1791274395.512786,-1.170138113839286,-1.2397891920440052,0.21775126554528068,1.7186378501054433,4.307395824740673,-25.550749493416983,-5.100026530169143,26.40842155591225
980,1791274395.5371532,-1.222828543526786,-1.211048957669005,0.25128153898278066,1.7392790565543472,4.275300118955367,-25.577653240802448,-5.094277564876002,26.42813274376135
981,1791274395.5571532,-1.309049246651786,-1.1918888014190052,0.23212138273278066,1.7855221033158395,4.249110586202141,-25.600027169562342,-5.089541668581978,26.444654776577014
982,1791274395.5675616,-1.328209402901786,-1.1966788404815052,0.20817118742028068,1.7998654695517795,4.235466726841782,-25.61178903224677,-5.087103003769165,26.453384146408506
983,1791274395.5875616,-1.208458426339286,-1.2014688795440052,0.21296122648278068,1.7173385573870403,4.209377289741001,-25.634596834764334,-5.082488248186735,26.470419317442882
984,1791274395.6119473,-1.203668387276786,-1.2206290357940053,0.24649149992028066,1.7319096076544676,4.177926780482053,-25.662664517844167,-5.07686524312502,26.491545501071432
985,1791274395.6319473,-1.227618582589286,-1.1823087232940053,0.17943095304528067,1.7137960113170896,4.152354776445551,-25.685835730261253,-5.072306397479053,26.509102201722012
986,1791274395.657457,-1.227618582589286,-1.1775186842315053,0.17464091398278067,1.7099991476224672,4.119932950633162,-25.71547215071237,-5.066686414794715,26.53169174171978
987,1791274395.677457,-1.227618582589286,-1.1439884107940053,0.2560715780452807,1.6974479436589864,4.0946439010810725,-25.738704386080506,-5.062295139493669,26.549460337830627
988,1791274395.687507,-1.2515687779017861,-1.0577677076690053,0.24649149992028066,1.6571225026348722,4.08197384501512,-25.750286830237417,-5.060040747711895,26.558309333980407
989,1791274395.707507,-1.265938895089286,-1.1823087232940053,0.20338114835778068,1.7440811606070152,4.056765287935476,-25.773239468106734,-5.0555524756646975,26.575850468347618
990,1791274395.732139,-1.328209402901786,-1.211048957669005,0.22733134367028066,1.8117558708730153,4.025582730331185,-25.801689427381692,-5.050058132382301,26.59766118977835
991,1791274395.752139,-1.332999441964286,-1.1727286451690053,0.24649149992028066,1.7924670281514186,4.00007020245511,-25.824899899369573,-5.045555464337006,26.615477571907835
992,1791274395.7772014,-1.328209402901786,-1.1727286451690053,0.21775126554528068,1.78517458720519,3.967893334756052,-25.854031222818286,-5.039886823550704,26.63785965840094
993,1791274395.7972014,-1.313839285714286,-1.211048957669005,0.19859110929528068,1.7978463992367477,3.9421044260707965,-25.877366907017024,-5.035417223959821,26.655838609313683
994,1791274395.8072555,-1.476700613839286,-1.1679386061065051,0.2656516561702807,1.9013931978876286,3.928980591695853,-25.889132143732287,-5.033157297265741,26.6648968500644
995,1791274395.8272555,-1.443170340401786,-1.1727286451690053,0.21775126554528068,1.8722843588146296,3.902410367937487,-25.912536379345557,-5.028610998908788,26.682864854978362
996,1791274395.85343,-1.280309012276786,-1.2158389967315053,0.16506083585778067,1.773330401370343,3.8675067024093663,-25.9432606766307,-5.022802114214229,26.706533352484165
997,1791274395.87343,-1.184508231026786,-1.1583585279815052,0.15069071867028067,1.6635990867426718,3.8411400605418486,-25.96677695059112,-5.0185557018074105,26.72477808137223
998,1791274395.897677,-1.203668387276786,-1.1679386061065051,0.21775126554528068,1.6912462232951404,3.80962640679732,-25.99524078381242,-5.013509773649143,26.74698257782039
999,1791274395.917677,-1.328209402901786,-1.1535684889190052,0.24649149992028066,1.7764060729789644,3.783733772700181,-26.018679575087756,-5.009275614119249,26.765297873776234
1000,1791274395.942764,-1.275518973214286,-1.1966788404815052,0.21775126554528068,1.7624995069310962,3.7512279515092475,-26.048092167207496,-5.003887649764426,26.788312905201508
1001,1791274395.962764,-1.198878348214286,-1.234999152981505,0.19859110929528068,1.73261958616806,3.7254891804179913,-26.071670769902816,-4.99961204757592,26.80685373172097
1002,1791274395.9723117,-1.261148856026786,-1.2014688795440052,0.23691142179528066,1.757882512384562,3.713283379256198,-26.082983151869723,-4.9975652480259765,26.815781584053394
1003,1791274395.9923117,-1.356949637276786,-1.258949348294005,0.21775126554528068,1.863781476815904,3.687623441453855,-26.106815809918075,-4.993238866866572,26.834620041292467
1004,1791274396.017573,-1.366529715401786,-1.268529426419005,0.19859110929528068,1.8751023431957377,3.6549147418301975,-26.13719137889603,-4.987805213720273,26.858692741775425
1005,1791274396.037573,-1.309049246651786,-1.2062589186065051,0.19859110929528068,1.7911194649069262,3.628889639289279,-26.1613451856778,-4.9835527945512155,26.87788348055716
1006,1791274396.0625129,-1.328209402901786,-1.1344083326690053,0.2560715780452807,1.7653880979173366,3.59637160599984,-26.191324985776994,-4.9781950402336745,26.90170662054055
1007,1791274396.0825129,-1.304259207589286,-1.1056680982940053,0.21296122648278068,1.7230631178664246,3.57025726869262,-26.21512057051809,-4.973839424474676,26.920593643378517
1008,1791274396.108179,-1.294679129464286,-1.1487784498565052,0.18422099210778067,1.7406387761561248,3.5367684563951176,-26.24541691457776,-4.968323685678415,26.944663300546715
1009,1791274396.128179,-1.309049246651786,-1.1679386061065051,0.24170146085778066,1.7709065796857835,3.5106816156315364,-26.26895871343069,-4.964031463376622,26.96339529183319
1010,1791274396.1370094,-1.280309012276786,-1.1679386061065051,0.22254130460778065,1.7472253394475763,3.499176662138444,-26.27934066830042,-4.962113186236895,26.971661990809334
1011,1791274396.1570094,-1.246778738839286,-1.211048957669005,0.18422099210778067,1.747865605653375,3.4732368630434673,-26.302896336519453,-4.957810003799175,26.990472578861297
1012,1791274396.212499,-1.270728934151786,-1.2158389967315053,0.22254130460778065,1.772721388803142,3.401585684292472,-26.36854786757186,-4.945968946549432,27.04318233182336
1013,1791274396.232499,-1.352159598214286,-1.2206290357940053,0.24649149992028066,1.8382135027246893,3.3757000311779355,-26.392315815614428,-4.941637727268628,27.06232562510456
1014,1791274396.212499,-1.352159598214286,-1.2158389967315053,0.18422099210778067,1.8277137136185382,3.3757000311779355,-26.392315815614428,-4.941637727268628,27.06232562510456
1015,1791274396.232499,-1.261148856026786,-1.2158389967315053,0.16985087492028067,1.760002904185652,3.3496296841725184,-26.416242165365716,-4.937428156140591,27.081655524679157
1016,1791274396.2573342,-1.194088309151786,-1.211048957669005,0.22254130460778065,1.7152291684147305,3.3175390965911102,-26.446016952076782,-4.932254050185888,27.105811338207868
1017,1791274396.2773342,-1.270728934151786,-1.1823087232940053,0.24170146085778066,1.7524341749259573,3.291875624140496,-26.46998805206073,-4.928015972010012,27.125302837414257
1018,1791274396.302414,-1.299469168526786,-1.1823087232940053,0.20338114835778068,1.7685694582447498,3.259686710300433,-26.49998639098407,-4.922661458034822,27.149722503224073
1019,1791274396.322414,-1.280309012276786,-1.211048957669005,0.19859110929528068,1.7734906747652983,3.2339981884183393,-26.52391042818937,-4.91842900895574,27.169238351515183
1020,1791274396.3329484,-1.227618582589286,-1.2014688795440052,0.22733134367028066,1.732701472454557,3.220515494630269,-26.53652774865758,-4.9161975496343935,27.17955156645265
1021,1791274396.3529484,-1.280309012276786,-1.1727286451690053,0.24170146085778066,1.752969833824266,3.1949960451317985,-26.560450115738146,-4.911893006029285,27.199121364148912
1022,1791274396.3773513,-1.356949637276786,-1.1727286451690053,0.23212138273278066,1.8084482656762149,3.1637025039206765,-26.589553227982968,-4.9065614700905,27.222925997343307
1023,1791274396.3973513,-1.323419363839286,-1.1487784498565052,0.19380107023278068,1.7631476382489548,3.1378816504192097,-26.61330985071353,-4.902208430716207,27.24236057980858
1024,1791274396.4379468,-1.265938895089286,-1.1487784498565052,0.23212138273278066,1.7251589924631223,3.0854489008273354,-26.661292721393153,-4.893401289685783,27.28167701365381
1025,1791274396.4579468,-1.318629324776786,-1.1296182936065051,0.24170146085778066,1.7530659946483875,3.0596150569083376,-26.68480385542536,-4.889002434540642,27.300958699355757
1026,1791274396.4523702,-1.332999441964286,-1.1870987623565052,0.19380107023278068,1.7954525442597518,3.0596150569083376,-26.68480385542536,-4.889002434540642,27.300958699355757
1027,1791274396.4723701,-1.342579520089286,-1.1823087232940053,0.22733134367028066,1.8033450099066495,3.0335559166078405,-26.708298569032017,-4.88463729848226,27.32023710529373
1028,1791274396.498481,-1.275518973214286,-1.1870987623565052,0.24170146085778066,1.759139482473962,2.9995106639206512,-26.739011026364064,-4.878874732144027,27.345478484439546
1029,1791274396.518481,-1.237198660714286,-1.2014688795440052,0.17464091398278067,1.7334034277751649,2.9735757898015955,-26.762589796654012,-4.874498392119707,27.36492463312189
1030,1791274396.5425606,-1.218038504464286,-1.230209113919005,0.17943095304528067,1.740467675436035,2.9426004204142955,-26.791111423929888,-4.869380280935521,27.38856354181454
1031,1791274396.5625606,-1.265938895089286,-1.1727286451690053,0.2656516561702807,1.7459852701915404,2.917006086917111,-26.81485187515048,-4.86509931079089,27.408290659966937
1032,1791274396.5727007,-1.323419363839286,-1.1727286451690053,0.2560715780452807,1.7867019731525768,2.9040067599149912,-26.826866766605033,-4.862857614505365,27.418267996971696
1033,1791274396.5927007,-1.337789481026786,-1.211048957669005,0.18901103117028067,1.814399471814615,2.878221615871223,-26.850585360799403,-4.8584317938094985,27.43797465890554
1034,1791274396.616919,-1.313839285714286,-1.1631485670440052,0.19859110929528068,1.7659350742294797,2.8468651429527876,-26.879310857166725,-4.8531723563013,27.461887684904834
1035,1791274396.636919,-1.2515687779017861,-1.1344083326690053,0.22254130460778065,1.7037697330637072,2.821006444502199,-26.902920972492186,-4.848848810572322,27.481567804619
1036,1791274396.662099,-1.2515687779017861,-1.1056680982940053,0.24170146085778066,1.6874080554461146,2.7886067330033515,-26.93241758532867,-4.843345271184562,27.50617090613992
1037,1791274396.6820989,-1.342579520089286,-1.1631485670440052,0.21775126554528068,1.789650795665532,2.7628411072967762,-26.955735210129443,-4.838940422001544,27.52562980406555
1038,1791274396.707162,-1.2898890904017861,-1.258949348294005,0.18422099210778067,1.8118235844145043,2.7304477503392417,-26.98512556552265,-4.833492865752583,27.550226859095694
1039,1791274396.727162,-1.198878348214286,-1.2781095045440052,0.21775126554528068,1.765867722415614,2.704742543891061,-27.008866305988118,-4.829194890266663,27.570194316537783
1040,1791274396.737988,-1.184508231026786,-1.234999152981505,0.19380107023278068,1.7221618716191032,2.6909801069634742,-27.021830201098574,-4.826883184783074,27.581143606323103
1041,1791274396.757988,-1.227618582589286,-1.2445792311065051,0.22733134367028066,1.762868227246473,2.665751093544325,-27.04590646059651,-4.8226214707483805,27.601539142196255
1042,1791274396.7827528,-1.304259207589286,-1.2254190748565053,0.21296122648278068,1.8022476171682555,2.634494852149593,-27.07583449151714,-4.817318218684483,27.626942128257724
1043,1791274396.8027527,-1.256358816964286,-1.302059699856505,0.17464091398278067,1.8177723696302168,2.609197825476541,-27.100170048387625,-4.81309635514661,27.647658607338215
1044,1791274396.8276765,-1.189298270089286,-1.3978604811065052,0.18422099210778067,1.8445546003872733,2.5778300016046845,-27.13099471349945,-4.807953477906224,27.674040151499725
1045,1791274396.8476765,-1.222828543526786,-1.2014688795440052,0.23212138273278066,1.7299472395707176,2.552816503251322,-27.155918538608784,-4.80382112003952,27.69544152253519
1046,1791274396.8573022,-1.313839285714286,-1.0050772779815051,0.2848118124202807,1.6785326246144463,2.540752408377691,-27.1677076256681,-4.801757420286206,27.705534370550144
1047,1791274396.8773022,-1.342579520089286,-0.9140665357940052,0.22733134367028066,1.6400356518797286,2.515461283010859,-27.191407145952727,-4.79734448853074,27.725704358680087
1048,1791274396.9174464,-1.2898890904017861,-0.9859171217315053,0.23691142179528066,1.640723455746868,2.46438544961458,-27.237562116659817,-4.788417702499426,27.764850617224358
1049,1791274396.9374464,-1.241988699776786,-1.0865079420440051,0.28002177335778067,1.6737525599838128,2.43895840419619,-27.260216131549583,-4.783862051291371,27.784046461269476
1050,1791274396.947875,-1.265938895089286,-1.1152481764190052,0.2752317342952807,1.7094245489839517,2.42572708467847,-27.27197891984915,-4.7814086096045365,27.794007526552182
1051,1791274396.967875,-1.170138113839286,-1.0769278639190052,0.24649149992028066,1.6092715398830189,2.4005043277011486,-27.29444194290543,-4.7766266199546195,27.813039098027495
1052,1791274396.9779341,-1.136607840401786,-1.1631485670440052,0.26086161710778066,1.6470703552548753,2.3879809855785568,-27.305735165335292,-4.774199493152277,27.822627606093004
1053,1791274396.997934,-1.462330496651786,-1.354750129544005,0.3375022421077807,2.021797754070653,2.362918041587868,-27.328597638662146,-4.769200086090052,27.84207068499599
1054,1791274397.0225182,-1.8886439732142861,-1.670892707669005,0.27044169523278067,2.5361382471427865,2.3305531524092347,-27.358063576945575,-4.762855659409936,27.867183472837258
1055,1791274397.0425181,-1.816793387276786,-1.6852628248565051,0.03093974210778066,2.4782667871998125,2.302614536261383,-27.38347363336046,-4.758016388301708,27.88898316330119
1056,1791274397.0826995,-1.040807059151786,-1.737953254544005,0.04051982023278066,2.0261793368781515,2.2462917738089883,-27.43718288842174,-4.749536960620898,27.935692812709853
1057,1791274397.1026995,-0.978536551339286,-2.010985481106505,0.32313212492028065,2.2596483703628847,2.2194336740205824,-27.465529653260898,-4.745403998992589,27.960687832762357
1058,1791274397.0972323,-1.946124441964286,-1.987035285794005,0.4859934530452807,2.8234551894804607,2.2194336740205824,-27.465529653260898,-4.745403998992589,27.960687832762357
1059,1791274397.1172323,-2.094615652901786,-2.125946418606505,0.6009543905452807,3.0443733489312135,2.19023865335122,-27.49727712914659,-4.7397558798775785,27.988616983991115
1060,1791274397.1425867,-1.270728934151786,-1.905604621731505,0.6584348592952807,2.383194801603554,2.1523797283632096,-27.539153328055765,-4.731274851025529,28.025393239652864
1061,1791274397.1625867,-1.203668387276786,-1.6804727857940052,0.6201145467952807,2.1580890670847857,2.123283923230652,-27.572610213038867,-4.723670542922566,28.054772000087603
1062,1791274397.1869624,-1.385689871651786,-1.340380012356505,0.4476731405452807,1.9791832251433525,2.0884078194987645,-27.612793100603568,-4.713840625062629,28.08999970586996
1063,1791274397.2069623,-1.208458426339286,-1.622992317044005,0.07884013273278066,2.0250164433662294,2.060193452922821,-27.645262337903304,-4.706195315298505,28.118556170982508
1064,1791274397.217558,-1.026436941964286,-1.814593879544005,0.006989546795280657,2.0847955768544697,2.045712195016071,-27.662615352736733,-4.702684336598022,28.133973528600396
1065,1791274397.237558,-0.739034598214286,-1.5990421217315052,-0.16545185945471935,1.7693168631498342,2.019829621503111,-27.69557774402523,-4.697288860798714,28.16361590628999
1066,1791274397.2626429,-0.719874441964286,-1.421810676419005,-0.4097438516422194,1.6454953162288435,1.9894911384403406,-27.73640270690655,-4.692618835092546,28.200829449523127
1067,1791274397.2826428,-0.901895926339286,-1.819383918606505,-0.6061354532047194,2.119191896186622,1.9664982185924433,-27.76893140551294,-4.690977795163838,28.2309393985133
1068,1791274397.306898,-1.107867606026786,-1.9199747389190052,-0.5773952188297193,2.29064595022846,1.9391399098883275,-27.80926605917054,-4.691439143531276,28.268801594289663
1069,1791274397.326898,-1.021646902901786,-1.5942520826690052,-0.5151247110172193,1.9623342134315056,1.9167708105210985,-27.842807056860426,-4.69340127068244,28.300599474803814
1070,1791274397.351995,-0.8635756138392859,-1.311639777981505,-0.6205055703922194,1.6885463899132427,1.8893630123778187,-27.88405218605195,-4.6976316721497025,28.340038853787654
1071,1791274397.371995,-0.868365652901786,-1.2158389967315053,-0.8647975625797194,1.7263250555316754,1.8681997722459087,-27.91578178001833,-4.702725188819079,28.370700854581944
1072,1791274397.383624,-1.074337332589286,-1.0769278639190052,-0.7402565469547194,1.691731090803009,1.8560457148793394,-27.93346344452283,-4.706642496004826,28.387951128734418
1073,1791274397.403624,-1.036017020089286,-0.9380167311065052,-0.21814228914221936,1.414493800644819,1.8351128014296016,-27.96233376513315,-4.71380660071961,28.416187662240407
1074,1791274397.4272206,-1.165348074776786,-0.6458243482940051,-0.13192158601721934,1.338853438242079,1.8102243180591049,-27.994089446711968,-4.721610668438761,28.447136294124892
1075,1791274397.4472206,-1.304259207589286,-0.2338809889190051,-0.15108174226721935,1.333648413340511,1.7885891428816838,-28.018287205550703,-4.7276575696979535,28.47058508620929
1076,1791274397.471835,-1.299469168526786,-0.1380802076690051,-0.026540726642219344,1.3070541969911995,1.761149687498062,-28.04428739610818,-4.73431119917608,28.49556818713975
1077,1791274397.4918349,-1.337789481026786,0.0774715501434949,-0.10318135164221935,1.343997369028031,1.7382426387170897,-28.062335439842126,-4.7391011366995865,28.512720624190543
1078,1791274397.5019403,-1.543761160714286,0.1445320970184949,-0.007380570392219343,1.5505297550249715,1.7262206137736575,-28.069918432954168,-4.74124210802422,28.519809521927375
1079,1791274397.5219402,-1.457540457589286,0.36487389389349495,0.11237040617028066,1.5067130623106249,1.7014943493309036,-28.081910981914096,-4.744686319597633,28.530700231300482
1080,1791274397.5470257,-1.625191824776786,0.2690731126434949,0.09800028898278067,1.6502281248087087,1.6693329932117744,-28.093503916011798,-4.7479625126124825,28.540756523651737
1081,1791274397.5670257,-1.792843191964286,0.015201042330994898,0.17464091398278067,1.8013931362968438,1.642410739604696,-28.100933840147047,-4.749773771679318,28.546809744838793
1082,1791274397.5924065,-2.061085379464286,0.1062117845184949,0.5434739217952806,2.1341784808875723,1.6060338519978063,-28.108717286759248,-4.7503605761933025,28.55250002792352
1083,1791274397.6124065,-2.099405691964286,0.7193367845184949,0.5147336874202807,2.2781352984357026,1.5754280388687338,-28.112692284067762,-4.74916630542661,28.554509653659547
1084,1791274397.6226006,-1.955704520089286,0.8774080735809949,0.2752317342952807,2.1611056441196865,1.5590677747943633,-28.113193645245424,-4.748044918080898,28.553918816960724
1085,1791274397.6426005,-2.008394949776786,0.4415145188934949,0.28002177335778067,2.0753307057519987,1.5258386706848803,-28.112051351046308,-4.745341973032638,28.550549648892
1086,1791274397.6676939,-2.223946707589286,0.6283260423309949,0.6584348592952807,2.4029708773940133,1.4824356661897395,-28.10881969336081,-4.740693197125123,28.54430822506526
1087,1791274397.6876938,-2.3053773716517862,1.308511589205995,0.8500364217952807,2.783797644080658,1.4462374283641362,-28.103725086710607,-4.735281083498474,28.53653541319175
1088,1791274397.7126274,-2.118565848214286,1.294141472018495,0.9314670858577807,2.651556964286172,1.3996060970134172,-28.093459435339522,-4.726214541610772,28.52259567720297
1089,1791274397.7326274,-2.180836356026786,1.059429557955995,1.0560081014827807,2.6445399052455785,1.3613632508022984,-28.082929849368195,-4.717051664771548,28.508855382727912
1090,1791274397.7426822,-2.343697684151786,1.289351432955995,1.2092893514827807,2.9355964790777644,1.3416089090953802,-28.076658991725818,-4.711427799624058,28.500811330797106
1091,1791274397.7626822,-2.377227957589286,1.6581844407684951,0.9889475546077807,3.0624835783585134,1.301128295598884,-28.061635373359984,-4.698622017395109,28.48201824891218
1092,1791274397.7875812,-2.176046316964286,1.710874870455995,0.7973459921077807,2.8806303176669497,1.2497884555831462,-28.03944578173325,-4.68173505645254,28.455072202847848
1093,1791274397.8075812,-2.199996512276786,1.6965047532684951,0.6249045858577806,2.847563655709685,1.2081717351844743,-28.019184606377387,-4.668071982859676,28.431061903930242
1094,1791274397.8321307,-2.070665457589286,1.959956901705995,0.5626340780452807,2.9061389504936397,1.1568875691779494,-27.99131270790345,-4.65163004970933,28.398761206762426
1095,1791274397.8521307,-2.085035574776786,2.084497917330995,0.6201145467952807,3.0128137955388374,1.1151408542674048,-27.96594534810185,-4.638470247440654,28.369932050927936
1096,1791274397.8626552,-2.314957449776786,1.8593660813934951,0.5147336874202807,3.013506427383045,1.0929947928134152,-27.951485683880602,-4.631688191846676,28.353707430595236
1097,1791274397.8826551,-2.444288504464286,1.926426628268495,0.5578440389827807,3.1617804824160074,1.0500839434111398,-27.92245066097218,-4.6191244395335636,28.321409530433545
1098,1791274397.9067469,-2.377227957589286,1.988697136080995,0.7207053671077807,3.1820661978624583,0.9974356662245344,-27.885647572031235,-4.603950240704912,28.280745680386065
1099,1791274397.9267468,-2.1425160435267863,1.7396151048309951,0.7207053671077807,2.852376541746161,0.9535055403687931,-27.854085526912915,-4.591080666681187,28.24601343630756
1100,1791274397.9522188,-2.496978934151786,1.452212761080995,0.6105344686702807,2.9523851439943907,0.8970853712586138,-27.813820136205123,-4.574605414791433,28.201779508278104
1101,1791274397.9722188,-2.449078543526786,1.4570028001434951,0.5147336874202807,2.8958234823542934,0.8520114257314978,-27.782583162778984,-4.561921917762949,28.167516437380012
1102,1791274397.9832425,-2.281427176339286,1.231870964205995,0.5291038046077807,2.646198569541539,0.82698272376689,-27.765725208462733,-4.555116543488023,28.14904054318779
1103,1791274398.0032425,-2.243106863839286,0.9827889329559949,0.4333030233577807,2.486996984194933,0.7815986144948357,-27.73640619770465,-4.5431782164866314,28.11689160389192
1104,1791274398.0269704,-2.473028738839286,0.6858065110809949,0.3470823202327807,2.589723508559222,0.7274388271134103,-27.703870419428362,-4.529750404849368,28.081172379263354
1105,1791274398.0469704,-2.5784095982142863,0.8247176438934949,0.3662424764827807,2.731755625946991,0.6810585907260093,-27.678294192921765,-4.519059987052028,28.053051766260708
1106,1791274398.0722492,-2.525719168526786,0.9013582688934949,0.22254130460778065,2.6909531172844408,0.6215529981134267,-27.647543880628277,-4.506458452037093,28.01930010797319
1107,1791274398.0922492,-2.525719168526786,0.7768172532684949,0.22733134367028066,2.652240921005138,0.5739583690727823,-27.62434705140466,-4.4973091182446785,27.993923760897196
1108,1791274398.1177998,-2.415548270089286,0.532525261080995,0.3758225546077807,2.501939086263421,0.5128063529709778,-27.5966484882246,-4.486218020151893,27.963621551269284
1109,1791274398.1377997,-2.405968191964286,0.41277428451849496,0.39977274992028067,2.4736377669906466,0.46488685571728977,-27.576801421030677,-4.47767521415267,27.941826563899063
1110,1791274398.1470754,-2.726900809151786,0.44630455795599494,0.3279221639827807,2.7825723219776535,0.4424253847731011,-27.568379738359656,-4.4738012589905605,27.932529411502216
1111,1791274398.1670754,-2.975982840401786,0.6139559251434948,0.24649149992028066,3.0486347442613777,0.3927048289558325,-27.551354518624542,-4.465839651851576,27.913707684391696
1112,1791274398.1928349,-2.913712332589286,0.6379061204559949,0.35187235929528066,3.0034077200463716,0.32689320480625517,-27.53029713543223,-4.455967444578844,27.890495969051592
1113,1791274398.2128348,-2.789171316964286,0.49420494858099495,0.31355204679528065,2.8499175519000093,0.2749064317279102,-27.5147021266036,-4.448454134570761,27.873341221484548
1114,1791274398.2519376,-2.918502371651786,0.24512291733099492,0.20338114835778068,2.935831267195934,0.1717722101913748,-27.48661701114916,-4.434451973122211,27.84255707925757
1115,1791274398.2719376,-3.071783621651786,0.17327233139349493,0.28002177335778067,3.0893834518604413,0.11794906920866134,-27.473779382865843,-4.427639413755048,27.828518759350967
1116,1791274398.2669647,-2.985562918526786,0.15411217514349493,0.36145243742028066,3.011309410792372,0.11794906920866134,-27.473779382865843,-4.427639413755048,27.828518759350967
1117,1791274398.2869647,-2.942452566964286,0.3026033860809949,0.39019267179528067,2.9835961923868215,0.06244672562711893,-27.46340170889489,-4.420771994184935,27.817001241008025
1118,1791274398.3125522,-2.8945521763392863,0.1062117845184949,0.3566623983577807,2.9183764855007017,-0.009112137337411265,-27.451331732416463,-4.411870600892426,27.803602268649307
1119,1791274398.3325522,-2.9376625279017863,-0.06622962173150511,0.4237229452327807,2.9688025574210473,-0.06540306823868235,-27.443252650940043,-4.404786074047665,27.794577420475147
1120,1791274398.3577075,-2.942452566964286,0.1972225267059949,0.5578440389827807,3.0013519963016058,-0.1366774949846549,-27.43436815516939,-4.395360124310034,27.784571751844265
1121,1791274398.3777075,-2.856231863839286,0.41277428451849496,0.5147336874202807,2.93144910222502,-0.19354285050806194,-27.427449008663885,-4.387381191898072,27.77681644250941
1122,1791274398.387783,-2.856231863839286,0.0870516282684949,0.5722141561702807,2.9142867886528783,-0.22221000791353973,-27.424108444135598,-4.383143145152899,27.77306330015159
1123,1791274398.407783,-2.8610219029017863,0.0583113938934949,0.5770041952327807,2.919208863520695,-0.2791544840575228,-27.418254039029023,-4.374268683423201,27.76639710674537
1124,1791274398.432744,-2.841861746651786,0.15411217514349493,0.5626340780452807,2.9011180354111863,-0.35023987297482834,-27.411645759901575,-4.362720782399497,27.758860276678
1125,1791274398.452744,-2.813121512276786,0.2930233079559949,0.4859934530452807,2.8697917935353394,-0.4071358935065769,-27.40647440983483,-4.353283006590524,27.753047979423496
1126,1791274398.4775805,-2.789171316964286,0.2690731126434949,0.45246317960778065,2.838415033821645,-0.47762833147322736,-27.399968730984877,-4.341572823711457,27.74591266953684
1127,1791274398.4975805,-2.731690848214286,0.1253719407684949,0.45246317960778065,2.7717460097654194,-0.5341599082027867,-27.394924091293,-4.332200111379628,27.740496581356908
1128,1791274398.5075495,-2.793961356026786,0.1349520188934949,0.41893290617028067,2.8284159676834566,-0.5622427516812786,-27.392592126906354,-4.327577534164104,27.7380271046279
1129,1791274398.5275495,-2.9376625279017863,0.0535213548309949,0.4428831014827807,2.971341633814642,-0.6187294433366991,-27.38833275220597,-4.318401997775909,27.733593219848107
1130,1791274398.552751,-2.956822684151786,0.0966317063934949,0.47162333585778066,2.9957581082458433,-0.6903717569182053,-27.3834868684804,-4.306845856857847,27.728701510776204
1131,1791274398.572751,-2.822701590401786,0.1301619798309949,0.4285129842952807,2.85800801033866,-0.7473681312614601,-27.37987783508398,-4.297700334029173,27.72519607773519
1132,1791274398.5973349,-2.7412709263392863,0.1924324876434949,0.4668332967952807,2.7873876445321457,-0.8171774714267638,-27.375512274116147,-4.286494143914479,27.721119806672753
1133,1791274398.6173348,-2.856231863839286,0.34571373764349494,0.6488547811702807,2.9493373790486928,-0.8738476562611586,-27.37168622136535,-4.27707140773011,27.717614546602984
1134,1791274398.6278229,-2.884972098214286,0.527735222018495,0.8212961874202807,3.045668383049103,-0.9036239741018918,-27.36929373243907,-4.271714875541351,27.71538063381092
1135,1791274398.6478229,-2.851441824776786,0.8582479173309949,0.8356663046077807,3.09283820144963,-0.9604928233939115,-27.363336790238748,-4.260547066583061,27.709691590964958
1136,1791274398.6725857,-2.8945521763392863,1.064219597018495,0.9554172811702807,3.2285937857506193,-1.0310144516584323,-27.3534971318438,-4.245467380745735,27.700194754230367
1137,1791274398.6925857,-2.793961356026786,1.1504403001434949,1.0224778280452806,3.1898579673724483,-1.087961092797651,-27.34342011068322,-4.232148169544923,27.690383905206865
1138,1791274398.7175713,-2.6215199497767863,1.207920768893495,0.9458372030452807,3.0374409369840354,-1.1585801479260445,-27.328300081805235,-4.214316214985485,27.675598538789615
1139,1791274398.7375712,-2.793961356026786,1.3037215501434951,0.8021360311702807,3.185801649786315,-1.2147520424409548,-27.314245066635685,-4.199561528270772,27.661885747623536
1140,1791274398.7629182,-2.798751395089286,1.174390495455995,0.7254954061702807,3.120664351016588,-1.2858950041251747,-27.294393373676886,-4.180763002335958,27.642652095635686
1141,1791274398.7829182,-2.7843812779017862,0.9205184251434949,0.7925559530452807,3.037808126012266,-1.3419845908922479,-27.277936674987863,-4.165877938092236,27.626821946831377
1142,1791274398.7924774,-2.770011160714286,0.7480770188934949,0.8739866171077807,2.999405551698834,-1.3687539434080696,-27.27005462615314,-4.158635860247938,27.619261736858782
1143,1791274398.8124774,-2.851441824776786,0.8438778001434949,0.7159153280452807,3.058657381694062,-1.4247926848894201,-27.25364927423683,-4.143371710937954,27.603604150418928
1144,1791274398.8374987,-2.405968191964286,0.7959774095184949,0.4045627889827807,2.566307469388108,-1.494250716696436,-27.233126360064364,-4.125037021797975,27.584268831687098
1145,1791274398.8574986,-2.659840262276786,0.6522762376434948,0.7350754842952807,2.835586443513041,-1.5490406042300537,-27.217010301507468,-4.110870609905078,27.56926610770222
1146,1791274398.8976831,-2.496978934151786,0.5756356126434949,0.8165061483577807,2.68941303009547,-1.6581549326720069,-27.185785880570474,-4.082000390884576,27.540500338885483
1147,1791274398.9176831,-2.310167410714286,0.43672447983099494,0.6967551717952807,2.4521560933663,-1.7115262772607576,-27.171057903456543,-4.067517003781456,27.527084923158746
1148,1791274398.9126406,-2.631100027901786,0.7193367845184949,0.7973459921077807,2.841811640048743,-1.7115262772607576,-27.171057903456543,-4.067517003781456,27.527084923158746
1149,1791274398.9326406,-2.405968191964286,0.9827889329559949,0.6009543905452807,2.667527545687266,-1.7639427788263218,-27.156389777144074,-4.053050330858509,27.51378230704788
1150,1791274398.9576125,-2.195206473214286,0.8774080735809949,0.29918192960778067,2.3829154862543596,-1.8281904313562394,-27.13733839919718,-4.03601085220835,27.496668875429034
1151,1791274398.9776125,-2.496978934151786,0.7911873704559949,0.30397196867028065,2.636907319286013,-1.878966117239558,-27.121866038235854,-4.023506278323235,27.482989899889937
1152,1791274399.0025544,-2.568829520089286,0.7768172532684949,0.4237229452327807,2.7169599339288206,-1.942266327440186,-27.10253165165082,-4.0088897633715295,27.466175881442027
1153,1791274399.0225544,-2.429918387276786,0.7049666673309949,0.4333030233577807,2.566950112667673,-1.9929087748206313,-27.087130993106417,-3.9976418608822364,27.452968715065065
1154,1791274399.0321023,-2.310167410714286,0.4989949876434949,0.20817118742028068,2.3725945094962286,-2.016853240274791,-27.080019435081937,-3.9926182374150265,27.446969777863664
1155,1791274399.0521023,-2.453868582589286,0.5037850267059949,0.22254130460778065,2.5149145126640877,-2.0666320593109138,-27.065853241050416,-3.9830276809058582,27.435303702374306
1156,1791274399.077092,-2.439498465401786,0.6858065110809949,0.2848118124202807,2.5500198238117444,-2.1286713613951314,-27.048578347327567,-3.9718910503620233,27.421392212874377
1157,1791274399.097092,-2.104195731026786,0.4894149095184949,0.14111064054528066,2.1649662447727556,-2.1776911299797397,-27.035063713925847,-3.963676115606685,27.410723029921215
1158,1791274399.1225798,-2.195206473214286,0.0726815110809949,0.04051982023278066,2.196783083949487,-2.239009850886929,-27.019349666749175,-3.9544301927624175,27.39883099104519
1159,1791274399.1425798,-2.439498465401786,0.0343611985809949,0.32313212492028065,2.461046083441163,-2.2868604170498488,-27.008708107952273,-3.947717846387523,27.391321991140238
1160,1791274399.1521122,-2.324537527901786,0.015201042330994898,0.3854026327327807,2.3563193713138832,-2.309652067552027,-27.004361463974917,-3.9444919208177835,27.388483843826727
1161,1791274399.1721122,-2.099405691964286,-0.1811905592315051,0.021359663982780656,2.1073183227628722,-2.356934150204739,-26.99685872998516,-3.9381287267442517,27.384199417612805
1162,1791274399.1972446,-2.118565848214286,-0.2434610670440051,-0.040910843829719344,2.132901367041848,-2.415388089679385,-26.98964528311003,-3.9313688687165875,27.38121095411564
1163,1791274399.2172446,-2.199996512276786,-0.003959113919005104,0.4333030233577807,2.2422648903874047,-2.461405140343903,-26.985137118027087,-3.926207801021022,27.38012505888958
1164,1791274399.2423043,-2.008394949776786,-0.2243009107940051,0.26086161710778066,2.037648143363325,-2.5183246372681016,-26.98076475928413,-3.919406399607015,27.3800177593036
1165,1791274399.2623043,-1.989234793526786,-0.6458243482940051,-0.13192158601721934,2.095601932019588,-2.5629340892665047,-26.979103827909576,-3.9145990592622484,27.38183266872081
1166,1791274399.2722375,-2.243106863839286,-0.5691837232940051,0.09800028898278067,2.316269105718602,-2.5849196039206697,-26.979307816337165,-3.912594850035553,27.383813796984704
1167,1791274399.2922375,-2.199996512276786,-0.5787638014190051,0.4045627889827807,2.3105460917481233,-2.6292108121646702,-26.98137884687787,-3.908410952350906,27.389472980435546
1168,1791274399.3169477,-2.017975027901786,-0.8182657545440052,-0.050490921954719346,2.17814861556656,-2.6835417240962296,-26.986142872864786,-3.9033609032673158,27.39871401509188
1169,1791274399.3369477,-1.8886439732142861,-1.0769278639190052,-0.35226338289221937,2.2024620706315163,-2.7267799535506803,-26.9922631911322,-3.9004907268713516,27.408601369001765
1170,1791274399.362036,-1.840743582589286,-1.0146573561065053,-0.16545185945471935,2.1083739717947827,-2.7799001998000774,-27.00272458162048,-3.8984045342745604,27.423940961585952
1171,1791274399.382036,-1.912594168526786,-0.9907071607940052,0.15548075773278067,2.1595581487786677,-2.821524786437357,-27.012821324087643,-3.89700587477128,27.437933099917828
1172,1791274399.3920982,-2.046715262276786,-1.1439884107940053,0.0021995077327806568,2.3447297683745973,-2.842313276174186,-27.01875012496261,-3.8962887495156844,27.445813325436095
1173,1791274399.4120982,-1.8503236607142861,-1.426600715481505,-0.25646260164221935,2.3504595969411075,-2.883280707539361,-27.032622635665415,-3.8954585701549624,27.463623061652893
1174,1791274399.4374633,-1.869483816964286,-1.6038321607940051,-0.2899928750797194,2.480190155912551,-2.934520852231887,-27.053342502910176,-3.895603189462086,27.489461206464146
1175,1791274399.4574633,-2.104195731026786,-1.5942520826690052,-0.12234150789221936,2.6427725634490673,-2.974823085041815,-27.072026311915693,-3.896318615926939,27.512278709281283
1176,1791274399.4825206,-2.017975027901786,-1.6469425123565051,-0.13671162507971935,2.608319942160913,-3.025489211548846,-27.098014563019102,-3.8975673382085985,27.54354750903856
1177,1791274399.5025206,-1.749732840401786,-1.867284309231505,-0.36184346101721937,2.5844238032032596,-3.065514893872068,-27.120917469398407,-3.899162358174959,27.570727466678854
1178,1791274399.5270875,-2.008394949776786,-1.982245246731505,0.03093974210778066,2.822038936676856,-3.1142298724968174,-27.151923073609282,-3.901437404200223,27.607002157294083
1179,1791274399.5470874,-2.075455496651786,-1.6086221998565051,0.4333030233577807,2.661377915761737,-3.154065806165833,-27.17876486500451,-3.902315344481077,27.63804363091933
1180,1791274399.5572803,-1.591661551339286,-1.666102668606505,0.17464091398278067,2.3107972747920233,-3.1741260142883796,-27.192896073811237,-3.902230913894572,27.654223528080394
1181,1791274399.5772803,-1.586871512276786,-1.9678751295440051,-0.35226338289221937,2.552407336786219,-3.212350841189953,-27.221915499818508,-3.9023565314158732,27.687185987464257
1182,1791274399.6029253,-1.9221742466517862,-1.9630850904815051,-0.040910843829719344,2.74775009855427,-3.260761841727898,-27.261104902675235,-3.903249665745234,27.731494122320072
1183,1791274399.6229253,-1.735362723214286,-1.934344856106505,0.3470823202327807,2.621762754424124,-3.2983396084627987,-27.292929546810793,-3.9033824642887476,27.767236846370743
1184,1791274399.647556,-1.481490652901786,-2.140316535794005,-0.17503193757971935,2.608908892085257,-3.3436188882093774,-27.333771040329154,-3.9032036488484625,27.81276371163267
1185,1791274399.667556,-1.601241629464286,-2.5666300123565056,-0.6779860391422193,3.1001982913243396,-3.3794944028320724,-27.36901994712613,-3.9043597575123012,27.851898685745695
1186,1791274399.6776984,-1.855113699776786,-2.5618399732940054,0.04530985929528066,3.1633090065967164,-3.3975876789027875,-27.388115059285113,-3.9053393579427773,27.872999910974222
1187,1791274399.6976984,-1.6060316685267861,-2.001405402981505,0.6105344686702807,2.6377478357168633,-3.4331063001610116,-27.426966048978386,-3.9059975422586573,27.915613952054663
1188,1791274399.7224116,-1.361739676339286,-1.8337540357940052,0.10279032804528067,2.286384626751825,-3.4759128036492104,-27.474880290269198,-3.9053666987810733,27.967890621838887
1189,1791274399.7424116,-1.653932059151786,-2.1451065748565052,-0.47680439851721934,2.75033014531493,-3.509882415653649,-27.513808239167894,-3.905493769271517,28.010387358536054
1190,1791274399.7678077,-2.056295340401786,-2.260067512356505,-0.21335225007971936,3.062968310312971,-3.5536139291260187,-27.56421513301284,-3.90694546797273,28.065607970361256
1191,1791274399.7878077,-1.864693777901786,-2.236117317044005,0.14590067960778066,2.915234218590288,-3.588768987290697,-27.604701438509196,-3.908018402549069,28.109987765704084
1192,1791274399.7980509,-1.6108217075892861,-2.154686652981505,-0.16545185945471935,2.695328451965461,-3.606743254670743,-27.625699746548385,-3.908500508976611,28.13297459601858
1193,1791274399.8180509,-1.720992606026786,-2.3319180982940053,-0.13192158601721934,2.9012171363080177,-3.64157177891695,-27.667279272701126,-3.90974669168136,28.17845820068506
1194,1791274399.8421059,-1.893434012276786,-2.1451065748565052,0.5865842733577807,2.9207286224656084,-3.683699203918412,-27.71786474286059,-3.9102004439641918,28.233656037439452
1195,1791274399.8621058,-1.673092215401786,-2.034935676419005,0.6057444296077806,2.7031698212287343,-3.718820986469288,-27.75988420891776,-3.9087326252460453,28.27930323677705
1196,1791274399.8872018,-1.682672293526786,-2.355868293606505,0.09321024992028067,2.8965824025760636,-3.7625973276898463,-27.812965617320593,-3.9058515120968136,28.336793592697557
1197,1791274399.9072018,-1.783263113839286,-2.6049503248565054,-0.03133076570471934,3.1570199785603896,-3.797450309404336,-27.856364172100935,-3.9038070275686336,28.38375174372828
1198,1791274399.9175465,-1.591661551339286,-2.5235196607940056,0.2943918905452807,2.9980334483865416,-3.8153919482956677,-27.879423387790734,-3.9027040683060035,28.408635363205757
1199,1791274399.9375465,-1.328209402901786,-2.2552774732940053,0.4237229452327807,2.6514067650628137,-3.849256054683254,-27.924485825480357,-3.8998143543936914,28.457024313703357
1200,1791274399.962577,-1.309049246651786,-2.413348762356505,0.13153056242028066,2.748665579472679,-3.890231676014893,-27.981187732957206,-3.895697895594607,28.517665253905424
1201,1791274399.982577,-1.639561941964286,-2.413348762356505,0.16985087492028067,2.922544256297338,-3.922483907016272,-28.026937876344093,-3.892450058020975,28.56652401289734
1202,1791274400.0221472,-1.783263113839286,-2.269647590481505,0.5386838827327807,2.936240426748864,-3.986881582586554,-28.11777528587963,-3.8848853113327535,28.663510700243965
1203,1791274400.0421472,-1.419220145089286,-2.0253555982940052,0.30397196867028065,2.491716291535898,-4.019351637576472,-28.16324307777142,-3.880371385159653,28.712031107723714
1204,1791274400.0374343,-1.361739676339286,-2.0493057936065053,-0.07923115632971935,2.4617609059287533,-4.019351637576472,-28.16324307777142,-3.880371385159653,28.712031107723714
1205,1791274400.0574343,-1.634771902901786,-2.073255988919005,-0.07444111726721934,2.6412896565968755,-4.050851735779861,-28.2074725825098,-3.877054037427689,28.759389028410308
1206,1791274400.0826826,-1.740152762276786,-2.116366340481505,0.07405009367028066,2.740916186160238,-4.091043850961235,-28.262866758675713,-3.8734950869127696,28.818921586303013
1207,1791274400.1026826,-1.505440848214286,-2.159476692044005,-0.09360127351721935,2.6340943281054896,-4.122974082530475,-28.30657809765702,-3.8711281284728387,28.866016557035156
1208,1791274400.127608,-1.414430106026786,-2.1882169264190052,-0.06965107820471934,2.6064836685842985,-4.162257283269419,-28.361010606508724,-3.8689259157277336,28.924728106864194
1209,1791274400.147608,-1.615611746651786,-2.149896613919005,0.08842021085778067,2.6907387275890935,-4.193594765938988,-28.404642517104534,-3.8673957811326947,28.971826033464588
1210,1791274400.1725223,-1.596451590401786,-1.905604621731505,0.19859110929528068,2.493877519757535,-4.23277865164268,-28.458420469687447,-3.865239286310299,29.029953246324116
1211,1791274400.1925223,-1.347369559151786,-1.905604621731505,0.22254130460778065,2.344410018650723,-4.263931087233688,-28.500832092650363,-3.8631361269627553,29.07580366947011
1212,1791274400.2020767,-1.318629324776786,-1.8433341139190051,0.06447001554528066,2.2673377195740505,-4.278491299955393,-28.520740243155206,-3.8620764480228624,29.097315104863196
1213,1791274400.2220767,-1.481490652901786,-1.934344856106505,0.12674052335778066,2.439788461576548,-4.308598255966139,-28.561829046126427,-3.8599041607752285,29.141739095699755
1214,1791274400.2478104,-1.5677113560267861,-1.8864444654815051,0.27044169523278067,2.4676973736018617,-4.347410788568882,-28.614141430905697,-3.856761792760519,29.198350671202924
1215,1791274400.2678103,-1.572501395089286,-1.8002237623565052,0.08842021085778067,2.3919415473206898,-4.377761107774963,-28.654229589859536,-3.8541476160325683,29.24182141302587
1216,1791274400.2926455,-1.653932059151786,-1.982245246731505,-0.18461201570471936,2.588217353860041,-4.415805324543866,-28.703587720266523,-3.8515675404048686,29.295560366676817
1217,1791274400.3126454,-1.673092215401786,-2.1786368482940053,-0.10797139070471935,2.7490641860810023,-4.4468376605537685,-28.74361537568837,-3.850240316844211,29.33929345676683
1218,1791274400.3226688,-1.697042410714286,-2.121156379544005,0.34229228117028065,2.7379593378996594,-4.462590723216286,-28.763899253980323,-3.8494987777602336,29.361458701775078
1219,1791274400.3426688,-1.591661551339286,-1.9151846998565052,0.29918192960778067,2.5081524585997697,-4.494241554772426,-28.804355972004902,-3.8472788894887033,29.405623356224286
1220,1791274400.367806,-1.519810965401786,-1.8385440748565052,0.01656962492028066,2.385444243367568,-4.533921157548146,-28.854654018657147,-3.8443120301681657,29.460587818042015
1221,1791274400.387806,-1.433590262276786,-2.020565559231505,0.03572978117028066,2.477729371119821,-4.565186104639598,-28.894458655984007,-3.842227129009574,29.504124703221763
1222,1791274400.4126925,-1.543761160714286,-2.054095832669005,0.24170146085778066,2.5808773328654886,-4.603811685201073,-28.944164636184773,-3.83950414269174,29.558442796959216
1223,1791274400.4326925,-1.515020926339286,-1.867284309231505,0.24170146085778066,2.416704097511508,-4.634784897673653,-28.984000739576853,-3.83691897341735,29.60195056289476
1224,1791274400.4422703,-1.356949637276786,-1.857704231106505,0.06926005460778066,2.3015590984245624,-4.64945571932341,-29.00289199317159,-3.8356432944219727,29.622581621721803
1225,1791274400.4622703,-1.337789481026786,-1.977455207669005,0.011779585857780658,2.387498387963051,-4.679537729133931,-29.04217566740388,-3.833257474722346,29.665466517859592
1226,1791274400.4878433,-1.3713197544642861,-1.9918253248565052,0.21296122648278068,2.4275993239636486,-4.717428494208256,-29.092484278427353,-3.8302333890858122,29.720320672956717
1227,1791274400.5078433,-1.424010184151786,-1.8433341139190051,0.26086161710778066,2.343871678097087,-4.746809848186681,-29.13168029458469,-3.8275123565027913,29.76301146322256
1228,1791274400.532582,-1.424010184151786,-1.862494270169005,0.0021995077327806568,2.3445030920889494,-4.782985632646869,-29.17976679497043,-3.824163378138652,29.815431697590128
1229,1791274400.552582,-1.452750418526786,-1.972665168606505,0.011779585857780658,2.449904162330858,-4.81216002019164,-29.218563576999696,-3.8218410608627242,29.857793131067144
1230,1791274400.5622208,-1.524601004464286,-1.982245246731505,0.25128153898278066,2.5133338124564175,-4.826263627367041,-29.237315672784224,-3.820699557108515,29.878272932961995
1231,1791274400.5822208,-1.510230887276786,-1.9535050123565052,0.19859110929528068,2.4771793626780334,-4.855690485308436,-29.27629247352951,-3.8180114719334814,29.92083292096948
1232,1791274400.607223,-1.395269949776786,-1.9199747389190052,-0.050490921954719346,2.3739483069428986,-4.892407656988263,-29.324972501898174,-3.814877409930949,29.974038009117873
1233,1791274400.627223,-1.414430106026786,-1.9918253248565052,0.0021995077327806568,2.4429460672329495,-4.921587617949663,-29.363939616909406,-3.8128188778854595,30.016671406107253
1234,1791274400.6533551,-1.495860770089286,-1.982245246731505,0.11237040617028066,2.4858645920211804,-4.959699240119083,-29.415005915364837,-3.8103080935962765,30.072572841735898
1235,1791274400.673355,-1.591661551339286,-1.9487149732940052,0.25128153898278066,2.5286397436142605,-4.989123658307425,-29.45412302581377,-3.8081292502949724,30.115420742280985
1236,1791274400.6824112,-1.438380301339286,-1.891234504544005,0.13153056242028066,2.379707152426386,-5.00250667854146,-29.47178670542179,-3.807030639229335,30.134776703449443
1237,1791274400.7024112,-1.294679129464286,-1.972665168606505,0.021359663982780656,2.359673314454607,-5.031728705596901,-29.51074059261863,-3.8047390048594347,30.177444275263863
1238,1791274400.727729,-1.356949637276786,-2.039725715481505,0.0021995077327806568,2.4498567611875606,-5.0682069867944675,-29.560274346654683,-3.802228443407052,30.231663577222093
1239,1791274400.747729,-1.5293910435267861,-2.006195442044005,0.16027079679528067,2.527754704080973,-5.097030231687673,-29.59960319960136,-3.8002989944351317,30.274717161415296
1240,1791274400.7728481,-1.562921316964286,-1.943924934231505,0.18901103117028067,2.50145804739004,-5.133626513360084,-29.649030912441436,-3.7975811668153137,30.328876964769595
1241,1791274400.792848,-1.486280691964286,-1.8433341139190051,0.10758036710778066,2.3703342562243086,-5.1629678009464754,-29.68816329052658,-3.7952969193540094,30.371821723180158
1242,1791274400.8023365,-1.395269949776786,-1.934344856106505,0.050099898357780656,2.3855771324589927,-5.176850408068659,-29.706631912024186,-3.794263575767532,30.392107458786246
1243,1791274400.8223364,-1.510230887276786,-1.9487149732940052,0.13153056242028066,2.468924395131548,-5.206081709013497,-29.745546175473415,-3.7921397193986572,30.43486697341697
1244,1791274400.8480716,-1.586871512276786,-1.9151846998565052,0.23691142179528066,2.498443646115943,-5.244031110509967,-29.79556628645294,-3.789105620255753,30.489882814137893
1245,1791274400.8680716,-1.553341238839286,-1.8385440748565052,0.12195048429528066,2.409976190772138,-5.273809841870733,-29.83423889697234,-3.786563078601588,30.53248992070674
1246,1791274400.8923388,-1.452750418526786,-1.891234504544005,0.07884013273278066,2.3860988026980112,-5.309993546494676,-29.880912503677415,-3.7835753639677034,30.583989374361607
1247,1791274400.9123387,-1.510230887276786,-1.943924934231505,0.18422099210778067,2.468517542320687,-5.339785910830886,-29.919361661603176,-3.781087778519058,30.62642879279568
1248,1791274400.9378195,-1.495860770089286,-1.934344856106505,0.14111064054528066,2.4493267807119787,-5.377793848678169,-29.96841110637305,-3.7777721636873,30.680578440443313
1249,1791274400.9578195,-1.414430106026786,-1.972665168606505,0.006989546795280657,2.4273584914537616,-5.407517027269981,-30.006995921689416,-3.775337935695451,30.723187028256056
1250,1791274400.9678802,-1.395269949776786,-2.039725715481505,0.03572978117028066,2.471545234141817,-5.422346263394127,-30.026521751920864,-3.774264864830187,30.74473813172935
1251,1791274400.9878802,-1.380899832589286,-2.039725715481505,0.18422099210778067,2.470081520107146,-5.451567874783655,-30.065634245796087,-3.772121742169589,30.78783619115036
1252,1791274401.0127645,-1.467120535714286,-1.9247647779815051,0.18422099210778067,2.427158727979269,-5.487787390173016,-30.114397852832887,-3.7691675879157613,30.841520597795476
1253,1791274401.0327644,-1.543761160714286,-1.8768643873565052,0.05488993742028066,2.4308087862040964,-5.517047545146072,-30.153413788526073,-3.7667907526593645,30.884541267303888
1254,1791274401.0579119,-1.5293910435267861,-1.9103946607940052,0.05967997648278066,2.4478983687243185,-5.554115980036253,-30.202255728060717,-3.7640343837628913,30.93852630984578
1255,1791274401.0779119,-1.443170340401786,-1.896024543606505,0.17943095304528067,2.389528231321907,-5.583633545151551,-30.24098311564185,-3.761812377736987,30.98136949413909
1256,1791274401.087569,-1.495860770089286,-1.7906436842315052,0.21775126554528068,2.343377874141698,-5.597877109526365,-30.259548161538834,-3.7606127284915885,31.00191431456355
1257,1791274401.107569,-1.548551199776786,-1.666102668606505,0.12674052335778066,2.278151022414635,-5.627517425014107,-30.297414311158292,-3.757984185101562,31.04391585232588
1258,1791274401.1330988,-1.519810965401786,-1.694842902981505,0.12195048429528066,2.279734580376,-5.665552879035339,-30.34493518197041,-3.754655984045028,31.09680083516078
1259,1791274401.1530988,-1.505440848214286,-1.7666934889190051,0.15069071867028067,2.3259977910467415,-5.695418038397673,-30.381770976223635,-3.7520308192989367,31.137879336152285
1260,1791274401.192821,-1.615611746651786,-1.694842902981505,0.19859110929528068,2.3499217455900827,-5.7551343913726285,-30.454269479700304,-3.74655846023489,31.218917369135706
1261,1791274401.212821,-1.673092215401786,-1.6325723951690052,0.22733134367028066,2.3486612626176755,-5.785624358513925,-30.49028791392625,-3.743577561729725,31.259326276371233
1262,1791274401.207851,-1.510230887276786,-1.7283731764190051,0.15548075773278067,2.300488086444855,-5.785624358513925,-30.49028791392625,-3.743577561729725,31.259326276371233
1263,1791274401.227851,-1.424010184151786,-1.785853645169005,0.03093974210778066,2.2843019752592086,-5.81611345026839,-30.52586776937682,-3.740656147112845,31.29933365346305
1264,1791274401.252931,-1.385689871651786,-1.785853645169005,0.08842021085778067,2.262129040539001,-5.853897157311455,-30.57051111802501,-3.737317665075272,31.349510447140215
1265,1791274401.272931,-1.428800223214286,-1.7666934889190051,0.24649149992028066,2.28548332332112,-5.8837296213749335,-30.60610030165944,-3.734552392132607,31.389465294940376
1266,1791274401.2977922,-1.361739676339286,-1.771483527981505,0.14111064054528066,2.238839219082407,-5.920453723936385,-30.65030097149512,-3.7309078951645764,31.4390266335125
1267,1791274401.3177922,-1.356949637276786,-1.867284309231505,0.06926005460778066,2.3092985871844403,-5.9496436442823715,-30.68598347461587,-3.7281002374639143,31.47898620792808
1268,1791274401.3279963,-1.376109793526786,-1.8433341139190051,0.17464091398278067,2.3069586620081943,-5.96439417046425,-30.70429779456274,-3.7266959714118864,31.499462911948132
1269,1791274401.3479962,-1.352159598214286,-1.819383918606505,0.17943095304528067,2.273914881704616,-5.993060935550069,-30.740303508854357,-3.7238253579907346,31.53965622023351
1270,1791274401.3873203,-1.3713197544642861,-1.747533332669005,0.10279032804528067,2.2237258080331945,-6.049003307655254,-30.81099882664059,-3.718195421630219,31.618555737172812
1271,1791274401.4073203,-1.376109793526786,-1.814593879544005,0.08842021085778067,2.279089126209642,-6.077308618684608,-30.846903956097176,-3.715474756108383,31.658646787042247
1272,1791274401.4177942,-1.428800223214286,-1.8433341139190051,0.12674052335778066,2.335682746790703,-6.092111948234866,-30.865760385393802,-3.7140946491860776,31.67970156458997
1273,1791274401.4377942,-1.562921316964286,-1.7954337232940052,0.2656516561702807,2.3951776761210777,-6.120626370344906,-30.90182384172057,-3.711266050964077,31.71999810231914
1274,1791274401.448139,-1.505440848214286,-1.742743293606505,0.16027079679528067,2.3085045079418824,-6.135543400365667,-30.920424328510357,-3.709691997623264,31.740815178412415
1275,1791274401.468139,-1.457540457589286,-1.8050138014190051,-0.0025905313297193435,2.320022784300888,-6.164501696089973,-30.956312977668233,-3.7068687646255967,31.7810520651945
1276,1791274401.492189,-1.462330496651786,-1.828963996731505,0.07884013273278066,2.3430184696897425,-6.199367435697555,-30.99955048082482,-3.703845529962979,31.829589352139312
1277,1791274401.512189,-1.548551199776786,-1.781063606106505,0.24170146085778066,2.3724708604128346,-6.228528954512193,-31.03552838335542,-3.701227714041243,31.87001226172409
1278,1791274401.5377622,-1.625191824776786,-1.7140030592315052,0.24170146085778066,2.3743366548484746,-6.266310788857652,-31.081334998747217,-3.6974553394161784,31.92157909931587
1279,1791274401.5577621,-1.572501395089286,-1.6804727857940052,0.11716044523278066,2.3044470033565885,-6.296223039953931,-31.11687694798581,-3.694409336929543,31.96171328188978
1280,1791274401.582446,-1.467120535714286,-1.8002237623565052,0.12674052335778066,2.325792643622511,-6.333230295751748,-31.16060670530306,-3.6907623372332066,32.0111690328789
1281,1791274401.602446,-1.424010184151786,-1.8768643873565052,0.14111064054528066,2.360156169826525,-6.363054103378606,-31.19623927445899,-3.687848850635537,32.0514279172856
1282,1791274401.6130142,-1.5677113560267861,-1.809803840481505,0.21296122648278068,2.403843031652025,-6.378820631358498,-31.215165609263106,-3.6862596273109705,32.07279885979254
1283,1791274401.6330142,-1.577291434151786,-1.776273567044005,0.10758036710778066,2.37793389071582,-6.408900273381198,-31.250989748967374,-3.6832223801123742,32.113307056508056
1284,1791274401.6581466,-1.443170340401786,-1.814593879544005,0.07884013273278066,2.3198507162365627,-6.446722567434443,-31.29602308178318,-3.6796268191580177,32.16428059393278
1285,1791274401.6781466,-1.347369559151786,-1.824173957669005,0.15548075773278067,2.2731453149307983,-6.476491999743145,-31.33194252089817,-3.6768432411459107,32.20488700454582
1286,1791274401.7022235,-1.385689871651786,-1.7283731764190051,0.18901103117028067,2.223316312913463,-6.511889470383707,-31.375112920974637,-3.673372813783938,32.25362124021814
1287,1791274401.7222235,-1.443170340401786,-1.7235831373565051,0.15548075773278067,2.2533649790524968,-6.541125818949161,-31.410772138544115,-3.670405714867664,32.29388195046541
1288,1791274401.73317,-1.3713197544642861,-1.742743293606505,0.10279032804528067,2.2199634924777696,-6.5570380276808695,-31.43020759080432,-3.6688133021380014,32.31583029945929
1289,1791274401.75317,-1.323419363839286,-1.7666934889190051,0.16506083585778067,2.21356946489322,-6.5857918657907275,-31.465655087636417,-3.6659385014879766,32.35582188247282
1290,1791274401.7777581,-1.380899832589286,-1.7187930982940052,0.19380107023278068,2.213299102519042,-6.620826556737443,-31.50912517954031,-3.66227256733923,32.404823008802666
1291,1791274401.797758,-1.3713197544642861,-1.8050138014190051,0.07884013273278066,2.2682170219858593,-6.649177533902485,-31.544465692470794,-3.6593290139612424,32.44465389757208
1292,1791274401.8226845,-1.352159598214286,-1.8816544264190052,0.026149703045280658,2.31724896514695,-6.684303317964533,-31.588796673288446,-3.6560144133651122,32.494590742208835
1293,1791274401.8426845,-1.342579520089286,-1.8385440748565052,0.11237040617028066,2.279340077990999,-6.712301436651968,-31.624610983818595,-3.6535460541708913,32.534895254546115
1294,1791274401.8528504,-1.280309012276786,-1.733163215481505,0.17943095304528067,2.1622306457281764,-6.726397899369457,-31.64280787306783,-3.652257111177247,32.55534826719982
1295,1791274401.8728504,-1.352159598214286,-1.7140030592315052,0.15069071867028067,2.1883440677350863,-6.753919418960594,-31.678408379358938,-3.6496064932459036,32.595346485699366
1296,1791274401.8979852,-1.376109793526786,-1.7666934889190051,0.12674052335778066,2.2429773088219473,-6.7884618228248765,-31.722999408039435,-3.6462520349459124,32.645475326065764
1297,1791274401.9179852,-1.352159598214286,-1.733163215481505,0.14590067960778066,2.203060897671969,-6.815917061071336,-31.758408437751367,-3.643574277579837,32.68530044834653
1298,1791274401.9426553,-1.3713197544642861,-1.651732551419005,0.18901103117028067,2.155101728528187,-6.849742507208287,-31.801797077157136,-3.640147025621103,32.73414028380575
1299,1791274401.9626553,-1.400059988839286,-1.694842902981505,0.10279032804528067,2.200733125500476,-6.877208415354911,-31.83671569750528,-3.637347632278704,32.77350698033476
1300,1791274401.9724245,-1.376109793526786,-1.7619034498565052,0.05967997648278066,2.2364131170357533,-6.890646097696239,-31.853746333946926,-3.6360663077139033,32.792729946517504
1301,1791274401.9924245,-1.438380301339286,-1.7619034498565052,0.18422099210778067,2.2819244141360873,-6.918251560545189,-31.888668089853873,-3.6334707454793174,32.832171217543696
1302,1791274402.0174785,-1.457540457589286,-1.704422981106505,0.23691142179528066,2.2551294654211387,-6.953087296657735,-31.932365998646784,-3.629915675418187,32.8815709636435
1303,1791274402.0374784,-1.400059988839286,-1.7140030592315052,0.09800028898278067,2.215305513026212,-6.9810109355942975,-31.967144163444615,-3.62700107130097,32.92093492628295
1304,1791274402.0626612,-1.347369559151786,-1.776273567044005,0.06447001554528066,2.2304055453689404,-7.016085761023083,-32.01095817873927,-3.623574808943664,32.9705504552629
1305,1791274402.0826612,-1.318629324776786,-1.819383918606505,0.13153056242028066,2.2508312749506216,-7.043762553999894,-32.0459289823451,-3.6209678574416877,33.010113048628945
1306,1791274402.0930834,-1.424010184151786,-1.737953254544005,0.21296122648278068,2.2569091704216087,-7.058165687689586,-32.06419978540914,-3.619543842876543,33.0307691158413
1307,1791274402.1130834,-1.457540457589286,-1.7235831373565051,0.14590067960778066,2.2619571227588047,-7.085981354494865,-32.09919409122071,-3.616682801458613,33.07037628374485
1308,1791274402.15252,-1.380899832589286,-1.8433341139190051,0.07884013273278066,2.3045565234361263,-7.140997353223047,-32.168396540257625,-3.61122280960922,33.14876331555431
1309,1791274402.17252,-1.313839285714286,-1.809803840481505,0.10758036710778066,2.2390036054224822,-7.1687552852310805,-32.20370744307047,-3.6085895324392174,33.18872916868061
1310,1791274402.1824737,-1.4479603794642861,-1.733163215481505,0.25128153898278066,2.272352614325097,-7.182559607934318,-32.22129009613699,-3.607207664756543,33.208623053623036
1311,1791274402.2024736,-1.471910574776786,-1.7619034498565052,0.12195048429528066,2.2990642503801055,-7.21051580727951,-32.25656209710588,-3.604287726006299,33.248582323812165
1312,1791274402.2120352,-1.400059988839286,-1.781063606106505,0.03572978117028066,2.265752007305355,-7.223935784417778,-32.27343614761239,-3.6029880878652842,33.26772387995164
1313,1791274402.2320352,-1.318629324776786,-1.8002237623565052,0.12195048429528066,2.2348290340279156,-7.251873927502468,-32.30880937293037,-3.6004408697988586,33.307837111011295
1314,1791274402.257301,-1.419220145089286,-1.7187930982940052,0.20817118742028068,2.2386984563005194,-7.28706206711225,-32.35346159633859,-3.5970800966667458,33.358458238616755
1315,1791274402.277301,-1.457540457589286,-1.661312629544005,0.09321024992028067,2.2120289304803866,-7.315053267024751,-32.38857564760574,-3.5943667551588407,33.398342910250506
1316,1791274402.3024654,-1.404850027901786,-1.656522590481505,0.11237040617028066,2.174924780734745,-7.350391747358379,-32.43239149510991,-3.5910768748577495,33.44823029777286
1317,1791274402.3224654,-1.3713197544642861,-1.6421524732940052,0.21775126554528068,2.1504879046802796,-7.378429184385888,-32.46693964089856,-3.588359188496415,33.4876052971904
1318,1791274402.3466551,-1.424010184151786,-1.661312629544005,0.20338114835778068,2.1975278267084013,-7.412324821792865,-32.50845057471802,-3.584801203508392,33.534947706852414
1319,1791274402.366655,-1.443170340401786,-1.709213020169005,0.12674052335778066,2.2405831696216194,-7.440446679003332,-32.54267930769263,-3.5818055497613406,33.57403095105977
1320,1791274402.3772554,-1.380899832589286,-1.7619034498565052,0.07884013273278066,2.2399562229630057,-7.455361185664098,-32.56085946749948,-3.580292522959361,33.594798320884685
1321,1791274402.3972554,-1.328209402901786,-1.7571134107940052,0.11237040617028066,2.2054965120198524,-7.483343573513165,-32.59529391660926,-3.577579232505748,33.634100102637525
1322,1791274402.42238,-1.404850027901786,-1.7235831373565051,0.22733134367028066,2.2351782864215277,-7.51837302680728,-32.63862164815886,-3.5740418821708926,33.68351720704652
1323,1791274402.44238,-1.457540457589286,-1.7187930982940052,0.21775126554528068,2.264086905111918,-7.5463685311128375,-32.67310198093638,-3.570980787223038,33.72285834336637
1324,1791274402.4674017,-1.395269949776786,-1.7666934889190051,0.08363017179528066,2.252771209460346,-7.581493392532249,-32.71631028688077,-3.5671599529827045,33.77218724007425
1325,1791274402.4874017,-1.318629324776786,-1.781063606106505,0.08363017179528066,2.2176485002797217,-7.609428319223142,-32.75098794904053,-3.564313160640612,33.81175741204099
1326,1791274402.4968448,-1.376109793526786,-1.7571134107940052,0.15548075773278067,2.237252772544407,-7.622547927869852,-32.76741096486656,-3.5630013129547007,33.83048088054983
1327,1791274402.5168447,-1.380899832589286,-1.7571134107940052,0.13632060148278066,2.2389540398199084,-7.650302211998472,-32.802248082376586,-3.560201937721736,33.87018808672377
1328,1791274402.5430264,-1.390479910714286,-1.7619034498565052,0.13153056242028066,2.248341263591197,-7.6866270054210375,-32.847922189646084,-3.556561048031557,33.922254544559486
1329,1791274402.5630264,-1.452750418526786,-1.7140030592315052,0.17943095304528067,2.25399328581419,-7.714477822933448,-32.88279260405682,-3.5537305476890886,33.96204084455945
1330,1791274402.5874593,-1.385689871651786,-1.742743293606505,0.14590067960778066,2.231272644953728,-7.748599436865619,-32.92533638700185,-3.5501951989921947,34.01062268440802
1331,1791274402.6074593,-1.390479910714286,-1.776273567044005,0.12195048429528066,2.2590825765560445,-7.7765049111391615,-32.96021612906728,-3.5473335886960204,34.0504544976611
1332,1791274402.6175337,-1.332999441964286,-1.7906436842315052,0.07405009367028066,2.2335567448640865,-7.790510760846637,-32.977845374625545,-3.5459602637503735,34.07057642100696
1333,1791274402.6375337,-1.414430106026786,-1.709213020169005,0.22254130460778065,2.229696460374535,-7.81826603926412,-33.01284358347607,-3.543197963139666,34.110517104461564
1334,1791274402.662469,-1.419220145089286,-1.737953254544005,0.16027079679528067,2.2495230746788857,-7.852978998638552,-33.05637959368624,-3.5395547044516404,34.160239438574486
1335,1791274402.682469,-1.385689871651786,-1.7619034498565052,0.11237040617028066,2.244341171746727,-7.880852448932479,-33.09131071243949,-3.536661895882158,34.200155808926404
1336,1791274402.7075837,-1.332999441964286,-1.7906436842315052,0.09321024992028067,2.2342740357542263,-7.915724928060939,-33.13528705961428,-3.533186939539802,34.250392108843094
1337,1791274402.7275836,-1.361739676339286,-1.694842902981505,0.20817118742028068,2.184070203811079,-7.943371926290013,-33.17028251108459,-3.530382698536927,34.29035434962236
1338,1791274402.737671,-1.395269949776786,-1.781063606106505,0.11237040617028066,2.2653019467457525,-7.957310231065612,-33.18791503802811,-3.5289379925105746,34.310492477371675
1339,1791274402.7576709,-1.404850027901786,-1.733163215481505,0.11716044523278066,2.23409599219035,-7.985000547167986,-33.22290236349326,-3.5261589422951687,34.35047702840249
1340,1791274402.7818627,-1.376109793526786,-1.809803840481505,0.12674052335778066,2.277088330549112,-8.018516224256128,-33.265303074062835,-3.52285911697286,34.398946603144
1341,1791274402.8018627,-1.414430106026786,-1.7523233717315052,0.18422099210778067,2.259466109036511,-8.04625400388838,-33.300441881122396,-3.5200738379254797,34.43911370516883
1342,1791274402.8271804,-1.433590262276786,-1.733163215481505,0.11716044523278066,2.2522793657803994,-8.08150780175704,-33.344869635872705,-3.516504601566609,34.489953667641316
1343,1791274402.8471804,-1.395269949776786,-1.733163215481505,0.12674052335778066,2.228608562423942,-8.109422856319286,-33.379900899821635,-3.513742125384745,34.53008698031631
1344,1791274402.8577297,-1.361739676339286,-1.776273567044005,0.12195048429528066,2.2415072276742074,-8.124119799065587,-33.39838368523753,-3.512306816491027,34.551261257283784
1345,1791274402.8777297,-1.457540457589286,-1.7283731764190051,0.20817118742028068,2.2704698337010067,-8.152032526075644,-33.43342526617287,-3.509498664681934,34.59141714663286
1346,1791274402.9018037,-1.428800223214286,-1.690052863919005,0.13153056242028066,2.216990989956572,-8.185802861667824,-33.47545019330114,-3.506012155725491,34.63964860344819
1347,1791274402.9218037,-1.361739676339286,-1.7906436842315052,0.08842021085778067,2.2513457938937185,-8.213835693648443,-33.51034726441482,-3.503220220880155,34.67972062315252
1348,1791274402.9473057,-1.366529715401786,-1.814593879544005,0.13153056242028066,2.2754020962470007,-8.249436864726302,-33.555065466397984,-3.499773536975563,34.73102419810672
1349,1791274402.9673057,-1.443170340401786,-1.7906436842315052,0.14590067960778066,2.304437554719936,-8.27738367205377,-33.590283124976025,-3.4970597806151504,34.77141970037501
1350,1791274402.993138,-1.452750418526786,-1.781063606106505,0.17464091398278067,2.3050316258922785,-8.313676522608894,-33.63586777786313,-3.4934593781437733,34.82374300558759
1351,1791274403.013138,-1.438380301339286,-1.7954337232940052,0.16027079679528067,2.3061237768878895,-8.341897078293377,-33.671231199515866,-3.4905876319442326,34.864355140635716
1352,1791274403.0226958,-1.419220145089286,-1.814593879544005,0.07884013273278066,2.305027664570458,-8.35540878295219,-33.68818372428668,-3.4892497164147955,34.88382780250799
1353,1791274403.0426958,-1.404850027901786,-1.7954337232940052,0.15548075773278067,2.285029566912031,-8.38367767274839,-33.72375161347491,-3.486518532640723,34.924680180158255
1354,1791274403.0678322,-1.376109793526786,-1.661312629544005,0.16985087492028067,2.1639055285834305,-8.419120120416299,-33.768265606324434,-3.48298747952715,34.975828045148766
1355,1791274403.0878322,-1.433590262276786,-1.699632942044005,0.16506083585778067,2.2296139256180774,-8.447304659749307,-33.80341216720913,-3.48009703472726,35.01626344331962
1356,1791274403.1121767,-1.471910574776786,-1.742743293606505,0.10758036710778066,2.283691849382754,-8.481770468056897,-33.84606140557049,-3.476608667906957,35.06541188653309
1357,1791274403.1321766,-1.4479603794642861,-1.742743293606505,0.16506083585778067,2.2717809153707753,-8.510218110013792,-33.881072046219224,-3.4737637429223374,35.10580991549328
1358,1791274403.1427298,-1.380899832589286,-1.7523233717315052,0.18422099210778067,2.2386288036864808,-8.525216105624224,-33.8995408916927,-3.4722113200196376,35.12711821038003
1359,1791274403.1627297,-1.376109793526786,-1.694842902981505,0.15548075773278067,2.188685654828548,-8.55351183076398,-33.934463029790805,-3.469200975673484,35.167395427709344
1360,1791274403.2018592,-1.452750418526786,-1.733163215481505,0.08363017179528066,2.2630361277855133,-8.608869657885966,-34.00259893657161,-3.4634930357677827,35.24606581218139
1361,1791274403.2218592,-1.505440848214286,-1.819383918606505,0.14111064054528066,2.365675845003117,-8.637357395298483,-34.03752970059947,-3.460676084936265,35.28645136391811
1362,1791274403.2324166,-1.553341238839286,-1.809803840481505,0.21775126554528068,2.3949268379111177,-8.652561533962235,-34.05607641462185,-3.459127996898114,35.307913112452425
1363,1791274403.2524166,-1.457540457589286,-1.7140030592315052,0.15069071867028067,2.254980790440998,-8.681560185922034,-34.09122680692068,-3.456082538979167,35.34863135934587
1364,1791274403.2622068,-1.356949637276786,-1.7523233717315052,0.10279032804528067,2.2186742367372747,-8.69569261378167,-34.10839748992927,-3.454629253375025,35.36852149359179
1365,1791274403.2822068,-1.385689871651786,-1.7187930982940052,0.09800028898278067,2.209975156372161,-8.72434656661136,-34.14341988008939,-3.451804536363931,35.40907085309765
1366,1791274403.3065891,-1.519810965401786,-1.6852628248565051,0.22733134367028066,2.2807050881720263,-8.75935247440319,-34.18593678327914,-3.448282494284106,35.458358417749366
1367,1791274403.326589,-1.5293910435267861,-1.7140030592315052,0.21775126554528068,2.3074356035914594,-8.78833326400846,-34.22067952129618,-3.4451592155304125,35.498715899013746
1368,1791274403.3670254,-1.424010184151786,-1.7619034498565052,0.07884013273278066,2.2667872722674223,-8.847094837010102,-34.29092786280139,-3.4388922479286173,35.58039910737038
1369,1791274403.3870254,-1.347369559151786,-1.828963996731505,0.07405009367028066,2.2728830692848097,-8.875956106124521,-34.325847563624414,-3.4360281902360117,35.620958682819385
1370,1791274403.3822765,-1.404850027901786,-1.747533332669005,0.16506083585778067,2.248270764213901,-8.875956106124521,-34.325847563624414,-3.4360281902360117,35.620958682819385
1371,1791274403.4022765,-1.510230887276786,-1.709213020169005,0.20817118742028068,2.290314765370046,-8.904690066889373,-34.36082219179959,-3.4330941949076945,35.66154431085304
1372,1791274403.4276528,-1.495860770089286,-1.747533332669005,0.11237040617028066,2.3030630257255713,-8.941400754853234,-34.40512110284177,-3.429319834269112,35.71304019662579
1373,1791274403.4476528,-1.424010184151786,-1.7619034498565052,0.09800028898278067,2.267534526269659,-8.970373606968224,-34.44006176924852,-3.4264757767605407,35.753687831704475
1374,1791274403.4722147,-1.361739676339286,-1.7187930982940052,0.14111064054528066,2.197384097907061,-9.005749560721595,-34.48294760073257,-3.4230664431344895,35.80355546952591
1375,1791274403.4922147,-1.424010184151786,-1.670892707669005,0.21296122648278068,2.2056835514403494,-9.0344128948652,-34.517714639938006,-3.4201756381461035,35.843979155708496
1376,1791274403.502082,-1.471910574776786,-1.7283731764190051,0.19380107023278068,2.278454175955229,-9.048576474436214,-34.53481041108362,-3.4186623049698257,35.863869260003604
1377,1791274403.522082,-1.462330496651786,-1.7571134107940052,0.11716044523278066,2.2890138902499357,-9.077379386211028,-34.56949188167326,-3.4155886351036364,35.90424530891203
1378,1791274403.547436,-1.433590262276786,-1.704422981106505,0.12674052335778066,2.2307626271927306,-9.113922455672503,-34.613444888510244,-3.4118128380829957,35.95545322228682
1379,1791274403.567436,-1.380899832589286,-1.709213020169005,0.19859110929528068,2.2062937077033737,-9.14264658599233,-34.6480361548206,-3.4087931411827,35.99575345317121
1380,1791274403.5924406,-1.424010184151786,-1.7619034498565052,0.18422099210778067,2.2728937821898834,-9.178431829348119,-34.69130575765758,-3.4048662110781973,36.046129056149965
1381,1791274403.6124406,-1.486280691964286,-1.7235831373565051,0.11716044523278066,2.278924241086718,-9.20712670251592,-34.72595184174023,-3.401744323379038,36.08649024043049
1382,1791274403.6226134,-1.467120535714286,-1.742743293606505,0.13153056242028066,2.2818626476139223,-9.221786160902088,-34.74357562712699,-3.4002048447367375,36.107046131488914
1383,1791274403.6426134,-1.390479910714286,-1.747533332669005,0.15069071867028067,2.238306239901639,-9.250570186321784,-34.77826239480789,-3.397208868623814,36.14749800568817
1384,1791274403.6674213,-1.385689871651786,-1.7619034498565052,0.15069071867028067,2.2465858273629262,-9.286083605904201,-34.82136361276911,-3.3934893483505393,36.19771377512525
1385,1791274403.6874213,-1.462330496651786,-1.7235831373565051,0.15548075773278067,2.2656839097373473,-9.314691703845137,-34.856127554943825,-3.3904812378661804,36.238218398377676
1386,1791274403.7123902,-1.452750418526786,-1.627782356106505,0.14111064054528066,2.186337437418226,-9.350508947650892,-34.89929425791314,-3.3867336819532863,36.28860320145962
1387,1791274403.7323902,-1.361739676339286,-1.661312629544005,0.13632060148278066,2.152412113324878,-9.379116754151662,-34.93361783083689,-3.3837660219899948,36.328712588399654
1388,1791274403.7576973,-1.309049246651786,-1.690052863919005,0.15069071867028067,2.1430343687616875,-9.414955315180855,-34.97689577983256,-3.3800293786752964,36.37924161635079
1389,1791274403.7776973,-1.361739676339286,-1.661312629544005,0.18422099210778067,2.155975874895685,-9.443035887570861,-35.010994591645115,-3.377016938180538,36.41901855447114
1390,1791274403.7876475,-1.3713197544642861,-1.6325723951690052,0.11237040617028066,2.135049789263643,-9.456950241660547,-35.027872475203054,-3.3755216956694656,36.43871436714345
1391,1791274403.8076475,-1.342579520089286,-1.781063606106505,0.09321024992028067,2.232352007961667,-9.484793947692946,-35.06182901525765,-3.372658683049784,36.47832228485443
1392,1791274403.8324814,-1.313839285714286,-1.8050138014190051,0.14590067960778066,2.2373054106020764,-9.519129074978379,-35.104347417282575,-3.369191583253341,36.527804175231196
1393,1791274403.8524814,-1.347369559151786,-1.7666934889190051,0.14590067960778066,2.2266336970924736,-9.546624892794563,-35.13881081763232,-3.3663804888698174,36.56783545845888
1394,1791274403.8771944,-1.3713197544642861,-1.6852628248565051,0.13632060148278066,2.1769731197734035,-9.580542923276155,-35.18140603033345,-3.36290489096548,36.617308233697344
1395,1791274403.8971944,-1.332999441964286,-1.666102668606505,0.15069071867028067,2.1390402771589367,-9.607931452143545,-35.21573412063488,-3.3600835269135,36.65720171742753
1396,1791274403.9074066,-1.313839285714286,-1.704422981106505,0.15069071867028067,2.157299019585272,-9.621845822015565,-35.23321466815541,-3.3586281714112167,36.67750967648645
1397,1791274403.9274065,-1.376109793526786,-1.7187930982940052,0.13632060148278066,2.2060170409523283,-9.649043670052519,-35.26744894872539,-3.3557749583478556,36.71727419987228
1398,1791274403.9522955,-1.424010184151786,-1.670892707669005,0.16027079679528067,2.201221064185707,-9.683040008635171,-35.30998883475477,-3.352203237977636,36.76674913380354
1399,1791274403.9722955,-1.395269949776786,-1.651732551419005,0.15548075773278067,2.1677575787417767,-9.710489519576527,-35.34402888088312,-3.349290010987083,36.80640878733218
1400,1791274403.996869,-1.328209402901786,-1.785853645169005,0.04530985929528066,2.226087698916981,-9.744176590545232,-35.385915069734,-3.3458774417104364,36.855214808831384
1401,1791274404.016869,-1.313839285714286,-1.814593879544005,0.05488993742028066,2.240967987632753,-9.771444364316897,-35.42029258741909,-3.343366327865463,36.89520768806731
1402,1791274404.0276031,-1.400059988839286,-1.7283731764190051,0.15548075773278067,2.2297121059317373,-9.786068733568701,-35.43882786001574,-3.3420514003089448,36.91675729140177
1403,1791274404.0476031,-1.443170340401786,-1.666102668606505,0.24170146085778066,2.2174440984913035,-9.813494759820449,-35.473274604143256,-3.339373125415716,36.956857325978454
1404,1791274404.0871522,-1.443170340401786,-1.570301887356505,0.24649149992028066,2.1469389158482732,-9.868154906857637,-35.54077380039131,-3.3334233069850634,37.03564221854227
1405,1791274404.1071522,-1.428800223214286,-1.6469425123565051,0.20817118742028068,2.1902568251546026,-9.895958243419985,-35.5746138468943,-3.330183814562714,37.0752378839291
1406,1791274404.1171632,-1.438380301339286,-1.733163215481505,0.19859110929528068,2.261024336770884,-9.909940362562963,-35.59154949696467,-3.328500114315874,37.09507011174721
1407,1791274404.1371632,-1.467120535714286,-1.7140030592315052,0.13153056242028066,2.259988814622791,-9.938042172010988,-35.625479305736945,-3.32514577757168,37.13483610329071
1408,1791274404.1472187,-1.486280691964286,-1.6852628248565051,0.14590067960778066,2.2517611091008694,-9.952279141529948,-35.64254319034659,-3.323503035947309,37.15487071188117
1409,1791274404.1672187,-1.404850027901786,-1.7235831373565051,0.13632060148278066,2.2277624960179145,-9.980684973774297,-35.676504801120416,-3.320302471635466,37.19477753493413
1410,1791274404.1925056,-1.443170340401786,-1.6804727857940052,0.15548075773278067,2.220563820572341,-10.016613897884826,-35.71945902335857,-3.316309435068891,37.24527104438654
1411,1791274404.2125056,-1.481490652901786,-1.6852628248565051,0.16027079679528067,2.249580421275061,-10.045155321494143,-35.753385052906815,-3.3131513540952904,37.28520698708143
1412,1791274404.23711,-1.390479910714286,-1.7235831373565051,0.09321024992028067,2.216497544363608,-10.080300365505632,-35.79515140561049,-3.3093812427246845,37.334398666900874
1413,1791274404.2571099,-1.337789481026786,-1.862494270169005,0.14590067960778066,2.297792986817634,-10.108675703224636,-35.82938834739735,-3.306417675142671,37.374627645825086
1414,1791274404.2676234,-1.380899832589286,-1.785853645169005,0.16506083585778067,2.2634934656726116,-10.123498272780713,-35.84756308484544,-3.304848277877098,37.395922485489706
1415,1791274404.2876234,-1.380899832589286,-1.7571134107940052,0.12195048429528066,2.238125065016947,-10.151608475398787,-35.88226535995804,-3.301880108175327,37.436540094525256
1416,1791274404.3283665,-1.380899832589286,-1.747533332669005,0.03093974210778066,2.227490597977027,-10.208722974269255,-35.95306452832026,-3.2962732814245532,37.51941219274053
1417,1791274404.3483665,-1.395269949776786,-1.814593879544005,0.10279032804528067,2.291308585059711,-10.236718137577954,-35.987948528148266,-3.293733249048337,37.56023850042426
1418,1791274404.3574164,-1.424010184151786,-1.771483527981505,0.19859110929528068,2.2815339846622784,-10.249399223187487,-36.003799660998574,-3.292551739557731,37.57877953610603
1419,1791274404.3774164,-1.500650809151786,-1.651732551419005,0.22733134367028066,2.243179175242134,-10.277607294726915,-36.03871041443062,-3.2896934221296044,37.61967494345767
1420,1791274404.4034488,-1.433590262276786,-1.6469425123565051,0.19859110929528068,2.192496090713302,-10.314545054195811,-36.08377542084333,-3.2856994513418005,37.672596262820015
1421,1791274404.4234488,-1.428800223214286,-1.733163215481505,0.05488993742028066,2.2468506213332,-10.342960121314828,-36.118274400649796,-3.282711045182876,37.71316430051858
1422,1791274404.4324923,-1.467120535714286,-1.771483527981505,0.06447001554528066,2.3010330156537915,-10.355845557771248,-36.1339110459286,-3.2814815026370474,37.731567493859046
1423,1791274404.4524922,-1.419220145089286,-1.781063606106505,0.18901103117028067,2.2851911427993095,-10.384397246103383,-36.16863379479444,-3.2787899741848614,37.77242698638308
1424,1791274404.477716,-1.390479910714286,-1.666102668606505,0.2752317342952807,2.1874837123967152,-10.420320265098178,-36.212378195901366,-3.2750263846267527,37.823870860214846
1425,1791274404.497716,-1.486280691964286,-1.570301887356505,0.19380107023278068,2.1708148625722576,-10.448846360861662,-36.246715116969895,-3.2717862978227332,37.864327970033834
1426,1791274404.537656,-1.457540457589286,-1.6852628248565051,0.08842021085778067,2.229877375113046,-10.506086414790417,-36.31475262567503,-3.265440994512475,37.94472578511614
1427,1791274404.557656,-1.337789481026786,-1.852914192044005,0.08363017179528066,2.28691182695322,-10.534642878274893,-36.3490191526605,-3.262482124678484,37.98517715566316
1428,1791274404.6120734,-1.304259207589286,-1.771483527981505,0.16985087492028067,2.2063760536686434,-10.611469568979393,-36.443061002442,-3.2546044936381753,38.09583221365684
1429,1791274404.6320734,-1.419220145089286,-1.5990421217315052,0.21775126554528068,2.149078207265948,-10.639555437845402,-36.477495454528004,-3.2515621195005417,38.13634055290397
1430,1791274404.6130753,-1.438380301339286,-1.733163215481505,0.10758036710778066,2.254853910603995,-10.639555437845402,-36.477495454528004,-3.2515621195005417,38.13634055290397
1431,1791274404.6330752,-1.366529715401786,-1.862494270169005,0.04530985929528066,2.3104850903734087,-10.667698276208291,-36.51201638499819,-3.2487198716291577,38.17697352875044
1432,1791274404.6427984,-1.332999441964286,-1.7906436842315052,0.14590067960778066,2.2370917112325297,-10.681296507005486,-36.528945680630756,-3.2474059148195775,38.19685344088757
1433,1791274404.6627984,-1.3713197544642861,-1.6325723951690052,0.23691142179528066,2.14521269720019,-10.709128079041946,-36.5636796185675,-3.244534379923413,38.23761361284302
1434,1791274404.6877673,-1.400059988839286,-1.6325723951690052,0.14590067960778066,2.1556316025996964,-10.74385218678745,-36.60665301924319,-3.2407702925086457,38.28811822447808
1435,1791274404.7077672,-1.4096400669642861,-1.7140030592315052,0.09800028898278067,2.2213724726138895,-10.771708549451086,-36.64093120343425,-3.23784167247837,38.32846413861579
1436,1791274404.717819,-1.376109793526786,-1.7235831373565051,0.17943095304528067,2.212829063016564,-10.785708874482461,-36.65816632910982,-3.2363814197256002,38.34875277283103
1437,1791274404.737819,-1.361739676339286,-1.709213020169005,0.17464091398278067,2.1923146542566867,-10.813493694480048,-36.69246442473426,-3.2333806599634403,38.38910446901796
1438,1791274404.7619522,-1.390479910714286,-1.6469425123565051,0.10279032804528067,2.157873924177875,-10.846973025362056,-36.73371729454572,-3.229800746192995,38.4376693225363
1439,1791274404.7819521,-1.4096400669642861,-1.690052863919005,0.10758036710778066,2.2033922339472274,-10.8747568103982,-36.76778225114829,-3.226963417026795,38.47783050339489
1440,1791274404.7920773,-1.352159598214286,-1.742743293606505,0.16985087492028067,2.2123153224991805,-10.88880999579227,-36.785047894553976,-3.2255317806524166,38.498181606370636
1441,1791274404.8120773,-1.366529715401786,-1.737953254544005,0.17943095304528067,2.218125434903744,-10.916483101777127,-36.81925767646917,-3.222604163591293,38.538455038478325
1442,1791274404.8378205,-1.352159598214286,-1.670892707669005,0.13153056242028066,2.1534897976157383,-10.95200903428001,-36.863267829648194,-3.218800703052392,38.59025388531795
1443,1791274404.8578205,-1.2898890904017861,-1.6852628248565051,0.08363017179528066,2.123892337199648,-10.979432248176623,-36.89736490003658,-3.215966283378087,38.63037546018129
1444,1791274404.8824122,-1.227618582589286,-1.709213020169005,0.13153056242028066,2.108496341349535,-11.01273678540213,-36.93926206156682,-3.2126070591468774,38.67958501941482
1445,1791274404.9024122,-1.2898890904017861,-1.656522590481505,0.21296122648278068,2.1102685711297875,-11.039536134572534,-36.97327374609863,-3.2097681240671334,38.71946462673207
1446,1791274404.9128265,-1.390479910714286,-1.670892707669005,0.15069071867028067,2.178996217375063,-11.053491391057124,-36.99092665321983,-3.208227540502097,38.74017359986529
1447,1791274404.9328265,-1.356949637276786,-1.742743293606505,0.05967997648278066,2.2095312184056226,-11.080392528441768,-37.02486299487195,-3.205397198377297,38.78002255766172
1448,1791274404.9577212,-1.366529715401786,-1.7571134107940052,0.15069071867028067,2.2310443057370226,-11.113939659194388,-37.06730313418195,-3.2020098378982826,38.82985299214441
1449,1791274404.9777212,-1.390479910714286,-1.6756827467315052,0.21296122648278068,2.1878527221407524,-11.140983674313125,-37.101433643393754,-3.1991512159350703,38.86994293961441
1450,1791274405.0022614,-1.404850027901786,-1.670892707669005,0.17943095304528067,2.1903610452041566,-11.174334314212789,-37.143189780412186,-3.195447587448345,38.91905933747165
1451,1791274405.0222614,-1.443170340401786,-1.742743293606505,0.09321024992028067,2.264637491855166,-11.201709683887204,-37.17723640207153,-3.192472972113717,38.95917209098881
1452,1791274405.0481122,-1.414430106026786,-1.776273567044005,0.09321024992028067,2.2725422901465175,-11.237326215766778,-37.22146472369151,-3.1888434509696597,39.01132731927181
1453,1791274405.0681121,-1.356949637276786,-1.690052863919005,0.19380107023278068,2.1760399481098234,-11.264905423101547,-37.25574963474664,-3.186026088910113,39.05175715992256
1454,1791274405.0781748,-1.3713197544642861,-1.666102668606505,0.16985087492028067,2.1645473640077486,-11.278759113386634,-37.27294498630198,-3.1845467530893297,39.07203825131609
1455,1791274405.0981748,-1.428800223214286,-1.694842902981505,0.12674052335778066,2.2203661193381987,-11.306363806803992,-37.307036342311925,-3.1816026665402743,39.11229242458342
1456,1791274405.1224797,-1.404850027901786,-1.7187930982940052,0.15548075773278067,2.2253151645697096,-11.34004365273203,-37.34847387284463,-3.178047098007557,39.16127007687034
1457,1791274405.1424797,-1.366529715401786,-1.709213020169005,0.16985087492028067,2.194917294820587,-11.367758010001175,-37.38259926358658,-3.175072166702048,39.2016037062212
1458,1791274405.167171,-1.332999441964286,-1.6852628248565051,0.12195048429528066,2.1521780181342525,-11.401840112996206,-37.42469593424938,-3.1714099515268046,39.25133965629701
1459,1791274405.187171,-1.404850027901786,-1.694842902981505,0.15069071867028067,2.2065365982407337,-11.429412402804628,-37.45874963539186,-3.1684795558659538,39.2915850382279
1460,1791274405.2131472,-1.4479603794642861,-1.733163215481505,0.14590067960778066,2.2631241681150773,-11.46540978444102,-37.5030230262973,-3.164666608644167,39.34396360790317
1461,1791274405.2331471,-1.4096400669642861,-1.747533332669005,0.15069071867028067,2.250258998398558,-11.493254490209978,-37.5372185688486,-3.161726357433894,39.38444096621833
1462,1791274405.2428234,-1.390479910714286,-1.699632942044005,0.19380107023278068,2.20448301753598,-11.506737430360442,-37.55378279702772,-3.160267206205533,39.404046714420225
1463,1791274405.2628233,-1.443170340401786,-1.694842902981505,0.16985087492028067,2.23250586044323,-11.534675851168396,-37.58797591824147,-3.157158170696617,39.44454751086168
1464,1791274405.288765,-1.424010184151786,-1.737953254544005,0.08842021085778067,2.248578362707477,-11.571056950644476,-37.63235342034996,-3.153227900860514,39.49716735544396
1465,1791274405.308765,-1.414430106026786,-1.699632942044005,0.13632060148278066,2.2153888978923617,-11.59915576773557,-37.66659113573105,-3.1503152164879795,39.537791899317824
1466,1791274405.3178382,-1.385689871651786,-1.651732551419005,0.21775126554528068,2.166973109076818,-11.611896525336416,-37.68207425672196,-3.1489511012817366,39.55617213839695
1467,1791274405.3378382,-1.452750418526786,-1.5990421217315052,0.18901103117028067,2.168673478305436,-11.640025726626355,-37.715960150373384,-3.145785102759453,39.5964621259756
1468,1791274405.3629384,-1.404850027901786,-1.661312629544005,0.15069071867028067,2.180887651088756,-11.675412339466781,-37.75824596916677,-3.141768245075994,39.646829629497994
1469,1791274405.3829384,-1.4096400669642861,-1.694842902981505,0.15069071867028067,2.2095893910116464,-11.703600855609443,-37.79191970417119,-3.138595620100771,39.686953150632014
1470,1791274405.4225888,-1.428800223214286,-1.661312629544005,0.17464091398278067,2.1981649573624704,-11.759543507087082,-37.85864531931732,-3.132281820299699,39.7665069915717
1471,1791274405.4425888,-1.414430106026786,-1.651732551419005,0.15548075773278067,2.1801392644226287,-11.787793559345362,-37.89222325011321,-3.12907961928372,39.80657984677886
1472,1791274405.4376304,-1.356949637276786,-1.704422981106505,0.07405009367028066,2.179874636992266,-11.787793559345362,-37.89222325011321,-3.12907961928372,39.80657984677886
1473,1791274405.4576304,-1.3713197544642861,-1.733163215481505,0.10758036710778066,2.212678498080827,-11.815830128089654,-37.925918773713725,-3.1262009320618875,39.84673498185048
1474,1791274405.4833677,-1.400059988839286,-1.666102668606505,0.20817118742028068,2.1861841912241404,-11.851847111776111,-37.96933773051376,-3.1224426271663783,39.89845279725364
1475,1791274405.5033677,-1.337789481026786,-1.627782356106505,0.15548075773278067,2.1127068799108697,-11.879743808785031,-38.00295762900918,-3.119414715402993,39.938500844189264
1476,1791274405.5270865,-1.337789481026786,-1.6852628248565051,0.12674052335778066,2.155424469715942,-11.91262473432531,-38.04274183249148,-3.1158603777242795,39.98586525371095
1477,1791274405.5470865,-1.347369559151786,-1.6804727857940052,0.14590067960778066,2.1588609313786646,-11.940219192556663,-38.07630493633296,-3.112903918270574,40.02579171953125
1478,1791274405.5573027,-1.366529715401786,-1.690052863919005,0.16985087492028067,2.18003015245847,-11.954279880447947,-38.09346027189786,-3.1113783173804954,40.04618830776044
1479,1791274405.5773027,-1.404850027901786,-1.6325723951690052,0.15069071867028067,2.1590747831089305,-11.981834160445695,-38.12699096366395,-3.108358880645256,40.0860784403092
1480,1791274405.6018167,-1.366529715401786,-1.622992317044005,0.13153056242028066,2.125748765284964,-12.015636741578904,-38.16791023208263,-3.10469422064038,40.13482308411957
1481,1791274405.6218166,-1.380899832589286,-1.709213020169005,0.16506083585778067,2.2035286645502117,-12.043199355071929,-38.20128530117221,-3.101707959135802,40.17458701257958
1482,1791274405.6469288,-1.400059988839286,-1.6804727857940052,0.18422099210778067,2.195015747113469,-12.07785372762499,-38.243289600037684,-3.097862977959829,40.22462560582099
1483,1791274405.6669288,-1.462330496651786,-1.627782356106505,0.18422099210778067,2.1959105751880426,-12.10560701789811,-38.27668731071623,-3.0947074076675563,40.264472263935126
1484,1791274405.6774035,-1.424010184151786,-1.6804727857940052,0.11237040617028066,2.205543220285003,-12.120229584863218,-38.29415408564884,-3.093069626005118,40.285348230299874
1485,1791274405.6974034,-1.4096400669642861,-1.747533332669005,0.10279032804528067,2.247559502820776,-12.148211889267074,-38.32764395717128,-3.0900888320032487,40.32537653145832
1486,1791274405.7220998,-1.404850027901786,-1.661312629544005,0.20338114835778068,2.185160668116968,-12.1827950731404,-38.36910874234547,-3.0863931040515538,40.37492815930206
1487,1791274405.7420998,-1.400059988839286,-1.6421524732940052,0.21296122648278068,2.1684522595342814,-12.210808120533562,-38.402606641905926,-3.0832245991583958,40.41497625606504
1488,1791274405.767401,-1.404850027901786,-1.661312629544005,0.07884013273278066,2.177103355494954,-12.246253201596817,-38.44489565363786,-3.0792637772647997,40.46557283304783
1489,1791274405.787401,-1.4096400669642861,-1.7187930982940052,0.09800028898278067,2.2250705359100174,-12.274290616315271,-38.47837995381609,-3.076337225721703,40.505651269055804
1490,1791274405.8119693,-1.404850027901786,-1.6756827467315052,0.19380107023278068,2.1952391950338033,-12.308752057791125,-38.51959748125357,-3.072743773389819,40.55498146510339
1491,1791274405.8319693,-1.404850027901786,-1.5990421217315052,0.24170146085778066,2.1421855438192154,-12.336812107438323,-38.553029923325454,-3.069604040348099,40.59501839151679
1492,1791274405.842029,-1.4096400669642861,-1.6325723951690052,0.12674052335778066,2.1606575166184814,-12.350932492214163,-38.56976195383109,-3.0679836835430043,40.61507841288644
1493,1791274405.862029,-1.385689871651786,-1.7140030592315052,0.050099898357780656,2.2046434875663596,-12.378987340442155,-38.603057056201926,-3.0649802029588873,40.655005169151536
1494,1791274405.887108,-1.390479910714286,-1.690052863919005,0.16506083585778067,2.194756967063759,-12.414111623192918,-38.64494771841399,-3.06137421468171,40.705210521926574
1495,1791274405.907108,-1.481490652901786,-1.584672004544005,0.26086161710778066,2.184959656355458,-12.442228815871553,-38.67825567965799,-3.0582909872150204,40.745179642382
1496,1791274405.9322615,-1.462330496651786,-1.5942520826690052,0.15069071867028067,2.1685843025406424,-12.477840203009293,-38.7198596274174,-3.0542185584882664,40.79524821228273
1497,1791274405.9522614,-1.294679129464286,-1.656522590481505,0.11237040617028066,2.105442530497765,-12.506043753601034,-38.75285391112148,-3.051071606604938,40.83495873112078
1498,1791274405.9620671,-1.395269949776786,-1.6325723951690052,0.23691142179528066,2.1606012774214123,-12.519775609509797,-38.76902289306719,-3.0495032693915762,40.85439251274793
1499,1791274405.982067,-1.4910707310267861,-1.5271915357940051,0.28002177335778067,2.1526769626397835,-12.547911863509821,-38.80179449652713,-3.0460088636966685,40.89385673035562
1500,1791274406.0224416,-1.309049246651786,-1.508031379544005,0.11716044523278066,2.0003737505216734,-12.604670397826707,-38.86721882590228,-3.0388100448412962,40.97282979716009
1501,1791274406.0424416,-1.256358816964286,-1.670892707669005,0.06926005460778066,2.0916780040602885,-12.63241709933408,-38.89953459651184,-3.035499299397886,41.01177891281254
1502,1791274406.0518954,-1.366529715401786,-1.661312629544005,0.14590067960778066,2.1560728476720157,-12.64542504335687,-38.91488125645288,-3.0340165329706044,41.030232927115144
1503,1791274406.0718954,-1.419220145089286,-1.5942520826690052,0.14111064054528066,2.1390974115726507,-12.672994835691142,-38.94736130088269,-3.0309196731435804,41.06931000725478
1504,1791274406.0821242,-1.424010184151786,-1.613412238919005,0.14590067960778066,2.156893846616391,-12.687161410234744,-38.9639420781395,-3.029353197891775,41.08929091278574
1505,1791274406.1021242,-1.443170340401786,-1.651732551419005,0.17943095304528067,2.200717273923045,-12.71500646709415,-38.99639639086443,-3.026261780598953,41.12844005425424
1506,1791274406.1272936,-1.562921316964286,-1.666102668606505,0.28002177335778067,2.3015284788404275,-12.750466914490765,-39.03737583552264,-3.02208758325494,41.17795687042078
1507,1791274406.1472936,-1.577291434151786,-1.6469425123565051,0.16027079679528067,2.2860346969285374,-12.779128045914181,-39.070023875369756,-3.0186077943679908,41.217531127568186
1508,1791274406.1718285,-1.476700613839286,-1.7140030592315052,0.05967997648278066,2.263186446044883,-12.814633752273142,-39.11025170605908,-3.014574557371345,41.26638203766046
1509,1791274406.1918285,-1.395269949776786,-1.699632942044005,0.13153056242028066,2.2029141288942404,-12.843543207611331,-39.14324556548438,-3.011493157397215,41.306408298987236
1510,1791274406.2022882,-1.476700613839286,-1.6373624342315052,0.2656516561702807,2.220849217387767,-12.85864749031078,-39.16053031314937,-3.0098117846977583,41.327362808029164
1511,1791274406.2222881,-1.548551199776786,-1.618202277981505,0.15069071867028067,2.2448378835648737,-12.88773420416187,-39.19350638404253,-3.0064545534040157,41.367419602566336
1512,1791274406.247294,-1.457540457589286,-1.699632942044005,0.10279032804528067,2.2413706018261244,-12.92428379194295,-39.2347740344232,-3.0024112741518256,41.41761797262225
1513,1791274406.267294,-1.419220145089286,-1.694842902981505,0.18901103117028067,2.2186490159369696,-12.95344684269707,-39.26792119042646,-2.9992247848943525,41.45789151698923
1514,1791274406.2920284,-1.476700613839286,-1.6086221998565051,0.22254130460778065,2.194956654934452,-12.989475726919311,-39.308894264654924,-2.9951116273054175,41.50766605857365
1515,1791274406.3120284,-1.443170340401786,-1.6373624342315052,0.11237040617028066,2.1854801487615485,-13.01861812879,-39.34192397116432,-2.991782293002125,41.54782979921881
1516,1791274406.3225925,-1.390479910714286,-1.704422981106505,0.11237040617028066,2.2025256386264536,-13.033947435416499,-39.35940117616874,-2.990109444143748,41.569063029899425
1517,1791274406.3425925,-1.356949637276786,-1.6852628248565051,0.17464091398278067,2.1706963297029067,-13.062736861784467,-39.3926104353229,-2.9869869392774984,41.609313166702805
1518,1791274406.3673272,-1.424010184151786,-1.622992317044005,0.24170146085778066,2.17263173638163,-13.098160064524572,-39.433658075046786,-2.982932118151509,41.65900947306727
1519,1791274406.3873272,-1.424010184151786,-1.6469425123565051,0.14590067960778066,2.1820888276798387,-13.126778171944615,-39.46677468363539,-2.979563869707738,41.699117616059375
1520,1791274406.412712,-1.390479910714286,-1.709213020169005,0.11716044523278066,2.206483650594856,-13.16301150311597,-39.50889252444093,-2.975429169613339,41.75009747392662
1521,1791274406.432712,-1.419220145089286,-1.7619034498565052,0.19859110929528068,2.271107222377367,-13.191491103240065,-39.542305038108864,-2.972186580618302,41.790468031881616
1522,1791274406.4421213,-1.404850027901786,-1.6804727857940052,0.16506083585778067,2.1965512660131523,-13.204872752629655,-39.558095646756186,-2.970633273463605,41.80952352821616
1523,1791274406.4621212,-1.380899832589286,-1.7619034498565052,0.15548075773278067,2.2439613143471373,-13.233228570561682,-39.59178877282514,-2.96734603519495,41.85012806581743
1524,1791274406.4878614,-1.337789481026786,-1.809803840481505,0.20338114835778068,2.2597421375180957,-13.269497083506382,-39.63554283342237,-2.9630571501187575,41.902691037976474
1525,1791274406.5078614,-1.313839285714286,-1.900814582669005,0.22254130460778065,2.3213776897846463,-13.297427926888309,-39.670005961786046,-2.9595856889055803,41.94389240317241
1526,1791274406.5325437,-1.471910574776786,-1.9582950514190052,0.27044169523278067,2.464666094843736,-13.33188422705587,-39.713301588887894,-2.9550315369212194,41.99544822379904
1527,1791274406.5525436,-1.299469168526786,-1.9487149732940052,0.16027079679528067,2.3477216392488582,-13.359773154734613,-39.74898206866973,-2.9512487853474343,42.03778043182597
1528,1791274406.6067767,-1.045597098214286,-1.776273567044005,0.3662424764827807,2.093455189000617,-13.43359307456252,-39.846373605140414,-2.9403883090403298,42.152589431508304
1529,1791274406.6267767,-1.031226981026786,-1.857704231106505,0.6057444296077806,2.2093936748957814,-13.459848014597,-39.88235306914116,-2.935525988276349,42.194631266732614
1530,1791274406.607778,-1.337789481026786,-1.8816544264190052,0.41893290617028067,2.346446005319626,-13.459848014597,-39.88235306914116,-2.935525988276349,42.194631266732614
1531,1791274406.627778,-1.390479910714286,-1.9630850904815051,0.08363017179528066,2.4071002181474075,-13.485930102065252,-39.918883013398634,-2.9299526552691706,42.237094529776954
1532,1791274406.6521719,-1.347369559151786,-2.0924161451690053,-0.06007100007971935,2.489421334074121,-13.51797936731168,-39.96417465180686,-2.9241314704091463,42.28973358430416
1533,1791274406.6721718,-1.361739676339286,-2.240907356106505,-0.03612080476721934,2.6224617132202144,-13.54437809023035,-40.00223827473015,-2.920218986965836,42.3338744242862
1534,1791274406.6974225,-1.309049246651786,-2.5091495436065054,-0.13671162507971935,2.8333957419979794,-13.577765943569245,-40.05208208834376,-2.916347597352387,42.39139170796778
1535,1791274406.7174225,-1.361739676339286,-2.6576407545440053,-0.18940205476721936,2.992200271485834,-13.604250453071185,-40.09338955073329,-2.9142303592557584,42.438758872563
1536,1791274406.7270055,-1.476700613839286,-2.6097403639190055,-0.18940205476721936,3.004540332285701,-13.617077061313482,-40.11399895747508,-2.913640311201732,42.46230092584623
1537,1791274406.7470055,-1.577291434151786,-2.355868293606505,-0.021750687579719343,2.8352137093135,-13.64441211105047,-40.1580079094557,-2.9129103102674367,42.512593752766364
1538,1791274406.772498,-1.4910707310267861,-2.1690567701690053,0.07884013273278066,2.63330874826141,-13.679894205284723,-40.21433984742524,-2.9120102547182745,42.57713516144059
1539,1791274406.7924979,-1.380899832589286,-2.159476692044005,-0.012170609454719344,2.563273698780709,-13.707863888486408,-40.25839838318683,-2.9113100358805477,42.62768934495123
1540,1791274406.8169768,-1.4479603794642861,-2.1786368482940053,0.05488993742028066,2.616497789502754,-13.742155838331248,-40.312199313486566,-2.9105031306732663,42.68947515546317
1541,1791274406.8369768,-1.524601004464286,-2.125946418606505,0.16506083585778067,2.6213167449076815,-13.770429565598734,-40.35601956380598,-2.9096128296265213,42.73989813129804
1542,1791274406.8474224,-1.452750418526786,-1.9535050123565052,0.10279032804528067,2.4366434830256556,-13.78531386872919,-40.378668969182456,-2.9090077511266146,42.76603924001275
1543,1791274406.8674223,-1.390479910714286,-1.9151846998565052,-0.11755146882971935,2.3696381927392385,-13.813802597550586,-40.42133342468648,-2.9080451404021153,42.815441893928735
1544,1791274406.8917868,-1.462330496651786,-1.987035285794005,-0.045700882892219345,2.467551069203118,-13.848515461843073,-40.47264274993795,-2.9073466824322645,42.8750376838652
1545,1791274406.9117868,-1.495860770089286,-1.905604621731505,0.19859110929528068,2.430713238238463,-13.877173180885476,-40.514282099069284,-2.9066300076128617,42.92355399423967
1546,1791274406.9367661,-1.428800223214286,-1.7235831373565051,0.03093974210778066,2.2390100886058066,-13.913076099686947,-40.5652865183144,-2.9054391538622304,42.98322618819364
1547,1791274406.9567661,-1.433590262276786,-1.7906436842315052,-0.09360127351721935,2.2957236424223733,-13.941803822538903,-40.605269493247015,-2.9047226969562434,43.030212855522684
1548,1791274406.9674299,-1.5677113560267861,-1.9966153639190052,0.03572978117028066,2.538792710032712,-13.957223889834895,-40.62641914399554,-2.904444276252259,43.055148678508125
1549,1791274406.9874299,-1.515020926339286,-1.9582950514190052,0.07405009367028066,2.4770327676538093,-13.986430419523048,-40.66606795403115,-2.9038357525648384,43.10199045055707
1550,1791274407.0120027,-1.553341238839286,-1.651732551419005,-0.07444111726721934,2.268618721961867,-14.022587053889895,-40.71412822322958,-2.903200963264918,43.1590287251069
1551,1791274407.0320027,-1.697042410714286,-1.508031379544005,-0.18940205476721936,2.27815379722318,-14.052476500443879,-40.75211691066073,-2.903157567835988,43.2045767524619
1552,1791274407.057538,-1.6874623325892861,-1.464921027981505,-0.06965107820471934,2.235704366597951,-14.091395955226163,-40.79903790771043,-2.903606598643632,43.26152869977486
1553,1791274407.077538,-1.586871512276786,-1.378700324856505,0.09800028898278067,2.1044191214859636,-14.12221781587712,-40.83454067304554,-2.9038630141001645,43.305070931962995
1554,1791274407.0875952,-1.620401785714286,-1.1439884107940053,0.021359663982780656,1.9836500866893076,-14.137811278271558,-40.85161852744064,-2.903882582122017,43.326261990879225
1555,1791274407.1075952,-1.677882254464286,-0.9332266920440052,0.026149703045280658,1.9201262264650487,-14.169116763489011,-40.88360152014857,-2.9038443945118853,43.36663527855507
1556,1791274407.132489,-1.8886439732142861,-0.5164932936065051,0.3470823202327807,1.9885189254611864,-14.208896342276498,-40.92014574716625,-2.9031071564112296,43.414042594493466
1557,1791274407.152489,-1.7688929966517861,-0.2865714186065051,0.40935282804528067,1.8381173383096492,-14.241548172172386,-40.94630644653619,-2.9014690438467277,43.449283406822246
1558,1791274407.1927314,-1.591661551339286,-0.46859290298150513,0.17943095304528067,1.6688802442497648,-14.30753552894029,-40.99332844671187,-2.8968903147300997,43.51494597891008
1559,1791274407.2127314,-1.716202566964286,-0.4733829420440051,0.07405009367028066,1.7818322247185956,-14.34037297044806,-41.01460534801848,-2.8945758585898136,43.545639485330724
1560,1791274407.2219927,-1.879063895089286,-0.3536319654815051,0.22254130460778065,1.9249574855292166,-14.355795351320424,-41.023554565906274,-2.8934588555824927,43.55907475532316
1561,1791274407.2419927,-1.835953543526786,-0.12371009048150511,0.27044169523278067,1.859883950948522,-14.389676884020846,-41.0406975825029,-2.890669033554424,43.5862091302574
1562,1791274407.252426,-1.8503236607142861,0.0822615892059949,0.09321024992028067,1.8544952869036937,-14.40758481258167,-41.04833142274271,-2.889147441023232,43.599210837571725
1563,1791274407.272426,-1.792843191964286,0.3217635423309949,0.11237040617028066,1.8249508476473972,-14.442228963978286,-41.06016406190316,-2.886359768130009,43.62162448774067
1564,1791274407.2970464,-1.8503236607142861,0.49420494858099495,0.30397196867028065,1.939158358241623,-14.485206944350901,-41.07103870529389,-2.882674027831749,43.645861775237705
1565,1791274407.3170464,-1.653932059151786,0.4223543626434949,0.13153056242028066,1.7120673914261249,-14.520138755609189,-41.077172590597876,-2.8794758449710747,43.66302690677413
1566,1791274407.357547,-1.735362723214286,0.5564754563934949,0.01656962492028066,1.8224772336465689,-14.590561290323576,-41.08475747519167,-2.8735210189259752,43.69323630275304
1567,1791274407.377547,-2.027555106026786,0.6858065110809949,0.20817118742028068,2.150498900694522,-14.62576524204501,-41.08607777932061,-2.870684393353342,43.70605936354863
1568,1791274407.3725939,-1.759312918526786,0.9636287767059949,0.26086161710778066,2.022822569547615,-14.62576524204501,-41.08607777932061,-2.870684393353342,43.70605936354863
1569,1791274407.3925939,-1.481490652901786,1.011529167330995,0.11237040617028066,1.7973961497620856,-14.660889550011602,-41.08196593697688,-2.8674770676206505,43.71375106734605
1570,1791274407.417425,-1.471910574776786,1.0306893235809949,-0.007380570392219343,1.7969128233453318,-14.703457172195597,-41.07382334054635,-2.863896784062707,43.72016149804075
1571,1791274407.437425,-1.941334402901786,1.231870964205995,0.14111064054528066,2.303518515058853,-14.73771993025944,-41.06485487116523,-2.861245034393954,43.72309935811359
1572,1791274407.4625864,-2.037135184151786,1.4953231126434952,0.19380107023278068,2.53445651462761,-14.781867144664778,-41.05011778115802,-2.8577773299899745,43.72393689270525
1573,1791274407.4825864,-1.898224051339286,1.437842643893495,0.23691142179528066,2.393067704737714,-14.817597564475498,-41.03576114845939,-2.854788360708386,43.72235935080123
1574,1791274407.4919653,-1.998814871651786,1.332461784518495,0.21775126554528068,2.412080204301907,-14.834581103120398,-41.028089853701665,-2.8532771273897666,43.720820485372414
1575,1791274407.5119653,-2.113775809151786,1.327671745455995,0.23691142179528066,2.5073666378921367,-14.871533931460009,-41.01019485530958,-2.849855909329689,43.71636172246002
1576,1791274407.537261,-2.209576590401786,1.476162956393495,0.24649149992028066,2.668715766471378,-14.919462976976032,-40.9856371047405,-2.8452607589340158,43.709362077124496
1577,1791274407.557261,-2.267057059151786,1.4186824876434951,0.4141428671077807,2.706237614211386,-14.95838860857437,-40.964790818541694,-2.841181640142712,43.70285791208956
1578,1791274407.5826557,-2.056295340401786,1.164810417330995,0.6296946249202807,2.44574102388916,-15.00863432444029,-40.93737142334287,-2.8347910560407104,43.693975828126526
1579,1791274407.6026556,-1.917384207589286,1.318091667330995,0.7159153280452807,2.434391628298614,-15.048230875960199,-40.91529168167657,-2.828494588176358,43.68650509629051
1580,1791274407.6127348,-1.816793387276786,1.322881706393495,0.4859934530452807,2.299335525225951,-15.068015415622229,-40.90383710664081,-2.8248888414484616,43.682364583188196
1581,1791274407.6327348,-1.9652845982142861,1.318091667330995,0.4764133749202807,2.413851465867074,-15.107058107556233,-40.88055579916402,-2.8173636023168047,43.67356849149498
1582,1791274407.6720223,-1.907804129464286,1.308511589205995,0.5578440389827807,2.3797287970094416,-15.183660913410273,-40.833942996158186,-2.80175102666594,43.65551818684944
1583,1791274407.6920223,-1.7688929966517861,1.083379753268495,0.5865842733577807,2.1556380106934734,-15.222322482180575,-40.810185501955814,-2.793278723616788,43.64622261414331
1584,1791274407.7023883,-1.8072133091517861,1.049849479830995,0.5291038046077807,2.155957956716037,-15.242135218948006,-40.79806057334785,-2.7886788293177993,43.641507331809024
1585,1791274407.7223883,-1.802423270089286,1.1169100267059948,0.5195237264827807,2.183145106192966,-15.28004218328137,-40.77492578294807,-2.7795621496254226,43.63255925878531
1586,1791274407.732756,-1.869483816964286,1.136070182955995,0.6919651327327807,2.2944369565126252,-15.29960010454997,-40.76298016588525,-2.774603094381849,43.62793529030286
1587,1791274407.7527559,-1.778473074776786,1.1169100267059948,0.5961643514827807,2.183086443419332,-15.337141493471188,-40.74001326570199,-2.7645394540980592,43.619024157741016
1588,1791274407.7770755,-1.735362723214286,1.0402694017059948,0.4572532186702807,2.074301018471471,-15.382352893556636,-40.71234035944586,-2.7522164099189603,43.608326421135466
1589,1791274407.7970755,-1.7305726841517861,1.016319206393495,0.5099436483577807,2.070707383701779,-15.419155581575048,-40.68991149294504,-2.7421515297759083,43.59975517322053
1590,1791274407.8221471,-1.7641029575892861,1.021109245455995,0.6105344686702807,2.1277865667320772,-15.464941787052032,-40.66218140595569,-2.72932003281142,43.58929466060747
1591,1791274407.842147,-1.7257826450892861,0.9109383470184949,0.5674241171077807,2.0322658632264887,-15.501222259750953,-40.640480762485225,-2.718852612477699,43.58128873358964
1592,1791274407.8518934,-1.701832449776786,0.7768172532684949,0.39977274992028067,1.9129811770291127,-15.518755805785991,-40.6302582455355,-2.7138098159564663,43.57768271232081
1593,1791274407.8718934,-1.735362723214286,0.7432869798309949,0.36145243742028066,1.9221360982055997,-15.5544944402317,-40.610147490114805,-2.7038720932438705,43.57106035841565
1594,1791274407.8976417,-1.8886439732142861,0.6570662767059949,0.3854026327327807,2.0364791525719785,-15.600601679957865,-40.58543600571751,-2.6915549594955435,43.56375622752107
1595,1791274407.9176416,-1.931754324776786,0.508575065768495,0.3183420858577807,2.022786457450101,-15.636774039458142,-40.56737207588046,-2.682367099458204,43.55933278598576
1596,1791274407.9422576,-1.802423270089286,0.5373153001434949,0.3566623983577807,1.914326367871992,-15.681510918804028,-40.54654301037796,-2.6715087402592776,43.5553543635944
1597,1791274407.9622576,-1.831163504464286,0.6235360032684949,0.5099436483577807,2.00049980053846,-15.717856895399859,-40.53041703683138,-2.662709973655303,43.552907537471526
1598,1791274408.017612,-1.9700746372767861,0.546895378268495,0.5482639608577807,2.116809391983171,-15.819144205471735,-40.487620541983816,-2.6376170960075895,43.548246399715474
1599,1791274408.037612,-1.941334402901786,0.4510945970184949,0.5770041952327807,2.074897453048112,-15.856117855535839,-40.47298024397283,-2.6282228730967527,43.54751610308361
1600,1791274408.017612,-1.903014090401786,0.5421053392059949,0.6536448202327807,2.0838887633653886,-15.856117855535839,-40.47298024397283,-2.6282228730967527,43.54751610308361
1601,1791274408.037612,-1.946124441964286,0.4989949876434949,0.6775950155452807,2.120266810190629,-15.89350655965395,-40.4595746509479,-2.61786961319603,43.54806508915275
1602,1791274408.0922298,-1.989234793526786,0.33613365951849494,0.6392747030452807,2.116297012895988,-15.996416118735006,-40.42503578290703,-2.5884426348587013,43.55191019883047
1603,1791274408.1122298,-1.9652845982142861,0.3600838548309949,0.5386838827327807,2.069343920184439,-16.034378809131077,-40.41324112866128,-2.57751646109687,43.55427594881192
1604,1791274408.10736,-1.893434012276786,0.3409236985809949,0.4476731405452807,1.9752803770266103,-16.034378809131077,-40.41324112866128,-2.57751646109687,43.55427594881192
1605,1791274408.1273599,-1.9221742466517862,0.35529381576849495,0.45246317960778065,2.006417319232338,-16.07245012140879,-40.40278138191492,-2.567014493356039,43.55798388021516
1606,1791274408.137218,-1.893434012276786,0.37445397201849495,0.37103251554528066,1.9654448004456537,-16.091222004163917,-40.39785950530466,-2.5620056139348995,43.56005453352253
1607,1791274408.157218,-1.7688929966517861,0.2594930345184949,0.16027079679528067,1.7949946509315138,-16.12908690844956,-40.388420991135376,-2.5525710320236707,43.56475196223467
1608,1791274408.1827981,-1.826373465401786,0.28823326889349493,0.18422099210778067,1.8581323489875348,-16.17714961233363,-40.37710901356654,-2.5416532374146317,43.571448255165016
1609,1791274408.2027981,-1.879063895089286,0.4223543626434949,0.4045627889827807,1.967977484551497,-16.21464911678758,-40.36852545627758,-2.533514350542423,43.576959376017456
1610,1791274408.2275708,-1.812003348214286,0.4415145188934949,0.3662424764827807,1.900637986549195,-16.260987846275373,-40.35788333403945,-2.5235133017712386,43.58378818236055
1611,1791274408.2475708,-1.754522879464286,0.31697350326849494,0.20338114835778068,1.7944878455551827,-16.29813712873003,-40.34944255117641,-2.5157957456074405,43.58940256864265
1612,1791274408.2570565,-1.8455336216517861,0.27865319076849493,0.22733134367028066,1.880245060939546,-16.315674807437027,-40.345615957817394,-2.512378041194297,43.59222424767518
1613,1791274408.2770565,-1.931754324776786,0.34571373764349494,0.35187235929528066,1.9937419383975648,-16.352771158188194,-40.33782151938874,-2.5053841442364444,43.59850822209774
1614,1791274408.3021061,-1.8072133091517861,0.22117272201849492,0.23212138273278066,1.8354339143816096,-16.399288901411122,-40.328458436732426,-2.496841188283313,43.60682804647351
1615,1791274408.3221061,-1.840743582589286,0.0822615892059949,0.10758036710778066,1.84571867880492,-16.436330124134926,-40.32164902438818,-2.4905339542814633,43.61411568945218
1616,1791274408.3478513,-1.974864676339286,0.0678914720184949,0.27044169523278067,1.9944519177823994,-16.484227027681552,-40.31390844072685,-2.4829028499496126,43.624600411118294
1617,1791274408.3678513,-1.998814871651786,0.2594930345184949,0.3566623983577807,2.0469014613562337,-16.521814720627695,-40.308306119046165,-2.476923240470136,43.633302105028285
1618,1791274408.37696,-1.912594168526786,0.1157918626434949,0.26086161710778066,1.9337717011625764,-16.539037916363068,-40.30588094901097,-2.4741865256797557,43.63743133181187
1619,1791274408.39696,-2.017975027901786,0.043941276705994896,0.36145243742028066,2.050561365468205,-16.577077914458783,-40.301115184328594,-2.4681454452704195,43.64712062921868
1620,1791274408.4232068,-2.123355887276786,0.1924324876434949,0.5578440389827807,2.203828590921325,-16.62766337892625,-40.295333720118,-2.459597040313759,43.66053969729742
1621,1791274408.4432068,-1.974864676339286,0.3792440110809949,0.5386838827327807,2.0818493786317824,-16.666574794414544,-40.29073156494256,-2.4524154675144265,43.670723683508804
1622,1791274408.4675357,-1.903014090401786,0.45588463608099494,0.5051536092952806,2.021008064968195,-16.713884320956453,-40.28444918779513,-2.4430851959600117,43.68248436997467
1623,1791274408.4875357,-2.037135184151786,0.4798348313934949,0.5386838827327807,2.1610973021693445,-16.752852327634493,-40.27865576480855,-2.434999863334576,43.69161699532203
1624,1791274408.496732,-2.094615652901786,0.4223543626434949,0.5530539999202807,2.207185236416054,-16.77093243006514,-40.275769190918616,-2.4310867784014643,43.69567417282949
1625,1791274408.516732,-1.974864676339286,0.31697350326849494,0.4045627889827807,2.0406454228641735,-16.81045900685575,-40.26932416194417,-2.4224167372932137,43.70444031594543
1626,1791274408.5426602,-1.984444754464286,0.25470299545599495,0.4141428671077807,2.043137027659019,-16.86171474933469,-40.26111035580806,-2.4112706967701056,43.71600001994222
1627,1791274408.5626602,-2.070665457589286,0.35529381576849495,0.4668332967952807,2.1521669219123165,-16.90140347529312,-40.25480994118904,-2.4026412803677637,43.72504828994508
1628,1791274408.6016517,-2.0227650669642863,0.43672447983099494,0.5003635702327807,2.129006925735748,-16.979143841292288,-40.24205313736793,-2.3855127135813174,43.74248320798325
1629,1791274408.6216516,-1.974864676339286,0.44630455795599494,0.5003635702327807,2.085579523950373,-17.019034503635012,-40.235166723148346,-2.376543696122066,43.75116154589545
1630,1791274408.6320028,-1.9652845982142861,0.508575065768495,0.5291038046077807,2.097842459659482,-17.039642317614412,-40.231395903260584,-2.371798780378186,43.75545744352048
1631,1791274408.6520028,-2.008394949776786,0.570845573580995,0.5722141561702807,2.1649350991860197,-17.079447520328713,-40.22358386921285,-2.3623541202470015,43.76328305637856
1632,1791274408.6628065,-2.056295340401786,0.594795768893495,0.6009543905452807,2.2233485361425793,-17.101017911248032,-40.219052420981406,-2.357066940109097,43.76725666297388
1633,1791274408.6828065,-2.046715262276786,0.6379061204559949,0.5770041952327807,2.220112930611454,-17.14111415542131,-40.21007298401698,-2.346980448500166,43.77414854791352
1634,1791274408.7069395,-2.075455496651786,0.7241268235809949,0.5722141561702807,2.271410182184909,-17.189699967290355,-40.19839796365181,-2.3345551638067463,43.78181279506874
1635,1791274408.7269394,-2.061085379464286,0.7289168626434949,0.5338938436702807,2.250430041213568,-17.230130071807697,-40.18799416664677,-2.324143261201169,43.787599835209434
1636,1791274408.7526746,-2.085035574776786,0.6474861985809949,0.45246317960778065,2.22964899801256,-17.282352850908225,-40.173958426638194,-2.310851497436696,43.79459658875459
1637,1791274408.7726746,-2.247896902901786,0.5852156907684949,0.48120341398278066,2.372145572351278,-17.323349293115456,-40.162837720001974,-2.3006707952440673,43.800057654786094
1638,1791274408.782469,-2.128145926339286,0.6283260423309949,0.47162333585778066,2.2685297596001357,-17.343629276450027,-40.157317103003734,-2.2957329871434338,43.80276227977397
1639,1791274408.802469,-2.061085379464286,0.7097567063934949,0.5051536092952806,2.237634396566166,-17.385112496197014,-40.14572800601601,-2.285697412841349,43.80805891958138
1640,1791274408.8273478,-2.1089857700892862,0.5852156907684949,0.4333030233577807,2.2311543857859184,-17.43675563249952,-40.13105800746989,-2.2733352523130566,43.81449893535045
1641,1791274408.8473477,-2.1425160435267863,0.39361412826849496,0.4285129842952807,2.220119468959247,-17.478421341050467,-40.11956555333615,-2.263595296035628,43.820070931343324
1642,1791274408.8726027,-2.123355887276786,0.31697350326849494,0.31355204679528065,2.1696606443996718,-17.53122277228857,-40.10588433683919,-2.2517354783343806,43.82802805278743
1643,1791274408.8926027,-2.041925223214286,0.31697350326849494,0.3279221639827807,2.092238935830266,-17.573013143948636,-40.09572412075844,-2.2427900175130695,43.835008734891545
1644,1791274408.9026506,-2.017975027901786,0.3121834642059949,0.39977274992028067,2.0807450540942525,-17.593918680263027,-40.090911207120214,-2.238421591392719,43.838768996924614
1645,1791274408.9226506,-2.123355887276786,0.30739342514349494,0.48120341398278066,2.1987923202256097,-17.63550058211957,-40.081838912185646,-2.229709222833317,43.84673641883427
1646,1791274408.9478354,-2.046715262276786,0.33613365951849494,0.5530539999202807,2.146601483444435,-17.687884805249357,-40.07091277291619,-2.2184302966996543,43.857277073705156
1647,1791274408.9678354,-1.907804129464286,0.40798424545599493,0.4428831014827807,2.000578212047779,-17.729176338416483,-40.06242136778251,-2.2093230292429444,43.865731587834794
1648,1791274408.992726,-1.8838539341517861,0.45588463608099494,0.37103251554528066,1.973423820223553,-17.779935022278647,-40.051826029872736,-2.198169451576458,43.87603909494892
1649,1791274409.012726,-1.936544363839286,0.4510945970184949,0.3087620077327807,2.01221877190234,-17.820333106394457,-40.0432290903379,-2.1895320186044795,43.88414882921436
1650,1791274409.0523868,-2.051505301339286,0.39840416733099493,0.28002177335778067,2.1085094440206653,-17.90029001126548,-40.02621137399365,-2.1732215575438874,43.90035160885619
1651,1791274409.0723867,-1.9269642857142861,0.2068026048309949,0.2943918905452807,1.9602615287257152,-17.940530084202383,-40.01800916599563,-2.165368693942516,43.90891138359715
1652,1791274409.0672603,-1.917384207589286,0.0726815110809949,0.49078349210778066,1.9805335739874037,-17.940530084202383,-40.01800916599563,-2.165368693942516,43.90891138359715
1653,1791274409.0872602,-1.898224051339286,0.2115926438934949,0.6153245077327807,2.0066515008464627,-17.980228483483902,-40.011300317983306,-2.1570347419149036,43.91862439025117
1654,1791274409.1122892,-1.855113699776786,0.2594930345184949,0.5386838827327807,1.9490930710407846,-18.029502562847057,-40.0032795991915,-2.1460033868097246,43.93097622283163
1655,1791274409.1322892,-1.859903738839286,0.15890221420599493,0.4764133749202807,1.926515386710123,-18.068542678240362,-39.99720423056086,-2.1369881027407587,43.941043443776394
1656,1791274409.1424878,-1.859903738839286,0.0870516282684949,0.6488547811702807,1.9717587151525624,-18.088309510358133,-39.994382790266165,-2.1322198010009634,43.946375925628175
1657,1791274409.1624877,-1.792843191964286,0.1157918626434949,0.8165061483577807,1.973417532285856,-18.126737858911703,-39.98937548063424,-2.122073503432296,43.957160653195324
1658,1791274409.1871376,-1.692252371651786,0.2020125657684949,0.7446555624202807,1.8598492069877413,-18.173439198249753,-39.98354218543271,-2.108557858191054,43.970485035169865
1659,1791274409.2071376,-1.7641029575892861,0.1253719407684949,0.5961643514827807,1.8663304376466163,-18.210831700735174,-39.97902812767237,-2.0972254509619246,43.981307800676895
1660,1791274409.2321942,-1.797633231026786,0.0870516282684949,0.5961643514827807,1.8959101121242228,-18.25734459624865,-39.97382188210314,-2.082916818587195,43.99517712251458
1661,1791274409.2521942,-1.744942801339286,0.2115926438934949,0.5865842733577807,1.8530186012682954,-18.294215747584868,-39.96984166959803,-2.0714348154723363,44.00633380669956
1662,1791274409.2617486,-1.668302176339286,0.2115926438934949,0.32313212492028065,1.712430427399529,-18.311633573134245,-39.96792221167759,-2.0661205290101456,44.01158465763128
1663,1791274409.2817485,-1.6874623325892861,0.0487313157684949,0.26086161710778066,1.7082015830470036,-18.34765850513385,-39.96411646184819,-2.0557889046803792,44.02264695833025
1664,1791274409.307772,-1.668302176339286,-0.1093399732940051,0.3183420858577807,1.7019192298598116,-18.394051528389788,-39.96002561460542,-2.043231716209289,44.03770628217487
1665,1791274409.327772,-1.653932059151786,-0.14766028579400511,0.2943918905452807,1.6864048747289777,-18.42934148402874,-39.95773873633932,-2.034109533525944,44.04996156696252
1666,1791274409.3528576,-1.749732840401786,-0.2195108717315051,0.18901103117028067,1.7735487603933757,-18.473369359662325,-39.95599140324813,-2.0234744975706387,44.066325845902654
1667,1791274409.3728576,-1.788053152901786,-0.3823721998565051,0.16506083585778067,1.8359160264999024,-18.508512695148877,-39.95571010022664,-2.015736275150483,44.080460575302496
1668,1791274409.3979692,-1.692252371651786,-0.5164932936065051,0.11716044523278066,1.7731920317971017,-18.552574044785036,-39.95710278173821,-2.0069461501250023,44.099840127228624
1669,1791274409.4179692,-1.692252371651786,-0.6266641920440051,0.050099898357780656,1.805252364287808,-18.587479242259434,-39.95976032730956,-2.0007445623600937,44.11666135148105
1670,1791274409.4275208,-1.8072133091517861,-0.7895255201690052,0.16506083585778067,1.979044105447768,-18.604155557838215,-39.96185363977282,-1.998072955067427,44.125464823394644
1671,1791274409.4475207,-1.792843191964286,-0.8709561842315052,0.32313212492028065,2.0192240479895465,-18.63923645710312,-39.96807007679046,-1.9925856894899758,44.14564711380948
1672,1791274409.4717517,-1.629981863839286,-0.8613761061065052,0.15548075773278067,1.8501307896041723,-18.681583725985348,-39.977620072368644,-1.9860650183881996,44.171893002438985
1673,1791274409.4917517,-1.692252371651786,-1.0481876295440051,-0.012170609454719344,1.9906188785964718,-18.716277120089202,-39.98718451254949,-1.9812752731476602,44.19501562602551
1674,1791274409.517837,-1.797633231026786,-1.2158389967315053,0.11716044523278066,2.173355992282907,-18.761566866185582,-40.002217282804146,-1.9757598174909496,44.22756386769951
1675,1791274409.537837,-1.802423270089286,-1.3164298170440052,0.24649149992028066,2.245545627969919,-18.79648252292731,-40.015812621628626,-1.9716198872441824,44.25449468679742
1676,1791274409.5474646,-1.759312918526786,-1.302059699856505,0.10279032804528067,2.191142911547603,-18.813340869522186,-40.02326619024586,-1.969673735933276,44.26830972415975
1677,1791274409.5674646,-1.7688929966517861,-1.354750129544005,-0.09360127351721935,2.2300429470096037,-18.84840094465336,-40.04041260444019,-1.9662235188553876,44.29856537891857
1678,1791274409.592691,-1.835953543526786,-1.5271915357940051,-0.03612080476721934,2.388376878452487,-18.89280987600288,-40.06424820294449,-1.962769899487018,44.338862352977266
1679,1791274409.612691,-1.792843191964286,-1.622992317044005,0.16985087492028067,2.42430198033738,-18.928180145152822,-40.085036230591825,-1.9602419182263953,44.3726118410128
1680,1791274409.637511,-1.634771902901786,-1.6038321607940051,0.07405009367028066,2.291340260827028,-18.971871171913048,-40.112971336786295,-1.9571212417645742,44.41635609529974
1681,1791274409.657511,-1.5293910435267861,-1.656522590481505,-0.14629170320471935,2.2593152323706502,-19.00654263634535,-40.13699541151007,-1.9550921641763483,44.452777742467546
1682,1791274409.6671689,-1.424010184151786,-1.7140030592315052,-0.05528096101721935,2.2290508016359674,-19.022913131103657,-40.14929772441437,-1.9544053171797173,44.470855983452815
1683,1791274409.6871688,-1.400059988839286,-1.6756827467315052,-0.07444111726721934,2.184862036830311,-19.055964948349764,-40.1760370583673,-1.9533908964558655,44.50909446194557
1684,1791274409.712878,-1.500650809151786,-1.584672004544005,-0.21814228914221936,2.1933363333756253,-19.09767179748305,-40.21154009626843,-1.9528466551345158,44.558979286521506
1685,1791274409.732878,-1.265938895089286,-1.814593879544005,-0.19898213289221936,2.2214738627741677,-19.129400018782448,-40.24011510735636,-1.953112465685293,44.59837953598201
1686,1791274409.7578793,-1.112657645089286,-1.852914192044005,-0.045700882892219345,2.1618017043546924,-19.167573120328385,-40.27735458090104,-1.9538537084902925,44.64838962015256
1687,1791274409.7778792,-1.165348074776786,-1.7235831373565051,-0.09839131257971935,2.08289601688534,-19.196946473234796,-40.308040835621775,-1.9545738652479179,44.688715229877715
1688,1791274409.787928,-1.366529715401786,-1.8050138014190051,-0.13671162507971935,2.2680759146953418,-19.21139935084906,-40.323805616005714,-1.955058616645254,44.709164816284996
1689,1791274409.807928,-1.4479603794642861,-1.8768643873565052,0.12195048429528066,2.373621939072295,-19.24007147054396,-40.35599820386403,-1.955900827552345,44.75055853583435
1690,1791274409.8323348,-1.352159598214286,-1.656522590481505,0.37103251554528066,2.1702690615245004,-19.274938237356455,-40.395858943348216,-1.955872034335625,44.80149661829935
1691,1791274409.8523347,-1.179718191964286,-1.7235831373565051,0.14111064054528066,2.093414927028628,-19.303021806466184,-40.428693305932704,-1.9550837649891275,44.84315160438884
1692,1791274409.877895,-1.261148856026786,-1.9103946607940052,-0.03612080476721934,2.289412350273525,-19.338208680592178,-40.471328275686005,-1.954026185983643,44.89669192388212
1693,1791274409.897895,-1.457540457589286,-1.771483527981505,0.25128153898278066,2.307752258638899,-19.36568919187352,-40.50520723194346,-1.9530000586743088,44.93902468910639
1694,1791274409.9074543,-1.237198660714286,-1.6756827467315052,0.2848118124202807,2.10230610574697,-19.378785503858527,-40.52144244724248,-1.9521988346847454,44.95926718597498
1695,1791274409.9274542,-1.165348074776786,-1.704422981106505,-0.08402119539221935,2.0664349482103432,-19.405679779024872,-40.55538527970369,-1.9504727536942583,45.00137805483478
1696,1791274409.9520793,-1.400059988839286,-1.776273567044005,-0.09839131257971935,2.263845535304707,-19.438564417793064,-40.5973371278468,-1.9490031896792883,45.05330378485155
1697,1791274409.9720793,-1.404850027901786,-1.896024543606505,0.13632060148278066,2.3637038683478377,-19.465473784775146,-40.63180715007933,-1.9479317780104277,45.0959295298233
1698,1791274409.9975383,-1.318629324776786,-1.8385440748565052,0.07405009367028066,2.263738286048947,-19.49979029792195,-40.67623497614273,-1.9463708112439073,45.15070622739107
1699,1791274410.0175383,-1.395269949776786,-1.747533332669005,-0.19419209382971936,2.244629490772436,-19.526775593459163,-40.711280248634644,-1.945508706761007,45.19389680795698
1700,1791274410.042276,-1.467120535714286,-1.785853645169005,-0.22293232820471937,2.321942017199562,-19.5604572025745,-40.75468061832442,-1.945376233374103,45.24754100461984
1701,1791274410.062276,-1.505440848214286,-1.943924934231505,-0.045700882892219345,2.459122784266015,-19.588062460812267,-40.79010055433382,-1.9456881454484678,45.29139208018104
1702,1791274410.0728462,-1.510230887276786,-1.896024543606505,-0.007380570392219343,2.4239968802913916,-19.60285452115256,-40.809056726163966,-1.945870349565066,45.31486982960512
1703,1791274410.0928462,-1.5677113560267861,-1.8720743482940052,-0.08881123445471935,2.443413329079045,-19.631261206987162,-40.84519570379341,-1.9463076723968555,45.35972378899339
1704,1791274410.1178102,-1.8072133091517861,-1.8768643873565052,-0.026540726642219344,2.605637020667529,-19.667718886164792,-40.89055742054956,-1.9469876352857034,45.41638045023425
1705,1791274410.1378102,-1.706622488839286,-1.9582950514190052,0.19859110929528068,2.605171444745104,-19.69781649019511,-40.92720045788825,-1.94719259931395,45.4624160248924
1706,1791274410.1627154,-1.505440848214286,-1.943924934231505,0.14111064054528066,2.4627441016626577,-19.735673749854126,-40.97327501377096,-1.9467750224192546,45.52028137767499
1707,1791274410.1827154,-1.6108217075892861,-1.862494270169005,-0.026540726642219344,2.4625872350485243,-19.76618903499097,-41.01043455734649,-1.9463181349047103,45.56694115070328
1708,1791274410.192664,-1.797633231026786,-1.819383918606505,0.15069071867028067,2.562098899197517,-19.781634416852672,-41.02889321803552,-1.9460323248030618,45.5902421654914
1709,1791274410.212664,-1.754522879464286,-1.733163215481505,0.4045627889827807,2.4991751271752376,-19.813355715350657,-41.06576419410178,-1.944711053017743,45.63713350582308
1710,1791274410.2526174,-1.486280691964286,-1.7187930982940052,0.24170146085778066,2.2851038502067533,-19.876930345990846,-41.138715822741865,-1.9405309642181408,45.73020839605668
1711,1791274410.2726173,-1.534181082589286,-1.7571134107940052,0.3087620077327807,2.3529753738588415,-19.90851169310963,-41.174970197843756,-1.9379266648050748,45.77644119398282
1712,1791274410.2823212,-1.572501395089286,-1.7140030592315052,0.5243137655452806,2.3844227916527263,-19.923797330666844,-41.19244829416422,-1.9362463077858174,45.79873957114207
1713,1791274410.3023212,-1.400059988839286,-1.666102668606505,0.5003635702327807,2.2330315217440337,-19.955034708165293,-41.228137903210445,-1.931765516324059,45.84424154875155
1714,1791274410.3125951,-1.261148856026786,-1.656522590481505,0.4045627889827807,2.1209041892699334,-19.970724858652343,-41.24628173871035,-1.9291117254645158,45.867276796190886
1715,1791274410.332595,-1.309049246651786,-1.469711067044005,0.3566623983577807,2.0002171425006736,-20.00054219541364,-41.28099317042567,-1.9235787369336574,45.911243071871134
1716,1791274410.3577874,-1.385689871651786,-1.345170051419005,0.4141428671077807,1.9751286545461297,-20.037558278845786,-41.32347622343719,-1.9161983459273968,45.96526128575856
1717,1791274410.3777874,-1.083917410714286,-1.4457608717315051,0.23691142179528066,1.8224237907952325,-20.066241501145782,-41.3563305952471,-1.910241405435618,46.00705544275484
1718,1791274410.4027555,-1.036017020089286,-1.551141731106505,0.12674052335778066,1.8696082734508246,-20.100648436852993,-41.39680595516073,-1.903239235638156,46.05815813142406
1719,1791274410.4227555,-1.146187918526786,-1.531981574856505,0.11237040617028066,1.9165963055530129,-20.127348283072568,-41.42898896651647,-1.8981130242927116,46.098526101696976
1720,1791274410.432241,-1.059967215401786,-1.570301887356505,0.011779585857780658,1.8946021412964251,-20.139681366924645,-41.44417001324091,-1.8959581554861735,46.117465790902074
1721,1791274410.452241,-0.945006277901786,-1.709213020169005,-0.17503193757971935,1.9608881132695841,-20.164792308303323,-41.47629691425748,-1.892341054994261,46.15715555821297
1722,1791274410.4766507,-0.901895926339286,-1.747533332669005,-0.18940205476721936,1.975642211810297,-20.194223991562914,-41.515954262614436,-1.889255797417951,46.20552378693468
1723,1791274410.4966507,-1.021646902901786,-1.699632942044005,0.15069071867028067,1.988774050661195,-20.217606756265916,-41.548744040476464,-1.887165162158427,46.24512024680336
1724,1791274410.5222359,-0.949796316964286,-1.6421524732940052,0.20338114835778068,1.9079155329237902,-20.246815474389493,-41.590811204811104,-1.8842124418086383,46.29556533896185
1725,1791274410.5422359,-0.791725027901786,-1.704422981106505,-0.11755146882971935,1.8830041333343093,-20.268835389121627,-41.62378245005186,-1.882121772237188,46.33473142089078
1726,1791274410.5968332,-0.897105887276786,-1.8002237623565052,-0.15108174226721935,2.017035017144268,-20.326845626448375,-41.714639462299075,-1.8783706020320001,46.44157700498165
1727,1791274410.6168332,-1.083917410714286,-1.781063606106505,0.18901103117028067,2.0935113307910997,-20.347879804318797,-41.74830153325164,-1.877145706405039,46.48096997100406
1728,1791274410.5977767,-1.074337332589286,-1.699632942044005,0.29918192960778067,2.0328459530618788,-20.347879804318797,-41.74830153325164,-1.877145706405039,46.48096997100406
1729,1791274410.6177766,-1.040807059151786,-1.709213020169005,0.06926005460778066,2.002369955292906,-20.369001483565466,-41.782173527448386,-1.8750856114339156,46.520556662248865
1730,1791274410.6876707,-1.088707449776786,-1.704422981106505,0.2656516561702807,2.039831466604403,-20.442906487246372,-41.900684791242185,-1.867210471358373,46.65904292380722
1731,1791274410.7076707,-1.208458426339286,-1.5942520826690052,0.3662424764827807,2.033751465362748,-20.464327774439674,-41.93445769667707,-1.8643472004226773,46.698642850278056
1732,1791274410.6876707,-1.380899832589286,-1.656522590481505,0.18422099210778067,2.1644603979638553,-20.464327774439674,-41.93445769667707,-1.8643472004226773,46.698642850278056
1733,1791274410.7076707,-1.424010184151786,-1.7187930982940052,0.09800028898278067,2.234202044567997,-20.487313444081135,-41.96806632331405,-1.8611533154005968,46.73876864806711
1734,1791274410.7173927,-1.328209402901786,-1.589462043606505,0.2560715780452807,2.0871278013349075,-20.498817561334715,-41.98436512180277,-1.8595754781662244,46.75838381566166
1735,1791274410.7373927,-1.304259207589286,-1.4888712232940051,0.34229228117028065,2.0087293510782316,-20.522882483427605,-42.01748287132804,-1.8559189101049818,46.79852569549398
1736,1791274410.7619753,-1.237198660714286,-1.5942520826690052,0.12195048429528066,2.021675579757429,-20.55271029025691,-42.057767399945114,-1.8512427418721251,46.84759117214515
1737,1791274410.7819753,-1.241988699776786,-1.6804727857940052,-0.11755146882971935,2.0929269127209196,-20.577056329655093,-42.09053803506151,-1.848002363969492,46.88756500408179
1738,1791274410.807503,-1.160558035714286,-1.857704231106505,-0.30436299226721936,2.21146937478091,-20.608069917393536,-42.13286596411763,-1.8452945726005174,46.93906743992845
1739,1791274410.827503,-1.227618582589286,-1.828963996731505,-0.14629170320471935,2.2076136319757462,-20.632305436536274,-42.16658391645152,-1.8441673213892844,46.979929543571615
1740,1791274410.837202,-1.222828543526786,-1.7571134107940052,-0.15108174226721935,2.1460621794585735,-20.64407815424617,-42.18309150567849,-1.843918973701372,46.99990647859467
1741,1791274410.857202,-1.016856863839286,-1.7140030592315052,-0.08402119539221935,1.9947089837535612,-20.668072158840168,-42.21723164031345,-1.843836339552818,47.041084028559155
1742,1791274410.8823452,-0.815675223214286,-1.690052863919005,0.2848118124202807,1.898083907813517,-20.697167457850774,-42.2601324181711,-1.8433693998694707,47.09235122102153
1743,1791274410.9023452,-0.935426199776786,-1.455340949856505,0.7015452108577807,1.8668704128662925,-20.719466251982208,-42.293856918828915,-1.841574154780656,47.13234568961063
1744,1791274410.9419458,-0.849205496651786,-1.335589973294005,0.4955735311702807,1.6584763118910288,-20.762296174970654,-42.35890537560447,-1.834997210319226,47.20928957142327
1745,1791274410.9619458,-0.906685965401786,-1.469711067044005,0.11237040617028066,1.7305366706981595,-20.783316291654824,-42.39103770841066,-1.8312619057657498,47.247220386413936
1746,1791274410.9719975,-1.079127371651786,-1.670892707669005,-0.007380570392219343,1.9890834063982499,-20.79379312470401,-42.4071322399385,-1.8295870383878678,47.26620448121105
1747,1791274410.9919975,-1.208458426339286,-1.6086221998565051,0.15548075773278067,2.017972104883208,-20.814943444023015,-42.43927138405486,-1.8265322688658732,47.30422651641757
1748,1791274411.001787,-1.256358816964286,-1.493661262356505,0.20338114835778068,1.9623519906315632,-20.825552785793896,-42.45492069055445,-1.8249978436363372,47.322875618504355
1749,1791274411.021787,-1.184508231026786,-1.6038321607940051,0.03093974210778066,1.9940648477441925,-20.84763782757033,-42.4867428655244,-1.8219817431622836,47.36102764703429
1750,1791274411.0622516,-1.122237723214286,-1.6086221998565051,0.050099898357780656,1.9620379428267505,-20.892619175520373,-42.55121832417345,-1.8165488649248296,47.43846083784186
1751,1791274411.0822515,-1.146187918526786,-1.6469425123565051,0.026149703045280658,2.0067013207134936,-20.914919351708253,-42.58318906340413,-1.8141520325962426,47.47686794529999
1752,1791274411.0768247,-1.213248465401786,-1.6852628248565051,0.03093974210778066,2.076785953170141,-20.914919351708253,-42.58318906340413,-1.8141520325962426,47.47686794529999
1753,1791274411.0968246,-1.323419363839286,-1.579881965481505,0.37103251554528066,2.0940704298161377,-20.937844505639713,-42.61543419276617,-1.8117445744542318,47.51579718770796
1754,1791274411.122224,-1.179718191964286,-1.469711067044005,0.5817942342952807,1.9723767804611632,-20.96736006674159,-42.65605143269216,-1.8073306821419277,47.56506445061838
1755,1791274411.142224,-0.949796316964286,-1.6421524732940052,0.20338114835778068,1.9079155329237902,-20.990309256514166,-42.68790455692355,-1.803198678736076,47.60359023876366
1756,1791274411.167051,-1.012066824776786,-1.690052863919005,-0.23730244539221937,1.9841548304615049,-21.018177101944378,-42.72771898859849,-1.7989019632155099,47.65141956889217
1757,1791274411.187051,-1.155767996651786,-1.6852628248565051,-0.22293232820471937,2.055628680935978,-21.040511013806316,-42.76004439731361,-1.7966501918692792,47.690171445427616
1758,1791274411.2126262,-1.155767996651786,-1.618202277981505,0.05967997648278066,1.989457205908687,-21.06922059896845,-42.801516849801416,-1.7945157797997915,47.739943319779734
1759,1791274411.2326262,-1.069547293526786,-1.4888712232940051,0.19380107023278068,1.8434282702255684,-21.091642025621415,-42.83374447739462,-1.7927168003446152,47.77866535199504
1760,1791274411.256719,-1.069547293526786,-1.4792911451690052,0.25128153898278066,1.842654638585173,-21.118465716608753,-42.872107324856174,-1.790070485521225,47.82480039729074
1761,1791274411.276719,-1.117447684151786,-1.4457608717315051,0.4333030233577807,1.8779417816048039,-21.14067302970101,-42.90356376304399,-1.787176367215097,47.86269778319899
1762,1791274411.2874002,-1.103077566964286,-1.464921027981505,0.4572532186702807,1.8899349837882176,-21.15253285895883,-42.92017510228196,-1.7851491714078271,47.882750910156105
1763,1791274411.3074002,-1.261148856026786,-1.3691202467315051,0.13632060148278066,1.8664324240262318,-21.174955145915575,-42.95086455261353,-1.7810323529248067,47.920012181662216
1764,1791274411.3325562,-1.4096400669642861,-1.431390754544005,-0.007380570392219343,2.0089845901361336,-21.203966510247152,-42.98895935202379,-1.776387659526715,47.966804928560286
1765,1791274411.3525562,-1.299469168526786,-1.455340949856505,0.2752317342952807,1.9703781129123719,-21.22763552518054,-43.019033221436835,-1.7728470834271846,48.00409061817763
1766,1791274411.377499,-1.160558035714286,-1.469711067044005,0.24170146085778066,1.8882174586189524,-21.257328424765387,-43.056385664750586,-1.7681267786090198,48.05052164727572
1767,1791274411.397499,-1.261148856026786,-1.378700324856505,0.06447001554528066,1.8696169141622334,-21.281198376622264,-43.08611608617955,-1.7644503664052231,48.0875876794875
1768,1791274411.4374785,-1.433590262276786,-1.3260098951690051,0.14590067960778066,1.9582569521109716,-21.329836559683727,-43.14474185852193,-1.75757288138504,48.1613926307649
1769,1791274411.4574785,-1.380899832589286,-1.417020637356505,0.21296122648278068,1.9900211853958751,-21.354740120115668,-43.173785132121,-1.754110158841494,48.19831481163611
1770,1791274411.4526865,-1.203668387276786,-1.4888712232940051,0.06926005460778066,1.9158162911006782,-21.354740120115668,-43.173785132121,-1.754110158841494,48.19831481163611
1771,1791274411.4726865,-1.117447684151786,-1.373910285794005,0.07405009367028066,1.77251296655323,-21.37950993465217,-43.202768074053665,-1.751033544996144,48.23514002034267
1772,1791274411.4827452,-1.184508231026786,-1.3164298170440052,0.2752317342952807,1.7921494692507953,-21.391835439955667,-43.217187656727155,-1.7494548175830655,48.253461270728316
1773,1791274411.5027452,-1.323419363839286,-1.292479621731505,0.3470823202327807,1.8821287209418396,-21.416428509755793,-43.24547137305944,-1.7458531599822833,48.289566240004724
1774,1791274411.5273187,-1.256358816964286,-1.378700324856505,0.06926005460778066,1.866560745833793,-21.44686753414788,-43.27993328064692,-1.741324343646669,48.333766274461915
1775,1791274411.5473187,-1.179718191964286,-1.460130988919005,-0.026540726642219344,1.8773443816795503,-21.471579353150712,-43.3080322597906,-1.7381272310775895,48.36977842005403
1776,1791274411.5729022,-1.150977957589286,-1.4888712232940051,0.08363017179528066,1.8837414323743848,-21.502920567955464,-43.34424271665298,-1.734541469386768,48.415985002279456
1777,1791274411.5929022,-1.170138113839286,-1.388280402981505,0.16506083585778067,1.8231266446124692,-21.527228162728473,-43.37261992664268,-1.7317857304267306,48.452087607112254
1778,1791274411.6173668,-1.155767996651786,-1.378700324856505,0.14111064054528066,1.8045848444223993,-21.556769585050688,-43.407202022156255,-1.7283586822946815,48.49604856140257
1779,1791274411.6373668,-1.117447684151786,-1.417020637356505,0.10758036710778066,1.8078192246177354,-21.58070717000626,-43.435426030881345,-1.7256042564802008,48.53185414232293
1780,1791274411.677463,-1.150977957589286,-1.393070442044005,0.2656516561702807,1.826462788501068,-21.6283207142773,-43.491972950482435,-1.7197880656767461,48.60343237916409
1781,1791274411.697463,-1.241988699776786,-1.2876895826690051,0.3854026327327807,1.8300862222870447,-21.652097305905546,-43.51996879569787,-1.7163455421479161,48.63894369476962
1782,1791274411.6919832,-1.198878348214286,-1.268529426419005,0.19859110929528068,1.7566771553700682,-21.652097305905546,-43.51996879569787,-1.7163455421479161,48.63894369476962
1783,1791274411.7119832,-1.179718191964286,-1.345170051419005,0.03093974210778066,1.7894621391154908,-21.675955887282864,-43.54737551547225,-1.7127694316385909,48.673961797237546
1784,1791274411.7225702,-1.146187918526786,-1.2781095045440052,0.14590067960778066,1.7229618853858901,-21.6885378068363,-43.56179003051924,-1.711019956204695,48.692399942415484
1785,1791274411.7425702,-1.165348074776786,-1.230209113919005,0.22733134367028066,1.7097163914434113,-21.712208460027416,-43.58869853813986,-1.7076508975380422,48.72689922464166
1786,1791274411.7676501,-1.299469168526786,-1.230209113919005,0.24170146085778066,1.8056727776930863,-21.74207531358427,-43.62200834475281,-1.7031775699124176,48.76984995677049
1787,1791274411.78765,-1.323419363839286,-1.2062589186065051,0.13153056242028066,1.7954942718240876,-21.766254328549483,-43.64824147032088,-1.6995855612692967,48.80396912164639
1788,1791274411.842668,-1.285099051339286,-1.234999152981505,0.16985087492028067,1.7904054846121735,-21.83355492343284,-43.71965494611881,-1.6899428889627695,48.89752811922301
1789,1791274411.862668,-1.246778738839286,-1.1870987623565052,0.24649149992028066,1.7390856088022166,-21.85814793261616,-43.74535412382277,-1.6863388887852873,48.93136394288044
1790,1791274411.8431766,-1.294679129464286,-1.1487784498565052,0.3854026327327807,1.7732515795685833,-21.85814793261616,-43.74535412382277,-1.6863388887852873,48.93136394288044
1791,1791274411.8631766,-1.390479910714286,-1.1631485670440052,0.2848118124202807,1.835065867921546,-21.883184472162064,-43.7703679075373,-1.6819240136972855,48.96476016270985
1792,1791274411.9167907,-1.380899832589286,-1.2493692701690051,0.16027079679528067,1.8690892566148747,-21.951376694414307,-43.83706527285791,-1.6700745615326908,49.054463400978705
1793,1791274411.9367907,-1.332999441964286,-1.230209113919005,0.22254130460778065,1.827519249831042,-21.977069945068685,-43.86193305292971,-1.6657431168915637,49.08803799951268
1794,1791274411.9768848,-1.337789481026786,-1.211048957669005,0.3375022421077807,1.8358180838102889,-22.02888253059066,-43.9116488214434,-1.6566782398766415,49.15535729251507
1795,1791274411.9968848,-1.328209402901786,-1.1727286451690053,0.21296122648278068,1.7845966427015656,-22.05485015132991,-43.93630405661237,-1.6520090218668997,49.18886421905917
1796,1791274411.9778855,-1.299469168526786,-1.302059699856505,0.050099898357780656,1.8402417182961506,-22.05485015132991,-43.93630405661237,-1.6520090218668997,49.18886421905917
1797,1791274411.9978855,-1.2515687779017861,-1.3691202467315051,0.13153056242028066,1.8596276360280581,-22.080788597567853,-43.96127958225141,-1.648027663809212,49.22267082127947
1798,1791274412.0226207,-1.285099051339286,-1.2781095045440052,0.35187235929528066,1.8463091925771487,-22.11276220131605,-43.99244602604813,-1.6429454904562606,49.264681359076306
1799,1791274412.0426207,-1.275518973214286,-1.1966788404815052,0.25128153898278066,1.7669553786441075,-22.13857790049466,-44.01757823701367,-1.6385478911375817,49.298566556234086
1800,1791274412.0521688,-1.198878348214286,-1.2254190748565053,0.08842021085778067,1.7166185763084711,-22.15082581917878,-44.02951134497265,-1.6365200874165498,49.31465453336554
1801,1791274412.0721688,-1.203668387276786,-1.302059699856505,0.19380107023278068,1.7837421067360837,-22.17623633207781,-44.05454875383868,-1.6324863710728976,49.3482900971478
1802,1791274412.0972488,-1.189298270089286,-1.234999152981505,0.28002177335778067,1.7372580339882844,-22.207822550554894,-44.08600831794117,-1.6272955750745774,49.39039990458844
1803,1791274412.1172488,-1.390479910714286,-1.1344083326690053,0.33271220304528065,1.8251065879515436,-22.233102339283697,-44.11088670063836,-1.6228579913787669,49.423828597203986
1804,1791274412.1276908,-1.366529715401786,-1.1152481764190052,0.16027079679528067,1.7711207430289433,-22.246480316825505,-44.123689205420895,-1.6205025726088147,49.4411960228645
1805,1791274412.1476908,-1.246778738839286,-1.1823087232940053,0.10279032804528067,1.7213009592568167,-22.27218010704601,-44.14797847829615,-1.6162732743522812,49.47429989133936
1806,1791274412.1722693,-1.261148856026786,-1.1152481764190052,0.28002177335778067,1.7066596396522724,-22.303648953832624,-44.177586116542905,-1.6111497174235594,49.51472180223087
1807,1791274412.1922693,-1.342579520089286,-1.1487784498565052,0.3183420858577807,1.7954256816271108,-22.32932024574043,-44.20146053514943,-1.6067084195365426,49.54744360734079
1808,1791274412.2171364,-1.352159598214286,-1.2254190748565053,0.13632060148278066,1.8299100509188477,-22.36147674285656,-44.23112018550905,-1.601166670332013,49.58821805320739
1809,1791274412.2371364,-1.2898890904017861,-1.268529426419005,0.15548075773278067,1.8158069933926448,-22.3874231096126,-44.2551374710937,-1.5969404366137263,49.621206402427475
1810,1791274412.2925937,-1.218038504464286,-1.254159309231505,0.23691142179528066,1.7642733328673033,-22.459008360503137,-44.32223738987667,-1.5853473808744099,49.71298733831811
1811,1791274412.3125937,-1.198878348214286,-1.1775186842315053,0.2656516561702807,1.70130254451033,-22.484577586939945,-44.34645381729376,-1.5810397835631465,49.74599362993667
1812,1791274412.3073604,-1.294679129464286,-1.1823087232940053,0.24649149992028066,1.7705383432675081,-22.484577586939945,-44.34645381729376,-1.5810397835631465,49.74599362993667
1813,1791274412.3273604,-1.261148856026786,-1.3260098951690051,0.09321024992028067,1.8323446263828178,-22.510064374114673,-44.37072143751732,-1.5767650104656623,49.779012715307786
1814,1791274412.3375225,-1.112657645089286,-1.3643302076690051,0.06447001554528066,1.7616924628431023,-22.522881087479174,-44.38325285331421,-1.5747986000397012,49.7959164686487
1815,1791274412.3575225,-1.012066824776786,-1.302059699856505,0.15548075773278067,1.656445889798196,-22.5475089752808,-44.40821597033256,-1.5711791084847542,49.8291923519638
1816,1791274412.3676336,-1.079127371651786,-1.258949348294005,0.23691142179528066,1.6749914529916425,-22.559677937144055,-44.42088526316931,-1.569326170201155,49.84593163759501
1817,1791274412.3876336,-1.232408621651786,-1.345170051419005,0.2560715780452807,1.8422502900091682,-22.583605156821697,-44.446092574011786,-1.5654713142063879,49.8791045169463
1818,1791274412.4125774,-1.2898890904017861,-1.340380012356505,0.19380107023278068,1.870291768116874,-22.613689412953807,-44.47783928275876,-1.5605431124887617,49.92086168060798
1819,1791274412.4325774,-1.184508231026786,-1.335589973294005,0.10758036710778066,1.7884165794134017,-22.63790434812931,-44.50348958905878,-1.5567323202281225,49.95456650192611
1820,1791274412.4571197,-1.198878348214286,-1.340380012356505,0.16985087492028067,1.8063159167357807,-22.667548778285823,-44.53516973412413,-1.5522468122935231,49.99608565707408
1821,1791274412.4771197,-1.328209402901786,-1.335589973294005,0.2560715780452807,1.9009243666708049,-22.69187351195226,-44.561127890054266,-1.5485009073188023,50.03012190047291
1822,1791274412.4870954,-1.4096400669642861,-1.349960090481505,0.17464091398278067,1.959585877965202,-22.7042347746155,-44.574142539835144,-1.546590520784354,50.047261684345735
1823,1791274412.5070953,-1.328209402901786,-1.292479621731505,0.11716044523278066,1.8569788260707434,-22.72940691972281,-44.60028503634881,-1.5428972449151026,50.08185196410242
1824,1791274412.5326095,-1.241988699776786,-1.306849738919005,0.24649149992028066,1.8196566242065706,-22.761620596882505,-44.63360665979025,-1.5381965665121557,50.1260038735837
1825,1791274412.5526094,-1.280309012276786,-1.254159309231505,0.2656516561702807,1.811816089528741,-22.786867914138163,-44.65965026520426,-1.5342963049072194,50.16054003196128
1826,1791274412.5771165,-1.299469168526786,-1.211048957669005,0.21296122648278068,1.7890254838341266,-22.817905974113287,-44.69130711670001,-1.5293542816405092,50.20267611752832
1827,1791274412.5971165,-1.2515687779017861,-1.297269660794005,0.15548075773278067,1.809283627478103,-22.843262928144537,-44.71702923349391,-1.5253734493382591,50.236979694577954
1828,1791274412.60659,-1.198878348214286,-1.388280402981505,0.15548075773278067,1.8408709995935792,-22.855213401628962,-44.72929377595881,-1.523549716154528,50.25327556555515
1829,1791274412.62659,-1.265938895089286,-1.393070442044005,0.25128153898278066,1.8990494870935082,-22.88035534036176,-44.75547410069705,-1.5196669463988475,50.287896258516945
1830,1791274412.653129,-1.232408621651786,-1.3978604811065052,0.18422099210778067,1.8726404645030343,-22.913686031658433,-44.79055836756888,-1.5144206847120363,50.334129538974814
1831,1791274412.673129,-1.237198660714286,-1.412230598294005,0.09321024992028067,1.8798255077323713,-22.938740879829645,-44.817247218324916,-1.5106439718997857,50.3691723834158
1832,1791274412.712716,-1.222828543526786,-1.412230598294005,0.19380107023278068,1.878101106023064,-22.988198295047596,-44.87053577538274,-1.5034376972261818,50.438899339019805
1833,1791274412.732716,-1.237198660714286,-1.417020637356505,0.3279221639827807,1.909487093017025,-23.013126991832735,-44.89766352745146,-1.4995604990301303,50.4742794486134
1834,1791274412.7267442,-1.265938895089286,-1.412230598294005,0.14111064054528066,1.9018172261636568,-23.013126991832735,-44.89766352745146,-1.4995604990301303,50.4742794486134
1835,1791274412.7467442,-1.241988699776786,-1.412230598294005,0.06447001554528066,1.8817777700981282,-23.038091360404675,-44.92510730796084,-1.4958528363879728,50.50996432259955
1836,1791274412.801751,-1.2515687779017861,-1.431390754544005,0.23691142179528066,1.9160978366956338,-23.1067399668233,-45.000996446307035,-1.485941753412047,50.60848877361841
1837,1791274412.8217509,-1.285099051339286,-1.378700324856505,0.2560715780452807,1.9020690867040464,-23.131761003983694,-45.028665324091506,-1.482139232392396,50.64440546317686
1838,1791274412.81729,-1.246778738839286,-1.373910285794005,0.13632060148278066,1.8602876130912853,-23.131761003983694,-45.028665324091506,-1.482139232392396,50.64440546317686
1839,1791274412.83729,-1.194088309151786,-1.3978604811065052,0.10758036710778066,1.8415847387723776,-23.156728141516258,-45.05632331565767,-1.4785257602999407,50.68029565194977
1840,1791274412.8627274,-1.285099051339286,-1.421810676419005,0.22733134367028066,1.9299494063697982,-23.188449627466177,-45.091603428824456,-1.473980331634026,50.72602403033332
1841,1791274412.8827274,-1.380899832589286,-1.340380012356505,0.26086161710778066,1.9420483280418201,-23.2136483397157,-45.11932468711014,-1.4702102972804143,50.762076866289476
1842,1791274412.8918295,-1.241988699776786,-1.340380012356505,0.16027079679528067,1.8343503580841503,-23.225186742213435,-45.13187841744331,-1.4684644082579388,50.778461343525294
1843,1791274412.9118295,-1.112657645089286,-1.335589973294005,0.09800028898278067,1.7410949625393284,-23.25026895765217,-45.15933894347707,-1.46481620886259,50.81423606570067
1844,1791274412.9378524,-1.184508231026786,-1.3978604811065052,0.10758036710778066,1.8353874820856115,-23.282492675984155,-45.19504451794365,-1.460380156821241,50.86058615852359
1845,1791274412.9578524,-1.294679129464286,-1.3643302076690051,0.24170146085778066,1.8963149949334204,-23.30726223783172,-45.222513176090516,-1.456958295429262,50.89623658444067
1846,1791274412.997672,-1.261148856026786,-1.3164298170440052,0.2560715780452807,1.840939041180556,-23.356813674423112,-45.27700550713082,-1.4496807552464257,50.96714183674228
1847,1791274413.017672,-1.141397879464286,-1.345170051419005,0.14590067960778066,1.770186033949593,-23.38157217709812,-45.30426197440906,-1.4459708425599254,51.0025970142332
1848,1791274413.012635,-1.122237723214286,-1.378700324856505,0.11237040617028066,1.7812521442366016,-23.38157217709812,-45.30426197440906,-1.4459708425599254,51.0025970142332
1849,1791274413.032635,-1.232408621651786,-1.3595401686065052,0.2848118124202807,1.8569594096991955,-23.40587829407075,-45.331535060258396,-1.4423653625638906,51.037864644550055
1850,1791274413.057414,-1.2515687779017861,-1.302059699856505,0.24649149992028066,1.8227841142993133,-23.436091657444678,-45.365203073166136,-1.4375809978535843,51.08149059269062
1851,1791274413.077414,-1.237198660714286,-1.378700324856505,0.08363017179528066,1.854310954901352,-23.46055304271919,-45.392322550490455,-1.4338034454439146,51.11669284996998
1852,1791274413.1321726,-1.218038504464286,-1.4026505201690052,0.12195048429528066,1.8616976663002585,-23.527563962010245,-45.466858802748185,-1.424167874953197,51.21337490843161
1853,1791274413.1521726,-1.232408621651786,-1.378700324856505,0.24170146085778066,1.8649571557174907,-23.552043404455056,-45.49417086634926,-1.4206310008531464,51.24877094899449
1854,1791274413.1321726,-1.270728934151786,-1.2828995436065052,0.22254130460778065,1.8193701919435874,-23.552043404455056,-45.49417086634926,-1.4206310008531464,51.24877094899449
1855,1791274413.1521726,-1.313839285714286,-1.2828995436065052,0.14590067960778066,1.842089008702353,-23.576798147593973,-45.5211460638574,-1.4169310379051174,51.28399207770013
1856,1791274413.1779125,-1.280309012276786,-1.388280402981505,0.08842021085778067,1.8905903252444152,-23.608886513547503,-45.55581219859067,-1.4124311191445105,51.32939225384571
1857,1791274413.1979125,-1.304259207589286,-1.340380012356505,0.20817118742028068,1.8817666968511868,-23.63395620002354,-45.58280051669385,-1.409014250390995,51.36478277737716
1858,1791274413.2526774,-1.265938895089286,-1.268529426419005,0.27044169523278067,1.8124312131253955,-23.70286301417943,-45.65633197499868,-1.3990955980117112,51.46147911761396
1859,1791274413.2726774,-1.208458426339286,-1.340380012356505,0.16027079679528067,1.8118159603063007,-23.72796445455658,-45.68307075161649,-1.3953706113719728,51.496663091864306
1860,1791274413.2526774,-1.208458426339286,-1.378700324856505,0.13153056242028066,1.8380660061054532,-23.72796445455658,-45.68307075161649,-1.3953706113719728,51.496663091864306
1861,1791274413.2726774,-1.184508231026786,-1.464921027981505,0.19859110929528068,1.8943314906012954,-23.752771257840305,-45.710121769808005,-1.391812080111243,51.531995066214
1862,1791274413.342407,-1.194088309151786,-1.340380012356505,0.28002177335778067,1.8168317646750434,-23.838725840630133,-45.80495864857416,-1.3787633290850572,51.65539734451711
1863,1791274413.362407,-1.198878348214286,-1.330799934231505,0.17943095304528067,1.8001481121503116,-23.863270910262017,-45.83208653073162,-1.374892880973407,51.69067792872502
1864,1791274413.3434088,-1.174928152901786,-1.349960090481505,0.12195048429528066,1.7938005270915407,-23.863270910262017,-45.83208653073162,-1.374892880973407,51.69067792872502
1865,1791274413.3634088,-1.179718191964286,-1.345170051419005,0.20817118742028068,1.801264201320301,-23.88756328962253,-45.85914708271971,-1.3712170392112601,51.72578938246245
1866,1791274413.3719647,-1.160558035714286,-1.3260098951690051,0.21775126554528068,1.7755598581838037,-23.897898357283314,-45.87070106707427,-1.369607098020707,51.74076329049352
1867,1791274413.3919647,-1.227618582589286,-1.297269660794005,0.16985087492028067,1.7941029170162746,-23.922015712227093,-45.8975929826509,-1.3658268490816896,51.775644470337575
1868,1791274413.4174614,-1.261148856026786,-1.330799934231505,0.13632060148278066,1.8385070596538042,-23.95290871563688,-45.93175891350858,-1.3611450494909576,51.820083256147534
1869,1791274413.4374614,-1.213248465401786,-1.349960090481505,0.19859110929528068,1.8258703440780653,-23.977218272484308,-45.958560244253,-1.3575210842853163,51.85498162477032
1870,1791274413.4625437,-1.174928152901786,-1.3260098951690051,0.23691142179528066,1.7874242440854327,-24.007624862623587,-45.99216445760734,-1.3528386771681973,51.89870340891479
1871,1791274413.4825437,-1.179718191964286,-1.2828995436065052,0.21296122648278068,1.755824232496611,-24.031765405879273,-46.01885363797417,-1.3489902887806544,51.93342289389106
1872,1791274413.4921572,-1.117447684151786,-1.3212198561065052,0.12674052335778066,1.7350430528512217,-24.043284909593417,-46.03163576806242,-1.347173004961908,51.950032876146906
1873,1791274413.5121572,-1.117447684151786,-1.421810676419005,0.24649149992028066,1.825100815277942,-24.067007675649908,-46.058353491820505,-1.3433995775329124,51.98458913237847
1874,1791274413.537716,-1.184508231026786,-1.393070442044005,0.3375022421077807,1.8594657214626638,-24.097189067282635,-46.09277137291394,-1.3381812467638285,52.02892294512035
1875,1791274413.557716,-1.304259207589286,-1.431390754544005,0.22733134367028066,1.9497823244122467,-24.12099690434899,-46.119900586086935,-1.3338631045647256,52.06387339136298
1876,1791274413.583306,-1.356949637276786,-1.469711067044005,0.050099898357780656,2.000968000371992,-24.151997482207992,-46.154973856467684,-1.328634299617396,52.10917254355433
1877,1791274413.603306,-1.352159598214286,-1.4026505201690052,0.18901103117028067,1.957419022763765,-24.176655342507605,-46.18258215255202,-1.3248020513300556,52.14495812926525
1878,1791274413.627145,-1.347369559151786,-1.3595401686065052,0.5291038046077807,1.985876389666263,-24.206464214205475,-46.21549231695783,-1.319635441739942,52.18779625114951
1879,1791274413.647145,-1.2898890904017861,-1.417020637356505,0.22254130460778065,1.9290634993406297,-24.23167729886684,-46.24312593788535,-1.314823580221316,52.223841703484915
1880,1791274413.673419,-1.328209402901786,-1.4745011061065052,0.06447001554528066,1.9855604027000626,-24.264990441306765,-46.279680752592284,-1.3088848715568817,52.27151988689022
1881,1791274413.693419,-1.2515687779017861,-1.5271915357940051,0.45246317960778065,2.025700205292038,-24.290414630950927,-46.30783526508833,-1.3042669634722155,52.30813476118297
1882,1791274413.702212,-1.280309012276786,-1.570301887356505,0.5674241171077807,2.104045938906303,-24.301585580228725,-46.32039957150479,-1.3018686163208752,52.32438571136027
1883,1791274413.722212,-1.150977957589286,-1.8385440748565052,0.08363017179528066,2.170711537648629,-24.326829625327328,-46.349803771198275,-1.296255242164494,52.362001746506294
1884,1791274413.7767715,-1.059967215401786,-2.0924161451690053,-0.12234150789221936,2.3487663287019163,-24.39441210310391,-46.43407096390585,-1.283397469630375,52.46767954848166
1885,1791274413.7967715,-1.146187918526786,-2.193006965481505,0.07405009367028066,2.4755827014260183,-24.41877910763981,-46.466755596220764,-1.279463600761094,52.50783918475691
1886,1791274413.851802,-1.179718191964286,-2.164266731106505,0.09800028898278067,2.4668582351782256,-24.485368406086806,-46.56118223058548,-1.2695529576453952,52.62213147910154
1887,1791274413.871802,-1.241988699776786,-2.116366340481505,0.12195048429528066,2.4569115446259278,-24.50957165120005,-46.59677333958188,-1.2661614475133842,52.66480374022908
1888,1791274413.8528006,-1.270728934151786,-2.006195442044005,0.2560715780452807,2.3885445000776673,-24.50957165120005,-46.59677333958188,-1.2661614475133842,52.66480374022908
1889,1791274413.8728006,-1.299469168526786,-1.852914192044005,0.28960185148278067,2.281617924940992,-24.53411750119965,-46.63353283602237,-1.2624105944094721,52.708661402467094
1890,1791274413.8670328,-1.318629324776786,-1.7954337232940052,0.19380107023278068,2.236051074042368,-24.53411750119965,-46.63353283602237,-1.2624105944094721,52.708661402467094
1891,1791274413.8870327,-1.395269949776786,-1.699632942044005,0.2560715780452807,2.2138434957137045,-24.55926079524945,-46.669985806354795,-1.2584094565756256,52.752520890805144
1892,1791274413.8972247,-1.505440848214286,-1.6373624342315052,0.36145243742028066,2.2534319943192718,-24.572369072010062,-46.68832644070213,-1.2562043045686133,52.77479698586683
1893,1791274413.9172246,-1.328209402901786,-1.570301887356505,0.26086161710778066,2.0731707644746025,-24.59848397602451,-46.72372986870827,-1.251592669923245,52.81816762226953
1894,1791274413.9420137,-1.170138113839286,-1.546351692044005,0.04051982023278066,1.939605273445712,-24.630641890763286,-46.76682313573057,-1.2461738167285934,52.87113782907672
1895,1791274413.9620137,-1.098287527901786,-1.3643302076690051,-0.040910843829719344,1.7519435226757816,-24.656097934177346,-46.800741860674904,-1.2424582362660017,52.91291247434919
1896,1791274413.987562,-1.395269949776786,-1.330799934231505,0.20817118742028068,1.939366376158116,-24.688516062151265,-46.84273500810498,-1.2381033673176263,52.965059693526335
1897,1791274414.007562,-1.390479910714286,-1.354750129544005,-0.050490921954719346,1.9419916654814318,-24.71426595707565,-46.874705895785034,-1.2349690835260685,53.00526524082941
1898,1791274414.0316916,-1.366529715401786,-1.469711067044005,-0.34268330476721937,2.0358992929498987,-24.745662158872875,-46.912603857811895,-1.2324663795979343,53.0533615313667
1899,1791274414.0516915,-1.299469168526786,-1.3212198561065052,-0.14629170320471935,1.8589360641367763,-24.771780636388847,-46.94349040114429,-1.2314366180320035,53.092832313636514
1900,1791274414.0617497,-1.270728934151786,-1.0242374342315053,0.23691142179528066,1.649224474578501,-24.784884425403092,-46.9584628707047,-1.2309280632774784,53.11217294610441
1901,1791274414.0817497,-1.285099051339286,-1.0673477857940052,-0.040910843829719344,1.6710429571783478,-24.8108657631862,-46.98690622829361,-1.2297745199285108,53.14941920844637
1902,1791274414.108441,-1.495860770089286,-1.2781095045440052,-0.16066182039221935,1.9740758773739109,-24.84590574475519,-47.02386727935941,-1.2288694749844535,53.19843274355567
1903,1791274414.128441,-1.419220145089286,-1.1918888014190052,0.03093974210778066,1.8535754645595046,-24.872595598897053,-47.05111305433624,-1.228487627748466,53.23497377974121
1904,1791274414.151749,-1.2898890904017861,-0.8517960279815052,0.06926005460778066,1.5473096955641716,-24.90376985347117,-47.0816747758995,-1.2279342188113447,53.27653963109803
1905,1791274414.1717489,-1.366529715401786,-0.8805362623565052,-0.08881123445471935,1.6280770890121332,-24.930492008478485,-47.10656403995014,-1.22755990630617,53.311018661795465
1906,1791274414.212274,-1.577291434151786,-0.9332266920440052,-0.026540726642219344,1.8328842672582173,-24.985463598932345,-47.15494411355837,-1.227265819014801,53.379474772583784
1907,1791274414.232274,-1.213248465401786,-0.8470059889190052,0.09321024992028067,1.4825920324737523,-25.012709530168745,-47.17790949887121,-1.2270424476504047,53.41251179164497
1908,1791274414.2423146,-1.026436941964286,-0.8278458326690052,0.20338114835778068,1.334265869309323,-25.026022554859992,-47.18897057619249,-1.2267237851203707,53.42850924555262
1909,1791274414.2623146,-1.179718191964286,-0.8374259107940052,0.05967997648278066,1.4479567908310105,-25.051872565894335,-47.21019640635003,-1.2257896543264768,53.459344590638295
1910,1791274414.2724535,-1.553341238839286,-0.6506143873565052,0.16027079679528067,1.6917017507880763,-25.06508981186659,-47.22047431586226,-1.2252198745573124,53.474602248478256
1911,1791274414.2924535,-1.438380301339286,-0.44943274673150513,0.23691142179528066,1.5254686843369096,-25.09173867032053,-47.23935729684937,-1.2236687553305283,53.50373437940409
1912,1791274414.3018162,-1.265938895089286,-0.4446427076690051,0.011779585857780658,1.3418074311264219,-25.10424163078009,-47.247498940607265,-1.222876910278127,53.51676869857679
1913,1791274414.3218162,-1.280309012276786,-0.6362442701690052,-0.32831318757971933,1.4668972313624447,-25.13076280291885,-47.26390316840821,-1.2219139458541877,53.543672412903376
1914,1791274414.347499,-1.515020926339286,-0.5739737623565051,-0.2612526407047194,1.6410323669552709,-25.165095436255662,-47.28413975744615,-1.2219984781114017,53.5776556149862
1915,1791274414.3674989,-1.524601004464286,-0.3775821607940051,0.16506083585778067,1.5793104794490058,-25.1923804539467,-47.29896217107577,-1.2221987195989616,53.60355981749199
1916,1791274414.3920605,-1.256358816964286,-0.14766028579400511,0.28960185148278067,1.2977327418798226,-25.225985359316155,-47.31540241790189,-1.2215702011341256,53.633850104879926
1917,1791274414.4120605,-1.141397879464286,0.18764244858099494,0.24170146085778066,1.181701486812903,-25.25284113660341,-47.32672132204305,-1.2203382270268932,53.65644194272666
1918,1791274414.422082,-1.309049246651786,0.2594930345184949,0.19859110929528068,1.3492164369790176,-25.266121110287266,-47.33120610772057,-1.2194825868434354,53.66662915957032
1919,1791274414.442082,-1.400059988839286,0.2738631517059949,0.29918192960778067,1.4576278075060305,-25.292712386461346,-47.33801388524893,-1.2172844542130974,53.68510631363921
1920,1791274414.4671857,-1.270728934151786,0.22117272201849492,0.19380107023278068,1.3043114090887098,-25.3261114831007,-47.34434514407143,-1.2140110570259854,53.70635681948634
1921,1791274414.4871857,-1.218038504464286,0.31697350326849494,0.0021995077327806568,1.2586082940955712,-25.352462080363495,-47.347825374630496,-1.2115003528886374,53.72179850254291
1922,1791274414.5117643,-1.361739676339286,0.17327233139349493,0.04530985929528066,1.3734668653784547,-25.38474320271518,-47.350557073969334,-1.2087901173301958,53.739386079771855
1923,1791274414.5317643,-1.356949637276786,0.2594930345184949,0.16985087492028067,1.3919404702717724,-25.41114875336254,-47.351797330275375,-1.2065928184122359,53.752907433946646
1924,1791274414.5420003,-1.246778738839286,0.4319344407684949,0.19859110929528068,1.3343399167509016,-25.42463488603901,-47.35180607063919,-1.2053540706329609,53.75926409164662
1925,1791274414.5620003,-1.4096400669642861,0.3026033860809949,0.16027079679528067,1.450634570098257,-25.45101727130398,-47.35071878094054,-1.2027584667370816,53.77073067334344
1926,1791274414.5871956,-1.629981863839286,0.22117272201849492,0.27044169523278067,1.667002387499923,-25.48501145816669,-47.348564752390544,-1.1991651874188707,53.784852795939905
1927,1791274414.6071956,-1.6060316685267861,0.2930233079559949,0.35187235929528066,1.6700342920288893,-25.512802261455818,-47.34634007837292,-1.1958072355089158,53.7959938377718
1928,1791274414.6473346,-1.4479603794642861,0.2690731126434949,0.3279221639827807,1.5088149475920394,-25.56940460387213,-47.34085284302894,-1.1880324120406058,53.81786153977039
1929,1791274414.6673346,-1.4096400669642861,0.39840416733099493,0.20817118742028068,1.4795763725505182,-25.59766369197807,-47.337527628833286,-1.1839354153348527,53.828278920710915
1930,1791274414.6623385,-1.663512137276786,0.4702547532684949,0.36145243742028066,1.7660860761457398,-25.59766369197807,-47.337527628833286,-1.1839354153348527,53.828278920710915
1931,1791274414.6823385,-1.898224051339286,0.45588463608099494,0.6680149374202807,2.0633296651563597,-25.62734174764609,-47.332628414750225,-1.1787048661963035,53.83797640013097
1932,1791274414.706827,-1.759312918526786,0.2738631517059949,0.7446555624202807,1.929946858802346,-25.664947038805234,-47.32618922894674,-1.1706665612389133,53.85005249427669
1933,1791274414.726827,-1.615611746651786,0.2020125657684949,0.5961643514827807,1.7339037824015755,-25.69611517138453,-47.32100530633416,-1.1630751083639337,53.86019515199383
1934,1791274414.7520578,-1.697042410714286,0.2594930345184949,0.5961643514827807,1.8173336272422456,-25.73580577393305,-47.31457320094282,-1.1526784269911843,53.87326984300315
1935,1791274414.7720578,-1.8886439732142861,0.4223543626434949,0.7063352499202807,2.060162311683859,-25.767926904190787,-47.30921662765567,-1.1437196371036604,53.883727872804684
1936,1791274414.7826712,-1.706622488839286,0.532525261080995,0.7686057577327807,1.9459954480731354,-25.78527769804386,-47.30604033715225,-1.1385045155820968,53.889128689166185
1937,1791274414.8026712,-1.558131277901786,0.5804256517059949,0.8596164999202807,1.8717926015639061,-25.81796630100243,-47.29928331781601,-1.1277089108397462,53.8986207030042
1938,1791274414.8267653,-1.6060316685267861,0.5421053392059949,0.8500364217952807,1.8962536321613477,-25.85715726997524,-47.29033564866848,-1.1135647652047969,53.90926130391942
1939,1791274414.8467653,-1.711412527901786,0.6810164720184949,0.7733957967952807,1.9977130260175773,-25.889785251071086,-47.282187795582416,-1.1011499893765402,53.91751843679756
1940,1791274414.8719382,-1.625191824776786,0.6331160813934948,0.5578440389827807,1.8311948044020265,-25.93099175335915,-47.270989759627376,-1.0853546823272395,53.92718053963165
1941,1791274414.8919382,-1.572501395089286,0.4606746751434949,0.5147336874202807,1.717536771903762,-25.963616171448937,-47.26178673379487,-1.073078812564138,53.9345654298522
1942,1791274414.902183,-1.634771902901786,0.39840416733099493,0.6680149374202807,1.8103726168058474,-25.980285403046512,-47.25711959278202,-1.0668250396452477,53.9383787065895
1943,1791274414.922183,-1.673092215401786,0.4894149095184949,0.5530539999202807,1.8288338474899446,-26.012907606117004,-47.248043354793225,-1.0546161190236225,53.94590974429205
1944,1791274414.9617295,-1.639561941964286,0.33613365951849494,0.3854026327327807,1.7174645230444658,-26.077561925448087,-47.23034010667369,-1.0313128014999133,53.96117000827712
1945,1791274414.9817295,-1.634771902901786,0.23075280014349492,0.46204325773278065,1.714412436173837,-26.110266593272513,-47.22187962242652,-1.0200241576618412,53.969365254085744
1946,1791274414.9916575,-1.4910707310267861,0.26428307358099495,0.5386838827327807,1.6072702925837445,-26.12639349699214,-47.21794120332686,-1.0145158879383482,53.97361995574676
1947,1791274415.0116575,-1.4910707310267861,0.3217635423309949,0.45246317960778065,1.5910834770680409,-26.15848127297982,-47.21031826423569,-1.003597197702403,53.98228876635834
1948,1791274415.0821161,-1.577291434151786,0.3121834642059949,0.3470823202327807,1.644923378334208,-26.27078242329198,-47.18414137858924,-0.9666761115863374,54.01325457210809
1949,1791274415.102116,-1.577291434151786,0.33613365951849494,0.3758225546077807,1.6559217064408003,-26.30260986926254,-47.17685304867521,-0.9566835820726282,54.022199075816324
1950,1791274415.0831132,-1.476700613839286,0.41277428451849496,0.48120341398278066,1.6070420151638112,-26.30260986926254,-47.17685304867521,-0.9566835820726282,54.022199075816324
1951,1791274415.1031132,-1.515020926339286,0.28823326889349493,0.39977274992028067,1.5931682510399838,-26.33398661315458,-47.16958086326699,-0.9470498094454999,54.03096439172318
1952,1791274415.112305,-1.582081473214286,0.2020125657684949,0.19859110929528068,1.6072427611619182,-26.348379016876148,-47.16640201907493,-0.9428738771030821,54.035132713726895
1953,1791274415.132305,-1.601241629464286,0.1301619798309949,0.2943918905452807,1.6332738539944214,-26.37977249623194,-47.160024540931175,-0.9344110893925105,54.044735504377904
1954,1791274415.1576846,-1.505440848214286,0.3026033860809949,0.5482639608577807,1.6304951172926876,-26.41954813873909,-47.15232180257146,-0.923678844038379,54.05725814204168
1955,1791274415.1776845,-1.385689871651786,0.39361412826849496,0.4380930624202807,1.5056540219159549,-26.45052763589917,-47.1461179740217,-0.9150105606076445,54.06684840605989
1956,1791274415.1873195,-1.467120535714286,0.18764244858099494,0.16506083585778067,1.4882531486135395,-26.46527483352096,-47.14315755954225,-0.9110251611650676,54.07141614145037
1957,1791274415.2073195,-1.596451590401786,-0.1620304029815051,0.11237040617028066,1.6085828048843536,-26.49589020382638,-47.137895773954575,-0.9035771594332798,54.081696232389724
1958,1791274415.2923539,-1.495860770089286,-0.1907706373565051,0.19859110929528068,1.5209968140205452,-26.626254518362572,-47.121129885344125,-0.8746771666393098,54.13061399516853
1959,1791274415.3123538,-1.395269949776786,0.0487313157684949,0.39019267179528067,1.449621776536688,-26.656653509851814,-47.11799112493367,-0.8680163350046095,54.14273465896839
1960,1791274415.2923539,-1.352159598214286,0.23075280014349492,0.36145243742028066,1.4185310353792562,-26.656653509851814,-47.11799112493367,-0.8680163350046095,54.14273465896839
1961,1791274415.3123538,-1.313839285714286,0.22596276108099492,0.3758225546077807,1.385090405220356,-26.68611874504794,-47.11468195594066,-0.8611396261148784,54.15425884397186
1962,1791274415.3073199,-1.299469168526786,0.1157918626434949,0.4237229452327807,1.3717029597266637,-26.68611874504794,-47.11468195594066,-0.8611396261148784,54.15425884397186
1963,1791274415.3273199,-1.174928152901786,0.0870516282684949,0.3758225546077807,1.2366392938190656,-26.714450935021173,-47.111551079667315,-0.8539524672959442,54.165389029417646
1964,1791274415.3526425,-1.160558035714286,0.0487313157684949,0.26086161710778066,1.1905118557484495,-26.749378012547627,-47.10792370540151,-0.8450083499983262,54.17932944402009
1965,1791274415.3726425,-1.294679129464286,-0.013539192044005104,0.34229228117028065,1.3392316318472919,-26.776508614089497,-47.105435736070234,-0.8380991262222768,54.19045948864824
1966,1791274415.3971987,-1.275518973214286,-0.08059973891900511,0.39019267179528067,1.3362991020225141,-26.8095566999195,-47.10301257404406,-0.8295393728351367,54.20455939833692
1967,1791274415.4171987,-1.270728934151786,-0.051859504544005106,0.3566623983577807,1.320851808002854,-26.836254927207836,-47.10153373190043,-0.822493259695719,54.216377171272576
1968,1791274415.4569306,-1.227618582589286,-0.023119270169005106,0.24170146085778066,1.2513998086752531,-26.888782662274995,-47.09925997231814,-0.8088120538799717,54.240216628785426
1969,1791274415.4769306,-1.184508231026786,-0.08059973891900511,0.22254130460778065,1.2079241282218642,-26.914875708306685,-47.09844268508122,-0.8022619604597202,54.25234982935466
1970,1791274415.4716315,-1.352159598214286,-0.1716104811065051,0.36145243742028066,1.4101182931887974,-26.914875708306685,-47.09844268508122,-0.8022619604597202,54.25234982935466
1971,1791274415.4916315,-1.452750418526786,-0.047069465481505104,0.30397196867028065,1.4849573296387182,-26.941169543475095,-47.09850178238346,-0.7957867909953624,54.26535509081435
1972,1791274415.532365,-1.390479910714286,0.0008309251434948962,0.16027079679528067,1.399686322302964,-26.995374989209495,-47.09874534995146,-0.7831588459444888,54.292314576978505
1973,1791274415.552365,-1.395269949776786,-0.11892005141900511,0.25128153898278066,1.4226955483212733,-27.02217602113696,-47.09902413535552,-0.7772712991300739,54.30580283995958
1974,1791274415.5473967,-1.438380301339286,-0.2290909498565051,0.34229228117028065,1.4961900147828167,-27.02217602113696,-47.09902413535552,-0.7772712991300739,54.30580283995958
1975,1791274415.5673966,-1.438380301339286,-0.1572403639190051,0.28960185148278067,1.475646182426035,-27.049467804117974,-47.10024876783144,-0.7713129003626632,54.32036511353626
1976,1791274415.6073024,-1.400059988839286,-0.1093399732940051,0.23212138273278066,1.423377510862938,-27.10424986545197,-47.10312359885518,-0.7596459874849452,54.349992415493325
1977,1791274415.6273024,-1.452750418526786,-0.1332901686065051,0.25128153898278066,1.4803352523703737,-27.131866398104442,-47.104712230290595,-0.7539507441951876,54.36506718719062
1978,1791274415.6374543,-1.562921316964286,-0.1380802076690051,0.37103251554528066,1.6122823308475327,-27.14607777945948,-47.10560427123837,-0.7510196817873601,54.37289327532062
1979,1791274415.6574543,-1.548551199776786,-0.2099307936065051,0.30397196867028065,1.59200524941712,-27.174542906420896,-47.10762007035432,-0.7450989130869586,54.38877479090739
1980,1791274415.7275116,-1.481490652901786,-0.2290909498565051,0.2752317342952807,1.5241554138291487,-27.275216933368878,-47.11592874919738,-0.7244268550884956,54.44605582528591
1981,1791274415.7475116,-1.332999441964286,-0.1811905592315051,0.23212138273278066,1.3651365746157056,-27.30386801839247,-47.11856033792447,-0.7186495867356807,54.46261464815052
1982,1791274415.7275116,-1.390479910714286,-0.013539192044005104,0.28960185148278067,1.4203826682283434,-27.30386801839247,-47.11856033792447,-0.7186495867356807,54.46261464815052
1983,1791274415.7475116,-1.476700613839286,-0.003959113919005104,0.31355204679528065,1.5096275247708812,-27.332341626870406,-47.1207361884098,-0.7129055838769299,54.4787014540287
1984,1791274415.772145,-1.524601004464286,-0.0997598951690051,0.35187235929528066,1.5678566314346691,-27.367696161893655,-47.123205753033474,-0.7056626923912578,54.49848872664167
1985,1791274415.792145,-1.457540457589286,-0.06622962173150511,0.33271220304528065,1.4964985661067396,-27.396568207860003,-47.1251590306575,-0.6996373591529528,54.51460405860991
1986,1791274415.802135,-1.352159598214286,-0.0374893873565051,0.2848118124202807,1.3823381647417214,-27.41093170299596,-47.1260660536643,-0.6966164779754117,54.52256920797136
1987,1791274415.822135,-1.4096400669642861,0.0295711595184949,0.4045627889827807,1.4668437619923504,-27.439516815908366,-47.127621415688566,-0.6904417714259403,54.53821131308502
1988,1791274415.831777,-1.438380301339286,0.0487313157684949,0.46204325773278065,1.5115543670122304,-27.453290300885353,-47.12820216336767,-0.6872847400689912,54.545604294112195
1989,1791274415.851777,-1.452750418526786,-0.027909309231505103,0.35187235929528066,1.495017346156077,-27.481910959415153,-47.129194843889394,-0.6804977206699457,54.56078732718536
1990,1791274415.8776295,-1.471910574776786,-0.0997598951690051,0.22254130460778065,1.4919776838412806,-27.519028052624744,-47.130533073634744,-0.6719268703558383,54.580541756978114
1991,1791274415.8976295,-1.471910574776786,-0.1285001295440051,0.27044169523278067,1.5020558358306573,-27.547851145135947,-47.131755453102606,-0.6655513983224581,54.59605694067516
1992,1791274415.9216864,-1.457540457589286,-0.1045499342315051,0.33271220304528065,1.4986835170617716,-27.582605958903933,-47.13342572282306,-0.6579447385442917,54.61495091210849
1993,1791274415.9416864,-1.476700613839286,-0.2147208326690051,0.21296122648278068,1.5073494030517427,-27.6115670471572,-47.135084936230164,-0.6517509301495658,54.63094037283488
1994,1791274415.9674664,-1.543761160714286,-0.3344718092315051,0.16985087492028067,1.588684749159411,-27.64913830201026,-47.13796471492193,-0.6442245212484148,54.652333816065834
1995,1791274415.9874663,-1.481490652901786,-0.3680020826690051,0.2752317342952807,1.5511262344010797,-27.678451646755885,-47.14091742639215,-0.6385937864422834,54.66964956342604
1996,1791274416.0118058,-1.462330496651786,-0.2530411451690051,0.36145243742028066,1.5274449800576655,-27.71414798566733,-47.145105479306665,-0.6316069617861049,54.691259782350926
1997,1791274416.0318058,-1.428800223214286,-0.2099307936065051,0.36145243742028066,1.4886869652410182,-27.743416937576235,-47.14872509995013,-0.6256426280657669,54.709148143806004
1998,1791274416.057126,-1.424010184151786,-0.1907706373565051,0.4285129842952807,1.4992737636452718,-27.780331198729836,-47.15338116306307,-0.617724166925254,54.73179825080331
1999,1791274416.077126,-1.3713197544642861,-0.1285001295440051,0.5578440389827807,1.4860081171061745,-27.80930833719375,-47.15698613850885,-0.6109281967362469,54.74954068412078
2000,1791274416.0719795,-1.2515687779017861,0.0008309251434948962,0.6153245077327807,1.3946502594097752,-27.80930833719375,-47.15698613850885,-0.6109281967362469,54.74954068412078
2001,1791274416.0919795,-1.3713197544642861,0.1493221360809949,0.6919651327327807,1.543253289070098,-27.837522828469915,-47.15952828197176,-0.6025613872135177,54.76597360797157
2002,1791274416.1187806,-1.471910574776786,0.16369225326849493,0.6632248983577806,1.6227085874307603,-27.875375624392728,-47.16179472102406,-0.5903071429057962,54.78704144258902
2003,1791274416.1387806,-1.467120535714286,0.019991081393494897,0.6871750936702807,1.6202011970772685,-27.903794252013775,-47.162956801970964,-0.5805086593275272,54.80240157389866
2004,1791274416.1626635,-1.342579520089286,-0.0374893873565051,0.6775950155452807,1.5043471098850003,-27.937672582837866,-47.164167683818604,-0.5681183787806565,54.820571149391704
2005,1791274416.1826634,-1.342579520089286,0.1157918626434949,0.6871750936702807,1.5126589610941346,-27.965815140167926,-47.164912144020654,-0.5572517409540747,54.83544732661555
2006,1791274416.1927679,-1.438380301339286,0.34571373764349494,0.7925559530452807,1.6782731656032173,-27.980008126870864,-47.16488210023934,-0.5514638053796705,54.84260269751866
2007,1791274416.2127678,-1.347369559151786,0.40798424545599493,0.7590256796077807,1.5993673298442823,-28.008065465738376,-47.163701007759634,-0.539398634035235,54.8557870672624
2008,1791274416.23698,-1.280309012276786,0.4223543626434949,0.4668332967952807,1.4267121999751395,-28.041708546528103,-47.16097782503213,-0.5247573291622842,54.87048949914798
2009,1791274416.25698,-1.543761160714286,0.25470299545599495,0.2752317342952807,1.5886549797823832,-28.06956636206299,-47.15805021993124,-0.5133641776764769,54.8821081872657
2010,1791274416.28246,-1.7257826450892861,0.1253719407684949,0.46204325773278065,1.7909572394783055,-28.105981763174988,-47.154153585252224,-0.4996175724101802,54.89726795508262
2011,1791274416.30246,-1.500650809151786,0.0966317063934949,0.5482639608577807,1.600588613124525,-28.135117344841703,-47.15122079033213,-0.4889305363606971,54.90957569582966
2012,1791274416.312614,-1.356949637276786,0.1349520188934949,0.5913743124202807,1.4863539090336428,-28.14986688992057,-47.14977879229635,-0.48345069867903034,54.91584808286928
2013,1791274416.332614,-1.4096400669642861,0.2690731126434949,0.6296946249202807,1.567163290468555,-28.178710665368037,-47.146758541879095,-0.47244467606131735,54.92795080594865
2014,1791274416.3720336,-1.519810965401786,0.24512291733099492,0.7542356405452807,1.714287611990799,-28.235694548167423,-47.140178398206075,-0.44991432810748305,54.951372038692014
2015,1791274416.3920336,-1.4096400669642861,0.21638268295599491,0.6584348592952807,1.5708096790539292,-28.264663394790396,-47.13664841022637,-0.43807896363156623,54.963139769744565
2016,1791274416.402281,-1.165348074776786,0.1062117845184949,0.5913743124202807,1.3111219073553475,-28.2792588777894,-47.13486310420716,-0.4319638976416698,54.969067622966335
2017,1791274416.422281,-1.160558035714286,-0.027909309231505103,0.7350754842952807,1.374048707802865,-28.306960832062703,-47.131783926737135,-0.4198296688359973,54.9805906171933
2018,1791274416.4624727,-1.208458426339286,-0.15245032485650512,0.7350754842952807,1.4226555582259601,-28.36142093690037,-47.127067911037386,-0.3946710405563295,55.00442248294072
2019,1791274416.4824727,-1.141397879464286,-0.3440518873565051,0.4955735311702807,1.2910282511377213,-28.38798087306859,-47.125817916237516,-0.382183647784145,55.01696317195919
2020,1791274416.477077,-1.045597098214286,-0.3248917311065051,0.30397196867028065,1.1363216474541011,-28.38798087306859,-47.125817916237516,-0.382183647784145,55.01696317195919
2021,1791274416.497077,-1.002486746651786,-0.3536319654815051,0.22733134367028066,1.087067055906732,-28.413030965724914,-47.12678548186901,-0.3713451327576648,55.03064724061462
2022,1791274416.5222986,-0.8827357700892859,-0.45901282485650513,0.25128153898278066,1.0261859602486423,-28.44344874455973,-47.12935984760722,-0.35882177546517385,55.04847944490562
2023,1791274416.5422986,-0.830045340401786,-0.5164932936065051,0.3854026327327807,1.0508452687149383,-28.466520262136047,-47.13255829267775,-0.34942569216833197,55.063081328251286
2024,1791274416.5825799,-0.796515066964286,-0.4925430982940051,0.3566623983577807,1.002119265347445,-28.51093169836759,-47.141082289157225,-0.3310981538097978,55.09323453646129
2025,1791274416.6025798,-0.796515066964286,-0.5835538404815052,0.09321024992028067,0.9917960916095788,-28.532064275280124,-47.14629382976223,-0.3226885432866226,55.10858228612818
2026,1791274416.6122303,-0.930636160714286,-0.5117032545440051,-0.012170609454719344,1.0621073430093837,-28.541981789152434,-47.14922404956581,-0.31918072562964955,55.11620387203819
2027,1791274416.6322303,-0.844415457589286,-0.4015323561065051,-0.10797139070471935,0.9412351030570819,-28.56211476657515,-47.1557556912269,-0.31318166941197545,55.13218458856627
2028,1791274416.6427474,-0.628863699776786,-0.4350626295440051,-0.25646260164221935,0.8065495090592937,-28.572275864462483,-47.159335084387024,-0.3107876827242791,55.14049712017634
2029,1791274416.6627474,-0.662393973214286,-0.6122940748565051,-0.19419209382971936,0.9227027577508167,-28.590637254446953,-47.166691886634965,-0.30759399890266514,55.15628682400844
2030,1791274416.686955,-0.8635756138392859,-0.5883438795440051,-0.03612080476721934,1.045569736532108,-28.612298390244565,-47.176440580245725,-0.30472641053446425,55.175837312895624
2031,1791274416.706955,-0.796515066964286,-0.5212833326690051,-0.10797139070471935,0.9580346476147596,-28.630000237522786,-47.18495112103281,-0.3029287607260962,55.19228471198565
2032,1791274416.7174256,-0.796515066964286,-0.5308634107940051,-0.20377217195471936,0.9786599567184249,-28.63912859957828,-47.189564577789405,-0.30237361403699525,55.2009612397013
2033,1791274416.7374256,-0.901895926339286,-0.5931339186065051,-0.040910843829719344,1.0802304404578529,-28.656496909780895,-47.19874092371286,-0.3018393088874351,55.21781476020614
2034,1791274416.762036,-1.059967215401786,-0.6554044264190052,0.021359663982780656,1.2464115272018703,-28.67828444567748,-47.21064344333103,-0.30131654079801995,55.239294390300465
2035,1791274416.782036,-0.978536551339286,-0.7368350904815052,-0.14150166414221935,1.2330784459339512,-28.6963921756531,-47.220953595416226,-0.30113564588636926,55.25750686591425
2036,1791274416.807929,-1.074337332589286,-0.8182657545440052,-0.16066182039221935,1.359989621205351,-28.720305496153003,-47.23531939082766,-0.30152337296653015,55.28220565507767
2037,1791274416.827929,-1.222828543526786,-1.0098673170440051,0.03093974210778066,1.5862215836821771,-28.739451488294286,-47.24749342438794,-0.30197251740009057,55.30255775402135
2038,1791274416.8372738,-1.3713197544642861,-1.1296182936065051,-0.20856221101721936,1.7888693507628928,-28.748873554026822,-47.25382788599526,-0.3022753860874359,55.31286786014372
2039,1791274416.8572738,-1.486280691964286,-1.335589973294005,-0.32831318757971933,2.0249988694337766,-28.770300465856337,-47.26904927566851,-0.30363167370245453,55.3370165487308
2040,1791274416.8823848,-1.548551199776786,-1.393070442044005,-0.16545185945471935,2.08950481995707,-28.798883192189486,-47.29043274491419,-0.306009045231492,55.370157520584954
2041,1791274416.9023848,-1.376109793526786,-1.5607218092315052,-0.25167256257971937,2.095917414500543,-28.822620530264317,-47.309339921816274,-0.3082441989042762,55.398665259694944
2042,1791274416.9275584,-1.500650809151786,-1.852914192044005,-0.4097438516422194,2.4193250873011256,-28.853448070309778,-47.33601339467193,-0.3118843196122228,55.43750446652017
2043,1791274416.9475584,-1.663512137276786,-2.082836067044005,-0.3810036172672194,2.6927017045000037,-28.879012403232576,-47.35992983149305,-0.31552864333689395,55.47125263913527
2044,1791274416.956785,-1.376109793526786,-2.1451065748565052,-0.13671162507971935,2.552224608016481,-28.891140318822675,-47.372233867382846,-0.3173159439094911,55.48808178263306
2045,1791274416.976785,-1.103077566964286,-2.207377082669005,0.0021995077327806568,2.4676504091273634,-28.91720484111942,-47.40143283397364,-0.32081082208864964,55.52660164390167
2046,1791274417.0172048,-1.093497488839286,-2.202587043606505,-0.16545185945471935,2.464650230876197,-28.968638507827173,-47.46496084514846,-0.3273093743717497,55.60765825365419
2047,1791274417.0372047,-1.256358816964286,-2.293597785794005,-0.18461201570471936,2.6216616632024854,-28.99379553680904,-47.49842406822134,-0.33056766571810176,55.64934629963316
2048,1791274417.046831,-1.146187918526786,-2.327128059231505,-0.09360127351721935,2.595772129260079,-29.005822119150263,-47.51545025171969,-0.33210153027717465,55.6701537707401
2049,1791274417.0668309,-0.978536551339286,-2.4181388014190053,-0.09360127351721935,2.6103046265980474,-29.030248400421428,-47.552636743726566,-0.33509117093313906,55.71463783929518
2050,1791274417.0921438,-0.988116629464286,-2.398978645169005,-0.36184346101721937,2.6196189997176487,-29.060259803918964,-47.60178708687393,-0.33917207130034815,55.772250012253366
2051,1791274417.1121438,-1.103077566964286,-2.3750284498565053,-0.35226338289221937,2.642277378946865,-29.08355206085475,-47.64195715004926,-0.3429839374013489,55.81869507203562
2052,1791274417.1223204,-1.026436941964286,-2.202587043606505,-0.13671162507971935,2.4338554905589973,-29.095251508399162,-47.66282490223872,-0.3450058114060752,55.84261425657269
2053,1791274417.1423204,-0.992906668526786,-2.154686652981505,0.026149703045280658,2.3725981606481445,-29.117824304971844,-47.70422013138273,-0.3485491699295423,55.88972890543028
2054,1791274417.1677911,-1.007276785714286,-2.2648575514190052,0.05488993742028066,2.479354584662831,-29.146080480560535,-47.7574734429744,-0.35223007065423645,55.94992710503196
2055,1791274417.187791,-0.983326590401786,-2.2648575514190052,0.14111064054528066,2.473140336593537,-29.167925459772952,-47.79981097569213,-0.3543928211578195,55.997458863866825
2056,1791274417.2124124,-1.059967215401786,-2.193006965481505,0.08363017179528066,2.4371713222528126,-29.194557267759276,-47.85234500549374,-0.35624092709048216,56.05618613662021
2057,1791274417.2324123,-1.222828543526786,-2.327128059231505,0.006989546795280657,2.628855930759774,-29.216369652730965,-47.89539784079184,-0.3573810406186036,56.104305638880696
2058,1791274417.2578266,-1.165348074776786,-2.5618399732940054,0.10758036710778066,2.816493159860332,-29.24448135987433,-47.95121815654721,-0.35839410583582787,56.166604482022215
2059,1791274417.2778265,-0.949796316964286,-2.6193204420440055,0.07884013273278066,2.7873227994543166,-29.26645844386272,-47.996328991558194,-0.35879213087589457,56.21656266889155
2060,1791274417.302496,-0.997696707589286,-2.6432706373565056,-0.11276142976721935,2.8275419577238314,-29.29310359939061,-48.05336236174419,-0.3592722019527118,56.27913138338953
2061,1791274417.322496,-1.184508231026786,-2.442088996731505,-0.11755146882971935,2.716740098933153,-29.314738398096754,-48.10029276944336,-0.359948493675063,56.330467908345234
2062,1791274417.3481088,-1.045597098214286,-2.327128059231505,0.05488993742028066,2.5518250725876035,-29.34257282782689,-48.16054018026844,-0.3608050390096978,56.39640405990218
2063,1791274417.3681087,-0.695924246651786,-2.3846085279815052,-0.12234150789221936,2.487093852944299,-29.363659631001234,-48.207595743919015,-0.3614747304146689,56.44756379433162
2064,1791274417.3624995,-0.734244559151786,-2.327128059231505,-0.3091530313297194,2.4597186167297567,-29.363659631001234,-48.207595743919015,-0.3614747304146689,56.44756379433162
2065,1791274417.3824995,-0.954586356026786,-2.0493057936065053,0.09800028898278067,2.2628507249622976,-29.38325155373998,-48.254165491594804,-0.36282546627906326,56.49753624256161
2066,1791274417.4073079,-0.887525809151786,-1.814593879544005,0.7446555624202807,2.152896866139333,-29.407335950111403,-48.31045598101735,-0.3626817546546622,56.5581391386924
2067,1791274417.4273078,-0.5857533482142859,-1.464921027981505,0.7159153280452807,1.732522831046338,-29.426049721689367,-48.35394835876803,-0.3603924218844278,56.605005139152595
2068,1791274417.4532719,-0.7246644810267859,-1.426600715481505,0.5099436483577807,1.6793959437769899,-29.449251622920933,-48.40757164368609,-0.35547909015536544,56.66284301879187
2069,1791274417.4732718,-0.715084402901786,-1.460130988919005,0.5913743124202807,1.730043868075476,-29.466602725291228,-48.44701166674507,-0.35061010315880264,56.70552480184193
2070,1791274417.4828403,-0.729454520089286,-1.450550910794005,0.29918192960778067,1.65097294607993,-29.47469536841017,-48.465139136245696,-0.34799098928726757,56.725201421280644
2071,1791274417.5028403,-0.734244559151786,-1.666102668606505,-0.25167256257971937,1.8380294485500392,-29.49126887176808,-48.502020644699435,-0.34326642407394403,56.765295543348174
2072,1791274417.541989,-0.748614676339286,-1.9103946607940052,-0.49596455476721935,2.1109269369654324,-29.523198208827726,-48.57388622435614,-0.33760075269510686,56.84325491808719
2073,1791274417.561989,-0.638443777901786,-1.982245246731505,-0.6827760782047194,2.1915952748397154,-29.539143794423165,-48.61093209825298,-0.3369086000072759,56.883189458515155
2074,1791274417.587184,-0.6432338169642859,-2.164266731106505,-0.5917653360172194,2.3340922088838854,-29.55863994419946,-48.65843552753204,-0.3385758484546541,56.93391938855934
2075,1791274417.607184,-0.561803152901786,-2.269647590481505,-0.46243428132971937,2.383436265591724,-29.57360232089816,-48.697138834291984,-0.34128210480904575,56.97478177541362
2076,1791274417.6327682,-0.695924246651786,-2.236117317044005,-0.20856221101721936,2.3511761755611436,-29.592284716477707,-48.747867853614785,-0.3455122188655643,57.027864362151554
2077,1791274417.6527681,-0.815675223214286,-2.0924161451690053,-0.0025905313297193435,2.245782292472306,-29.606966031590076,-48.788068631528525,-0.34863973760493067,57.069866199747686
2078,1791274417.647298,-0.513902762276786,-2.020565559231505,0.10279032804528067,2.0874259459362605,-29.606966031590076,-48.788068631528525,-0.34863973760493067,57.069866199747686
2079,1791274417.667298,-0.21692034040178595,-1.7283731764190051,0.35187235929528066,1.7771163237899694,-29.62036472568215,-48.827981142983774,-0.3500896218945363,57.11094738949243
2080,1791274417.69267,-0.22171037946428596,-1.431390754544005,0.4955735311702807,1.5308912794032221,-29.63564737276096,-48.87703201384933,-0.350040443273941,57.16081159323592
2081,1791274417.71267,-0.513902762276786,-1.330799934231505,0.37103251554528066,1.474038548213088,-29.646990601537276,-48.914040780627474,-0.34870758436289295,57.19833069413756
2082,1791274417.722836,-0.609703543526786,-1.733163215481505,0.09321024992028067,1.8396416208537767,-29.652748158786387,-48.932366610752624,-0.3477777599817063,57.21698108837835
2083,1791274417.742836,-0.600123465401786,-1.785853645169005,0.08363017179528066,1.8858460757240447,-29.664190977033662,-48.96829051429712,-0.3459576000773933,57.25362336896747
2084,1791274417.7825034,-0.552223074776786,-1.4792911451690052,0.08363017179528066,1.5812168169248209,-29.686910312465173,-49.03856733426796,-0.3423914483451664,57.32548265825403
2085,1791274417.8025033,-0.652813895089286,-1.7187930982940052,-0.050490921954719346,1.8392838360526602,-29.69845454281736,-49.073482532006636,-0.3408134172522452,57.36132010193218
2086,1791274417.8122468,-0.806095145089286,-2.087626106106505,-0.48159443757971937,2.289083953056692,-29.704301085993347,-49.09072238914611,-0.34054878525528265,57.3790946353347
2087,1791274417.8322468,-0.906685965401786,-2.5235196607940056,-0.6492458047672194,2.7589402011059057,-29.717071068890675,-49.12771851142361,-0.3417833247229129,57.41736544715572
2088,1791274417.8723526,-0.810885184151786,-2.360658332669005,-0.47680439851721934,2.5411778725468728,-29.744003836408865,-49.20546966062605,-0.3472746834472578,57.497866120829734
2089,1791274417.8923526,-0.5043226841517859,-2.154686652981505,-0.27562275789221935,2.23001879968641,-29.757392860100445,-49.24519969099359,-0.3507309905108632,57.538814157609266
2090,1791274417.887382,-0.33188127790178595,-2.087626106106505,-0.22772236726721937,2.1260727687623766,-29.757392860100445,-49.24519969099359,-0.3507309905108632,57.538814157609266
2091,1791274417.907382,-0.27919084821428597,-1.9966153639190052,0.021359663982780656,2.0161539317248303,-29.76904919606749,-49.285439937906084,-0.354179480546584,57.57930464164424
2092,1791274417.9320412,-0.14985979352678597,-1.7666934889190051,0.4572532186702807,1.8310500668985075,-29.782058714939772,-49.33457232858227,-0.35690838613601406,57.62810453017112
2093,1791274417.9520411,-0.10195940290178596,-1.508031379544005,0.3566623983577807,1.5529850057008947,-29.791405185156897,-49.37335620380614,-0.35756881708217525,57.66614241643934
2094,1791274417.977639,-0.298351004464286,-1.373910285794005,0.03093974210778066,1.4062716888699385,-29.80234181507703,-49.42108234650718,-0.35754317272040304,57.71265714800602
2095,1791274417.997639,-0.561803152901786,-1.5224014967315052,0.08363017179528066,1.6249071067280194,-29.81089526509713,-49.457122632006055,-0.3573542871142488,57.74793639283048
2096,1791274418.007734,-0.6432338169642859,-1.6038321607940051,0.15548075773278067,1.7349932591536983,-29.81547743725596,-49.47495244141688,-0.357092208064474,57.76557044414122
2097,1791274418.027734,-0.652813895089286,-1.6852628248565051,-0.03612080476721934,1.8076452868309105,-29.825137795280888,-49.50991112957526,-0.35647183231092,57.800494952319944
2098,1791274418.052881,-0.609703543526786,-1.733163215481505,-0.2612526407047194,1.8557602444180386,-29.837843408469773,-49.553720345178384,-0.3563696605530287,57.84457708939942
2099,1791274418.072881,-0.652813895089286,-1.8050138014190051,-0.08402119539221935,1.9212757132202214,-29.84832649969376,-49.58864374688161,-0.3568185001127032,57.87990586489826
2100,1791274418.0971084,-0.619283621651786,-1.7906436842315052,0.21775126554528068,1.9071792316326492,-29.861432037612982,-49.631136641782355,-0.35703765964750744,57.923072463247806
2101,1791274418.1171083,-0.633653738839286,-1.6421524732940052,0.16506083585778067,1.7678876903877954,-29.872507398057763,-49.666102447760686,-0.35661722294804665,57.95874055258775
2102,1791274418.1273086,-0.619283621651786,-1.5559317701690052,-0.026540726642219344,1.674855303492843,-29.878267216453942,-49.68370712586132,-0.35632898817600744,57.97679342611148
2103,1791274418.1473086,-0.6049135044642859,-1.575091926419005,-0.03612080476721934,1.6876432197270335,-29.889702951924377,-49.71774400526834,-0.3559426018973047,58.011853156605135
2104,1791274418.1721585,-0.552223074776786,-1.5559317701690052,0.12195048429528066,1.6555198332720256,-29.90393708080958,-49.759526502070514,-0.35537456671076867,58.05499308178359
2105,1791274418.1921585,-0.5234828404017859,-1.5990421217315052,0.09321024992028067,1.6851285238690004,-29.91528830475246,-49.792842655172734,-0.3546632290938375,58.08939180302476
2106,1791274418.2172976,-0.561803152901786,-1.622992317044005,0.050099898357780656,1.7182074506908982,-29.92946232711767,-49.83451297606368,-0.3536330255602614,58.132404518208105
2107,1791274418.2372975,-0.5043226841517859,-1.7571134107940052,0.17943095304528067,1.8368408681899862,-29.940646511968698,-49.86776214042816,-0.3525920679184718,58.16666000051355
2108,1791274418.24786,-0.533062918526786,-1.7523233717315052,0.4237229452327807,1.8799825553822322,-29.946488926834,-49.885467910018136,-0.35164697127055367,58.1848413526998
2109,1791274418.26786,-0.518692801339286,-1.939134895169005,0.32313212492028065,2.0331504454857248,-29.95746979784614,-49.91950214102163,-0.3490055773506071,58.21965729536158
2110,1791274418.321727,-0.5474330357142859,-2.183426887356505,0.20338114835778068,2.2601769383236356,-29.986916082032135,-50.01407382815164,-0.34083136080154874,58.31585447384909
2111,1791274418.341727,-0.6240736607142859,-2.346288215481505,0.39019267179528067,2.4590214812456304,-29.9979663288531,-50.05071438748606,-0.33736129003004817,58.35294171851766
2112,1791274418.352132,-0.662393973214286,-2.4851993482940054,0.08363017179528066,2.5733199533182938,-30.00385685398723,-50.07068781053231,-0.3354570087489359,58.3730908496292
2113,1791274418.372132,-0.7055043247767859,-2.8684024732940054,-0.4289040078922194,2.9848664541422827,-30.01553274747457,-50.11135115049447,-0.3328636693273137,58.41395825027816
2114,1791274418.3972473,-0.671974051339286,-2.9402530592315053,-0.5486549844547194,3.0655602212255704,-30.030590265634043,-50.16569660574413,-0.3319369138806152,58.468313211146764
2115,1791274418.4172473,-0.6240736607142859,-2.8109220045440053,-0.36663350007971934,2.9026144375386345,-30.042726451647336,-50.21110865197635,-0.3326825440925585,58.51351572401225
2116,1791274418.4127643,-0.49953264508928596,-2.7630216139190056,-0.47680439851721934,2.8480104875050674,-30.042726451647336,-50.21110865197635,-0.3326825440925585,58.51351572401225
2117,1791274418.4327643,-0.542642996651786,-2.7390714186065055,-0.2612526407047194,2.8045011321654827,-30.054490704687378,-50.2592787583931,-0.33540372871886703,58.56090853541501
2118,1791274418.4723892,-0.528272879464286,-2.7055411451690055,-0.10318135164221935,2.758563306271331,-30.07748504813305,-50.3565808402623,-0.34106942025438847,58.656258567112616
2119,1791274418.4923892,-0.528272879464286,-2.4660391920440055,0.08363017179528066,2.5233738402204793,-30.088934954521356,-50.40608297965474,-0.343529455785813,58.704643943526726
2120,1791274418.5026414,-0.5857533482142859,-2.284017707669005,0.06926005460778066,2.358949094205743,-30.094780508071533,-50.43130447995916,-0.34448378368522686,58.72930234947946
2121,1791274418.5226414,-0.485162527901786,-2.1019962232940053,-0.25167256257971937,2.171890853606082,-30.106079819805007,-50.47970510706377,-0.3463398430049364,58.776667318753645
2122,1791274418.532212,-0.537852957589286,-2.3654483717315054,-0.32352314851721936,2.447304441817827,-30.111410139507306,-50.50259881116352,-0.34750766921613363,58.79906690459571
2123,1791274418.552212,-0.633653738839286,-2.413348762356505,-0.30436299226721936,2.5136439963874233,-30.122635494103612,-50.55043243953815,-0.35052387421985026,58.845919619981636
2124,1791274418.5776675,-0.925846121651786,-2.173846809231505,-0.15108174226721935,2.3676204687048448,-30.13775707749152,-50.610939360284426,-0.3546564990323945,58.90566497226378
2125,1791274418.5976675,-0.734244559151786,-1.828963996731505,-0.5199147500797193,2.0382678237499947,-30.150345890259654,-50.65735203604402,-0.3584228924089723,58.95200708691599
2126,1791274418.6229157,-0.877945731026786,-1.8816544264190052,-0.5630251016422194,2.1513738290147586,-30.166907235965873,-50.71418181891833,-0.36451511167488393,59.00935011514968
2127,1791274418.6429157,-1.045597098214286,-1.9582950514190052,-0.27562275789221935,2.2369981459255643,-30.18094350534272,-50.75820592985594,-0.36987504847322894,59.05439549806462
2128,1791274418.6524897,-0.873155691964286,-1.7187930982940052,-0.27562275789221935,1.9474646291578315,-30.1880325120122,-50.77875933430214,-0.3724517867787318,59.07570081523161
2129,1791274418.6724896,-0.844415457589286,-1.4074405592315051,-0.4097438516422194,1.6916904021552575,-30.203196478378697,-50.819944383388524,-0.3780552274117595,59.118886579478335
2130,1791274418.6977305,-0.992906668526786,-1.268529426419005,-0.48638447664221934,1.6827359915371205,-30.222941633978113,-50.86919099117259,-0.38576268908677674,59.17135798644082
2131,1791274418.7177305,-1.184508231026786,-1.1679386061065051,-0.040910843829719344,1.6639753706551885,-30.239506302389156,-50.90601374617879,-0.39174467969947424,59.21151442779057
2132,1791274418.741927,-1.045597098214286,-0.8374259107940052,0.050099898357780656,1.3405466973137354,-30.26058757284116,-50.94751952364669,-0.3978795685496152,59.25800548463489
2133,1791274418.761927,-0.758194754464286,-0.6362442701690052,-0.16066182039221935,1.002735397575946,-30.27810461254993,-50.97889130462267,-0.4023556834588307,59.29395304475037
2134,1791274418.772185,-0.820465262276786,-0.6170841139190052,-0.11755146882971935,1.0333316979935065,-30.286956148796605,-50.9935328466496,-0.40452119990282154,59.31107605112751
2135,1791274418.792185,-0.830045340401786,-0.5117032545440051,0.22254130460778065,1.0001700455873375,-30.304100763130933,-51.01949013000844,-0.4079524299267206,59.34217152559472
2136,1791274418.8177624,-0.719874441964286,-0.3248917311065051,0.12195048429528066,0.7991531578831602,-30.325710793978015,-51.04931148485963,-0.4110214645428451,59.37886725833132
2137,1791274418.8377624,-0.494742606026786,-0.5787638014190051,-0.17982197664221936,0.7823514091088914,-30.341895847506944,-51.07048776168195,-0.41314810877887487,59.40535375870472
2138,1791274418.8623328,-0.7246644810267859,-0.7416251295440052,-0.06486103914221934,1.0389193410614666,-30.36104412600851,-51.095034191770644,-0.41581974617212536,59.43625514398559
2139,1791274418.8823328,-0.830045340401786,-0.45901282485650513,0.20817118742028068,0.9710835616863438,-30.37662463224455,-51.113818501270316,-0.4174532521628532,59.460373636959524
2140,1791274418.892891,-0.849205496651786,-0.1045499342315051,0.33271220304528065,0.9180294517860865,-30.384945661703064,-51.122693675813565,-0.41775793669386685,59.472256163940735
2141,1791274418.912891,-0.782144949776786,0.1397420579559949,0.08363017179528066,0.7989196272827548,-30.400790643569962,-51.13693109312442,-0.4176240061403247,59.49258948127599
2142,1791274418.9365714,-0.901895926339286,0.1205819017059949,0.021359663982780656,0.9101716828224719,-30.419728263822517,-51.15079757086385,-0.41730275026943703,59.514184035116166
2143,1791274418.9565713,-1.055177176339286,0.0631014329559949,0.2943918905452807,1.097290868241996,-30.43625902014512,-51.16047666739968,-0.4165984966514407,59.53094817222655
2144,1791274418.983075,-0.973746512276786,0.1445320970184949,0.2943918905452807,1.0274913052958614,-30.45891233337031,-51.17096649879755,-0.41463485851701043,59.551532935927824
2145,1791274419.003075,-0.949796316964286,0.1493221360809949,0.08842021085778067,0.9655196930828744,-30.47632799154155,-51.17725413261714,-0.4128011190685528,59.56583175920908
2146,1791274419.011574,-1.150977957589286,0.1349520188934949,0.06447001554528066,1.1606544227995872,-30.483957880557536,-51.179344107603704,-0.4120412889339722,59.57152616285655
2147,1791274419.031574,-1.241988699776786,0.1253719407684949,0.28002177335778067,1.2793225736536218,-30.50280862479479,-51.18313398826933,-0.41000474013914706,59.584416106469675
2148,1791274419.071778,-1.213248465401786,0.24512291733099492,0.6105344686702807,1.3801483329103248,-30.542421680741256,-51.188492503114794,-0.40383964537011563,59.60926415688106
2149,1791274419.091778,-1.021646902901786,0.36487389389349495,0.6488547811702807,1.2640838103944476,-30.562524107708278,-51.18984331705791,-0.3993436986669369,59.6206961888978
2150,1791274419.1023953,-0.988116629464286,0.3026033860809949,0.47162333585778066,1.135945356791939,-30.573195365635073,-51.18992134169504,-0.396422745233934,59.62621464445948
2151,1791274419.1223953,-1.241988699776786,0.29781334701849493,0.4668332967952807,1.359838978347194,-30.59362696998244,-51.189145647807834,-0.39033813189759825,59.635987517506024
2152,1791274419.1324356,-1.198878348214286,0.27865319076849493,0.45246317960778065,1.3113656330113508,-30.604183414521227,-51.18838055802691,-0.3870495019028643,59.64072563223863
2153,1791274419.1524355,-1.055177176339286,0.1205819017059949,0.36145243742028066,1.1218675202551525,-30.625438431242834,-51.18648627299106,-0.3802603946165259,59.649966085897
2154,1791274419.1772857,-0.897105887276786,-0.07580969985650511,0.17943095304528067,0.918009559040504,-30.65152511129987,-51.18440221419919,-0.3720821276165889,59.66152417415479
2155,1791274419.1972857,-0.973746512276786,-0.2099307936065051,0.24170146085778066,1.0250233189816937,-30.672177295336546,-51.183405119089315,-0.3658556739186249,59.671243241577564
2156,1791274419.221832,-1.1318178013392861,-0.047069465481505104,0.5386838827327807,1.2543553705092008,-30.69759841467863,-51.182838059230455,-0.35792342534266447,59.68377978483517
2157,1791274419.241832,-0.992906668526786,0.2690731126434949,0.5434739217952806,1.1634551542814886,-30.718391293250118,-51.18211232787825,-0.35080658702295225,59.69381250389583
2158,1791274419.2819552,-0.964166434151786,0.3792440110809949,0.4859934530452807,1.1443917900302534,-30.759737419809376,-51.178923839720774,-0.3355727629268974,59.71227931176953
2159,1791274419.3019552,-1.012066824776786,0.4702547532684949,0.5722141561702807,1.25413230215438,-30.780219887464884,-51.176298648343064,-0.3275309676897036,59.720538813710355
2160,1791274419.2966175,-1.117447684151786,0.5756356126434949,0.6919651327327807,1.4348733150621822,-30.780219887464884,-51.176298648343064,-0.3275309676897036,59.720538813710355
2161,1791274419.3166175,-0.988116629464286,0.6666463548309949,0.6728049764827807,1.3687433551302848,-30.800891942213912,-51.17120501745375,-0.3180617903631351,59.72678068234308
2162,1791274419.341698,-0.8635756138392859,0.5995858079559949,0.6201145467952807,1.220576926321016,-30.826409789638745,-51.163393790619814,-0.3055363820488394,59.73318807140236
2163,1791274419.361698,-1.002486746651786,0.40319420639349496,0.5626340780452807,1.2182373951983354,-30.84650534542491,-51.15659502924735,-0.2952723093649946,59.73768737362052
2164,1791274419.3874664,-1.127027762276786,0.15890221420599493,0.47162333585778066,1.2320186936681636,-30.872628838706245,-51.14806294741417,-0.28203262983322963,59.74381220753702
2165,1791274419.4074664,-1.083917410714286,0.0918416673309949,0.3375022421077807,1.138955490146774,-30.893179420767982,-51.14205805460616,-0.27208447316452994,59.74924825255132
2166,1791274419.4173343,-1.045597098214286,0.019991081393494897,0.39019267179528067,1.116209324567823,-30.903374094762956,-51.13945691741998,-0.26737378935544337,59.75227253412839
2167,1791274419.4373343,-1.055177176339286,0.0631014329559949,0.4380930624202807,1.1442491842466957,-30.924088177118744,-51.134851157094886,-0.25801600861545987,59.75900605519778
2168,1791274419.4614754,-1.141397879464286,0.0008309251434948962,0.2943918905452807,1.178752049797152,-30.949317830938714,-51.13000990802379,-0.24708873451401353,59.767877996778466
2169,1791274419.4814754,-1.088707449776786,-0.2243009107940051,0.13153056242028066,1.119327967413076,-30.9704295407697,-51.126935937168874,-0.2387549374348369,59.77614982736259
2170,1791274419.507265,-1.136607840401786,-0.2817813795440051,0.10279032804528067,1.1755186005590006,-30.99787361716649,-51.12454554533279,-0.22916732441990711,59.788291861076075
2171,1791274419.527265,-1.313839285714286,-0.12371009048150511,0.19380107023278068,1.333805349365693,-31.0196397689923,-51.12357809231991,-0.22240251050663762,59.79872700347609
2172,1791274419.5370874,-1.428800223214286,0.0247811204559949,0.37103251554528066,1.4763974090264813,-31.03074651346193,-51.123247106790615,-0.21916243146041597,59.80419430187207
2173,1791274419.5570874,-1.213248465401786,-0.06622962173150511,0.38061259367028066,1.2732730060968487,-31.053932489448535,-51.12273642899792,-0.21242722468442615,59.81576738932474
2174,1791274419.5823896,-1.112657645089286,-0.1428702467315051,0.3854026327327807,1.1861509734827669,-31.08327915959853,-51.12258407610148,-0.2037309263891376,59.8308478313818
2175,1791274419.6023896,-1.208458426339286,-0.1380802076690051,0.4476731405452807,1.296089947768292,-31.106478225498336,-51.122903138754,-0.19663845854305292,59.84315232013771
2176,1791274419.6273394,-1.285099051339286,-0.051859504544005106,0.46204325773278065,1.3666209979292,-31.135743780449125,-51.12359688395761,-0.18741554694876603,59.8589326976552
2177,1791274419.6473393,-1.304259207589286,-0.06143958266900511,0.4380930624202807,1.3772408773488949,-31.15956842199806,-51.12423952809491,-0.17978114843574686,59.87185392847405
2178,1791274419.6563983,-1.246778738839286,-0.1428702467315051,0.3375022421077807,1.2995294896425322,-31.170474277996792,-51.12462576231703,-0.17631490434680042,59.877849936330584
2179,1791274419.6763983,-1.241988699776786,-0.1572403639190051,0.32313212492028065,1.2929326481198116,-31.19467329939341,-51.125800732976955,-0.16881921774544703,59.89143213158486
2180,1791274419.702314,-1.246778738839286,-0.1716104811065051,0.3183420858577807,1.2981714310812609,-31.2261638117695,-51.1277340413868,-0.15931654069845072,59.90946399665403
2181,1791274419.722314,-1.256358816964286,-0.1093399732940051,0.2943918905452807,1.2950132400646175,-31.250575482939553,-51.12942366739584,-0.15216392820214006,59.9236145975525
2182,1791274419.7472062,-1.213248465401786,-0.1668204420440051,0.21296122648278068,1.2430419874922152,-31.28101177215577,-51.13172673577882,-0.14364981023518753,59.941436517154706
2183,1791274419.7672062,-1.270728934151786,-0.2817813795440051,0.25128153898278066,1.3256301074514758,-31.30552391340424,-51.13397249685477,-0.13713880961520683,59.95613211219455
2184,1791274419.7918112,-1.366529715401786,-0.2674112623565051,0.3279221639827807,1.4305401748788236,-31.33602336588899,-51.137334390784105,-0.12926130889694765,59.974911733727374
2185,1791274419.8118112,-1.304259207589286,-0.1955606764190051,0.33271220304528065,1.3601593541927854,-31.36110206907635,-51.14035163035799,-0.12282767632650737,59.99057738096672
2186,1791274419.8220572,-1.194088309151786,-0.12371009048150511,0.27044169523278067,1.2305648244039376,-31.373942629506743,-51.14191085313972,-0.1195626103221015,59.99861345937803
2187,1791274419.8420572,-1.246778738839286,-0.1811905592315051,0.3470823202327807,1.306810383871538,-31.398908679685924,-51.14495522910985,-0.1132190051632265,60.01425439181959
2188,1791274419.8674095,-1.332999441964286,-0.0997598951690051,0.5243137655452806,1.4358775970470117,-31.430714116597894,-51.148769660815766,-0.10472706505397839,60.03413525197684
2189,1791274419.8874094,-1.203668387276786,0.1445320970184949,0.5482639608577807,1.3305263937154816,-31.455846300011164,-51.1512602757032,-0.09742391632161511,60.04940620574137
2190,1791274419.9121141,-1.160558035714286,0.24991295639349492,0.6105344686702807,1.3349545975308825,-31.4866144111653,-51.153144449771595,-0.08760888934260466,60.06711870477967
2191,1791274419.9321141,-1.280309012276786,0.2020125657684949,0.7015452108577807,1.4738269662762375,-31.511448096576252,-51.15376311442753,-0.07888678015250014,60.08065466549335
2192,1791274419.9416718,-1.222828543526786,0.24991295639349492,0.6440647421077806,1.4044876377752635,-31.523329952757273,-51.153690464817764,-0.07437925485916291,60.08681978399543
2193,1791274419.9616718,-1.227618582589286,0.3792440110809949,0.5482639608577807,1.3969490953627448,-31.548139454990466,-51.15261751098923,-0.06457338856664677,60.098914724141224
2194,1791274419.987455,-1.218038504464286,0.4510945970184949,0.4333030233577807,1.369253681341725,-31.580054480222923,-51.14983613799291,-0.0519302196579107,60.113295323622765
2195,1791274420.0074549,-1.256358816964286,0.4223543626434949,0.6009543905452807,1.4553236286556825,-31.604809147841127,-51.14669207594609,-0.042042599908876856,60.123621307796455
2196,1791274420.062324,-1.232408621651786,0.3313436204559949,0.7111252889827807,1.4609307930800093,-31.67277734710815,-51.136258696119256,-0.013585787845992178,60.150494286327785
2197,1791274420.082324,-1.198878348214286,0.18764244858099494,0.6488547811702807,1.376056506606476,-31.697482696897175,-51.13224766891729,-0.0027291144215577327,60.16009614722751
2198,1791274420.062324,-1.227618582589286,0.16848229233099493,0.5482639608577807,1.355000752000934,-31.697482696897175,-51.13224766891729,-0.0027291144215577327,60.16009614722751
2199,1791274420.082324,-1.246778738839286,0.1205819017059949,0.5195237264827807,1.356061252679712,-31.722137685198547,-51.12846204727468,0.008242837071591949,60.16987384549401
2200,1791274420.10673,-1.146187918526786,0.1014217454559949,0.6057444296077806,1.300368958807062,-31.752091371623525,-51.12412902974117,0.021683282484243324,60.18199353366663
2201,1791274420.12673,-1.055177176339286,0.1205819017059949,0.7302854452327807,1.28889708666178,-31.776257674742936,-51.12077785857103,0.03304927586986155,60.19190620782549
2202,1791274420.1514754,-0.897105887276786,0.24033287826849492,0.5817942342952807,1.0959212546632722,-31.805296231946134,-51.116583662741924,0.047437802150391305,60.20368962195767
2203,1791274420.1714754,-0.954586356026786,0.38403405014349495,0.3662424764827807,1.0921770984425347,-31.82802308019826,-51.11276572616643,0.05874468607748517,60.21246817985249
2204,1791274420.1824095,-1.208458426339286,0.2115926438934949,0.39019267179528067,1.287397971205098,-31.840358077012716,-51.11050308108212,0.0646193196526999,60.21707484866868
2205,1791274420.2024095,-1.194088309151786,-0.1380802076690051,0.4045627889827807,1.2682996822645713,-31.86313992100864,-51.106874930046494,0.07494512923856425,60.22605721374748
2206,1791274420.2278695,-1.045597098214286,-0.2817813795440051,0.49078349210778066,1.1889249235243433,-31.892067723560125,-51.10375081058541,0.087827848312235,60.23873375433363
2207,1791274420.2478695,-0.935426199776786,-0.0949698561065051,0.5913743124202807,1.110749758581243,-31.91435473413137,-51.102229920789874,0.09805304631648273,60.249261865794985
2208,1791274420.2727225,-0.825255301339286,0.2594930345184949,0.49078349210778066,0.9946111720052819,-31.941177323915134,-51.10031680920238,0.11087055807732762,60.2618741752967
2209,1791274420.2927225,-0.686344168526786,0.1062117845184949,0.11237040617028066,0.7035455699698508,-31.961791952868346,-51.09845964276727,0.12054274350493513,60.27124731789584
2210,1791274420.3024006,-1.007276785714286,-0.08059973891900511,0.18901103117028067,1.0280214058358745,-31.97150050760787,-51.09767716098605,0.12473987433882332,60.27574152171482
2211,1791274420.3224006,-1.064757254464286,-0.1668204420440051,0.3279221639827807,1.1265300779159122,-31.99166198978009,-51.09667383282719,0.13288768832966952,60.285605021301535
2212,1791274420.362109,-0.916266043526786,-0.1620304029815051,0.13153056242028066,0.9397327294827899,-32.03158640138706,-51.095959968588026,0.14800631015258456,60.30623150528409
2213,1791274420.382109,-0.796515066964286,-0.2530411451690051,0.10279032804528067,0.8420403343006906,-32.05124804376822,-51.09627695514926,0.15483038842896993,60.316962724341934
2214,1791274420.39262,-0.7629847935267859,-0.2626212232940051,0.13153056242028066,0.8175671170785596,-32.0612607969175,-51.09682507660317,0.15806359672349318,60.32275657575299
2215,1791274420.41262,-0.8827357700892859,-0.3823721998565051,-0.007380570392219343,0.9620215235833044,-32.07992327245496,-51.098679057498494,0.1634789769390504,60.33426227247445
2216,1791274420.421802,-0.983326590401786,-0.5787638014190051,-0.07923115632971935,1.1437553485590894,-32.08849107228866,-51.10006442915736,0.16553259939064704,60.339997058351294
2217,1791274420.441802,-0.997696707589286,-0.6458243482940051,-0.007380570392219343,1.1885042204397898,-32.10732547021821,-51.10446625805996,0.16920486428394702,60.35375258140797
2218,1791274420.481914,-0.796515066964286,-0.6554044264190052,0.14590067960778066,1.0417668752560518,-32.14483135313357,-51.11588494899289,0.17588192754403603,60.38339847418754
2219,1791274420.501914,-0.695924246651786,-0.7128848951690052,0.011779585857780658,0.9963203247354538,-32.162965480304045,-51.1227767675056,0.1789482720728986,60.39889630938232
2220,1791274420.512233,-0.758194754464286,-0.8422159498565052,-0.19898213289221936,1.150556770046655,-32.17204371959375,-51.12700275826352,0.1801481603779054,60.407311324860544
2221,1791274420.532233,-0.834835379464286,-1.0960880201690053,-0.15108174226721935,1.3860680905387681,-32.189389169354776,-51.13687230200773,0.18159981596819702,60.424907632707054
2222,1791274420.541781,-0.791725027901786,-1.0865079420440051,-0.06965107820471934,1.3461720917571658,-32.197592522075865,-51.142440195116095,0.18203081476971172,60.433991168432584
2223,1791274420.561781,-0.657603934151786,-1.1823087232940053,-0.18940205476721936,1.366078324891751,-32.2143724634396,-51.15575696942165,0.18240962252711299,60.45420198462749
2224,1791274420.6024377,-0.614493582589286,-1.311639777981505,-0.2995729532047194,1.4791028444697767,-32.24724574684009,-51.18637193332437,0.18157315834219215,60.4976239100805
2225,1791274420.6224377,-0.662393973214286,-1.373910285794005,-0.05528096101721935,1.5262539873206424,-32.26290650676955,-51.20320140532073,0.1806911240426017,60.52020835804104
2226,1791274420.6320019,-0.600123465401786,-1.345170051419005,-0.050490921954719346,1.4738317319695267,-32.27017786831988,-51.21199263191779,0.18025672572110263,60.531521222184494
2227,1791274420.6520019,-0.552223074776786,-1.622992317044005,-0.17024189851721935,1.722799085648278,-32.284830993729834,-51.23207098886559,0.17915349800252395,60.55631681400139
2228,1791274420.6775873,-0.43247209821428595,-1.666102668606505,-0.20377217195471936,1.7333358924728721,-32.30265406263926,-51.26021527851635,0.17723617121092267,60.58962405025114
2229,1791274420.6975873,-0.537852957589286,-1.5559317701690052,-0.17024189851721935,1.6550503863688089,-32.31595191709184,-51.28374853056752,0.17540120112849808,60.61661799569187
2230,1791274420.7071471,-0.5043226841517859,-1.512821418606505,-0.23251240632971937,1.6115309595046248,-32.32210199666136,-51.2955102358016,0.17436689132678823,60.62984456228301
2231,1791274420.727147,-0.580963309151786,-1.670892707669005,-0.3091530313297194,1.7958219298979528,-32.33466639661679,-51.32120123362793,0.17171511681164903,60.658270937477056
2232,1791274420.7524333,-0.681554129464286,-1.771483527981505,-0.4193239297672194,1.9438370506230827,-32.3505632301899,-51.35533878049247,0.16748381814339458,60.69561609703791
2233,1791274420.7724333,-0.638443777901786,-1.828963996731505,-0.35226338289221937,1.9689614647849907,-32.36323071232957,-51.383690218073326,0.1634817239513637,60.72634559102386
2234,1791274420.797242,-0.5234828404017859,-1.809803840481505,-0.48638447664221934,1.945763111053155,-32.378748842463125,-51.4203535462946,0.15770161339441158,60.76562354841844
2235,1791274420.817242,-0.638443777901786,-1.905604621731505,-0.5821852578922194,2.09233819121408,-32.391125441599854,-51.4510499918931,0.15213797226630354,60.79818005996845
2236,1791274420.8273664,-0.844415457589286,-2.111576301419005,-0.37142353914221937,2.3042889113908918,-32.39757694454509,-51.46730872417037,0.1490198899182373,60.815368667092486
2237,1791274420.8473663,-0.648023856026786,-2.097206184231505,-0.2612526407047194,2.210534242990568,-32.41064833797903,-51.50092197461544,0.14283529578176657,60.850764102394734
2238,1791274420.8719406,-0.542642996651786,-2.034935676419005,-0.2708327188297194,2.1233876213651626,-32.426494687901794,-51.54364374924908,0.13539538580128854,60.89534547569726
2239,1791274420.8919406,-0.595333426339286,-2.0493057936065053,-0.28520283601721935,2.1530018072213335,-32.43916383145381,-51.57932415490604,0.12941455581440792,60.93228026660443
2240,1791274420.9181237,-0.7438246372767859,-2.054095832669005,-0.11276142976721935,2.187532838805229,-32.45589160296026,-51.62708673188095,0.12197768759124412,60.98160265785521
2241,1791274420.9381237,-0.7629847935267859,-2.0588858717315053,-0.03612080476721934,2.1960103689431305,-32.46901269607007,-51.66426712372507,0.1169258108319224,61.020053708059095
2242,1791274420.9475603,-0.628863699776786,-2.154686652981505,-0.16545185945471935,2.2506706652086206,-32.475260066331316,-51.682160687430965,0.11475706220311968,61.038524055555385
2243,1791274420.9675603,-0.5857533482142859,-2.2648575514190052,-0.4001637735172194,2.37335580113886,-32.48833658507419,-51.72102513036831,0.11000165370238771,61.07838042192243
2244,1791274420.9926214,-0.695924246651786,-2.303177863919005,-0.2612526407047194,2.4201635837685758,-32.504673394646765,-51.771005622008985,0.10369348433245973,61.12938383417124
2245,1791274421.0126214,-0.719874441964286,-2.303177863919005,-0.11755146882971935,2.4159192521406685,-32.51787901282111,-51.81181894863366,0.09884619094436908,61.17096377226641
2246,1791274421.0372808,-0.6049135044642859,-2.183426887356505,-0.34747334382971934,2.2921629621357176,-32.53416896993657,-51.86289011934094,0.09290606255726337,61.222872797931295
2247,1791274421.0572808,-0.686344168526786,-2.327128059231505,-0.4097438516422194,2.4605859760821036,-32.547336016750705,-51.9048639893972,0.0876751623036669,61.26541989147863
2248,1791274421.0823867,-0.657603934151786,-2.336708137356505,-0.15587178132971935,2.4324768992972805,-32.56391589111943,-51.958432031873706,0.08102874668483322,61.319604067806324
2249,1791274421.1023867,-0.5043226841517859,-2.3846085279815052,-0.06486103914221934,2.438217823712802,-32.57688550290471,-52.001786506713195,0.07619716309237518,61.36322249496684
2250,1791274421.1120138,-0.456422293526786,-2.4085587232940053,-0.24209248445471934,2.4633483725639294,-32.58288573879415,-52.022985913794294,0.07399867903590063,61.38437083051885
2251,1791274421.1320138,-0.513902762276786,-2.422928840481505,-0.13192158601721934,2.480339396125067,-32.59493671818299,-52.067668028717186,0.06955547395032256,61.42863169219227
2252,1791274421.15721,-0.542642996651786,-2.3414981764190053,0.20817118742028068,2.4125526678729163,-32.609838020887516,-52.124519069369676,0.06494158350984303,61.48472364230706
2253,1791274421.17721,-0.384571707589286,-2.432508918606505,0.3566623983577807,2.488413772623165,-32.62128276878387,-52.17003753986805,0.06267583555525341,61.52938188095635
2254,1791274421.232058,-0.25524065290178594,-2.2888077467315053,0.26086161710778066,2.3177224759819643,-32.65059286781721,-52.29556452338517,0.059934530410254205,61.65136556141667
2255,1791274421.252058,-0.365411551339286,-2.0157755201690053,0.15548075773278067,2.054519607010351,-32.66060843557249,-52.34092816007033,0.05970938284859118,61.695151099983796
2256,1791274421.232058,-0.509112723214286,-1.9918253248565052,-0.007380570392219343,2.0558741115393477,-32.66060843557249,-52.34092816007033,0.05970938284859118,61.695151099983796
2257,1791274421.252058,-0.518692801339286,-2.336708137356505,-0.16066182039221935,2.398970479576821,-32.670501407478916,-52.385305867781085,0.05948347794827861,61.738039095530155
2258,1791274421.276895,-0.595333426339286,-2.4756192701690054,-0.18940205476721936,2.553230463099451,-32.68301935532983,-52.441114121845956,0.05859292787375578,61.79201920679185
2259,1791274421.296895,-0.600123465401786,-2.398978645169005,-0.19898213289221936,2.4808951213046266,-32.69338059324543,-52.48662461715994,0.05740080484220537,61.83612369133316
2260,1791274421.3375106,-0.494742606026786,-2.327128059231505,-0.09839131257971935,2.3811711615656543,-32.714600922389494,-52.579579654966864,0.054437157161946616,61.92624866410279
2261,1791274421.3575106,-0.513902762276786,-2.073255988919005,-0.045700882892219345,2.1364866054720215,-32.724995836302874,-52.62508733791012,0.05298055940317906,61.9703798338237
2262,1791274421.352043,-0.662393973214286,-1.9582950514190052,0.06447001554528066,2.068294385977775,-32.724995836302874,-52.62508733791012,0.05298055940317906,61.9703798338237
2263,1791274421.372043,-0.695924246651786,-2.010985481106505,0.2943918905452807,2.148264356990974,-32.73604341389945,-52.66906077663163,0.052490390489559884,62.01355703981445
2264,1791274421.3975775,-0.48037248883928596,-1.9247647779815051,0.16506083585778067,1.9906587497926187,-32.75028521964586,-52.724319099476304,0.05283834465418328,62.06800946028656
2265,1791274421.4175775,-0.43247209821428595,-1.809803840481505,-0.026540726642219344,1.8609477335288516,-32.76113613694159,-52.76670983333267,0.05327777924726153,62.10974598354197
2266,1791274421.4421434,-0.595333426339286,-1.781063606106505,-0.14150166414221935,1.8832504290372536,-32.774358747578,-52.8175839925734,0.05342696347206399,62.15994389128672
2267,1791274421.4621434,-0.748614676339286,-1.8337540357940052,0.06926005460778066,1.9818866649194773,-32.78552490634971,-52.85821187070457,0.05342183881068224,62.200354174602836
2268,1791274421.472821,-0.676764090401786,-1.824173957669005,0.10758036710778066,1.9486389602186964,-32.79173354960707,-52.879578032128684,0.053561130281660124,62.22178421452642
2269,1791274421.492821,-0.533062918526786,-1.852914192044005,-0.13671162507971935,1.9329089856013193,-32.80343319429678,-52.919111154786776,0.05373920219118743,62.26154866887928
2270,1791274421.5325828,-0.46121233258928596,-2.0493057936065053,-0.13192158601721934,2.1047029140234823,-32.826169220328985,-52.997554224129026,0.05323902174271049,62.340203511174124
2271,1791274421.5525827,-0.47079241071428596,-1.987035285794005,-0.03133076570471934,2.0422870361083616,-32.83728791913521,-53.037146736831424,0.052780293385787276,62.379717838635194
2272,1791274421.5626361,-0.46121233258928596,-1.9103946607940052,0.021359663982780656,1.965395840783263,-32.84274133873413,-53.05700210028177,0.052576774379034935,62.399470308885675
2273,1791274421.582636,-0.456422293526786,-1.9199747389190052,0.006989546795280657,1.9734926303079414,-32.85333935416257,-53.09632245777232,0.052275153774199876,62.43848250839546
2274,1791274421.6068623,-0.427682059151786,-1.9678751295440051,-0.012170609454719344,2.013850191283514,-32.86585760513262,-53.143871332157254,0.051955187171679226,62.4855051642476
2275,1791274421.6268623,-0.49953264508928596,-1.9966153639190052,0.07884013273278066,2.0596653955137088,-32.87603272398429,-53.18318402436804,0.05183066462564052,62.5242934950574
2276,1791274421.636914,-0.542642996651786,-1.982245246731505,0.05967997648278066,2.0560445859946377,-32.881165197625876,-53.20297794162618,0.051881896218430146,62.543829258703695
2277,1791274421.656914,-0.475582449776786,-1.9630850904815051,-0.14150166414221935,2.0248220810632933,-32.89137283038527,-53.242372394050996,0.05184580923529331,62.58270777780508
2278,1791274421.7126472,-0.37978166852678596,-1.982245246731505,-0.20377217195471936,2.0285594474902084,-32.919126690460104,-53.35217603513158,0.05031709003542129,62.690717985645854
2279,1791274421.7326472,-0.33188127790178595,-2.001405402981505,-0.22293232820471937,2.0409477192383103,-32.928659786741136,-53.3916442886671,0.04921073732907832,62.72931321874304
2280,1791274421.7126472,-0.518692801339286,-1.9247647779815051,-0.03133076570471934,1.9936758235979672,-32.928659786741136,-53.3916442886671,0.04921073732907832,62.72931321874304
2281,1791274421.7326472,-0.509112723214286,-1.824173957669005,-0.05528096101721935,1.894693214593712,-32.93817363653751,-53.43078936679385,0.047957294896994476,62.76762569009218
2282,1791274421.7567227,-0.537852957589286,-1.867284309231505,-0.10318135164221935,1.9459401036045372,-32.94979877076738,-53.47750853496612,0.04638863042519688,62.813496241225664
2283,1791274421.7767227,-0.542642996651786,-1.9678751295440051,-0.10797139070471935,2.0441750826442866,-32.959628149600945,-53.516250192386345,0.04496425020059136,62.851635970735515
2284,1791274421.8326468,-0.580963309151786,-1.891234504544005,-0.007380570392219343,1.9784693049369546,-32.987703175482245,-53.6245168958385,0.04109498979717586,62.95855034785963
2285,1791274421.8526468,-0.628863699776786,-1.8002237623565052,0.04051982023278066,1.9073324312457058,-32.998052237145885,-53.66296528553532,0.039968510302115,62.996721281061866
2286,1791274421.8326468,-0.638443777901786,-1.7906436842315052,-0.03133076570471934,1.901314513251116,-32.998052237145885,-53.66296528553532,0.039968510302115,62.996721281061866
2287,1791274421.8526468,-0.710294363839286,-1.900814582669005,-0.05528096101721935,2.0299433848361357,-33.009168354974165,-53.700859780839096,0.03903642743409968,63.03482418894366
2288,1791274421.8775806,-0.7438246372767859,-1.9199747389190052,-0.0025905313297193435,2.0590252062467846,-33.023667228353204,-53.74816114245265,0.03794048848441549,63.08271445399867
2289,1791274421.8975806,-0.671974051339286,-1.852914192044005,0.14590067960778066,1.976392455222756,-33.035676319450054,-53.78607074504811,0.03740823754731031,63.121301598200816
2290,1791274421.9524322,-0.537852957589286,-1.7619034498565052,0.03093974210778066,1.842429601978185,-33.06864888540025,-53.889316191357054,0.03689495584735447,63.22653952191048
2291,1791274421.9724321,-0.5043226841517859,-1.824173957669005,-0.14150166414221935,1.897886908786422,-33.08043124365481,-53.926693878311674,0.036570033143065346,63.264560231448975
2292,1791274421.9669507,-0.5857533482142859,-2.010985481106505,-0.07444111726721934,2.0958795457051913,-33.08043124365481,-53.926693878311674,0.036570033143065346,63.264560231448975
2293,1791274421.9869506,-0.633653738839286,-2.010985481106505,0.03572978117028066,2.108757046989682,-33.09216295199573,-53.96462203144737,0.036001882756723357,63.30302501440176
2294,1791274421.9970064,-0.600123465401786,-1.939134895169005,-0.050490921954719346,2.030502806840659,-33.09810723924946,-53.98381054275938,0.03574793910605789,63.32249032889141
2295,1791274422.0170064,-0.633653738839286,-1.9199747389190052,-0.16545185945471935,2.028594187270863,-33.11000712700242,-54.02203869100721,0.034994716152168696,63.36130097238368
2296,1791274422.0420804,-0.5665931919642859,-1.929554817044005,-0.16066182039221935,2.0174295174032086,-33.12494532240071,-54.07001560751369,0.03357877374182867,63.41001275778816
2297,1791274422.0620804,-0.681554129464286,-1.9678751295440051,0.11716044523278066,2.085851175610283,-33.136945523876236,-54.10838972947039,0.032553523611861895,63.44900359738124
2298,1791274422.102746,-0.691134207589286,-1.8385440748565052,0.10279032804528067,1.9668443404676663,-33.161871953735265,-54.18632065210152,0.03145242596959713,63.528482482610876
2299,1791274422.122746,-0.595333426339286,-1.8864444654815051,-0.045700882892219345,1.9786821828074876,-33.17422197487256,-54.22448661255436,0.031077753805242362,63.56748318016049
2300,1791274422.117277,-0.47079241071428596,-1.9582950514190052,-0.14629170320471935,2.019397500450288,-33.17422197487256,-54.22448661255436,0.031077753805242362,63.56748318016049
2301,1791274422.137277,-0.509112723214286,-1.977455207669005,-0.06007100007971935,2.0428248550295525,-33.185974030589286,-54.26286717694912,0.030252719092950457,63.606356143464005
2302,1791274422.1773548,-0.609703543526786,-1.9199747389190052,0.03093974210778066,2.014695678438289,-33.20935445242645,-54.33995637535825,0.028759862363794957,63.68432231838867
2303,1791274422.1973548,-0.561803152901786,-1.824173957669005,0.0021995077327806568,1.9087268658146075,-33.22102906043026,-54.37827176926518,0.02817634129302631,63.723104180134094
2304,1791274422.2227068,-0.47079241071428596,-1.8481241529815051,-0.045700882892219345,1.9076941446460707,-33.235571373453624,-54.42653762284851,0.02746490653239318,63.771874336986244
2305,1791274422.2427068,-0.494742606026786,-1.943924934231505,-0.07444111726721934,2.007275734941547,-33.24677113696832,-54.46459073877832,0.026807635529954733,63.81018848135374
2306,1791274422.237338,-0.5857533482142859,-1.8720743482940052,-0.016960648517219346,1.9616465058931478,-33.24677113696832,-54.46459073877832,0.026807635529954733,63.81018848135374
2307,1791274422.257338,-0.5857533482142859,-1.857704231106505,-0.012170609454719344,1.947901465410855,-33.25799785550432,-54.502544172016435,0.02617252324517107,63.84843324295676
2308,1791274422.2823498,-0.557013113839286,-1.896024543606505,-0.06965107820471934,1.9773780497523161,-33.272075571542686,-54.54993028854521,0.025343909946256737,63.8962170213336
2309,1791274422.3023498,-0.533062918526786,-1.929554817044005,-0.09839131257971935,2.004250163397069,-33.28327901402372,-54.58787600725166,0.0245286554224345,63.93444666659257
2310,1791274422.3275254,-0.580963309151786,-1.852914192044005,-0.007380570392219343,1.9418712219089083,-33.29736974930126,-54.635618451347085,0.023456648334257507,63.98254594807253
2311,1791274422.3475254,-0.600123465401786,-1.7954337232940052,0.021359663982780656,1.8931948298346581,-33.308656247051786,-54.67332939315385,0.022753736539007016,64.02062203422496
2312,1791274422.3580236,-0.614493582589286,-1.7954337232940052,-0.03612080476721934,1.8980224788768498,-33.314648383693594,-54.692982515113606,0.02242849057595398,64.04052339234002
2313,1791274422.3780236,-0.595333426339286,-1.891234504544005,-0.06007100007971935,1.9836326183911324,-33.326166252360366,-54.730337019265065,0.021757528797667,64.07841774507513
2314,1791274422.4023654,-0.561803152901786,-2.006195442044005,-0.09839131257971935,2.0856950363559115,-33.34019432561068,-54.77609660581658,0.02077410517589556,64.12479823440133
2315,1791274422.4223654,-0.48037248883928596,-1.9103946607940052,-0.08402119539221935,1.9716554083558895,-33.35155459542572,-54.81392933306042,0.01981367753410754,64.16302233719372
2316,1791274422.47707,-0.47079241071428596,-1.819383918606505,-0.06486103914221934,1.8804282202915217,-33.38186914760192,-54.917191274141885,0.01696988931107986,64.26700065512196
2317,1791274422.49707,-0.46121233258928596,-1.896024543606505,-0.09839131257971935,1.953792910234313,-33.39268768241537,-54.954853990107516,0.015841277377839146,64.30480400930743
2318,1791274422.4780655,-0.494742606026786,-1.982245246731505,-0.045700882892219345,2.043564296787588,-33.39268768241537,-54.954853990107516,0.015841277377839146,64.30480400930743
2319,1791274422.4980655,-0.513902762276786,-1.9247647779815051,-0.021750687579719343,1.9923073538096712,-33.40323588181202,-54.99287060110769,0.014740960622835053,64.34277116834546
2320,1791274422.5226228,-0.437262137276786,-1.857704231106505,-0.09839131257971935,1.9110060275566987,-33.415996772624865,-55.039514655961504,0.013371295020645567,64.38926302314236
2321,1791274422.5426228,-0.418101981026786,-1.8433341139190051,-0.11276142976721935,1.8935165861748438,-33.42611362573317,-55.07735585301964,0.012106406449572671,64.4268604422539
2322,1791274422.5679972,-0.485162527901786,-1.7906436842315052,0.03093974210778066,1.855463486571462,-33.4387427627934,-55.12508006698645,0.010586620166759224,64.47421253512493
2323,1791274422.5879972,-0.528272879464286,-1.7523233717315052,0.06926005460778066,1.8315311598381916,-33.448724001976046,-55.1623680946506,0.00971871517361949,64.51127099680737
2324,1791274422.5968227,-0.614493582589286,-1.8050138014190051,-0.03612080476721934,1.9070872814041666,-33.45322423824761,-55.1787089622432,0.009415111692714402,64.52757723112455
2325,1791274422.6168227,-0.533062918526786,-1.8002237623565052,-0.15587178132971935,1.883947367066343,-33.46361404251674,-55.21559301398916,0.008542314233924684,64.56450456438232
2326,1791274422.656527,-0.580963309151786,-1.809803840481505,0.03572978117028066,1.9011009770300669,-33.48446353957341,-55.28858249357676,0.006711763210142635,64.63773431773292
2327,1791274422.676527,-0.628863699776786,-1.7619034498565052,0.16985087492028067,1.8784628394579401,-33.495205294026285,-55.32519155759341,0.006236356832098967,64.67461354709063
2328,1791274422.7620974,-0.638443777901786,-1.670892707669005,0.01656962492028066,1.788789381272419,-33.54240358580001,-55.48036021861385,0.005703830998724075,64.8318073235162
2329,1791274422.7820973,-0.5857533482142859,-1.670892707669005,-0.10797139070471935,1.773879152224417,-33.553616612823234,-55.51619975163522,0.005460933283283693,64.868279247145
2330,1791274422.77713,-0.590543387276786,-1.781063606106505,0.021359663982780656,1.8765354503709502,-33.553616612823234,-55.51619975163522,0.005460933283283693,64.868279247145
2331,1791274422.7971299,-0.6049135044642859,-1.742743293606505,0.06447001554528066,1.8458686080537048,-33.565010985382465,-55.55178075965459,0.005303754234133504,64.90462492109006
2332,1791274422.77713,-0.595333426339286,-1.699632942044005,0.01656962492028066,1.8009576837527397,-33.565010985382465,-55.55178075965459,0.005303754234133504,64.90462492109006
2333,1791274422.7971299,-0.628863699776786,-1.6373624342315052,-0.007380570392219343,1.7539896712206666,-33.576610026871805,-55.58688255175414,0.005307301382824212,64.94066738867552
2334,1791274422.8222322,-0.633653738839286,-1.690052863919005,0.0021995077327806568,1.8049378331178345,-33.59136140206291,-55.63059542264625,0.005301331391545264,64.98571178363954
2335,1791274422.8422322,-0.6049135044642859,-1.7187930982940052,0.021359663982780656,1.8222585705304906,-33.60320926683122,-55.665312181964325,0.005332627081755028,65.02155551648168
2336,1791274422.8819947,-0.542642996651786,-1.747533332669005,-0.021750687579719343,1.8299746618504475,-33.62665329350048,-55.734317536523164,0.00538434780502284,65.09274915053506
2337,1791274422.9019947,-0.600123465401786,-1.7187930982940052,-0.007380570392219343,1.8205637482077548,-33.6383906569975,-55.769019441802946,0.005362763541303447,65.12852588729615
2338,1791274422.8829901,-0.652813895089286,-1.771483527981505,0.01656962492028066,1.8880133537667163,-33.6383906569975,-55.769019441802946,0.005362763541303447,65.12852588729615
2339,1791274422.90299,-0.652813895089286,-1.7619034498565052,0.026149703045280658,1.8791363854726606,-33.650426835552786,-55.80384174223435,0.005422963874954026,65.1645609884373
2340,1791274422.927089,-0.619283621651786,-1.7140030592315052,0.021359663982780656,1.8225737094412857,-33.66505353551307,-55.845789257018104,0.005570490408072586,65.20803660837062
2341,1791274422.947089,-0.676764090401786,-1.699632942044005,0.05488993742028066,1.8302389671757402,-33.67731566702039,-55.88050059477107,0.005788933827356279,65.24409529428776
2342,1791274422.9718843,-0.710294363839286,-1.704422981106505,0.03572978117028066,1.846849316833487,-33.692816952507286,-55.92340977942912,0.006187650410298206,65.28884831148524
2343,1791274422.9918842,-0.662393973214286,-1.7283731764190051,-0.021750687579719343,1.8510841972005272,-33.705503870905844,-55.95797807744418,0.006481984432134563,65.32500550113635
2344,1791274423.0014787,-0.619283621651786,-1.709213020169005,-0.016960648517219346,1.818023381576686,-33.711599414328376,-55.974547417371085,0.006574147261431347,65.34234413357912
2345,1791274423.0214787,-0.595333426339286,-1.622992317044005,0.011779585857780658,1.728775493909988,-33.72422177408082,-56.0089042341468,0.006729675099177389,65.37828793311844
2346,1791274423.062075,-0.667184012276786,-1.656522590481505,0.06926005460778066,1.787176139662115,-33.74984367336109,-56.07816669733947,0.007244756723061104,65.45084247431355
2347,1791274423.0820749,-0.719874441964286,-1.7283731764190051,0.011779585857780658,1.8723332523354634,-33.76265362217848,-56.11224821378756,0.007582010373657501,65.48664930124146
2348,1791274423.0922256,-0.691134207589286,-1.7140030592315052,-0.0025905313297193435,1.8481016451503958,-33.76925408577445,-56.12957179604271,0.00773449855384452,65.50489608677489
2349,1791274423.1122255,-0.657603934151786,-1.6804727857940052,0.03093974210778066,1.8048238101398892,-33.78233141339073,-56.16367642610291,0.008032404125363624,65.54086152881781
2350,1791274423.1220427,-0.7246644810267859,-1.7283731764190051,0.026149703045280658,1.8743255464288744,-33.78880538497853,-56.180415717182164,0.008198732773393676,65.55854289654845
2351,1791274423.1420426,-0.782144949776786,-1.7666934889190051,0.011779585857780658,1.9321219849929554,-33.80227635672059,-56.214645181855815,0.00854365240106565,65.59481910038363
2352,1791274423.1667058,-0.7629847935267859,-1.776273567044005,0.011779585857780658,1.9332439935960817,-33.81925454928998,-56.257077646671895,0.008948771175864232,65.63993330049816
2353,1791274423.1867058,-0.719874441964286,-1.694842902981505,0.03572978117028066,1.841735131674108,-33.83318165164955,-56.29153238332651,0.009299277504727557,65.67663880873606
2354,1791274423.2119508,-0.7055043247767859,-1.6756827467315052,0.06447001554528066,1.8192870589538086,-33.85082297056467,-56.33488092151131,0.009865055182439523,65.72288126326083
2355,1791274423.2319508,-0.758194754464286,-1.699632942044005,0.05488993742028066,1.861887302875317,-33.86489820473891,-56.36913485355405,0.01042509038272176,65.75949211511598
2356,1791274423.2420034,-0.715084402901786,-1.747533332669005,0.011779585857780658,1.8882153507229051,-33.87202247902053,-56.38636847587892,0.010714625015497132,65.77793377356917
2357,1791274423.2620034,-0.667184012276786,-1.733163215481505,-0.0025905313297193435,1.857147260878499,-33.88614366549106,-56.42073311443158,0.01121803757746183,65.81466389439805
2358,1791274423.301791,-0.633653738839286,-1.7283731764190051,0.021359663982780656,1.8409908019746282,-33.913903976008356,-56.48917219383612,0.012125302269412748,65.88762861920088
2359,1791274423.321791,-0.715084402901786,-1.7140030592315052,0.04530985929528066,1.8577419556218568,-33.92778820506748,-56.523577659310206,0.012612952656288428,65.9242732457671
2360,1791274423.3322835,-0.7246644810267859,-1.6804727857940052,0.03572978117028066,1.8304108858719568,-33.935112659129814,-56.54159149508777,0.012894186237560655,65.94348797451688
2361,1791274423.3522835,-0.686344168526786,-1.7283731764190051,0.026149703045280658,1.8598456822018334,-33.94909620365727,-56.57589066053467,0.01344265822293704,65.98009334475825
2362,1791274423.3918157,-0.667184012276786,-1.7140030592315052,0.011779585857780658,1.8393150224841013,-33.97660332321028,-56.64372370440706,0.014476613745955524,66.05241265886005
2363,1791274423.4118156,-0.671974051339286,-1.733163215481505,-0.0025905313297193435,1.8588734674592817,-33.99044091609583,-56.678064621438054,0.014935028121268868,66.08898021574834
2364,1791274423.4065363,-0.729454520089286,-1.733163215481505,0.026149703045280658,1.8805962978125415,-33.99044091609583,-56.678064621438054,0.014935028121268868,66.08898021574834
2365,1791274423.4265363,-0.7629847935267859,-1.742743293606505,0.021359663982780656,1.9025656934279611,-34.00446405351563,-56.712509350768904,0.015367534405303081,66.12573272629197
2366,1791274423.4516144,-0.676764090401786,-1.7906436842315052,0.0021995077327806568,1.9142672947553072,-34.02211813066766,-56.75586696656533,0.015872818971662907,66.17199716775933
2367,1791274423.4716144,-0.6240736607142859,-1.824173957669005,0.006989546795280657,1.9279853255664405,-34.036036780295646,-56.790680568899056,0.016229126245815594,66.20901345415824
2368,1791274423.4973958,-0.609703543526786,-1.7523233717315052,0.006989546795280657,1.8553771756357234,-34.053673224481976,-56.83574172105715,0.016646565816097234,66.25673153854385
2369,1791274423.5173957,-0.686344168526786,-1.699632942044005,0.04530985929528066,1.8335412290704685,-34.06724658298749,-56.87063250802206,0.01700027018332379,66.29363785928297
2370,1791274423.541819,-0.671974051339286,-1.709213020169005,-0.007380570392219343,1.8365763656346825,-34.083823747499956,-56.913093090059185,0.01743689018551629,66.33858236632378
2371,1791274423.561819,-0.662393973214286,-1.7906436842315052,-0.007380570392219343,1.9092472475947428,-34.09736390322689,-56.94789773814824,0.017718659698008666,66.37539902625498
2372,1791274423.5871058,-0.628863699776786,-1.742743293606505,-0.0025905313297193435,1.8527359367054892,-34.114364172237515,-56.99200283110887,0.01800256287923763,66.42197342498515
2373,1791274423.6071057,-0.609703543526786,-1.666102668606505,0.026149703045280658,1.774350675682852,-34.127651135806374,-57.02676751752051,0.018228766933313784,66.4586271136606
2374,1791274423.6469235,-0.671974051339286,-1.651732551419005,0.04530985929528066,1.7837663889758177,-34.15396363302158,-57.09550652498285,0.018824964921924002,66.53112393135581
2375,1791274423.6669235,-0.695924246651786,-1.694842902981505,-0.007380570392219343,1.8321728891357238,-34.167249447065295,-57.12987410518081,0.019136402085184384,66.5674381079344
2376,1791274423.6915193,-0.662393973214286,-1.737953254544005,-0.012170609454719344,1.8599450030754154,-34.18364303493412,-57.172131630051894,0.019425887854001907,66.61211949509563
2377,1791274423.7115192,-0.571383231026786,-1.7140030592315052,-0.007380570392219343,1.806748393266999,-34.196824553700836,-57.20651694720431,0.019596646732123423,66.64839664099905
2378,1791274423.6926053,-0.576173270089286,-1.704422981106505,0.04530985929528066,1.7997461818375182,-34.196824553700836,-57.20651694720431,0.019596646732123423,66.64839664099905
2379,1791274423.7126052,-0.719874441964286,-1.7283731764190051,0.04051982023278066,1.872734606128111,-34.209755403867426,-57.24086801721741,0.01989712421530983,66.68451643412054
2380,1791274423.7373626,-0.715084402901786,-1.771483527981505,-0.03133076570471934,1.910623251733017,-34.22602555068126,-57.28351041289762,0.020230345853536405,66.72946725013867
2381,1791274423.7573626,-0.614493582589286,-1.771483527981505,0.0021995077327806568,1.8750362905254614,-34.239192025785265,-57.318105819540285,0.020415460023203262,66.7659190164385
2382,1791274423.781924,-0.5234828404017859,-1.7187930982940052,-0.0025905313297193435,1.7967444753750594,-34.25503226441196,-57.3606480628605,0.02060797312616907,66.81056508005155
2383,1791274423.801924,-0.528272879464286,-1.737953254544005,0.0021995077327806568,1.8164687137387898,-34.267573593305464,-57.39527845719872,0.020740633024306693,66.8467278131536
2384,1791274423.8422825,-0.671974051339286,-1.7235831373565051,0.04051982023278066,1.850386395563025,-34.292717995230184,-57.46515557793872,0.02109748329105062,66.91961639310918
2385,1791274423.8622825,-0.7055043247767859,-1.747533332669005,0.04051982023278066,1.8850068851067054,-34.30537563432677,-57.49979616227832,0.021369356503437437,66.95584972775131
2386,1791274423.8873034,-0.638443777901786,-1.7235831373565051,0.006989546795280657,1.8380419316994925,-34.32135760144209,-57.543146264331234,0.02174761715223031,67.00126672357125
2387,1791274423.9073033,-0.633653738839286,-1.7283731764190051,-0.0025905313297193435,1.8408687103001935,-34.334124422341496,-57.57777768532783,0.02201121845027777,67.03754968317085
2388,1791274423.8873034,-0.676764090401786,-1.6804727857940052,0.011779585857780658,1.811666960700725,-34.334124422341496,-57.57777768532783,0.02201121845027777,67.03754968317085
2389,1791274423.9073033,-0.6432338169642859,-1.733163215481505,-0.040910843829719344,1.8491290306323933,-34.346999226552995,-57.612265610573424,0.022169689576181737,67.07376533449744
2390,1791274423.9468772,-0.667184012276786,-1.742743293606505,-0.007380570392219343,1.8661037394709636,-34.37254264219349,-57.68058724014978,0.02229289000581519,67.14553096841877
2391,1791274423.9668772,-0.6432338169642859,-1.737953254544005,0.01656962492028066,1.8532419730668044,-34.38548109424449,-57.71515758255538,0.02235959746851409,67.18185190074358
2392,1791274423.992011,-0.648023856026786,-1.742743293606505,0.03572978117028066,1.859668175415375,-34.40173588431038,-57.75864650903134,0.022529440084180546,67.22753294584561
2393,1791274424.012011,-0.710294363839286,-1.7140030592315052,0.01656962492028066,1.855424243354283,-34.41476774326692,-57.79324657987032,0.02272276693947424,67.26392870914421
2394,1791274424.0221264,-0.671974051339286,-1.747533332669005,-0.007380570392219343,1.8722917366911298,-34.421418858436795,-57.810747406245675,0.02281285029287173,67.28236851005491
2395,1791274424.0421264,-0.614493582589286,-1.737953254544005,0.0021995077327806568,1.8433905489227673,-34.434526466692084,-57.8453876370123,0.022956473392593824,67.31883845448615
2396,1791274424.066565,-0.557013113839286,-1.7666934889190051,-0.0025905313297193435,1.8524244123932059,-34.4502878338835,-57.887790101451614,0.023104929716913646,67.3633365303777
2397,1791274424.086565,-0.609703543526786,-1.737953254544005,0.021359663982780656,1.841921866207868,-34.46300182377846,-57.92254305361875,0.023236352523982352,67.3997034743637
2398,1791274424.127075,-0.695924246651786,-1.7283731764190051,0.03093974210778066,1.8634756938807313,-34.488857988029075,-57.99290786026245,0.02362151819354079,67.47339657512025
2399,1791274424.147075,-0.700714285714286,-1.733163215481505,0.021359663982780656,1.8695752129689056,-34.50180347537375,-58.02762872982394,0.02386160188514167,67.50985637990682
2400,1791274424.1571362,-0.614493582589286,-1.7619034498565052,-0.021750687579719343,1.8661134001099344,-34.5083314682417,-58.04511287616657,0.023963967598701057,67.52822109163473
2401,1791274424.1771362,-0.561803152901786,-1.7235831373565051,-0.026540726642219344,1.8130267577067851,-34.521125914701635,-58.07988313506807,0.02406449245902057,67.56464710558065
2402,1791274424.2168653,-0.6240736607142859,-1.670892707669005,0.03572978117028066,1.783991869880932,-34.546262736622346,-58.14870680456208,0.02426160807158573,67.63665397353932
2403,1791274424.2368653,-0.734244559151786,-1.656522590481505,0.04051982023278066,1.812408348372754,-34.55905619107177,-58.183147387380686,0.02446032760954523,67.67279810253856
2404,1791274424.2178733,-0.7055043247767859,-1.709213020169005,-0.021750687579719343,1.849221077373982,-34.55905619107177,-58.183147387380686,0.02446032760954523,67.67279810253856
2405,1791274424.2378733,-0.5665931919642859,-1.7619034498565052,-0.016960648517219346,1.850842855402548,-34.57204328444321,-58.217528687017754,0.024569766148263183,67.70899073947683
2406,1791274424.262083,-0.518692801339286,-1.709213020169005,0.01656962492028066,1.786260317799857,-34.5873764841984,-58.259206727788026,0.02468165909106204,67.7526559611881
2407,1791274424.282083,-0.700714285714286,-1.661312629544005,0.06926005460778066,1.8043716686012257,-34.599972506367294,-58.293528669707435,0.024888974277186875,67.78859934877262
2408,1791274424.307327,-0.719874441964286,-1.7619034498565052,-0.016960648517219346,1.9033682361560442,-34.61617601264033,-58.33683285749293,0.02521041516770146,67.83410900974668
2409,1791274424.327327,-0.6240736607142859,-1.819383918606505,-0.026540726642219344,1.923624232393632,-34.62910380778929,-58.37136698279815,0.02536163006833951,67.87040560644547
2410,1791274424.3368704,-0.533062918526786,-1.737953254544005,-0.0025905313297193435,1.8178680647783447,-34.63517549370615,-58.38792006206543,0.025402111295400626,67.8877399529637
2411,1791274424.3568704,-0.571383231026786,-1.690052863919005,0.01656962492028066,1.7841053870243875,-34.64764784107721,-58.42254857244263,0.025495190363007694,67.92388631860999
2412,1791274424.3829687,-0.676764090401786,-1.704422981106505,0.03572978117028066,1.8342148047172169,-34.663924963360714,-58.46760195197259,0.025700800728157617,67.97094108816627
2413,1791274424.4029686,-0.700714285714286,-1.7619034498565052,0.026149703045280658,1.8963090686356199,-34.676593836247136,-58.502148487982886,0.025927551171480552,68.0071188187822
2414,1791274424.4121823,-0.628863699776786,-1.8002237623565052,-0.012170609454719344,1.9069408148090117,-34.6824735127386,-58.5181378147329,0.026026002493331632,68.02387154241292
2415,1791274424.4321823,-0.609703543526786,-1.7666934889190051,-0.0025905313297193435,1.8689438208866782,-34.695179832807035,-58.55298976563899,0.026185511325902078,68.06033205771809
2416,1791274424.5176985,-0.681554129464286,-1.6852628248565051,0.03572978117028066,1.8182143541110944,-34.74964198355643,-58.701797047607236,0.026977782757885413,68.21612215894847
2417,1791274424.5376985,-0.676764090401786,-1.661312629544005,-0.0025905313297193435,1.7938717897309002,-34.76250612715556,-58.73639868063388,0.027184989220023874,68.25245124707637
2418,1791274424.5187,-0.652813895089286,-1.742743293606505,-0.0025905313297193435,1.8610015797641508,-34.76250612715556,-58.73639868063388,0.027184989220023874,68.25245124707637
2419,1791274424.5386999,-0.619283621651786,-1.742743293606505,0.006989546795280657,1.8495175709414076,-34.775403825676115,-58.770966752553335,0.02733468855723346,68.28876914583961
2420,1791274424.5475063,-0.648023856026786,-1.699632942044005,0.03093974210778066,1.8192427884432252,-34.78106815207393,-58.78617836278924,0.027415769035119095,68.30474522260714
2421,1791274424.5675063,-0.719874441964286,-1.704422981106505,0.011779585857780658,1.8502474616548885,-34.794054400238295,-58.820648899280975,0.02763636553432274,68.34102517747247
2422,1791274424.5916765,-0.671974051339286,-1.781063606106505,-0.03612080476721934,1.9039541505003403,-34.80991739028844,-58.862376522440904,0.02781884465492351,68.38501657875375
2423,1791274424.6116765,-0.580963309151786,-1.8385440748565052,-0.03133076570471934,1.9284045993126546,-34.82295396397216,-58.89715488256031,0.02784601334186828,68.42158834342916
2424,1791274424.6822252,-0.5857533482142859,-1.704422981106505,-0.0025905313297193435,1.8022684024086986,-34.868215140068976,-59.02017813199025,0.027747990973429306,68.55052606462621
2425,1791274424.7022252,-0.609703543526786,-1.737953254544005,0.050099898357780656,1.8424792877491671,-34.880914810502446,-59.054986335293975,0.027795634719853475,68.58695504012842
2426,1791274424.6832256,-0.533062918526786,-1.747533332669005,-0.0025905313297193435,1.8270291554187372,-34.880914810502446,-59.054986335293975,0.027795634719853475,68.58695504012842
2427,1791274424.7032256,-0.47079241071428596,-1.747533332669005,0.06447001554528066,1.8109871964428177,-34.893053129798055,-59.08982184833976,0.027983450849641454,68.6231228221287
2428,1791274424.712291,-0.446842215401786,-1.670892707669005,0.13153056242028066,1.7346039014303036,-34.89835367815608,-59.10556745713885,0.02818907416104665,68.63937637027279
2429,1791274424.732291,-0.7629847935267859,-1.6038321607940051,0.13632060148278066,1.781293547268082,-34.91010833566239,-59.140006686977436,0.028976448176091067,68.67500924337739
2430,1791274424.8021028,-0.973746512276786,-1.6421524732940052,0.03572978117028066,1.9094825563432885,-34.9540777939854,-59.25918366909292,0.03221342727844924,68.79999593939064
2431,1791274424.8221028,-0.849205496651786,-1.670892707669005,0.16027079679528067,1.8811483578895258,-34.9675192897425,-59.293174202144954,0.03329566961956671,68.836102597736
2432,1791274424.8026135,-0.590543387276786,-1.742743293606505,0.3470823202327807,1.87252818848875,-34.9675192897425,-59.293174202144954,0.03329566961956671,68.836102597736
2433,1791274424.8226135,-0.537852957589286,-1.7666934889190051,0.14590067960778066,1.8525060583129982,-34.980759041406486,-59.327348894179416,0.03546393811286958,68.8722664620204
2434,1791274424.816941,-0.571383231026786,-1.618202277981505,-0.17024189851721935,1.7245404353548481,-34.980759041406486,-59.327348894179416,0.03546393811286958,68.8722664620204
2435,1791274424.836941,-0.681554129464286,-1.4792911451690052,0.4333030233577807,1.6853990131764764,-34.99361844102384,-59.36100208286503,0.03739406838571759,68.90778837108488
2436,1791274424.8613913,-0.614493582589286,-1.4745011061065052,0.9362571249202807,1.8515758906717037,-35.00935779937258,-59.40138900149598,0.04191120365682724,68.95057581616362
2437,1791274424.8813913,-0.657603934151786,-1.9918253248565052,0.5195237264827807,2.1609525587874865,-35.02220931930844,-59.434668996537916,0.04723557949731205,68.9857757478558
2438,1791274425.012063,-0.767774832589286,-2.360658332669005,-0.25167256257971937,2.4951002055854503,-35.107550186414635,-59.66214724954888,0.07942983277474651,69.22512696714114
2439,1791274425.032063,-0.916266043526786,-2.5810001295440053,-0.35226338289221937,2.761375494595596,-35.12117882466785,-59.69915393796191,0.08271230117351304,69.26393740084039
2440,1791274425.0130606,-0.8635756138392859,-2.5139395826690056,-0.17024189851721935,2.6635760492500795,-35.12117882466785,-59.69915393796191,0.08271230117351304,69.26393740084039
2441,1791274425.0330606,-0.695924246651786,-2.5570499342315056,-0.2995729532047194,2.666938109053714,-35.135634059314626,-59.73999378929952,0.08371296938764979,69.30646900944282
2442,1791274425.0130606,-0.686344168526786,-2.7342813795440053,-0.36663350007971934,2.8428477102322067,-35.135634059314626,-59.73999378929952,0.08371296938764979,69.30646900944282
2443,1791274425.0330606,-0.772564871651786,-2.5953702467315054,-0.2708327188297194,2.721424913555065,-35.15002871836881,-59.784241492697376,0.08263034133802809,69.35190608435084
2444,1791274425.0275865,-0.5474330357142859,-2.442088996731505,-0.3091530313297194,2.52171711207439,-35.15002871836881,-59.784241492697376,0.08263034133802809,69.35190608435084
2445,1791274425.0475864,-0.35104143415178596,-2.5666300123565056,-0.29478291414221935,2.6072431177952464,-35.16345956568183,-59.830146284161124,0.08020275839167734,69.39828330365178
2446,1791274425.0576394,-0.39894182477678597,-2.4804093092315056,-0.16066182039221935,2.5174187457414168,-35.16976335232493,-59.85356439346811,0.07882218364655755,69.421665478424
2447,1791274425.0776393,-0.580963309151786,-2.207377082669005,0.01656962492028066,2.282609582066745,-35.18189322355092,-59.90019724718074,0.07627142539799645,69.46801464253049
2448,1791274425.1014197,-0.509112723214286,-2.154686652981505,-0.14150166414221935,2.218533988567749,-35.19609664680803,-59.95510732514426,0.0734706420825167,69.52255397693806
2449,1791274425.1214197,-0.427682059151786,-2.236117317044005,-0.26604267976721935,2.292141205676935,-35.20765551521807,-60.00094738758455,0.07085711511696524,69.56793596921443
2450,1791274425.1474476,-0.30314104352678595,-2.1690567701690053,-0.34268330476721937,2.216784520843803,-35.22186842698465,-60.06025440779064,0.06677777384485566,69.62627833144202
2451,1791274425.1674476,-0.40852190290178597,-1.987035285794005,-0.2708327188297194,2.046594667668627,-35.23221900137978,-60.105224576647146,0.0631931025643807,69.67030407956166
2452,1791274425.176998,-0.557013113839286,-1.8768643873565052,-0.36184346101721937,1.9909330043466975,-35.23711177983728,-60.126245112472006,0.061284951869267426,69.6909115577859
2453,1791274425.196998,-0.6240736607142859,-1.934344856106505,-0.45285420320471936,2.0823628131771863,-35.24759275428235,-60.16937933526906,0.056666320178213825,69.73342251485354
2454,1791274425.2219985,-0.782144949776786,-1.814593879544005,-0.13671162507971935,1.9807048590266627,-35.26136577537729,-60.22223996068333,0.05065344577784595,69.78599191813959
2455,1791274425.2419984,-0.834835379464286,-1.5271915357940051,0.10279032804528067,1.7435108113647553,-35.27315667461312,-60.263197002326244,0.046513906769843794,69.82729164357237
2456,1791274425.2825458,-0.739034598214286,-1.2445792311065051,-0.06965107820471934,1.4491379756788136,-35.29826173922105,-60.34220593619193,0.039481162674757556,69.90815873571952
2457,1791274425.3025458,-0.628863699776786,-1.2254190748565053,-0.17024189851721935,1.387841405179233,-35.31083919171694,-60.37903639706202,0.03617275912281429,69.94629875218227
2458,1791274425.2965946,-0.609703543526786,-1.0338175123565052,-0.08402119539221935,1.2031527837807008,-35.31083919171694,-60.37903639706202,0.03617275912281429,69.94629875218227
2459,1791274425.3165946,-0.5043226841517859,-0.8565860670440052,-0.07923115632971935,0.9971753286846419,-35.323176610622305,-60.41136253160713,0.03321337412691954,69.9804303496249
2460,1791274425.3569224,-0.686344168526786,-0.8949063795440052,-0.16066182039221935,1.139183025835193,-35.34792338704914,-60.472064883530074,0.02741561123716703,70.04532154734038
2461,1791274425.3769224,-0.983326590401786,-0.7464151686065051,-0.15108174226721935,1.2437413236535875,-35.360859774747574,-60.50011564645291,0.02450397742597039,70.07606579773473
2462,1791274425.3879058,-0.815675223214286,-0.6362442701690052,0.021359663982780656,1.034692744892909,-35.3683803978192,-60.51434866037418,0.023037973313759796,70.09214832277854
2463,1791274425.4079058,-0.657603934151786,-0.46859290298150513,0.08842021085778067,0.8123055931265494,-35.382230579684716,-60.53803547986839,0.02093359204831062,70.11958655590502
2464,1791274425.41643,-0.552223074776786,-0.2865714186065051,-0.07444111726721934,0.6265899633875924,-35.38802165417987,-60.547099479524256,0.02018015809280779,70.13033394486932
2465,1791274425.43643,-0.619283621651786,-0.05664954360650511,-0.08402119539221935,0.627519669900566,-35.40132819691181,-60.56569087115295,0.01843987271354406,70.15309892538197
2466,1791274425.4621544,-0.671974051339286,0.1301619798309949,0.05967997648278066,0.687061108097266,-35.41836735042897,-60.58587479620734,0.01649027643925417,70.17912255450949
2467,1791274425.4821544,-0.5857533482142859,0.5229451829559949,-0.06486103914221934,0.7878994883357483,-35.43151426881591,-60.598233688582376,0.015194113641646335,70.19642697757796
2468,1791274425.5073276,-0.633653738839286,0.6905965501434949,-0.21814228914221936,0.9623028183099696,-35.44788187758213,-60.60916483795673,0.013273091811125947,70.2141251326013
2469,1791274425.5273275,-0.518692801339286,0.566055534518495,-0.24209248445471934,0.8050278637101163,-35.46066378683179,-60.61466189713424,0.011285433788380926,70.22532335609169
2470,1791274425.5521507,-0.7246644810267859,0.4894149095184949,0.08842021085778067,0.8789105172934,-35.47646333585014,-60.61849620986104,0.00890238366010427,70.23661162682389
2471,1791274425.5721507,-0.815675223214286,0.7241268235809949,0.22254130460778065,1.1131982566693632,-35.48959405165908,-60.619301800720365,0.007736810605054679,70.24393992805796
2472,1791274425.583098,-0.935426199776786,1.126490104830995,-0.026540726642219344,1.4644816631428619,-35.497140945055,-60.61815717366269,0.0073554435878708125,70.24676539532993
2473,1791274425.603098,-1.227618582589286,1.016319206393495,-0.09839131257971935,1.596757014700105,-35.512105103491336,-60.61316546782353,0.0065758196740634675,70.25002121104716
2474,1791274425.6281848,-1.270728934151786,0.9109383470184949,-0.040910843829719344,1.5640442427572763,-35.53276047130832,-60.60421717809257,0.005482490565219641,70.25274540214414
2475,1791274425.6481848,-1.165348074776786,1.0258992845184949,-0.007380570392219343,1.5525978069612347,-35.55041157785315,-60.59524816590996,0.004669165155202647,70.25393857602627
2476,1791274425.672312,-1.189298270089286,1.231870964205995,0.04530985929528066,1.712889205710788,-35.57277201407659,-60.581965727911786,0.003903808744038006,70.253802000056
2477,1791274425.692312,-1.203668387276786,1.284561393893495,0.08363017179528066,1.7623590913447822,-35.59211655634472,-60.56883231735066,0.003557950794718239,70.25227556390458
2478,1791274425.7026103,-1.203668387276786,1.332461784518495,0.13153056242028066,1.8004366921895105,-35.60244255285346,-60.56106282968337,0.0035727604865905802,70.25080967187998
2479,1791274425.7226102,-1.356949637276786,1.3755721360809952,0.10279032804528067,1.9349617234476988,-35.623329259476414,-60.54417519217559,0.0039486887932100945,70.24684158609597
2480,1791274425.747119,-1.481490652901786,1.279771354830995,0.19859110929528068,1.9677570236115156,-35.65030278862284,-60.521703738908855,0.004894249124109742,70.24116126840741
2481,1791274425.767119,-1.476700613839286,1.212710807955995,0.39977274992028067,1.952211683764194,-35.67344972474493,-60.502378141408634,0.006447663224648369,70.23626426285972
2482,1791274425.7922192,-1.3713197544642861,1.251031120455995,0.5434739217952806,1.934156311419766,-35.70350341753618,-60.47712431384921,0.009880462771987363,70.22978584035647
2483,1791274425.8122191,-1.376109793526786,1.2989315110809951,0.5386838827327807,1.9675064319680267,-35.72797944178273,-60.45619536139277,0.013828677977890386,70.2242142270006
2484,1791274425.821785,-1.486280691964286,1.270191276705995,0.5291038046077807,2.025430080446193,-35.73998371031858,-60.44584354958662,0.016199888335031238,70.22141198004581
2485,1791274425.841785,-1.433590262276786,1.183970573580995,0.5913743124202807,1.95107430319583,-35.76569698447969,-60.42376551374158,0.02209461739698052,70.2155040416101
2486,1791274425.882355,-1.395269949776786,1.169600456393495,0.7159153280452807,1.9563430724891195,-35.818640038293296,-60.37853662478122,0.03623622906732372,70.20358945386748
2487,1791274425.902355,-1.347369559151786,1.1887606126434949,0.8596164999202807,1.9918576881987853,-35.84493862754537,-60.356046905451855,0.04452525900472874,70.19767806533409
2488,1791274425.9124086,-1.246778738839286,1.207920768893495,0.8212961874202807,1.9204315231262532,-35.858131532040815,-60.34463034895671,0.04933444087231563,70.19460408612917
2489,1791274425.9324086,-1.261148856026786,1.0019490892059948,0.6967551717952807,1.7549547526480176,-35.88420168650574,-60.32201095926809,0.05974350150180328,70.1884926902826
2490,1791274425.9429545,-1.213248465401786,0.9157283860809949,0.6536448202327807,1.6546243884614529,-35.89784355570428,-60.310356073294436,0.06547698099568681,70.18545795869984
2491,1791274425.9629545,-1.146187918526786,0.954048698580995,0.7111252889827807,1.652166710859319,-35.92337324708199,-60.28876386484293,0.07676643885983317,70.17998067031716
2492,1791274425.9869235,-1.170138113839286,0.8965682298309949,0.7302854452327807,1.6451062663914713,-35.95354384131921,-60.26344149985033,0.0908579728232794,70.17369842987307
2493,1791274426.0069234,-1.179718191964286,0.7720272142059948,0.6775950155452807,1.5642557454003365,-35.97846713731158,-60.24297870413151,0.10296422174076651,70.1689189194761
2494,1791274426.0771058,-1.093497488839286,0.6858065110809949,0.6249045858577806,1.4340756849500642,-36.064772604961526,-60.17426970578181,0.145930088590342,70.15434308196828
2495,1791274426.0971057,-0.988116629464286,0.566055534518495,0.5291038046077807,1.2556847445251968,-36.08880045174464,-60.155748808370255,0.15806854977613694,70.15084189379348
2496,1791274426.0771058,-1.074337332589286,0.5421053392059949,0.36145243742028066,1.2564739422318996,-36.08880045174464,-60.155748808370255,0.15806854977613694,70.15084189379348
2497,1791274426.0971057,-1.170138113839286,0.48462487045599495,0.2560715780452807,1.2921521286622761,-36.11215690729814,-60.13941446237812,0.1689003312484244,70.14888149997056
2498,1791274426.107163,-1.194088309151786,0.3217635423309949,0.3470823202327807,1.2844628465800525,-36.1239235150999,-60.1318243909192,0.17398513332635154,70.1484456387435
2499,1791274426.127163,-1.146187918526786,0.1349520188934949,0.4141428671077807,1.2261619413260425,-36.1473233510456,-60.11830960900559,0.18372195261905747,70.14894075782738
2500,1791274426.1668007,-1.127027762276786,0.0966317063934949,0.3949827108577807,1.1981404781993217,-36.193500804207005,-60.094854035245916,0.20253007608218834,70.15270486883142
2501,1791274426.1868007,-1.165348074776786,0.16848229233099493,0.34229228117028065,1.2262081487104148,-36.21674409338303,-60.084396665726345,0.2117024735825923,70.15577020707038
2502,1791274426.1819904,-1.232408621651786,0.32655358139349494,0.38061259367028066,1.330539063200698,-36.21674409338303,-60.084396665726345,0.2117024735825923,70.15577020707038
2503,1791274426.2019904,-1.227618582589286,0.3505037767059949,0.34229228117028065,1.3217655947831477,-36.2402845439724,-60.07519446104278,0.22033558989118784,70.1600724139618
2504,1791274426.2870507,-1.241988699776786,0.3696639329559949,0.24170146085778066,1.3181832004249299,-36.34113981522459,-60.03733353000297,0.255270501895959,70.17994744577442
2505,1791274426.3070507,-1.270728934151786,0.27865319076849493,0.16985087492028067,1.311963774091031,-36.36506560991396,-60.028794249406786,0.26286984765484356,70.18506419750406
2506,1791274426.2870507,-1.438380301339286,0.24033287826849492,0.18422099210778067,1.4699099147875998,-36.36506560991396,-60.028794249406786,0.26286984765484356,70.18506419750406
2507,1791274426.3070507,-1.519810965401786,0.27865319076849493,0.20817118742028068,1.5591049401990045,-36.39024339022657,-60.02118443420794,0.2694004038735407,70.19163035193542
2508,1791274426.3171031,-1.538971121651786,0.24512291733099492,0.16027079679528067,1.5665899547055726,-36.40330619090652,-60.01753840663514,0.2724682289268256,70.19529796899926
2509,1791274426.3371031,-1.553341238839286,0.15890221420599493,0.15069071867028067,1.5687022058541582,-36.430035544741244,-60.01076646413368,0.278122760705072,70.20339688130429
2510,1791274426.3466892,-1.534181082589286,0.0631014329559949,0.13632060148278066,1.5415176584796428,-36.44314513272459,-60.007847899575516,0.2806328192970057,70.20771603949729
2511,1791274426.3666892,-1.591661551339286,0.0487313157684949,0.24649149992028066,1.6113718672861521,-36.47108243755511,-60.00250436777491,0.2856583751954843,70.21767573253267
2512,1791274426.4065459,-1.505440848214286,0.0870516282684949,0.24649149992028066,1.5279686492167615,-36.52766373747598,-59.99304701559721,0.29564486517052707,70.23904408674764
2513,1791274426.4265459,-1.471910574776786,0.0726815110809949,0.33271220304528065,1.5107947419315404,-36.55626326488494,-59.988773591302206,0.30077318675843023,70.25029398792553
2514,1791274426.4372365,-1.510230887276786,0.015201042330994898,0.5434739217952806,1.6051144221656972,-36.57164868117748,-59.98676147642624,0.30380579138322955,70.25659639954104
2515,1791274426.4572365,-1.376109793526786,0.1397420579559949,0.7159153280452807,1.5574789769150312,-36.60044357336074,-59.983329462795574,0.31051722204746623,70.2686893584492
2516,1791274426.4667988,-1.213248465401786,0.28823326889349493,0.6632248983577806,1.412415491949344,-36.61400271515616,-59.9816277749075,0.3142337985163329,70.27431684643507
2517,1791274426.4867988,-1.313839285714286,0.49420494858099495,0.6632248983577806,1.5525074768547356,-36.64189908140186,-59.97742882083108,0.3228308820805349,70.2853110971839
2518,1791274426.54231,-1.452750418526786,0.566055534518495,0.7590256796077807,1.7340768809348748,-36.719231280715576,-59.963108295537765,0.34903469429721395,70.31357000982737
2519,1791274426.56231,-1.390479910714286,0.5804256517059949,0.8212961874202807,1.7160582002745204,-36.747178645263595,-59.957003000251525,0.35942993546976565,70.32301569925453
2520,1791274426.5568366,-1.3713197544642861,0.6762264329559948,0.7973459921077807,1.7244015450998411,-36.747178645263595,-59.957003000251525,0.35942993546976565,70.32301569925453
2521,1791274426.5768366,-1.2515687779017861,0.7959774095184949,0.8069260702327807,1.688530167069473,-36.77482623641095,-59.94878139086957,0.3714106698262505,70.33052097670078
2522,1791274426.6021254,-1.294679129464286,0.9205184251434949,0.8212961874202807,1.7883164280322847,-36.80937057111731,-59.93668939176024,0.3873754607151339,70.33837186652636
2523,1791274426.6221254,-1.246778738839286,1.059429557955995,0.6680149374202807,1.7672272543476508,-36.836404601873966,-59.925590829737416,0.40034148724317403,70.34314048713263
2524,1791274426.6469276,-1.285099051339286,0.9875789720184949,0.5147336874202807,1.7005124423806839,-36.86961074623868,-59.91008411790224,0.41620901724125264,70.34742074546382
2525,1791274426.6669276,-1.433590262276786,0.8438778001434949,0.45246317960778065,1.7239587322701873,-36.89644900464555,-59.89670829091574,0.42853576838324403,70.35017594963247
2526,1791274426.677084,-1.419220145089286,0.7337069017059948,0.38061259367028066,1.642369502973884,-36.91020673127887,-59.8897329609958,0.4344911533419448,70.35149079904039
2527,1791274426.697084,-1.241988699776786,0.5756356126434949,0.37103251554528066,1.4182938399741227,-36.9372265122388,-59.876093495522944,0.44558686822858373,70.35413152301847
2528,1791274426.707329,-1.246778738839286,0.4510945970184949,0.4668332967952807,1.4056588796993776,-36.9509036936744,-59.86936572661211,0.45106192623544766,70.35562303858403
2529,1791274426.727329,-1.376109793526786,0.27865319076849493,0.5722141561702807,1.5161645046258878,-36.97753298992249,-59.85710751240132,0.4617054278260674,70.35925267990032
2530,1791274426.75241,-1.3713197544642861,0.0774715501434949,0.4333030233577807,1.4402330436830768,-37.0110863286392,-59.843371095308534,0.47494220996004216,70.36529787743099
2531,1791274426.77241,-1.083917410714286,-0.2243009107940051,0.06926005460778066,1.1090468010849925,-37.037511816746964,-59.83428072076053,0.484668016938546,70.37153781205218
2532,1791274426.7969804,-1.112657645089286,-0.3871622389190051,0.08842021085778067,1.1814058439454864,-37.06915433601918,-59.82591493071077,0.49511472046823213,70.38115826747011
2533,1791274426.8169804,-1.136607840401786,-0.4925430982940051,0.24649149992028066,1.263025789947624,-37.09442127671293,-59.82144630661962,0.5028450252440129,70.39072652835343
2534,1791274426.8270156,-1.218038504464286,-0.5596036451690051,0.15548075773278067,1.349425175424407,-37.106969832703264,-59.8203323337444,0.5064445402621527,70.39641934613675
2535,1791274426.8470156,-1.328209402901786,-0.6841446607940052,0.17464091398278067,1.5042252436674517,-37.132046736799715,-59.820310859336864,0.5130373816377204,70.40967045460823
2536,1791274426.8726866,-1.208458426339286,-0.4733829420440051,0.3662424764827807,1.348553569417582,-37.16429002068791,-59.82251604764293,0.5212716718103213,70.42861352581158
2537,1791274426.8926866,-1.021646902901786,-0.2099307936065051,0.33271220304528065,1.0947742883207991,-37.188987487099126,-59.82500134829561,0.527773056388763,70.44380825195523
2538,1791274426.9172516,-1.026436941964286,-0.49733313735650514,0.18901103117028067,1.1561307085472268,-37.2185452915069,-59.82889907816091,0.5355217936246507,70.46278494433895
2539,1791274426.9372516,-1.074337332589286,-0.6170841139190052,0.25128153898278066,1.264174006883475,-37.24215167380752,-59.83326809281719,0.5415446786972044,70.47901178791346
2540,1791274426.9628272,-0.968956473214286,-0.5548136061065051,0.4285129842952807,1.1959590972162966,-37.271730391018764,-59.840264964019525,0.5493953112367471,70.50064561770242
2541,1791274426.9828272,-0.978536551339286,-0.5931339186065051,0.36145243742028066,1.19999562175266,-37.29431243609977,-59.84663766492169,0.5557985298947796,70.51804515075331
2542,1791274426.9923787,-1.055177176339286,-0.7128848951690052,0.2560715780452807,1.298913546126174,-37.30493627618056,-59.850160185792156,0.5588402259974425,70.52667755702848
2543,1791274427.0123787,-1.079127371651786,-0.7943155592315052,0.24649149992028066,1.362428402309017,-37.32704624005036,-59.85869043311903,0.5650077377447468,70.54566205741176
2544,1791274427.0374763,-0.992906668526786,-0.7607852857940052,0.11237040617028066,1.2559000802884364,-37.35453005177844,-59.87071641457432,0.5722618035078199,70.57046891551275
2545,1791274427.0574763,-0.906685965401786,-0.7176749342315052,0.08363017179528066,1.1593665325147489,-37.375995727789636,-59.88107995816958,0.5774693798257272,70.59066697861044
2546,1791274427.0822244,-0.968956473214286,-0.6649845045440052,0.22254130460778065,1.1960792910689644,-37.40205460415682,-59.894546641569896,0.5835149678575687,70.61593938856322
2547,1791274427.1022243,-0.978536551339286,-0.7512052076690052,0.24649149992028066,1.2580147478741917,-37.42287623365441,-59.90592147346313,0.5883713585432214,70.63665673033869
2548,1791274427.1272886,-1.064757254464286,-0.9763370436065052,0.0021995077327806568,1.444626896983052,-37.44889709341845,-59.92128575833965,0.594012029072414,70.66352121665552
2549,1791274427.1472886,-1.203668387276786,-1.0481876295440051,-0.12234150789221936,1.6007755426079953,-37.46994855306595,-59.93474347276593,0.597657639246789,70.68612108730693
2550,1791274427.1573098,-1.122237723214286,-1.1104581373565052,-0.007380570392219343,1.5787936074882547,-37.480662537493885,-59.94209755596657,0.5991128133405602,70.6980484866564
2551,1791274427.1773098,-1.179718191964286,-1.0338175123565052,0.06926005460778066,1.5701307641310482,-37.50229067513172,-59.95778943577474,0.6016741903372711,70.7228416548578
2552,1791274427.201885,-1.2515687779017861,-0.8805362623565052,-0.06007100007971935,1.531462386150542,-37.529361357640674,-59.97770722163758,0.6043663532266434,70.75410649683707
2553,1791274427.221885,-1.294679129464286,-1.0194473951690053,-0.06486103914221934,1.6491434122555504,-37.551906943232915,-59.99433537630235,0.6060412662600009,70.78017574387533
2554,1791274427.2319355,-1.246778738839286,-1.3164298170440052,0.006989546795280657,1.8131446551747041,-37.563452974369746,-60.0031988230738,0.6067130793090557,70.79382013367845
2555,1791274427.2519355,-1.294679129464286,-1.340380012356505,-0.03133076570471934,1.8638117508683303,-37.58679469881885,-60.0221761163679,0.6078129060997383,70.8223001462411
2556,1791274427.2774737,-1.419220145089286,-1.2014688795440052,-0.06965107820471934,1.8607967544670376,-37.6173273271186,-60.047642161740384,0.6088132132408488,70.86009665494835
2557,1791274427.2974737,-1.424010184151786,-1.3691202467315051,-0.14629170320471935,1.9808322788678194,-37.6419167827348,-60.06844999040398,0.6091551725057143,70.89078680161609
2558,1791274427.3374648,-1.4910707310267861,-1.656522590481505,-0.06965107820471934,2.2298453512285086,-37.69245294411587,-60.11289041604963,0.6090886901946444,70.9552788180619
2559,1791274427.3574648,-1.404850027901786,-1.814593879544005,-0.16545185945471935,2.300810480324539,-37.718279427416626,-60.13698843293711,0.6087077749096133,70.98941122380948
2560,1791274427.352632,-1.438380301339286,-1.699632942044005,-0.19898213289221936,2.235460560638991,-37.718279427416626,-60.13698843293711,0.6087077749096133,70.98941122380948
2561,1791274427.372632,-1.658722098214286,-1.661312629544005,0.07405009367028066,2.3487873612907997,-37.74520982598291,-60.16392129861227,0.6077805128389476,71.02652805807753
2562,1791274427.396249,-1.462330496651786,-1.7906436842315052,-0.016960648517219346,2.311947868987137,-37.77776878141335,-60.197068852549975,0.6069509182292304,71.07190233810906
2563,1791274427.416249,-1.299469168526786,-1.8864444654815051,-0.19898213289221936,2.2993231026777936,-37.80534802818793,-60.226444715067444,0.6060298464931221,71.11143547084625
2564,1791274427.4417362,-1.366529715401786,-1.771483527981505,-0.39537373445471935,2.271976615830928,-37.84031820453291,-60.265257108057874,0.6038960013916201,71.16288067877186
2565,1791274427.4617362,-1.538971121651786,-1.627782356106505,-0.16066182039221935,2.2458672562423505,-37.86800160276211,-60.29624391643405,0.6016386715172574,71.20382394863333
2566,1791274427.4716504,-1.304259207589286,-1.656522590481505,-0.03133076570471934,2.1085873921269265,-37.88178018127725,-60.31174236037374,0.6005447822379781,71.22426686377463
2567,1791274427.4916503,-0.978536551339286,-1.776273567044005,-0.24688252351721934,2.0429470251830923,-37.90883074208327,-60.34346700356456,0.5982517515540823,71.26549911002125
2568,1791274427.5163915,-0.906685965401786,-1.824173957669005,-0.18940205476721936,2.045864904152866,-37.940772625868675,-60.38350643980594,0.5950310634388867,71.31636656042153
2569,1791274427.5363915,-1.069547293526786,-1.7187930982940052,0.29918192960778067,2.046384850128981,-37.965684659528925,-60.4163325062431,0.5929827561181723,71.35739676950645
2570,1791274427.562128,-1.031226981026786,-1.531981574856505,0.12674052335778066,1.851069904773572,-37.99698857793506,-60.4585126154761,0.5915644404871723,71.4097530954607
2571,1791274427.582128,-0.954586356026786,-1.809803840481505,-0.007380570392219343,2.0461377091861186,-38.0206447240651,-60.49138685557503,0.5908066288162959,71.45016697963041
2572,1791274427.5920615,-0.911476004464286,-1.939134895169005,0.08363017179528066,2.1443009709485272,-38.03202194485963,-60.50805846872076,0.590543507972623,71.47033352729804
2573,1791274427.6120615,-0.930636160714286,-1.771483527981505,0.026149703045280658,2.001229961925461,-38.0542559032918,-60.54215592184837,0.5902578768447087,71.51103020080046
2574,1791274427.6521485,-0.959376395089286,-1.7954337232940052,-0.045700882892219345,2.0361910256390527,-38.09781823211458,-60.610971722410255,0.5897124664401427,71.59246753657212
2575,1791274427.6721485,-0.935426199776786,-1.852914192044005,0.050099898357780656,2.076252195211937,-38.1191342319741,-60.64562746410719,0.5894877687365982,71.63314889728095
2576,1791274427.6817157,-0.825255301339286,-1.8864444654815051,0.16506083585778067,2.0656631170809208,-38.1290648761323,-60.662401955965834,0.5895507920483816,71.65263546815203
2577,1791274427.7017157,-0.930636160714286,-1.819383918606505,-0.007380570392219343,2.04359878149609,-38.14934438748511,-60.6977671443583,0.589899297804709,71.69337064671485
2578,1791274427.726794,-1.160558035714286,-1.814593879544005,-0.026540726642219344,2.1541472354763176,-38.17489214030966,-60.74229542245624,0.5902069435893647,71.74466661257466
2579,1791274427.746794,-1.093497488839286,-1.785853645169005,0.17464091398278067,2.10131136410052,-38.195591437382134,-60.77788075448035,0.5906376394549903,71.78581229657009
2580,1791274427.7568579,-0.945006277901786,-1.7619034498565052,0.13153056242028066,2.003656886979564,-38.205983494758485,-60.79577897266266,0.591052950418731,71.80649872598445
2581,1791274427.7768579,-0.945006277901786,-1.7140030592315052,-0.09839131257971935,1.959725542702321,-38.226372842847276,-60.8312266158237,0.5918042052691296,71.84736560600844
2582,1791274427.8022451,-1.079127371651786,-1.6038321607940051,0.05488993742028066,1.933857903124028,-38.25222619345758,-60.87579054350742,0.5925319511100902,71.89885796843727
2583,1791274427.8222451,-1.127027762276786,-1.4792911451690052,0.34229228117028065,1.8909410024817805,-38.27284749493866,-60.91025638211104,0.5936150412987818,71.93901977871666
2584,1791274427.8469663,-1.007276785714286,-1.388280402981505,0.2943918905452807,1.7402860642894944,-38.298470442989085,-60.95178462883696,0.5959334568308157,71.98783247464536
2585,1791274427.8669662,-0.968956473214286,-1.464921027981505,0.17943095304528067,1.7655213768507576,-38.31905491607405,-60.984622145530096,0.5982384946244932,72.02660617570864
2586,1791274427.8772073,-1.088707449776786,-1.503241340481505,0.4141428671077807,1.9017183685573313,-38.32959463493231,-61.001194264541745,0.5996976597141936,72.04625711209195
2587,1791274427.8972073,-1.1318178013392861,-1.575091926419005,0.6775950155452807,2.0545221140670735,-38.35042122043622,-61.03332126925999,0.6037574606813098,72.08457280176471
2588,1791274427.921742,-0.983326590401786,-1.536771613919005,0.47162333585778066,1.8844168189824795,-38.37602972219435,-61.07254707572992,0.6101053998237601,72.1314625676957
2589,1791274427.941742,-0.930636160714286,-1.503241340481505,0.23691142179528066,1.7838007773119509,-38.39664467813724,-61.10428647395179,0.6155666591460783,72.16934993708718
2590,1791274427.9665654,-1.045597098214286,-1.498451301419005,0.23212138273278066,1.8418767414895665,-38.42207265402963,-61.14335985554213,0.6222014946280193,72.21601800262715
2591,1791274427.9865654,-0.964166434151786,-1.651732551419005,-0.03133076570471934,1.9128039499754674,-38.44250129712409,-61.17484399649887,0.627046456382163,72.25358559430683
2592,1791274427.9967017,-0.815675223214286,-1.8720743482940052,-0.20377217195471936,2.0521967579570055,-38.452654958531646,-61.19108613196915,0.6289549146330924,72.27275613711295
2593,1791274428.0167017,-0.873155691964286,-1.737953254544005,0.14590067960778066,1.9504280006449206,-38.47221719307324,-61.22374130956288,0.6320688363850807,72.31083948278575
2594,1791274428.0422769,-0.911476004464286,-1.570301887356505,0.4764133749202807,1.8771271208824707,-38.49690344171599,-61.2655813907607,0.6366471829010019,72.35943861988031
2595,1791274428.0622768,-0.873155691964286,-1.493661262356505,0.21775126554528068,1.7438005742402516,-38.51598950440695,-61.29798871819701,0.6407316869973313,72.39706765812078
2596,1791274428.0868487,-0.892315848214286,-1.656522590481505,0.0021995077327806568,1.881568362718773,-38.53917477853639,-61.337637351951514,0.6454025069728367,72.44301410713182
2597,1791274428.1068487,-0.906685965401786,-1.5559317701690052,0.19859110929528068,1.811750960250595,-38.55791393304457,-61.36988680355172,0.6489351837892273,72.48032043266353
2598,1791274428.1169004,-0.873155691964286,-1.4026505201690052,0.3087620077327807,1.680822215928618,-38.56726106391294,-61.38589414581566,0.6508268222856913,72.4988634504425
2599,1791274428.1369004,-0.887525809151786,-1.2828995436065052,-0.0025905313297193435,1.5599807728779485,-38.58571041872707,-61.4169948846735,0.6544853126694588,72.5350443593052
2600,1791274428.1619875,-0.935426199776786,-1.551141731106505,-0.19419209382971936,1.8217500966144877,-38.60881113203827,-61.45548694710464,0.6580157548883393,72.57995699687919
2601,1791274428.1819875,-1.007276785714286,-1.699632942044005,-0.06486103914221934,1.976756336810046,-38.62737910418545,-61.48644678746813,0.6600195372539284,72.61606696039225
2602,1791274428.2065678,-1.045597098214286,-1.589462043606505,0.050099898357780656,1.9032006934833128,-38.65056085437315,-61.52485283753828,0.6620855985292685,72.66093674305421
2603,1791274428.2265677,-1.016856863839286,-1.508031379544005,-0.07923115632971935,1.8205587327410802,-38.669687303948045,-61.55606115001201,0.6634708140065697,72.697548610735
2604,1791274428.2366517,-0.940216238839286,-1.651732551419005,-0.07923115632971935,1.9022367290449351,-38.6793643859279,-61.57182570395043,0.6639446272726357,72.71604893202822
2605,1791274428.2566516,-0.949796316964286,-1.6421524732940052,0.16506083585778067,1.9042118760260398,-38.698513527702026,-61.60334322770774,0.6648721505955366,72.7529305324613
2606,1791274428.2823071,-1.059967215401786,-1.531981574856505,0.34229228117028065,1.8941124700437375,-38.72326010128197,-61.64381623067945,0.6668597151959936,72.80038223960824
2607,1791274428.3023071,-1.050387137276786,-1.536771613919005,0.30397196867028065,1.886101558570225,-38.742823330783935,-61.67523778403923,0.6691461208543644,72.83741532954866
2608,1791274428.3265681,-0.945006277901786,-1.5224014967315052,0.22254130460778065,1.8056211714478339,-38.76662561502401,-61.71320273437119,0.6724616489137276,72.88225338159006
2609,1791274428.346568,-0.834835379464286,-1.4840811842315051,0.22254130460778065,1.7172570292334803,-38.78597393245723,-61.74431496839059,0.6754525040622519,72.91891689328853
2610,1791274428.372342,-0.887525809151786,-1.6469425123565051,0.12674052335778066,1.8751492903709543,-38.8104974151144,-61.78444761506368,0.6794038545177616,72.96598019834094
2611,1791274428.392342,-1.031226981026786,-1.699632942044005,0.050099898357780656,1.98864054667862,-38.82955070932157,-61.81593811394301,0.6822753416481236,73.00280619836767
2612,1791274428.40173,-0.892315848214286,-1.7187930982940052,0.050099898357780656,1.937262833880046,-38.83850712828438,-61.83090938595963,0.6834915841773602,73.02025850539142
2613,1791274428.42173,-0.786934988839286,-1.656522590481505,0.11716044523278066,1.8376779748808514,-38.857244521970834,-61.86308272914953,0.6859448785241408,73.05749090250913
2614,1791274428.44681,-0.7438246372767859,-1.5990421217315052,-0.06486103914221934,1.7647713031693781,-38.880096056453674,-61.90349999013361,0.6886582189224798,73.10389476990967
2615,1791274428.46681,-0.849205496651786,-1.733163215481505,-0.15587178132971935,1.9363111111742082,-38.89797508297618,-61.935894374876895,0.6901663068522544,73.14084910023165
2616,1791274428.4917612,-0.892315848214286,-1.6038321607940051,0.18422099210778067,1.8445711010705776,-38.92019348160645,-61.976490940223385,0.6918185763356813,73.18705830166857
2617,1791274428.5117612,-0.767774832589286,-1.498451301419005,0.35187235929528066,1.7200722814805904,-38.937821649512514,-62.00880396900306,0.6937484543344317,73.22381450998975
2618,1791274428.5220308,-0.767774832589286,-1.5607218092315052,-0.050490921954719346,1.74008048450875,-38.94669835901741,-62.025263565798234,0.6948229002212063,73.2424836576266
2619,1791274428.5420308,-0.973746512276786,-1.4457608717315051,0.05488993742028066,1.7439666492313002,-38.96400481381155,-62.05701989080851,0.696608096558358,73.27859613624652
2620,1791274428.5671465,-0.877945731026786,-1.292479621731505,0.3662424764827807,1.6048133320731144,-38.98596605564227,-62.0960751783838,0.6993069284425494,73.32337370873869
2621,1791274428.5871465,-0.729454520089286,-1.3978604811065052,0.20817118742028068,1.5904254351556286,-39.003241972666984,-62.12654588280906,0.7019952957859475,73.35839001165782
2622,1791274428.612999,-0.8635756138392859,-1.5942520826690052,-0.08881123445471935,1.8152933590132838,-39.025312316845934,-62.16582646070435,0.705180516131179,73.4034213135199
2623,1791274428.632999,-1.117447684151786,-1.5607218092315052,0.03572978117028066,1.9198485643116565,-39.04279681049314,-62.19638894085683,0.7071954232276884,73.43861998590677
2624,1791274428.642048,-1.007276785714286,-1.584672004544005,0.16027079679528067,1.884536710528562,-39.050962989289815,-62.21027735323062,0.7081033365220682,73.45473251664562
2625,1791274428.6620479,-0.782144949776786,-1.575091926419005,-0.012170609454719344,1.7586396512265277,-39.06898868710892,-62.24110875980512,0.7100311574670303,73.4904459159686
2626,1791274428.6867962,-0.772564871651786,-1.771483527981505,-0.2899928750797194,1.9542533710901313,-39.09083393798193,-62.27974904252814,0.7114979958322566,73.5347990285228
2627,1791274428.7067962,-0.906685965401786,-1.857704231106505,-0.11276142976721935,2.070231772089958,-39.108358631641515,-62.311735389860395,0.7119014575084955,73.57120962606413
2628,1791274428.7318654,-0.767774832589286,-1.7906436842315052,0.14111064054528066,1.95340605361783,-39.130178513024546,-62.35267463553945,0.7123846251412517,73.61748702937876
2629,1791274428.7518654,-0.652813895089286,-1.613412238919005,0.17464091398278067,1.7492182491478938,-39.147105920734354,-62.38554248965809,0.7131858982917114,73.65433081512352
2630,1791274428.7619069,-0.638443777901786,-1.666102668606505,-0.045700882892219345,1.7848241175466986,-39.15530237374511,-62.40203911479913,0.7136249582212814,73.67266419945274
2631,1791274428.7819068,-0.729454520089286,-1.781063606106505,-0.0025905313297193435,1.9246553397240682,-39.17123062326861,-62.43513826140013,0.7142958394030948,73.70917186353158
2632,1791274428.8067894,-0.681554129464286,-1.7283731764190051,0.12195048429528066,1.86189736263157,-39.19070811251833,-62.47669020809601,0.7152280512355337,73.75472847814086
2633,1791274428.8267894,-0.667184012276786,-1.6325723951690052,0.011779585857780658,1.763679645045719,-39.206038412394776,-62.51012028269521,0.7160655415982183,73.79120093622994
2634,1791274428.8518474,-0.825255301339286,-1.7283731764190051,-0.22772236726721937,1.928776199020276,-39.225169500327,-62.55203862109912,0.7165516089095751,73.83688037961173
2635,1791274428.8718474,-0.834835379464286,-1.943924934231505,-0.22772236726721937,2.127827938834817,-39.24063863394431,-62.58598549342684,0.7161982024626073,73.87385356435962
2636,1791274428.8820736,-0.5665931919642859,-1.891234504544005,0.14590067960778066,1.979667346972238,-39.24843661921822,-62.60368079554346,0.7159818516812481,73.89298516242948
2637,1791274428.9020736,-0.45163225446428595,-1.661312629544005,0.29918192960778067,1.7474098469903232,-39.26292722469431,-62.63842605004055,0.7162898162481655,73.93012203005551
2638,1791274428.9271514,-0.619283621651786,-1.570301887356505,0.13153056242028066,1.6931215285183017,-39.28038565079128,-62.68153597121257,0.7174281472281845,73.97593089466153
2639,1791274428.9471514,-0.729454520089286,-1.781063606106505,0.03572978117028066,1.9249852163427839,-39.29424363497087,-62.71578676561236,0.7184506998075177,74.01232102753069
2640,1791274428.9723725,-0.648023856026786,-1.6325723951690052,0.3375022421077807,1.7886126765947585,-39.311703597831766,-62.758957306021514,0.7202527714739199,74.05819013422908
2641,1791274428.9923725,-0.47079241071428596,-1.383490363919005,0.25128153898278066,1.4828464158086179,-39.32515049745577,-62.79257997655035,0.7223506109177158,74.09384152656759
2642,1791274429.0015867,-0.695924246651786,-1.426600715481505,-0.09360127351721935,1.5900507403520943,-39.3312226079842,-62.80768863920325,0.7232810965285275,74.10987761143925
2643,1791274429.0215867,-0.901895926339286,-1.5990421217315052,0.05967997648278066,1.8368216213372428,-39.34482228325582,-62.84010234129728,0.7249469457763829,74.144582073405
2644,1791274429.0466592,-0.710294363839286,-1.4840811842315051,0.2656516561702807,1.6666090864740466,-39.36234553127922,-62.88043954815554,0.727333818098352,74.18809161837235
2645,1791274429.0666592,-0.619283621651786,-1.508031379544005,0.14590067960778066,1.6367522274448139,-39.37622120239888,-62.91227759095012,0.7295695195309149,74.22246115257052
2646,1791274429.0914502,-0.734244559151786,-1.7523233717315052,-0.35226338289221937,1.9323151302743407,-39.393357516613534,-62.95188480472564,0.731541400779046,74.26514370631914
2647,1791274429.1114502,-0.873155691964286,-2.082836067044005,-0.45285420320471936,2.3034070143917575,-39.407519533859485,-62.98479747266014,0.7316859076408931,74.3005563421363
2648,1791274429.1368454,-0.686344168526786,-2.360658332669005,-0.4097438516422194,2.4923214289551288,-39.42577481043421,-63.02878319653785,0.7301989373460649,74.3475111965918
2649,1791274429.1568453,-0.619283621651786,-2.5235196607940056,-0.17982197664221936,2.604611223530982,-39.43995366813784,-63.06555430908049,0.7283191841836366,74.38618510510194
2650,1791274429.1671112,-0.691134207589286,-2.226537238919005,-0.03133076570471934,2.331548023539893,-39.447148815628175,-63.08525471930012,0.7273364771874552,74.40669278386414
2651,1791274429.1871111,-0.590543387276786,-2.284017707669005,0.08842021085778067,2.360783030032631,-39.46098633601679,-63.12464399085103,0.7257947701239188,74.447410294995
2652,1791274429.2272978,-0.437262137276786,-2.3414981764190053,0.06926005460778066,2.3829831812318067,-39.48771771138574,-63.20585956312512,0.7236368842874057,74.53042454936026
2653,1791274429.2472978,-0.518692801339286,-2.2648575514190052,-0.08881123445471935,2.325190182704688,-39.500459701701,-63.24712536595085,0.7226947163389381,74.57216284482456
2654,1791274429.2570393,-0.671974051339286,-2.164266731106505,-0.03612080476721934,2.266473984316785,-39.50660501022392,-63.267446058876,0.722213366362075,74.59264817924878
2655,1791274429.2770393,-0.676764090401786,-2.140316535794005,0.13153056242028066,2.248613972272965,-39.51935230229931,-63.30936459823488,0.7215164763212033,74.6349478344501
2656,1791274429.3166137,-0.595333426339286,-2.1451065748565052,-0.0025905313297193435,2.226187507121099,-39.544567823697065,-63.39258740627104,0.7207270721138571,74.7188893783705
2657,1791274429.3366137,-0.700714285714286,-2.260067512356505,-0.06007100007971935,2.366963074419198,-39.557343734722664,-63.43494521504228,0.720293975234709,74.76158466213232
2658,1791274429.3471687,-0.834835379464286,-2.269647590481505,-0.016960648517219346,2.418375065903117,-39.56429045270965,-63.45753231430085,0.7200387123250414,74.78442312536852
2659,1791274429.3671687,-0.849205496651786,-2.2217471998565053,0.13153056242028066,2.38214417793391,-39.57800493128675,-63.50064829814687,0.7197994392785222,74.82826284138024
2660,1791274429.3773305,-0.758194754464286,-2.236117317044005,0.07405009367028066,2.362321603349937,-39.585153007870154,-63.52266675682078,0.719852783389946,74.85072957950611
2661,1791274429.3973305,-0.786934988839286,-2.0924161451690053,-0.16066182039221935,2.241268440360313,-39.59942884441242,-63.56599462098941,0.7198121062341948,74.89505034665254
2662,1791274429.4226582,-0.964166434151786,-2.202587043606505,0.03572978117028066,2.404637855202045,-39.618122098481834,-63.620792612690494,0.7195310022970802,74.9514414547209
2663,1791274429.4426582,-1.083917410714286,-2.140316535794005,0.11716044523278066,2.4019905071773193,-39.6337411654062,-63.6640874675521,0.7195716599748446,74.99644828401128
2664,1791274429.4520206,-1.026436941964286,-2.097206184231505,-0.17024189851721935,2.341117015234098,-39.64143792657325,-63.68429022473117,0.7195505648933556,75.0176657550046
2665,1791274429.4720206,-1.074337332589286,-2.121156379544005,-0.35705342195471934,2.4043694052297515,-39.65856456006637,-63.72730113149541,0.7187213190507403,75.06322143902236
2666,1791274429.5121338,-1.160558035714286,-2.001405402981505,-0.25167256257971937,2.327199523053407,-39.69448593101232,-63.81302937711363,0.715476263367285,75.15495218477052
2667,1791274429.5321338,-1.241988699776786,-1.6421524732940052,0.07405009367028066,2.060263112394004,-39.71331322925457,-63.85482635011301,0.713834574906612,75.20037004994259
2668,1791274429.526837,-1.117447684151786,-1.426600715481505,0.08363017179528066,1.8140763307708527,-39.71331322925457,-63.85482635011301,0.713834574906612,75.20037004994259
2669,1791274429.546837,-1.146187918526786,-1.455340949856505,-0.06007100007971935,1.8534758023660785,-39.733319680921035,-63.8932602280647,0.7128848358643871,75.24356185233835
2670,1791274429.5718915,-1.208458426339286,-1.460130988919005,0.050099898357780656,1.8960127301280114,-39.759047436179095,-63.93966362805553,0.7118548026200202,75.29654158831758
2671,1791274429.5918915,-1.074337332589286,-1.2828995436065052,0.021359663982780656,1.6734659179159577,-39.77992845910755,-63.97526386992739,0.7112630922607286,75.33779257865845
2672,1791274429.6171489,-1.1318178013392861,-0.9475968092315052,0.08363017179528066,1.4784942522474456,-39.80652207231334,-64.01770376692903,0.7108268100343286,75.3878695138529
2673,1791274429.6371489,-1.155767996651786,-0.8470059889190052,0.12674052335778066,1.438499901845721,-39.82785283191694,-64.04896072344921,0.7108487169544885,75.42567558101929
2674,1791274429.6476996,-1.098287527901786,-0.6793546217315052,0.15548075773278067,1.3007430422791937,-39.839201334945194,-64.06418437149398,0.7110818633622259,75.4445976833827
2675,1791274429.6676996,-0.973746512276786,-0.5069132154815051,0.17943095304528067,1.1123572920207525,-39.860594774908016,-64.09049303056128,0.7119598899893413,75.47824322011478
2676,1791274429.6922612,-0.940216238839286,-0.2961514967315051,0.46204325773278065,1.088667192860024,-39.886452518556844,-64.11943521701933,0.7140581109604239,75.51649452967516
2677,1791274429.7122612,-0.940216238839286,-0.2961514967315051,0.6680149374202807,1.1907796779463553,-39.90717022513694,-64.14035558336995,0.7172054497134345,75.54523038151576
2678,1791274429.7375004,-0.758194754464286,-0.2913614576690051,0.4955735311702807,0.9514956171778972,-39.932608445315246,-64.16390832448569,0.7227841058142656,75.57871899935513
2679,1791274429.7575004,-0.806095145089286,-0.1141300123565051,0.17943095304528067,0.8336729032226913,-39.952088892882266,-64.18038060410147,0.7275541377066427,75.60304224312263
2680,1791274429.7815633,-1.036017020089286,-0.0997598951690051,0.17464091398278067,1.0553590628006924,-39.975335509452854,-64.19761237065643,0.73307131963625,75.63000910185093
2681,1791274429.8015633,-1.040807059151786,-0.7033048170440052,0.5386838827327807,1.366783569396982,-39.99487405673868,-64.21099089797038,0.738039095053079,75.65174158351843
2682,1791274429.8124654,-0.815675223214286,-1.3212198561065052,0.5386838827327807,1.6435109684610667,-40.00544507223029,-64.21884511628899,0.7412217997923185,75.66402786829178
2683,1791274429.8324654,-0.830045340401786,-1.709213020169005,0.5147336874202807,1.9685871035855254,-40.02439726378815,-64.23563801374924,0.7477647849702408,75.68836581362159
2684,1791274429.8564324,-0.7438246372767859,-1.570301887356505,-0.09360127351721935,1.7400816954555296,-40.046531033318644,-64.25863827001524,0.7551864642797882,75.71966420101883
2685,1791274429.8764324,-0.8827357700892859,-1.704422981106505,-0.17982197664221936,1.9278527126320166,-40.06467051231125,-64.27986459856785,0.7600405799023898,75.74731993776003
2686,1791274429.90166,-0.676764090401786,-1.8385440748565052,0.07405009367028066,1.960545170512502,-40.08706982603815,-64.30932639605723,0.7650448981939828,75.78421948168717
2687,1791274429.92166,-0.580963309151786,-1.8720743482940052,0.3662424764827807,1.9940697790451711,-40.10405054933633,-64.33474561945147,0.769077575934521,75.81481283166937
2688,1791274429.9328125,-0.619283621651786,-1.8433341139190051,0.39977274992028067,1.9852483751819416,-40.11310303777742,-64.34990158116909,0.7716297165989826,75.83248829654104
2689,1791274429.9528124,-0.537852957589286,-1.781063606106505,0.12195048429528066,1.86449598916289,-40.12863762695127,-64.37844070273836,0.7763025788537531,75.86497103937431
2690,1791274429.9770393,-0.40373186383928594,-1.584672004544005,0.05967997648278066,1.6363821312449132,-40.14634360604956,-64.41394145088928,0.7814439910777429,75.90451510209904
2691,1791274429.9970393,-0.37020159040178596,-1.531981574856505,0.11237040617028066,1.580077172614902,-40.15992876530432,-64.44352725094483,0.7853097880013153,75.93684740915123
2692,1791274430.0224745,-0.494742606026786,-1.4457608717315051,-0.15587178132971935,1.535998293183595,-40.176264290226484,-64.48118988729576,0.7894057195279999,75.97749155499703
2693,1791274430.0424745,-0.619283621651786,-1.417020637356505,-0.06965107820471934,1.548002249170029,-40.18885340833467,-64.51065641400294,0.7918050096381589,76.0091815796976
2694,1791274430.0519686,-0.681554129464286,-1.3260098951690051,0.021359663982780656,1.4910648908486155,-40.19485936281322,-64.52449929300545,0.7927387327373344,76.02411566672627
2695,1791274430.0719686,-0.844415457589286,-1.258949348294005,-0.0025905313297193435,1.5159147856783353,-40.207902519394985,-64.5531636543124,0.7944388020196407,76.0553581005294
2696,1791274430.097547,-0.8827357700892859,-1.302059699856505,-0.03133076570471934,1.5733923600504678,-40.225394913626545,-64.5892373231812,0.7962218514499374,76.09524257917943
2697,1791274430.117547,-0.8635756138392859,-1.258949348294005,0.021359663982780656,1.5268177814111468,-40.239640174549834,-64.6170541175565,0.7973919452556117,76.1263959354627
2698,1791274430.1421783,-0.916266043526786,-1.1631485670440052,0.006989546795280657,1.4807116212487683,-40.2578405166536,-64.65064801160072,0.7986692048789898,76.164544795351
2699,1791274430.1621783,-1.064757254464286,-1.0577677076690053,0.05967997648278066,1.502046015911181,-40.27337354573276,-64.67716518866885,0.7996507470524064,76.19527383580787
2700,1791274430.1721594,-1.064757254464286,-0.9954971998565052,0.22733134367028066,1.4752634428031497,-40.2815567751815,-64.68995080886569,0.8002819696042961,76.21045862030032
2701,1791274430.1921594,-0.911476004464286,-0.8709561842315052,0.21775126554528068,1.2793626519528598,-40.29845886416209,-64.71452705696402,0.8020246961859252,76.24027179021849
2702,1791274430.2325091,-0.997696707589286,-0.6218741529815052,0.30397196867028065,1.2143002677337478,-40.33322125598139,-64.76118964682256,0.8065920907416421,76.2983028130804
2703,1791274430.252509,-1.007276785714286,-0.5835538404815052,0.39019267179528067,1.2277589050389155,-40.350874665528124,-64.78265748320418,0.8095576531538003,76.32588800959402
2704,1791274430.2620678,-0.887525809151786,-0.4925430982940051,0.24170146085778066,1.0434176353543079,-40.35940464610885,-64.7921501217585,0.8112154010748249,76.33847215667721
2705,1791274430.2820678,-0.978536551339286,-0.4159024732940051,0.21775126554528068,1.0853221932889905,-40.37737419638218,-64.81039532289053,0.8148528626007521,76.36349700014863
2706,1791274430.2921016,-1.050387137276786,-0.5069132154815051,0.33271220304528065,1.212836162159409,-40.38656395394328,-64.81887023989732,0.8168182624594258,76.37556991117306
2707,1791274430.3121016,-0.935426199776786,-0.5548136061065051,0.6201145467952807,1.2519514223390857,-40.40511254641656,-64.83482157530989,0.8215774074267648,76.39896725759617
2708,1791274430.336929,-0.681554129464286,-0.7416251295440052,0.30397196867028065,1.0521039976629065,-40.427695360746185,-64.85406697670462,0.8283198147637499,76.42731625090414
2709,1791274430.356929,-0.695924246651786,-0.9236466139190052,-0.026540726642219344,1.156779164167732,-40.44522458235544,-64.86974267958477,0.8333526526524155,76.44994560806694
2710,1791274430.382071,-0.691134207589286,-1.0098673170440051,0.16506083585778067,1.2348050738751428,-40.4665706551081,-64.89013862630553,0.8389916114359086,76.47860706400232
2711,1791274430.402071,-0.384571707589286,-1.1344083326690053,0.21296122648278068,1.2166059951734836,-40.48261757289733,-64.90714595995455,0.8433714823340339,76.50157643916572
2712,1791274430.4124079,-0.20255022321428595,-1.1870987623565052,-0.21335225007971936,1.2230082776198135,-40.49012244252699,-64.91641736653573,0.8452953337568685,76.51343531248848
2713,1791274430.4324079,-0.298351004464286,-1.1823087232940053,-0.20856221101721936,1.237079397171556,-40.50321627150255,-64.93521919165951,0.8478264208380615,76.5363445001448
2714,1791274430.4578216,-0.27919084821428597,-1.0769278639190052,0.26086161710778066,1.1427029084989022,-40.51845953885565,-64.95983294565212,0.8506598955343652,76.56532558532474
2715,1791274430.4778216,-0.07321916852678595,-0.9811270826690052,0.15548075773278067,0.9960650907503517,-40.5291848099714,-64.97938486768149,0.8531798005963781,76.58761776498363
2716,1791274430.5023363,-0.16901994977678594,-1.0242374342315053,-0.05528096101721935,1.0395605079814603,-40.540804579455774,-65.00344258480278,0.8559894533042435,76.6142095291046
2717,1791274430.5223362,-0.34146135602678596,-1.0386075514190052,-0.05528096101721935,1.0946951576467396,-40.549628163646645,-65.0232199503172,0.8577719966056322,76.6356786993858
2718,1791274430.5471892,-0.26003069196428596,-0.9667569654815052,0.04530985929528066,1.0021416937837642,-40.56006926779827,-65.0478478025175,0.8596362276680625,76.66212035413574
2719,1791274430.5671892,-0.298351004464286,-0.9044864576690052,-0.03133076570471934,0.9529379260220034,-40.56804878075186,-65.06750064888021,0.8609323706811332,76.68303219824041
2720,1791274430.5777411,-0.427682059151786,-0.8086856764190052,-0.03612080476721934,0.9155267224404797,-40.57220183135247,-65.07766990922372,0.8614602548300156,76.69386413546088
2721,1791274430.5977411,-0.43247209821428595,-0.8326358717315052,0.17943095304528067,0.9552539335374067,-40.58018295074033,-65.09651536308293,0.8625256825040345,76.71408939226632
2722,1791274430.6220102,-0.437262137276786,-0.8613761061065052,0.24170146085778066,0.9957843988775147,-40.58999805508816,-65.1190366899736,0.8643911429672305,76.73841315527855
2723,1791274430.6420102,-0.43247209821428595,-1.1296182936065051,-0.07444111726721934,1.2118626510146815,-40.59817792404767,-65.13779888235024,0.865948748053484,76.75867873553058
2724,1791274430.6672294,-0.580963309151786,-1.1631485670440052,-0.2804127969547194,1.3300617625858902,-40.60886209996939,-65.16224515244261,0.8669470308920405,76.78508625713546
2725,1791274430.6872294,-0.614493582589286,-1.0865079420440051,-0.20377217195471936,1.2647628114517198,-40.61785736783226,-65.18209859293968,0.8668936854969729,76.80669123712613
2726,1791274430.7122393,-0.466002371651786,-1.1966788404815052,-0.03133076570471934,1.2845933498663664,-40.62944535234138,-65.20748388749819,0.8663959915299871,76.83435707150394
2727,1791274430.7322392,-0.509112723214286,-1.254159309231505,-0.13671162507971935,1.3604416217914865,-40.638784735647526,-65.22841531234745,0.8658056301766147,76.85705308128608
2728,1791274430.7427347,-0.6049135044642859,-1.2828995436065052,-0.25646260164221935,1.441362082514362,-40.64382753654806,-65.23974896226726,0.8652328062040937,76.8693319165013
2729,1791274430.7627347,-0.595333426339286,-1.3595401686065052,-0.07923115632971935,1.4862869624351898,-40.6537959917517,-65.2620703194616,0.8638014333085418,76.89353096221751
2730,1791274430.8020494,-0.40852190290178597,-1.340380012356505,0.30397196867028065,1.4338436736313367,-40.67341204144495,-65.3073275924864,0.8620724554591404,76.9422943073831
2731,1791274430.8220494,-0.33188127790178595,-1.1775186842315053,0.5386838827327807,1.3367407227477146,-40.683004768365784,-65.33067401245012,0.8625888153762439,76.9671871862829
2732,1791274430.8165247,-0.355831473214286,-1.0960880201690053,0.22733134367028066,1.1746082432465703,-40.683004768365784,-65.33067401245012,0.8625888153762439,76.9671871862829
2733,1791274430.8365247,-0.542642996651786,-1.1344083326690053,-0.03612080476721934,1.258033544696299,-40.69216005690707,-65.35378638799597,0.8642253694334162,76.99166299563818
2734,1791274430.861935,-0.5234828404017859,-1.349960090481505,-0.17024189851721935,1.457878195906195,-40.70407894286515,-65.38348083396693,0.8655994605181719,77.02318398364721
2735,1791274430.881935,-0.427682059151786,-1.378700324856505,-0.07444111726721934,1.4454300430735956,-40.71347969397081,-65.40744007873711,0.8661517344550601,77.04849683979603
2736,1791274430.9070647,-0.336671316964286,-1.211048957669005,-0.016960648517219346,1.2570898206316743,-40.724960462149156,-65.43790995702446,0.8665693045058092,77.08043465463051
2737,1791274430.9270647,-0.384571707589286,-1.1391983717315053,0.03093974210778066,1.202757496786259,-40.733808917953226,-65.46204780618922,0.8668727539053629,77.10560524576402
2738,1791274430.936616,-0.355831473214286,-1.1583585279815052,0.07884013273278066,1.214341913633327,-40.73793115748163,-65.47349193188185,0.8670745735712659,77.11750125011861
2739,1791274430.956616,-0.30314104352678595,-1.230209113919005,0.08842021085778067,1.2700894023367122,-40.74625663778776,-65.49744375820282,0.8676846752454981,77.14224164196332
2740,1791274430.9811885,-0.41331194196428594,-1.306849738919005,0.0021995077327806568,1.3706523407915032,-40.756271628589346,-65.52713319761767,0.8684888342026631,77.17274865531756
2741,1791274431.0011885,-0.5043226841517859,-1.3691202467315051,-0.05528096101721935,1.4600984913392612,-40.76457671542235,-65.55168709023751,0.868965550589318,77.19798893942819
2742,1791274431.0264537,-0.446842215401786,-1.393070442044005,0.021359663982780656,1.4631368552556225,-40.7752968453172,-65.58328644177406,0.8694131584802869,77.23048732571651
2743,1791274431.0464537,-0.20734026227678595,-1.551141731106505,-0.08881123445471935,1.5674559291113939,-40.78349127742513,-65.60896473300944,0.8696131591979546,77.25662198905502
2744,1791274431.0565145,-0.14985979352678597,-1.656522590481505,-0.22772236726721937,1.6788038977335125,-40.787264612898824,-65.6223647281034,0.8694598329869156,77.269992024796
2745,1791274431.0765145,-0.19297014508928595,-1.6469425123565051,-0.22772236726721937,1.6737725629417886,-40.794154764151116,-65.6499622545593,0.8685175870978366,77.29705641061419
2746,1791274431.1322036,-0.17380998883928594,-1.627782356106505,-0.016960648517219346,1.637123384070389,-40.811994221422395,-65.7289572578154,0.865265526822723,77.37353151408462
2747,1791274431.1522036,-0.03010881696428595,-1.6373624342315052,0.09800028898278067,1.640568906974717,-40.817745877843954,-65.75796945341989,0.8643943429650269,77.40120220490958
2748,1791274431.1467302,0.013001534598214053,-1.579881965481505,0.07405009367028066,1.5816698394823712,-40.817745877843954,-65.75796945341989,0.8643943429650269,77.40120220490958
2749,1791274431.1667302,-0.07321916852678595,-1.5224014967315052,0.006989546795280657,1.5241772264584208,-40.822013587737494,-65.78768616819728,0.8641058360012924,77.42869702906316
2750,1791274431.1919186,-0.14985979352678597,-1.570301887356505,0.16506083585778067,1.586048881556102,-40.82700363969096,-65.82534073729894,0.8641220125514769,77.46332303890289
2751,1791274431.2119186,-0.12590959821428596,-1.690052863919005,0.13153056242028066,1.6998329913888333,-40.83078513918753,-65.85564478424273,0.864577816971999,77.49107342031373
2752,1791274431.2219584,-0.18339006696428595,-1.694842902981505,-0.16066182039221935,1.7122898711899464,-40.83263157359792,-65.87112406137474,0.8647503697385035,77.5052035642522
2753,1791274431.2419584,-0.34146135602678596,-1.670892707669005,-0.26604267976721935,1.7260524342147991,-40.836545340064895,-65.90238307187987,0.8644024899740047,77.53382952962305
2754,1791274431.2825003,-0.39415178571428594,-1.7283731764190051,-0.20856221101721936,1.7849727345287023,-40.845525620232465,-65.96657929173963,0.8623599787098729,77.59310672591555
2755,1791274431.3025002,-0.45163225446428595,-1.6756827467315052,-0.06965107820471934,1.7368752498844628,-40.85055989721648,-65.9986040657137,0.8610861953855153,77.62296987345174
2756,1791274431.3121114,-0.485162527901786,-1.666102668606505,-0.016960648517219346,1.7353871165869283,-40.85329153969068,-66.01409420915792,0.8605034560337453,77.63757163951217
2757,1791274431.3321114,-0.475582449776786,-1.498451301419005,0.07884013273278066,1.5740872707030324,-40.859564333112225,-66.04623970712345,0.8595655368734448,77.66819574223884
2758,1791274431.3416677,-0.28398088727678594,-1.4745011061065052,0.01656962492028066,1.501690117406989,-40.862656379138926,-66.06142615205074,0.859252989976145,77.68273313486864
2759,1791274431.3616676,-0.41331194196428594,-1.503241340481505,0.06447001554528066,1.5603581870863275,-40.86920285296353,-66.0929083944457,0.8588185500525937,77.7129451968923
2760,1791274431.3867288,-0.628863699776786,-1.498451301419005,0.20817118742028068,1.638340959291816,-40.87813435358414,-66.13208203715395,0.8588682807551072,77.7509601067551
2761,1791274431.4067287,-0.614493582589286,-1.4888712232940051,0.28002177335778067,1.6348553685726572,-40.88605798774333,-66.16313609126654,0.8596343038554101,77.78154849541716
2762,1791274431.4322734,-0.580963309151786,-1.6086221998565051,0.10758036710778066,1.7136969638296091,-40.896950582331684,-66.20278420217468,0.8612085224777599,77.82101826095942
2763,1791274431.4522734,-0.662393973214286,-1.7571134107940052,0.09800028898278067,1.8803769225300175,-40.90606464823998,-66.23421865522045,0.8625645371155737,77.8525649124949
2764,1791274431.4618235,-0.695924246651786,-1.776273567044005,0.17943095304528067,1.9161559980773557,-40.9107367649759,-66.2495080658996,0.8633136276292646,77.86803588152522
2765,1791274431.4818234,-0.590543387276786,-1.7954337232940052,0.06926005460778066,1.8913277616959963,-40.92098323128394,-66.28208207815169,0.8650201088570568,77.90115232150669
2766,1791274431.5063848,-0.638443777901786,-1.7906436842315052,-0.24688252351721934,1.917020146435064,-40.93394303881753,-66.32269074241194,0.8664742382657635,77.94252868379593
2767,1791274431.5263848,-0.710294363839286,-1.7906436842315052,-0.5294948282047194,1.9978207277620232,-40.94493617314955,-66.35616963652785,0.866316137603995,77.97678853803372
2768,1791274431.5520933,-0.839625418526786,-1.939134895169005,-0.21814228914221936,2.1243354357093884,-40.95993582852526,-66.39994050638596,0.8647018516732642,78.02189533471223
2769,1791274431.5720932,-0.815675223214286,-1.9103946607940052,-0.050490921954719346,2.077855423978231,-40.97233746251274,-66.43465875936542,0.8632314380972346,78.05793675297261
2770,1791274431.582138,-0.868365652901786,-1.809803840481505,-0.15108174226721935,2.0130262146846594,-40.978900472347874,-66.45228280639603,0.862451854257954,78.07637284931174
2771,1791274431.602138,-0.825255301339286,-1.6756827467315052,-0.20856221101721936,1.8794832204482774,-40.992548231981814,-66.48733821763409,0.8605930101320369,78.11335208622474
2772,1791274431.6270807,-0.719874441964286,-1.3691202467315051,-0.15108174226721935,1.5541992005692282,-41.0099061885595,-66.53019507027156,0.8579497330071146,78.15891081269751
2773,1791274431.6470807,-0.834835379464286,-1.1679386061065051,-0.18940205476721936,1.448069002772081,-41.024068795947066,-66.5632103096554,0.8556374473145199,78.19441989517705
2774,1791274431.671948,-1.184508231026786,-1.297269660794005,-0.11276142976721935,1.7603077748592564,-41.042802875909686,-66.6027005615911,0.8526301333546631,78.2378320772761
2775,1791274431.691948,-1.160558035714286,-1.211048957669005,0.10758036710778066,1.6808057792378126,-41.059127616440655,-66.63345968392822,0.8505664772798154,78.27255823981429
2776,1791274431.7019267,-0.839625418526786,-1.0146573561065053,0.14111064054528066,1.3245424140481208,-41.06754786218298,-66.64817030781276,0.8498774067925888,78.28949089372392
2777,1791274431.7219267,-0.921056082589286,-0.8038956373565052,-0.14150166414221935,1.230697048014076,-41.08453373842167,-66.67595937343381,0.848702909476041,78.32204522035835
2778,1791274431.74693,-1.127027762276786,-0.7224649732940052,-0.31394307039221936,1.375029987319048,-41.106424203422556,-66.70835134887726,0.8466007774077728,78.36108079495385
2779,1791274431.7669299,-1.031226981026786,-0.6841446607940052,0.03093974210778066,1.2379177157356864,-41.12454518244442,-66.73248496915005,0.8447470070262395,78.39111151225393
2780,1791274431.7919676,-0.892315848214286,-0.4446427076690051,0.23691142179528066,1.0247251983993886,-41.14743991690169,-66.76028537396657,0.8432773783477384,78.42677241647345
2781,1791274431.8119676,-0.8635756138392859,-0.5643936842315052,0.04051982023278066,1.032446089367386,-41.165618673694624,-66.78067467028033,0.842695685621541,78.45366024746343
2782,1791274431.821353,-0.901895926339286,-0.3201016920440051,0.021359663982780656,0.9572552378766549,-41.174112490640624,-66.78943010197221,0.8425072184317585,78.4655678062121
2783,1791274431.841353,-0.930636160714286,0.1253719407684949,0.19380107023278068,0.9588329583323972,-41.192246411999676,-66.80558119343652,0.8424885824977477,78.48883124414186
2784,1791274431.867098,-0.748614676339286,0.40798424545599493,0.15548075773278067,0.8666310311753388,-41.21533044867931,-66.82222338395644,0.8431426151854069,78.51511887170997
2785,1791274431.887098,-0.681554129464286,0.2020125657684949,0.050099898357780656,0.7126255032860185,-41.23271850079944,-66.83229752470626,0.8438828553190867,78.53282884036796
2786,1791274431.9125288,-0.830045340401786,0.35529381576849495,0.24649149992028066,0.935931099055376,-41.25439466786874,-66.84212275442056,0.8452485995395737,78.55258683789049
2787,1791274431.9325287,-0.858785574776786,0.7816072923309949,0.6632248983577806,1.3372695646994186,-41.27141806696848,-66.8469854061177,0.8475261500043834,78.56569039803027
2788,1791274431.9572399,-0.758194754464286,0.9684188157684949,0.5817942342952807,1.3605803245273118,-41.2922932572826,-66.8488488957179,0.8522255258369866,78.57829451874632
2789,1791274431.9772398,-0.945006277901786,0.9348885423309949,0.2560715780452807,1.3537452141884603,-41.309209110197905,-66.84727592209472,0.8567152514480164,78.58589578631006
2790,1791274432.0024102,-0.997696707589286,0.8342977220184948,0.050099898357780656,1.3015227270836305,-41.33097205784547,-66.84225342481379,0.8620960727030306,78.59312504152004
2791,1791274432.0224102,-0.897105887276786,0.8869881517059949,0.026149703045280658,1.2618362656156474,-41.348512906702844,-66.83627931468695,0.8658446420101577,78.59731190804632
2792,1791274432.0316534,-0.887525809151786,1.021109245455995,-0.021750687579719343,1.353085084344822,-41.35664081212607,-66.83260967767546,0.8673202739254917,78.59848408238733
2793,1791274432.0516534,-1.107867606026786,1.092959831393495,-0.021750687579719343,1.5564076965671332,-41.374582565936805,-66.82268946065649,0.8699689719887508,78.59952134251886
2794,1791274432.077277,-1.141397879464286,1.140860222018495,0.05488993742028066,1.6147334364097565,-41.398443741933804,-66.8075934394897,0.8729170962849628,78.59928542733192
2795,1791274432.097277,-1.064757254464286,1.203130729830995,0.3375022421077807,1.6416879506854418,-41.41758369936606,-66.79406198176689,0.8754616208468896,78.59789684570246
2796,1791274432.1071193,-1.074337332589286,1.1552303392059948,0.31355204679528065,1.6084379773141924,-41.42716902221019,-66.786660848738,0.877006596168216,78.59667639976162
2797,1791274432.1271193,-1.328209402901786,1.049849479830995,0.07884013273278066,1.694856900976437,-41.44732880111886,-66.7705698464637,0.8802636962988906,78.59366976127636
2798,1791274432.16697,-1.433590262276786,1.0306893235809949,0.17943095304528067,1.774738569127693,-41.48972702531054,-66.73709888853263,0.8865520277997004,78.58768218487273
2799,1791274432.18697,-1.337789481026786,1.1456502610809949,0.3279221639827807,1.7915714224925612,-41.511970822437455,-66.71955594868119,0.8899956069142066,78.5845720210553
2800,1791274432.196523,-1.294679129464286,1.136070182955995,0.3279221639827807,1.7533917002493251,-41.522887915532,-66.71079870947301,0.8918635973652224,78.58292630067912
2801,1791274432.216523,-1.3713197544642861,1.136070182955995,0.16027079679528067,1.7879765261017975,-41.546314447745814,-66.69180653734007,0.8959200727389468,78.57923374646576
2802,1791274432.2265742,-1.5293910435267861,1.251031120455995,0.2848118124202807,1.996304985933627,-41.55850844265685,-66.68189398727179,0.8979884347731575,78.57729311281422
2803,1791274432.2465742,-1.510230887276786,1.279771354830995,0.39977274992028067,2.0195123929081524,-41.58369194346968,-66.66133239155387,0.9025135938804365,78.5732219184994
2804,1791274432.2714934,-1.438380301339286,1.284561393893495,0.35187235929528066,1.9603188575327537,-41.61587382807032,-66.63476362360863,0.9087108379902534,78.56779513919902
2805,1791274432.2914934,-1.495860770089286,1.236661003268495,0.39977274992028067,1.9816024152377227,-41.642229740497434,-66.61285651957677,0.9140660786341473,78.56324502115604
2806,1791274432.3166826,-1.486280691964286,1.1887606126434949,0.5530539999202807,1.9819310826328436,-41.676078632076084,-66.5848220049616,0.9215991479698351,78.55751648676876
2807,1791274432.3366826,-1.562921316964286,1.183970573580995,0.7829758749202806,2.1112935804464206,-41.70349680419418,-66.56234261930231,0.9286872051835748,78.55310026085472
2808,1791274432.3472257,-1.505440848214286,1.097749870455995,0.8691965780452807,2.0559449449934033,-41.71820866328519,-66.55046576772341,0.9331696671425568,78.55090218197371
2809,1791274432.3672256,-1.400059988839286,1.0258992845184949,0.8069260702327807,1.9140969142510889,-41.746288697769415,-66.5281297500983,0.9429114879227853,78.54701617602977
2810,1791274432.3916788,-1.419220145089286,0.9588387376434949,0.7925559530452807,1.8872473297743828,-41.78064169011804,-66.50127682673201,0.9559692063407182,78.54269995834842
2811,1791274432.4116788,-1.3713197544642861,0.8678279954559949,0.6775950155452807,1.7586296664656176,-41.80870989963302,-66.47986851794634,0.9672522338390651,78.5396506136803
2812,1791274432.4372687,-1.232408621651786,0.7672371751434949,0.4859934530452807,1.530906114053602,-41.844233338173844,-66.4534473144072,0.9817565689956329,78.53638882447422
2813,1791274432.4572687,-1.213248465401786,0.7001766282684949,0.4476731405452807,1.4705884503622697,-41.87150085219404,-66.43369398659921,0.9927926288005589,78.53434864773627
2814,1791274432.4818351,-1.294679129464286,0.7432869798309949,0.5147336874202807,1.5791201194405582,-41.90459094980347,-66.41041050628408,1.0060883026336969,78.53247468376514
2815,1791274432.501835,-1.304259207589286,0.8151375657684948,0.5817942342952807,1.6443922472353278,-41.931387737104814,-66.39196067800859,1.0169337136921657,78.53131779365292
2816,1791274432.5120783,-1.194088309151786,0.7672371751434949,0.45246317960778065,1.4897055755671735,-41.94497265496834,-66.3827131727263,1.0224496618164656,78.53082670206292
2817,1791274432.5320783,-1.198878348214286,0.6810164720184949,0.3758225546077807,1.4291029779303697,-41.97110817040246,-66.36519326752766,1.0328465756677971,78.53011887509652
2818,1791274432.5570612,-1.280309012276786,0.7768172532684949,0.39019267179528067,1.547542094101323,-42.00350352267517,-66.34385948958135,1.0453210619354554,78.52957848018302
2819,1791274432.5770612,-1.280309012276786,1.0019490892059948,0.40935282804528067,1.6765031709205178,-42.02938831682025,-66.32667447487906,1.0550088177812837,78.52904095166473
2820,1791274432.602228,-1.232408621651786,1.097749870455995,0.4428831014827807,1.7088098871398234,-42.06181714948294,-66.30433039630859,1.0669793247857555,78.52769661781065
2821,1791274432.622228,-1.170138113839286,1.006739128268495,0.45246317960778065,1.608561409069282,-42.08732644184709,-66.28608037907811,1.076408346299084,78.52608581848575
2822,1791274432.6322742,-1.218038504464286,0.8774080735809949,0.4572532186702807,1.5692492574244026,-42.10001745164361,-66.27686860140331,1.0811196581098395,78.52517813256796
2823,1791274432.6522741,-1.270728934151786,0.9588387376434949,0.4668332967952807,1.6589325109518638,-42.125225985258886,-66.25852631097287,1.0904781419061502,78.52334758394467
2824,1791274432.69169,-1.285099051339286,1.016319206393495,0.5338938436702807,1.7232025236014663,-42.17501018884565,-66.22196083350248,1.109113573935985,78.51948620554684
2825,1791274432.71169,-1.285099051339286,1.064219597018495,0.5147336874202807,1.7461367905741576,-42.200337325433786,-66.20306939946062,1.1187239441626562,78.51730007809388
2826,1791274432.7222142,-1.265938895089286,1.006739128268495,0.4764133749202807,1.686147876756254,-42.2136792848578,-66.19298495046365,1.1238048226884652,78.51604239069006
2827,1791274432.7422142,-1.342579520089286,1.011529167330995,0.5434739217952806,1.7666564260761222,-42.23914348521378,-66.17366801995557,1.133541855962662,78.51359435613038
2828,1791274432.7524235,-1.2898890904017861,1.179180534518495,0.46204325773278065,1.8076959286730696,-42.25220799408567,-66.16360904497627,1.1385366452204904,78.51221884474067
2829,1791274432.7724235,-1.299469168526786,1.0785897142059948,0.4333030233577807,1.7434814027094352,-42.277846306804626,-66.14347275833477,1.1481967030831854,78.50919457326854
2830,1791274432.796482,-1.323419363839286,1.1217000657684948,0.45246317960778065,1.7928671950344255,-42.308793964735436,-66.11891340503507,1.159672292655195,78.50534756587804
2831,1791274432.816482,-1.309049246651786,1.045059440768495,0.5961643514827807,1.7779682502446021,-42.334610524514346,-66.0983094349823,1.1693539750893014,78.502058235081
2832,1791274432.841982,-1.275518973214286,1.0258992845184949,0.4428831014827807,1.6957486354363354,-42.36753200310493,-66.0720193374276,1.1818335989425353,78.49787409869847
2833,1791274432.8619819,-1.222828543526786,1.0690096360809949,0.34229228117028065,1.6598961577901843,-42.393227306584045,-66.05135013882378,1.1913311606910715,78.49449564500452
2834,1791274432.8715358,-1.2515687779017861,0.9875789720184949,0.5722141561702807,1.6938611726801414,-42.405433679557106,-66.04148395116852,1.19584284858586,78.49285603252234
2835,1791274432.8915358,-1.165348074776786,1.006739128268495,0.6009543905452807,1.6530898303747503,-42.43077876171848,-66.02093683290506,1.205630582686649,78.48941732311593
2836,1791274432.9171894,-1.155767996651786,1.1073299485809949,0.2943918905452807,1.6274660863832757,-42.46287784817085,-65.9944672286347,1.2180246085100237,78.4847073249748
2837,1791274432.9371893,-1.285099051339286,1.131280143893495,0.19859110929528068,1.7235755754860156,-42.487810387281485,-65.97356858825059,1.2269772856120944,78.48076998242051
2838,1791274432.9770975,-1.294679129464286,1.212710807955995,0.32313212492028065,1.8031294801425604,-42.53782000585067,-65.93110659853599,1.2437234876404901,78.47243972422021
2839,1791274432.9970975,-1.184508231026786,1.222290886080995,0.09321024992028067,1.7046239791394084,-42.56284175689601,-65.90936624618725,1.2514815063026579,78.46786771256905
2840,1791274432.9916184,-1.424010184151786,1.1121199876434948,0.011779585857780658,1.8068632018299424,-42.56284175689601,-65.90936624618725,1.2514815063026579,78.46786771256905
2841,1791274433.0116184,-1.6060316685267861,1.212710807955995,0.26086161710778066,2.0292988955115265,-42.588790888278346,-65.88719522772207,1.2576294981134624,78.46342610577229
2842,1791274433.0368373,-1.500650809151786,1.1935506517059948,0.41893290617028067,1.962656564217997,-42.62247939674803,-65.85888091894668,1.2655047371270263,78.4580744605799
2843,1791274433.0568373,-1.270728934151786,0.9636287767059949,0.3566623983577807,1.6341788487765807,-42.64934572620375,-65.83655861161363,1.2719767902482204,78.45404429121943
2844,1791274433.081683,-1.261148856026786,0.8630379563934949,0.31355204679528065,1.5600146913676938,-42.68243288333401,-65.80958376911097,1.2800597746374929,78.44953757499525
2845,1791274433.101683,-1.352159598214286,0.9157283860809949,0.3854026327327807,1.677924088102582,-42.70899190641264,-65.78845875723009,1.286638786639618,78.44638127205786
2846,1791274433.111848,-1.356949637276786,0.9205184251434949,0.4237229452327807,1.6935783487784093,-42.72253139021921,-65.77793234850705,1.2900979348911477,78.44498342860841
2847,1791274433.131848,-1.189298270089286,0.6379061204559949,0.3087620077327807,1.3844452214413412,-42.74899376359328,-65.75799068038249,1.2969816315723655,78.44279423550415
2848,1791274433.1574388,-1.160558035714286,0.39840416733099493,0.2656516561702807,1.2554647096727642,-42.78228442470788,-65.73431305248371,1.3055708394677419,78.44124099155623
2849,1791274433.1774387,-1.332999441964286,0.17327233139349493,0.27044169523278067,1.3711489793687686,-42.808139886052736,-65.71772638897659,1.3120808263031656,78.44155759758344
2850,1791274433.2025328,-1.337789481026786,0.1253719407684949,0.20817118742028068,1.3596816032990762,-42.84074123283655,-65.6994746914732,1.3199244848024057,78.44419854112839
2851,1791274433.2225327,-1.112657645089286,0.0343611985809949,0.09321024992028067,1.1170836485392486,-42.86650272347129,-65.6868704565249,1.325690252859301,78.4478136136386
2852,1791274433.2318132,-1.122237723214286,0.16369225326849493,0.05967997648278066,1.1356823326873966,-42.87821911176476,-65.68176125232576,1.3280707992312015,78.44997901498635
2853,1791274433.2518132,-1.203668387276786,0.17327233139349493,0.10279032804528067,1.22041252816238,-42.90317013346396,-65.67189672827035,1.3326752067294443,78.45543990442084
2854,1791274433.2774146,-1.184508231026786,-0.12371009048150511,0.10279032804528067,1.1953785121863303,-42.934903889330464,-65.6610683697047,1.3380798145339017,78.46382815684653
2855,1791274433.2974145,-1.198878348214286,-0.2769913404815051,0.08363017179528066,1.2332994373440962,-42.95955100125201,-65.65447911085101,1.3419482445210091,78.47187059473808
2856,1791274433.3215418,-1.241988699776786,-0.3344718092315051,0.04051982023278066,1.2868757427877504,-42.989241223672806,-65.64882889534474,1.346139621808483,78.48347398146174
2857,1791274433.3415418,-1.361739676339286,-0.3680020826690051,-0.021750687579719343,1.4107563827165692,-43.01406645339389,-65.6459014804283,1.3491210072351756,78.49467766369415
2858,1791274433.366622,-1.4096400669642861,-0.3584220045440051,0.07405009367028066,1.4563773096642907,-43.045740913935845,-65.64414753533399,1.3523972708251137,78.51062918387879
2859,1791274433.386622,-1.318629324776786,-0.33926184829400513,0.05488993742028066,1.3626792737468159,-43.07130304839701,-65.64400519266597,1.3548114133372577,78.5245699000467
2860,1791274433.3972204,-1.285099051339286,-0.4206925123565051,-0.050490921954719346,1.3531485856718761,-43.08488674137802,-65.6445451505092,1.3559023202752507,78.5324916492323
2861,1791274433.4172204,-1.390479910714286,-0.5021231764190051,0.06447001554528066,1.479769728471808,-43.110688498655435,-65.6467954710304,1.357673115600033,78.54856137913809
2862,1791274433.441591,-1.227618582589286,-0.5404434889190051,0.07884013273278066,1.3436302748757922,-43.142198145395405,-65.65103185421984,1.359769167112585,78.56943563834588
2863,1791274433.461591,-1.179718191964286,-0.5931339186065051,-0.021750687579719343,1.3206119605179951,-43.16778898914197,-65.65568734651671,1.3613169210856015,78.58740656691933
2864,1791274433.4873874,-1.150977957589286,-0.6601944654815052,-0.20856221101721936,1.3431698280460314,-43.2003547453728,-65.66321624233927,1.3625682055056532,78.61160989019953
2865,1791274433.5073874,-1.222828543526786,-0.6506143873565052,-0.13671162507971935,1.3918688143395768,-43.22537647109231,-65.67014403909364,1.3628748988252646,78.63115424036972
2866,1791274433.5174437,-1.203668387276786,-0.6601944654815052,0.10758036710778066,1.3770431562478185,-43.237900650793485,-65.67409355676313,1.3629840055374862,78.64133990840767
2867,1791274433.5374436,-1.064757254464286,-0.7128848951690052,-0.22293232820471937,1.3006197398368304,-43.26247526347975,-65.68282978668843,1.36299542136578,78.66214878344569
2868,1791274433.5622516,-1.198878348214286,-0.8565860670440052,-0.34747334382971934,1.5138648251224869,-43.29259692072893,-65.69496087557083,1.3619461637092518,78.68882849513223
2869,1791274433.5822515,-1.2515687779017861,-0.8661661451690053,-0.08402119539221935,1.5243778265674957,-43.31691387821952,-65.70585800111422,1.3605799039153512,78.71128242679451
2870,1791274433.6073895,-1.083917410714286,-0.7655753248565051,0.07405009367028066,1.3290846277236386,-43.34729637888591,-65.72057646574257,1.3591014451665364,78.74026562748404
2871,1791274433.6273894,-1.064757254464286,-1.0050772779815051,-0.16066182039221935,1.472990348298582,-43.37106613164761,-65.73318608370917,1.357971691856688,78.76385730287193
2872,1791274433.6366675,-1.285099051339286,-1.1152481764190052,-0.29478291414221935,1.7268917259716163,-43.38207412816445,-65.73963371943202,1.357209286688274,78.77528682445093
2873,1791274433.6566675,-1.237198660714286,-1.1344083326690053,0.006989546795280657,1.6785683319622406,-43.406027281427306,-65.75482206233455,1.3553806587998394,78.80112236215636
2874,1791274433.6827478,-1.083917410714286,-1.4074405592315051,0.05967997648278066,1.7774497406712908,-43.43711752587362,-65.77662900342604,1.353484184401435,78.83641304275791
2875,1791274433.7027478,-1.150977957589286,-1.6756827467315052,-0.23251240632971937,2.046148808285283,-43.46073543913019,-65.79546811596806,1.3519887559156232,78.86511917892193
2876,1791274433.726816,-1.227618582589286,-1.776273567044005,-0.06965107820471934,2.1603347985885986,-43.48918773255518,-65.82096972463448,1.3499136502073115,78.90203908639937
2877,1791274433.746816,-1.026436941964286,-1.651732551419005,0.16985087492028067,1.9520867134831168,-43.51266546264194,-65.8441242278227,1.3485982446026785,78.93427308981876
2878,1791274433.757071,-1.069547293526786,-1.541561652981505,0.17464091398278067,1.8843681147457056,-43.52451013504858,-65.85667200096394,1.3482898952558993,78.95126417721342
2879,1791274433.777071,-1.1318178013392861,-1.6038321607940051,0.13153056242028066,1.967381362185852,-43.54744721688116,-65.88219066196635,1.3482379980951467,78.98519450647852
2880,1791274433.8017244,-1.1318178013392861,-1.699632942044005,0.5817942342952807,2.1232635738807577,-43.57566552789008,-65.91503653193915,1.3495025646794996,79.02817108080825
2881,1791274433.8217244,-0.935426199776786,-1.4361807936065052,1.1374387655452807,2.057037771291092,-43.59822456519956,-65.94238939462036,1.35295340426969,79.06348327276908
2882,1791274433.847317,-0.825255301339286,-0.7368350904815052,0.8021360311702807,1.366526426914274,-43.62614122008624,-65.97631167390846,1.3604297331122135,79.107298455366
2883,1791274433.867317,-1.160558035714286,-0.7368350904815052,0.4285129842952807,1.4399459304208395,-43.64766370848024,-66.00105521296894,1.3672418919862828,79.13992157454516
2884,1791274433.8770437,-1.194088309151786,-0.9859171217315053,0.3854026327327807,1.5957489308452208,-43.658278574347456,-66.01254065059923,1.3706517127476596,79.15541356938262
2885,1791274433.8970437,-1.294679129464286,-1.2158389967315053,0.4285129842952807,1.8270418418725725,-43.68056389103644,-66.03591699557431,1.3778321112174436,79.18732484818514
2886,1791274433.9220884,-1.222828543526786,-1.2014688795440052,0.03572978117028066,1.7146759847385291,-43.70901314287606,-66.06533932742673,1.3863469374799466,79.22770253013279
2887,1791274433.9420884,-1.246778738839286,-0.9523868482940052,0.17464091398278067,1.5786061514075669,-43.73202851079654,-66.08854158178482,1.3924422400776373,79.25985453852647
2888,1791274433.9674015,-1.112657645089286,-0.6697745436065052,0.5674241171077807,1.4172420763985532,-43.761268016262186,-66.11658243561827,1.4004084237460015,79.29950942540778
2889,1791274433.9874015,-0.992906668526786,-0.7559952467315052,0.38061259367028066,1.3047062550421105,-43.78406324156371,-66.13755297084015,1.4071804655951605,79.32969345569595
2890,1791274434.0124636,-1.174928152901786,-0.8805362623565052,0.16985087492028067,1.4780560183961742,-43.81241812300298,-66.16296563500228,1.4154283176371854,79.36667714302837
2891,1791274434.0324636,-1.256358816964286,-0.7033048170440052,0.2752317342952807,1.4658880073881464,-43.83529858702152,-66.18257918173767,1.4216905814034555,79.39577062709044
2892,1791274434.0423892,-1.107867606026786,-0.6697745436065052,0.4955735311702807,1.3862040602102583,-43.846710427286254,-66.19187508031482,1.4249060488537,79.40987784394555
2893,1791274434.0623891,-1.083917410714286,-0.6362442701690052,0.3279221639827807,1.2989290474092885,-43.869543622743954,-66.20975556869877,1.4316485525657594,79.43751133886771
2894,1791274434.0872269,-1.218038504464286,-0.7799454420440052,0.11716044523278066,1.4510889913613005,-43.8979346019506,-66.23126841559865,1.439595083905564,79.47126532440397
2895,1791274434.1072268,-1.208458426339286,-1.0338175123565052,0.17464091398278067,1.5998905793466494,-43.92100631858669,-66.24871335045412,1.4454717242444834,79.4986553668272
2896,1791274434.1323185,-1.088707449776786,-1.0625577467315053,0.21296122648278068,1.5361202297748886,-43.94993288216996,-66.2712616735458,1.4524679685941144,79.53355510318029
2897,1791274434.1523185,-1.021646902901786,-0.9523868482940052,0.10758036710778066,1.4008485422768746,-43.97269660964851,-66.2895609288953,1.4576888454286259,79.56147806595854
2898,1791274434.1621928,-1.026436941964286,-0.9667569654815052,-0.10318135164221935,1.4138027505499906,-43.983766397170875,-66.29866166611255,1.4598830964825271,79.57521915680758
2899,1791274434.1821928,-1.141397879464286,-1.0625577467315053,0.05488993742028066,1.5603944980724282,-44.00607624381703,-66.31737375329693,1.4635883516825798,79.60320909846722
2900,1791274434.2071795,-1.189298270089286,-0.8949063795440052,0.21296122648278068,1.5035425791679389,-44.03413564757162,-66.34091312192236,1.4680250562401607,79.63841380668588
2901,1791274434.2271795,-1.122237723214286,-0.7607852857940052,0.21775126554528068,1.3731814782221692,-44.05669344721344,-66.35941190442345,1.4716896811523885,79.66636464857855
2902,1791274434.251755,-1.007276785714286,-0.7751554029815052,0.05967997648278066,1.2724127166148995,-44.08417917073323,-66.38156410102803,1.4760285802542628,79.70009765380422
2903,1791274434.271755,-0.949796316964286,-0.7320450514190052,0.09800028898278067,1.2031654323768968,-44.106127916238385,-66.39914859242118,1.4792665164222298,79.72694452309469
2904,1791274434.2818875,-0.964166434151786,-0.5356534498565051,0.4333030233577807,1.1850287089936427,-44.117034288136196,-66.40768444590805,1.481064640647107,79.74012051857997
2905,1791274434.3018875,-1.026436941964286,-0.3153116529815051,0.5147336874202807,1.1907749591338421,-44.138318459160686,-66.42328200142423,1.485503514315657,79.76496893332346
2906,1791274434.3279498,-1.256358816964286,-0.1859805982940051,0.5291038046077807,1.3758550417671642,-44.16635591024126,-66.44153844242304,1.4924605745658923,79.79581733119045
2907,1791274434.3479497,-1.352159598214286,-0.3632120436065051,0.6249045858577806,1.5332202415471554,-44.18855705951461,-66.45427061147154,1.4987295632593933,79.8188251467563
2908,1791274434.3720722,-1.179718191964286,-0.4829630201690051,0.5003635702327807,1.369434917664343,-44.215898453315,-66.4688545983921,1.50719238864341,79.84626438696077
2909,1791274434.3920722,-1.088707449776786,-0.6075040357940051,0.18901103117028067,1.2609798708185351,-44.23856955998647,-66.48076816173108,1.5141905094211736,79.8688696864205
2910,1791274434.4020462,-1.136607840401786,-0.6841446607940052,-0.0025905313297193435,1.3266265528053955,-44.249844388225064,-66.48678448599826,1.5172964333960175,79.88018169819412
2911,1791274434.4220462,-1.332999441964286,-0.7033048170440052,0.20817118742028068,1.521466536347865,-44.27276594447509,-66.49912005826026,1.5228986322586235,79.90325395840472
2912,1791274434.4475105,-1.2515687779017861,-0.7224649732940052,0.3279221639827807,1.4818613258623183,-44.30250848925241,-66.51519299619954,1.5299853632480618,79.93324723151005
2913,1791274434.4675105,-1.064757254464286,-0.7607852857940052,0.18901103117028067,1.3222055180338053,-44.325839120715735,-66.5281481751747,1.5354918693507298,79.9570650327688
2914,1791274434.4924762,-1.012066824776786,-0.7847354811065052,0.0021995077327806568,1.280661497412759,-44.35448270493058,-66.5447880981701,1.541692554088866,79.98691002272611
2915,1791274434.5124762,-1.155767996651786,-0.7416251295440052,0.13153056242028066,1.379531726241278,-44.377238783469615,-66.5584082908107,1.5461153928665727,80.010946182753
2916,1791274434.5223024,-1.294679129464286,-0.5787638014190051,0.45246317960778065,1.4885847355808006,-44.388547912705526,-66.56506934167523,1.5483928108918938,80.02280401583917
2917,1791274434.5423024,-1.2515687779017861,-0.46859290298150513,0.39019267179528067,1.3922119219666036,-44.411932864774805,-66.57816445869787,1.5535968857914502,80.04677024563968
2918,1791274434.5672452,-1.170138113839286,-0.6122940748565051,0.20817118742028068,1.3369601650145433,-44.441252950524756,-66.59406827338427,1.5602329547117841,80.07639614696492
2919,1791274434.5872452,-1.194088309151786,-0.7464151686065051,0.25128153898278066,1.4304282246279971,-44.464782587989575,-66.60694568693712,1.5654449904519943,80.10026668094123
2920,1791274434.6115441,-1.318629324776786,-0.6745645826690052,0.31355204679528065,1.5139800389708584,-44.4936609723515,-66.62283386894966,1.571856846113825,80.12963617412035
2921,1791274434.631544,-1.419220145089286,-0.6027139967315052,0.34229228117028065,1.5794347051499387,-44.517971617636064,-66.6358654637386,1.5773264696249485,80.15407863510066
2922,1791274434.6416838,-1.318629324776786,-0.5835538404815052,0.21775126554528068,1.4583326076545664,-44.530530067817274,-66.64238340112583,1.5801094379329406,80.16652742472556
2923,1791274434.6616838,-1.222828543526786,-0.6649845045440052,0.20817118742028068,1.4074264746051377,-44.555397446947275,-66.65518402414234,1.5854141788309746,80.19108764112228
2924,1791274434.6872663,-1.270728934151786,-0.7128848951690052,0.28002177335778067,1.4837011462572556,-44.587219108302484,-66.67174532922236,1.5921185003748115,80.22266870639305
2925,1791274434.7072663,-1.328209402901786,-0.6649845045440052,0.3279221639827807,1.5211435023926916,-44.61226347626371,-66.68481736328954,1.5974855361413625,80.24755995847498
2926,1791274434.7476146,-1.2515687779017861,-0.6745645826690052,0.2943918905452807,1.4519395191359743,-44.66301638224893,-66.71128697862251,1.6085721488088836,80.29799715474284
2927,1791274434.7676146,-1.174928152901786,-0.7559952467315052,0.22254130460778065,1.4147471893657768,-44.688039894069675,-66.72458528439111,1.6140186808662973,80.32307418948886
2928,1791274434.777149,-1.198878348214286,-0.7272550123565051,0.24649149992028066,1.4237159851415677,-44.69987714163456,-66.73103453745448,1.6165610681583082,80.33506865997721
2929,1791274434.797149,-1.361739676339286,-0.5979239576690051,0.4285129842952807,1.547731043489416,-44.724824152701416,-66.74452147220845,1.6221067095859714,80.36026550616569
2930,1791274434.8072119,-1.299469168526786,-0.5212833326690051,0.4380930624202807,1.4670657668322105,-44.73750183459803,-66.7511341859207,1.6251324870026294,80.37287503323348
2931,1791274434.8272119,-1.189298270089286,-0.6458243482940051,0.24649149992028066,1.3756007864274047,-44.762652235732894,-66.76405614406663,1.6312710104541466,80.39773176585763
2932,1791274434.852579,-1.170138113839286,-0.7033048170440052,0.15069071867028067,1.3735241402429113,-44.79425605678058,-66.78055420917221,1.6386446682224656,80.42917973293838
2933,1791274434.872579,-1.203668387276786,-0.7176749342315052,0.20338114835778068,1.4160645427596243,-44.818996206477024,-66.79374192957218,1.6441172655559804,80.45402105235878
2934,1791274434.8975198,-1.285099051339286,-0.7128848951690052,0.26086161710778066,1.4925592882004193,-44.84987569541088,-66.8103966162009,1.6507865116995557,80.48518833931548
2935,1791274434.9175198,-1.304259207589286,-0.7080948561065052,0.22254130460778065,1.5006715290437336,-44.8748076627089,-66.82388017382709,1.6560574759255597,80.51038349563792
2936,1791274434.927271,-1.347369559151786,-0.6985147779815052,0.2943918905452807,1.5459606104963524,-44.8870792210524,-66.83049674546827,1.6586199254031404,80.52276818577478
2937,1791274434.9472709,-1.376109793526786,-0.6697745436065052,0.5386838827327807,1.6224846466514562,-44.912558606011665,-66.84408447345133,1.664336898719884,80.54836787263147
2938,1791274434.9723957,-1.184508231026786,-0.6601944654815052,0.4380930624202807,1.425076142865144,-44.94459073237949,-66.86109965004724,1.6722821072167235,80.58051507629345
2939,1791274434.9923956,-0.997696707589286,-0.7559952467315052,0.14590067960778066,1.260243842169103,-44.96953767716657,-66.87473677492687,1.6785339996330764,80.60587580320546
2940,1791274435.0170305,-1.203668387276786,-0.8422159498565052,0.2943918905452807,1.4982696279178254,-44.99972394023569,-66.89196746955332,1.6858931062839655,80.63716700263605
2941,1791274435.0370305,-1.179718191964286,-0.8709561842315052,0.5147336874202807,1.5541076076861173,-45.024129922122995,-66.90642776536161,1.6921851582558434,80.6629149124651
2942,1791274435.047585,-1.083917410714286,-0.9332266920440052,0.5913743124202807,1.5477443553066244,-45.03686956084383,-66.914342379877,1.6958831626183373,80.67666859553087
2943,1791274435.067585,-1.036017020089286,-1.0194473951690053,0.32313212492028065,1.488965623373169,-45.06056891401201,-66.93001928290947,1.7032112148706595,80.70305620301824
2944,1791274435.0924828,-1.356949637276786,-1.1775186842315053,0.8739866171077807,1.9979277205903618,-45.09011504929459,-66.95071039869305,1.713200875650672,80.7369255996822
2945,1791274435.1124828,-1.079127371651786,-1.2445792311065051,1.0176877889827807,1.9362803987528283,-45.1139429735656,-66.96847123362204,1.7228592272465162,80.76516720658418
2946,1791274435.1373374,-0.561803152901786,-1.584672004544005,0.13632060148278066,1.686828814961533,-45.14217184101989,-66.99250643668366,1.73521276287258,80.80112969832604
2947,1791274435.1573374,-0.791725027901786,-2.073255988919005,-0.49596455476721935,2.2740272106947295,-45.1635099910642,-67.01443281856261,1.7431228157797702,80.83140056845167
2948,1791274435.1671672,-1.347369559151786,-2.202587043606505,-0.5151247110172193,2.6328972409672002,-45.17400133610252,-67.02674518564548,1.745681953135682,80.8475254561149
2949,1791274435.1871672,-1.457540457589286,-2.183426887356505,0.03093974210778066,2.6254017646033905,-45.19635285351969,-67.05461770584255,1.7493815520159384,80.8832022285906
2950,1791274435.212704,-1.189298270089286,-1.900814582669005,-0.021750687579719343,2.242320125525056,-45.2256806477351,-67.09269051900027,1.75341437787782,80.93124102044783
2951,1791274435.232704,-1.007276785714286,-1.8337540357940052,-0.20377217195471936,2.102090265638669,-45.2484991946699,-67.12363766533612,1.7557607701354665,80.96969870685774
2952,1791274435.2569811,-0.8827357700892859,-1.7235831373565051,-0.045700882892219345,1.9370208676914005,-45.275484287636665,-67.16204555352594,1.7577274981799298,81.01666153558654
2953,1791274435.276981,-1.083917410714286,-1.584672004544005,0.16506083585778067,1.9269943940679086,-45.29733042846546,-67.19390284530422,1.759283728503195,81.05531322971457
2954,1791274435.2873428,-1.141397879464286,-1.455340949856505,0.21296122648278068,1.8617623058703958,-45.308680194263985,-67.21029435844207,1.7602628184480498,81.07526561094038
2955,1791274435.3073428,-1.218038504464286,-1.383490363919005,0.22254130460778065,1.8566604475969397,-45.330840456502614,-67.24144550748196,1.7625224257000875,81.11352276735153
2956,1791274435.3322525,-1.241988699776786,-1.1296182936065051,0.21296122648278068,1.6923137722091472,-45.358896641544234,-67.27911919568973,1.765728211152988,81.1605025884006
2957,1791274435.3522525,-0.978536551339286,-0.8230557936065052,0.09321024992028067,1.2820463222467504,-45.38137474740601,-67.30775911969111,1.7683752993668058,81.19686424288977
2958,1791274435.3768394,-0.772564871651786,-0.4542227857940051,-0.25646260164221935,0.9321737424353375,-45.40809219382126,-67.3400415885187,1.770840320373514,81.23861097573162
2959,1791274435.3968394,-0.796515066964286,-0.4829630201690051,0.07405009367028066,0.9344372355190397,-45.428918895154816,-67.36376823961365,1.7722710765570413,81.26995070868283
2960,1791274435.4226017,-1.184508231026786,-0.3919522779815051,0.46204325773278065,1.3304774742931267,-45.455549724294244,-67.39143702957892,1.774873436584485,81.30782841378425
2961,1791274435.4426017,-1.232408621651786,-0.1428702467315051,0.05967997648278066,1.2420968632581604,-45.47674819012547,-67.41049728395832,1.7773732604032602,81.33553236885727
2962,1791274435.4526713,-1.232408621651786,-0.2338809889190051,-0.31873310945471933,1.2942650898336325,-45.48768174052974,-67.41893881743293,1.7782474396725405,81.34866111592243
2963,1791274435.4726713,-1.184508231026786,-0.1141300123565051,-0.29478291414221935,1.2259618165183128,-45.50976564290254,-67.43371222459348,1.7788029967943044,81.37326620802808
2964,1791274435.4968863,-1.122237723214286,0.1301619798309949,0.06926005460778066,1.1318818858710398,-45.53668235673962,-67.44888697968594,1.7789651641897508,81.40089994534733
2965,1791274435.5168862,-1.174928152901786,0.3217635423309949,0.17943095304528067,1.2313339955370883,-45.55902482001883,-67.45886243798364,1.7794520489942642,81.42167594426292
2966,1791274435.572594,-1.285099051339286,0.35529381576849495,-0.10318135164221935,1.3372956511569105,-45.62220055472109,-67.47965132794215,1.7809233640419049,81.47429174177846
2967,1791274435.592594,-1.457540457589286,0.4319344407684949,0.06447001554528066,1.521561017355527,-45.64559347147451,-67.48481450799525,1.7813142895134717,81.49167732437263
2968,1791274435.572594,-1.275518973214286,0.5421053392059949,0.19859110929528068,1.4000947391217506,-45.64559347147451,-67.48481450799525,1.7813142895134717,81.49167732437263
2969,1791274435.592594,-1.079127371651786,0.5421053392059949,0.050099898357780656,1.2086786516105918,-45.66951146742886,-67.48567669158187,1.7823051719367096,81.5058123566672
2970,1791274435.6172802,-1.299469168526786,0.6714363938934949,0.03572978117028066,1.4631211734709033,-45.699009431078,-67.48433442652622,1.7835036878748933,81.52125944425572
2971,1791274435.6372802,-1.2898890904017861,0.8151375657684948,0.06926005460778066,1.5274357832094962,-45.72320692453581,-67.4811802311205,1.7844865177661955,81.5322373603287
2972,1791274435.707066,-1.174928152901786,0.7624471360809949,0.08363017179528066,1.40313071573315,-45.80787498784481,-67.46356822087944,1.7882017115638926,81.5652629086458
2973,1791274435.727066,-1.246778738839286,0.7911873704559949,-0.11276142976721935,1.4809287014687438,-45.83213287272957,-67.45694744658488,1.7890630441678326,81.57343261780063
2974,1791274435.707066,-1.304259207589286,0.8055574876434949,-0.18461201570471936,1.5440519883807315,-45.83213287272957,-67.45694744658488,1.7890630441678326,81.57343261780063
2975,1791274435.727066,-1.452750418526786,0.6810164720184949,0.06926005460778066,1.6059465024883433,-45.85704727533385,-67.44789823059159,1.7891331784161562,81.5799531629343
2976,1791274435.7526424,-1.524601004464286,0.8151375657684948,0.06447001554528066,1.730032906289619,-45.88984036670095,-67.43519180632727,1.7894659386283145,81.58789573939846
2977,1791274435.7726424,-1.582081473214286,1.011529167330995,-0.06486103914221934,1.8789305465205015,-45.916297161298964,-67.42400615570658,1.7896865297647302,81.59354097576775
2978,1791274435.7821925,-1.644351981026786,1.1983406907684948,-0.08402119539221935,2.036411895941822,-45.92934638527607,-67.41788329549152,1.7896694252076826,81.59582565348984
2979,1791274435.8021924,-1.7305726841517861,1.246241081393495,0.12195048429528066,2.1360876781408105,-45.95763750027406,-67.40331721237482,1.789695871514839,81.59972197961913
2980,1791274435.8113632,-1.625191824776786,1.2989315110809951,0.11716044523278066,2.083794161554255,-45.97097231318375,-67.39588937358612,1.7898706415399148,81.60110193367251
2981,1791274435.8313632,-1.601241629464286,1.284561393893495,0.22254130460778065,2.064848024157607,-46.0005308850042,-67.37824505091191,1.7907041672800539,81.6032068564568
2982,1791274435.8564358,-1.701832449776786,1.2558211595184952,0.4476731405452807,2.1618815214005855,-46.03823931153422,-67.35466647278369,1.7928526602967623,81.60505434853627
2983,1791274435.8764358,-1.677882254464286,1.231870964205995,0.5338938436702807,2.148915440078783,-46.06887636233085,-67.334947930358,1.7957817543188264,81.60613588561152
2984,1791274435.9470882,-1.572501395089286,1.1935506517059948,0.4045627889827807,2.015191019723709,-46.17809483635692,-67.26288624819895,1.8095498649600397,81.60874205541649
2985,1791274435.9670882,-1.572501395089286,1.1217000657684948,0.29918192960778067,1.954605203642575,-46.209091840444714,-67.24207431892104,1.8139182825276825,81.60923371142289
2986,1791274435.9470882,-1.596451590401786,0.9444686204559949,0.4668332967952807,1.912749848390843,-46.209091840444714,-67.24207431892104,1.8139182825276825,81.60923371142289
2987,1791274435.9670882,-1.644351981026786,0.9875789720184949,0.5530539999202807,1.9962651102265059,-46.24038878782254,-67.22150526883024,1.8195809621886567,81.61014153114989
2988,1791274435.9766307,-1.706622488839286,0.8821981126434949,0.6249045858577806,2.0202325536407506,-46.25547966806461,-67.21182521325828,1.8227205382961145,81.61079069572263
2989,1791274435.9966307,-1.629981863839286,0.8965682298309949,0.8069260702327807,2.027758651814509,-46.28736910267557,-67.1919119640891,1.8304614640516002,81.61264706532072
2990,1791274436.0219262,-1.318629324776786,1.092959831393495,0.8931467733577807,1.9315940691461015,-46.32724613932924,-67.1667295768773,1.8420087345687584,81.61480437448581
2991,1791274436.0419261,-1.270728934151786,1.313301628268495,0.8979368124202807,2.036124679385501,-46.35792976520011,-67.14619621974633,1.8524557670519985,81.61556782418896
2992,1791274436.051959,-1.3713197544642861,1.246241081393495,0.9410471639827807,2.0782695847211095,-46.373001266147654,-67.1355148594206,1.85829413882086,81.61547560956802
2993,1791274436.071959,-1.467120535714286,1.021109245455995,1.1134885702327808,2.105935315604287,-46.40279645107963,-67.11401507280408,1.8712686227861168,81.61502425369684
2994,1791274436.1119754,-1.4096400669642861,1.088169792330995,1.0512180624202807,2.0679115140864726,-46.46210292013058,-67.07111997015627,1.8998311013628124,81.61416237409784
2995,1791274436.1319754,-1.3713197544642861,1.246241081393495,0.8883567342952807,2.054948269252682,-46.49146924326835,-67.04939543314623,1.9148745237726905,81.6133866763901
2996,1791274436.1425455,-1.366529715401786,1.365992057955995,0.8212961874202807,2.099491651077953,-46.50683184416065,-67.03756531571824,1.9229877768336532,81.61261209905045
2997,1791274436.1625454,-1.380899832589286,1.313301628268495,0.7446555624202807,2.0460101224337244,-46.53566090776447,-67.01451980695553,1.9383853803058,81.61048302125076
2998,1791274436.1869788,-1.476700613839286,1.222290886080995,0.6249045858577806,2.016220586775185,-46.57083412838778,-66.98594242242224,1.9568842736940935,81.60752704067504
2999,1791274436.2069788,-1.601241629464286,1.164810417330995,0.5865842733577807,2.065148705058046,-46.599923472898006,-66.96247851642816,1.971572461282253,81.60522957944019
3000,1791274436.2165263,-1.701832449776786,1.1504403001434949,0.6344846639827807,2.1499575251936616,-46.61409219704523,-66.95129975611005,1.9784068161164046,81.60431498344428
3001,1791274436.2365263,-1.629981863839286,1.131280143893495,0.5722141561702807,2.064961181459435,-46.64431838059281,-66.92797256477772,1.992385939563252,81.60279131594652
3002,1791274436.2920387,-1.596451590401786,1.126490104830995,0.5195237264827807,2.021767182233675,-46.729063461256985,-66.8635371050903,2.029911988816734,81.59937811559787
3003,1791274436.3120387,-1.629981863839286,1.183970573580995,0.4859934530452807,2.0723939856971163,-46.759855223167044,-66.8403388673184,2.04291214431087,81.59833607628815
3004,1791274436.3066137,-1.6060316685267861,1.227080925143495,0.3949827108577807,2.059387447528636,-46.759855223167044,-66.8403388673184,2.04291214431087,81.59833607628815
3005,1791274436.3266137,-1.5677113560267861,1.2606111985809951,0.35187235929528066,2.0422227221924607,-46.7909887944628,-66.81677251817209,2.0545482817299954,81.5971745267608
3006,1791274436.3363192,-1.548551199776786,1.274981315768495,0.46204325773278065,2.0584149596000336,-46.80609933316978,-66.80520603148365,2.0599404874348695,81.59650631312171
3007,1791274436.3563192,-1.4910707310267861,1.265401237643495,0.5147336874202807,2.02224701412061,-46.837125997948434,-66.78113589665669,2.070850502162669,81.59488283708565
3008,1791274436.381723,-1.438380301339286,1.332461784518495,0.5051536092952806,2.024740098745307,-46.87620566909637,-66.75019868003062,2.084572778751698,81.59235947945676
3009,1791274436.401723,-1.495860770089286,1.389942253268495,0.4572532186702807,2.0925150935889434,-46.906758838312875,-66.72541213326147,2.095199228320943,81.58991671080193
3010,1791274436.4719105,-1.586871512276786,1.322881706393495,0.4476731405452807,2.1139036038457037,-47.0141258746587,-66.6371940071373,2.131661250123031,81.5805591828616
3011,1791274436.4919105,-1.5293910435267861,1.222290886080995,0.4859934530452807,2.017231174312823,-47.044805408705095,-66.61200912459881,2.141893138499244,81.57794543732585
3012,1791274436.4729078,-1.615611746651786,1.203130729830995,0.6249045858577806,2.1090828837219706,-47.044805408705095,-66.61200912459881,2.141893138499244,81.57794543732585
3013,1791274436.4929078,-1.452750418526786,1.2989315110809951,0.6871750936702807,2.0663776175640476,-47.075583785645414,-66.58696754757149,2.152670189142227,81.57554060430051
3014,1791274436.5016239,-1.318629324776786,1.389942253268495,0.6823850546077807,2.0338072982302053,-47.08879684294468,-66.57593353585301,2.1575576769593,81.57428987993607
3015,1791274436.5216238,-1.4096400669642861,1.294141472018495,0.3566623983577807,1.9465598717716335,-47.11866012627175,-66.5503865639224,2.168648853265693,81.57098210608589
3016,1791274436.5466986,-1.558131277901786,1.212710807955995,0.21296122648278068,1.9858985540289276,-47.15606593223272,-66.51844735640587,2.1815396971668797,81.56688977987535
3017,1791274436.5666986,-1.558131277901786,1.1935506517059948,0.17464091398278067,1.97049122966848,-47.18610044866847,-66.4931840468299,2.1908607441335244,81.56391034665766
3018,1791274436.5767503,-1.380899832589286,1.0737996751434948,0.04051982023278066,1.74973482157014,-47.20114683401483,-66.48068228181678,2.1950048896518712,81.56253690002347
3019,1791274436.5967503,-1.495860770089286,0.8534578782684948,0.04051982023278066,1.7226815286936727,-47.230909170020645,-66.4566477881652,2.2021352351045453,81.56037160202662
3020,1791274436.6369555,-1.6491420200892861,0.7624471360809949,0.18422099210778067,1.826179731481942,-47.291248217431644,-66.41070687515976,2.2149967118099467,81.55826356694
3021,1791274436.6569555,-1.476700613839286,0.7576570970184949,0.15069071867028067,1.6665523310923012,-47.32145013940854,-66.38900152239292,2.22093729774904,81.55827198339449
3022,1791274436.6818285,-1.4096400669642861,0.6905965501434949,0.04051982023278066,1.5702390166127165,-47.35876112086241,-66.36335501803264,2.2275738153390097,81.55923754704386
3023,1791274436.7018285,-1.505440848214286,0.6522762376434948,0.14111064054528066,1.6467327198248054,-47.38863470755185,-66.34381207175875,2.232382127315949,81.56082165856957
3024,1791274436.697045,-1.505440848214286,0.532525261080995,0.15548075773278067,1.6044031809949426,-47.38863470755185,-66.34381207175875,2.232382127315949,81.56082165856957
3025,1791274436.717045,-1.424010184151786,0.3313436204559949,-0.050490921954719346,1.462922736368783,-47.418451416794824,-66.3268858705191,2.2363917709949344,81.56449455615582
3026,1791274436.7573898,-1.486280691964286,0.26428307358099495,0.12195048429528066,1.5145123832135239,-47.478382811982314,-66.29606104604483,2.243483140836053,81.57449209933982
3027,1791274436.7773898,-1.620401785714286,0.2690731126434949,0.4141428671077807,1.6939942743321061,-47.508296021011056,-66.28227240882217,2.2472753585094307,81.58080701386992
3028,1791274436.7873013,-1.505440848214286,-0.0374893873565051,0.45246317960778065,1.5724123284104898,-47.523220325972034,-66.27629192188994,2.249516999909363,81.58470241288704
3029,1791274436.8073013,-1.419220145089286,-0.4015323561065051,0.23212138273278066,1.4930821777616505,-47.55320505235893,-66.26669289451559,2.254388674698409,81.59451063781403
3030,1791274436.8320878,-1.701832449776786,-0.4925430982940051,0.16985087492028067,1.7797982218503028,-47.59059373636558,-66.25824310199134,2.260267884533785,81.60960851549427
3031,1791274436.8520877,-1.874273856026786,-0.4254825514190051,0.48120341398278066,1.9812861011414347,-47.62160119378661,-66.25382478699191,2.2652767642106206,81.62424687544723
3032,1791274436.862184,-1.936544363839286,-0.2626212232940051,0.5386838827327807,2.027154238226142,-47.637791937502854,-66.25244996433557,2.268198325171593,81.63265933803646
3033,1791274436.882184,-1.855113699776786,-0.4925430982940051,0.28002177335778067,1.9397055798061236,-47.67074109575759,-66.25126780862666,2.2743456531142705,81.65110342805518
3034,1791274436.9068787,-1.778473074776786,-0.8613761061065052,0.07884013273278066,1.9776630249884644,-47.712051829461764,-66.25253470194572,2.281462075695747,81.67645507373962
3035,1791274436.9268787,-1.917384207589286,-1.0146573561065053,-0.045700882892219345,2.1697880819358755,-47.74603419565675,-66.256220887295,2.286410777455599,81.69943856552575
3036,1791274436.9514358,-2.051505301339286,-0.9667569654815052,-0.08881123445471935,2.269621216656113,-47.788810690002805,-66.2637174152981,2.291327888019511,81.73066044239349
3037,1791274436.9714358,-2.013184988839286,-1.2493692701690051,-0.16066182039221935,2.3747946422927204,-47.824520308497334,-66.272231171247,2.2943576130295487,81.75853132248368
3038,1791274436.9814992,-1.749732840401786,-1.5271915357940051,-0.20377217195471936,2.3313948824350836,-47.8426332291844,-66.27796809005417,2.2953783536052894,81.77380613763002
3039,1791274437.0014992,-1.582081473214286,-1.6804727857940052,-0.09360127351721935,2.3099202951803757,-47.87822886090774,-66.29247088227251,2.296656617285115,81.8064247241751
3040,1791274437.0267181,-1.457540457589286,-1.464921027981505,-0.03133076570471934,2.0667364177881073,-47.92212971592628,-66.31396434405829,2.297790369973055,81.8495707021084
3041,1791274437.0467181,-1.323419363839286,-1.3691202467315051,-0.21335225007971936,1.9161023577066536,-47.955894509866134,-66.33270404258195,2.2981876031099753,81.88453523163739
3042,1791274437.0715694,-1.241988699776786,-1.6325723951690052,-0.32352314851721936,2.0766549505075678,-47.99633781787259,-66.35809128090784,2.297606498915963,81.92877222317264
3043,1791274437.0915694,-1.246778738839286,-1.857704231106505,-0.18461201570471936,2.24490619631094,-48.02773692125359,-66.38069327750628,2.2964467823575427,81.96544163001694
3044,1791274437.1016283,-1.103077566964286,-1.8385440748565052,-0.29478291414221935,2.1642369094902687,-48.04293289507984,-66.39314420319087,2.295589337079879,81.98440539975489
3045,1791274437.1216283,-1.064757254464286,-2.0493057936065053,-0.39537373445471935,2.343007178081233,-48.071866560336275,-66.42001862707004,2.2931049799281604,82.02305504834649
3046,1791274437.1466997,-1.098287527901786,-2.0684659498565052,-0.28520283601721935,2.3592641940513266,-48.10676367602484,-66.456397127517,2.2891780863284357,82.07285645609076
3047,1791274437.1666996,-1.093497488839286,-2.111576301419005,-0.25646260164221935,2.3917074028512113,-48.13371380302974,-66.48733411013298,2.285702906604873,82.11360690727018
3048,1791274437.1918952,-1.059967215401786,-2.231327277981505,-0.47201435945471937,2.5149849849894568,-48.16664171272094,-66.52866851720593,2.280605054654388,82.166235571366
3049,1791274437.2118952,-1.165348074776786,-2.2983878248565053,-0.5247047891422194,2.629817074357713,-48.192196814113345,-66.56335225010348,2.2756703527674187,82.20916233666449
3050,1791274437.2216585,-1.237198660714286,-2.1355264967315053,-0.23730244539221937,2.4794044435921876,-48.20455984828119,-66.58099055637983,2.273064782282785,82.23061909738803
3051,1791274437.2416584,-1.213248465401786,-2.097206184231505,0.09321024992028067,2.4246512674339087,-48.2297623203874,-66.61805188173345,2.268311763784887,82.27526996768904
3052,1791274437.2669163,-1.194088309151786,-2.0588858717315053,0.050099898357780656,2.3806234315162134,-48.26137643835232,-66.66570871969537,2.2634810728034114,82.33225687050341
3053,1791274437.2869163,-1.376109793526786,-2.2983878248565053,0.41893290617028067,2.711414674512408,-48.28650986938677,-66.70432044389294,2.260933285739314,82.37818413008691
3054,1791274437.3115091,-1.452750418526786,-2.164266731106505,0.8596164999202807,2.7447176155006154,-48.31799702312415,-66.75290856367462,2.260628583737618,82.43597563946551
3055,1791274437.331509,-1.280309012276786,-1.934344856106505,0.9841575155452807,2.519810946215433,-48.343862305613726,-66.79264332505763,2.263183614907599,82.48338150832137
3056,1791274437.3416994,-1.050387137276786,-1.771483527981505,0.6775950155452807,2.1680871830159716,-48.35684547463769,-66.81268414129272,2.2655601884114698,82.507284704985
3057,1791274437.3616993,-1.165348074776786,-1.6325723951690052,0.28002177335778067,2.0252755255540564,-48.38182837564156,-66.85122351209078,2.2709613547018117,82.55328380814481
3058,1791274437.4013453,-1.280309012276786,-1.7619034498565052,0.23212138273278066,2.1902911381492625,-48.43119540707275,-66.92625381391605,2.2815848935492085,82.64326813328022
3059,1791274437.4213452,-1.385689871651786,-2.063675910794005,0.22254130460778065,2.495680131236041,-48.45636275737243,-66.96416482546104,2.286822211475874,82.68886272208903
3060,1791274437.431683,-1.419220145089286,-2.202587043606505,0.07405009367028066,2.6212704784632725,-48.46959498964187,-66.98412913082109,2.2893532282802576,82.71285469670521
3061,1791274437.451683,-1.438380301339286,-2.1451065748565052,-0.12713154695471934,2.5858427135084225,-48.49564105367596,-67.02348085094998,2.293435722050449,82.76009928701039
3062,1791274437.4770558,-1.404850027901786,-1.9487149732940052,0.03572978117028066,2.402575756411935,-48.52913817647291,-67.0737058497328,2.2976641156087276,82.82051997515977
3063,1791274437.4970558,-1.203668387276786,-1.905604621731505,0.21775126554528068,2.264412103513966,-48.55549434684139,-67.11313855890089,2.3008774014249203,82.86798800084846
3064,1791274437.5067155,-1.179718191964286,-1.785853645169005,0.0021995077327806568,2.140330136275517,-48.56804134403617,-67.13200167990698,2.302355935869961,82.89065769073422
3065,1791274437.5267155,-1.299469168526786,-1.737953254544005,-0.07444111726721934,2.1713228951198826,-48.59384126961211,-67.17048412239137,2.304849609529685,82.93701030478033
3066,1791274437.55199,-1.380899832589286,-1.546351692044005,0.3183420858577807,2.097481725012344,-48.626635598981885,-67.21804641866366,2.3079905696783,82.99483281799849
3067,1791274437.57199,-1.179718191964286,-1.4457608717315051,0.5434739217952806,1.9435337440736316,-48.65253443580161,-67.25452563273744,2.3113959451144774,83.03964641258109
3068,1791274437.596711,-0.916266043526786,-1.4409708326690052,0.2848118124202807,1.7312013665709605,-48.68363087566736,-67.2982043351001,2.3165094653675933,83.09338384053363
3069,1791274437.616711,-0.968956473214286,-1.455340949856505,0.050099898357780656,1.7491151840655212,-48.707842993699565,-67.33258561021202,2.320528279511287,83.13552733670143
3070,1791274437.6266532,-1.093497488839286,-1.503241340481505,0.13153056242028066,1.863537382152838,-48.719611686567575,-67.3493194764599,2.3223618575844776,83.15602660919866
3071,1791274437.6466532,-1.007276785714286,-1.5607218092315052,0.16506083585778067,1.864860361631357,-48.7428857265463,-67.38252807689253,2.325941916093077,83.19665861548407
3072,1791274437.7017853,-0.940216238839286,-1.589462043606505,-0.03133076570471934,1.8469915486332105,-48.80547227429481,-67.47336549828775,2.3348833798848956,83.30714768841956
3073,1791274437.7217853,-1.036017020089286,-1.670892707669005,-0.14150166414221935,1.971100308815145,-48.82773516647909,-67.50626572014522,2.3373812294366654,83.34690746499474
3074,1791274437.7173107,-1.146187918526786,-1.776273567044005,0.08842021085778067,2.115824346027839,-48.82773516647909,-67.50626572014522,2.3373812294366654,83.34690746499474
3075,1791274437.7373106,-1.088707449776786,-1.814593879544005,0.15069071867028067,2.1214953574239566,-48.849954754580956,-67.53981755927907,2.339476913001666,83.38715840998407
3076,1791274437.7463698,-0.940216238839286,-1.7523233717315052,-0.026540726642219344,1.98880571828026,-48.85988818144066,-67.5551590570874,2.340368137035222,83.4054285484351
3077,1791274437.7663698,-0.877945731026786,-1.656522590481505,0.006989546795280657,1.8748078976706166,-48.881255949434106,-67.58906134008677,2.3420112327580105,83.44545171932658
3078,1791274437.7919948,-1.055177176339286,-1.536771613919005,0.3279221639827807,1.8927754257823939,-48.90824201700159,-67.63212017665116,2.344444325938786,83.496204919625
3079,1791274437.8119948,-1.074337332589286,-1.450550910794005,0.28002177335778067,1.8266665931567305,-48.92933922745029,-67.66516700185964,2.3469703896588516,83.53540167279017
3080,1791274437.836471,-1.059967215401786,-1.469711067044005,0.09800028898278067,1.8147135242122798,-48.95520344864281,-67.70490452895376,2.350292053849876,83.58283265546306
3081,1791274437.856471,-0.997696707589286,-1.464921027981505,0.16506083585778067,1.7800666892257042,-48.97625391183649,-67.73690613458231,2.352993703868407,83.62116047563761
3082,1791274437.866518,-1.079127371651786,-1.383490363919005,0.28960185148278067,1.7783224408658538,-48.986807311283215,-67.75271703776501,2.3544898963566965,83.64019117161492
3083,1791274437.886518,-1.107867606026786,-1.3643302076690051,0.20338114835778068,1.769217747918272,-49.00794470845439,-67.78359164581941,2.357761006663147,83.67767311486776
3084,1791274437.926831,-1.117447684151786,-1.4361807936065052,0.06926005460778066,1.8210166264767254,-49.05088768935811,-67.84495652272427,2.364189738203576,83.75271399663772
3085,1791274437.946831,-0.992906668526786,-1.498451301419005,0.04051982023278066,1.798016076391134,-49.07216226161356,-67.87523601910948,2.3670654022574733,83.78978322145554
3086,1791274437.9564779,-0.901895926339286,-1.498451301419005,0.05488993742028066,1.749795836634009,-49.08225561599244,-67.88981872029368,2.3683134358984295,83.80754268416784
3087,1791274437.9764779,-1.031226981026786,-1.4792911451690052,0.07405009367028066,1.804775552512174,-49.10294204704719,-67.91998331301676,2.370706160364551,83.8441607902121
3088,1791274437.9863145,-1.160558035714286,-1.508031379544005,0.07884013273278066,1.9045391470063615,-49.11320718695803,-67.93479779224283,2.3718192552854864,83.86220482339903
3089,1791274438.0063145,-1.179718191964286,-1.531981574856505,0.19380107023278068,1.943260510836021,-49.13445806762009,-67.9649605581547,2.374151894979451,83.89915035619059
3090,1791274438.0319104,-1.079127371651786,-1.493661262356505,0.24170146085778066,1.8584831037954868,-49.161911637391064,-68.00358073188391,2.377525434314312,83.94660907619385
3091,1791274438.0519104,-0.992906668526786,-1.4840811842315051,0.18422099210778067,1.7950760395393066,-49.183253472112604,-68.0336976306039,2.3804049147609603,83.98358627108473
3092,1791274438.0766635,-1.045597098214286,-1.551141731106505,0.05488993742028066,1.8714504714269684,-49.209489687621044,-68.07101567031918,2.3838780548912313,84.0292801604626
3093,1791274438.0966635,-1.174928152901786,-1.589462043606505,0.11237040617028066,1.9797658600778638,-49.23083903773145,-68.1013559363402,2.3865142359344578,84.0664358880846
3094,1791274438.1219432,-1.275518973214286,-1.464921027981505,0.2656516561702807,1.960487967746303,-49.25842258763831,-68.13974429564226,2.3900632477357764,84.11378811363834
3095,1791274438.1419432,-1.117447684151786,-1.373910285794005,0.24649149992028066,1.7880371527906527,-49.28056125676218,-68.16981771545447,2.393218080210851,84.15120473242928
3096,1791274438.151991,-1.016856863839286,-1.3595401686065052,0.12674052335778066,1.702471882837622,-49.291623416230195,-68.18471972592624,2.394846536001833,84.16980119402426
3097,1791274438.1719909,-0.983326590401786,-1.426600715481505,0.10279032804528067,1.7357092603149873,-49.313340112695776,-68.21411212508674,2.397946068789686,84.2064175192909
3098,1791274438.1970224,-1.021646902901786,-1.4457608717315051,0.20817118742028068,1.7825044560142402,-49.34020733150584,-68.25077348959151,2.4018272728385996,84.25196090116872
3099,1791274438.2170224,-1.059967215401786,-1.431390754544005,0.19859110929528068,1.792163055810437,-49.361576401667946,-68.27998747883969,2.4050733036951284,84.28823341703368
3100,1791274438.24207,-0.988116629464286,-1.469711067044005,0.06447001554528066,1.7721685802766896,-49.388171695904845,-68.31653630824259,2.409022950876953,84.3335284936985
3101,1791274438.26207,-0.988116629464286,-1.431390754544005,0.05488993742028066,1.7401916190028959,-49.40918650057021,-68.34569396535169,2.411882650543804,84.36953699158028
3102,1791274438.2716208,-0.983326590401786,-1.412230598294005,0.13632060148278066,1.7262415104896742,-49.41912878180927,-68.35956626081123,2.413180396843792,84.38663418188335
3103,1791274438.2916207,-1.074337332589286,-1.4361807936065052,0.20817118742028068,1.8055888843785128,-49.43991205882915,-68.38853089485293,2.416007060248249,84.42234983969698
3104,1791274438.3165486,-1.103077566964286,-1.469711067044005,0.11716044523278066,1.841346602152517,-49.46600145748991,-68.42464986066373,2.4196099623777365,84.46699071895992
3105,1791274438.3365486,-1.026436941964286,-1.4792911451690052,0.07405009367028066,1.8020428697389523,-49.48698784520321,-68.45370531644755,2.422353839658333,84.50289661110344
3106,1791274438.3616428,-1.103077566964286,-1.455340949856505,0.24649149992028066,1.8427033018372851,-49.513377881578414,-68.4902163625156,2.425883487232006,84.54802917467563
3107,1791274438.3816428,-1.088707449776786,-1.378700324856505,0.19380107023278068,1.767387153903263,-49.534543349500545,-68.51920163953018,2.4289350669346934,84.58399200629827
3108,1791274438.3929968,-1.074337332589286,-1.450550910794005,0.03572978117028066,1.805429385565344,-49.54659855843843,-68.53559755831839,2.4306030453933505,84.60438163919825
3109,1791274438.4129968,-1.074337332589286,-1.512821418606505,-0.012170609454719344,1.855526198285586,-49.56787149740363,-68.56459176710166,2.433135802008858,84.64039980295132
3110,1791274438.4367836,-1.079127371651786,-1.508031379544005,0.14590067960778066,1.8600971840867613,-49.59321894624191,-68.59929237860743,2.4359348406985593,84.68343438266828
3111,1791274438.4567835,-1.141397879464286,-1.450550910794005,0.3087620077327807,1.8714221975465783,-49.61466509422389,-68.62853014730105,2.4386172564107125,84.7197556459783
3112,1791274438.4818056,-1.069547293526786,-1.335589973294005,0.17464091398278067,1.7199509989213921,-49.64162090279774,-68.66485129816203,2.4423770164662475,84.76507261334915
3113,1791274438.5018055,-1.064757254464286,-1.383490363919005,0.021359663982780656,1.7459123211766743,-49.66313615089076,-68.69360652889877,2.4452254005422462,84.80104832812229
3114,1791274438.511636,-1.040807059151786,-1.4745011061065052,0.05967997648278066,1.805822401534127,-49.67367752871831,-68.70772749319009,2.44647519217961,84.81869662622454
3115,1791274438.531636,-1.107867606026786,-1.4361807936065052,0.19380107023278068,1.82415590321417,-49.695129896329206,-68.73651310173234,2.4490166963250397,84.85465132552567
3116,1791274438.5718677,-1.127027762276786,-1.426600715481505,0.07884013273278066,1.8197793670893962,-49.73855373116071,-68.79437024156594,2.454184946379945,84.92709890224822
3117,1791274438.5918677,-1.112657645089286,-1.589462043606505,-0.026540726642219344,1.9403868257159704,-49.76026208054384,-68.82334197650496,2.4564472493616063,84.96334631020753
3118,1791274438.6019363,-1.098287527901786,-1.575091926419005,0.01656962492028066,1.9202668103898866,-49.77122107265471,-68.838129220674,2.457407800417121,84.98177060265826
3119,1791274438.6219363,-0.973746512276786,-1.383490363919005,0.20338114835778068,1.7039928840037084,-49.79283235558742,-68.86753397083456,2.4593595270240747,85.01830296176729
3120,1791274438.63249,-0.767774832589286,-1.2493692701690051,0.20817118742028068,1.4811269392162536,-49.80390407764335,-68.88280679594025,2.460560683613648,85.03719358221836
3121,1791274438.65249,-0.719874441964286,-1.258949348294005,0.12674052335778066,1.455759538531105,-49.823970138943096,-68.91117109510284,2.4629979019019403,85.07199222287912
3122,1791274438.676852,-0.901895926339286,-1.503241340481505,0.01656962492028066,1.753118747304366,-49.847709560383784,-68.94558615296901,2.465783222678627,85.11385366257419
3123,1791274438.696852,-1.203668387276786,-1.5990421217315052,0.26086161710778066,2.0183661899866383,-49.867433388378856,-68.974254569639,2.4681429796228906,85.14869603199823
3124,1791274438.7220519,-1.218038504464286,-1.5559317701690052,0.2943918905452807,1.9978008051349048,-49.89313454228399,-69.0109212139752,2.4717196952565734,85.19355327434032
3125,1791274438.7420518,-1.002486746651786,-1.4888712232940051,0.18901103117028067,1.8048385985094406,-49.91380346605295,-69.04022393302976,2.474857670886969,85.22948561185737
3126,1791274438.7515576,-0.988116629464286,-1.6469425123565051,0.22733134367028066,1.9340304165772455,-49.9235727650235,-69.05429769574357,2.4764222198833186,85.24665280753318
3127,1791274438.7715576,-1.050387137276786,-1.900814582669005,0.10279032804528067,2.1741607731221997,-49.94410183206469,-69.08478869952793,2.4797154253332865,85.28347041520242
3128,1791274438.7966063,-1.246778738839286,-2.063675910794005,0.04051982023278066,2.4114015311110766,-49.970272087314996,-69.12469648292632,2.4834905104845157,85.33123391497774
3129,1791274438.8166063,-1.146187918526786,-2.379818488919005,0.09321024992028067,2.643098737366371,-49.99162266851398,-69.15844618896223,2.486253166600844,85.37115713817576
3130,1791274438.8424911,-0.997696707589286,-2.398978645169005,0.050099898357780656,2.5986548943880323,-50.019272673814726,-69.20485189618758,2.4895706036831315,85.42503805431643
3131,1791274438.8624911,-1.036017020089286,-2.5091495436065054,-0.06007100007971935,2.7152847407124723,-50.04048248670473,-69.2426912045958,2.491734386353658,85.4681748547923
3132,1791274438.872159,-1.246778738839286,-2.202587043606505,-0.19419209382971936,2.5384163325961513,-50.05085251442574,-69.26165524468787,2.4924390884643612,85.48963081721959
3133,1791274438.892159,-1.198878348214286,-2.159476692044005,0.006989546795280657,2.4699590545316203,-50.072755648187716,-69.30154469279584,2.493397432755493,85.5347998522728
3134,1791274438.9168892,-0.820465262276786,-2.2552774732940053,0.34229228117028065,2.4241707311777905,-50.09952201132442,-69.35165822176425,2.495052521750738,85.59112039784195
3135,1791274438.9368892,-0.897105887276786,-1.733163215481505,0.3087620077327807,1.9758511284770512,-50.120498040382756,-69.39208980954267,2.4971668399090468,85.63622069065161
3136,1791274438.961525,-1.064757254464286,-1.771483527981505,0.16027079679528067,2.0730529730688305,-50.146085311296495,-69.44089805852744,2.500247202439281,85.6908363321069
3137,1791274438.981525,-1.261148856026786,-1.704422981106505,0.2560715780452807,2.1356794676786723,-50.167230721249865,-69.47979215582514,2.502997326530797,85.73480945259281
3138,1791274439.0066004,-1.198878348214286,-1.5990421217315052,0.22733134367028066,2.011448368888335,-50.19439200234709,-69.52745455577131,2.506837268524986,85.7894408338287
3139,1791274439.0266004,-1.069547293526786,-1.4888712232940051,-0.026540726642219344,1.8334048496756403,-50.216208727950175,-69.56439932065847,2.5097417569568163,85.8322321481837
3140,1791274439.0366483,-0.940216238839286,-1.340380012356505,-0.18940205476721936,1.6481802970706703,-50.227039814919905,-69.58230819605171,2.5108193470260707,85.85311500611539
3141,1791274439.0566483,-0.930636160714286,-1.3212198561065052,-0.06486103914221934,1.6173782879084686,-50.248171121151216,-69.61660047656319,2.5122611188572055,85.89331300434996
3142,1791274439.081802,-0.868365652901786,-1.263739387356505,0.12674052335778066,1.538557540866361,-50.27415499178535,-69.65813655787322,2.5139191541032027,85.94222732956563
3143,1791274439.1018019,-0.940216238839286,-1.1918888014190052,0.050099898357780656,1.5189191849932588,-50.29442895591278,-69.6898919892054,2.515304990897932,85.97986618194814
3144,1791274439.1274233,-1.050387137276786,-1.052977668606505,-0.22293232820471937,1.5039195230128801,-50.32033065684792,-69.72878458120147,2.516481928178529,86.02657588141561
3145,1791274439.1474233,-1.122237723214286,-0.8901163404815052,-0.12234150789221936,1.4375994057979828,-50.340775546996866,-69.75750472059265,2.516744923864592,86.06182168957628
3146,1791274439.1718996,-1.012066824776786,-0.6170841139190052,-0.17503193757971935,1.1982104325359049,-50.36596119636394,-69.79014745398037,2.5164726084704987,86.10300438005136
3147,1791274439.1918995,-1.107867606026786,-0.4398526686065051,-0.13671162507971935,1.1998045970055806,-50.38663376381368,-69.81440483709903,2.515815857174253,86.13473929974047
3148,1791274439.2024493,-1.083917410714286,-0.4638028639190051,0.006989546795280657,1.178999110938357,-50.39763685939092,-69.82599603142303,2.515418751578048,86.15055922213816
3149,1791274439.2224493,-1.184508231026786,-0.1428702467315051,0.11237040617028066,1.1983733829463175,-50.41876994782224,-69.84558415922957,2.514957893033134,86.17878510862853
3150,1791274439.2462568,-1.285099051339286,0.40798424545599493,0.06447001554528066,1.3498470651143553,-50.44456248926001,-69.8649304563399,2.5148073467349867,86.20955079568192
3151,1791274439.2662568,-1.280309012276786,0.7672371751434949,0.03572978117028066,1.493024000845869,-50.46682800035935,-69.87698202820438,2.5148501473106837,86.23234785769944
3152,1791274439.2766738,-1.246778738839286,0.9300985032684949,0.16027079679528067,1.5637222188449484,-50.478659785441415,-69.88099144344187,2.515022226203093,86.24252660753297
3153,1791274439.2966738,-1.165348074776786,0.8965682298309949,0.19380107023278068,1.483047396731344,-50.501586837790434,-69.88479460570126,2.5158341574116543,86.25905292619169
3154,1791274439.3216414,-1.380899832589286,0.7720272142059948,0.19380107023278068,1.5938849462690707,-50.53068339309489,-69.88570567329583,2.517421533731721,86.27687542329187
3155,1791274439.3416414,-1.543761160714286,0.8582479173309949,0.10758036710778066,1.7695653546337176,-50.55488163870907,-69.88388059050081,2.5189544180125827,86.28961672907862
3156,1791274439.367006,-1.543761160714286,0.9444686204559949,0.19859110929528068,1.8206202034051748,-50.5868408432088,-69.87848376084004,2.521189309015663,86.30404019941372
3157,1791274439.387006,-1.313839285714286,1.083379753268495,0.20817118742028068,1.7155817094356947,-50.61254705945245,-69.87182490746721,2.52329732903191,86.31378143237467
3158,1791274439.4113154,-1.332999441964286,1.1121199876434948,0.26086161710778066,1.755490576013825,-50.64393117463815,-69.86094246522619,2.5263303734828004,86.32346953237636
3159,1791274439.4313154,-1.452750418526786,1.102539909518495,0.3183420858577807,1.851329175008887,-50.670057252839285,-69.8500101974866,2.5293202389258895,86.33004162784837
3160,1791274439.4427958,-1.519810965401786,1.294141472018495,0.31355204679528065,2.0206292104696533,-50.68536399578557,-69.84261258274154,2.5313231143351405,86.33310056100945
3161,1791274439.4627957,-1.548551199776786,1.452212761080995,0.16506083585778067,2.1293608903402634,-50.7126326382944,-69.82753872603148,2.5350068750078814,86.33702875069517
3162,1791274439.4865165,-1.361739676339286,1.370782097018495,0.08842021085778067,1.9342173190495373,-50.745300611364755,-69.80732001690386,2.5391715506116492,86.3399956812811
3163,1791274439.5065165,-1.227618582589286,1.246241081393495,0.12674052335778066,1.7539177225663578,-50.77259685658999,-69.7889043093954,2.542478996517584,86.34125291953721
3164,1791274439.5164402,-1.342579520089286,1.370782097018495,0.22254130460778065,1.9316024325740877,-50.78602219279824,-69.77918955577275,2.5441338991627505,86.34134561451269
3165,1791274439.5364401,-1.558131277901786,1.5336434251434952,0.29918192960778067,2.2066592536378513,-50.81337179147669,-69.75819087159911,2.5477514468407327,86.34057553625742
3166,1791274439.561965,-1.548551199776786,1.519273307955995,0.2848118124202807,2.1879945089263364,-50.848988158754416,-69.72956695031493,2.5527937658323654,86.33857110155618
3167,1791274439.581965,-1.500650809151786,1.480952995455995,0.28002177335778067,2.126872544209556,-50.87728305883258,-69.70600260071367,2.5569992849113614,86.33633635591859
3168,1791274439.6069028,-1.476700613839286,1.2558211595184952,0.3375022421077807,1.9676481522455889,-50.91284036289581,-69.67590898111216,2.5626115280032953,86.33317197928844
3169,1791274439.6269028,-1.5293910435267861,1.131280143893495,0.4572532186702807,1.9565051070651387,-50.94158868083213,-69.65181370626505,2.56762948996098,86.3308365017799
3170,1791274439.651991,-1.5293910435267861,1.2606111985809951,0.3470823202327807,2.0121241748525205,-50.977996825186864,-69.6216216667259,2.574493304221237,86.32817836365459
3171,1791274439.6719909,-1.644351981026786,1.2606111985809951,0.31355204679528065,2.09555456086069,-51.007428038334325,-69.59738134210649,2.580135259175243,86.32618549849221
3172,1791274439.6820922,-1.692252371651786,1.140860222018495,0.5626340780452807,2.1170350118321255,-51.022590855376905,-69.58515546259586,2.5832211843936306,86.32538253628724
3173,1791274439.7020922,-1.663512137276786,1.083379753268495,0.7638157186702806,2.1270634153092574,-51.053142715331454,-69.56124359813597,2.5904043058892583,86.32438929120312
3174,1791274439.7271652,-1.534181082589286,1.0019490892059948,0.8979368124202807,2.0405646499523242,-51.09171214603296,-69.53184156219646,2.6011835716237006,86.32384489245581
3175,1791274439.7471652,-1.620401785714286,0.7959774095184949,1.1949192342952808,2.1649743555291,-51.12259478960705,-69.50920956120953,2.611631390437068,86.32421751956988
3176,1791274439.7719884,-1.534181082589286,0.6426961595184949,1.2523997030452807,2.0821323117954256,-51.16104857302311,-69.4826546701164,2.6272099680454337,86.32609352515655
3177,1791274439.7919884,-1.352159598214286,0.6043758470184949,1.0176877889827807,1.7970237002741514,-51.191712879218976,-69.4625981361263,2.6412839737980764,86.32856067582509
3178,1791274439.801537,-1.400059988839286,0.8151375657684948,0.6871750936702807,1.7597803365296498,-51.206128026891825,-69.45344223710495,2.6482164044877594,86.3299556134156
3179,1791274439.821537,-1.471910574776786,0.7337069017059948,0.4764133749202807,1.7122547303347335,-51.23610001648235,-69.43481824893627,2.6623039527847836,86.33319056132936
3180,1791274439.8466113,-1.385689871651786,0.39361412826849496,0.47162333585778066,1.515749673691712,-51.27341377073659,-69.41285147321139,2.6790992860757763,86.33819828055202
3181,1791274439.8666112,-1.309049246651786,0.36487389389349495,0.5243137655452806,1.4565877293678131,-51.30275407513288,-69.39682057786882,2.691980189601273,86.3431412409329
3182,1791274439.9065232,-1.332999441964286,0.46546471420599494,0.5817942342952807,1.5270983738800845,-51.36043159477333,-69.36714246067106,2.717140586333875,86.35437012523644
3183,1791274439.9265232,-1.419220145089286,0.6139559251434948,0.5338938436702807,1.635900465968234,-51.38912689900858,-69.35288232865547,2.729530856006831,86.36037858548694
3184,1791274439.9220552,-1.342579520089286,0.5995858079559949,0.4668332967952807,1.5427106779503963,-51.38912689900858,-69.35288232865547,2.729530856006831,86.36037858548694
3185,1791274439.9420552,-1.2515687779017861,0.6474861985809949,0.5338938436702807,1.5068860008243703,-51.41727176626951,-69.33916151281423,2.7412598410119635,86.36648459155032
3186,1791274439.9664412,-1.285099051339286,0.8438778001434949,0.6488547811702807,1.6687186222894768,-51.451080615581866,-69.32221359619454,2.7555789777793036,86.37346936351638
3187,1791274439.9864411,-1.380899832589286,1.131280143893495,0.6919651327327807,1.9145482121196895,-51.4786485250879,-69.30743608537371,2.7675724004568347,86.37841980315146
3188,1791274440.0263739,-1.424010184151786,1.2606111985809951,0.7207053671077807,2.033804765638476,-51.533835775459835,-69.27519293702223,2.7921578324023018,86.38625313992246
3189,1791274440.0463738,-1.385689871651786,1.1935506517059948,0.7590256796077807,1.980105946885217,-51.561544393003096,-69.25778528763618,2.8048438279097008,86.38924025617372
3190,1791274440.042021,-1.313839285714286,1.227080925143495,0.8212961874202807,1.976468743240917,-51.561544393003096,-69.25778528763618,2.8048438279097008,86.38924025617372
3191,1791274440.062021,-1.313839285714286,1.3755721360809952,0.8548264608577807,2.085449747280259,-51.58894727966951,-69.2382179827689,2.818538549697393,86.39036098089922
3192,1791274440.0871568,-1.356949637276786,1.409102409518495,0.8117161092952807,2.1179624549802334,-51.62325590096002,-69.2120651882893,2.836309954255971,86.3904807927391
3193,1791274440.1071568,-1.304259207589286,1.3372518235809951,0.6296946249202807,1.971255904469438,-51.65045154866622,-69.19025782644208,2.850491344537486,86.38973448376798
3194,1791274440.132002,-1.227618582589286,1.279771354830995,0.6153245077327807,1.8770951906552522,-51.68388612494314,-69.16235423671792,2.867785855391069,86.38795937081582
3195,1791274440.152002,-1.160558035714286,1.203130729830995,0.6009543905452807,1.7763909161106162,-51.710345383025896,-69.13953736683777,2.88144372435725,86.38598361348224
3196,1791274440.162557,-1.222828543526786,1.164810417330995,0.4045627889827807,1.7365955215352173,-51.724101162141395,-69.12742771341439,2.888366334624653,86.38475886050595
3197,1791274440.1825569,-1.189298270089286,1.236661003268495,0.12674052335778066,1.7204138956958621,-51.749874977866526,-69.10432119914705,2.900313132342449,86.38210801366992
3198,1791274440.2065225,-1.179718191964286,1.212710807955995,0.011779585857780658,1.6919046293534832,-51.780384727567515,-69.07638376731185,2.9127303887403575,86.37846395497748
3199,1791274440.2265224,-1.174928152901786,0.9827889329559949,-0.06007100007971935,1.5329510025674544,-51.80555876868642,-69.05327311820199,2.9214661260100323,86.37537503246075
3200,1791274440.2519999,-1.174928152901786,0.6139559251434948,-0.016960648517219346,1.3257773968876267,-51.837307110923724,-69.0251980477669,2.930777910583902,86.37229783447256
3201,1791274440.2719998,-1.160558035714286,0.5421053392059949,-0.026540726642219344,1.2812016091261147,-51.86199464550675,-69.00473066578972,2.9369260135024366,86.37097242290109
3202,1791274440.281824,-1.093497488839286,0.6810164720184949,-0.03133076570471934,1.2886045980586853,-51.8739633190944,-68.9952836547936,2.9394504030772497,86.37069876820686
3203,1791274440.301824,-1.088707449776786,0.6474861985809949,0.006989546795280657,1.2667166779973902,-51.897947285169906,-68.97694374038754,2.9437821095599728,86.37060584068765
3204,1791274440.3263202,-1.107867606026786,0.37445397201849495,-0.11276142976721935,1.174862353506613,-51.926952177015366,-68.95597282841169,2.9480974565697435,86.37144105385833
3205,1791274440.3463202,-1.232408621651786,0.0343611985809949,0.04051982023278066,1.2335532248432874,-51.9505916340239,-68.94080604560733,2.950983893170374,86.37364769002704
3206,1791274440.3870964,-1.150977957589286,-0.018329231106505105,0.13153056242028066,1.1586140463588188,-51.99884755124449,-68.91447309709243,2.9565122335879157,86.38185986360097
3207,1791274440.4070964,-1.150977957589286,-0.09017981704400511,0.13153056242028066,1.161973729095925,-52.02241880450344,-68.90365741919425,2.959211639371501,86.38751644502479
3208,1791274440.416485,-1.313839285714286,-0.2626212232940051,0.18901103117028067,1.3530959853294657,-52.03355979874872,-68.89959017812205,2.9605144647340556,86.39102683692926
3209,1791274440.436485,-1.256358816964286,-0.4254825514190051,0.12674052335778066,1.3324924160335514,-52.057587961693784,-68.89325782641579,2.963347102434872,86.40054898191327
3210,1791274440.4470406,-1.031226981026786,-0.5069132154815051,-0.15587178132971935,1.1596060135418054,-52.07017821887053,-68.89115521694106,2.9645947882603694,86.4065017757818
3211,1791274440.4670405,-1.064757254464286,-0.6362442701690052,-0.16066182039221935,1.2507305876122787,-52.09359920906413,-68.88948363089553,2.9661294267309386,86.41933786637195
3212,1791274440.492216,-1.088707449776786,-0.8230557936065052,-0.17024189851721935,1.3753861474507638,-52.12272490030473,-68.89045049947444,2.9671466310499484,86.43770346430738
3213,1791274440.512216,-1.122237723214286,-0.8565860670440052,-0.15587178132971935,1.420370800134247,-52.14570864519575,-68.89362284475168,2.9673443354524216,86.45409956265621
3214,1791274440.5365946,-1.194088309151786,-0.8853263014190051,0.06447001554528066,1.4878863978616226,-52.1737569953962,-68.90009457213158,2.9673820566737015,86.47617768688437
3215,1791274440.5565946,-1.045597098214286,-0.9428067701690052,0.050099898357780656,1.4087824166584797,-52.19667558886187,-68.90734972473834,2.9675802156712128,86.49579366045917
3216,1791274440.5671391,-1.045597098214286,-0.9140665357940052,0.05488993742028066,1.3898934595437848,-52.208600204107675,-68.91206956327234,2.96775204950336,86.50675591532125
3217,1791274440.5871391,-1.031226981026786,-0.8565860670440052,0.08842021085778067,1.3434980127784597,-52.23094039109226,-68.92233489860931,2.9682440463094286,86.52843379336265
3218,1791274440.6120727,-0.978536551339286,-0.7655753248565051,0.006989546795280657,1.2424524997361186,-52.25837209057102,-68.93624632018384,2.968943822495914,86.55609821205418
3219,1791274440.6320727,-1.016856863839286,-0.7895255201690052,-0.2995729532047194,1.3217762226742482,-52.280068408995746,-68.94806392780998,2.968982062822224,86.57861125435085
3220,1791274440.65709,-1.160558035714286,-0.9236466139190052,-0.19419209382971936,1.495903937748349,-52.30722215788993,-68.96384323310372,2.968096272563559,86.60754446835543
3221,1791274440.67709,-1.083917410714286,-0.9667569654815052,0.06926005460778066,1.4540608442293064,-52.32904065926002,-68.97740134966631,2.9673069534846186,86.63149140946169
3222,1791274440.6865308,-0.897105887276786,-0.9715470045440052,-0.18461201570471936,1.335209403564721,-52.339197781941756,-68.98421383906633,2.9669085712485623,86.64303740013618
3223,1791274440.7065308,-1.059967215401786,-1.1104581373565052,-0.18940205476721936,1.546777589344357,-52.360423058332195,-68.99960391822225,2.9656301940332135,86.66806912679455
3224,1791274440.7317345,-1.093497488839286,-1.1008780592315053,-0.12234150789221936,1.556482156643144,-52.387229339722275,-69.02026917183059,2.9636715674869265,86.70064996068102
3225,1791274440.7517345,-1.031226981026786,-1.1631485670440052,-0.10318135164221935,1.5578799911228263,-52.40849735045916,-69.03760399168326,2.9620121833188175,86.72724413712045
3226,1791274440.7918465,-0.983326590401786,-1.388280402981505,-0.2612526407047194,1.7211933659437806,-52.45081484159159,-69.07483146352014,2.9580869638253273,86.78231731030343
3227,1791274440.8118465,-1.074337332589286,-1.455340949856505,-0.06965107820471934,1.8102677308120412,-52.47183602564397,-69.09487436765953,2.9559270507617517,86.81090222151909
3228,1791274440.8069692,-0.949796316964286,-1.3595401686065052,0.05488993742028066,1.6593599425692815,-52.47183602564397,-69.09487436765953,2.9559270507617517,86.81090222151909
3229,1791274440.8269691,-0.844415457589286,-1.2445792311065051,0.026149703045280658,1.5042269557771988,-52.492295914158966,-69.1168505112779,2.9544692524815366,86.8407107496353
3230,1791274440.852156,-0.940216238839286,-1.2493692701690051,-0.10318135164221935,1.5670279322164111,-52.517568161805656,-69.14508572291439,2.9527632548556486,86.87840155123888
3231,1791274440.872156,-1.050387137276786,-1.3260098951690051,0.12195048429528066,1.6960210201711803,-52.53761173671729,-69.1680063330492,2.951639934012028,86.90872180274454
3232,1791274440.8971117,-0.916266043526786,-1.354750129544005,0.2656516561702807,1.6569436256088321,-52.56255130828243,-69.1973339271291,2.9511739846926046,86.94712330230576
3233,1791274440.9171116,-0.8827357700892859,-1.306849738919005,0.14590067960778066,1.583782083563837,-52.582238771717215,-69.22130442971863,2.95147390555582,86.97811230081302
3234,1791274440.9263148,-1.045597098214286,-1.3260098951690051,0.12195048429528066,1.693058609292692,-52.59127026289253,-69.23249746480921,2.951776096956424,86.99249045294647
3235,1791274440.9463148,-1.189298270089286,-1.2254190748565053,0.3949827108577807,1.7527388927436118,-52.611305417141935,-69.25700018556742,2.9531096987416348,87.0241483112146
3236,1791274440.9720747,-1.088707449776786,-1.273319465481505,0.46204325773278065,1.7378464674389102,-52.63764096591839,-69.28865327329189,2.9562254937235575,87.065366179975
3237,1791274440.9920747,-0.887525809151786,-1.4409708326690052,0.32313212492028065,1.7229374256393744,-52.65798516644788,-69.31361380920472,2.959459490032015,87.0976398162118
3238,1791274441.0321758,-0.945006277901786,-1.551141731106505,0.35187235929528066,1.8501058598063786,-52.69816919702356,-69.36515297284204,2.9670013072072647,87.1632065749125
3239,1791274441.0521758,-1.016856863839286,-1.531981574856505,0.39019267179528067,1.8796850130699094,-52.71814714999501,-69.39162658046817,2.9713115959218417,87.1964997635325
3240,1791274441.1073053,-0.901895926339286,-1.531981574856505,0.26086161710778066,1.7967839577777018,-52.77288913235894,-69.46632304630101,2.9841025569884274,87.28947664535471
3241,1791274441.1273053,-0.834835379464286,-1.498451301419005,-0.016960648517219346,1.7153991014127625,-52.79237470532951,-69.49390242208054,2.988412685115404,87.32335261116653
3242,1791274441.1073053,-0.825255301339286,-1.584672004544005,0.0021995077327806568,1.7866831034652948,-52.79237470532951,-69.49390242208054,2.988412685115404,87.32335261116653
3243,1791274441.1273053,-0.849205496651786,-1.4457608717315051,0.39977274992028067,1.7237148039488062,-52.81108133420185,-69.52230514452681,2.9921108900620466,87.3573920848992
3244,1791274441.152393,-0.8827357700892859,-1.2254190748565053,0.48120341398278066,1.585065006378597,-52.83428577579116,-69.55761514990097,2.997711675422914,87.39971312349182
3245,1791274441.172393,-0.796515066964286,-1.1200382154815052,0.25128153898278066,1.3971629353349129,-52.85252841201399,-69.58506005063262,3.0026055984162503,87.4327511986929
3246,1791274441.1969585,-0.772564871651786,-1.2254190748565053,0.3566623983577807,1.49188352639703,-52.87446521333576,-69.61803472444011,3.0088350969981943,87.4724694925811
3247,1791274441.2169585,-0.657603934151786,-1.1296182936065051,0.35187235929528066,1.353622761591429,-52.891791344183424,-69.64438667309578,3.0142088852646816,87.50410071460837
3248,1791274441.226484,-0.849205496651786,-1.052977668606505,0.15069071867028067,1.361109708591105,-52.8998820687329,-69.65661416342694,3.016743425515464,87.5188103238028
3249,1791274441.246484,-0.997696707589286,-1.1296182936065051,0.10279032804528067,1.5106296902697993,-52.917091729126774,-69.68171014434968,3.021646976058789,87.5493556581538
3250,1791274441.2570453,-0.868365652901786,-1.2206290357940053,0.31355204679528065,1.5304604000798119,-52.92629442332871,-69.6948361531818,3.0241777290156584,87.56545254117292
3251,1791274441.2770452,-0.695924246651786,-1.302059699856505,0.25128153898278066,1.4976022271958007,-52.9434540628155,-69.71974859138045,3.0290986298755533,87.59582244751324
3252,1791274441.3016102,-0.830045340401786,-1.4026505201690052,0.06926005460778066,1.6313187009341155,-52.96418035059579,-69.75074058017103,3.034826670279518,87.63321507631335
3253,1791274441.3216102,-0.954586356026786,-1.536771613919005,-0.05528096101721935,1.8099607976723442,-52.98120074448472,-69.77659744800759,3.038811679913251,87.66422052453706
3254,1791274441.3317645,-0.921056082589286,-1.579881965481505,0.20338114835778068,1.8400367451862898,-52.98997442653281,-69.79012967776013,3.040644222860832,87.68035759195554
3255,1791274441.3517644,-0.7055043247767859,-1.3978604811065052,0.17943095304528067,1.5760538518175058,-53.00710294123037,-69.81725160370632,3.0442864374844705,87.71242365612113
3256,1791274441.3771234,-0.748614676339286,-1.1870987623565052,-0.0025905313297193435,1.4034365379565585,-53.028328898424476,-69.85139877528097,3.0485481883447747,87.75257957849139
3257,1791274441.3971233,-0.858785574776786,-1.2828995436065052,0.050099898357780656,1.5446209574668905,-53.04496934832904,-69.87799518059495,3.051476423715594,87.7839079329971
3258,1791274441.4221985,-0.839625418526786,-1.306849738919005,0.2752317342952807,1.5775232458230655,-53.06589712347282,-69.91120927279127,3.0552088666811885,87.82312292740485
3259,1791274441.4421985,-0.820465262276786,-1.1679386061065051,0.17943095304528067,1.4385545874757966,-53.082575454126605,-69.9374392817942,3.0584213075532665,87.85419267759616
3260,1791274441.4520879,-0.796515066964286,-1.091297981106505,-0.045700882892219345,1.3518343486409063,-53.09078464755911,-69.9501393931294,3.0598706791543413,87.86931332487401
3261,1791274441.4720879,-0.830045340401786,-1.1200382154815052,-0.026540726642219344,1.3943332748781436,-53.10733622769435,-69.97528809966718,3.062253811050297,87.8994169732433
3262,1791274441.4974506,-0.988116629464286,-1.234999152981505,0.05967997648278066,1.5827694338980272,-53.128635974533296,-70.00687608260608,3.0648856672016334,87.93752431989915
3263,1791274441.5174506,-0.968956473214286,-1.3978604811065052,-0.026540726642219344,1.7010570189719905,-53.145848252336215,-70.03199797854563,3.0666994413270676,87.96798606760758
3264,1791274441.5425203,-0.839625418526786,-1.450550910794005,-0.06965107820471934,1.6774743100675724,-53.167587859257054,-70.06412011469078,3.0684510895037063,88.00675382211476
3265,1791274441.5625203,-0.815675223214286,-1.302059699856505,-0.050490921954719346,1.5372816478953768,-53.1848126182772,-70.09003131754663,3.069458684046741,88.03782346212903
3266,1791274441.5715635,-0.877945731026786,-1.211048957669005,0.07405009367028066,1.497635369798643,-53.19258141540051,-70.10169444746562,3.069861918789859,88.05181618933412
3267,1791274441.5915635,-0.973746512276786,-1.1775186842315053,0.24649149992028066,1.5477372456003151,-53.20996320416598,-70.12720235005752,3.0711007556943395,88.0826677246224
3268,1791274441.631679,-0.801305106026786,-1.297269660794005,0.17943095304528067,1.535315574294721,-53.24493821013161,-70.17813696119205,3.0744943265240106,88.14446589382905
3269,1791274441.651679,-0.633653738839286,-1.292479621731505,0.08842021085778067,1.4421646116253009,-53.261912177384225,-70.20360639316455,3.0763342131598255,88.17506150601099
3270,1791274441.6622345,-0.6432338169642859,-1.2158389967315053,0.14111064054528066,1.3827242755280669,-53.2705377235733,-70.21701796319881,3.077341314707315,88.19098497335222
3271,1791274441.6822345,-0.719874441964286,-1.0960880201690053,0.20817118742028068,1.3277663210909407,-53.2864741054328,-70.24208561820565,3.079487206600432,88.22064472695668
3272,1791274441.692305,-0.901895926339286,-1.0338175123565052,0.2943918905452807,1.4031612508978488,-53.29451977632242,-70.25442325820332,3.0807852288083226,88.23537308334818
3273,1791274441.712305,-0.949796316964286,-1.0625577467315053,0.18422099210778067,1.4370384068601754,-53.310879103179616,-70.27839482579964,3.0836943216537405,88.26444233503214
3274,1791274441.737182,-0.858785574776786,-1.1152481764190052,0.15069071867028067,1.4156266637584842,-53.331549654163865,-70.30780242755753,3.0873948735018244,88.30047156052983
3275,1791274441.757182,-0.887525809151786,-1.1870987623565052,0.10758036710778066,1.4860952421988045,-53.34829467210882,-70.33135210216446,3.0903111113658572,88.32943821685848
3276,1791274441.7814634,-1.064757254464286,-1.1200382154815052,0.09800028898278067,1.5484823769465468,-53.36913026871038,-70.35985609392708,3.093694951747189,88.36483669226789
3277,1791274441.8014634,-1.088707449776786,-1.1008780592315053,0.11237040617028066,1.552367070212349,-53.38694789668367,-70.38314370190702,3.096379604432287,88.39423448246642
3278,1791274441.8268764,-0.935426199776786,-1.0960880201690053,0.20817118742028068,1.4559417455581176,-53.410049869846596,-70.41248296949648,3.0998901223263884,88.43167138418016
3279,1791274441.8468764,-0.858785574776786,-1.052977668606505,0.23691142179528066,1.3792757722100923,-53.42819518909446,-70.43533299080076,3.1029060973105698,88.46093036441393
3280,1791274441.8566742,-1.059967215401786,-0.9140665357940052,0.3183420858577807,1.435405800884667,-53.43716100241716,-70.44629336307274,3.1045699917611644,88.47513085284533
3281,1791274441.8766742,-1.098287527901786,-0.8996964186065052,0.28960185148278067,1.4489852904637242,-53.45595478207569,-70.46803112427088,3.1083688962706812,88.50392346890523
3282,1791274441.9020183,-0.978536551339286,-1.0769278639190052,0.22254130460778065,1.4720163173853296,-53.480145711844884,-70.49520263437228,3.11343428456671,88.5403470337997
3283,1791274441.9220183,-0.868365652901786,-1.1296182936065051,0.24170146085778066,1.4451698836368003,-53.49914251648827,-70.5167381764745,3.1175283384602124,88.5691119747177
3284,1791274441.9472828,-0.949796316964286,-1.0433975904815052,0.32313212492028065,1.4474826236252472,-53.522985311669586,-70.54397931210308,3.122994565397337,88.60539525850064
3285,1791274441.9672828,-1.064757254464286,-0.9954971998565052,0.27044169523278067,1.4825185989986254,-53.54205048480054,-70.56536767315075,3.1275630413515745,88.6341014257013
3286,1791274441.9773371,-1.040807059151786,-1.091297981106505,0.14111064054528066,1.5146362041171546,-53.55178498526156,-70.57608074232984,3.129825539921622,88.64859082899113
3287,1791274441.997337,-1.031226981026786,-1.1823087232940053,0.07884013273278066,1.5708274157602553,-53.57135221288451,-70.59760490130928,3.1339809183715297,88.6776941068892
3288,1791274442.0218964,-1.055177176339286,-1.1391983717315053,0.04051982023278066,1.5533234239702813,-53.59561892924965,-70.62434724953076,3.1385380301474965,88.71380509141927
3289,1791274442.0418963,-1.1318178013392861,-1.0960880201690053,0.21775126554528068,1.590545848767987,-53.61569690330894,-70.64621129950702,3.1420798811316595,88.74346618980744
3290,1791274442.0664623,-1.059967215401786,-1.0433975904815052,0.22254130460778065,1.503906134639313,-53.640697620797795,-70.67298041655562,3.1465889770273514,88.78004068705457
3291,1791274442.0864623,-1.093497488839286,-1.0338175123565052,0.17943095304528067,1.5154903080731184,-53.66122867426271,-70.69462085389834,3.1503122946664406,88.80980434649025
3292,1791274442.1118429,-0.935426199776786,-1.0577677076690053,0.11716044523278066,1.416905525623824,-53.68723719898997,-70.72194532461282,3.1548931271469653,88.84743293535192
3293,1791274442.1318429,-0.940216238839286,-1.052977668606505,0.24649149992028066,1.4330131213265402,-53.707471221329115,-70.7434134242502,3.1585068552108977,88.876876483474
3294,1791274442.1423972,-0.834835379464286,-1.052977668606505,0.25128153898278066,1.3670605301971175,-53.717952453130906,-70.7547101468556,3.1605218485429356,88.89227369168538
3295,1791274442.1623971,-0.786934988839286,-0.9859171217315053,0.30397196867028065,1.2975739691131711,-53.73726737615842,-70.7759642786067,3.1646003065556516,88.92100831481615
3296,1791274442.187274,-0.729454520089286,-0.9380167311065052,0.21775126554528068,1.208054178570231,-53.76051761811013,-70.80202516174482,3.1698857348449736,88.9559902263105
3297,1791274442.207274,-0.825255301339286,-0.9332266920440052,0.23691142179528066,1.2681030687247206,-53.778738107285676,-70.82264114771587,3.174179610629015,88.98356358199356
3298,1791274442.2170427,-0.892315848214286,-0.9475968092315052,0.32313212492028065,1.3411120967300258,-53.78756111530771,-70.83257830452332,3.1763726224564772,88.99688322090883
3299,1791274442.2370427,-0.8827357700892859,-0.9428067701690052,0.18422099210778067,1.3046242446025642,-53.805577894752496,-70.85270700472944,3.180950031501301,89.02395602077691
3300,1791274442.2622178,-0.916266043526786,-0.9907071607940052,0.006989546795280657,1.3494787863220201,-53.82825156659736,-70.87789428708618,3.1862086269216947,89.05789403922891
3301,1791274442.2822177,-0.940216238839286,-1.0817179029815052,-0.016960648517219346,1.4333205716119206,-53.846347135638936,-70.89801113552709,3.1897446415228625,89.08496816917643
3302,1791274442.3065248,-0.978536551339286,-1.0050772779815051,0.17943095304528067,1.4141815951045442,-53.868538681596384,-70.92259710782267,3.193693705517373,89.11808974441632
3303,1791274442.3265247,-0.892315848214286,-0.9044864576690052,0.28960185148278067,1.3031471741377718,-53.886865413626374,-70.94265653501137,3.197159174043272,89.14525566251432
3304,1791274442.33658,-0.710294363839286,-0.7416251295440052,0.19380107023278068,1.045028598123702,-53.895905962308056,-70.9524703588366,3.199004702057342,89.15859667246521
3305,1791274442.35658,-0.748614676339286,-0.7512052076690052,0.16027079679528067,1.0725763030968947,-53.913378713744706,-70.97130132862289,3.202655948498743,89.18427564169765
3306,1791274442.39692,-0.844415457589286,-0.7320450514190052,0.18901103117028067,1.1334251595173057,-53.94815456777596,-71.0080736406775,3.2099725764418503,89.23482407317242
3307,1791274442.41692,-0.801305106026786,-0.6458243482940051,0.24170146085778066,1.0571653408879618,-53.96527832066388,-71.02563696075339,3.2137020040236175,89.25928663437837
3308,1791274442.4264665,-0.739034598214286,-0.6075040357940051,0.17464091398278067,0.9724879123672932,-53.97332876276261,-71.0336602503993,3.215513231547043,89.27060340136987
3309,1791274442.4464664,-0.734244559151786,-0.6266641920440051,0.10758036710778066,0.9712860637429177,-53.989874522102596,-71.04979899189614,3.2191619105144613,89.29358034655871
3310,1791274442.4722111,-0.691134207589286,-0.6889346998565052,0.18422099210778067,0.9930935945315619,-54.010730255003665,-71.0699974177531,3.223717536743199,89.32242646947577
3311,1791274442.492211,-0.729454520089286,-0.6554044264190052,0.2752317342952807,1.018533930024672,-54.02663280338058,-71.08535155223838,3.2274149321076995,89.34439246265335
3312,1791274442.5017545,-0.7438246372767859,-0.7320450514190052,0.18422099210778067,1.0597652675286973,-54.03413731746246,-71.09257219886598,3.2292434359664233,89.3547415119203
3313,1791274442.5217545,-0.767774832589286,-0.8949063795440052,0.05488993742028066,1.1804018497681488,-54.04977273484145,-71.10787498224786,3.2328592718370155,89.37650248387719
3314,1791274442.5473466,-0.858785574776786,-0.9284366529815052,0.10758036710778066,1.2692835843227626,-54.06990085893384,-71.12801901792781,3.2371039358446834,89.40485507063414
3315,1791274442.5673466,-0.839625418526786,-0.8230557936065052,0.24649149992028066,1.2013116757771334,-54.08581892459212,-71.14402727523498,3.2404546339959444,89.42733906316418
3316,1791274442.592418,-0.734244559151786,-0.8038956373565052,0.19380107023278068,1.1058580936215068,-54.105739609294844,-71.16414387418237,3.244852825149835,89.455550425175
3317,1791274442.612418,-0.719874441964286,-0.8374259107940052,0.09800028898278067,1.1086502716832165,-54.12142827046231,-71.1802461811573,3.2482727786770975,89.47797338166333
3318,1791274442.6219738,-0.7629847935267859,-0.8374259107940052,0.06926005460778066,1.1349999587605957,-54.128862535069885,-71.18798603511992,3.249781572266416,89.48868193992112
3319,1791274442.6419737,-0.820465262276786,-0.8230557936065052,0.20338114835778068,1.1798084494948655,-54.14446340930413,-71.20424610612659,3.2528747068389956,89.51116564586627
3320,1791274442.6670425,-0.830045340401786,-0.7224649732940052,0.21296122648278068,1.120840483184148,-54.16418816346317,-71.22447578652053,3.256952993549502,89.53933757446435
3321,1791274442.6870425,-0.844415457589286,-0.6601944654815052,0.13153056242028066,1.0799048504931945,-54.18007588291057,-71.24026821210164,3.2602353564904223,89.56163002195659
3322,1791274442.7274613,-0.877945731026786,-0.8038956373565052,0.11237040617028066,1.1956855818198415,-54.21258905136407,-71.27183475765626,3.2666131754681618,89.6066403957479
3323,1791274442.7474613,-0.945006277901786,-0.7895255201690052,0.20817118742028068,1.2488885681052155,-54.22899836249166,-71.28750162769639,3.2697764680632093,89.6291447569876
3324,1791274442.7565053,-0.820465262276786,-0.7559952467315052,0.20817118742028068,1.1349129054493627,-54.236503078311365,-71.29457178182291,3.27127473775865,89.6393633964849
3325,1791274442.7765052,-0.839625418526786,-0.7464151686065051,0.16985087492028067,1.1362023442474245,-54.25309991331451,-71.31011524599923,3.2746580852329945,89.66189141534412
3326,1791274442.7869616,-0.844415457589286,-0.8086856764190052,0.08363017179528066,1.1721791645885433,-54.26179611588973,-71.31824221880996,3.2763604111413795,89.67367912853206
3327,1791274442.8069615,-0.925846121651786,-0.8182657545440052,0.18901103117028067,1.2499900223366491,-54.278589869085344,-71.33389554818292,3.279537029132371,89.696406479752
3328,1791274442.831757,-0.825255301339286,-0.8038956373565052,0.28002177335778067,1.1856250257580825,-54.29954377490946,-71.35340787744374,3.2837568283614504,89.72475872798974
3329,1791274442.851757,-0.772564871651786,-0.7272550123565051,0.23691142179528066,1.0871445882149542,-54.31630664175216,-71.36908238550218,3.2874253501686526,89.74750276850259
3330,1791274442.8617635,-0.844415457589286,-0.7416251295440052,0.15548075773278067,1.1345569901120196,-54.324648961003604,-71.37685070797404,3.2892799588913784,89.75879714196626
3331,1791274442.8817635,-0.8827357700892859,-0.8182657545440052,0.10758036710778066,1.2084514141005585,-54.34141250462191,-71.39238819453583,3.292825356759806,89.7814285024854
3332,1791274442.9223716,-0.820465262276786,-0.8038956373565052,0.22733134367028066,1.1709359428161183,-54.37553113625192,-71.42414402175376,3.2999641886309634,89.82759319516455
3333,1791274442.9423716,-0.815675223214286,-0.7272550123565051,0.2752317342952807,1.1269331969227474,-54.39226858414915,-71.43973483338111,3.30370659451294,89.85025916521695
3334,1791274442.9525485,-0.921056082589286,-0.7224649732940052,0.2560715780452807,1.1982790150853972,-54.40083343080538,-71.44758467224607,3.305730780863464,89.86175988405498
3335,1791274442.9725485,-0.921056082589286,-0.8661661451690053,0.28960185148278067,1.2970957291942296,-54.41790373282688,-71.46308036927091,3.309930589554096,89.88456899294647
3336,1791274442.9821045,-0.858785574776786,-0.9715470045440052,0.3087620077327807,1.3329479445583394,-54.426112161017265,-71.47069077557646,3.3120651191628943,89.89566786144523
3337,1791274443.0021045,-0.901895926339286,-1.0625577467315053,0.04530985929528066,1.3944526562188801,-54.44335576990977,-71.48728065292535,3.3163935014288426,89.91945700734298
3338,1791274443.026443,-1.1318178013392861,-1.1104581373565052,0.08363017179528066,1.587804401015529,-54.464904640141945,-71.50840759228844,3.321106087185561,89.94947437026495
3339,1791274443.046443,-1.103077566964286,-1.0960880201690053,0.39019267179528067,1.6032589896272524,-54.48330846995212,-71.52647418736278,3.3251084753431432,89.97512855161824
3340,1791274443.072263,-1.241988699776786,-0.9715470045440052,0.49078349210778066,1.6514563114224876,-54.508045168833284,-71.55030357516098,3.331206514499961,90.0092765589609
3341,1791274443.092263,-1.400059988839286,-1.1439884107940053,0.09321024992028067,1.8104048185612676,-54.52829496176322,-71.56916622234131,3.3360974732592137,90.0367150197588
3342,1791274443.102415,-1.476700613839286,-1.426600715481505,0.05488993742028066,2.0539832544486987,-54.53922242054586,-71.57926205537001,3.338320514050086,90.05144042425769
3343,1791274443.122415,-1.519810965401786,-1.6469425123565051,0.4045627889827807,2.277260648189441,-54.562015525290526,-71.60077812641315,3.342732237744777,90.08251120668844
3344,1791274443.1467943,-1.366529715401786,-1.5942520826690052,0.5243137655452806,2.164243075745148,-54.59090941235676,-71.62899768478105,3.349001708388431,90.12267479517739
3345,1791274443.1667943,-1.332999441964286,-1.498451301419005,0.4333030233577807,2.0518273136529794,-54.615106801267544,-71.65331461592928,3.354809919048888,90.15687514524976
3346,1791274443.1923819,-1.227618582589286,-1.613412238919005,0.4045627889827807,2.0673213313952163,-54.646334788358445,-71.68573047891655,3.3627341077127975,90.20185053964467
3347,1791274443.2123818,-1.083917410714286,-1.469711067044005,0.7207053671077807,1.9632482777323788,-54.67054948739752,-71.71189176444976,3.3696867184313484,90.23757083538159
3348,1791274443.2370117,-1.165348074776786,-1.1918888014190052,0.8931467733577807,1.8911230021057355,-54.7000516067699,-71.74419318935969,3.3799456625614854,90.28149829758766
3349,1791274443.2570117,-1.582081473214286,-0.6170841139190052,0.9697873983577807,1.9555720875366989,-54.72453567797643,-71.76920171153864,3.389820981915018,90.31657658354344
3350,1791274443.2665656,-1.658722098214286,-0.2769913404815051,0.9602073202327807,1.936512664465369,-54.736799403526305,-71.77999685389617,3.3952136963068784,90.33278825172403
3351,1791274443.2865655,-1.376109793526786,-0.33926184829400513,0.6632248983577806,1.5648143760043511,-54.76317340908224,-71.80012983518928,3.4072445014648083,90.36522075044144
3352,1791274443.3122716,-1.194088309151786,-0.2578311842315051,0.40935282804528067,1.288368560406478,-54.79694245226837,-71.8232764519305,3.4224561362491412,90.40465224982725
3353,1791274443.3322716,-1.232408621651786,0.22596276108099492,0.4380930624202807,1.3273340617409701,-54.82291441266333,-71.83863162639436,3.4337870958961423,90.43302401485278
3354,1791274443.3570893,-1.404850027901786,0.5804256517059949,0.4045627889827807,1.5729490100710524,-54.85521723120983,-71.8533265967785,3.447306923793389,90.46479605644048
3355,1791274443.3770893,-1.462330496651786,0.5373153001434949,0.29918192960778067,1.5863883636140264,-54.881645240851924,-71.86171595625402,3.4576235433954428,90.48787965848189
3356,1791274443.3868973,-1.481490652901786,0.5804256517059949,0.17943095304528067,1.6012195223342822,-54.894827063086794,-71.86439078726812,3.462276024972764,90.4981770909475
3357,1791274443.4068973,-1.203668387276786,0.7863973313934949,0.03572978117028066,1.4382332796228798,-54.92170240315851,-71.86697674861529,3.470662754272202,90.51685611973612
3358,1791274443.446651,-0.739034598214286,0.6762264329559948,-0.10318135164221935,1.007025678576696,-54.97290139101411,-71.8669849648946,3.484631300074069,90.54847359612421
3359,1791274443.466651,-0.825255301339286,0.7145467454559948,-0.10318135164221935,1.096480622335418,-54.997142200771826,-71.86490232066873,3.4902951675628553,90.56175791231026
3360,1791274443.4772058,-0.877945731026786,1.169600456393495,-0.22293232820471937,1.4793420014259062,-55.00936438930711,-71.86247658173119,3.49257770509488,90.56734405955359
3361,1791274443.4972057,-0.691134207589286,1.3803621751434951,-0.30436299226721936,1.5734367030576117,-55.03140357126568,-71.85474464558709,3.4954631125838502,90.57470932593421
3362,1791274443.5071483,-0.580963309151786,1.356411979830995,-0.17982197664221936,1.486508583524881,-55.04166499404431,-71.84943666938877,3.496321312762226,90.5767668762094
3363,1791274443.5271482,-0.557013113839286,1.385152214205995,-0.24209248445471934,1.5124546394977163,-55.06091718880303,-71.83624861943558,3.497155813338293,90.57803992231423
3364,1791274443.5673306,-0.40373186383928594,1.294141472018495,-0.4001637735172194,1.413482441741984,-55.09669052951147,-71.80565218197586,3.49664538049455,90.57551281389792
3365,1791274443.5873306,-0.23129045758928596,1.571963737643495,-0.5342848672672194,1.676313093556427,-55.11277772147672,-71.7884085659781,3.495027759588349,90.57156889252273
3366,1791274443.5973165,-0.365411551339286,1.8114656907684952,-0.6205055703922194,1.9493487921794135,-55.12005205713098,-71.77855633789318,3.493476364078055,90.568127207309
3367,1791274443.6173165,-0.25045061383928596,1.873736198580995,-0.6013454141422194,1.9837412026156815,-55.13335964002847,-71.7562561593653,3.489002501840529,90.55838327655269
3368,1791274443.627371,0.22855329241071407,1.806675651705995,-0.6252956094547194,1.9254371236533299,-55.13906275446352,-71.74395146096101,3.486165726402324,90.55199701909031
3369,1791274443.647371,0.4297349330357141,1.8928963548309952,-0.5534450235172194,2.01842268042639,-55.147717970768674,-71.71759770862312,3.4796012858588847,90.53613777706612
3370,1791274443.671948,0.3291441127232141,1.950376823580995,-0.4672243203922194,2.0323887832962018,-55.155359694440335,-71.6829865231899,3.4708632338917336,90.51304409583902
3371,1791274443.691948,0.6596568080357141,2.050967643893495,-0.6252956094547194,2.243347939997104,-55.15916231839357,-71.65304375751921,3.4631802950947734,90.49135585866854
3372,1791274443.71747,0.9518491908482141,2.041387565768495,-0.9079079141422194,2.428492712847765,-55.160202307022814,-71.61273188608942,3.4519119399629075,90.45964284022944
3373,1791274443.73747,1.1386607142857141,2.055757682955995,-0.9893385782047194,2.5497997363742884,-55.15775927277273,-71.579734777964,3.4415603170293054,90.43163813783629
3374,1791274443.747521,1.3254722377232142,1.983907097018495,-0.8025270547672194,2.517302861438942,-55.15485815844694,-71.56259425150269,3.4357876758974895,90.41608215045294
3375,1791274443.767521,1.5985044642857142,1.8497860032684952,-0.7642067422672194,2.561432553309977,-55.14556533881344,-71.52785273903328,3.4236739033703936,90.38245757330785
3376,1791274443.7920947,1.981707589285714,1.6629744798309951,-1.0611891641422193,2.796206632581832,-55.12926157610754,-71.48509499217151,3.4076581603479403,90.33806740297501
3377,1791274443.8120947,2.134988839285714,1.404312370455995,-1.0899293985172194,2.778167862358645,-55.11180770915346,-71.45091455818006,3.3933519073692144,90.2998304391448
3378,1791274443.8367355,2.230789620535714,1.399522331393495,-0.8743776407047193,2.7748191554988426,-55.08546118980602,-71.40993795905379,3.374739742363528,90.25062959413759
3379,1791274443.8567355,2.5756724330357144,1.5001131517059951,-0.9701784219547194,3.13459313478607,-55.060074722499266,-71.37731826058271,3.3591321540445294,90.20874214480575
3380,1791274443.8818984,2.733743722098214,1.231870964205995,-1.0851393594547194,3.188791031096739,-55.02290574307291,-71.33727805902602,3.338562159795146,90.1536099919282
3381,1791274443.9018984,2.887024972098214,0.954048698580995,-1.3102711953922195,3.3108809574276967,-54.98936337630117,-71.3069481740876,3.3210720371568967,90.10849272909238
3382,1791274443.9119534,2.958875558035714,0.8103475267059949,-1.2575807657047193,3.315586986379659,-54.970620790285054,-71.29265639661048,3.311661302405983,90.08539896529481
3383,1791274443.9319534,3.4235093470982143,0.551685417330995,-1.3390114297672193,3.7172200174877688,-54.929359345997156,-71.26645040423297,3.2918557960930364,90.03875713248686
3384,1791274443.9569192,3.4905698939732144,0.532525261080995,-1.3773317422672193,3.79007969133347,-54.87263291309571,-71.23661453131011,3.2657550754563758,89.97958795699549
3385,1791274443.9769192,3.265438058035714,0.23554283920599492,-1.5689333047672194,3.630443203629147,-54.82387207470894,-71.21514623346901,3.2435628695479384,89.93205603346972
3386,1791274444.0023668,3.1408970424107143,-0.0997598951690051,-1.7030543985172195,3.574294413169871,-54.758909099245884,-71.19166859569125,3.2133166396088417,89.87278346087092
3387,1791274444.0223668,3.246277901785714,-0.3153116529815051,-1.7413747110172195,3.697313556935426,-54.70593057076869,-71.17660723414097,3.1879443517598256,89.8276752797647
3388,1791274444.0321257,3.3277085658482144,-0.4302725904815051,-1.8036452188297194,3.809450731633965,-54.67914578195182,-71.17090615689797,3.1748263745123793,89.80638278622637
3389,1791274444.0521257,3.1744273158482144,-0.7080948561065052,-1.9138161172672195,3.773735449068942,-54.622733775853185,-71.16268249172316,3.1463988137551486,89.764526679868
3390,1791274444.0774572,3.1408970424107143,-1.0769278639190052,-1.7844850625797195,3.7695350898591817,-54.550002946940886,-71.15722027620166,3.1087677329124856,89.71464348568934
3391,1791274444.0974572,3.471409737723214,-1.1008780592315053,-1.6503639688297194,3.9982895465521584,-54.491274790945646,-71.15682128567977,3.0783612221244514,89.67758109827895
3392,1791274444.1368244,3.6965415736607143,-1.2158389967315053,-1.8132252969547193,4.293072332175599,-54.371852607312675,-71.16299393121787,3.0172614737573262,89.6078898758748
3393,1791274444.1568244,3.179217354910714,-1.661312629544005,-1.8898659219547194,4.054500690074384,-54.309968756842856,-71.1699751953188,2.9853220660795454,89.57483030131712
3394,1791274444.1519005,3.059466378348214,-1.7140030592315052,-1.9090260782047195,3.9928087325294945,-54.309968756842856,-71.1699751953188,2.9853220660795454,89.57483030131712
3395,1791274444.1719005,3.394769112723214,-1.5655118482940051,-1.5114528360172195,4.032341050971875,-54.24762201670059,-71.18424194970065,2.9522715478730515,89.54728752850485
3396,1791274444.1964917,3.6199009486607143,-1.417020637356505,-1.4922926797672194,4.163960591419641,-54.16952429500762,-71.2046533300539,2.9121896188041485,89.51491979874889
3397,1791274444.2164917,3.385189034598214,-1.345170051419005,-1.6503639688297194,3.9990859576670745,-54.10502745450192,-71.22290706746925,2.879766867042401,89.48938229869665
3398,1791274444.2417753,3.2271177455357143,-1.3643302076690051,-1.6407838907047194,3.868831559412451,-54.02318347671166,-71.24765961411423,2.838686004216846,89.45832265182301
3399,1791274444.2617753,3.351658761160714,-1.2876895826690051,-1.5018727578922195,3.8919638607621256,-53.95828567099272,-71.26828057482433,2.806350376072609,89.43455714139598
3400,1791274444.2720191,3.504940011160714,-1.268529426419005,-1.4491823282047194,3.9992375283179977,-53.92476351276263,-71.27922215947484,2.7900052758546874,89.4225461559133
3401,1791274444.2920191,3.394769112723214,-1.311639777981505,-1.5593532266422194,3.959348269768957,-53.85878313921746,-71.30125022983192,2.758367393845467,89.39935903715302
3402,1791274444.3176405,3.179217354910714,-1.3212198561065052,-1.5545631875797195,3.7775271808570206,-53.77430376309644,-71.33029616010344,2.7179328309742816,89.3704316559315
3403,1791274444.3376405,3.126526925223214,-1.3691202467315051,-1.4491823282047194,3.7080709654127055,-53.708792511057595,-71.35360384007421,2.6865986076040222,89.3486932531219
3404,1791274444.3615642,3.2941782924107144,-1.3164298170440052,-1.6407838907047194,3.908550864628552,-53.63066309086026,-71.38212066041606,2.6491951224430617,89.32342026781293
3405,1791274444.3815641,3.2366978236607142,-1.4457608717315051,-1.7078444375797195,3.934865934551244,-53.565348515085255,-71.40652781434262,2.6175935051839616,89.30280270966536
3406,1791274444.3913355,2.9876157924107143,-1.4888712232940051,-1.6407838907047194,3.71951037350496,-53.533663010633134,-71.41881432994319,2.602015856252425,89.293172203406
3407,1791274444.4113355,3.1408970424107143,-1.268529426419005,-1.4635524453922195,3.6900388747449324,-53.46934447685824,-71.44432624803804,2.5702576906725194,89.27412153820103
3408,1791274444.436301,3.4330894252232143,-1.3212198561065052,-1.3629616250797194,3.922931212905664,-53.388790982641865,-71.47624439045217,2.531268734208832,89.25034361926373
3409,1791274444.456301,3.519310128348214,-1.2781095045440052,-1.4683424844547195,4.021832584376767,-53.323510427851936,-71.50187766878456,2.5004727054602665,89.23097913988066
3410,1791274444.4814198,3.3372886439732143,-1.469711067044005,-1.3629616250797194,3.8929693686470426,-53.24090286392128,-71.53441915822579,2.4622624399685193,89.20666790320958
3411,1791274444.5014198,3.3612388392857144,-1.455340949856505,-1.5354030313297193,3.971574786362269,-53.17494772634546,-71.56083024354957,2.4320548570622353,89.18768066091556
3412,1791274444.5114765,3.289388253348214,-1.211048957669005,-1.6216237344547195,3.8621727298611686,-53.141741465942495,-71.57412978602007,2.416762582130786,89.17814464339065
3413,1791274444.5314765,3.1840073939732143,-0.8661661451690053,-1.6216237344547195,3.6766575054062223,-53.07589925337687,-71.59972725873922,2.386047531629498,89.15865212027182
3414,1791274444.5566616,3.1935874720982143,-0.7224649732940052,-1.8323854532047195,3.752145123618706,-52.99337731693652,-71.6301267159493,2.3466469011808964,89.13293355700225
3415,1791274444.5766616,3.188797433035714,-0.8182657545440052,-2.0766774453922197,3.8923742274086885,-52.92810132443072,-71.65295748662098,2.3141878309233634,89.11164734031972
3416,1791274444.6020133,3.049886300223214,-0.6745645826690052,-2.0670973672672193,3.745628831884404,-52.84590752234701,-71.68039496310635,2.2713358752876207,89.08382530283342
3417,1791274444.6220133,3.1648472377232144,-0.3775821607940051,-1.8850758828922194,3.7030173386761245,-52.78146921217083,-71.70037177039148,2.2366726349573622,89.0608191556964
3418,1791274444.6469908,3.2845982142857144,-0.2338809889190051,-1.7174245157047194,3.7138703145654164,-52.70098341001162,-71.72272345841647,2.1931275395456034,89.03006526494023
3419,1791274444.6669908,3.198377511160714,-0.32968177016900513,-1.4587624063297193,3.53076429850553,-52.63647924148592,-71.7387816597848,2.1587258889397063,89.00399900247872
3420,1791274444.6765633,3.2510679408482144,-0.3440518873565051,-1.4012819375797194,3.5568814326305276,-52.605606587010996,-71.74579834717039,2.1426768660109943,88.9910135295264
3421,1791274444.6965632,3.112156808035714,-0.6075040357940051,-1.4012819375797194,3.4667235568900243,-52.54123446212132,-71.75968673977667,2.109971278583737,88.96339662238022
3422,1791274444.7513216,2.906185128348214,-1.1679386061065051,-1.4396022500797194,3.447092575823998,-52.366709128003265,-71.7992997473026,2.0221906896692605,88.8903871309226
3423,1791274444.7713215,2.7385337611607143,-1.7140030592315052,-1.2959010782047193,3.4809098311453233,-52.30405981886006,-71.81592070654558,1.9908355277888734,88.8662172400876
3424,1791274444.766585,2.872654854910714,-1.781063606106505,-1.2336305703922195,3.598079747399359,-52.30405981886006,-71.81592070654558,1.9908355277888734,88.8662172400876
3425,1791274444.786585,3.179217354910714,-1.5655118482940051,-1.5689333047672194,3.8755389369379554,-52.24256363468399,-71.83740541374146,1.9607524317504386,88.84673782306739
