imu_index,t_imu,ax,ay,az,mag
0,1788017083.5461473,-0.323183935546875,-0.6809998535156254,-0.3414339843749999,0.8275178683086291
1,1788017083.5661473,-0.36150424804687503,-0.6091492675781254,-0.3893343749999999,0.8082879481370137
2,1788017083.575272,-0.289653662109375,-0.5372986816406253,-0.35580410156249986,0.7065307324913925
3,1788017083.595272,-0.227383154296875,-0.5468787597656254,-0.13546230468749987,0.6075602955526588
4,1788017083.6063783,-0.241753271484375,-0.4271277832031254,-0.2600033203124999,0.5554138223261449
5,1788017083.6263783,-0.260913427734375,-0.3888074707031254,-0.2983236328124999,0.5551973126205763
6,1788017083.6660452,-0.083681982421875,-0.34569711914062534,-0.2504232421874999,0.4349953707706347
7,1788017083.6860452,-0.040571630859375,-0.3073768066406254,-0.25521328124999987,0.40157238129329725
8,1788017083.6961296,-0.126792333984375,-0.3792273925781254,-0.14983242187499987,0.42701225495732187
9,1788017083.7161295,-0.107632177734375,-0.37443735351562535,-0.20252285156249988,0.43909397945842515
10,1788017083.7261999,-0.088472021484375,-0.36485727539062535,-0.2456332031249999,0.4486466320707755
11,1788017083.7461998,-0.035781591796875,-0.3983875488281254,-0.17857265624999988,0.4380424122536319
12,1788017083.7874048,-0.145952490234375,-0.35527719726562534,-0.21210292968749989,0.43876151732410845
13,1788017083.8074048,-0.145952490234375,-0.39359750976562535,-0.20252285156249988,0.46608650967853943
14,1788017083.8169663,-0.232173193359375,-0.43191782226562536,-0.2216830078124999,0.5381456613763294
15,1788017083.8369663,-0.284863623046875,-0.4175477050781254,-0.2408431640624999,0.5599096350546555
16,1788017083.8471136,-0.318393896484375,-0.4798182128906254,-0.16420253906249987,0.5988010225230316
17,1788017083.8671136,-0.232173193359375,-0.38401743164062535,-0.19294277343749988,0.4884676993827806
18,1788017083.9062886,-0.193852880859375,-0.23552622070312537,-0.2264730468749999,0.3799231251411557
19,1788017083.9262886,-0.122002294921875,-0.2594764160156254,-0.13067226562499987,0.31509968492222995
20,1788017083.936891,-0.208222998046875,-0.23552622070312537,-0.18336269531249988,0.3639385876581252
21,1788017083.956891,-0.232173193359375,-0.22115610351562537,-0.15941249999999987,0.3580876414973766
22,1788017083.9670513,-0.198642919921875,-0.21636606445312537,-0.14983242187499987,0.32973176693632417
23,1788017083.9870512,-0.256123388671875,-0.20199594726562536,-0.16420253906249987,0.3651903979721721
24,1788017084.02623,-0.07410190429687499,-0.23552622070312537,-0.01092128906249987,0.24714968625087755
25,1788017084.04623,0.016908837890625007,-0.19720590820312536,-0.07319179687499987,0.21102871406238105
26,1788017084.0564086,0.20851040039062502,-0.15888559570312535,-0.19294277343749988,0.32549674870073614
27,1788017084.0764086,0.136659814453125,-0.26426645507812535,-0.10672207031249988,0.316073194778848
28,1788017084.0859988,0.11749965820312501,-0.25468637695312535,-0.19294277343749988,0.34043829706000334
29,1788017084.1059988,-0.145952490234375,-0.32653696289062534,-0.2983236328124999,0.4657526247203511
30,1788017084.146063,-0.347134130859375,-0.5277186035156254,-0.16420253906249987,0.6526496021132222
31,1788017084.166063,-0.6441165527343751,-0.39359750976562535,-0.3797542968749999,0.844996129692404
32,1788017084.1760852,-0.936308935546875,-0.47023813476562537,-0.3031136718749999,1.0907227989962995
33,1788017084.1960852,-1.166230810546875,-0.6714197753906254,-0.044451562499999875,1.3464303768346546
34,1788017084.206181,-1.218921240234375,-0.5804090332031254,-0.16899257812499988,1.3605888898486669
35,1788017084.226181,-1.175810888671875,-0.4462879394531254,-0.14025234374999987,1.2654544206521343
36,1788017084.2661448,-1.118330419921875,-0.24989633789062535,-0.15941249999999987,1.156945743312984
37,1788017084.2861447,-0.893198583984375,-0.09661508789062535,-0.04924160156249987,0.8997571455477561
38,1788017084.2957811,-0.509995458984375,0.09019643554687466,0.04176914062500013,0.519591595658163
39,1788017084.315781,-0.203432958984375,0.27221791992187466,0.08966953125000013,0.3514657729599361
40,1788017084.326354,0.07438930664062501,0.39196889648437466,0.17589023437500015,0.43601692547668813
41,1788017084.346354,0.031278955078125004,0.5596202636718747,0.07529941406250014,0.5655291454037659
42,1788017084.3859806,0.06959926757812501,0.4973497558593747,0.19026035156250015,0.5370287134571831
43,1788017084.4059806,-0.059731787109375,0.30095815429687467,0.36270175781250014,0.4750750068666406
44,1788017084.4161158,-0.112422216796875,0.3967589355468747,0.15194003906250014,0.4394794457493168
45,1788017084.4361157,-0.011831396484374996,0.4350792480468747,-0.07798183593749987,0.44217089542391586
46,1788017084.4459746,-0.193852880859375,0.21473745117187465,-0.06361171874999988,0.2962052719240516
47,1788017084.4659746,-0.342344091796875,-0.09182504882812535,0.00823886718750013,0.35454082376088664
48,1788017084.5073366,-0.418984716796875,-0.3792273925781254,0.08487949218750014,0.571459654205762
49,1788017084.5273366,-0.40940463867187504,-0.3983875488281254,-0.06361171874999988,0.5747793037241856
50,1788017084.5371752,-0.35192416992187503,-0.36485727539062535,-0.14983242187499987,0.5286030717141165
51,1788017084.5571752,-0.246543310546875,-0.40317758789062536,-0.09714199218749987,0.4824648567500767
52,1788017084.5958967,0.0025387207031250057,-0.34569711914062534,-0.16899257812499988,0.3848005129236061
53,1788017084.6158967,-0.021411474609374995,-0.41275766601562536,-0.0013412109374998694,0.41331482062272257
54,1788017084.6264234,0.04564907226562501,-0.2977967285156254,-0.05403164062499987,0.30608192939464834
55,1788017084.6464233,0.05522915039062501,-0.13493540039062535,-0.01092128906249987,0.1462090827761235
56,1788017084.6560168,0.251620751953125,0.032715966796874656,0.04176914062500013,0.2571536474667651
57,1788017084.6760168,0.39532192382812503,0.061456201171874655,0.04176914062500013,0.4022448871399099
58,1788017084.7160664,0.5486031738281251,0.008765771484374652,0.15194003906250014,0.5693224539347823
59,1788017084.7360663,0.486332666015625,0.12372670898437466,0.03697910156250013,0.5031850698325014
60,1788017084.7461004,0.476752587890625,0.07582631835937466,0.10403964843750013,0.4938288256707419
61,1788017084.7661004,0.261200830078125,-0.04392465820312535,0.14235996093750014,0.30070185850754144
62,1788017084.7761629,0.016908837890625007,-0.005604345703125349,-0.05403164062499987,0.056892316512871154
63,1788017084.7961628,-0.045361669921875,-0.09661508789062535,0.04655917968750013,0.11644704169444291
64,1788017084.8357878,-0.160322607421875,-0.06787485351562535,-0.0013412109374998694,0.1741037996055661
65,1788017084.8557878,-0.122002294921875,-0.03434458007812535,-0.10672207031249988,0.1656916124573996
66,1788017084.8663208,-0.184272802734375,-0.21157602539062537,-0.01092128906249987,0.2807848908015941
67,1788017084.8863208,-0.16511264648437501,-0.23552622070312537,-0.02529140624999987,0.28874632793833765
68,1788017084.8968482,-0.136372412109375,-0.21157602539062537,-0.0013412109374998694,0.2517213700729492
69,1788017084.9168482,0.040859033203125006,-0.16367563476562536,0.02260898437500013,0.17020675716520028
70,1788017084.9572928,0.151029931640625,-0.04871469726562535,0.017818945312500133,0.15968931333405895
71,1788017084.9772928,0.43364223632812504,0.013555810546874653,0.11361972656250013,0.4484849957260304
72,1788017084.9868736,0.663564111328125,0.11893666992187465,0.04176914062500013,0.6754316563526914
73,1788017085.0068736,0.663564111328125,0.12372670898437466,0.013028906250000132,0.675126196171397
74,1788017085.017441,0.32347133789062504,-0.0008143066406253486,0.11840976562500014,0.3444637021914259
75,1788017085.037441,0.22767055664062502,0.003975732421874652,0.11840976562500014,0.2566526084120515
76,1788017085.080161,-0.078891943359375,-0.05350473632812535,0.17589023437500015,0.200060166162716
77,1788017085.100161,0.131869775390625,-0.02476450195312535,0.29085117187500015,0.32030816786279603
78,1788017085.1061754,-0.107632177734375,0.013555810546874653,0.31959140625000015,0.3375012779713278
79,1788017085.1261754,-0.792607763671875,0.027925927734374655,0.11840976562500014,0.8018901402736686
80,1788017085.1362064,-0.308813818359375,-0.02955454101562535,0.38665195312500017,0.49572086718204494
81,1788017085.1562064,-0.270493505859375,0.17162709960937467,0.5495132812500002,0.6360718861123825
82,1788017085.196771,-0.40940463867187504,1.0242540527343746,-0.0013412109374998694,1.1030459290327028
83,1788017085.216771,-0.289653662109375,1.3643468261718747,0.051349218750000133,1.395699913421533
84,1788017085.226301,-0.519575537109375,1.0194640136718747,0.47766269531250016,1.2399303466032543
85,1788017085.246301,-0.773447607421875,0.6745812011718747,0.46329257812500013,1.126019987099173
86,1788017085.256341,-0.792607763671875,0.08540639648437466,0.5686734375000002,0.9792399083531286
87,1788017085.276341,-0.677646826171875,-0.37443735351562535,0.6788443359375002,1.0296786805421516
88,1788017085.3165238,-0.232173193359375,-0.5133484863281254,0.6596841796875001,0.8675334443466933
89,1788017085.3365238,0.012118798828125006,-0.6905799316406254,0.5926236328125002,0.9100825662750014
90,1788017085.3460934,0.49112270507812505,-0.6330994628906254,0.17110019531250015,0.8193239397159277
91,1788017085.3660934,0.9892867675781251,-0.5851990722656254,-0.02529140624999987,1.1496894876077741
92,1788017085.3761525,1.022817041015625,-0.5899891113281254,-0.15941249999999987,1.1914924238256657
93,1788017085.3961525,1.4826607910156249,-0.4798182128906254,-0.3270638671874999,1.5923188474222978
94,1788017085.4358542,1.990404931640625,-0.6330994628906254,-0.044451562499999875,2.089139215854322
95,1788017085.4558542,2.555629541015625,-0.48460825195312535,-0.17857265624999988,2.607292791830825
96,1788017085.4664237,2.593949853515625,-0.2690564941406254,-0.3893343749999999,2.636768570646582
97,1788017085.4864237,2.239486962890625,-0.29300668945312536,-0.4276546874999999,2.2987047023839486
98,1788017085.4960403,1.870653955078125,-0.01997446289062535,-0.916238671875,2.0830838923712274
99,1788017085.5160403,1.578461572265625,-0.12056528320312536,-0.9401888671874999,1.841203961709955
100,1788017085.5578117,0.7497848144531251,-0.6330994628906254,-0.6815267578124999,1.1947681446671248
101,1788017085.5778117,0.146239892578125,-0.8342811035156253,-0.8683382812499999,1.2130220264070701
102,1788017085.5864007,-0.16990268554687502,-0.9396619628906254,-0.9497689453124999,1.346808292423061
103,1788017085.6064007,0.10791958007812501,-0.7720105957031254,-1.1174203125,1.3624518892165443
104,1788017085.616085,0.04564907226562501,-0.6857898925781254,-0.8922884765624999,1.1263082792767067
105,1788017085.636085,0.11270961914062501,-0.5420887207031254,-0.5330355468749999,0.7685639424229489
106,1788017085.6762397,0.179770166015625,-0.2786365722656254,-0.2695833984374999,0.4273533206918302
107,1788017085.6962397,0.639613916015625,0.21473745117187465,-0.08277187499999987,0.6797568078273669
108,1788017085.706341,0.9892867675781251,0.8661827636718747,-0.11630214843749988,1.320032983799496
109,1788017085.726341,0.7689449707031251,1.1248448730468747,0.30043125000000015,1.3952817967586448
110,1788017085.7358716,0.28515102539062503,1.5415782714843747,0.5255630859375001,1.653478524715161
111,1788017085.7558715,0.08396938476562502,2.097222802734375,0.4345523437500001,2.143415517659971
112,1788017085.7959318,-0.208222998046875,2.1451231933593746,0.9901968750000002,2.3717926095811404
113,1788017085.8159318,-0.47167514648437503,2.643287255859375,0.9327164062500002,2.8424293931930054
114,1788017085.8264651,-0.730337255859375,3.194141748046875,0.6213638671875001,3.3349703251091087
115,1788017085.846465,-0.878828466796875,3.242042138671875,0.5878335937500001,3.410091646410356
116,1788017085.8865342,-1.094380224609375,3.1797716308593746,0.6069937500000001,3.4171709224112883
117,1788017085.9065342,-1.156650732421875,2.873209130859375,0.8273355468750002,3.2058783092295786
118,1788017085.9160883,-1.003369482421875,2.6576573730468747,0.7985953125000002,2.9508723293143215
119,1788017085.9360883,-0.797397802734375,2.466055810546875,0.7123746093750002,2.687889897413917
120,1788017085.9461818,-0.749497412109375,2.1355431152343747,0.8991861328125001,2.435328821581572
121,1788017085.9661818,-0.787817724609375,1.9056212402343748,1.0380972656250003,2.3086132225514073
122,1788017086.0059822,-0.629746435546875,2.020582177734375,0.6405240234375001,2.21124488346776
123,1788017086.0259821,-0.327973974609375,1.8625108886718746,0.6261539062500001,1.9921301294730978
124,1788017086.036029,-0.438144873046875,1.3308165527343747,1.0620474609375001,1.7581207114680317
125,1788017086.056029,-0.495625341796875,1.2302257324218746,0.9614566406250001,1.6381387926381932
126,1788017086.066176,-0.696806982421875,1.2445958496093747,0.7746451171875002,1.6231555246491927
127,1788017086.086176,-0.553105810546875,1.3068663574218746,0.6405240234375001,1.5569511034141046
128,1788017086.1264133,-0.557895849609375,1.5272081542968747,0.5447232421875001,1.7147407781182247
129,1788017086.1464133,-0.658486669921875,1.4745177246093748,0.7363248046875002,1.7748187041639194
130,1788017086.1569943,-0.988999365234375,1.4457774902343747,0.6740542968750002,1.8768967714922562
131,1788017086.1769943,-1.4536331542968752,1.4218272949218747,0.8752359375000002,2.2137479870453736
132,1788017086.1865532,-1.7075052246093751,1.7523399902343748,0.8943960937500002,2.60503625808897
133,1788017086.2065532,-1.7122952636718751,2.3415147949218746,0.6740542968750002,2.9780859289091737
134,1788017086.2467945,-1.199761083984375,2.557066552734375,0.8225455078125001,2.9418696650563474
135,1788017086.2667944,-0.9602591308593751,2.466055810546875,1.1386880859375001,2.8809962541084317
136,1788017086.2758713,-0.835718115234375,2.389415185546875,1.0428873046875002,2.737762522084642
137,1788017086.2958713,-0.926728857421875,2.183443505859375,0.7459048828125001,2.4864886914404942
138,1788017086.3084145,-0.869248388671875,1.8385606933593748,0.6165738281250002,2.1251026963192796
139,1788017086.3284144,-0.893198583984375,1.5415782714843747,0.49682285156250017,1.8496216433041486
140,1788017086.3660636,-0.692016943359375,1.3499767089843748,0.34354160156250013,1.5554245069114936
141,1788017086.3860636,-1.5254837402343753,0.3488585449218747,0.7267447265625002,1.725387151821547
142,1788017086.3961742,-2.833164404296875,-1.7970789550781254,1.7613931640625002,3.7893032593031744
143,1788017086.4161742,-2.8283743652343754,-2.5299549316406256,0.8752359375000002,3.8944077152166776
144,1788017086.429754,-2.344580419921875,-2.1180115722656256,-0.8491781249999999,3.27171726371804
145,1788017086.449754,-1.5302737792968752,-1.9072498535156255,-1.1892708984375,2.7191368323806833
146,1788017086.4858909,-0.577056005859375,-1.1121033691406255,-1.6203744140625,2.048262868701353
147,1788017086.5058908,-0.083681982421875,-1.4953064941406253,-0.6767367187499999,1.6434466137072112
148,1788017086.5164552,0.29473110351562504,-2.1084314941406253,0.07050937500000014,2.130098908695673
149,1788017086.5364552,0.10791958007812501,-1.6246375488281255,-0.6623666015624999,1.757789326310737
150,1788017086.5460544,-0.7063870605468751,-1.5623670410156254,-0.3989144531249999,1.7604278431881248
151,1788017086.5660543,-1.4201028808593752,-0.9061316894531254,-0.37496425781249987,1.7257940275401207
152,1788017086.605782,-1.6643948730468752,-0.14930551757812535,-0.26479335937499987,1.6919272898600262
153,1788017086.625782,-2.0859183105468753,0.07582631835937466,0.25253085937500014,2.102516745181199
154,1788017086.635936,-2.1194485839843753,0.6458409667968746,0.17110019531250015,2.2222619403172237
155,1788017086.655936,-1.7362454589843752,1.0098839355468747,0.49682285156250017,2.069117397093312
156,1788017086.6666293,-0.778237646484375,1.2206456542968747,0.9422964843750001,1.7272962433308505
157,1788017086.6866293,-0.294443701171875,1.3164464355468748,1.1770083984375002,1.7902729067983667
158,1788017086.7258902,-0.083681982421875,1.3260265136718747,1.4021402343750002,1.9316692848404518
159,1788017086.7458901,0.299521142578125,1.5224181152343748,1.268019140625,2.003831922451695
160,1788017086.756522,0.33305141601562505,1.5559483886718748,1.1578482421875003,1.967869707540949
161,1788017086.776522,0.5102828613281251,1.4601476074218747,0.8369156250000002,1.758649310520487
162,1788017086.7861176,0.390531884765625,1.1008946777343747,0.5495132812500002,1.2909101791962931
163,1788017086.8061175,-0.026201513671874996,0.5596202636718747,0.31959140625000015,0.64498063984877
164,1788017086.8463032,-0.466885107421875,0.056666162109374654,0.07529941406250014,0.47630112242015293
165,1788017086.8663032,-0.720757177734375,-0.4175477050781254,0.02260898437500013,0.8332755615317777
166,1788017086.876902,-1.056059912109375,-0.6139393066406253,-0.16899257812499988,1.2331838880167738
167,1788017086.896902,-1.3243020996093753,-0.6905799316406254,-0.2216830078124999,1.5099072981369974
168,1788017086.9074898,-1.2285013183593751,-0.5468787597656254,-0.18336269531249988,1.3571712291106734
169,1788017086.9274898,-1.046479833984375,-0.3169568847656254,-0.14025234374999987,1.1023848827263838
170,1788017086.9662895,-0.773447607421875,-0.18283579101562536,0.051349218750000133,0.7964212893746423
171,1788017086.9862895,-0.557895849609375,0.07582631835937466,0.17110019531250015,0.5884493915395608
172,1788017086.9958389,-0.39024448242187504,0.3584386230468747,0.22379062500000013,0.5751967023465514
173,1788017087.0158389,-0.347134130859375,0.48297963867187466,0.33875156250000016,0.6844881717570435
174,1788017087.0264435,-0.486045263671875,0.5931505371093747,0.26211093750000014,0.8104132905919863
175,1788017087.0464435,-0.778237646484375,0.5644103027343746,0.30043125000000015,1.0072098888587275
176,1788017087.0873623,-0.677646826171875,0.5069298339843746,0.43934238281250015,0.9535223159106485
177,1788017087.1073623,-0.816557958984375,0.41112905273437467,0.42976230468750015,1.0101928711455572
178,1788017087.1460667,-0.917148779296875,0.4494493652343747,0.37228183593750014,1.0870880280107613
179,1788017087.1660666,-0.768657568359375,0.4686095214843747,0.37707187500000017,0.9760187190510117
180,1788017087.147084,-0.792607763671875,0.4973497558593747,0.4153921875000002,1.023784409005307
181,1788017087.167084,-0.8596683105468751,0.4781895996093747,0.42976230468750015,1.0734945439374177
182,1788017087.206308,-0.711177099609375,0.5165099121093747,0.28127109375000015,0.9228590274225844
183,1788017087.2263079,-0.634536474609375,0.4781895996093747,0.4058121093750002,0.8921800821020694
184,1788017087.2358956,-0.6249563964843751,0.5692003417968747,0.24295078125000014,0.8795365874813849
185,1788017087.2558956,-0.711177099609375,0.5165099121093747,0.20463046875000013,0.9024571929221251
186,1788017087.2967057,-0.639326513671875,0.3775987792968747,0.34354160156250013,0.8181320560975787
187,1788017087.3167057,-0.715967138671875,0.44465932617187465,0.16631015625000015,0.8590634016657426
188,1788017087.3560245,-0.620166357421875,0.3488585449218747,0.23337070312500013,0.748846099221984
189,1788017087.3760245,-0.553105810546875,0.3488585449218747,0.19026035156250015,0.6810486938555931
190,1788017087.356548,-0.6441165527343751,0.3392784667968747,0.21900058593750013,0.7602350085200111
191,1788017087.376548,-0.653696630859375,0.40154897460937466,0.30043125000000015,0.8239052131060349
192,1788017087.4166873,-0.620166357421875,0.49255971679687466,0.26211093750000014,0.8342203120555524
193,1788017087.4366872,-0.514785498046875,0.45423940429687465,0.43934238281250015,0.8150823729849114
194,1788017087.4468787,-0.610586279296875,0.5883604980468747,0.3052212890625001,0.9011901660718132
195,1788017087.4668787,-0.7015970214843751,0.6458409667968746,0.23816074218750014,0.9828883324509297
196,1788017087.4764411,-0.778237646484375,0.5548302246093747,0.38665195312500017,1.031014134433183
197,1788017087.4964411,-0.759077490234375,0.6027306152343747,0.3052212890625001,1.0161903689852112
198,1788017087.5360982,-0.7447073730468751,0.5260899902343746,0.41060214843750015,0.9999769365323746
199,1788017087.5560982,-0.8452981933593751,0.5979405761718747,0.26690097656250017,1.0692511864007415
200,1788017087.5678718,-0.854878271484375,0.5548302246093747,0.27648105468750017,1.055980686753936
201,1788017087.5878718,-0.850088232421875,0.39196889648437466,0.4345523437500001,1.0320491064731099
202,1788017087.5964706,-0.797397802734375,0.49255971679687466,0.24295078125000014,0.9682372707795399
203,1788017087.6164706,-0.672856787109375,0.3871788574218747,0.36270175781250014,0.8568525478248499
204,1788017087.6565993,-0.6249563964843751,0.3680187011718747,0.35312167968750013,0.8066617522755684
205,1788017087.6765993,-0.692016943359375,0.47339956054687465,0.21421054687500013,0.865378964509141
206,1788017087.686186,-0.878828466796875,0.4159190917968747,0.31001132812500015,1.020507319199382
207,1788017087.706186,-0.988999365234375,0.5212999511718747,0.25253085937500014,1.14614362907206
208,1788017087.7162826,-1.027319677734375,0.5883604980468747,0.26690097656250017,1.213585566497988
209,1788017087.7362826,-1.012949560546875,0.5356700683593747,0.46329257812500013,1.2359810869483212
210,1788017087.776001,-1.060849951171875,0.7991222167968747,0.24774082031250014,1.3510641917869155
211,1788017087.796001,-1.1087503417968751,0.8087022949218747,0.3148013671875001,1.4079867268656028
212,1788017087.8070242,-1.056059912109375,0.7416417480468747,0.45371250000000013,1.3678998695323918
213,1788017087.8270242,-0.9027786621093751,0.7799620605468747,0.37228183593750014,1.2497775378128364
214,1788017087.8671978,-0.816557958984375,0.6314708496093747,0.46329257812500013,1.1314425956418748
215,1788017087.8871977,-0.634536474609375,0.6123106933593747,0.37707187500000017,0.9590329096167388
216,1788017087.8957207,-0.8644583496093751,0.5452501464843746,0.31001132812500015,1.068032295399546
217,1788017087.9157207,-0.8213479980468751,0.41112905273437467,0.39144199218750014,0.9984320032659173
218,1788017087.9262576,-0.806977880859375,0.4350792480468747,0.22379062500000013,0.9437104938036942
219,1788017087.9462576,-0.936308935546875,0.30574819335937464,0.31959140625000015,1.035516802121673
220,1788017087.9567995,-0.792607763671875,0.37280874023437466,0.26690097656250017,0.9156689112982316
221,1788017087.9767995,-0.8452981933593751,0.4686095214843747,0.17589023437500015,0.9823753324829214
222,1788017088.017042,-0.749497412109375,0.4063390136718747,0.37707187500000017,0.932223666137316
223,1788017088.037042,-0.715967138671875,0.5596202636718747,0.3148013671875001,0.961708731349201
224,1788017088.04605,-0.778237646484375,0.5356700683593747,0.39144199218750014,1.0226549221459775
225,1788017088.06605,-0.931518896484375,0.5212999511718747,0.4058121093750002,1.1420002459345855
226,1788017088.0760787,-1.003369482421875,0.5787804199218747,0.3148013671875001,1.2003486966392733
227,1788017088.0960786,-1.008159521484375,0.5356700683593747,0.38665195312500017,1.205333055943924
228,1788017088.136146,-0.931518896484375,0.6506310058593747,0.31001132812500015,1.1777755235438017
229,1788017088.156146,-0.8213479980468751,0.6362608886718747,0.3243814453125001,1.0884226083705537
230,1788017088.1667283,-0.653696630859375,0.5356700683593747,0.34354160156250013,0.9122952040524837
231,1788017088.1867282,-0.768657568359375,0.4686095214843747,0.31001132812500015,0.9521220324032988
232,1788017088.1963723,-0.792607763671875,0.41112905273437467,0.32917148437500016,0.9516343999461327
233,1788017088.2163723,-0.9794192871093751,0.3967589355468747,0.2860611328125001,1.0947651641352572
234,1788017088.256082,-0.9794192871093751,0.36322866210937466,0.35312167968750013,1.1026749845738426
235,1788017088.276082,-0.974629248046875,0.4686095214843747,0.22858066406250013,1.1053262752497495
236,1788017088.286162,-0.850088232421875,0.5165099121093747,0.28127109375000015,1.0337049484203427
237,1788017088.3061619,-0.768657568359375,0.5500401855468747,0.33396152343750013,1.0024514762567232
238,1788017088.315919,-0.677646826171875,0.5644103027343746,0.35312167968750013,0.9499784900295613
239,1788017088.335919,-0.711177099609375,0.5356700683593747,0.38186191406250014,0.9687795469333652
240,1788017088.3760047,-0.8021878417968751,0.6027306152343747,0.3052212890625001,1.0487848031719902
241,1788017088.3960047,-0.8836185058593751,0.5835704589843747,0.2860611328125001,1.0968897466028018
242,1788017088.4061923,-0.897988623046875,0.42070913085937467,0.37228183593750014,1.0592325076578177
243,1788017088.4261923,-1.003369482421875,0.29137807617187467,0.4058121093750002,1.1208634928681331
244,1788017088.437257,-1.008159521484375,0.33448842773437465,0.32917148437500016,1.1120350692192487
245,1788017088.457257,-0.974629248046875,0.4973497558593747,0.30043125000000015,1.1346884536199173
246,1788017088.4961228,-0.711177099609375,0.6458409667968746,0.23337070312500013,0.9886077616926653
247,1788017088.5161228,-0.668066748046875,0.6266808105468746,0.20463046875000013,0.9385710665125254
248,1788017088.5258906,-0.653696630859375,0.5500401855468747,0.23816074218750014,0.8868957266965712
249,1788017088.5458906,-0.739917333984375,0.5117198730468747,0.26211093750000014,0.9370363030100721
250,1788017088.5570736,-0.7447073730468751,0.45423940429687465,0.3148013671875001,0.927373931415735
251,1788017088.5770736,-0.768657568359375,0.4350792480468747,0.31959140625000015,0.9392907305121423
252,1788017088.6162074,-0.878828466796875,0.4494493652343747,0.27648105468750017,1.025078523608431
253,1788017088.6362073,-0.917148779296875,0.4781895996093747,0.27169101562500014,1.0694125417778053
254,1788017088.645731,-0.912358740234375,0.5069298339843746,0.3148013671875001,1.090172568104977
255,1788017088.665731,-0.878828466796875,0.5212999511718747,0.34833164062500016,1.079549927055182
256,1788017088.706478,-0.874038427734375,0.4973497558593747,0.34833164062500016,1.064253205149161
257,1788017088.726478,-0.797397802734375,0.4686095214843747,0.30043125000000015,0.9724695755693267
258,1788017088.736003,-0.816557958984375,0.42070913085937467,0.31959140625000015,0.9725747992406709
259,1788017088.756003,-0.7638675292968751,0.4350792480468747,0.2956412109375001,0.9274649750797804
260,1788017088.7665415,-0.8405081542968751,0.4350792480468747,0.26690097656250017,0.983353466872716
261,1788017088.7865415,-0.759077490234375,0.39196889648437466,0.3148013671875001,0.9104604070330655
262,1788017088.8267076,-0.792607763671875,0.38238881835937466,0.29085117187500015,0.9268455532721029
263,1788017088.8467076,-0.792607763671875,0.40154897460937466,0.27648105468750017,0.9305430778012824
264,1788017088.8559117,-0.768657568359375,0.4398692871093747,0.32917148437500016,0.9448139040381962
265,1788017088.8759117,-0.759077490234375,0.4973497558593747,0.3243814453125001,0.963731673183425
266,1788017088.886149,-0.830928076171875,0.5404601074218747,0.24295078125000014,1.020570270777639
267,1788017088.906149,-0.811767919921875,0.5308800292968747,0.29085117187500015,1.0126179760904894
268,1788017088.9461963,-0.907568701171875,0.46381948242187465,0.37228183593750014,1.0850821282234333
269,1788017088.9661963,-0.974629248046875,0.4398692871093747,0.35791171875000016,1.1276027488921379
270,1788017088.975742,-1.017739599609375,0.4686095214843747,0.3148013671875001,1.163825019932973
271,1788017088.995742,-0.907568701171875,0.5021397949218747,0.31959140625000015,1.0853404940109068
272,1788017089.0074112,-0.787817724609375,0.5548302246093747,0.28127109375000015,1.0037961812679423
273,1788017089.0274112,-0.648906591796875,0.5787804199218747,0.24774082031250014,0.9041250208967166
274,1788017089.0662334,-0.591426123046875,0.5404601074218747,0.22858066406250013,0.8331453094868717
275,1788017089.0862334,-0.629746435546875,0.4398692871093747,0.26690097656250017,0.8132045831868634
276,1788017089.0968494,-0.7447073730468751,0.3488585449218747,0.31001132812500015,0.8788619797221926
277,1788017089.1168494,-0.8644583496093751,0.32490834960937465,0.2956412109375001,0.9696687060330675
278,1788017089.126027,-0.917148779296875,0.31053823242187467,0.32917148437500016,1.0227168441397116
279,1788017089.146027,-0.9458890136718751,0.38238881835937466,0.29085117187500015,1.0609060461570066
280,1788017089.1863298,-0.8596683105468751,0.5021397949218747,0.2860611328125001,1.0358595220920024
281,1788017089.2063298,-0.878828466796875,0.5500401855468747,0.30043125000000015,1.079417720692758
282,1788017089.2159216,-0.806977880859375,0.5931505371093747,0.2860611328125001,1.0415718081704202
283,1788017089.2359216,-0.7830276855468751,0.5787804199218747,0.31001132812500015,1.0218738446519042
284,1788017089.2460248,-0.739917333984375,0.5308800292968747,0.34833164062500016,0.9750108709636524
285,1788017089.2660248,-0.7638675292968751,0.44465932617187465,0.31959140625000015,0.9398692385723615
286,1788017089.3072624,-0.792607763671875,0.37280874023437466,0.2860611328125001,0.921436050702404
287,1788017089.3272624,-0.7063870605468751,0.40154897460937466,0.24774082031250014,0.8494702892785628
288,1788017089.3357787,-0.854878271484375,0.39196889648437466,0.26211093750000014,0.9762984269291948
289,1788017089.3557787,-0.8021878417968751,0.40154897460937466,0.35312167968750013,0.9640756366602622
290,1788017089.3660336,-0.835718115234375,0.4973497558593747,0.22379062500000013,0.9979297528494511
291,1788017089.3860335,-0.7830276855468751,0.47339956054687465,0.29085117187500015,0.9601218175002226
292,1788017089.4260864,-0.850088232421875,0.4781895996093747,0.3243814453125001,1.0278806439172539
293,1788017089.4460864,-0.8261380371093751,0.4590294433593747,0.34354160156250013,1.005600774777882
294,1788017089.4562895,-0.749497412109375,0.47339956054687465,0.34833164062500016,0.9524644069702178
295,1788017089.4762895,-0.749497412109375,0.5452501464843746,0.22858066406250013,0.9546167885508487
296,1788017089.4859238,-0.8836185058593751,0.4590294433593747,0.3148013671875001,1.0443129772970798
297,1788017089.5059237,-0.893198583984375,0.4590294433593747,0.34354160156250013,1.0613823874111712
298,1788017089.546029,-0.8021878417968751,0.4877696777343747,0.28127109375000015,0.9800704159513974
299,1788017089.566029,-0.759077490234375,0.4494493652343747,0.25253085937500014,0.9175920678748134
300,1788017089.5768514,-0.792607763671875,0.44465932617187465,0.27169101562500014,0.9485594295329631
301,1788017089.5968513,-0.7638675292968751,0.4350792480468747,0.3243814453125001,0.9370223457624545
302,1788017089.6109178,-0.850088232421875,0.40154897460937466,0.28127109375000015,0.9813281867404551
303,1788017089.6309178,-0.835718115234375,0.44465932617187465,0.20463046875000013,0.9685144878747899
304,1788017089.6672587,-0.993789404296875,0.42070913085937467,0.4441324218750001,1.1669906430823433
305,1788017089.6872587,-1.2811917480468753,0.21952749023437465,0.8943960937500002,1.5778431438984266
306,1788017089.6958027,-1.5206937011718753,0.3967589355468747,0.6788443359375002,1.711945273119013
307,1788017089.7158027,-1.4488431152343753,0.6650011230468746,0.26690097656250017,1.6163567049094298
308,1788017089.7265632,-1.166230810546875,0.8374425292968747,0.003448828125000131,1.4357632770618574
309,1788017089.7465632,-0.5866360839843751,0.9476134277343747,-0.09235195312499987,1.118321057076641
310,1788017089.786384,0.031278955078125004,0.7560118652343747,0.07050937500000014,0.7599367640592396
311,1788017089.806384,0.19893032226562501,0.30095815429687467,0.26211093750000014,0.44592737896614487
312,1788017089.8159988,0.280360986328125,-0.10619516601562536,0.34833164062500016,0.4595809262800944
313,1788017089.8359988,-0.045361669921875,-0.35527719726562534,0.25732089843750017,0.44101429995829106
314,1788017089.8466303,-0.49083530273437503,-0.34569711914062534,0.21421054687500013,0.6374260356974446
315,1788017089.8666303,-0.8452981933593751,0.08540639648437466,0.14235996093750014,0.8614462529578941
316,1788017089.9075477,-1.065639990234375,0.5883604980468747,0.16631015625000015,1.2285828146773765
317,1788017089.9275477,-1.123120458984375,0.9092931152343747,0.30043125000000015,1.4759649287088328
318,1788017089.936157,-1.0704300292968751,1.1535851074218748,0.35312167968750013,1.612846542096107
319,1788017089.956157,-0.816557958984375,1.2302257324218746,0.47766269531250016,1.5518968727292637
320,1788017089.9672568,-0.830928076171875,1.1631651855468748,0.5207730468750001,1.5213807159913852
321,1788017089.9872568,-0.739917333984375,0.9667735839843747,0.5399332031250001,1.3317870278904809
322,1788017090.0258977,-0.634536474609375,0.7081114746093747,0.5207730468750001,1.0840954590969507
323,1788017090.0458977,-0.577056005859375,0.5165099121093747,0.38186191406250014,0.8634782247498111
324,1788017090.0560927,-0.596216162109375,0.2770079589843747,0.36749179687500017,0.7531648837217106
325,1788017090.0760927,-0.591426123046875,0.14767690429687466,0.29085117187500015,0.6754167093476637
326,1788017090.1157835,-0.5866360839843751,0.16204702148437466,0.12319980468750014,0.6209503394632443
327,1788017090.1357834,-0.615376318359375,0.17641713867187467,0.13277988281250014,0.653790117158719
328,1788017090.1458087,-0.648906591796875,0.29616811523437464,0.15673007812500014,0.730314750465843
329,1788017090.1658087,-0.778237646484375,0.43028920898437467,0.17589023437500015,0.9064987657589118
330,1788017090.1763556,-0.711177099609375,0.5117198730468747,0.27648105468750017,0.9187338401740871
331,1788017090.1963556,-0.687226904296875,0.6266808105468746,0.31001132812500015,0.9803655848013947
332,1788017090.2359002,-0.806977880859375,0.6745812011718747,0.37707187500000017,1.1173434100968211
333,1788017090.2559001,-0.969839208984375,0.7081114746093747,0.48245273437500014,1.2941292797332173
334,1788017090.2665865,-1.171020849609375,0.8087022949218747,0.43934238281250015,1.4893995304709664
335,1788017090.2865865,-1.103960302734375,0.8278624511718747,0.39144199218750014,1.4343330928767544
336,1788017090.2962303,-1.056059912109375,0.7129015136718747,0.38186191406250014,1.3301539864134482
337,1788017090.3162303,-1.0321097167968751,0.6075206542968746,0.4058121093750002,1.2645217598045577
338,1788017090.35692,-0.8452981933593751,0.5548302246093747,0.41060214843750015,1.0913110180595647
339,1788017090.37692,-0.677646826171875,0.4973497558593747,0.4441324218750001,0.950692173542387
340,1788017090.3860705,-0.5435257324218751,0.4686095214843747,0.35791171875000016,0.8019450753319267
341,1788017090.4060705,-0.567475927734375,0.37280874023437466,0.34354160156250013,0.7609442274945376
342,1788017090.4161642,-0.538735693359375,0.3488585449218747,0.2956412109375001,0.7066414630270471
343,1788017090.4361641,-0.615376318359375,0.35364858398437465,0.23816074218750014,0.7486493660392648
344,1788017090.4761364,-0.672856787109375,0.31532827148437464,0.3148013671875001,0.8070118187112215
345,1788017090.4961364,-0.773447607421875,0.3296983886718747,0.33396152343750013,0.9046836618709047
346,1788017090.505846,-0.778237646484375,0.35364858398437465,0.36749179687500017,0.9304683638523712
347,1788017090.525846,-0.754287451171875,0.4781895996093747,0.31001132812500015,0.9453686454160432
348,1788017090.5363967,-0.739917333984375,0.6075206542968746,0.29085117187500015,1.0005765391557553
349,1788017090.5563967,-0.850088232421875,0.5979405761718747,0.36749179687500017,1.1023761410268809
350,1788017090.5962842,-0.869248388671875,0.5787804199218747,0.4058121093750002,1.120385203315797
351,1788017090.6162841,-0.8452981933593751,0.6506310058593747,0.45371250000000013,1.1591828044525399
352,1788017090.6259706,-0.893198583984375,0.7272716308593747,0.5159830078125002,1.2621276479959473
353,1788017090.6459706,-0.816557958984375,0.8661827636718747,0.6453140625000001,1.3540567638482626
354,1788017090.656252,-1.123120458984375,1.2398058105468748,0.7985953125000002,1.8537185564162753
355,1788017090.676252,-1.6596048339843752,1.2158556152343747,1.2967593750000002,2.4319082957076437
356,1788017090.7167287,-1.7266653808593753,1.2637560058593746,1.1530582031250003,2.430636912333421
357,1788017090.7367287,-1.3530423339843751,1.7954503417968748,0.48245273437500014,2.2993751604116963
358,1788017090.7459223,-0.835718115234375,1.4122472167968747,0.33875156250000016,1.6755952943887156
359,1788017090.7659223,-0.955469091796875,0.6985313964843747,-0.4420248046874999,1.2634291532225217
360,1788017090.7765806,-0.462095068359375,-0.44149790039062536,-0.7102669921874999,0.9554744624753003
361,1788017090.7965806,0.05522915039062501,-1.5000965332031255,-0.9689291015624999,1.786662663133592
362,1788017090.8368409,0.543813134765625,-2.1323816894531253,-1.6682748046875,2.7615077800023844
363,1788017090.8568408,0.792895166015625,-3.3203113769531254,-1.44314296875,3.706185641932669
364,1788017090.8659258,0.7689449707031251,-3.9142762207031256,-0.8827083984374999,4.085585492509448
365,1788017090.8859258,0.653984033203125,-3.3730018066406253,-0.61925625,3.4911766793517645
366,1788017090.8965445,0.9222262207031251,-2.4533143066406256,-0.3031136718749999,2.6383953811734675
367,1788017090.9165444,0.577343408203125,-1.1216834472656254,-0.3941244140624999,1.3216781834567015
368,1788017090.9561985,-0.155532568359375,0.4254991699218747,-0.4228646484374999,0.6197212553421404
369,1788017090.9761984,-0.572265966796875,1.5415782714843747,0.26690097656250017,1.6658895627131862
370,1788017090.985786,-0.830928076171875,2.719927880859375,0.5159830078125002,2.890447648582845
371,1788017091.005786,-1.199761083984375,3.2372520996093748,0.44892246093750016,3.4814880713572536
372,1788017091.0163577,-1.8559964355468752,3.165401513671875,0.15673007812500014,3.6727447268913167
373,1788017091.0363576,-2.243989599609375,2.8205187011718746,0.02260898437500013,3.604348239694632
374,1788017091.0769606,-1.5733841308593752,1.8194005371093747,-0.01092128906249987,2.4053846287504164
375,1788017091.0969605,-0.749497412109375,-0.3073768066406254,0.35791171875000016,0.8856227585365103
376,1788017091.106539,-1.0704300292968751,-1.3084949707031255,-1.5006234375,2.2604977852566455
377,1788017091.126539,-1.8703665527343751,-2.3575135253906256,-1.5293636718749999,3.3756620542995988
378,1788017091.1361032,-3.216367529296875,-3.2005604003906254,-0.9593490234375,4.637775060180729
379,1788017091.1561031,-1.7506155761718751,-2.1371717285156255,-2.314930078125,3.604311190686769
380,1788017091.1967838,-0.040571630859375,-3.1766102050781253,-0.4228646484374999,3.204888915880744
381,1788017091.2167838,-0.797397802734375,-3.5598133300781254,0.6836343750000001,3.711532050176741
382,1788017091.2263684,-0.36150424804687503,-1.0210926269531253,-2.525691796875,2.748169304641844
383,1788017091.2463684,-1.1901810058593751,-2.4964246582031255,0.6165738281250002,2.833519046401796
384,1788017091.2564251,-0.16511264648437501,-1.0833631347656254,1.6081119140625002,1.9460117666519992
385,1788017091.2764251,-1.209341162109375,1.1823253417968747,1.4883609375000002,2.2529131231592197
386,1788017091.3161469,-0.327973974609375,4.137779443359375,1.6895425781250002,4.481443938420491
387,1788017091.3361468,0.37616176757812503,5.737652490234375,2.12064609375,6.128563749282319
388,1788017091.3462386,1.214418603515625,5.114947412109375,3.1600845703125002,6.133810729451666
389,1788017091.3662386,2.335287744140625,4.669473779296875,1.0955777343750002,5.334589468322067
390,1788017091.3773005,3.2501852050781253,3.242042138671875,0.17110019531250015,4.593889024896968
391,1788017091.3973005,2.569999658203125,0.10456655273437465,1.8619839843750001,3.175345141112054
392,1788017091.435941,1.928134423828125,0.7272716308593747,-0.7677474609374999,2.199104941829709
393,1788017091.455941,1.4012301269531249,0.20515737304687467,-0.8827083984374999,1.6687448975408616
394,1788017091.4664905,2.292177392578125,-0.11098520507812536,-0.05882167968749987,2.2956164541999917
395,1788017091.4864905,0.601293603515625,1.5128380371093748,-1.2132210937499999,2.0303049885358844
396,1788017091.5266817,-0.39024448242187504,1.0865245605468747,0.5111929687500002,1.2625944036117598
397,1788017091.5466816,-0.500415380859375,0.9763536621093747,0.8896060546875002,1.412473348227031
398,1788017091.555801,-0.730337255859375,0.30095815429687467,0.5782535156250002,0.9789511970811701
399,1788017091.575801,-1.1135403808593751,0.07103627929687466,0.46808261718750016,1.210008127780093
400,1788017091.5863943,-1.8176761230468752,-0.3696473144531254,1.1770083984375002,2.1968009457776407
401,1788017091.6063943,-0.950679052734375,-0.08224497070312535,0.7842251953125001,1.235137260986331
402,1788017091.6465344,-1.3865726074218752,1.0769444824218748,-0.5905160156249999,1.8523234540925195
403,1788017091.6665344,-1.5925442871093751,0.6314708496093747,0.24295078125000014,1.7303114813296128
404,1788017091.6786897,-1.1135403808593751,0.7033214355468747,0.43934238281250015,1.3884001407517663
405,1788017091.6986897,-1.4632132324218752,0.9140831542968747,0.6980044921875002,1.8611155922235798
406,1788017091.7092948,-1.6452347167968753,1.3499767089843748,0.47287265625000013,2.180101588729963
407,1788017091.7292948,-1.7122952636718751,1.3930870605468748,0.5686734375000002,2.279481543416032
408,1788017091.76698,-1.6021243652343753,1.6134288574218747,0.5016128906250001,2.3284266472621535
409,1788017091.78698,-1.5350638183593752,1.9056212402343748,0.6405240234375001,2.529443468881846
410,1788017091.797512,-1.8559964355468752,1.8577208496093747,0.7794351562500001,2.7392277536989407
411,1788017091.817512,-1.8559964355468752,1.6565392089843747,0.6117837890625002,2.5618595442031857
412,1788017091.8270748,-1.5973343261718753,1.3356065917968747,0.6357339843750002,2.177034592400299
413,1788017091.8470747,-1.4057327636718753,1.0769444824218748,0.6022037109375001,1.87043934158432
414,1788017091.8868427,-1.5494339355468751,0.46381948242187465,0.8369156250000002,1.821071606573315
415,1788017091.9068427,-1.9278470214843753,0.3296983886718747,0.30043125000000015,1.9787759099290578
416,1788017091.9163892,-2.028437841796875,0.6075206542968746,-0.6671566406249999,2.2200764416030596
417,1788017091.9363892,-1.9613772949218753,0.15246694335937466,-0.11151210937499988,1.9704522355006897
418,1788017091.9459455,-2.1290286621093752,0.061456201171874655,0.03697910156250013,2.1302364569920598
419,1788017091.9659455,-2.3493704589843754,0.09977651367187465,-0.2791634765624999,2.368001088022434
420,1788017092.0075707,-2.3589505371093753,-0.14930551757812535,-0.2408431640624999,2.3759093425009965
421,1788017092.0275707,-2.2918899902343752,-0.2786365722656254,-0.2983236328124999,2.3279594190266524
422,1788017092.0661883,-2.335000341796875,-0.5660389160156254,-0.14025234374999987,2.4067192130705726
423,1788017092.0861883,-2.2918899902343752,-0.7576404785156254,-0.07319179687499987,2.4149815446813876
424,1788017092.0661883,-2.081128271484375,-0.6618396972656254,-0.3605941406249999,2.213403443003846
425,1788017092.0861883,-2.0428079589843753,-0.9731922363281253,-0.13067226562499987,2.26654863771833
426,1788017092.1263235,-2.387690771484375,-2.3431434082031255,0.31001132812500015,3.359686782306237
427,1788017092.1463234,-2.8810647949218753,-1.8928797363281253,-0.20252285156249988,3.453193240197378
428,1788017092.1563988,-2.440381201171875,-0.35527719726562534,-0.9832992187499999,2.6549123615525168
429,1788017092.1763988,-2.018857763671875,0.17641713867187467,-0.3031136718749999,2.049094330389141
430,1788017092.1870098,-1.9422171386718752,0.5260899902343746,0.13277988281250014,2.0165833949666627
431,1788017092.2070098,-2.047597998046875,0.5883604980468747,0.17589023437500015,2.1377004027262636
432,1788017092.2462144,-1.5973343261718753,-0.3696473144531254,0.5543033203125002,1.7307132222176003
433,1788017092.2662144,-0.874038427734375,-0.6043592285156254,-0.4611849609374999,1.1583975217701838
434,1788017092.2763705,-0.988999365234375,0.018345849609374652,-1.6682748046875,1.93948372991036
435,1788017092.2963705,-1.209341162109375,-0.3983875488281254,-0.6527865234374999,1.4308560132364658
436,1788017092.3070054,-1.4967435058593752,0.35364858398437465,-0.7102669921874999,1.6940447584044065
437,1788017092.3270054,-2.0092776855468752,0.14767690429687466,-0.20252285156249988,2.024850807122422
438,1788017092.366797,-2.200879248046875,-0.20199594726562536,0.3148013671875001,2.2324362763533108
439,1788017092.386797,-2.1290286621093752,0.25305776367187466,-0.4372347656249999,2.1881443087943255
440,1788017092.3963854,-1.9374270996093752,0.10456655273437465,-0.2935335937499999,1.962325126198851
441,1788017092.4163854,-1.9182669433593753,-0.18762583007812536,0.15194003906250014,1.9334004483210767
442,1788017092.426995,-1.9230569824218753,-0.06787485351562535,-0.06840175781249987,1.92546980081567
443,1788017092.446995,-1.7075052246093751,-0.11577524414062536,-0.10193203124999987,1.7144585554100995
444,1788017092.4866612,-1.4536331542968752,-0.15409555664062535,-0.11630214843749988,1.4663972782225987
445,1788017092.5066612,-1.3769925292968752,-0.2977967285156254,0.060929296875000136,1.4101431475108108
446,1788017092.516246,-1.3003519042968752,-0.36485727539062535,0.09924960937500013,1.354210615589418
447,1788017092.536246,-1.132700537109375,-0.24989633789062535,-0.09235195312499987,1.1636097153706713
448,1788017092.5467947,-1.008159521484375,-0.28342661132812536,-0.07798183593749987,1.0501416244986823
449,1788017092.5667946,-1.017739599609375,-0.30258676757812536,-0.039661523437499874,1.0625091439455063
450,1788017092.6063886,-0.9410989746093751,-0.16846567382812536,-0.18336269531249988,0.9734833544038882
451,1788017092.6263885,-0.8644583496093751,-0.10140512695312535,-0.25521328124999987,0.9070309018485179
452,1788017092.6359446,-0.8405081542968751,-0.12056528320312536,-0.2168929687499999,0.8763746372679767
453,1788017092.6559446,-0.8213479980468751,-0.12056528320312536,-0.19773281249999988,0.8533737672020505
454,1788017092.6670542,-0.854878271484375,-0.16846567382812536,-0.2887435546874999,0.9179163266268067
455,1788017092.6870542,-0.548315771484375,-0.5995691894531254,-0.13067226562499987,0.8229268735456109
456,1788017092.726234,-0.265703466796875,-0.27384653320312535,-0.02529140624999987,0.38240019775799156
457,1788017092.746234,-0.950679052734375,0.12851674804687466,-0.4420248046874999,1.0562637662040173
458,1788017092.7583468,-1.056059912109375,-0.3696473144531254,0.22379062500000013,1.1410450994087655
459,1788017092.7783468,-0.893198583984375,0.14767690429687466,-0.3174837890624999,0.9593790360498206
460,1788017092.7859733,-1.065639990234375,0.04229604492187465,-0.2312630859374999,1.0912653935317878
461,1788017092.8059733,-1.123120458984375,-0.19241586914062536,0.056139257812500135,1.140865920410525
462,1788017092.8471148,-1.171020849609375,0.023135888671874653,-0.2839535156249999,1.205178284985378
463,1788017092.8671148,-1.2285013183593751,-0.27384653320312535,-0.01571132812499987,1.2587510710182315
464,1788017092.8761766,-1.276401708984375,-0.19720590820312536,-0.25521328124999987,1.3165201524681818
465,1788017092.8961766,-1.2620315917968752,-0.32174692382812536,-0.20252285156249988,1.3180517163947787
466,1788017092.9358864,-1.1470706542968752,-0.6714197753906254,-0.2791634765624999,1.3581265947551135
467,1788017092.9558864,-1.180600927734375,-1.2510145019531254,-0.16899257812499988,1.7284138179630557
468,1788017092.9659445,-1.319512060546875,-1.4138758300781253,-0.3941244140624999,1.9736998238252637
469,1788017092.9859445,-1.1901810058593751,-1.1168934082031254,-0.4755550781249999,1.7000395125780172
470,1788017092.9964983,-1.2332913574218751,-0.4367078613281254,-0.3605941406249999,1.3571107039185708
471,1788017093.0164983,-1.099170263671875,-0.01997446289062535,0.17589023437500015,1.1133335628897392
472,1788017093.085993,-0.9985794433593751,0.7464317871093747,-0.2743734374999999,1.2765586945819534
473,1788017093.105993,-0.917148779296875,0.3967589355468747,-0.03008144531249987,0.9997421815918972
474,1788017093.085993,-1.118330419921875,-0.12535532226562535,0.08487949218750014,1.1285306434195592
475,1788017093.105993,-1.1949710449218751,-0.19720590820312536,-0.2935335937499999,1.2461973917047362
476,1788017093.116053,-0.993789404296875,-0.5468787597656254,-0.13546230468749987,1.1423851338173021
477,1788017093.136053,-1.3243020996093753,-0.46065805664062537,-0.01571132812499987,1.4022227861538867
478,1788017093.1762679,-1.3386722167968752,-0.005604345703125349,-0.14025234374999987,1.3460109333292907
479,1788017093.1962678,-1.2811917480468753,0.5021397949218747,0.03697910156250013,1.3765769585678673
480,1788017093.2058163,-1.180600927734375,0.9045030761718746,-0.5042953124999999,1.5704324651449115
481,1788017093.2258162,-1.209341162109375,-0.25468637695312535,0.24295078125000014,1.2595222423949284
482,1788017093.2364535,-1.4536331542968752,-0.34090708007812537,-0.3989144531249999,1.5454448309242534
483,1788017093.2564535,-1.1901810058593751,-0.5181385253906253,-0.15462246093749987,1.3072514921118943
484,1788017093.296139,-0.687226904296875,-0.14930551757812535,-0.039661523437499874,0.7043763142029419
485,1788017093.316139,-0.548315771484375,0.15725698242187466,-0.3797542968749999,0.685268757330994
486,1788017093.3267791,-0.854878271484375,-0.4367078613281254,-0.0013412109374998694,0.9599647983382916
487,1788017093.346779,-1.2668216308593752,-1.3180750488281254,0.5782535156250002,1.9174295311925142
488,1788017093.3568196,-1.017739599609375,-1.4713562988281255,-0.03487148437499987,1.7893851656747262
489,1788017093.3768196,-1.185390966796875,-1.0306727050781255,-0.7006869140624999,1.7200000350857902
490,1788017093.416925,-0.9602591308593751,-0.6762098144531253,-0.6144662109374999,1.3254908660362095
491,1788017093.436925,-0.601006201171875,-0.08703500976562535,-0.6623666015624999,0.8986173054406454
492,1788017093.446475,-0.601006201171875,-0.22594614257812537,-0.19773281249999988,0.6718321057616575
493,1788017093.466475,-0.787817724609375,-0.19720590820312536,-0.4276546874999999,0.9178428346833869
494,1788017093.4765668,-1.156650732421875,-0.7815906738281254,-0.10672207031249988,1.4000408917310057
495,1788017093.4965668,-1.4248929199218752,-0.7911707519531254,-0.07798183593749987,1.6316715842122593
496,1788017093.5367565,-1.185390966796875,-0.2594764160156254,-0.15941249999999987,1.223884022196627
497,1788017093.5567565,-0.8261380371093751,0.15725698242187466,-0.2168929687499999,0.868490860500301
498,1788017093.5657852,-0.773447607421875,0.018345849609374652,0.07529941406250014,0.7773208947292415
499,1788017093.5857852,-0.754287451171875,0.27221791992187466,-0.13067226562499987,0.8124822434524501
500,1788017093.5963202,-0.591426123046875,0.32490834960937465,-0.02050136718749987,0.6751078437736461
501,1788017093.6163201,-0.687226904296875,0.18120717773437467,-0.03008144531249987,0.7113520595345264
502,1788017093.6558971,-1.094380224609375,-0.01039438476562535,-0.17378261718749988,1.1081410186827572
503,1788017093.6758971,-1.218921240234375,-0.3792273925781254,0.003448828125000131,1.276555639050467
504,1788017093.6864293,-1.214131201171875,-0.13014536132812535,-0.2456332031249999,1.2455472930450036
505,1788017093.7064292,-1.5781741699218752,-0.2594764160156254,0.08966953125000013,1.6018746348923527
506,1788017093.7171223,-1.4488431152343753,0.08540639648437466,0.07050937500000014,1.4530699216092067
507,1788017093.7371223,-1.123120458984375,0.20515737304687467,-0.4611849609374999,1.2313328880930985
508,1788017093.775945,-1.6260745605468752,-0.8534412597656253,0.07050937500000014,1.8377845445783196
509,1788017093.795945,-1.5925442871093751,-0.25468637695312535,-0.4899251953124999,1.6855530706602533
510,1788017093.8056214,-1.051269873046875,-0.5229285644531254,0.14235996093750014,1.1827463751688803
511,1788017093.8256214,-1.4536331542968752,-0.45107797851562537,-0.02529140624999987,1.522222173404043
512,1788017093.8362212,-1.3722024902343752,-0.32653696289062534,-0.16420253906249987,1.4200452584948926
513,1788017093.8562212,-0.7638675292968751,-0.22594614257812537,-0.2743734374999999,0.842511747612823
514,1788017093.8961442,-0.874038427734375,-0.6187293457031254,-0.16420253906249987,1.0833889653421656
515,1788017093.9161441,-0.912358740234375,-0.46065805664062537,-0.26479335937499987,1.0558029357787708
516,1788017093.9267943,-0.9794192871093751,-0.4798182128906254,0.14715000000000014,1.1005184141500723
517,1788017093.9467943,-1.046479833984375,-0.2786365722656254,-0.0061312499999998694,1.0829570511181248
518,1788017093.956267,-1.2859817871093753,-0.5708289550781254,0.09924960937500013,1.4104769894236833
519,1788017093.976267,-0.974629248046875,-0.4462879394531254,0.06571933593750014,1.0739618834790179
520,1788017094.0162065,-0.452514990234375,0.023135888671874653,-0.07319179687499987,0.45897943838612765
521,1788017094.0362065,-0.438144873046875,0.16683706054687467,-0.20252285156249988,0.5107064126816797
522,1788017094.0458045,-0.519575537109375,0.24347768554687466,-0.20731289062499988,0.6100973338255556
523,1788017094.0658045,-0.749497412109375,0.40154897460937466,0.056139257812500135,0.8521382317653803
524,1788017094.075934,-0.8405081542968751,0.4973497558593747,0.17589023437500015,0.9923447544283245
525,1788017094.095934,-0.878828466796875,0.3201183105468747,0.23816074218750014,0.9651609948186013
526,1788017094.1360033,-0.8836185058593751,0.40154897460937466,0.2956412109375001,1.0146068048813717
527,1788017094.1560032,-1.0321097167968751,0.38238881835937466,0.47287265625000013,1.197948339846813
528,1788017094.1662385,-0.7638675292968751,0.45423940429687465,0.43934238281250015,0.9913872946863185
529,1788017094.1862385,-0.9027786621093751,0.31053823242187467,0.3148013671875001,1.0052577815360668
530,1788017094.1978416,-0.8644583496093751,0.28179799804687466,0.48245273437500014,1.0293002432810872
531,1788017094.2178416,-0.759077490234375,0.3967589355468747,0.6644742187500001,1.084039794703234
532,1788017094.2566454,-0.778237646484375,0.6602110839843747,0.34833164062500016,1.0783633161796011
533,1788017094.2766454,-0.754287451171875,0.9619835449218747,0.15194003906250014,1.2318472612974931
534,1788017094.2863493,-0.601006201171875,0.8949229980468747,-0.14025234374999987,1.0870907718344511
535,1788017094.3063493,-0.500415380859375,0.8374425292968747,0.22858066406250013,1.0019853608007623
536,1788017094.3460834,-0.6249563964843751,0.8087022949218747,0.5830435546875001,1.1766518966887693
537,1788017094.3660834,-0.735127294921875,0.6314708496093747,0.6980044921875002,1.1943106148567335
538,1788017094.3757703,-0.715967138671875,0.6697911621093747,0.6932144531250002,1.200739531505152
539,1788017094.3957703,-0.572265966796875,0.8757628417968747,0.5064029296875001,1.1622791484932453
540,1788017094.4063685,-0.648906591796875,0.8949229980468747,0.6548941406250002,1.2848553508997036
541,1788017094.4263685,-0.806977880859375,0.9428233886718747,0.8848160156250002,1.5241484914303807
542,1788017094.4661012,-0.519575537109375,1.1296349121093747,0.7315347656250002,1.4426284645524206
543,1788017094.4861012,-0.577056005859375,1.1919054199218748,0.48724277343750017,1.411041347446836
544,1788017094.4967704,-0.7015970214843751,1.2445958496093747,0.35312167968750013,1.4717174083654612
545,1788017094.5167704,-0.720757177734375,1.0913145996093747,0.7794351562500001,1.5224906000940215
546,1788017094.5262892,-0.620166357421875,1.2254356933593746,0.7123746093750002,1.5471834194817602
547,1788017094.5462892,-0.572265966796875,1.2158556152343747,0.6884244140625002,1.509874626493279
548,1788017094.5863483,-0.553105810546875,1.2541759277343747,0.5926236328125002,1.4933472689019724
549,1788017094.6063483,-0.577056005859375,1.4218272949218747,0.5543033203125002,1.631514223472383
550,1788017094.6158757,-0.610586279296875,1.4793077636718748,0.9470865234375002,1.859607471216013
551,1788017094.6358757,-0.778237646484375,1.5990587402343748,0.8991861328125001,1.9927815712134092
552,1788017094.6464226,-0.610586279296875,1.5607384277343748,0.8656558593750002,1.886287388268988
553,1788017094.6664226,-0.433354833984375,1.9008312011718747,0.6165738281250002,2.0447784606198427
554,1788017094.7066216,-0.6249563964843751,1.6900694824218747,0.9039761718750001,2.015955920212111
555,1788017094.7266216,-0.715967138671875,2.1259630371093747,0.49203281250000014,2.2966114315203536
556,1788017094.737194,-0.596216162109375,1.8912511230468747,0.7219546875000001,2.1103371989304742
557,1788017094.757194,-0.48125522460937503,1.8673009277343748,0.47766269531250016,1.9866003615283772
558,1788017094.7664492,-0.466885107421875,1.7379698730468747,0.5159830078125002,1.8721002770957917
559,1788017094.7864492,-0.509995458984375,1.7762901855468747,0.5782535156250002,1.9364088720586636
560,1788017094.8266742,-0.6824368652343751,1.4793077636718748,1.0189371093750001,1.9215369805320648
561,1788017094.8466742,-1.9757474121093752,1.7858702636718748,0.6117837890625002,2.732615933438875
562,1788017094.8558588,-0.672856787109375,1.3403966308593747,0.9422964843750001,1.7712487257423217
563,1788017094.8758588,0.28515102539062503,1.3164464355468748,1.5937417968750003,2.0867091891425003
564,1788017094.8874505,-0.500415380859375,1.6086388183593747,0.9997769531250001,1.9590018778278868
565,1788017094.9074504,-0.739917333984375,1.5367882324218747,0.42976230468750015,1.758946096664479
566,1788017094.9465675,-0.236963232421875,1.3068663574218746,0.6692642578125002,1.4872679302890448
567,1788017094.9665675,-0.519575537109375,2.1020128417968746,0.27169101562500014,2.182254048870757
568,1788017094.9760966,-0.9842093261718751,2.1355431152343747,0.7411148437500001,2.4654540365570035
569,1788017094.9960966,-1.103960302734375,1.7523399902343748,1.2967593750000002,2.443564746029532
570,1788017095.0061283,-1.1518606933593751,1.8529308105468747,1.1099478515625,2.447880691285514
571,1788017095.0261283,-1.127910498046875,1.9774718261718747,0.9710367187500002,2.4749725703669214
572,1788017095.0661898,-0.8596683105468751,1.9343614746093747,0.9375064453125002,2.315103076239577
573,1788017095.0861897,-0.687226904296875,1.9774718261718747,0.7985953125000002,2.2406316329196034
574,1788017095.095786,-0.653696630859375,2.011002099609375,0.6022037109375001,2.198658236128823
575,1788017095.115786,-0.739917333984375,1.8433507324218747,0.6069937500000001,2.076983629302328
576,1788017095.1263595,-0.677646826171875,1.4457774902343747,0.9135562500000002,1.8395822336072083
577,1788017095.1463594,-0.6824368652343751,1.2637560058593746,0.8369156250000002,1.6622957260204039
578,1788017095.1860023,-0.806977880859375,1.1152647949218748,0.7123746093750002,1.5500020796987994
579,1788017095.2060022,-0.787817724609375,1.0721544433593746,0.6261539062500001,1.4704559265534203
580,1788017095.2171426,-0.7255472167968751,1.0961046386718747,0.8273355468750002,1.5531736058286107
581,1788017095.2371426,-0.696806982421875,1.1104747558593746,0.9997769531250001,1.6487110450751294
582,1788017095.2457385,-0.7255472167968751,1.3882970214843746,0.7459048828125001,1.7349816938133977
583,1788017095.2657385,-0.519575537109375,1.2541759277343747,0.8943960937500002,1.6256876603413504
584,1788017095.3067899,-0.356714208984375,1.5224181152343748,0.46808261718750016,1.632208099783307
585,1788017095.3267899,-0.217803076171875,1.3835069824218746,0.7075845703125002,1.5691416999571257
586,1788017095.336393,-0.217803076171875,1.2493858886718747,0.45850253906250016,1.3485651104522545
587,1788017095.356393,-0.730337255859375,0.5596202636718747,0.7267447265625002,1.1724867779189596
588,1788017095.3716142,-1.012949560546875,0.8613927246093747,0.48245273437500014,1.4145051711209768
589,1788017095.3916142,-0.601006201171875,0.6697911621093747,0.5878335937500001,1.0748846396836802
590,1788017095.4264128,-0.385454443359375,0.33448842773437465,0.47766269531250016,0.6990130804834069
591,1788017095.4464128,-0.466885107421875,0.5212999511718747,0.9183462890625002,1.1545974403483665
592,1788017095.4569397,-0.35192416992187503,1.0098839355468747,0.5064029296875001,1.1832836142898828
593,1788017095.4769397,-0.457305029296875,0.9476134277343747,-0.01571132812499987,1.0523050622676668
594,1788017095.4865537,-1.8464163574218753,0.3296983886718747,-0.9114486328124999,2.085352009302907
595,1788017095.5065536,-0.648906591796875,0.9140831542968747,0.49682285156250017,1.2261568919520267
596,1788017095.5467477,-0.538735693359375,0.6602110839843747,3.2463052734375,3.356279599655451
597,1788017095.5667477,-1.2716116699218751,1.8194005371093747,1.9817349609375001,2.9756491743680633
598,1788017095.575835,-1.3817825683593752,2.935479638671875,0.23337070312500013,3.2528181105552227
599,1788017095.595835,-0.653696630859375,3.2037218261718747,0.5782535156250002,3.320471345008058
600,1788017095.6064076,-0.36150424804687503,3.131871240234375,1.1530582031250003,3.3569101874427614
601,1788017095.6264076,-0.572265966796875,3.155821435546875,0.8848160156250002,3.327100336827491
602,1788017095.666471,-0.907568701171875,2.935479638671875,0.36749179687500017,3.094474410489507
603,1788017095.686471,-0.423774755859375,2.1594933105468748,-0.6719466796874999,2.3009799526165864
604,1788017095.6960478,-1.9470071777343751,2.379835107421875,-2.3772005859375,3.886583938942842
605,1788017095.7160478,-0.907568701171875,0.4350792480468747,2.3314078125,2.5393773425022665
606,1788017095.756727,-2.7613138183593753,-1.1600037597656254,4.87970859375,5.725558373298662
607,1788017095.776727,-1.3626224121093753,2.0253722167968746,-2.3867806640625,3.4140290556610804
608,1788017095.787271,0.9078561035156251,-0.7241102050781254,1.7853433593750003,2.1297861875440147
609,1788017095.807271,1.6790523925781249,-0.17325571289062536,1.5171011718750003,2.269544105051952
610,1788017095.815904,2.253857080078125,0.6075206542968746,0.45371250000000013,2.3779840444106943
611,1788017095.835904,1.2862691894531249,-0.5995691894531254,1.7470230468750003,2.2507912313207297
612,1788017095.8771224,0.7641549316406251,0.6793712402343747,0.08008945312500014,1.0256180390916212
613,1788017095.8971224,0.562973291015625,-0.14451547851562535,1.9386246093750001,2.0238796965239647
614,1788017095.905661,-0.304023779296875,1.0817345214843748,0.22379062500000013,1.1457147451206495
615,1788017095.925661,-1.6452347167968753,-0.7959607910156253,1.8236636718750001,2.5818791688040945
616,1788017095.9362478,-0.936308935546875,-0.33611704101562534,0.34354160156250013,1.0524589873482715
617,1788017095.9562478,-1.9805374511718752,-0.9731922363281253,0.7171646484375002,2.3203355053337025
618,1788017095.9969454,-2.2631497558593754,-0.22594614257812537,0.37228183593750014,2.3046674905854165
619,1788017096.0169454,-0.768657568359375,0.8949229980468747,0.9135562500000002,1.4920813153925012
620,1788017096.0260046,-2.081128271484375,1.4936778808593747,1.5266812500000002,2.9821006242649926
621,1788017096.0460045,-1.3865726074218752,3.174981591796875,1.8140835937500002,3.9107532508475438
622,1788017096.0557349,-2.047597998046875,4.2335802246093746,0.9518765625000002,4.798117138007987
623,1788017096.0757349,-2.780473974609375,4.458712060546875,-0.4851351562499999,5.276978764612942
624,1788017096.116221,-3.4079690917968755,3.673145654296875,0.7985953125000002,5.073855220783286
625,1788017096.136221,-3.053506201171875,4.195259912109375,1.1386880859375001,5.312317423479423
626,1788017096.147465,-1.103960302734375,4.726954248046875,1.50752109375,5.082857922590692
627,1788017096.167465,-1.2285013183593751,5.201168115234375,0.30043125000000015,5.352721194693218
628,1788017096.1759937,-1.2428714355468753,3.744996240234375,1.0812076171875002,4.091300056966273
629,1788017096.1959937,-1.080010107421875,3.3857433105468746,1.1961685546875003,3.749733164942474
630,1788017096.2356718,-0.0022513183593749946,3.912647607421875,0.9806167968750001,4.033661571154905
631,1788017096.2556717,1.003656884765625,3.6587755371093746,0.5447232421875001,3.8328434593479934
632,1788017096.2657034,1.214418603515625,2.988170068359375,-0.6863167968749999,3.297727042627463
633,1788017096.2857034,0.328261376953125,0.16204702148437466,0.5159830078125002,0.6326556987195749
634,1788017096.2962182,0.467172509765625,-0.06308481445312535,-1.4096126953124999,1.486350496512
635,1788017096.3162181,0.9892867675781251,-0.34090708007812537,-1.5820541015625,1.8967870534204143
636,1788017096.3569658,1.4826607910156249,-0.6857898925781254,-1.3856625,2.1421137602572946
637,1788017096.3769658,2.732860986328125,-1.2845447753906254,-0.916238671875,3.1556422095061647
638,1788017096.386723,2.215536767578125,-1.9551502441406254,-0.8683382812499999,3.079809574687675
639,1788017096.406723,2.047885400390625,-1.2845447753906254,-1.462303125,2.8252823438554224
640,1788017096.4159057,1.535351220703125,-1.7204383300781254,-0.6144662109374999,2.386373848101021
641,1788017096.4359057,0.46238247070312505,-1.7539686035156254,-0.8491781249999999,2.0028247300526814
642,1788017096.476732,0.6444039550781251,-2.1036414550781255,0.16152011718750015,2.2060490876451064
643,1788017096.496732,0.11270961914062501,-0.5995691894531254,-1.0503597656249999,1.2146778619996774
644,1788017096.5058606,-1.515903662109375,-0.8582312988281254,-0.18815273437499988,1.7521205228344352
645,1788017096.5258605,-0.969839208984375,-1.0067225097656254,0.5351431640625002,1.4968154558912938
646,1788017096.5358987,-1.4632132324218752,-1.1743738769531253,0.5495132812500002,1.955022202603983
647,1788017096.5558987,-2.124238623046875,-2.4389441894531254,1.4069302734375002,3.5270797100754847
648,1788017096.5964553,-1.8991067871093752,-1.4857264160156254,0.43934238281250015,2.450920500837776
649,1788017096.6164553,-0.533945654296875,-0.14451547851562535,0.5207730468750001,0.7597284064878641
650,1788017096.6269817,0.8455855957031251,1.5032579589843746,0.32917148437500016,1.7558910436117947
651,1788017096.6469817,1.204838525390625,2.466055810546875,-0.06840175781249987,2.7454955715625005
652,1788017096.6565022,0.41448208007812504,2.4181554199218747,0.9566666015625002,2.6333404671915424
653,1788017096.6765022,0.7066744628906251,3.5965050292968748,0.5638833984375001,3.70839611008491
654,1788017096.716551,0.970126611328125,3.586924951171875,1.2057486328125002,3.906533759341593
655,1788017096.736551,2.253857080078125,4.065928857421875,0.7842251953125001,4.714515708744344
656,1788017096.7770524,1.846703759765625,4.156939599609375,1.1817984375000001,4.699692453555922
657,1788017096.7970524,1.463500634765625,3.8360069824218748,1.0907876953125002,4.248129173341357
658,1788017096.778063,0.11749965820312501,3.189351708984375,0.5207730468750001,3.2337246418999372
659,1788017096.798063,-0.9410989746093751,2.260084130859375,0.6261539062500001,2.5269974817726526
660,1788017096.8363159,-0.418984716796875,1.2302257324218746,0.46808261718750016,1.3813416963718264
661,1788017096.8563159,-2.6655130371093754,-0.22594614257812537,0.6213638671875001,2.746289217433624
662,1788017096.866842,-5.098852880859376,-1.7252283691406254,1.7182828125000003,5.650416750122816
663,1788017096.886842,-3.8438626464843755,-1.1504236816406255,0.7746451171875002,4.086420163162359
664,1788017096.8963637,-3.2451077636718755,-0.8294910644531254,-0.3126937499999999,3.3640090970656016
665,1788017096.9163637,-3.475029638671875,-1.1312635253906254,-0.7629574218749999,3.7333218694778187
666,1788017096.955908,-2.243989599609375,-1.7348084472656253,0.13756992187500014,2.8397139213772764
667,1788017096.975908,-2.138608740234375,-1.1504236816406255,0.13277988281250014,2.4320264160502316
668,1788017096.9866104,-1.6691849121093751,-0.8390711425781254,-0.08277187499999987,1.8700454102539752
669,1788017097.0066104,-1.4680032714843751,-0.8773914550781254,-0.03487148437499987,1.7105745791854425
670,1788017097.0169332,-1.5590140136718753,-0.03913461914062535,-0.5521957031249999,1.654380943975808
671,1788017097.0369332,-0.955469091796875,-0.14451547851562535,0.43934238281250015,1.061521379080568
672,1788017097.0761526,-1.199761083984375,0.4494493652343747,0.36749179687500017,1.3328471822843613
673,1788017097.0961525,-1.4536331542968752,1.1966954589843748,0.00823886718750013,1.8828694186686024
674,1788017097.1067395,0.48154262695312505,1.7331798339843747,0.4345523437500001,1.8505759584414903
675,1788017097.1267395,-0.0022513183593749946,1.6996495605468747,1.4596207031250001,2.240380836842848
676,1788017097.16678,0.721044580078125,2.2457140136718747,-0.18815273437499988,2.366123024932362
677,1788017097.18678,-0.375874365234375,1.3882970214843746,0.3052212890625001,1.4703095570660298
678,1788017097.1963043,-1.171020849609375,0.032715966796874656,1.3925601562500003,1.8197757975856097
679,1788017097.2163043,-1.7937259277343751,1.0434142089843748,-1.0743099609375,2.336730152907384
680,1788017097.2268298,-1.8464163574218753,0.27221791992187466,1.5410513671875001,2.4203708966173183
681,1788017097.2468297,-1.209341162109375,1.9822618652343746,0.6596841796875001,2.4139286165221385
682,1788017097.2868738,0.06480922851562501,2.1547032714843746,1.0668375,2.405221128223454
683,1788017097.3068738,0.558183251953125,2.1355431152343747,0.36749179687500017,2.237669135631164
684,1788017097.3158917,0.6060836425781251,1.5176280761718748,-0.18815273437499988,1.6449722826961868
685,1788017097.3358917,-0.634536474609375,1.1344249511718747,-0.14504238281249987,1.3078967085603252
686,1788017097.345567,0.41448208007812504,1.7379698730468747,-0.19773281249999988,1.7976186857795005
687,1788017097.365567,1.2431588378906249,2.207393701171875,-0.10193203124999987,2.535433096572179
688,1788017097.406304,2.617900048828125,2.2792442871093748,0.40102207031250015,3.494162830615189
689,1788017097.4263039,2.924462548828125,2.1451231933593746,0.5543033203125002,3.668962644276455
690,1788017097.4369242,2.215536767578125,2.1020128417968746,0.26211093750000014,3.065250935751693
691,1788017097.4569242,1.693422509765625,2.0014220214843745,0.6548941406250002,2.7022687209247835
692,1788017097.4671006,1.137777978515625,1.8337706542968748,2.0583755859375,2.982308433703502
693,1788017097.4871006,-0.294443701171875,1.6996495605468747,3.0738638671875003,3.5247900357082083
694,1788017097.5263345,-1.036899755859375,1.6948595214843747,2.7002408203125,3.352463331484686
695,1788017097.5463345,-1.4105228027343752,1.3643468261718747,2.2835074218750004,3.0108840869215
696,1788017097.555854,-1.3913626464843751,1.6421690917968748,1.4308804687500003,2.584575062933015
697,1788017097.575854,-2.0140677246093754,1.6421690917968748,1.0812076171875002,2.814639947991649
698,1788017097.586993,-1.9613772949218753,1.6661192871093748,0.7123746093750002,2.6702868677344553
699,1788017097.606993,-1.6500247558593752,1.3308165527343747,0.8321255859375002,2.2772982638979076
700,1788017097.6457546,-1.199761083984375,1.2254356933593746,0.5399332031250001,1.797956384632107
701,1788017097.6657546,-0.677646826171875,1.1631651855468748,0.47287265625000013,1.4268030764327786
702,1788017097.6758668,0.0025387207031250057,1.3643468261718747,0.42018222656250015,1.4275860081645155
703,1788017097.6958668,0.697094384765625,1.6134288574218747,0.25253085937500014,1.7756309003196857
704,1788017097.7055714,0.8839059082031251,1.4840978027343747,0.6165738281250002,1.8341208324879001
705,1788017097.7255714,1.477870751953125,1.6804894042968748,0.7554849609375002,2.361970390084367
706,1788017097.7668116,1.4395504394531249,1.8625108886718746,0.9039761718750001,2.5215917983426186
707,1788017097.7868116,0.7449947753906251,1.7092296386718748,1.1817984375000001,2.2075168674216643
708,1788017097.7958174,0.194140283203125,1.5798985839843747,0.8321255859375002,1.7961634045959876
709,1788017097.8158174,0.194140283203125,1.3835069824218746,0.6501041015625002,1.5409144566914337
710,1788017097.8275766,0.572553369140625,1.4840978027343747,0.5974136718750002,1.6991959109939176
711,1788017097.8475766,1.018027001953125,1.8194005371093747,0.5734634765625002,2.1622806594174353
712,1788017097.8860621,0.9605465332031251,1.9487315917968748,0.6692642578125002,2.2733497544594936
713,1788017097.9060621,1.137777978515625,1.7523399902343748,0.5878335937500001,2.1704337132727067
714,1788017097.9187546,1.065927392578125,1.3260265136718747,0.8225455078125001,1.8897430072980057
715,1788017097.9387546,1.137777978515625,1.4314073730468748,0.49203281250000014,1.8935580489081176
716,1788017097.945837,0.821635400390625,1.1392149902343747,0.6788443359375002,1.5600401140945686
717,1788017097.965837,0.44322231445312504,1.1871153808593746,0.6213638671875001,1.4113050708292267
718,1788017098.0059786,0.476752587890625,1.2398058105468748,0.6836343750000001,1.4939101166428461
719,1788017098.0259786,0.43364223632812504,1.2733360839843748,0.5495132812500002,1.453064079170104
720,1788017098.0358107,0.428852197265625,1.2972862792968747,0.5495132812500002,1.472695061382914
721,1788017098.0558107,0.438432275390625,1.1392149902343747,0.9854068359375002,1.5687766846786264
722,1788017098.0658438,0.543813134765625,1.4170372558593747,0.7219546875000001,1.6807575318410166
723,1788017098.0858438,0.299521142578125,1.2350157714843748,0.8656558593750002,1.5376400546085942
724,1788017098.125888,0.730624658203125,1.6517491699218747,0.49682285156250017,1.8732113221275195
725,1788017098.145888,0.859955712890625,1.2493858886718747,1.0668375,1.8543546527975396
726,1788017098.1559553,0.859955712890625,1.3835069824218746,1.0572574218750002,1.9420114970445146
727,1788017098.1759553,0.615663720703125,1.6852794433593747,0.7938052734375002,1.9619723319498885
728,1788017098.1861677,0.49591274414062503,1.7379698730468747,0.8225455078125001,1.985711419577925
729,1788017098.2061677,0.165400048828125,2.0349522949218746,0.5016128906250001,2.1023804391216445
730,1788017098.246047,0.05522915039062501,2.054112451171875,0.8417056640625001,2.2205622364678486
731,1788017098.266047,-0.098052099609375,2.4085753417968747,0.49682285156250017,2.461235936919586
732,1788017098.2760592,0.280360986328125,2.2552940917968747,0.9854068359375002,2.4770911076222295
733,1788017098.2960591,0.730624658203125,2.6049669433593747,0.5638833984375001,2.763626178447972
734,1788017098.305883,1.209628564453125,2.6480772949218747,0.9135562500000002,3.051245589220203
735,1788017098.325883,1.013236962890625,2.739088037109375,0.9087662109375002,3.058612176158528
736,1788017098.3664362,1.089877587890625,2.988170068359375,0.38665195312500017,3.2041368957771663
737,1788017098.3864362,0.42406215820312504,2.3846251464843746,0.5543033203125002,2.4846565102997595
738,1788017098.3970327,0.040859033203125006,2.327144677734375,0.11840976562500014,2.3305133950048624
739,1788017098.4170327,0.299521142578125,1.8529308105468747,0.7650650390625001,2.026916381482203
740,1788017098.4266212,0.347421533203125,1.6613292480468747,1.0476773437500002,1.9945787547139522
741,1788017098.4466212,0.48154262695312505,1.4840978027343747,1.0141470703125002,1.8608932988963507
742,1788017098.5156827,0.146239892578125,1.0817345214843748,0.9949869140625002,1.4770019093785587
743,1788017098.5356827,0.33305141601562505,1.0673644042968746,0.6501041015625002,1.293377501017557
744,1788017098.516979,1.003656884765625,1.0194640136718747,0.6117837890625002,1.5559284758847616
745,1788017098.536979,1.2431588378906249,1.0194640136718747,0.36270175781250014,1.648121153470768
746,1788017098.5760934,1.223998681640625,0.6027306152343747,0.5638833984375001,1.4762863727042326
747,1788017098.5960934,1.065927392578125,0.3967589355468747,0.6069937500000001,1.2892091652341569
748,1788017098.6057308,0.9222262207031251,0.18599721679687467,0.7363248046875002,1.1946842197026954
749,1788017098.6257308,0.931806298828125,0.023135888671874653,0.7746451171875002,1.2119708352360803
750,1788017098.6356478,0.9461764160156251,0.20036733398437467,0.46808261718750016,1.0744757862629009
751,1788017098.6556478,0.879115869140625,0.17641713867187467,0.5686734375000002,1.0617707835074925
752,1788017098.6960447,1.041977197265625,0.42070913085937467,0.36270175781250014,1.1807900819071337
753,1788017098.7160447,1.008446923828125,0.41112905273437467,0.5399332031250001,1.2155328708091342
754,1788017098.726184,0.9222262207031251,0.7081114746093747,0.39623203125000017,1.2283822227687657
755,1788017098.7461839,0.893485986328125,0.9332433105468747,0.43934238281250015,1.3646545400871968
756,1788017098.755905,0.7258346191406251,1.1152647949218748,0.48724277343750017,1.4170592709559522
757,1788017098.775905,0.816845361328125,1.4361974121093748,0.38665195312500017,1.6968792189570587
758,1788017098.815991,0.8455855957031251,1.5607384277343748,0.5351431640625002,1.853995050023112
759,1788017098.835991,0.859955712890625,1.7571300292968748,0.40102207031250015,1.996959806522851
760,1788017098.8460596,0.682724267578125,1.6421690917968748,0.6117837890625002,1.8807209139456946
761,1788017098.8660595,0.711464501953125,1.7331798339843747,0.6548941406250002,1.984686476472914
762,1788017098.8773112,0.390531884765625,1.6756993652343748,0.8273355468750002,1.9091798298715692
763,1788017098.8973112,0.562973291015625,1.7283897949218747,0.8512857421875002,2.007226351072237
764,1788017098.93577,0.38574184570312503,1.6852794433593747,0.9854068359375002,1.989972413388812
765,1788017098.95577,0.697094384765625,1.8385606933593748,0.8129654296875002,2.1277121032472537
766,1788017098.9669774,0.562973291015625,1.7475499511718748,0.7985953125000002,2.002154896950972
767,1788017098.9869773,0.572553369140625,1.7906603027343748,0.6548941406250002,1.9907707089788118
768,1788017098.9966419,0.270780908203125,1.7619200683593748,0.6069937500000001,1.8831160453020084
769,1788017099.0166419,0.347421533203125,1.5415782714843747,0.8656558593750002,1.8018116870850385
770,1788017099.0557628,0.562973291015625,1.5607384277343748,0.7698550781250002,1.8290763263239131
771,1788017099.0757627,0.7497848144531251,1.3164464355468748,0.9039761718750001,1.7641942650871414
772,1788017099.0859993,0.5294430175781251,1.0961046386718747,1.0045669921875002,1.5782617430492552
773,1788017099.1059992,0.562973291015625,1.0913145996093747,1.0476773437500002,1.6141667504705297
774,1788017099.1177008,0.721044580078125,1.2493858886718747,1.0859976562500002,1.8056193659387196
775,1788017099.1377008,0.9653365722656251,1.4840978027343747,0.7794351562500001,1.9344095090318925
776,1788017099.1764646,0.912646142578125,1.1487950683593746,0.6644742187500001,1.6106455469882175
777,1788017099.1964645,0.6060836425781251,0.6650011230468746,0.6501041015625002,1.1100446920384597
778,1788017099.205653,0.5869234863281251,0.4254991699218747,0.8943960937500002,1.1512919242846378
779,1788017099.225653,0.7641549316406251,0.7081114746093747,0.9231363281250001,1.3919537709019862
780,1788017099.2367823,0.850375634765625,0.9428233886718747,0.8081753906250002,1.5050588441790667
781,1788017099.2567823,0.8264254394531251,1.0242540527343746,0.7171646484375002,1.498799687912486
782,1788017099.2965138,0.831215478515625,1.2924962402343747,0.5590933593750002,1.635252606553855
783,1788017099.3165138,0.754574853515625,1.4505675292968747,0.6309439453125002,1.7526036713230602
784,1788017099.3287475,0.6444039550781251,1.5942687011718748,0.6261539062500001,1.8300322027682248
785,1788017099.3487475,0.735414697265625,1.6900694824218747,0.7123746093750002,1.976018020274668
786,1788017099.355885,0.553393212890625,2.0349522949218746,0.37228183593750014,2.141464138399289
787,1788017099.375885,0.558183251953125,2.2888243652343747,0.16631015625000015,2.361767259008263
788,1788017099.4156172,0.721044580078125,2.4181554199218747,0.04176914062500013,2.523712658458987
789,1788017099.4356172,1.147358056640625,2.5474864746093746,0.08008945312500014,2.7950907264269103
790,1788017099.4462173,1.8419137207031249,2.5187462402343748,0.38186191406250014,3.143651904810821
791,1788017099.4662173,2.086205712890625,2.3175645996093746,0.8656558593750002,3.2361582187418323
792,1788017099.4757445,1.808383447265625,2.193023583984375,1.1291080078125002,3.05851075289303
793,1788017099.4957445,1.8419137207031249,1.9199913574218748,1.1243179687500002,2.8884431553941385
794,1788017099.5360608,0.5294430175781251,1.4697276855468748,1.0189371093750001,1.8651118495647077
795,1788017099.5560608,-1.2859817871093753,0.9715636230468747,0.6836343750000001,1.7507258463524873
796,1788017099.566074,-2.4691214355468754,1.1104747558593746,0.9327164062500002,2.8635074194710786
797,1788017099.5860739,-0.888408544921875,1.1823253417968747,1.6176919921875001,2.1918235189295836
798,1788017099.5958579,-0.49083530273437503,1.6134288574218747,2.0966958984375004,2.6907630261501363
799,1788017099.6158578,-0.639326513671875,1.9104112792968748,1.1099478515625,2.3000856245663477
800,1788017099.655771,-0.299233740234375,2.2888243652343747,0.9854068359375002,2.5098375322911934
801,1788017099.675771,-0.136372412109375,2.8444688964843747,0.8464957031250002,2.9708846684549464
802,1788017099.6858938,-0.136372412109375,3.5725548339843747,0.33396152343750013,3.5907207877731664
803,1788017099.7058938,0.031278955078125004,3.088760888671875,0.9901968750000002,3.2437496900469394
804,1788017099.715967,0.012118798828125006,3.500704248046875,0.44892246093750016,3.529392082712355
805,1788017099.735967,0.270780908203125,3.0935509277343747,0.9806167968750001,3.2565302002356598
806,1788017099.775623,0.721044580078125,3.021700341796875,0.8081753906250002,3.2099416979265
807,1788017099.795623,0.438432275390625,1.9199913574218748,1.4979410156250001,2.474351826028496
808,1788017099.806418,0.35221157226562505,1.9774718261718747,0.5159830078125002,2.0738096053622153
809,1788017099.826418,0.280360986328125,1.9822618652343746,0.13277988281250014,2.0063885172859823
810,1788017099.835662,-0.213013037109375,1.1727452636718747,1.0189371093750001,1.5681003922915318
811,1788017099.8556619,-0.337554052734375,1.7331798339843747,0.12798984375000014,1.7703774952113054
812,1788017099.8960469,-0.519575537109375,0.9428233886718747,0.7363248046875002,1.3042426534151141
813,1788017099.9160469,-0.811767919921875,0.7703819824218747,0.9806167968750001,1.487973406001576
814,1788017099.9259365,0.879115869140625,1.6373790527343748,0.19026035156250015,1.8681685885071724
815,1788017099.9459364,-0.145952490234375,0.20994741210937468,0.8321255859375002,0.8705245752009916
816,1788017099.9858716,-0.5243655761718751,0.6410509277343747,-0.5569857421874999,0.998067465867576
817,1788017100.0058715,0.5102828613281251,-0.4893982910156254,2.27392734375,2.3813115819791757
818,1788017100.0169282,1.2479488769531248,0.12851674804687466,-0.0013412109374998694,1.2545496215231537
819,1788017100.0369282,2.119735986328125,1.6900694824218747,-1.2275912109375,2.9760033078474915
820,1788017100.0465765,2.023935205078125,-0.7480604003906254,1.7853433593750003,2.8005997550259885
821,1788017100.0665765,3.168754541015625,0.6123106933593747,-0.858758203125,3.3396699504358005
822,1788017100.105845,3.504057275390625,0.20994741210937468,0.12319980468750014,3.5125024550801998
823,1788017100.125845,3.283715478515625,-0.22115610351562537,0.5111929687500002,3.3306179032222762
824,1788017100.1359985,3.513637353515625,-0.01997446289062535,-0.4516048828124999,3.5425969854568757
825,1788017100.1559985,3.355566064453125,-0.29300668945312536,-0.4420248046874999,3.3972139262832326
826,1788017100.1665263,2.622690087890625,-1.3851355957031255,0.4441324218750001,2.9990594398517914
827,1788017100.1865263,2.531679345703125,-1.2414344238281254,-0.01092128906249987,2.819694843893583
828,1788017100.2255719,3.786669580078125,-1.2989148925781253,-0.10193203124999987,4.004551978167474
829,1788017100.2455719,1.396440087890625,-1.5288367675781254,-0.9449789062499999,2.276043038746006
830,1788017100.255815,0.610873681640625,-1.7922889160156255,-0.4228646484374999,1.9401754364726422
831,1788017100.275815,0.07438930664062501,-1.7970789550781254,-0.36538417968749987,1.835356133967756
832,1788017100.286068,-0.8261380371093751,-2.0701111816406255,0.6644742187500001,2.3258096113172937
833,1788017100.306068,-0.332764013671875,-1.0019324707031254,0.02739902343750013,1.0561019226995156
834,1788017100.3458543,0.7497848144531251,-0.5420887207031254,-0.05403164062499987,0.9267992594336097
835,1788017100.3658543,2.301757470703125,-0.43191782226562536,-0.2743734374999999,2.357948524106049
836,1788017100.3765254,2.253857080078125,-0.04871469726562535,-0.3126937499999999,2.275966221286475
837,1788017100.3965254,1.554511376953125,0.42070913085937467,0.40102207031250015,1.6596145621025609
838,1788017100.4081848,0.040859033203125006,1.6756993652343748,-0.17857265624999988,1.6856826560184337
839,1788017100.4281847,-0.102842138671875,2.054112451171875,1.1770083984375002,2.369663106337764
840,1788017100.4667304,0.740204736328125,2.825308740234375,1.2201187500000001,3.1652744420395686
841,1788017100.4867303,0.6444039550781251,3.697095849609375,0.19026035156250015,3.7576552768842277
842,1788017100.4963524,-0.366294287109375,3.744996240234375,0.5016128906250001,3.796153821459259
843,1788017100.5163524,-1.6117044433593752,3.0696007324218746,1.8236636718750001,3.917370171090022
844,1788017100.5260484,-0.059731787109375,3.673145654296875,1.3781900390625001,3.9236430352215264
845,1788017100.5460484,-0.098052099609375,4.588043115234375,1.0093570312500002,4.698782337799993
846,1788017100.585935,0.151029931640625,4.956876123046875,1.1099478515625,5.0818712274783
847,1788017100.605935,0.917436181640625,6.063375146484375,0.34354160156250013,6.142005221944366
848,1788017100.616955,-0.35192416992187503,5.6370616699218745,0.6357339843750002,5.683702366483216
849,1788017100.636955,-0.500415380859375,6.240606591796875,-0.2935335937499999,6.267515309725142
850,1788017100.6464713,1.099457666015625,5.3640294433593745,2.0104751953125004,5.832977759219869
851,1788017100.6664712,1.257528955078125,5.766392724609375,2.1781265625,6.291017362045338
852,1788017100.7092433,1.041977197265625,6.0298448730468746,2.2308169921875,6.513162835770627
853,1788017100.7292433,1.477870751953125,5.689752099609375,3.2654654296875,6.724629758356364
854,1788017100.7388477,1.142568017578125,5.1245274902343745,3.0068033203125,6.050380969823512
855,1788017100.7588477,2.220326806640625,4.061138818359375,1.9098843750000003,5.0070308523257046
856,1788017100.76587,1.310219384765625,2.8109386230468747,1.3781900390625001,3.3937381399458872
857,1788017100.78587,0.036068994140625005,0.9140831542968747,0.4249722656250002,1.008687469862735
858,1788017100.826922,1.817963525390625,-0.3073768066406254,-2.3484603515624998,2.9857558345873425
859,1788017100.846922,8.380317041015624,-0.7480604003906254,-1.835926171875,8.61161616533999
860,1788017100.8564382,4.265673486328125,0.4590294433593747,-2.008367578125,4.73711079147377
861,1788017100.8764381,2.143686181640625,2.044532373046875,-1.0551498046874999,3.1446532686650395
862,1788017100.886464,1.372489892578125,-0.10140512695312535,2.5373794921875,2.8865734344331497
863,1788017100.906464,0.840795556640625,0.7560118652343747,1.2728091796875003,1.7025082426639069
864,1788017100.947644,0.35221157226562505,1.8577208496093747,1.4404605468750002,2.376995232181719
865,1788017100.967644,-0.342344091796875,3.0169103027343747,0.8656558593750002,3.1572626306348535
866,1788017100.9757206,-1.2428714355468753,3.2228819824218746,1.2728091796875003,3.681268923321776
867,1788017100.9957206,-1.3434622558593752,3.591714990234375,0.48245273437500014,3.8649796952764177
868,1788017101.005847,-2.3589505371093753,2.7007677246093746,0.34833164062500016,3.6027945917968753
869,1788017101.025847,-2.1721390136718752,1.8194005371093747,1.9434146484375003,3.435879320481259
870,1788017101.0658782,-3.5037698730468754,3.6060851074218747,-0.2983236328124999,5.036789663578895
871,1788017101.0858781,-4.183955419921875,4.429971826171875,0.00823886718750013,6.093455605442838
872,1788017101.095649,-3.5277200683593755,4.271900537109375,0.8273355468750002,5.6016450429122875
873,1788017101.115649,-2.5888724121093754,5.033516748046875,0.09924960937500013,5.661130779624376
874,1788017101.125917,-0.8836185058593751,4.659893701171875,1.268019140625,4.909507461152272
875,1788017101.145917,-1.3243020996093753,5.402349755859375,-0.5426156249999999,5.588702054337643
876,1788017101.187384,-1.3482522949218751,4.540142724609375,0.7794351562500001,4.799812431062697
877,1788017101.2073839,1.0371871582031251,5.483780419921875,0.19026035156250015,5.584246045478002
878,1788017101.2159429,3.944740869140625,5.167637841796875,-0.3031136718749999,6.508251630562309
879,1788017101.2359428,3.264555322265625,2.2552940917968747,2.1398062500000004,4.508042111622935
880,1788017101.2468438,0.716254541015625,2.3942052246093746,-0.2312630859374999,2.509725451118043
881,1788017101.2668438,0.41448208007812504,0.5596202636718747,0.5974136718750002,0.9175365548909963
882,1788017101.3059506,1.1186178222656251,-0.14451547851562535,1.4596207031250001,1.844636319931929
883,1788017101.3259506,0.328261376953125,0.6171007324218747,-0.4707650390624999,0.8427268641489322
884,1788017101.3360977,0.879115869140625,-0.9205018066406254,0.8991861328125001,1.5584299755991062
885,1788017101.3560977,3.523217431640625,-0.6762098144531253,0.6548941406250002,3.646807798500498
886,1788017101.3968768,4.016591455078125,-0.22594614257812537,0.5351431640625002,4.058378590323403
887,1788017101.4168768,4.979389306640625,-0.4558680175781254,1.6416421875000002,5.262805581466734
888,1788017101.4259212,3.317245751953125,-0.21636606445312537,1.1434781250000001,3.515462398469297
889,1788017101.4459212,1.185678369140625,-1.4521961425781253,1.7901333984375003,2.5921582543834303
890,1788017101.4559329,-0.601006201171875,-1.6342176269531254,1.4596207031250001,2.2720845721676985
891,1788017101.4759328,-1.3147220214843751,-0.4798182128906254,0.6453140625000001,1.5411520854405543
892,1788017101.516117,-1.2524515136718752,0.4350792480468747,0.6980044921875002,1.4983787963308663
893,1788017101.536117,-1.4105228027343752,1.9391515136718747,-0.2839535156249999,2.4146454748151656
894,1788017101.5458426,-1.6500247558593752,1.8481407714843747,0.8656558593750002,2.62441728256806
895,1788017101.5658426,-2.0092776855468752,2.4181554199218747,0.7027945312500001,3.221582313970738
896,1788017101.5759976,-2.8379544433593753,2.988170068359375,0.7123746093750002,4.182179260159024
897,1788017101.5959976,-1.9278470214843753,3.6060851074218747,0.9135562500000002,4.1898721892356185
898,1788017101.635904,-1.4584231933593752,4.041978662109375,0.9375064453125002,4.398125515589401
899,1788017101.655904,-0.217803076171875,3.9653380371093747,1.6512222656250002,4.300916053474204
900,1788017101.6662307,0.553393212890625,4.018028466796875,1.8907242187500002,4.475001103846931
901,1788017101.6862307,-0.016621435546874997,3.8216368652343746,1.3877701171875,4.065844377247691
902,1788017101.695978,-0.203432958984375,3.515074365234375,1.1291080078125002,3.6975691548955907
903,1788017101.715978,-0.533945654296875,3.395323388671875,0.8752359375000002,3.546738899566232
904,1788017101.7559597,0.007328759765625006,2.9306895996093747,1.2057486328125002,3.169041654113665
905,1788017101.7759597,0.22767055664062502,2.542696435546875,1.2201187500000001,2.829457334862181
906,1788017101.7861655,0.45280239257812505,2.466055810546875,0.7794351562500001,2.6256390517843347
907,1788017101.8061655,0.534233056640625,1.9104112792968748,1.0141470703125002,2.2279072007369907
908,1788017101.8158758,0.44322231445312504,1.7188097167968748,0.6069937500000001,1.8759515652392522
909,1788017101.8358757,0.9461764160156251,1.3068663574218746,0.6596841796875001,1.7430813817246922
910,1788017101.875733,1.3245895019531249,0.9715636230468747,0.8225455078125001,1.837132095069628
911,1788017101.8957329,1.468290673828125,0.9715636230468747,0.8081753906250002,1.9372560074730678
912,1788017101.9058957,1.219208642578125,0.7895421386718747,0.9327164062500002,1.7262115737544073
913,1788017101.9258957,1.3676998535156248,0.9524034667968747,0.6022037109375001,1.772096092862987
914,1788017101.936004,1.741322900390625,0.7416417480468747,1.0716275390625,2.1749996570914654
915,1788017101.956004,1.5640914550781249,0.8613927246093747,0.8896060546875002,1.9949382041544614
916,1788017101.9958646,1.511401025390625,0.8039122558593746,1.1003677734375001,2.035047225862963
917,1788017102.0158646,1.4060201660156249,1.0434142089843748,0.9231363281250001,1.9793399402470515
918,1788017102.026571,1.214418603515625,1.3930870605468748,0.6692642578125002,1.965558126744994
919,1788017102.046571,1.262318994140625,1.4601476074218747,0.9710367187500002,2.1606463356108954
920,1788017102.0592625,0.6444039550781251,1.8960411621093747,0.5064029296875001,2.06559252344926
921,1788017102.0792625,0.49112270507812505,1.8146104980468747,0.9279263671875002,2.0964398665325397
922,1788017102.1159332,0.184560205078125,2.164283349609375,0.6357339843750002,2.2632592837728884
923,1788017102.1359332,0.151029931640625,2.149913232421875,0.5782535156250002,2.231437670096729
924,1788017102.145666,0.37616176757812503,2.011002099609375,0.7506949218750002,2.179259045122843
925,1788017102.1656659,0.5486031738281251,2.2792442871093748,0.6261539062500001,2.426517808912011
926,1788017102.1762953,0.7689449707031251,2.389415185546875,0.6548941406250002,2.594121745854769
927,1788017102.1962953,0.7258346191406251,2.293614404296875,0.6692642578125002,2.4970818121812592
928,1788017102.2366219,1.061137353515625,2.2313438964843746,0.5447232421875001,2.5301445567365275
929,1788017102.2566218,0.898276025390625,1.9774718261718747,0.6261539062500001,2.260390089211869
930,1788017102.2662659,0.9892867675781251,1.8816710449218748,0.5878335937500001,2.2056569460692645
931,1788017102.2862659,0.9653365722656251,1.7810802246093747,0.5926236328125002,2.110763898311702
932,1788017102.2960372,1.008446923828125,1.4745177246093748,0.8033853515625001,1.9587229874259449
933,1788017102.3160372,0.716254541015625,1.3116563964843748,0.8848160156250002,1.7367678173752472
934,1788017102.3569517,0.47196254882812505,1.2445958496093747,0.9566666015625002,1.6392005560352783
935,1788017102.3769517,0.400111962890625,1.1871153808593746,1.1386880859375001,1.6929096453671397
936,1788017102.3866646,0.48154262695312505,1.2972862792968747,1.2392789062500003,1.8575917741799575
937,1788017102.4066646,0.582133447265625,1.3787169433593747,1.3638199218750002,2.0247825907081256
938,1788017102.4156325,0.716254541015625,1.6517491699218747,1.1674283203125002,2.145736416927944
939,1788017102.4356325,0.8455855957031251,1.8529308105468747,1.0285171875,2.281713214520488
940,1788017102.476362,0.792895166015625,1.9966319824218748,0.7985953125000002,2.2919372789559107
941,1788017102.496362,0.821635400390625,2.030162255859375,0.6309439453125002,2.2791958622324655
942,1788017102.5061786,0.677934228515625,1.8864610839843747,0.6548941406250002,2.1088424727811073
943,1788017102.5261786,0.759364892578125,1.8289806152343748,0.5830435546875001,2.0643994084590163
944,1788017102.5367496,0.792895166015625,1.5846886230468746,0.7746451171875002,1.9339068834583482
945,1788017102.5567496,0.8072652832031251,1.5080479980468748,0.7027945312500001,1.8492717904713512
946,1788017102.5957675,0.735414697265625,1.3787169433593747,0.6596841796875001,1.6961363163939618
947,1788017102.6157675,0.7641549316406251,1.2781261230468748,0.7459048828125001,1.6655069018677326
948,1788017102.6259391,0.7449947753906251,1.3739269042968747,0.7411148437500001,1.7297235517089742
949,1788017102.645939,0.697094384765625,1.4218272949218747,0.8560757812500002,1.8001108802236097
950,1788017102.6556275,0.634823876953125,1.4745177246093748,0.8991861328125001,1.840037927973036
951,1788017102.6756275,0.8264254394531251,1.5846886230468746,0.8560757812500002,1.981686852717222
952,1788017102.7157178,0.7881051269531251,1.6709093261718748,0.7985953125000002,2.0126604633084346
953,1788017102.7357178,0.7258346191406251,1.7475499511718748,0.7602750000000001,2.0393098837128307
954,1788017102.7463934,0.692304345703125,1.7810802246093747,0.8321255859375002,2.084218094237223
955,1788017102.7663934,0.754574853515625,1.8816710449218748,0.9901968750000002,2.256226713367979
956,1788017102.8064327,0.519862939453125,1.9343614746093747,0.9901968750000002,2.234390664483175
957,1788017102.8264327,0.730624658203125,2.0589024902343747,1.0141470703125002,2.4086066793254495
958,1788017102.835953,0.615663720703125,2.140333154296875,1.0428873046875002,2.4592034805299834
959,1788017102.855953,0.515072900390625,2.0014220214843745,1.1243179687500002,2.3526753060406653
960,1788017102.8669786,0.7449947753906251,2.0397423339843748,0.9662466796875002,2.3768042936713303
961,1788017102.8869786,1.271899072265625,2.0493224121093747,1.0907876953125002,2.647124363351503
962,1788017102.9270217,1.434760400390625,1.9726817871093747,1.3494498046875003,2.787655935565441
963,1788017102.9470217,1.568881494140625,1.8241905761718746,1.6895425781250002,2.940002470092239
964,1788017102.956041,1.008446923828125,1.3643468261718747,1.7613931640625002,2.4455905909758857
965,1788017102.976041,0.539023095703125,0.9811437011718747,1.2919693359375002,1.7094951374758016
966,1788017102.9861412,0.7258346191406251,0.8757628417968747,1.0093570312500002,1.5207228761181202
967,1788017103.0061412,0.615663720703125,0.9859337402343747,0.9854068359375002,1.5238549108871602
968,1788017103.0461454,0.318681298828125,1.0769444824218748,1.2536490234375002,1.6831527151175256
969,1788017103.0661454,0.174980126953125,1.2302257324218746,1.2919693359375002,1.7925563206059258
970,1788017103.075681,0.29473110351562504,1.3739269042968747,1.2632291015625001,1.889520924669725
971,1788017103.095681,0.515072900390625,1.8002403808593748,1.2249087890625001,2.237535935603287
972,1788017103.106353,0.49112270507812505,2.0780626464843746,1.5027310546875001,2.6110814803217277
973,1788017103.126353,0.38574184570312503,2.5618565917968747,1.2775992187500003,2.8886269631453216
974,1788017103.1661768,0.428852197265625,2.935479638671875,1.0716275390625,3.1542575193908733
975,1788017103.1861768,0.6683541503906251,2.992960107421875,1.3398697265625001,3.346604003930224
976,1788017103.195785,0.539023095703125,3.184561669921875,1.3877701171875,3.515378333180596
977,1788017103.215785,0.6875143066406251,3.2037218261718747,1.6751724609375003,3.6800424230175652
978,1788017103.2262564,0.879115869140625,3.3665831542968747,1.7087027343750003,3.876389025966173
979,1788017103.2462564,0.778525048828125,3.491124169921875,1.4596207031250001,3.863229454544042
980,1788017103.2858026,0.6875143066406251,3.251622216796875,1.50752109375,3.649430477581914
981,1788017103.3058026,0.6444039550781251,3.1175011230468748,1.3925601562500003,3.474664515934435
982,1788017103.3155854,0.692304345703125,3.1031310058593746,1.3686099609375002,3.4614737571997556
983,1788017103.3355854,0.711464501953125,3.304312646484375,1.3159195312500003,3.6271625295788996
984,1788017103.3460388,0.8839059082031251,3.6060851074218747,1.1578482421875003,3.8891839771940475
985,1788017103.3660388,1.089877587890625,3.5198644042968747,1.3734000000000002,3.932366481041979
986,1788017103.4195993,1.056347314453125,3.5390245605468746,1.3973501953125003,3.9488165388184613
987,1788017103.4395993,0.9461764160156251,3.6396153808593747,1.4213003906250001,4.020217000511675
988,1788017103.4356084,0.8264254394531251,3.864747216796875,1.2967593750000002,4.159427236214726
989,1788017103.4556084,0.773735009765625,4.061138818359375,1.1817984375000001,4.299786263781007
990,1788017103.4658558,0.697094384765625,4.209630029296875,1.0285171875,4.389165429761412
991,1788017103.4858558,0.539023095703125,3.936597802734375,1.1482681640625,4.135924072658244
992,1788017103.526105,0.778525048828125,4.085089013671875,1.0333072265625003,4.28506444826
993,1788017103.546105,0.620453759765625,4.003658349609375,1.2344888671875003,4.235351911189204
994,1788017103.5582705,0.615663720703125,3.893487451171875,1.1770083984375002,4.113834600395997
995,1788017103.5782704,0.347421533203125,3.754576318359375,1.1099478515625,3.9305889234701787
996,1788017103.5868416,0.22288051757812502,3.869537255859375,0.9614566406250001,3.9934187322896038
997,1788017103.6068416,0.730624658203125,4.027608544921875,0.9087662109375002,4.193005963320805
998,1788017103.6468396,1.300639306640625,4.008448388671875,0.8704458984375002,4.303138058757983
999,1788017103.6668396,1.568881494140625,4.037188623046875,0.5926236328125002,4.37166831894689
1000,1788017103.6765382,1.338959619140625,4.171309716796875,0.40102207031250015,4.399256336701802
1001,1788017103.6965382,1.549721337890625,4.137779443359375,0.35791171875000016,4.4329398535756726
1002,1788017103.7057343,1.554511376953125,3.917437646484375,0.4345523437500001,4.236939824286906
1003,1788017103.7257342,1.161728173828125,3.807266748046875,0.6357339843750002,4.03101105673735
1004,1788017103.7660546,0.8886959472656251,3.783316552734375,0.9231363281250001,3.994426780551168
1005,1788017103.7860546,0.8839059082031251,3.764156396484375,1.0333072265625003,4.002235232494076
1006,1788017103.7961822,0.831215478515625,3.591714990234375,0.9758267578125002,3.8136037555127738
1007,1788017103.8161821,0.917436181640625,3.505494287109375,0.9806167968750001,3.7539031216392864
1008,1788017103.825911,1.137777978515625,3.620455224609375,0.9758267578125002,3.918478355568559
1009,1788017103.845911,1.468290673828125,3.807266748046875,0.6548941406250002,4.132800978641366
1010,1788017103.885956,1.894604150390625,3.524654443359375,0.6501041015625002,4.054053425232424
1011,1788017103.905956,1.837123681640625,3.318682763671875,0.6022037109375001,3.8407457631304487
1012,1788017103.9161344,1.928134423828125,3.232462060546875,0.6548941406250002,3.8203926060878772
1013,1788017103.9361343,1.908974267578125,3.0408604980468747,0.5974136718750002,3.6397690061596624
1014,1788017103.9458902,1.664682275390625,2.542696435546875,0.6788443359375002,3.1140491122936576
1015,1788017103.9658902,1.209628564453125,2.269664208984375,0.7075845703125002,2.667443122098374
1016,1788017104.0058866,1.1569381347656251,2.4612657714843746,0.2956412109375001,2.7356422959078786
1017,1788017104.0258865,1.4874508300781248,2.250504052734375,0.17110019531250015,2.7030637691534256
1018,1788017104.03586,1.420390283203125,2.2026036621093747,-0.08277187499999987,2.62217898554742
1019,1788017104.05586,0.836005517578125,2.2744542480468746,-0.2408431640624999,2.4351699697465015
1020,1788017104.0671227,0.146239892578125,2.1978136230468746,-0.2743734374999999,2.219696288017182
1021,1788017104.0871227,0.419272119140625,2.2026036621093747,-0.37496425781249987,2.273290609856817
1022,1788017104.1261325,-0.241753271484375,1.0146739746093747,1.2440689453125002,1.6234886694134765
1023,1788017104.1461325,0.06480922851562501,1.1008946777343747,1.9050943359375003,2.2012618554787635
1024,1788017104.1564872,-0.198642919921875,1.3835069824218746,1.8284537109375003,2.301476385515673
1025,1788017104.1764872,-0.102842138671875,1.0242540527343746,2.2164468750000004,2.4438309310847717
1026,1788017104.2157788,0.026488916015625006,1.2014854980468748,1.5697916015625002,1.9769963927697969
1027,1788017104.2357788,0.21330043945312502,1.1248448730468747,1.9146744140625003,2.230863325655858
1028,1788017104.2460854,0.32347133789062504,1.6852794433593747,1.54584140625,2.3096376689696183
1029,1788017104.2660854,0.677934228515625,1.8864610839843747,1.6320621093750003,2.584948155851129
1030,1788017104.275571,0.931806298828125,2.1115929199218746,1.4308804687500003,2.7156042704801777
1031,1788017104.295571,0.850375634765625,2.2792442871093748,1.0620474609375001,2.6544374262369708
1032,1788017104.3358898,0.48154262695312505,2.183443505859375,1.0716275390625,2.4794544616365806
1033,1788017104.3558898,0.31389125976562504,2.355884912109375,0.9470865234375002,2.55845545689949
1034,1788017104.3657677,0.32347133789062504,2.480425927734375,1.1291080078125002,2.7444546603505766
1035,1788017104.3857677,0.184560205078125,2.6911876464843747,1.0812076171875002,2.9061251400022092
1036,1788017104.395951,-0.093262060546875,2.6384972167968748,1.1338980468750002,2.8733412877152693
1037,1788017104.415951,-0.16990268554687502,2.705557763671875,1.0524673828125002,2.9080229240852606
1038,1788017104.4579277,-0.117212255859375,2.959429833984375,1.0285171875,3.135252981847452
1039,1788017104.4779277,0.23246059570312502,3.2037218261718747,1.1338980468750002,3.406405179768203
1040,1788017104.4912555,0.438432275390625,3.2037218261718747,1.2249087890625001,3.457811148850789
1041,1788017104.5112555,0.37616176757812503,3.036070458984375,1.2536490234375002,3.3061847167499416
1042,1788017104.515771,0.318681298828125,2.969009912109375,1.2249087890625001,3.2275345342767534
1043,1788017104.535771,0.347421533203125,2.916319482421875,1.2440689453125002,3.189565579507272
1044,1788017104.5766222,0.6300338378906251,2.9737999511718747,1.1195279296875003,3.239409139307262
1045,1788017104.5966222,0.730624658203125,2.8875792480468747,1.1243179687500002,3.183711230589155
1046,1788017104.606123,0.716254541015625,2.858839013671875,1.1434781250000001,3.161253437478779
1047,1788017104.626123,0.663564111328125,2.7534581542968746,1.2105386718750002,3.080138473090378
1048,1788017104.6357753,0.582133447265625,2.7007677246093746,1.0812076171875002,2.966822469272695
1049,1788017104.6557753,0.6875143066406251,2.6049669433593747,1.1434781250000001,2.9267850826776023
1050,1788017104.6979897,0.543813134765625,2.600176904296875,1.0524673828125002,2.857330966315714
1051,1788017104.7179897,0.658774072265625,2.475635888671875,1.1003677734375001,2.788111469864399
1052,1788017104.7259858,0.658774072265625,2.432525537109375,0.9854068359375002,2.7059546188528443
1053,1788017104.7459857,0.773735009765625,2.4373155761718746,1.0428873046875002,2.76166381253501
1054,1788017104.7557473,0.9222262207031251,2.6049669433593747,1.0237271484375001,2.946925729059935
1055,1788017104.7757473,0.9030660644531251,2.576226708984375,1.0333072265625003,2.9189375117185374
1056,1788017104.8156533,0.8264254394531251,2.480425927734375,0.9327164062500002,2.7758695366389503
1057,1788017104.8356533,0.8886959472656251,2.5139562011718746,0.9279263671875002,2.823261165924729
1058,1788017104.8475251,0.855165673828125,2.662447412109375,1.1147378906250003,3.0104111208831417
1059,1788017104.867525,0.6252437988281251,2.8013585449218747,1.268019140625,3.1378993046576866
1060,1788017104.8759496,0.22288051757812502,2.6576573730468747,1.4835708984375002,3.051852068550663
1061,1788017104.8959496,-0.112422216796875,2.533116357421875,1.4021402343750002,2.897466906095904
1062,1788017104.966181,0.016908837890625007,2.533116357421875,1.3542398437500003,2.872443201081112
1063,1788017104.986181,0.289941064453125,2.7582481933593748,1.0955777343750002,2.9819942134559425
1064,1788017104.966181,0.558183251953125,2.9977501464843748,0.9901968750000002,3.2060200147172853
1065,1788017104.986181,0.998866845703125,3.198931787109375,1.0285171875,3.5055309382469586
1066,1788017104.9959936,1.257528955078125,3.309102685546875,0.9997769531250001,3.6784634852548597
1067,1788017105.0159936,1.252738916015625,3.270782373046875,0.8991861328125001,3.616062475259028
1068,1788017105.0556595,1.0707174316406252,3.242042138671875,0.8321255859375002,3.5142148537212448
1069,1788017105.0756595,0.912646142578125,3.1606114746093747,1.0141470703125002,3.4425110247054556
1070,1788017105.0857413,0.663564111328125,2.992960107421875,1.0716275390625,3.2475395481715994
1071,1788017105.1057413,0.371371728515625,2.7007677246093746,1.0955777343750002,2.938086764391181
1072,1788017105.117461,0.155819970703125,2.5474864746093746,1.1338980468750002,2.792792864194293
1073,1788017105.137461,0.05522915039062501,2.499586083984375,1.2249087890625001,2.784130455245187
1074,1788017105.1756306,0.103129541015625,2.490006005859375,1.3925601562500003,2.854818628253094
1075,1788017105.1956306,0.32347133789062504,2.6480772949218747,1.2536490234375002,2.947640232505199
1076,1788017105.2058125,0.5869234863281251,2.695977685546875,1.1386880859375001,2.9848593629895284
1077,1788017105.2258124,0.639613916015625,2.662447412109375,1.0955777343750002,2.949241047433561
1078,1788017105.235896,0.692304345703125,2.782198388671875,1.0476773437500002,3.0524647414204256
1079,1788017105.255896,0.682724267578125,2.7678282714843747,1.2009585937500002,3.0934264675065815
1080,1788017105.2965798,0.711464501953125,2.839678857421875,1.1051578125000001,3.1291103434295824
1081,1788017105.3165798,0.6060836425781251,2.719927880859375,1.1530582031250003,3.0157732472238017
1082,1788017105.3271825,0.519862939453125,2.7247179199218747,1.1195279296875003,2.991268627908669
1083,1788017105.3471825,0.428852197265625,2.705557763671875,1.1147378906250003,2.957464722437072
1084,1788017105.3568535,0.28515102539062503,2.552276513671875,1.2153287109375002,2.841205797747039
1085,1788017105.3768535,0.289941064453125,2.6241270996093746,1.2009585937500002,2.9004155563750684
1086,1788017105.4156146,0.361791650390625,2.6480772949218747,1.2249087890625001,2.9400013774989437
1087,1788017105.4356146,0.40490200195312503,2.6480772949218747,1.1291080078125002,2.9070851181850035
1088,1788017105.4461942,0.467172509765625,2.6337071777343746,1.0572574218750002,2.876187912505031
1089,1788017105.4661942,0.45280239257812505,2.619337060546875,1.0476773437500002,2.8571987085405652
1090,1788017105.4757195,0.438432275390625,2.6145470214843747,1.1003677734375001,2.8703463596710446
1091,1788017105.4957194,0.380951806640625,2.5714366699218747,1.2392789062500003,2.8797956583545736
1092,1788017105.5385315,0.5054928222656251,2.6816075683593747,1.1386880859375001,2.956882260270157
1093,1788017105.5585315,0.428852197265625,2.6049669433593747,1.1578482421875003,2.8827728899501124
1094,1788017105.5662196,0.357001611328125,2.6480772949218747,1.1003677734375001,2.8897357573299733
1095,1788017105.5862195,0.37616176757812503,2.715137841796875,1.1674283203125002,2.979322080341861
1096,1788017105.6270778,0.515072900390625,2.676817529296875,1.2967593750000002,3.0186482164237405
1097,1788017105.6470778,0.553393212890625,2.7007677246093746,1.1770083984375002,2.9976222444393352
1098,1788017105.6567478,0.380951806640625,2.628917138671875,1.1722183593750002,2.9035194993389126
1099,1788017105.6767478,-0.088472021484375,2.557066552734375,1.1099478515625,2.7889784665512574
1100,1788017105.686507,-0.059731787109375,2.5187462402343748,1.1961685546875003,2.788990806781059
1101,1788017105.706507,0.37616176757812503,2.628917138671875,1.2488589843750002,2.9346808617368216
1102,1788017105.745862,0.836005517578125,2.8300987792968746,1.1578482421875003,3.1700121258341287
1103,1788017105.765862,1.1138277832031251,2.8636290527343746,1.1434781250000001,3.2784944570111865
1104,1788017105.775573,1.252738916015625,2.916319482421875,0.9997769531250001,3.3277361781327115
1105,1788017105.795573,0.8647457519531251,2.7774083496093747,1.0380972656250003,3.088596491757858
1106,1788017105.805747,0.49591274414062503,2.6049669433593747,1.1434781250000001,2.8877888510328598
1107,1788017105.825747,0.45280239257812505,2.585806787109375,1.2105386718750002,2.8908183310423143
1108,1788017105.8676357,0.476752587890625,2.4612657714843746,1.4596207031250001,2.9009679117377534
1109,1788017105.8876357,0.49591274414062503,2.6816075683593747,1.0812076171875002,2.9335914016692297
1110,1788017105.8961112,0.409692041015625,2.557066552734375,1.2201187500000001,2.8627131689510863
1111,1788017105.9161112,0.289941064453125,2.672027490234375,1.1626382812500002,2.928399648690796
1112,1788017105.9266975,0.21330043945312502,2.705557763671875,1.0716275390625,2.917863168915431
1113,1788017105.9466975,0.47196254882812505,2.5905968261718746,1.4835708984375002,3.022403542540073
1114,1788017105.9854844,0.697094384765625,2.806148583984375,1.3686099609375002,3.198984789249024
1115,1788017106.0054843,0.620453759765625,2.6911876464843747,1.5697916015625002,3.1767435352784723
1116,1788017106.0161076,0.428852197265625,2.6672374511718746,1.4835708984375002,3.0820532829144995
1117,1788017106.0361075,0.318681298828125,2.475635888671875,1.4596207031250001,2.8915088484205067
1118,1788017106.0459988,0.141449853515625,2.293614404296875,1.2488589843750002,2.615401280781184
1119,1788017106.0659988,-0.112422216796875,2.0014220214843745,1.1386880859375001,2.305415238079277
1120,1788017106.1055613,-0.16990268554687502,1.9726817871093747,0.7890152343750002,2.131404559398547
1121,1788017106.1255612,-0.260913427734375,1.9295714355468747,0.6596841796875001,2.055846530891958
1122,1788017106.1355665,0.32347133789062504,2.1786534667968747,0.5495132812500002,2.2700505459334894
1123,1788017106.1555665,0.879115869140625,2.4277354980468746,0.46329257812500013,2.623239290037699
1124,1788017106.165778,1.391650048828125,2.475635888671875,0.36749179687500017,2.8636538080665273
1125,1788017106.185778,1.592831689453125,2.226553857421875,0.3243814453125001,2.756787658306195
1126,1788017106.226579,1.6790523925781249,1.8577208496093747,0.4249722656250002,2.5398710830760973
1127,1788017106.246579,1.204838525390625,1.6230089355468746,0.28127109375000015,2.0408104530577496
1128,1788017106.2557392,0.797685205078125,1.4170372558593747,0.16152011718750015,1.6341312735365727
1129,1788017106.2757392,0.7641549316406251,1.0098839355468747,0.36270175781250014,1.317327175741323
1130,1788017106.2870052,0.831215478515625,1.0769444824218748,0.21900058593750013,1.3779295506606453
1131,1788017106.3070052,1.0323971191406252,1.2062755371093747,-0.0013412109374998694,1.5877488094422088
1132,1788017106.3454547,1.453920556640625,1.1871153808593746,0.06571933593750014,1.8781498725104844
1133,1788017106.3654547,1.703002587890625,1.0961046386718747,0.18547031250000015,2.0337311597403955
1134,1788017106.3772287,1.616781884765625,1.1631651855468748,0.15673007812500014,1.9978741775105986
1135,1788017106.3972287,1.391650048828125,1.3835069824218746,0.02260898437500013,1.962471043095381
1136,1788017106.4067523,1.334169580078125,1.4074571777343747,0.12319980468750014,1.9432247341563171
1137,1788017106.4267523,0.9222262207031251,1.6038487792968747,-0.14025234374999987,1.8553982938797298
1138,1788017106.4660218,1.104247705078125,1.6804894042968748,0.003448828125000131,2.0108255833213895
1139,1788017106.4860218,1.669472314453125,1.8002403808593748,0.21900058593750013,2.4649471585093155
1140,1788017106.4955454,1.3676998535156248,2.207393701171875,0.056139257812500135,2.5973720290993487
1141,1788017106.5155454,0.893485986328125,2.3175645996093746,0.13277988281250014,2.487378816828471
1142,1788017106.5260658,0.7641549316406251,2.3510948730468746,0.36749179687500017,2.499325925602422
1143,1788017106.5460658,1.506610986328125,2.3510948730468746,0.6644742187500001,2.8703744970953404
1144,1788017106.5856576,1.4443404785156249,1.9678917480468747,1.0045669921875002,2.639672743296481
1145,1788017106.6056576,0.855165673828125,1.7762901855468747,0.8704458984375002,2.155038564636542
1146,1788017106.6381202,0.409692041015625,1.4074571777343747,1.1626382812500002,1.8709652718999128
1147,1788017106.6581202,0.419272119140625,1.3835069824218746,1.0380972656250003,1.7797546497191274
1148,1788017106.6465983,0.160610009765625,1.6038487792968747,0.8177554687500002,1.8074430803650559
1149,1788017106.6665983,0.06001918945312501,1.8529308105468747,0.6548941406250002,1.96617426165675
1150,1788017106.706667,-0.323183935546875,2.097222802734375,0.6405240234375001,2.2165428859160734
1151,1788017106.726667,-0.773447607421875,2.207393701171875,0.8512857421875002,2.4890752435897983
1152,1788017106.7371671,-1.0321097167968751,2.4373155761718746,1.2536490234375002,2.928718757293428
1153,1788017106.757167,-0.835718115234375,3.021700341796875,1.9865250000000003,3.711519809912275
1154,1788017106.765839,-0.854878271484375,4.343751123046875,1.8428238281250002,4.795309201660762
1155,1788017106.785839,-0.6824368652343751,5.258648583984375,1.7661832031250002,5.589141983513451
1156,1788017106.8257833,-0.720757177734375,6.125645654296875,1.2919693359375002,6.30176248015304
1157,1788017106.8457832,-0.553105810546875,6.120855615234375,2.0104751953125004,6.466282549593216
1158,1788017106.8557603,-0.538735693359375,6.154385888671875,2.015265234375,6.4983071471625165
1159,1788017106.8757603,-0.811767919921875,5.843033349609375,1.5027310546875001,6.087545195165606
1160,1788017106.915694,-0.7638675292968751,4.980826318359375,1.3734000000000002,5.222868175243898
1161,1788017106.935694,-0.356714208984375,4.482662255859375,1.1291080078125002,4.636420043557736
1162,1788017106.945867,-0.189062841796875,3.7593663574218747,1.6176919921875001,4.097012026959561
1163,1788017106.965867,-0.17469272460937502,3.4528038574218747,0.9087662109375002,3.574664746798016
1164,1788017106.9754753,-0.639326513671875,1.9535216308593748,0.7123746093750002,2.175422427346351
1165,1788017106.9954753,-2.6224026855468754,-1.9647303222656254,3.1313443359375004,4.532381099885723
1166,1788017107.0359676,-3.5708304199218754,-3.5214930175781256,3.1313443359375004,5.912449603243887
1167,1788017107.0559676,-1.8559964355468752,-3.1143396972656254,1.8524039062500002,4.071269427416651
1168,1788017107.0659554,-0.131582373046875,-2.2138123535156256,0.9470865234375002,2.4114833485537424
1169,1788017107.0859554,0.7497848144531251,-0.6378895019531253,-0.2983236328124999,1.0286288322718553
1170,1788017107.095767,1.8035934082031249,-0.07745493164062535,0.051349218750000133,1.8059859331720867
1171,1788017107.115767,2.3783980957031248,-0.18283579101562536,0.7938052734375002,2.514027295050264
1172,1788017107.1556246,2.795131494140625,-0.015184423828125349,1.0764175781250003,2.99527385037834
1173,1788017107.1756246,2.890932275390625,0.4781895996093747,0.7650650390625001,3.028445018167821
1174,1788017107.1862853,2.522099267578125,1.0529942871093747,0.4249722656250002,2.765932593313427
1175,1788017107.2062852,1.789223291015625,1.4361974121093748,0.6740542968750002,2.3913034493342953
1176,1788017107.2181444,0.697094384765625,1.7667101074218747,0.7459048828125001,2.040485059769345
1177,1788017107.2381444,-0.17948276367187502,1.8337706542968748,0.9806167968750001,2.0872321809825247
1178,1788017107.2766347,-0.830928076171875,1.9966319824218748,1.0237271484375001,2.3926968080909403
1179,1788017107.2966347,-1.2955618652343752,2.030162255859375,1.1386880859375001,2.663953807561536
1180,1788017107.3055515,-1.6931351074218752,1.9056212402343748,1.1817984375000001,2.809759126703626
1181,1788017107.3255515,-1.4248929199218752,1.8625108886718746,1.1243179687500002,2.600645600330601
1182,1788017107.336175,-0.629746435546875,1.4505675292968747,1.4260904296875,2.129427304178453
1183,1788017107.356175,-0.308813818359375,0.9907237792968747,1.4117203125000002,1.7520998322010872
1184,1788017107.396066,0.11749965820312501,0.7751720214843747,1.2536490234375002,1.478625614053747
1185,1788017107.416066,0.467172509765625,0.6937413574218747,1.1482681640625,1.4205798117239745
1186,1788017107.425863,0.572553369140625,0.5931505371093747,1.3350796875000002,1.5691025116806483
1187,1788017107.445863,0.20851040039062502,0.6266808105468746,1.5218912109375002,1.6590232919725862
1188,1788017107.455677,-0.045361669921875,0.7272716308593747,1.6464322265625002,1.8004779317765902
1189,1788017107.475677,-0.083681982421875,0.7943321777343747,1.7805533203125001,1.951495941385008
1190,1788017107.5160985,-0.36150424804687503,0.9236632324218746,1.8619839843750001,2.1096974774485946
1191,1788017107.5360985,-0.366294287109375,1.3547667480468748,1.6703824218750003,2.1816832679588165
1192,1788017107.5457134,0.06480922851562501,1.9008312011718747,1.4787808593750003,2.4091808403486787
1193,1788017107.5657134,0.601293603515625,2.2984044433593747,1.4500406250000002,2.7833136361239124
1194,1788017107.5758426,1.137777978515625,2.6576573730468747,1.5362613281250002,3.273802118210248
1195,1788017107.5958426,1.161728173828125,2.945059716796875,1.6991226562500001,3.593049802931734
1196,1788017107.6361659,0.9605465332031251,3.491124169921875,1.4356705078125003,3.895092735643639
1197,1788017107.6561658,1.0707174316406252,3.903067529296875,1.1626382812500002,4.210949979481906
1198,1788017107.6658263,1.041977197265625,4.152149560546875,0.9518765625000002,4.385445409876624
1199,1788017107.6858263,0.9270162597656251,4.238370263671875,0.9566666015625002,4.442786583259767
1200,1788017107.6969392,0.816845361328125,4.2527403808593744,0.9758267578125002,4.439062395661731
1201,1788017107.7169392,0.740204736328125,4.156939599609375,1.1003677734375001,4.363354113901706
1202,1788017107.7569485,0.697094384765625,4.137779443359375,1.1530582031250003,4.351632167699039
1203,1788017107.7769485,0.840795556640625,4.109039208984375,1.2009585937500002,4.362733309857426
1204,1788017107.785551,0.8839059082031251,4.027608544921875,1.0524673828125002,4.2556559820512145
1205,1788017107.805551,1.0371871582031251,3.792896630859375,0.9135562500000002,4.036880859703434
1206,1788017107.8160753,0.994076806640625,3.534234521484375,1.0141470703125002,3.808870781554047
1207,1788017107.8360753,0.979706689453125,3.744996240234375,0.6884244140625002,3.9317617184420146
1208,1788017107.876959,1.1090377441406252,3.543814599609375,0.8225455078125001,3.8033101039430908
1209,1788017107.896959,1.473080712890625,3.448013818359375,0.8896060546875002,3.853591183665466
1210,1788017107.9064872,1.003656884765625,3.5629747558593747,0.6165738281250002,3.752636345125561
1211,1788017107.9264872,0.7449947753906251,3.304312646484375,0.6836343750000001,3.455554259414478
1212,1788017107.9371986,1.008446923828125,3.2228819824218746,0.5495132812500002,3.4213883610411875
1213,1788017107.9571986,1.166518212890625,3.270782373046875,0.26211093750000014,3.482453763712709
1214,1788017107.9959486,0.9653365722656251,3.3570030761718748,-0.08756191406249987,3.4941395850731642
1215,1788017108.0159485,1.132987939453125,3.380953271484375,0.10403964843750013,3.5672581828841787
1216,1788017108.0255668,1.4060201660156249,3.428853662109375,0.41060214843750015,3.7286088917590923
1217,1788017108.0455668,1.2862691894531249,3.471964013671875,0.40102207031250015,3.7242235755720463
1218,1788017108.0558674,0.850375634765625,3.0696007324218746,0.13277988281250014,3.187980218565926
1219,1788017108.0758674,1.252738916015625,2.4612657714843746,0.017818945312500133,2.761793168286254
1220,1788017108.115785,1.104247705078125,2.5043761230468746,-0.5426156249999999,2.7902857338186244
1221,1788017108.1357849,1.4395504394531249,2.676817529296875,-1.2132210937499999,3.2725468637134374
1222,1788017108.1458516,1.980824853515625,2.2217638183593746,-1.0503597656249999,3.1564469268656854
1223,1788017108.1658516,2.857402001953125,1.7523399902343748,-1.1413705078124998,3.540927601384205
1224,1788017108.1754627,2.694540673828125,0.9476134277343747,-1.720965234375,3.334702683788169
1225,1788017108.1954627,2.819081689453125,-0.17804575195312536,-1.6874349609375,3.290343235741916
1226,1788017108.2362404,2.828661767578125,-0.9923523925781254,-1.4527230468749999,3.331140182780592
1227,1788017108.2562404,3.528007470703125,-1.1743738769531253,-1.51978359375,4.016930779592628
1228,1788017108.2657723,3.944740869140625,-1.6916980957031253,-1.6107943359374999,4.584482671399495
1229,1788017108.2857723,4.236933251953125,-2.1563318847656254,-1.203641015625,4.904092400562793
1230,1788017108.295521,3.796249658203125,-2.3910437988281257,-1.0359896484375,4.604549540073538
1231,1788017108.315521,3.959110986328125,-2.3191932128906254,-0.8156478515624999,4.66031097444586
1232,1788017108.3566873,3.561537744140625,-2.3814637207031253,-0.5713558593749999,4.322310501804053
1233,1788017108.3766873,3.518427392578125,-2.2138123535156256,-0.6719466796874999,4.210915434174089
1234,1788017108.3864162,3.619018212890625,-1.9695203613281254,-0.5569857421874999,4.1577080700694085
1235,1788017108.4064162,3.580697900390625,-1.4665662597656255,-0.3510140624999999,3.885283119698939
1236,1788017108.4465284,3.551957666015625,-0.5995691894531254,-0.63841640625,3.658341425000927
1237,1788017108.4665284,3.202284814453125,-0.20678598632812537,-0.6719466796874999,3.2785516340850633
1238,1788017108.475923,3.484897119140625,-0.02955454101562535,-0.4563949218749999,3.514779897319683
1239,1788017108.495923,3.163964501953125,0.09019643554687466,-0.2695833984374999,3.176709299781451
1240,1788017108.505442,2.526889306640625,-0.14451547851562535,0.13756992187500014,2.5347543815821747
1241,1788017108.525442,1.463500634765625,-0.18283579101562536,-0.35580410156249986,1.5171880546340966
1242,1788017108.5669682,2.100575830078125,0.20994741210937468,-1.5054134765625,2.5928298187840673
1243,1788017108.5869682,2.469408837890625,0.16204702148437466,-1.8598763671875,3.095703368710713
1244,1788017108.5958364,1.937714501953125,-0.22115610351562537,-1.51978359375,2.4725269836815382
1245,1788017108.6158364,1.674262353515625,-0.6235193847656254,-1.8071859375,2.541230383943167
1246,1788017108.6254742,2.397558251953125,-1.1695838378906254,-1.8071859375,3.222131738160506
1247,1788017108.6454742,2.986733056640625,-1.1456336425781255,-1.797605859375,3.6693919959982484
1248,1788017108.6858582,2.455038720703125,-1.0019324707031254,-1.4862533203125,3.0397422140933
1249,1788017108.7058582,2.301757470703125,-1.4569861816406253,-0.7629574218749999,2.8289574431269773
1250,1788017108.7159739,2.426298486328125,-1.4953064941406253,-1.309021875,3.1363042144227324
1251,1788017108.7359738,2.215536767578125,-1.3180750488281254,-2.0610580078125,3.3005886012046126
1252,1788017108.745874,1.516191064453125,-1.6150574707031253,-1.51978359375,2.6864452626906696
1253,1788017108.765874,1.4491305175781248,-1.7300184082031254,-1.1317904296874999,2.524656912618056
1254,1788017108.8078196,1.429970361328125,-1.4186658691406253,-1.6586947265625,2.609347864595225
1255,1788017108.8278196,0.831215478515625,-1.1743738769531253,-2.0706380859375,2.5214311923050343
1256,1788017108.836532,0.797685205078125,-1.5048865722656255,-1.222801171875,2.0967183854120197
1257,1788017108.856532,1.6790523925781249,-1.7922889160156255,-0.03008144531249987,2.456098814959789
1258,1788017108.866825,2.531679345703125,-1.2845447753906254,0.04655917968750013,2.839299798657466
1259,1788017108.886825,1.928134423828125,-0.4798182128906254,-0.09235195312499987,1.9890844016829883
1260,1788017108.925645,1.334169580078125,0.48297963867187466,-0.6527865234374999,1.5618604434964964
1261,1788017108.945645,0.639613916015625,0.7799620605468747,-0.5713558593749999,1.1592645493999696
1262,1788017108.9562805,0.577343408203125,1.0577843261718747,-0.4803451171874999,1.2972912253215776
1263,1788017108.9762805,-0.213013037109375,0.6554210449218747,0.24295078125000014,0.7307368761839157
1264,1788017108.9858365,-0.955469091796875,0.9811437011718747,0.35312167968750013,1.414305153916124
1265,1788017109.0058365,-1.3243020996093753,0.9955138183593747,0.9135562500000002,1.8919325663163378
1266,1788017109.0459452,-0.6057962402343751,1.1200548339843748,1.7039126953125001,2.1271648711515003
1267,1788017109.0659451,0.06959926757812501,1.9535216308593748,1.8284537109375003,2.6766273168530574
1268,1788017109.0756567,0.07438930664062501,3.3570030761718748,1.1243179687500002,3.5410583611717033
1269,1788017109.0956566,-0.260913427734375,4.4730821777343746,0.36270175781250014,4.495341205143084
1270,1788017109.1067057,-0.768657568359375,4.401231591796875,0.9614566406250001,4.570128319186335
1271,1788017109.1267056,-0.648906591796875,4.214420068359375,1.3638199218750002,4.476876261051985
1272,1788017109.1663437,-0.395034521484375,3.883907373046875,1.4931509765625002,4.179747431888895
1273,1788017109.1863437,-0.318393896484375,3.8024767089843747,1.2344888671875003,4.010507020178
1274,1788017109.195962,-0.198642919921875,3.706675927734375,1.0812076171875002,3.8662534001724262
1275,1788017109.215962,-0.026201513671874996,3.371373193359375,1.4213003906250001,3.658816547548082
1276,1788017109.2254856,-0.011831396484374996,3.352213037109375,1.0333072265625003,3.5078762880944243
1277,1788017109.2454855,-0.486045263671875,2.873209130859375,1.1770083984375002,3.1427566685927117
1278,1788017109.2865374,-0.466885107421875,2.5905968261718746,1.2536490234375002,2.915614771068003
1279,1788017109.3065374,-0.332764013671875,2.2026036621093747,1.5937417968750003,2.739015826211853
1280,1788017109.3156877,0.22767055664062502,2.140333154296875,1.4979410156250001,2.622343833297823
1281,1788017109.3356876,-0.8596683105468751,0.7560118652343747,2.1493863281250003,2.4352505275770597
1282,1788017109.3463097,-2.3158401855468753,-1.0402527832031254,2.8487320312500004,3.8158243937353022
1283,1788017109.3663096,-1.4248929199218752,-1.2031141113281254,1.7853433593750003,2.5817153810954383
1284,1788017109.4064596,-0.395034521484375,-1.0929432128906253,1.2105386718750002,1.6780885006080464
1285,1788017109.4264596,-0.131582373046875,-0.2594764160156254,-0.02050136718749987,0.291654311508535
1286,1788017109.435979,0.7833150878906251,-0.11577524414062536,0.17589023437500015,0.8111250265041829
1287,1788017109.4559789,1.310219384765625,-0.33611704101562534,0.6165738281250002,1.4865439068542272
1288,1788017109.4660027,1.2431588378906249,-0.7097400878906254,0.7506949218750002,1.6163903471357017
1289,1788017109.4860027,1.295849267578125,-0.9827723144531254,0.8081753906250002,1.8160986229690796
1290,1788017109.5255587,1.631152001953125,-0.4989783691406254,0.35312167968750013,1.741933175242738
1291,1788017109.5455587,1.2910592285156248,-0.3888074707031254,0.5399332031250001,1.4524231630784277
1292,1788017109.5563996,0.7641549316406251,-0.3073768066406254,0.5830435546875001,1.0091348014382977
1293,1788017109.5763996,0.06001918945312501,-0.6714197753906254,1.1626382812500002,1.3439250689365694
1294,1788017109.5859299,-0.538735693359375,-0.4654480957031254,1.2823892578125002,1.4667652455815714
1295,1788017109.6059299,-0.404614599609375,0.25305776367187466,1.1291080078125002,1.2258205820094465
1296,1788017109.6460462,-0.5626858886718751,0.5787804199218747,1.4739908203125003,1.6805508389099442
1297,1788017109.6660461,-0.639326513671875,1.0865245605468747,1.3734000000000002,1.8642697153994146
1298,1788017109.6757581,-0.715967138671875,1.4840978027343747,1.3350796875000002,2.120752933208885
1299,1788017109.695758,-1.065639990234375,1.7619200683593748,1.3159195312500003,2.4436847441516356
1300,1788017109.7067027,-0.9602591308593751,1.7140196777343748,1.5554214843750003,2.5058525591332748
1301,1788017109.7267027,-0.548315771484375,1.6421690917968748,1.6129019531250002,2.36618304906994
1302,1788017109.766502,-0.375874365234375,1.7331798339843747,1.7470230468750003,2.48943435376048
1303,1788017109.786502,-0.246543310546875,2.2217638183593746,1.3925601562500003,2.6336745921471136
1304,1788017109.795483,0.10791958007812501,2.6816075683593747,0.9758267578125002,2.8556791920153377
1305,1788017109.815483,0.11270961914062501,2.7342979980468747,1.0237271484375001,2.9218326911063794
1306,1788017109.8615532,-0.06931186523437499,2.7534581542968746,0.8704458984375002,2.8886003538449008
1307,1788017109.8815532,0.45280239257812505,2.739088037109375,0.8033853515625001,2.8901663109353004
1308,1788017109.8862405,0.7641549316406251,2.5187462402343748,0.9470865234375002,2.7973180486177145
1309,1788017109.9062405,1.358119775390625,2.236133935546875,0.9997769531250001,2.800774581791856
1310,1788017109.9167645,0.998866845703125,1.8385606933593748,0.9135562500000002,2.283117478476541
1311,1788017109.9367645,0.28515102539062503,1.7427599121093746,0.39144199218750014,1.8087979577013347
1312,1788017109.9763227,0.38574184570312503,1.7619200683593748,0.19026035156250015,1.8136587606798154
1313,1788017109.9963226,0.49112270507812505,1.6756993652343748,0.15194003906250014,1.7527851122029923
1314,1788017110.0059264,1.041977197265625,1.7954503417968748,0.013028906250000132,2.0759403078793266
1315,1788017110.0259264,0.859955712890625,1.6852794433593747,0.12798984375000014,1.8963312027296435
1316,1788017110.0358243,0.8024752441406251,1.7092296386718748,-0.07319179687499987,1.8896532788590437
1317,1788017110.0558243,0.524652978515625,1.4601476074218747,0.003448828125000131,1.551548799664573
1318,1788017110.0959306,0.06480922851562501,1.2110655761718747,-0.10672207031249988,1.2174849757516892
1319,1788017110.1159306,0.146239892578125,1.1296349121093747,-0.17857265624999988,1.152974125641073
1320,1788017110.1255565,0.7689449707031251,1.2110655761718747,-0.14025234374999987,1.4413975571248596
1321,1788017110.1455564,0.8455855957031251,1.4409874511718748,-0.4372347656249999,1.727030420799406
1322,1788017110.1556776,0.701884423828125,1.0769444824218748,-0.4372347656249999,1.3578016802547446
1323,1788017110.1756775,0.9844967285156251,0.7416417480468747,-0.5857259765624999,1.3646762291928758
1324,1788017110.2158442,0.792895166015625,0.6745812011718747,-1.0599398437499998,1.4856698871667988
1325,1788017110.2358441,0.371371728515625,0.14288686523437466,-0.60009609375,0.7200339844279561
1326,1788017110.246487,0.5677633300781251,-0.12056528320312536,-0.6719466796874999,0.88792090122843
1327,1788017110.266487,1.3245895019531249,-0.36485727539062535,-0.8348080078124999,1.6076574852865186
1328,1788017110.2755327,1.051557275390625,-0.8965516113281254,-0.8683382812499999,1.632050509600183
1329,1788017110.2955327,0.859955712890625,-1.1647937988281254,-1.0264095703125,1.7747633723825746
1330,1788017110.3358736,1.497030908203125,-1.5911072753906255,-0.4324447265624999,2.2270456536515297
1331,1788017110.3558736,2.086205712890625,-1.6102674316406254,-0.35580410156249986,2.6592878814804304
1332,1788017110.3656874,2.033515283203125,-1.3755555175781253,-0.8874984374999999,2.6105537469137174
1333,1788017110.3856874,1.913764306640625,-1.5719471191406253,-0.6144662109374999,2.5516818553906893
1334,1788017110.3965297,1.583251611328125,-1.5671570800781254,-0.5905160156249999,2.3046423026408513
1335,1788017110.4165297,1.4012301269531249,-1.5240467285156254,-0.5426156249999999,2.140232701337495
1336,1788017110.455875,1.4826607910156249,-1.5623670410156254,-0.13546230468749987,2.1581528741167175
1337,1788017110.475875,1.908974267578125,-0.9157117675781254,-0.4995052734374999,2.175365788493596
1338,1788017110.4855003,1.784433251953125,-0.5851990722656254,-0.4803451171874999,1.9383991891409846
1339,1788017110.5055003,1.750902978515625,-0.42233774414062536,-0.5569857421874999,1.8852754513070071
1340,1788017110.515809,1.458710595703125,-0.2786365722656254,-0.9641390624999999,1.770604154874511
1341,1788017110.535809,1.386860009765625,-0.4079676269531254,-0.6336263671874999,1.5783854549900358
1342,1788017110.5754833,1.3629098144531249,-0.3169568847656254,-0.4563949218749999,1.4718291863685367
1343,1788017110.5954833,1.429970361328125,-0.12056528320312536,-1.0791,1.7954965975436261
1344,1788017110.6073098,1.300639306640625,-0.20678598632812537,-1.4575130859374998,1.9643745686093972
1345,1788017110.6273098,1.080297509765625,-0.5708289550781254,-1.0503597656249999,1.611255424445547
1346,1788017110.6360517,1.056347314453125,-0.3983875488281254,-1.127000390625,1.5952153987103164
1347,1788017110.6560516,0.816845361328125,-0.33611704101562534,-1.3760824218749999,1.6351800639005296
1348,1788017110.6960077,0.5677633300781251,-0.49418833007812535,-1.471883203125,1.6531840394246244
1349,1788017110.7160077,-0.06931186523437499,-0.4989783691406254,-1.7065951171875,1.779396088997816
1350,1788017110.7358403,-0.222593115234375,-0.7576404785156254,-1.127000390625,1.376116517633602
1351,1788017110.7558403,0.280360986328125,-0.8247010253906254,-1.0503597656249999,1.3645474345654067
1352,1788017110.7558658,0.610873681640625,-0.43191782226562536,-1.8023958984375,1.951499586168589
1353,1788017110.7758658,0.165400048828125,-1.7683387207031254,-0.2312630859374999,1.7910504242504308
1354,1788017110.8185558,1.128197900390625,-2.7502967285156257,0.7459048828125001,3.0648550849156146
1355,1788017110.8385558,0.716254541015625,-2.1659119628906254,-0.8874984374999999,2.4478252950492947
1356,1788017110.8461378,1.928134423828125,-2.2952430175781253,-0.7485873046874999,3.089696719555408
1357,1788017110.8661377,1.908974267578125,-2.2904529785156256,-0.5809359374999999,3.037736684531025
1358,1788017110.8764946,1.659892236328125,-2.2904529785156256,-0.5330355468749999,2.8784620854278793
1359,1788017110.8964946,0.836005517578125,-2.6976062988281253,-0.0013412109374998694,2.8241789546246934
1360,1788017110.9397306,1.080297509765625,-1.7587586425781254,-0.8491781249999999,2.23190012330919
1361,1788017110.9597306,1.276689111328125,-1.3324451660156253,-0.6911068359374999,1.9705262916545283
1362,1788017110.9658225,1.0707174316406252,-1.1456336425781255,-0.3222738281249999,1.6008662285526118
1363,1788017110.9858224,0.9413863769531251,-0.5851990722656254,-0.6048861328124999,1.262756310046535
1364,1788017110.9963424,0.936596337890625,-0.3888074707031254,-0.35580410156249986,1.0747001945256125
1365,1788017111.0163424,0.692304345703125,-0.13014536132812535,-0.25521328124999987,0.7492375731909419
1366,1788017111.0561998,0.658774072265625,-0.13014536132812535,-0.10672207031249988,0.6799343303999654
1367,1788017111.0761998,0.9461764160156251,-0.09182504882812535,-0.2264730468749999,0.9772265299188857
1368,1788017111.0858111,1.018027001953125,0.3296983886718747,-0.7629574218749999,1.3142237373417986
1369,1788017111.105811,0.539023095703125,0.35364858398437465,-0.3270638671874999,0.722899710800313
1370,1788017111.1158419,0.04564907226562501,-0.07745493164062535,0.7075845703125002,0.7132734597463247
1371,1788017111.1358418,-0.213013037109375,0.10456655273437465,0.34833164062500016,0.42147793511619913
1372,1788017111.176544,-0.160322607421875,0.36322866210937466,0.12319980468750014,0.4157121495739006
1373,1788017111.196544,-0.198642919921875,0.7560118652343747,0.03697910156250013,0.7825473812892203
1374,1788017111.2060614,0.165400048828125,1.1008946777343747,-0.3031136718749999,1.1537782133901489
1375,1788017111.2260613,0.8264254394531251,1.0338341308593748,-0.5426156249999999,1.430462769036367
1376,1788017111.23563,1.147358056640625,0.6362608886718747,-0.4563949218749999,1.3890841419096838
1377,1788017111.25563,0.9270162597656251,0.08540639648437466,-0.2456332031249999,0.962802715465501
1378,1788017111.295492,1.1186178222656251,-0.4367078613281254,-0.08756191406249987,1.2040293506515378
1379,1788017111.315492,0.7833150878906251,-0.46065805664062537,-0.5569857421874999,1.065843088388331
1380,1788017111.327819,0.816845361328125,-0.30258676757812536,-1.069519921875,1.37937230634958
1381,1788017111.347819,1.080297509765625,-0.5037684082031254,-1.3808724609375,1.824180383647656
1382,1788017111.4161766,1.3293795410156248,-0.8582312988281254,-1.2946517578124999,2.0444887136802983
1383,1788017111.4361765,1.2479488769531248,-1.2318543457031255,-0.8539681640624999,1.950411021746062
1384,1788017111.4161766,1.396440087890625,-1.6485877441406254,-0.5138753906249999,2.2208003931665377
1385,1788017111.4361765,1.851493798828125,-1.7970789550781254,-0.6911068359374999,2.6711702896976135
1386,1788017111.445696,1.856283837890625,-1.4953064941406253,-1.165320703125,2.653243965293207
1387,1788017111.465696,1.511401025390625,-1.4569861816406253,-1.0455697265625,2.345284171725794
1388,1788017111.5056767,1.650312158203125,-1.6390076660156254,-0.4516048828124999,2.369350822261477
1389,1788017111.5256767,1.573671533203125,-1.3132850097656255,-0.6671566406249999,2.1555179411034855
1390,1788017111.5357525,1.142568017578125,-1.0833631347656254,-0.9641390624999999,1.8462669060566481
1391,1788017111.5557525,1.027607080078125,-1.3037049316406255,-0.38454433593749987,1.7039651422820803
1392,1788017111.5658321,1.473080712890625,-1.1025232910156253,-0.38454433593749987,1.879733688644189
1393,1788017111.585832,1.6072018066406248,-0.8294910644531254,-0.5521957031249999,1.8910508104824102
1394,1788017111.6260183,1.003656884765625,-0.8869715332031254,-0.3605941406249999,1.3871098649001183
1395,1788017111.6460183,0.6444039550781251,-0.7768006347656254,-0.4899251953124999,1.1219190614721724
1396,1788017111.655712,0.539023095703125,-0.7768006347656254,-0.3222738281249999,0.9989121804082683
1397,1788017111.6757119,0.23246059570312502,-0.5660389160156254,-0.33664394531249986,0.6984032709791395
1398,1788017111.6856604,0.174980126953125,-0.33611704101562534,-0.5042953124999999,0.6307982817819845
1399,1788017111.7056603,0.653984033203125,-0.36485727539062535,-0.4851351562499999,0.8922847454259254
1400,1788017111.74572,1.022817041015625,-0.2690564941406254,-0.7581673828125,1.3012931555925278
1401,1788017111.76572,1.008446923828125,-0.4750281738281254,-0.9545589843749999,1.467582985306086
1402,1788017111.775743,1.295849267578125,-0.8869715332031254,-1.0359896484375,1.8812810466979994
1403,1788017111.795743,1.813173486328125,-1.0642029785156255,-1.2132210937499999,2.4273507149410367
1404,1788017111.8063462,1.731742822265625,-1.2079041503906254,-1.3904525390625,2.528106782235427
1405,1788017111.8263462,1.817963525390625,-1.5767371582031253,-1.3042318359375,2.7371722867919877
1406,1788017111.865544,2.263437158203125,-1.7922889160156255,-1.4479330078125,3.2298540714280044
1407,1788017111.885544,3.072953759765625,-1.7970789550781254,-1.7161751953125,3.951935586702834
1408,1788017111.8957174,2.656220361328125,-1.8593494628906255,-1.63474453125,3.631126094689849
1409,1788017111.9157174,1.779643212890625,-1.8114490722656253,-1.701805078125,3.0568968302073425
1410,1788017111.9257326,1.726952783203125,-1.9312000488281253,-1.5772640624999998,3.03309437157184
1411,1788017111.9457326,2.143686181640625,-2.0509510253906256,-1.59642421875,3.369029658539587
1412,1788017111.9868467,2.311337548828125,-2.1419617675781253,-1.4575130859374998,3.4719772283337726
1413,1788017112.0068467,2.038305322265625,-2.2808729003906256,-1.0551498046874999,3.235801428525055
1414,1788017112.0154355,2.043095361328125,-1.9695203613281254,-1.4000326171875,3.1643862656691346
1415,1788017112.0354354,1.674262353515625,-1.7395984863281255,-1.5437337890625,2.8657409746046567
1416,1788017112.0469623,1.4826607910156249,-1.6821180175781254,-1.5149935546875,2.706105969288843
1417,1788017112.0669622,0.917436181640625,-1.7348084472656253,-1.4144027343749999,2.4190462151631116
1418,1788017112.1065056,1.104247705078125,-1.9264100097656254,-0.877918359375,2.387710025447645
1419,1788017112.1265056,1.185678369140625,-1.5527869628906255,-0.858758203125,2.134114851315539
1420,1788017112.1371167,0.6491939941406251,-0.7049500488281254,-1.5245736328125,1.8007587776373986
1421,1788017112.1571167,0.35221157226562505,-0.3600672363281254,-1.1413705078124998,1.2475688527768563
1422,1788017112.1657867,0.151029931640625,-0.5277186035156254,0.14715000000000014,0.5682869761378082
1423,1788017112.1857867,0.347421533203125,0.08540639648437466,0.11361972656250013,0.3753737025389413
1424,1788017112.2257533,-0.050151708984374994,0.6458409667968746,-0.05403164062499987,0.6500347425298161
1425,1788017112.2457533,-0.677646826171875,0.9380333496093747,0.04176914062500013,1.1579535599965785
1426,1788017112.2561173,-0.615376318359375,1.3308165527343747,0.34833164062500016,1.5070154750664797
1427,1788017112.2761173,-0.117212255859375,2.030162255859375,0.19026035156250015,2.0424241722561836
1428,1788017112.2856467,-0.35192416992187503,2.480425927734375,0.12319980468750014,2.50829455930263
1429,1788017112.3056467,-0.500415380859375,2.6384972167968748,0.6644742187500001,2.766515697376198
1430,1788017112.3476841,-0.519575537109375,2.901949365234375,1.2584390625000001,3.2054543720309865
1431,1788017112.3676841,-0.5435257324218751,3.4001134277343747,1.2440689453125002,3.66113357909204
1432,1788017112.375957,-0.538735693359375,3.8886974121093747,0.8656558593750002,4.020144745791602
1433,1788017112.395957,-0.6057962402343751,4.089879052734375,0.7650650390625001,4.20469074542626
1434,1788017112.4055626,-0.38066440429687504,4.152149560546875,0.9566666015625002,4.277903966710035
1435,1788017112.4255626,-0.117212255859375,4.008448388671875,1.0955777343750002,4.157124940343753
1436,1788017112.4660504,-0.754287451171875,3.706675927734375,1.0237271484375001,3.918725974942472
1437,1788017112.4860504,-0.9602591308593751,3.634825341796875,0.7363248046875002,3.8309564186721907
1438,1788017112.4955735,-0.687226904296875,3.088760888671875,1.2249087890625001,3.3930997902951656
1439,1788017112.5155735,-0.5243655761718751,2.5283263183593747,1.4308804687500003,2.9520860667387314
1440,1788017112.5261505,-0.8405081542968751,2.116382958984375,1.2967593750000002,2.620518205082611
1441,1788017112.5461504,-1.084800146484375,2.044532373046875,1.0476773437500002,2.540577060208224
1442,1788017112.5856423,-0.778237646484375,1.9583116699218748,1.2057486328125002,2.427852589529882
1443,1788017112.6056423,-0.026201513671874996,1.9439415527343749,1.3973501953125003,2.3941977462410895
1444,1788017112.6458862,-0.318393896484375,2.173863427734375,1.1530582031250003,2.4812497043936155
1445,1788017112.6658862,-0.9602591308593751,2.4516856933593747,1.1099478515625,2.85741921506279
1446,1788017112.6458862,-1.185390966796875,2.6816075683593747,1.3590298828125003,3.231583685628962
1447,1788017112.6658862,-0.7255472167968751,2.825308740234375,1.4644107421875001,3.2639373559062963
1448,1788017112.7054615,-0.48125522460937503,2.7342979980468747,1.2967593750000002,3.0642416696447685
1449,1788017112.7254615,-0.557895849609375,2.6049669433593747,0.7506949218750002,2.7677867368595006
1450,1788017112.7360914,-1.156650732421875,2.1020128417968746,0.49203281250000014,2.449162140910171
1451,1788017112.7560914,-1.2811917480468753,1.3739269042968747,0.8129654296875002,2.046958774250518
1452,1788017112.7956529,-2.2391995605468753,0.10935659179687465,1.7134927734375003,2.8217071110845797
1453,1788017112.8156528,-2.9385452636718754,-0.9061316894531254,1.9673648437500002,3.6505680836964336
1454,1788017112.82616,-2.8187942871093754,-0.6091492675781254,0.9135562500000002,3.02510315281074
1455,1788017112.84616,-1.6739749511718751,-0.08224497070312535,0.10403964843750013,1.6792202418991493
1456,1788017112.8729188,-0.572265966796875,0.09498647460937466,0.10403964843750013,0.5893513515380091
1457,1788017112.8929188,0.543813134765625,0.22431752929687465,-0.06840175781249987,0.5922245182068283
1458,1788017112.9167087,0.5869234863281251,-0.5516687988281254,0.19984042968750015,0.8299119469809506
1459,1788017112.9367087,0.5294430175781251,-1.0594129394531253,-0.3126937499999999,1.2249257391499309
1460,1788017112.9457753,0.8886959472656251,-1.7012781738281255,-0.34622402343749986,1.950384317470677
1461,1788017112.9657753,1.2431588378906249,-1.8306092285156255,-0.37496425781249987,2.244364551134468
1462,1788017112.9760644,1.137777978515625,-1.7539686035156254,-0.5186654296874998,2.1540562709610382
1463,1788017112.9960644,1.200048486328125,-1.9503602050781255,-0.18815273437499988,2.297699447391586
1464,1788017113.0423257,1.1904684082031252,-1.9312000488281253,-0.09235195312499987,2.2705236274413525
1465,1788017113.0623257,1.410810205078125,-1.7779187988281255,-0.09235195312499987,2.271543434148911
1466,1788017113.066352,1.257528955078125,-1.7012781738281255,0.13756992187500014,2.120059428650182
1467,1788017113.0863519,0.5102828613281251,-1.1743738769531253,-0.16420253906249987,1.2909318631398423
1468,1788017113.095872,0.35221157226562505,-0.7768006347656254,0.02260898437500013,0.8532194231172724
1469,1788017113.115872,-0.318393896484375,-0.38401743164062535,0.08487949218750014,0.5060124398830262
1470,1788017113.1558237,-0.5435257324218751,0.30574819335937464,-0.12109218749999988,0.6352680516292256
1471,1788017113.1758237,-0.797397802734375,0.5835704589843747,0.40102207031250015,1.0664035058469035
1472,1788017113.185505,-0.9027786621093751,1.1631651855468748,0.23337070312500013,1.4907798116104691
1473,1788017113.205505,-0.596216162109375,1.3643468261718747,0.4441324218750001,1.5537598212742705
1474,1788017113.2154443,-0.49083530273437503,1.5128380371093748,0.31001132812500015,1.6204028031638054
1475,1788017113.2354443,-0.198642919921875,1.3930870605468748,0.6453140625000001,1.5480894054150989
1476,1788017113.2758887,-0.342344091796875,1.3882970214843746,0.7506949218750002,1.6149646939730682
1477,1788017113.2958887,-0.874038427734375,1.5703185058593747,0.33875156250000016,1.828823666758769
1478,1788017113.3055134,-1.089590185546875,1.2733360839843748,0.6213638671875001,1.7873680680438884
1479,1788017113.3255134,-1.2285013183593751,1.3451866699218746,0.49203281250000014,1.8870185358715705
1480,1788017113.3361309,-1.2524515136718752,1.2637560058593746,0.4441324218750001,1.833839590750828
1481,1788017113.3561308,-1.3099319824218751,1.0769444824218748,0.34833164062500016,1.7312036704706724
1482,1788017113.3971603,-1.041689794921875,1.0386241699218748,0.25253085937500014,1.4925245827546554
1483,1788017113.4171603,-0.835718115234375,0.9380333496093747,0.31959140625000015,1.2963294334617
1484,1788017113.4265077,-0.634536474609375,0.9428233886718747,0.16631015625000015,1.1485693483235178
1485,1788017113.4465077,-0.567475927734375,0.5979405761718747,0.33396152343750013,0.8894336177182866
1486,1788017113.4569688,-0.395034521484375,0.34406850585937465,0.31959140625000015,0.6136563181761794
1487,1788017113.4769688,-0.313603857421875,0.04708608398437465,0.38186191406250014,0.4963698219133991
1488,1788017113.5162256,-0.299233740234375,-0.07266489257812535,0.33396152343750013,0.45425908581418584
1489,1788017113.5362256,-0.347134130859375,-0.05829477539062535,0.24295078125000014,0.4276978697109942
1490,1788017113.545667,-0.438144873046875,-0.04871469726562535,0.31001132812500015,0.538935130672301
1491,1788017113.565667,-0.48125522460937503,0.09019643554687466,0.22858066406250013,0.5403620158582902
1492,1788017113.5759802,-0.423774755859375,0.17162709960937467,0.32917148437500016,0.5633780002357566
1493,1788017113.5959802,-0.36150424804687503,0.3680187011718747,0.30043125000000015,0.5969774047187487
1494,1788017113.6354065,-0.395034521484375,0.5452501464843746,0.33396152343750013,0.7515851878146064
1495,1788017113.6554065,-0.5243655761718751,0.6458409667968746,0.27169101562500014,0.8751490272168096
1496,1788017113.6660845,-0.49083530273437503,0.4781895996093747,0.5399332031250001,0.8724175900460411
1497,1788017113.6860845,-0.629746435546875,0.6123106933593747,0.38665195312500017,0.9596898932163503
1498,1788017113.6954057,-0.629746435546875,0.7320616699218747,0.32917148437500016,1.0202199408845327
1499,1788017113.7154057,-0.816557958984375,0.7129015136718747,0.4153921875000002,1.1608385495030795
1500,1788017113.755605,-0.711177099609375,0.7799620605468747,0.48724277343750017,1.1625485809928102
1501,1788017113.775605,-0.773447607421875,0.7560118652343747,0.6548941406250002,1.26438185578042
1502,1788017113.785692,-0.8644583496093751,0.6697911621093747,0.7506949218750002,1.3264431027292893
1503,1788017113.805692,-0.557895849609375,0.40154897460937466,1.1051578125000001,1.3014849782271758
1504,1788017113.8175354,-0.16511264648437501,0.4590294433593747,1.0237271484375001,1.134013884548098
1505,1788017113.8375354,-0.098052099609375,0.2578478027343747,1.0189371093750001,1.0556195036442972
1506,1788017113.8771057,-0.36150424804687503,0.08540639648437466,0.7985953125000002,0.8807576551261735
1507,1788017113.8971057,-0.648906591796875,0.023135888671874653,0.6309439453125002,0.9053757763208472
1508,1788017113.9066255,-0.548315771484375,0.21952749023437465,0.6788443359375002,0.8998178352653021
1509,1788017113.9266255,-0.9219388183593751,0.3967589355468747,0.8464957031250002,1.3129904086257669
1510,1788017113.9371467,-0.658486669921875,0.4973497558593747,1.0476773437500002,1.3336376159681596
1511,1788017113.9571466,-0.677646826171875,0.6171007324218747,1.2057486328125002,1.5145455755789072
1512,1788017113.995833,-0.768657568359375,0.7655919433593746,1.306339453125,1.6980836987392156
1513,1788017114.015833,-0.912358740234375,0.8278624511718747,1.5793716796875001,2.0030400923449525
1514,1788017114.0256977,-1.2907718261718752,1.0673644042968746,1.5650015625000002,2.292288936723846
1515,1788017114.0456977,-1.3243020996093753,1.2445958496093747,1.4931509765625002,2.35208305948243
1516,1788017114.055748,-1.3386722167968752,1.4505675292968747,1.2488589843750002,2.335773581477549
1517,1788017114.075748,-1.2620315917968752,1.4266173339843746,1.306339453125,2.3096500867250356
1518,1788017114.137846,-1.118330419921875,1.5942687011718748,1.1865884765625,2.2804271162152516
1519,1788017114.157846,-1.003369482421875,1.7092296386718748,1.2823892578125002,2.360664839515094
1520,1788017114.146443,-0.754287451171875,2.0253722167968746,1.1817984375000001,2.463276217245133
1521,1788017114.1664429,-0.749497412109375,2.3415147949218746,0.9087662109375002,2.6211245547929196
1522,1788017114.2059982,-0.36150424804687503,2.456475732421875,0.8081753906250002,2.611150284327847
1523,1788017114.2259982,0.160610009765625,2.715137841796875,0.5926236328125002,2.7836975132657984
1524,1788017114.2355804,0.347421533203125,2.954639794921875,0.4249722656250002,3.0051954122851368
1525,1788017114.2555804,0.160610009765625,3.0073302246093747,0.5686734375000002,3.064836069613521
1526,1788017114.2963128,-0.40940463867187504,2.782198388671875,0.8225455078125001,2.9299865434020256
1527,1788017114.3163128,-0.323183935546875,2.533116357421875,0.9279263671875002,2.7170155832007343
1528,1788017114.3269458,-0.083681982421875,2.609756982421875,0.6884244140625002,2.7003263423814317
1529,1788017114.3469458,-0.193852880859375,2.6049669433593747,0.7027945312500001,2.7050604186537996
1530,1788017114.3570957,-0.078891943359375,2.652867333984375,0.7459048828125001,2.7568647273038103
1531,1788017114.3770957,0.021698876953125005,2.806148583984375,0.5207730468750001,2.8541452806418266
1532,1788017114.3856225,0.07438930664062501,2.729507958984375,0.45371250000000013,2.767959988828916
1533,1788017114.4056225,0.07438930664062501,2.585806787109375,0.34833164062500016,2.6102232550231954
1534,1788017114.4468758,0.06001918945312501,2.2313438964843746,0.47287265625000013,2.281689382126676
1535,1788017114.4668758,0.476752587890625,2.054112451171875,0.46329257812500013,2.1590069488228716
1536,1788017114.476014,0.6252437988281251,1.7523399902343748,0.39623203125000017,1.9022684016552802
1537,1788017114.4960139,-0.054941748046874996,1.3739269042968747,0.16631015625000015,1.385046137174188
1538,1788017114.5065343,-0.078891943359375,1.2445958496093747,-0.0013412109374998694,1.2470944496864218
1539,1788017114.5265343,-0.275283544921875,0.9380333496093747,0.23337070312500013,1.0050619285204243
1540,1788017114.5656767,-0.06931186523437499,0.9045030761718746,0.14235996093750014,0.9182572123020754
1541,1788017114.5856767,0.20851040039062502,0.5835704589843747,-0.02529140624999987,0.6202182864930661
1542,1788017114.5956974,0.357001611328125,0.09498647460937466,0.14715000000000014,0.39765022739789185
1543,1788017114.6156974,0.596503564453125,0.14767690429687466,-0.13067226562499987,0.6282517102814462
1544,1788017114.625695,0.7833150878906251,-0.03434458007812535,-0.11151210937499988,0.791957718337982
1545,1788017114.645695,0.634823876953125,-0.47023813476562537,0.017818945312500133,0.7902169151250186
1546,1788017114.6855419,0.34263149414062505,-0.6905799316406254,0.03218906250000013,0.7715783294691712
1547,1788017114.7055418,0.194140283203125,-0.6426795410156254,0.10882968750000013,0.6801259757453704
1548,1788017114.7154045,-0.098052099609375,-0.4079676269531254,-0.039661523437499874,0.4214556148883944
1549,1788017114.7354045,-0.203432958984375,-0.3696473144531254,0.03697910156250013,0.42354640812538574
1550,1788017114.7456083,-0.030991552734374997,-0.2786365722656254,0.2860611328125001,0.4005368740213508
1551,1788017114.7656083,0.036068994140625005,0.10456655273437465,0.37228183593750014,0.38836696777411817
1552,1788017114.8063052,-0.026201513671874996,0.5596202636718747,0.34354160156250013,0.6571774424270842
1553,1788017114.8263052,0.27557094726562503,0.9667735839843747,0.19984042968750015,1.0249520510758303
1554,1788017114.8355112,0.20851040039062502,1.0961046386718747,0.29085117187500015,1.1530465602785174
1555,1788017114.8555112,-0.126792333984375,1.3595567871093748,0.30043125000000015,1.3981165506884374
1556,1788017114.8657708,-0.581846044921875,1.3930870605468748,0.5111929687500002,1.593911738319848
1557,1788017114.8857708,-0.8405081542968751,1.3978770996093748,0.45850253906250016,1.6943255063235687
1558,1788017114.925855,-0.193852880859375,1.3260265136718747,0.46329257812500013,1.4179440282761429
1559,1788017114.945855,0.05522915039062501,1.0003038574218748,0.36749179687500017,1.0671027537197948
1560,1788017114.9561205,0.289941064453125,1.3068663574218746,0.051349218750000133,1.3396276494920392
1561,1788017114.9761205,-0.021411474609374995,1.3260265136718747,-0.10672207031249988,1.3304865149626737
1562,1788017114.985769,0.151029931640625,1.2302257324218746,-0.01571132812499987,1.2395613090104745
1563,1788017115.005769,0.515072900390625,1.4218272949218747,-0.5761458984374999,1.6182821279332045
1564,1788017115.0455492,0.778525048828125,1.3595567871093748,-1.002459375,1.8599518024812876
1565,1788017115.0655491,1.578461572265625,1.1583751464843748,-1.309021875,2.3551883543233822
1566,1788017115.0756185,1.080297509765625,1.0290440917968746,-1.7065951171875,2.266813037388854
1567,1788017115.0956185,1.2910592285156248,0.9045030761718746,-2.027527734375,2.5682345025327353
1568,1788017115.1064296,1.784433251953125,0.3775987792968747,-1.9317269531249999,2.65675589586851
1569,1788017115.1264296,1.698212548828125,-0.8247010253906254,-0.9210287109374999,2.100559813156688
1570,1788017115.1776373,1.5257711425781249,-2.1228016113281254,0.25732089843750017,2.626876149603198
1571,1788017115.1976373,0.428852197265625,-2.5443250488281253,-0.2456332031249999,2.591879594362216
1572,1788017115.1957242,1.1138277832031251,-3.3442615722656255,0.37228183593750014,3.5444733825685213
1573,1788017115.2157242,0.898276025390625,-3.4735926269531254,-0.18815273437499988,3.592790977397305
1574,1788017115.2303743,0.898276025390625,-3.7178846191406256,0.36749179687500017,3.8424752542865424
1575,1788017115.2503743,1.094667626953125,-3.5310730957031256,0.8273355468750002,3.788305495577224
1576,1788017115.2866962,1.6790523925781249,-2.5107947753906257,-0.17857265624999988,3.0257553659724983
1577,1788017115.3066962,1.631152001953125,-2.1707020019531256,-0.2168929687499999,2.7239028240104646
1578,1788017115.3161883,1.386860009765625,-1.4234559082031255,-0.6958968749999999,2.105678007179697
1579,1788017115.3361883,1.1521480957031252,-1.0306727050781255,-0.6575765624999999,1.6799221395572816
1580,1788017115.3457086,0.6060836425781251,-1.0067225097656254,-0.4084945312499999,1.2440640560400116
1581,1788017115.3657086,0.5869234863281251,-0.5899891113281254,-0.4803451171874999,0.9608838441222669
1582,1788017115.4059968,0.457592431640625,-0.23073618164062537,-0.2408431640624999,0.5662468089874874
1583,1788017115.4259968,0.318681298828125,0.33448842773437465,-0.3989144531249999,0.6103875976975716
1584,1788017115.4357972,0.06959926757812501,0.4877696777343747,-0.039661523437499874,0.4943039075365382
1585,1788017115.4557972,-0.17469272460937502,0.8182823730468747,-0.04924160156249987,0.8381696280557484
1586,1788017115.4670308,-0.572265966796875,1.1248448730468747,-0.039661523437499874,1.2626707257298655
1587,1788017115.4870307,-0.395034521484375,1.3068663574218746,0.03697910156250013,1.3657669652169355
1588,1788017115.526541,-0.088472021484375,1.2541759277343747,0.11361972656250013,1.2624159372243557
1589,1788017115.546541,-0.16511264648437501,1.0482042480468747,0.11361972656250013,1.0671943468350673
1590,1788017115.556694,-0.36150424804687503,0.8566026855468747,0.16631015625000015,0.9445170990055998
1591,1788017115.576694,-0.256123388671875,0.7799620605468747,0.24295078125000014,0.8561338027594031
1592,1788017115.616022,0.016908837890625007,0.6075206542968746,0.20463046875000013,0.641280658477206
1593,1788017115.636022,0.031278955078125004,0.3296983886718747,0.25732089843750017,0.41939652513616776
1594,1788017115.645736,0.184560205078125,0.061456201171874655,0.2956412109375001,0.3538969617919161
1595,1788017115.665736,0.33305141601562505,-0.3792273925781254,0.41060214843750015,0.6506387517609964
1596,1788017115.6765752,0.34263149414062505,-0.6330994628906254,0.13756992187500014,0.7328961414103156
1597,1788017115.6965752,0.20851040039062502,-0.9205018066406254,0.09924960937500013,0.949026157732654
1598,1788017115.7366354,0.33305141601562505,-1.0642029785156255,0.25732089843750017,1.1444060773887144
1599,1788017115.7566354,0.45280239257812505,-0.8438611816406254,-0.12109218749999988,0.965295301178827
1600,1788017115.766148,0.5677633300781251,-0.8582312988281254,-0.6767367187499999,1.23162037486156
1601,1788017115.786148,1.276689111328125,-0.6043592285156254,-1.2850716796875,1.9096058195372814
1602,1788017115.7957864,2.114945947265625,-0.3792273925781254,-1.6107943359374999,2.685417689638844
1603,1788017115.8157864,2.292177392578125,-0.5947791503906253,-1.48146328125,2.793308592060258
1604,1788017115.855911,1.980824853515625,-0.9684021972656254,-1.0982601562499998,2.463259078290459
1605,1788017115.875911,1.434760400390625,-1.1935340332031255,-0.9976693359375,2.1162242316950155
1606,1788017115.8854725,1.420390283203125,-1.5096766113281255,-0.8683382812499999,2.24736365506191
1607,1788017115.9054725,1.1090377441406252,-1.7635486816406254,-0.9018685546874999,2.2701179617762235
1608,1788017115.9164906,1.1952584472656251,-1.8737195800781254,-0.9306087890624999,2.409460632342507
1609,1788017115.9364905,1.846703759765625,-2.0078406738281256,-0.7150570312499999,2.8201144490518715
1610,1788017115.9760938,1.875443994140625,-1.6629578613281255,-1.0599398437499998,2.721431883417244
1611,1788017115.9960938,1.271899072265625,-1.3851355957031255,-1.4096126953124999,2.3501778271654636
1612,1788017116.0056832,0.831215478515625,-1.6773279785156254,-0.8874984374999999,2.071714699421765
1613,1788017116.0256832,0.9030660644531251,-1.6342176269531254,-0.858758203125,2.0551547923321105
1614,1788017116.0357075,0.9030660644531251,-1.4378260253906254,-0.9976693359375,1.9693186892749055
1615,1788017116.0557075,0.874325830078125,-1.4713562988281255,-0.7054769531249999,1.8512246613076264
1616,1788017116.1266267,0.289941064453125,-0.9731922363281253,-1.0120394531249999,1.4336641183998076
1617,1788017116.1466267,0.07438930664062501,-0.5372986816406253,-1.0743099609375,1.2034805916194742
1618,1788017116.1266267,0.25641079101562503,-0.24989633789062535,-0.8204378906249999,0.8951608826426697
1619,1788017116.1466267,0.007328759765625006,0.04229604492187465,-0.5138753906249999,0.5156651851984305
1620,1788017116.157149,-0.222593115234375,0.24826772460937466,0.07529941406250014,0.34183996224931906
1621,1788017116.177149,0.088759423828125,0.9955138183593747,-0.3270638671874999,1.051616266079222
1622,1788017116.2161849,-0.203432958984375,1.2350157714843748,-0.36538417968749987,1.3038997367060825
1623,1788017116.2361848,-0.016621435546874997,1.6517491699218747,-0.3126937499999999,1.681168930758091
1624,1788017116.2477775,-0.122002294921875,2.140333154296875,0.00823886718750013,2.1438233253421672
1625,1788017116.2677774,-0.007041357421874995,2.3942052246093746,0.15673007812500014,2.3993400250173456
1626,1788017116.2754683,0.088759423828125,2.403785302734375,0.23337070312500013,2.4167175883907386
1627,1788017116.2954683,-0.342344091796875,2.293614404296875,-0.039661523437499874,2.319361884059432
1628,1788017116.3358603,0.165400048828125,1.9631017089843747,0.23816074218750014,1.984400674029572
1629,1788017116.3558602,0.8695357910156251,1.7762901855468747,1.0045669921875002,2.218209673795505
1630,1788017116.3657124,1.041977197265625,2.0780626464843746,0.9087662109375002,2.4959801418434546
1631,1788017116.3857124,0.5486031738281251,1.8241905761718746,0.9566666015625002,2.1316302885523353
1632,1788017116.3956964,-0.102842138671875,1.5655284667968747,1.3302896484375002,2.0569702075085936
1633,1788017116.4156964,-0.5052054199218751,1.6421690917968748,1.8045035156250002,2.491622920964245
1634,1788017116.4557402,-0.447724951171875,2.0589024902343747,1.8188736328125001,2.7834939174238746
1635,1788017116.4757402,-0.912358740234375,2.6049669433593747,1.1626382812500002,2.9949923238474407
1636,1788017116.4853623,-1.080010107421875,2.834888818359375,1.1338980468750002,3.238632616599074
1637,1788017116.5053623,-1.3482522949218751,2.729507958984375,1.5410513671875001,3.4121602050946573
1638,1788017116.5184362,-0.8836185058593751,2.739088037109375,1.4979410156250001,3.2445665697014907
1639,1788017116.5384362,-0.797397802734375,2.6480772949218747,1.0620474609375001,2.96244855229085
1640,1788017116.5765553,-1.1470706542968752,2.5714366699218747,0.42976230468750015,2.8482895344220664
1641,1788017116.5965552,-1.319512060546875,1.9439415527343749,0.9231363281250001,2.524321991878235
1642,1788017116.6061463,-1.022529638671875,1.7667101074218747,1.1913785156250003,2.3635173435204315
1643,1788017116.6261463,-0.610586279296875,1.9343614746093747,1.1482681640625,2.3308989028951945
1644,1788017116.636485,-0.447724951171875,2.1020128417968746,0.8369156250000002,2.306370174614208
1645,1788017116.656485,-1.022529638671875,1.8337706542968748,0.8369156250000002,2.2602454375337127
1646,1788017116.6962073,-0.735127294921875,1.7283897949218747,0.8225455078125001,2.05044496033221
1647,1788017116.7162073,0.620453759765625,1.4505675292968747,1.1243179687500002,1.9373177126924397
1648,1788017116.7256935,0.831215478515625,1.2685460449218746,0.6309439453125002,1.6426254904686564
1649,1788017116.7456934,0.280360986328125,0.4398692871093747,0.33875156250000016,0.6219645435980897
1650,1788017116.755685,-0.830928076171875,-1.6390076660156254,1.6320621093750003,2.4577254374494837
1651,1788017116.775685,-1.4967435058593752,-2.7263465332031256,1.5793716796875001,3.4882117831404433
1652,1788017116.8161643,-1.132700537109375,-2.5060047363281255,0.5255630859375001,2.799872640419027
1653,1788017116.8361642,-0.581846044921875,-1.6342176269531254,-0.11630214843749988,1.7386023875419911
1654,1788017116.8466177,-0.356714208984375,-0.5851990722656254,-0.5474056640624999,0.8771293759301437
1655,1788017116.8666177,0.366581689453125,-0.5420887207031254,0.26211093750000014,0.7049428769148516
1656,1788017116.8775523,0.6060836425781251,-0.2977967285156254,0.31001132812500015,0.7430526878231476
1657,1788017116.8975523,0.19893032226562501,-0.06787485351562535,0.17589023437500015,0.2740759810800018
1658,1788017116.9375224,-0.236963232421875,0.008765771484374652,0.00823886718750013,0.23726839486554693
1659,1788017116.9575224,-0.217803076171875,0.06624624023437466,0.17589023437500015,0.2876875368930926
1660,1788017116.9656966,-0.692016943359375,-0.21636606445312537,0.5782535156250002,0.9274043627652713
1661,1788017116.9856966,-1.0321097167968751,-0.34090708007812537,0.5016128906250001,1.1971146965913866
1662,1788017117.026847,-0.8405081542968751,-0.4750281738281254,0.9614566406250001,1.362536089493388
1663,1788017117.0468469,-0.653696630859375,-0.04871469726562535,0.8991861328125001,1.1127569853156971
1664,1788017117.0553634,-0.7638675292968751,0.09498647460937466,0.9375064453125002,1.2130269443319508
1665,1788017117.0753634,-0.711177099609375,0.18120717773437467,0.9087662109375002,1.1681031351781235
1666,1788017117.085605,-1.1901810058593751,0.4494493652343747,0.31959140625000015,1.3117447257629318
1667,1788017117.105605,-1.008159521484375,0.3967589355468747,0.41060214843750015,1.1586187457474455
1668,1788017117.1462493,-0.993789404296875,0.34406850585937465,0.7363248046875002,1.2838125777601361
1669,1788017117.1662493,-1.166230810546875,0.4159190917968747,0.7842251953125001,1.4656371144839664
1670,1788017117.175794,-1.1470706542968752,0.3392784667968747,0.9949869140625002,1.5559177109142748
1671,1788017117.1957939,-1.0704300292968751,0.6362608886718747,1.0716275390625,1.6428736861217246
1672,1788017117.2059455,-1.5350638183593752,1.0146739746093747,1.1434781250000001,2.1664548053303965
1673,1788017117.2259455,-1.8176761230468752,1.2062755371093747,1.1243179687500002,2.454208233744104
1674,1788017117.2655418,-1.6117044433593752,1.1056847167968746,1.3302896484375002,2.364275883741681
1675,1788017117.2855418,-1.2476614746093753,1.1056847167968746,1.4548306640625002,2.2126296819122624
1676,1788017117.2991147,-1.3338821777343752,1.3020763183593747,1.4835708984375002,2.3823574487470083
1677,1788017117.3191147,-1.2285013183593751,1.4745177246093748,1.5362613281250002,2.458356539985671
1678,1788017117.3574336,-1.123120458984375,1.5751085449218747,1.5171011718750003,2.4584471642440637
1679,1788017117.3774335,-0.692016943359375,1.8768810058593748,1.1195279296875003,2.2923596021136237
1680,1788017117.3863902,0.088759423828125,2.3846251464843746,0.8417056640625001,2.5303722551195547
1681,1788017117.4063902,0.093549462890625,2.5187462402343748,0.9854068359375002,2.7062632460672185
1682,1788017117.4157898,-0.5243655761718751,2.5139562011718746,0.8704458984375002,2.7115698591390287
1683,1788017117.4357898,-0.495625341796875,2.140333154296875,0.9997769531250001,2.413757329727574
1684,1788017117.445419,-0.232173193359375,2.207393701171875,0.5543033203125002,2.287737641120026
1685,1788017117.465419,0.04564907226562501,2.2217638183593746,0.23816074218750014,2.234958353412618
1686,1788017117.506053,0.639613916015625,2.0780626464843746,0.37228183593750014,2.2059111699348826
1687,1788017117.526053,0.879115869140625,1.7571300292968748,0.42976230468750015,2.011230043968622
1688,1788017117.5357306,0.859955712890625,1.2877062011718747,0.4153921875000002,1.603203592219578
1689,1788017117.5557306,0.759364892578125,1.0673644042968746,0.25732089843750017,1.3349591216261611
1690,1788017117.5688398,0.155819970703125,1.0290440917968746,0.22858066406250013,1.065579995174098
1691,1788017117.5888398,0.127079736328125,1.1535851074218748,0.19505039062500015,1.1768400546946596
1692,1788017117.6269846,0.007328759765625006,1.0146739746093747,0.25732089843750017,1.0468194831211208
1693,1788017117.6469846,0.23725063476562502,0.8805528808593747,0.09924960937500013,0.9173394816792343
1694,1788017117.656683,0.701884423828125,0.7991222167968747,-0.06840175781249987,1.0657940055483188
1695,1788017117.676683,0.524652978515625,0.7368517089843747,-0.06361171874999988,0.9067842299361185
1696,1788017117.6853652,0.9222262207031251,0.9428233886718747,0.017818945312500133,1.3189900148185867
1697,1788017117.7053652,0.5054928222656251,0.9715636230468747,0.08487949218750014,1.0984823144612044
1698,1788017117.7469993,0.25641079101562503,0.8757628417968747,-0.0013412109374998694,0.9125288201849711
1699,1788017117.7669992,-0.160322607421875,0.8757628417968747,0.23816074218750014,0.9216205469942537
1700,1788017117.775674,-0.366294287109375,1.3930870605468748,0.22379062500000013,1.4577192140017872
1701,1788017117.795674,-0.299233740234375,1.7475499511718748,-0.0013412109374998694,1.7729843377712773
1702,1788017117.8053284,0.016908837890625007,1.5463683105468746,-0.08277187499999987,1.548674285946991
1703,1788017117.8253284,0.35221157226562505,1.3356065917968747,-0.2695833984374999,1.4073283797331022
1704,1788017117.8655128,0.6252437988281251,1.1487950683593746,-0.4180746093749999,1.3731155435956233
1705,1788017117.8855128,0.562973291015625,0.9619835449218747,-0.4468148437499999,1.2008308672301677
1706,1788017117.895606,0.653984033203125,0.9092931152343747,-0.4420248046874999,1.2041158636345102
1707,1788017117.915606,0.831215478515625,0.6458409667968746,-0.17378261718749988,1.0668786829596035
1708,1788017117.9257329,0.950966455078125,0.5069298339843746,0.14715000000000014,1.0876434056101665
1709,1788017117.9457328,0.634823876953125,0.3584386230468747,0.31959140625000015,0.7960014247414313
1710,1788017117.985469,0.08396938476562502,0.10456655273437465,0.27169101562500014,0.3029868470742788
1711,1788017118.005469,-0.260913427734375,-0.12056528320312536,-0.14983242187499987,0.3241320084948086
1712,1788017118.016137,-0.260913427734375,-0.5277186035156254,0.23816074218750014,0.6350458884111319
1713,1788017118.0361369,-0.117212255859375,-0.45107797851562537,0.08487949218750014,0.473724164276422
1714,1788017118.045727,0.39532192382812503,-0.3600672363281254,-0.07319179687499987,0.5397081408186606
1715,1788017118.065727,1.0371871582031251,-0.22594614257812537,-0.01571132812499987,1.0616287987422253
1716,1788017118.1075747,1.257528955078125,-0.02476450195312535,-0.2504232421874999,1.2824601957349657
1717,1788017118.1275747,0.8024752441406251,0.013555810546874653,-0.2216830078124999,0.8326425604128913
1718,1788017118.1362185,1.099457666015625,0.16683706054687467,-0.4995052734374999,1.2190764054497645
1719,1788017118.1562185,1.085087548828125,0.13809682617187466,-0.6767367187499999,1.286257481426285
1720,1788017118.166241,1.1521480957031252,0.09498647460937466,-0.7725374999999999,1.390425062237194
1721,1788017118.186241,1.0323971191406252,-0.2690564941406254,-0.5234554687499999,1.1883773964584603
1722,1788017118.2257762,0.5102828613281251,-0.6378895019531253,-0.6958968749999999,1.073109535835923
1723,1788017118.2457762,-0.260913427734375,-0.8678113769531254,-0.9210287109374999,1.2920782828886852
1724,1788017118.2552981,-0.045361669921875,-0.9109217285156254,-0.8683382812499999,1.2593043505301647
1725,1788017118.275298,-0.045361669921875,-0.46065805664062537,-1.1222103515625,1.213927345190003
1726,1788017118.2857146,-0.754287451171875,-0.4367078613281254,-1.462303125,1.7023494777882462
1727,1788017118.3057146,0.500702783203125,-2.3431434082031255,1.268019140625,2.7108848831155625
1728,1788017118.3460238,-0.126792333984375,-1.9264100097656254,-0.26479335937499987,1.9486526999061429
1729,1788017118.3660238,0.9078561035156251,-1.6677479003906255,-0.9785091796875,2.1361334178090603
1730,1788017118.3760338,1.583251611328125,-1.8785096191406254,-0.4132845703124999,2.4912422985400977
1731,1788017118.3960338,2.474198876953125,-0.7480604003906254,-1.7928158203125,3.1457023080564173
1732,1788017118.4363904,1.6455221191406249,-1.7395984863281255,-0.7246371093749999,2.501808321694433
1733,1788017118.4563904,0.955756494140625,-2.3479334472656253,-0.4037044921874999,2.566951356355042
1734,1788017118.466343,0.476752587890625,-2.3910437988281257,-0.4084945312499999,2.472094508718467
1735,1788017118.486343,0.428852197265625,-2.7023963378906255,0.39144199218750014,2.76407073125706
1736,1788017118.495958,0.23725063476562502,-1.6869080566406254,-0.4420248046874999,1.7599240276826629
1737,1788017118.515958,0.419272119140625,-1.2222742675781255,-0.02050136718749987,1.2923481733375377
1738,1788017118.5884008,0.11749965820312501,-0.6235193847656254,-0.07319179687499987,0.6387015202629053
1739,1788017118.6084008,-0.126792333984375,-0.14930551757812535,-0.17857265624999988,0.2650596670500018
1740,1788017118.5894005,-0.078891943359375,0.13809682617187466,-0.05403164062499987,0.16797050429879926
1741,1788017118.6094005,0.23725063476562502,0.8757628417968747,-0.3414339843749999,0.9694460193610666
1742,1788017118.6159153,0.194140283203125,1.0865245605468747,-0.10672207031249988,1.1088803679953736
1743,1788017118.6359153,0.103129541015625,1.2877062011718747,-0.2504232421874999,1.3158779438056911
1744,1788017118.676385,0.10791958007812501,1.2014854980468748,-0.12588222656249987,1.2128727768177163
1745,1788017118.696385,-0.064521826171875,0.9715636230468747,0.07050937500000014,0.9762533030128062
1746,1788017118.7069778,-0.39982456054687504,0.7272716308593747,0.11361972656250013,0.8376712640012749
1747,1788017118.7269778,-0.567475927734375,0.3775987792968747,0.22858066406250013,0.7189289858308212
1748,1788017118.7365837,-0.773447607421875,0.24826772460937466,0.051349218750000133,0.8139378396263284
1749,1788017118.7565837,-0.438144873046875,0.14288686523437466,-0.11151210937499988,0.4741545492463723
1750,1788017118.795761,0.0025387207031250057,-0.10140512695312535,-0.10672207031249988,0.1472380561097372
1751,1788017118.815761,0.28515102539062503,-0.15888559570312535,-0.3031136718749999,0.44545890706192753
1752,1788017118.8253253,0.500702783203125,-0.33132700195312537,-0.2216830078124999,0.6400189179105559
1753,1788017118.8453252,0.8455855957031251,-0.5037684082031254,-0.12588222656249987,0.9922922672924809
1754,1788017118.8560884,0.874325830078125,-0.7145301269531253,-0.02050136718749987,1.1293446176973654
1755,1788017118.8760884,0.39532192382812503,-1.0210926269531253,0.25253085937500014,1.123690976743108
1756,1788017118.915758,-0.078891943359375,-1.0258826660156255,0.060929296875000136,1.0307141031226983
1757,1788017118.9357579,-0.045361669921875,-1.1647937988281254,0.11840976562500014,1.1716753592535452
1758,1788017118.945277,0.189350244140625,-1.1360535644531253,-0.11151210937499988,1.1571111298401842
1759,1788017118.965277,0.337841455078125,-1.0546229003906253,-0.16899257812499988,1.1202342622232966
1760,1788017118.9755301,0.409692041015625,-0.8007508300781254,-0.4324447265624999,0.9980270045815748
1761,1788017118.9955301,0.390531884765625,-0.3983875488281254,-1.0599398437499998,1.197789741335535
1762,1788017119.0365512,0.8024752441406251,-0.5516687988281254,-1.002459375,1.3975799725183575
1763,1788017119.0565512,0.917436181640625,-0.42233774414062536,-1.1174203125,1.5062159447757548
1764,1788017119.065828,1.185678369140625,0.05187612304687465,-1.8407162109375,2.190150793073037
1765,1788017119.085828,1.861073876953125,-0.11577524414062536,-1.720965234375,2.537463540735227
1766,1788017119.0956912,2.684960595703125,-0.22115610351562537,-1.3617123046875,3.018639399354954
1767,1788017119.1156912,2.129316064453125,-0.21636606445312537,-1.3425521484375,2.526508944662422
1768,1788017119.1570077,1.271899072265625,-0.9492420410156254,-0.60009609375,1.6967330444697764
1769,1788017119.1770077,0.6252437988281251,-1.9599402832031254,0.10882968750000013,2.06013097219005
1770,1788017119.1861453,0.38574184570312503,-2.2904529785156256,-0.18815273437499988,2.3303160879525215
1771,1788017119.2061453,0.5054928222656251,-2.2808729003906256,-0.4276546874999999,2.3750353077036843
1772,1788017119.2153234,0.7497848144531251,-2.0078406738281256,-0.7246371093749999,2.2624545033539225
1773,1788017119.2353234,1.473080712890625,-2.0605311035156255,-0.5426156249999999,2.5904028512453063
1774,1788017119.2761345,1.5640914550781249,-1.9312000488281253,-0.8204378906249999,2.617065922137874
1775,1788017119.2961345,1.027607080078125,-1.6869080566406254,-1.40482265625,2.4238733048777625
1776,1788017119.3057425,0.486332666015625,-1.7108582519531255,-1.1749007812499999,2.131653645903065
1777,1788017119.3257425,0.30431118164062504,-1.6342176269531254,-0.7581673828125,1.827044150500084
1778,1788017119.3356268,0.21809047851562502,-1.1552137207031254,-1.0551498046874999,1.5796908899059974
1779,1788017119.3556268,-0.280073583984375,-1.0019324707031254,-1.1030501953124998,1.5162551307989254
1780,1788017119.3995547,-0.39982456054687504,-0.9109217285156254,-0.8539681640624999,1.311068152282967
1781,1788017119.4195547,-0.131582373046875,-0.3983875488281254,-0.8252279296874999,0.9257579035008269
1782,1788017119.4261713,-0.280073583984375,0.04708608398437465,-0.839598046875,0.8863313105533116
1783,1788017119.4461713,-0.433354833984375,0.3871788574218747,-0.6479964843749999,0.8704041150721273
1784,1788017119.4564545,-0.38066440429687504,0.7799620605468747,-0.3126937499999999,0.9225093960932235
1785,1788017119.4764545,0.136659814453125,1.2110655761718747,0.24295078125000014,1.2427311924888917
1786,1788017119.5171955,0.036068994140625005,1.5894786621093748,0.37228183593750014,1.632892266810129
1787,1788017119.5371954,-0.308813818359375,1.9152013183593748,0.4153921875000002,1.983913489467527
1788,1788017119.5453615,-0.442934912109375,2.355884912109375,0.32917148437500016,2.4196567776433864
1789,1788017119.5653615,-0.500415380859375,2.4708458496093746,0.5399332031250001,2.578182039687913
1790,1788017119.5757275,-1.199761083984375,2.576226708984375,0.42018222656250015,2.872790249608705
1791,1788017119.5957274,-1.6069144042968753,2.672027490234375,0.46329257812500013,3.152228548860425
1792,1788017119.6354601,-1.4057327636718753,2.3750450683593747,1.3159195312500003,3.0575427866710183
1793,1788017119.6554601,-0.687226904296875,2.7534581542968746,1.2775992187500003,3.1122455541303338
1794,1788017119.6666934,-0.677646826171875,3.0408604980468747,1.0812076171875002,3.297733721977409
1795,1788017119.6866934,-1.199761083984375,3.189351708984375,0.5830435546875001,3.4570696794984555
1796,1788017119.725729,-1.3338821777343752,2.954639794921875,0.8369156250000002,3.3480689576504425
1797,1788017119.745729,-0.735127294921875,2.7534581542968746,1.5650015625000002,3.2513341627446644
1798,1788017119.7556477,-0.6441165527343751,2.791778466796875,1.3829800781250001,3.181437888387538
1799,1788017119.7756476,-1.5111136230468751,2.466055810546875,0.9997769531250001,3.0601388201337807
1800,1788017119.785742,-1.6452347167968753,2.250504052734375,0.9087662109375002,2.9321360457641186
1801,1788017119.805742,-1.4871634277343753,2.130753076171875,1.4979410156250001,2.9992650797650784
1802,1788017119.8456388,-1.137490576171875,2.5618565917968747,1.4787808593750003,3.169193404932363
1803,1788017119.8656387,-0.428564794921875,2.763038232421875,1.2775992187500003,3.074135296473146
1804,1788017119.8756676,-0.529155615234375,2.609756982421875,1.2584390625000001,2.9452514402780077
1805,1788017119.8956676,-0.198642919921875,2.4612657714843746,1.2728091796875003,2.7780085340784018
1806,1788017119.905322,-0.25133334960937503,2.226553857421875,1.5123111328125003,2.703293453374
1807,1788017119.925322,-0.299233740234375,2.4277354980468746,0.9422964843750001,2.6213285075009285
1808,1788017119.9653265,-0.337554052734375,2.1978136230468746,0.8943960937500002,2.396721058588815
1809,1788017119.9853265,-0.270493505859375,2.011002099609375,0.8369156250000002,2.1949314214149265
1810,1788017119.9960175,-0.208222998046875,1.6996495605468747,0.8369156250000002,1.9059363076850062
1811,1788017120.0160174,-0.5435257324218751,1.1919054199218748,0.6884244140625002,1.4798604412988319
1812,1788017120.0256262,-1.8703665527343751,-0.4079676269531254,1.3159195312500003,2.3230051310650297
1813,1788017120.0456262,-2.8044241699218753,-2.1371717285156255,2.2691373046875003,4.193003938649822
1814,1788017120.0857494,-1.2524515136718752,-1.7922889160156255,1.2201187500000001,2.503921747314201
1815,1788017120.1057494,0.016908837890625007,-0.8869715332031254,0.41060214843750015,0.9775472028567241
1816,1788017120.1153815,0.33305141601562505,0.3584386230468747,-0.4276546874999999,0.6498384598825119
1817,1788017120.1353815,0.280360986328125,0.35364858398437465,0.04176914062500013,0.4532265048710009
1818,1788017120.1459012,0.32347133789062504,0.04229604492187465,0.5351431640625002,0.6267382770308577
1819,1788017120.1659012,-0.021411474609374995,0.16683706054687467,0.22379062500000013,0.27995588912319763
1820,1788017120.2104576,-0.299233740234375,0.018345849609374652,0.14715000000000014,0.33396186008666207
1821,1788017120.2304575,-0.5435257324218751,0.04229604492187465,-0.14983242187499987,0.5653838800900649
1822,1788017120.2390602,-0.648906591796875,-0.19241586914062536,0.02739902343750013,0.6773878785894438
1823,1788017120.2590601,-0.735127294921875,-0.22115610351562537,0.12798984375000014,0.7782695946550378
1824,1788017120.2661917,-0.720757177734375,-0.05829477539062535,0.10882968750000013,0.7312544639007768
1825,1788017120.2861917,-0.577056005859375,-0.03434458007812535,0.28127109375000015,0.6428737140826642
1826,1788017120.3257189,-0.466885107421875,0.061456201171874655,0.38186191406250014,0.6062813617507056
1827,1788017120.3457189,-0.500415380859375,0.17162709960937467,0.5207730468750001,0.7423449205540714
1828,1788017120.355524,-0.5243655761718751,0.38238881835937466,0.5782535156250002,0.8692281600437332
1829,1788017120.375524,-0.658486669921875,0.6362608886718747,0.5734634765625002,1.080413333807702
1830,1788017120.385561,-0.739917333984375,0.8374425292968747,0.5255630859375001,1.2349106074149012
1831,1788017120.405561,-0.974629248046875,0.9236632324218746,0.5447232421875001,1.4490615406723433
1832,1788017120.4527144,-1.2476614746093753,1.0625743652343747,0.46808261718750016,1.7043546501214981
1833,1788017120.4727144,-1.2955618652343752,1.1775353027343747,0.5543033203125002,1.8363883322284453
1834,1788017120.475735,-1.4009427246093753,1.3643468261718747,0.44892246093750016,2.0063933202778035
1835,1788017120.495735,-1.2955618652343752,1.3595567871093748,0.5255630859375001,1.9501517277701463
1836,1788017120.5082612,-1.1470706542968752,1.2924962402343747,0.6261539062500001,1.838038718656707
1837,1788017120.5282612,-1.185390966796875,1.2350157714843748,0.5734634765625002,1.8053465204580323
1838,1788017120.5656066,-1.2859817871093753,1.1631651855468748,0.5590933593750002,1.8218912673764427
1839,1788017120.5856066,-1.4009427246093753,1.1152647949218748,0.47766269531250016,1.8532721686037574
1840,1788017120.5958326,-1.4201028808593752,1.0194640136718747,0.45850253906250016,1.807269666022153
1841,1788017120.6158326,-1.180600927734375,0.9092931152343747,0.5830435546875001,1.6001788358313382
1842,1788017120.6264806,-1.0752200683593751,0.9428233886718747,0.49682285156250017,1.5138847655829524
1843,1788017120.6464806,-1.142280615234375,0.8709728027343747,0.5159830078125002,1.5263148729519833
1844,1788017120.6860855,-1.060849951171875,0.8230724121093747,0.5207730468750001,1.4401581096630969
1845,1788017120.7060854,-0.897988623046875,0.7655919433593746,0.5016128906250001,1.2822363599974753
1846,1788017120.7156148,-0.797397802734375,0.6171007324218747,0.5447232421875001,1.146027914293751
1847,1788017120.7356148,-0.787817724609375,0.5883604980468747,0.43934238281250015,1.0769617320063072
1848,1788017120.7454367,-0.735127294921875,0.5069298339843746,0.47287265625000013,1.010444726519719
1849,1788017120.7654366,-0.6249563964843751,0.5069298339843746,0.45371250000000013,0.9237983474473264
1850,1788017120.8059936,-0.648906591796875,0.4350792480468747,0.45371250000000013,0.9034537894185404
1851,1788017120.8259935,-0.6824368652343751,0.44465932617187465,0.47766269531250016,0.9442476591846806
1852,1788017120.8352647,-0.7255472167968751,0.6506310058593747,0.36270175781250014,1.0398519292224018
1853,1788017120.8552647,-0.8596683105468751,0.6171007324218747,0.5064029296875001,1.173152524316517
1854,1788017120.8659573,-1.012949560546875,0.6841612792968746,0.5016128906250001,1.3212717208592681
1855,1788017120.8859572,-1.089590185546875,0.7512218261718747,0.48245273437500014,1.4086524218070953
1856,1788017120.926495,-1.103960302734375,0.7991222167968747,0.5447232421875001,1.467667563847817
1857,1788017120.946495,-1.0752200683593751,0.9188731933593747,0.5111929687500002,1.503909702135282
1858,1788017120.9570808,-1.041689794921875,0.9332433105468747,0.6213638671875001,1.5304096709610384
1859,1788017120.9770808,-1.046479833984375,1.0817345214843748,0.49682285156250017,1.5849613761040642
1860,1788017120.985503,-1.118330419921875,1.0673644042968746,0.5207730468750001,1.6312983375318357
1861,1788017121.005503,-1.1518606933593751,1.1248448730468747,0.42976230468750015,1.6663597102236034
1862,1788017121.0452387,-1.185390966796875,1.0913145996093747,0.46808261718750016,1.6778619239965187
1863,1788017121.0652387,-1.137490576171875,1.0050938964843747,0.5590933593750002,1.617616745748878
1864,1788017121.0770364,-1.0321097167968751,1.0050938964843747,0.5159830078125002,1.530262288827606
1865,1788017121.0970364,-0.955469091796875,0.9332433105468747,0.5111929687500002,1.4300987774832459
1866,1788017121.1056726,-1.036899755859375,0.8470226074218747,0.45371250000000013,1.413670199813674
1867,1788017121.1256726,-1.137490576171875,0.6841612792968746,0.49682285156250017,1.4173194462800736
1868,1788017121.166731,-1.204551123046875,0.6745812011718747,0.47287265625000013,1.4593189349956739
1869,1788017121.186731,-1.089590185546875,0.7608019042968747,0.5016128906250001,1.4204371869473824
1870,1788017121.1954114,-0.9794192871093751,0.9045030761718746,0.45371250000000013,1.4082766018870265
1871,1788017121.2154114,-0.9219388183593751,0.9907237792968747,0.4153921875000002,1.4156466582796
1872,1788017121.255517,-0.9650491699218751,0.9140831542968747,0.49203281250000014,1.4173793429822816
1873,1788017121.275517,-1.008159521484375,0.8709728027343747,0.5351431640625002,1.4357428216450885
1874,1788017121.2972925,-1.142280615234375,0.7991222167968747,0.6213638671875001,1.5262681208636897
1875,1788017121.3172925,-1.103960302734375,0.8182823730468747,0.5782535156250002,1.4908693840793934
1876,1788017121.3164043,-1.223711279296875,0.8326524902343747,0.5399332031250001,1.575533981991097
1877,1788017121.3364043,-1.056059912109375,0.9428233886718747,0.46808261718750016,1.4910666707777616
1878,1788017121.3763108,-1.027319677734375,0.9859337402343747,0.43934238281250015,1.4901250919732103
1879,1788017121.3963108,-1.118330419921875,0.9524034667968747,0.49682285156250017,1.5506670298694163
1880,1788017121.4056191,-1.065639990234375,1.0434142089843748,0.38186191406250014,1.5395195100123558
1881,1788017121.4256191,-1.118330419921875,0.8757628417968747,0.5207730468750001,1.512887322157948
1882,1788017121.4361377,-1.046479833984375,0.8182823730468747,0.5495132812500002,1.437592060094007
1883,1788017121.4561377,-0.950679052734375,0.8087022949218747,0.5064029296875001,1.3469350356702132
1884,1788017121.504061,-0.950679052734375,0.7560118652343747,0.5351431640625002,1.327299064915632
1885,1788017121.524061,-0.926728857421875,0.8182823730468747,0.5016128906250001,1.3341768658085955
1886,1788017121.5561426,-0.8836185058593751,0.8853429199218747,0.43934238281250015,1.325758454277517
1887,1788017121.5761425,-1.041689794921875,0.7464317871093747,0.5638833984375001,1.4000866147082107
1888,1788017121.5561426,-1.036899755859375,0.8230724121093747,0.44892246093750016,1.3979058177184032
1889,1788017121.5761425,-1.094380224609375,0.8997130371093747,0.4058121093750002,1.4737147258801575
1890,1788017121.6154783,-1.051269873046875,0.8518126464843747,0.5351431640625002,1.4550365413725976
1891,1788017121.6354783,-1.027319677734375,0.9476134277343747,0.4441324218750001,1.466496006419146
1892,1788017121.6471858,-1.027319677734375,0.9380333496093747,0.46808261718750016,1.467785277808966
1893,1788017121.6671858,-1.099170263671875,0.8901329589843747,0.5399332031250001,1.5139484195465844
1894,1788017121.6765952,-1.156650732421875,0.9667735839843747,0.42018222656250015,1.5649425494314715
1895,1788017121.6965952,-1.065639990234375,0.8661827636718747,0.5974136718750002,1.4975861458400768
1896,1788017121.7356925,-1.036899755859375,0.9140831542968747,0.45850253906250016,1.456342574738964
1897,1788017121.7556925,-0.9410989746093751,0.8661827636718747,0.5064029296875001,1.3756394103431129
1898,1788017121.765432,-0.9602591308593751,0.8853429199218747,0.48245273437500014,1.3923686024758344
1899,1788017121.7854319,-0.8644583496093751,0.8901329589843747,0.45371250000000013,1.3211661347218575
1900,1788017121.7956228,-0.8405081542968751,0.8326524902343747,0.49682285156250017,1.28319798658186
1901,1788017121.8156228,-0.917148779296875,0.7895421386718747,0.4441324218750001,1.2891052246674275
1902,1788017121.8552837,-0.9650491699218751,0.7512218261718747,0.4345523437500001,1.2978789897145746
1903,1788017121.8752837,-0.9794192871093751,0.7272716308593747,0.46808261718750016,1.3066321217266132
1904,1788017121.8855195,-0.9794192871093751,0.7272716308593747,0.5064029296875001,1.320844461778439
1905,1788017121.9055195,-0.888408544921875,0.8039122558593746,0.45850253906250016,1.282875378256934
1906,1788017121.9160423,-0.897988623046875,0.8374425292968747,0.45371250000000013,1.3090258170307487
1907,1788017121.9360423,-0.936308935546875,0.8422325683593747,0.49682285156250017,1.3538327325873183
1908,1788017121.977646,-1.012949560546875,0.8949229980468747,0.46329257812500013,1.4288435875179002
1909,1788017121.997646,-1.022529638671875,0.9045030761718746,0.48724277343750017,1.4495165390687637
1910,1788017122.0069659,-1.089590185546875,0.8470226074218747,0.5207730468750001,1.475079196611252
1911,1788017122.0269659,-1.036899755859375,0.8805528808593747,0.44892246093750016,1.4325033527448225
1912,1788017122.035521,-0.988999365234375,0.8949229980468747,0.45371250000000013,1.4088512872278087
1913,1788017122.055521,-0.969839208984375,0.8997130371093747,0.4345523437500001,1.392446544714242
1914,1788017122.095951,-0.893198583984375,0.8278624511718747,0.5686734375000002,1.3440793975841099
1915,1788017122.115951,-0.878828466796875,0.8230724121093747,0.48724277343750017,1.2989200090441124
1916,1788017122.125936,-0.9458890136718751,0.7560118652343747,0.49203281250000014,1.3070410303953626
1917,1788017122.145936,-0.969839208984375,0.7799620605468747,0.4345523437500001,1.3182430150145241
1918,1788017122.1555274,-1.003369482421875,0.7799620605468747,0.4441324218750001,1.3462335392897553
1919,1788017122.1755273,-0.950679052734375,0.7943321777343747,0.48245273437500014,1.3294791878017787
1920,1788017122.2154129,-0.897988623046875,0.8422325683593747,0.46808261718750016,1.3171334795076584
1921,1788017122.2354128,-0.926728857421875,0.8470226074218747,0.47766269531250016,1.343292716854896
1922,1788017122.2470007,-0.955469091796875,0.9045030761718746,0.39623203125000017,1.3740621611746793
1923,1788017122.2670007,-0.950679052734375,0.8182823730468747,0.5590933593750002,1.3733033488069473
1924,1788017122.2754555,-0.936308935546875,0.8278624511718747,0.5111929687500002,1.3503143753010503
1925,1788017122.2954555,-0.950679052734375,0.8134923339843747,0.44892246093750016,1.3293200572824648
1926,1788017122.3354573,-0.926728857421875,0.8134923339843747,0.44892246093750016,1.312298566852826
1927,1788017122.3554573,-0.993789404296875,0.8182823730468747,0.45371250000000013,1.364938993064603
1928,1788017122.3660636,-0.974629248046875,0.7991222167968747,0.48724277343750017,1.3512601558522457
1929,1788017122.3860636,-1.003369482421875,0.8087022949218747,0.46329257812500013,1.369448696743751
1930,1788017122.396694,-1.017739599609375,0.8518126464843747,0.4058121093750002,1.387826410412755
1931,1788017122.416694,-1.012949560546875,0.8134923339843747,0.5111929687500002,1.3961213561015717
1932,1788017122.456491,-0.9458890136718751,0.8613927246093747,0.5064029296875001,1.3759169231429627
1933,1788017122.476491,-0.893198583984375,0.8518126464843747,0.5111929687500002,1.3359291696949527
1934,1788017122.485589,-0.936308935546875,0.8374425292968747,0.48724277343750017,1.3473640684414647
1935,1788017122.505589,-0.950679052734375,0.8518126464843747,0.44892246093750016,1.3531100553734807
1936,1788017122.5153196,-1.056059912109375,0.8422325683593747,0.47766269531250016,1.4327525563274672
1937,1788017122.5353196,-1.036899755859375,0.8566026855468747,0.47766269531250016,1.4272669389713166
1938,1788017122.5756004,-0.9602591308593751,0.8134923339843747,0.5207730468750001,1.3620102577446394
1939,1788017122.5956004,-0.926728857421875,0.8326524902343747,0.44892246093750016,1.3242612735431558
1940,1788017122.605374,-0.950679052734375,0.7943321777343747,0.47766269531250016,1.3277484401743296
1941,1788017122.625374,-0.9985794433593751,0.8278624511718747,0.46808261718750016,1.3789918343751437
1942,1788017122.6664581,-0.9842093261718751,0.8518126464843747,0.48245273437500014,1.3881690903273727
1943,1788017122.686458,-0.8644583496093751,0.8374425292968747,0.49682285156250017,1.3020872374457886
1944,1788017122.6953285,-0.9027786621093751,0.8278624511718747,0.4441324218750001,1.3029271502969193
1945,1788017122.7153285,-0.893198583984375,0.7895421386718747,0.48724277343750017,1.287861024892561
1946,1788017122.7261236,-1.103960302734375,0.7943321777343747,0.46329257812500013,1.4367783306910349
1947,1788017122.7461236,-1.046479833984375,0.7847520996093746,0.5255630859375001,1.4096710460520339
1948,1788017122.7860582,-1.003369482421875,0.8949229980468747,0.42976230468750015,1.411500311448446
1949,1788017122.8060582,-0.9650491699218751,0.8661827636718747,0.5016128906250001,1.3903984941340792
1950,1788017122.817473,-0.8596683105468751,0.8901329589843747,0.47287265625000013,1.3247546330765285
1951,1788017122.837473,-0.912358740234375,0.9092931152343747,0.4153921875000002,1.3534264330693135
1952,1788017122.8484278,-0.955469091796875,0.7176915527343747,0.6117837890625002,1.342490876991383
1953,1788017122.8684278,-0.917148779296875,0.7943321777343747,0.44892246093750016,1.2936989092845999
1954,1788017122.9353878,-1.1470706542968752,0.8182823730468747,0.34354160156250013,1.4503027132265915
1955,1788017122.9553878,-1.022529638671875,0.7703819824218747,0.48245273437500014,1.3681432314303235
1956,1788017122.9363916,-0.9985794433593751,0.9045030761718746,0.42018222656250015,1.4113255552930812
1957,1788017122.9563916,-0.969839208984375,0.8134923339843747,0.6022037109375001,1.4017871372650272
1958,1788017122.9656293,-1.036899755859375,0.8230724121093747,0.49203281250000014,1.4123404645670379
1959,1788017122.9856293,-0.926728857421875,0.8518126464843747,0.46808261718750016,1.342949178637177
1960,1788017123.0259376,-0.8836185058593751,0.8518126464843747,0.5111929687500002,1.3295430417655938
1961,1788017123.0459375,-0.931518896484375,0.9284532714843747,0.41060214843750015,1.3778051589898321
1962,1788017123.0564663,-0.9650491699218751,0.8422325683593747,0.5111929687500002,1.3791279312926583
1963,1788017123.0764663,-0.9650491699218751,0.8566026855468747,0.39144199218750014,1.3484490700433356
1964,1788017123.0865839,-0.869248388671875,0.7176915527343747,0.5159830078125002,1.2397227070704817
1965,1788017123.1065838,-0.8644583496093751,0.7272716308593747,0.47287265625000013,1.2246717161309597
1966,1788017123.1460578,-0.9027786621093751,0.7081114746093747,0.49682285156250017,1.2503056102682057
1967,1788017123.1660578,-0.936308935546875,0.7176915527343747,0.48245273437500014,1.2745651135022935
1968,1788017123.176078,-0.9027786621093751,0.8326524902343747,0.37228183593750014,1.2833211786698193
1969,1788017123.196078,-0.912358740234375,0.8087022949218747,0.45371250000000013,1.3008662134709368
1970,1788017123.2053022,-1.022529638671875,0.8422325683593747,0.42018222656250015,1.389775400806434
1971,1788017123.2253022,-1.012949560546875,0.8134923339843747,0.5111929687500002,1.3961213561015717
1972,1788017123.2659018,-1.056059912109375,0.8805528808593747,0.47766269531250016,1.4556090012250567
1973,1788017123.2859018,-0.9458890136718751,0.9284532714843747,0.46329257812500013,1.4040553822627155
1974,1788017123.2955942,-0.888408544921875,0.8709728027343747,0.5111929687500002,1.3450582207074213
1975,1788017123.3155942,-0.8836185058593751,0.8709728027343747,0.42976230468750015,1.3130388134135405
1976,1788017123.3254383,-0.9027786621093751,0.7368517089843747,0.5159830078125002,1.2744403548791214
1977,1788017123.3454382,-0.897988623046875,0.7368517089843747,0.46808261718750016,1.25237188752699
1978,1788017123.3854682,-0.907568701171875,0.7416417480468747,0.45371250000000013,1.2568088408541205
1979,1788017123.4054682,-0.931518896484375,0.7703819824218747,0.42018222656250015,1.279753475036011
1980,1788017123.4155986,-0.950679052734375,0.7799620605468747,0.42018222656250015,1.299493971020826
1981,1788017123.4355986,-0.8836185058593751,0.7464317871093747,0.49682285156250017,1.258878478066546
1982,1788017123.4466014,-0.869248388671875,0.7703819824218747,0.47766269531250016,1.255883279027996
1983,1788017123.4666014,-0.811767919921875,0.7655919433593746,0.5399332031250001,1.2396072133494118
1984,1788017123.5052013,-0.835718115234375,0.8422325683593747,0.46329257812500013,1.273742705683465
1985,1788017123.5252013,-0.907568701171875,0.8661827636718747,0.43934238281250015,1.329276215376028
1986,1788017123.5352588,-0.9985794433593751,0.8422325683593747,0.47287265625000013,1.3892894417413812
1987,1788017123.5552588,-1.027319677734375,0.8374425292968747,0.45371250000000013,1.4009106833740887
1988,1788017123.5655885,-0.9794192871093751,0.7991222167968747,0.47287265625000013,1.3496173555379016
1989,1788017123.5855885,-0.912358740234375,0.8230724121093747,0.4441324218750001,1.306560474918078
1990,1788017123.6276357,-0.917148779296875,0.8134923339843747,0.47766269531250016,1.3157101927515404
1991,1788017123.6476357,-0.874038427734375,0.7895421386718747,0.5207730468750001,1.2878371512914228
1992,1788017123.6562417,-0.830928076171875,0.7751720214843747,0.48724277343750017,1.2364217124144707
1993,1788017123.6762416,-0.869248388671875,0.7751720214843747,0.45371250000000013,1.2499357810532
1994,1788017123.6861615,-0.9219388183593751,0.7655919433593746,0.46329257812500013,1.2848121347031145
1995,1788017123.7061615,-0.907568701171875,0.7751720214843747,0.49682285156250017,1.292828509924526
1996,1788017123.7461278,-0.897988623046875,0.8326524902343747,0.5159830078125002,1.3288838177080653
1997,1788017123.7661278,-0.9650491699218751,0.8901329589843747,0.6453140625000001,1.462903559465706
1998,1788017123.776153,-1.156650732421875,1.0721544433593746,0.6548941406250002,1.707700911357802
1999,1788017123.796153,-1.171020849609375,1.2445958496093747,0.7219546875000001,1.8551353669983135
2000,1788017123.8052316,-1.209341162109375,1.4553575683593747,0.8417056640625001,2.0709997882829105
2001,1788017123.8252316,-1.1949710449218751,1.7044395996093746,1.1195279296875003,2.363559377775101
2002,1788017123.8664715,-1.099170263671875,1.8720909667968748,1.2201187500000001,2.490299102638982
2003,1788017123.8864715,-1.3865726074218752,1.9918419433593748,0.6501041015625002,2.5124994061385832
2004,1788017123.8971143,-1.319512060546875,1.5559483886718748,0.9279263671875002,2.2412351079396053
2005,1788017123.9171143,-1.4248929199218752,1.1008946777343747,1.0812076171875002,2.1003092239409966
2006,1788017123.9256318,-1.099170263671875,0.8087022949218747,0.6117837890625002,1.4954778750994866
2007,1788017123.9456317,-0.9602591308593751,-0.015184423828125349,0.44892246093750016,1.0601224179593487
2008,1788017123.9852214,-0.797397802734375,-0.6235193847656254,0.39144199218750014,1.0852863733742502
2009,1788017124.0052214,-0.601006201171875,-1.2941248535156253,0.5734634765625002,1.5377997103930785
2010,1788017124.0162253,-0.280073583984375,-1.4521961425781253,0.11361972656250013,1.4833153040499438
2011,1788017124.0362253,-0.06931186523437499,-1.3611854003906254,-0.2408431640624999,1.384064759530598
2012,1788017124.075277,-0.155532568359375,-1.3851355957031255,0.017818945312500133,1.393954272247252
2013,1788017124.095277,-0.404614599609375,-1.2414344238281254,0.4058121093750002,1.3673170338286258
2014,1788017124.1063445,-0.37108432617187503,-0.7672205566406254,0.6405240234375001,1.0661153709908457
2015,1788017124.1263444,-0.438144873046875,-0.07745493164062535,0.8225455078125001,0.9351744803165022
2016,1788017124.1353471,-0.7255472167968751,0.4686095214843747,0.9710367187500002,1.2995868407260336
2017,1788017124.155347,-0.754287451171875,1.0050938964843747,0.8991861328125001,1.5452181079665763
2018,1788017124.1962223,-0.696806982421875,1.4601476074218747,0.9422964843750001,1.8722963629396894
2019,1788017124.2162223,-0.850088232421875,1.6517491699218747,1.1386880859375001,2.1788840906059592
2020,1788017124.2265522,-0.754287451171875,1.7283897949218747,1.1770083984375002,2.2229776454516705
2021,1788017124.2465522,-0.40940463867187504,2.0014220214843745,0.8273355468750002,2.2040386506074716
2022,1788017124.2565901,-0.054941748046874996,2.379835107421875,0.5543033203125002,2.4441534127598445
2023,1788017124.27659,-0.112422216796875,2.312774560546875,0.7411148437500001,2.4312170068442884
2024,1788017124.3159513,-0.519575537109375,2.0589024902343747,0.7938052734375002,2.266972654266696
2025,1788017124.3359513,-0.759077490234375,1.6996495605468747,0.8177554687500002,2.0331579553783405
2026,1788017124.3454728,-0.653696630859375,1.5128380371093748,0.6644742187500001,1.776942373602832
2027,1788017124.3654728,-0.39024448242187504,1.5463683105468746,0.5016128906250001,1.6718735598021404
2028,1788017124.376807,-0.289653662109375,1.5224181152343748,0.5111929687500002,1.6318622530307503
2029,1788017124.396807,-0.5243655761718751,1.4074571777343747,0.5447232421875001,1.5976915769976805
2030,1788017124.435995,-0.462095068359375,1.2637560058593746,0.8129654296875002,1.5721081020129235
2031,1788017124.455995,-0.414194677734375,1.3739269042968747,0.7267447265625002,1.6085366850030742
2032,1788017124.4661057,-0.265703466796875,1.3787169433593747,0.7794351562500001,1.605919644618795
2033,1788017124.4861057,-0.313603857421875,1.5703185058593747,0.5974136718750002,1.7091374095073424
2034,1788017124.495275,-0.189062841796875,1.8481407714843747,0.5590933593750002,1.940091351938973
2035,1788017124.515275,-0.246543310546875,2.073272607421875,0.5111929687500002,2.1495490596775757
2036,1788017124.556051,-0.5243655761718751,2.0349522949218746,0.5255630859375001,2.166150192711026
2037,1788017124.576051,-0.677646826171875,1.9008312011718747,0.6644742187500001,2.124591834624418
2038,1788017124.5854642,-0.7447073730468751,2.0828526855468747,0.4441324218750001,2.2561289833076383
2039,1788017124.6054642,-0.730337255859375,2.044532373046875,0.6357339843750002,2.2622251944981517
2040,1788017124.615299,-0.639326513671875,2.087642724609375,0.7363248046875002,2.3041624844390585
2041,1788017124.635299,-0.40940463867187504,2.149913232421875,0.5495132812500002,2.256480425658256
2042,1788017124.6960373,-0.06931186523437499,2.044532373046875,0.4249722656250002,2.089382249768912
2043,1788017124.7160373,-0.145952490234375,1.8720909667968748,0.31959140625000015,1.9047743657233855
2044,1788017124.7065542,-0.462095068359375,1.6230089355468746,0.26690097656250017,1.7084864612741508
2045,1788017124.7265542,-0.423774755859375,1.1871153808593746,0.32917148437500016,1.3027593167205567
2046,1788017124.7362583,0.016908837890625007,0.9715636230468747,-0.02050136718749987,0.9719269975071883
2047,1788017124.7562582,0.146239892578125,0.5787804199218747,-0.20731289062499988,0.6319426518961165
2048,1788017124.796152,0.328261376953125,0.08540639648437466,-0.0061312499999998694,0.33924530414755977
2049,1788017124.816152,0.32347133789062504,-0.40317758789062536,0.42018222656250015,0.666137356205966
2050,1788017124.8263297,0.34263149414062505,-0.5804090332031254,0.08487949218750014,0.6793198913581375
2051,1788017124.8463297,0.35221157226562505,-0.8199109863281254,-0.044451562499999875,0.8934668200599698
2052,1788017124.8558686,0.39532192382812503,-0.8726014160156254,0.17589023437500015,0.973986667896505
2053,1788017124.8758686,0.33305141601562505,-0.5612488769531254,-0.07319179687499987,0.6567195647465885
2054,1788017124.915231,0.582133447265625,-0.24510629882812537,-0.4803451171874999,0.7935287516885923
2055,1788017124.935231,0.7066744628906251,0.008765771484374652,-0.7342171874999999,1.0190880794474437
2056,1788017124.94575,0.572553369140625,0.056666162109374654,-0.5905160156249999,0.8244619937584218
2057,1788017124.96575,0.33305141601562505,0.027925927734374655,-0.3989144531249999,0.5204189120908811
2058,1788017124.975771,0.012118798828125006,0.17641713867187467,-0.6048861328124999,0.630204019164484
2059,1788017124.995771,-0.213013037109375,-0.08703500976562535,-0.20731289062499988,0.3097229108780228
2060,1788017125.0367908,-0.304023779296875,-0.13014536132812535,-0.039661523437499874,0.3330785341245614
2061,1788017125.0567908,-0.553105810546875,-0.02955454101562535,-0.20731289062499988,0.5914204453471769
2062,1788017125.0658092,-0.404614599609375,-0.09182504882812535,-0.17857265624999988,0.45170012991975445
2063,1788017125.0858092,-0.088472021484375,0.13809682617187466,-0.3989144531249999,0.43131284805381626
2064,1788017125.0954442,0.146239892578125,-0.04871469726562535,0.051349218750000133,0.16246836669696174
2065,1788017125.1154442,0.036068994140625005,-0.27384653320312535,0.25253085937500014,0.3742522291481548
2066,1788017125.1556633,-0.193852880859375,-0.6522596191406254,0.29085117187500015,0.7400107798944645
2067,1788017125.1756632,-0.375874365234375,-0.7384803222656254,0.056139257812500135,0.830533768778624
2068,1788017125.1857202,-0.486045263671875,-0.6091492675781254,-0.2408431640624999,0.8156643048487934
2069,1788017125.2057202,-0.131582373046875,-0.6714197753906254,-0.10672207031249988,0.6924651875538805
2070,1788017125.2155488,0.184560205078125,-0.6378895019531253,-0.16420253906249987,0.6840526001961089
2071,1788017125.2355487,0.184560205078125,-0.5325086425781254,-0.2887435546874999,0.6332462112736644
2072,1788017125.2752707,-0.222593115234375,-0.6139393066406253,-0.2791634765624999,0.7102122315439076
2073,1788017125.2952707,-0.25133334960937503,-0.5181385253906253,-0.4324447265624999,0.7201697200324069
2074,1788017125.3073883,-0.160322607421875,-0.4654480957031254,-0.6048861328124999,0.7798926220404163
2075,1788017125.3273883,0.07438930664062501,-0.6953699707031253,-0.37496425781249987,0.7935183424061584
2076,1788017125.3359635,0.189350244140625,-0.6426795410156254,-0.4084945312499999,0.7847026758316339
2077,1788017125.3559635,0.160610009765625,-0.5133484863281254,-0.4563949218749999,0.7054208448618307
2078,1788017125.3953993,0.155819970703125,-0.4893982910156254,-0.6240462890624999,0.8082229404141005
2079,1788017125.4153993,0.27557094726562503,-0.5277186035156254,-0.7821175781249999,0.9829212468379505
2080,1788017125.4252713,0.6060836425781251,-0.5851990722656254,-0.7102669921874999,1.101941258040734
2081,1788017125.4452713,0.620453759765625,-0.6139393066406253,-0.6958968749999999,1.1163139347336113
2082,1788017125.4852326,0.610873681640625,-0.6474695800781254,-0.7150570312499999,1.1417924811399744
2083,1788017125.5052326,0.5054928222656251,-0.5660389160156254,-0.7916976562499999,1.096680549074321
2084,1788017125.516067,0.697094384765625,-0.5085584472656254,-0.8108578124999999,1.1840872719733433
2085,1788017125.536067,0.663564111328125,-0.5516687988281254,-0.8731283203124999,1.2276028906673682
2086,1788017125.5485184,0.658774072265625,-0.6762098144531253,-0.7437972656249999,1.201864120357785
2087,1788017125.5685184,0.639613916015625,-0.7720105957031254,-0.4803451171874999,1.1116823975599373
2088,1788017125.605795,0.582133447265625,-0.7768006347656254,-0.5713558593749999,1.1263862990287938
2089,1788017125.625795,0.165400048828125,-0.9300818847656254,-0.5330355468749999,1.0846826184436875
2090,1788017125.6369686,-0.198642919921875,-0.9875623535156254,-0.3222738281249999,1.0576383276010526
2091,1788017125.6569686,-0.318393896484375,-0.8965516113281254,-0.16899257812499988,0.9663011728001241
2092,1788017125.6670706,0.21330043945312502,-0.8486512207031254,-0.20731289062499988,0.8992689289034145
2093,1788017125.6870706,0.160610009765625,-0.7384803222656254,-0.3318539062499999,0.8253943158901931
2094,1788017125.7261088,0.093549462890625,-0.6857898925781254,-0.16899257812499988,0.7124729961414505
2095,1788017125.7461088,0.189350244140625,-0.6330994628906254,-0.26479335937499987,0.7118876091333591
2096,1788017125.7566373,0.448012353515625,-0.4989783691406254,-0.63841640625,0.9258887565696068
2097,1788017125.7766373,0.754574853515625,-0.5947791503906253,-0.7294271484374999,1.2063206091977305
2098,1788017125.785661,0.936596337890625,-0.7145301269531253,-0.6815267578124999,1.3609719777013034
2099,1788017125.805661,0.9030660644531251,-0.8965516113281254,-0.4659749999999999,1.3551626504471388
2100,1788017125.8483562,0.7066744628906251,-1.0163025878906253,-0.5090853515624999,1.3384422444881399
2101,1788017125.8683562,0.146239892578125,-1.1887439941406255,-0.49471523437499987,1.2958555293354965
2102,1788017125.8776896,-0.083681982421875,-1.1216834472656254,-0.33664394531249986,1.1740977710426495
2103,1788017125.8976896,-0.145952490234375,-0.8726014160156254,-0.2935335937499999,0.9321466254285747
2104,1788017125.905247,-0.0022513183593749946,-0.7432703613281254,-0.18336269531249988,0.7655571673594742
2105,1788017125.925247,0.103129541015625,-0.6570496582031253,-0.15462246093749987,0.6828309168464078
2106,1788017125.9662771,0.10791958007812501,-0.5133484863281254,-0.13546230468749987,0.5417779435994653
2107,1788017125.986277,0.06959926757812501,-0.40317758789062536,-0.16420253906249987,0.4408613152220165
2108,1788017125.9955053,0.20851040039062502,-0.38401743164062535,-0.3222738281249999,0.5429607676151778
2109,1788017126.0155053,0.155819970703125,-0.41275766601562536,-0.2504232421874999,0.5073071597684075
2110,1788017126.0252843,0.06480922851562501,-0.33611704101562534,-0.3222738281249999,0.47014393716842934
2111,1788017126.0452843,-0.088472021484375,-0.4750281738281254,-0.26479335937499987,0.5509941811717373
2112,1788017126.0855572,-0.246543310546875,-0.45107797851562537,-0.4084945312499999,0.6565993669950596
2113,1788017126.1055572,-0.141162451171875,-0.4750281738281254,-0.2168929687499999,0.5409446953659165
2114,1788017126.1152644,0.136659814453125,-0.34090708007812537,-0.19294277343749988,0.41487402419952774
2115,1788017126.1352644,0.25641079101562503,-0.24510629882812537,-0.3222738281249999,0.47925359859767647
2116,1788017126.1460505,0.165400048828125,-0.3169568847656254,-0.3318539062499999,0.4877969434570698
2117,1788017126.1660504,0.170190087890625,-0.34569711914062534,-0.3318539062499999,0.5085254952229339
2118,1788017126.2065866,0.165400048828125,-0.44149790039062536,-0.11630214843749988,0.48559629522150904
2119,1788017126.2265866,0.007328759765625006,-0.36485727539062535,-0.2312630859374999,0.43203837450220595
2120,1788017126.2369692,0.08396938476562502,-0.40317758789062536,-0.2408431640624999,0.4770832785068627
2121,1788017126.2569692,0.24204067382812502,-0.4654480957031254,-0.19294277343749988,0.5589745355582784
2122,1788017126.2662218,0.170190087890625,-0.5516687988281254,-0.19294277343749988,0.608711790126033
2123,1788017126.2862217,-0.059731787109375,-0.7576404785156254,-0.17857265624999988,0.7806889102817115
2124,1788017126.3257282,-0.332764013671875,-0.8151209472656253,-0.2168929687499999,0.9067505761560974
2125,1788017126.3457282,-0.375874365234375,-0.8773914550781254,0.11361972656250013,0.961252696302378
2126,1788017126.3552458,-0.768657568359375,-0.9396619628906254,0.08487949218750014,1.2169649091463641
2127,1788017126.3752458,-0.256123388671875,-1.0977332519531253,-0.35580410156249986,1.1820380879468502
2128,1788017126.3852773,0.04564907226562501,-1.7779187988281255,-0.2935335937499999,1.80256513438071
2129,1788017126.4052773,0.33305141601562505,-2.0940613769531256,-0.4372347656249999,2.164992040730862
2130,1788017126.4463365,-0.155532568359375,-2.1754920410156253,-0.6719466796874999,2.2822069013754755
2131,1788017126.4663365,0.098339501953125,-1.9982605957031254,-1.0264095703125,2.2486068291307153
2132,1788017126.475462,0.950966455078125,-1.7922889160156255,-1.2611214843749998,2.388946243746084
2133,1788017126.495462,1.870653955078125,-1.5048865722656255,-1.6203744140625,2.896488055694897
2134,1788017126.505987,3.049003564453125,-1.1073133300781255,-1.9939974609375,3.8077015929877915
2135,1788017126.525987,3.451366845703125,-0.7193201660156254,-2.008367578125,4.057449313758481
2136,1788017126.5656955,3.096903955078125,-0.19241586914062536,-2.1281185546875,3.7625425654045284
2137,1788017126.5856955,2.1388961425781248,0.023135888671874653,-2.085008203125,2.9870840606147597
2138,1788017126.5953734,1.1521480957031252,-0.18762583007812536,-1.6299544921875,2.0048442166779576
2139,1788017126.6153734,0.9030660644531251,-0.33132700195312537,-1.309021875,1.6244519593446332
2140,1788017126.6258907,0.673144189453125,-0.5085584472656254,-1.155740625,1.4309057223853427
2141,1788017126.6458907,0.534233056640625,-0.6905799316406254,-1.0743099609375,1.3843581519830368
2142,1788017126.6856687,0.036068994140625005,-0.6857898925781254,-1.1174203125,1.3115780205112584
2143,1788017126.7056687,-0.347134130859375,-0.5277186035156254,-1.1222103515625,1.2877674877313858
2144,1788017126.7163596,-0.8261380371093751,-0.34090708007812537,-1.069519921875,1.3937699081605366
2145,1788017126.7363596,-0.38066440429687504,-0.32653696289062534,-0.9880892578124999,1.1080849056985593
2146,1788017126.7458785,0.328261376953125,-0.5995691894531254,-0.4995052734374999,0.846607502171172
2147,1788017126.7658784,0.8647457519531251,-0.6043592285156254,-0.3797542968749999,1.1212709835753367
2148,1788017126.8136828,0.950966455078125,-0.3696473144531254,-0.4659749999999999,1.1216545976330072
2149,1788017126.8336828,0.553393212890625,-0.04871469726562535,-0.6432064453124999,0.8499009948780106
2150,1788017126.8365784,0.23725063476562502,0.29616811523437464,-0.3701742187499999,0.5301248611462648
2151,1788017126.8565784,-0.026201513671874996,0.4398692871093747,-0.044451562499999875,0.44288536944620144
2152,1788017126.8963885,-0.083681982421875,0.39196889648437466,0.35791171875000016,0.5373482003429552
2153,1788017126.9163885,-0.48125522460937503,0.49255971679687466,0.5399332031250001,0.875071156913345
2154,1788017126.9270208,-0.5243655761718751,0.8470226074218747,0.7650650390625001,1.256077652437746
2155,1788017126.9470208,-0.581846044921875,1.4553575683593747,0.6453140625000001,1.6950046345164942
2156,1788017126.955778,-0.759077490234375,1.8720909667968748,0.5447232421875001,2.0922826373896615
2157,1788017126.9757779,-1.012949560546875,1.7762901855468747,1.1195279296875003,2.3312263770025936
2158,1788017127.0153534,-1.1518606933593751,1.9870519042968748,1.4692007812500003,2.7264829474804695
2159,1788017127.0353534,-0.778237646484375,2.370255029296875,1.6272720703125003,2.9785528582067835
2160,1788017127.0459988,-0.816557958984375,2.652867333984375,1.5745816406250002,3.1912034305408064
2161,1788017127.0659988,-1.1518606933593751,2.8875792480468747,1.3973501953125003,3.408443125386894
2162,1788017127.0760808,-0.7015970214843751,2.992960107421875,1.7039126953125001,3.514735702499068
2163,1788017127.0960808,0.05043911132812501,3.2899425292968747,1.6272720703125003,3.6707329432753646
2164,1788017127.135272,0.45280239257812505,3.471964013671875,1.3686099609375002,3.75934267447573
2165,1788017127.155272,-0.054941748046874996,3.2803624511718747,0.8560757812500002,3.3906728167105116
2166,1788017127.165432,-0.486045263671875,2.825308740234375,0.6692642578125002,2.943896078798966
2167,1788017127.185432,-0.021411474609374995,2.5905968261718746,0.7602750000000001,2.699938599791065
2168,1788017127.195971,-0.8596683105468751,1.8481407714843747,1.3925601562500003,2.468578073336228
2169,1788017127.215971,-3.4367093261718753,-1.6869080566406254,3.9073306640625005,5.470270807051412
2170,1788017127.2562344,-1.4823733886718753,-2.0126307128906253,1.8140835937500002,3.088529186364617
2171,1788017127.2762344,-0.47167514648437503,-1.6342176269531254,0.3052212890625001,1.7280928017188013
2172,1788017127.2866232,0.07438930664062501,-1.0737830566406255,0.04655917968750013,1.0773632529857933
2173,1788017127.3066232,0.893485986328125,-0.19720590820312536,-0.2839535156249999,0.9580380874635198
2174,1788017127.3152275,1.161728173828125,-0.7624305175781254,0.6501041015625002,1.5341277609341615
2175,1788017127.3352275,1.1952584472656251,-0.38401743164062535,0.051349218750000133,1.256482743944353
2176,1788017127.375535,1.051557275390625,-0.15888559570312535,-0.14025234374999987,1.0727012892116146
2177,1788017127.395535,0.515072900390625,0.14288686523437466,-0.5042953124999999,0.7348676827720686
2178,1788017127.4058068,0.20372036132812502,0.4254991699218747,-0.6048861328124999,0.7670976227917328
2179,1788017127.4258068,-0.213013037109375,0.24826772460937466,-0.19773281249999988,0.38224296226410287
2180,1788017127.4353268,-0.5866360839843751,0.21952749023437465,-0.18815273437499988,0.6540150345778876
2181,1788017127.4553268,-0.739917333984375,-0.06308481445312535,0.13756992187500014,0.7552369418598537
2182,1788017127.4960604,-0.620166357421875,-0.15888559570312535,0.30043125000000015,0.7071844733705742
2183,1788017127.5160604,-0.486045263671875,-0.13972543945312535,0.5303531250000002,0.7328285160700949
2184,1788017127.5257113,-0.318393896484375,-0.005604345703125349,0.5111929687500002,0.602265998798456
2185,1788017127.5457113,-0.227383154296875,0.17162709960937467,0.5255630859375001,0.5978089305777147
2186,1788017127.5555482,-0.270493505859375,0.4254991699218747,0.4153921875000002,0.6532740234789192
2187,1788017127.5755482,-0.150742529296875,0.7320616699218747,0.3148013671875001,0.8110101722486237
2188,1788017127.6155376,-0.059731787109375,0.8661827636718747,0.34354160156250013,0.9337351329352742
2189,1788017127.6355376,-0.136372412109375,0.9476134277343747,0.28127109375000015,0.9978387000845085
2190,1788017127.6458647,-0.260913427734375,0.8230724121093747,0.4441324218750001,0.970967363255943
2191,1788017127.6658647,-0.126792333984375,0.7176915527343747,0.5399332031250001,0.9070200243987481
2192,1788017127.6758943,-0.06931186523437499,0.7320616699218747,0.44892246093750016,0.8615392034987458
2193,1788017127.6958942,-0.117212255859375,0.7129015136718747,0.3148013671875001,0.788078157229607
2194,1788017127.736192,-0.222593115234375,0.5787804199218747,0.35312167968750013,0.7136031040431416
2195,1788017127.756192,-0.222593115234375,0.3871788574218747,0.45850253906250016,0.640062294555
2196,1788017127.7653275,-0.141162451171875,0.3584386230468747,0.2956412109375001,0.4856014927048546
2197,1788017127.7853274,-0.246543310546875,0.24347768554687466,0.27648105468750017,0.44329083109826223
2198,1788017127.795954,-0.203432958984375,0.2865880371093747,0.15194003906250014,0.38288829609385655
2199,1788017127.815954,-0.217803076171875,0.2674278808593747,0.14235996093750014,0.3731249253654787
2200,1788017127.8552349,-0.227383154296875,0.19078725585937467,0.25253085937500014,0.3897110606500963
2201,1788017127.8752348,-0.275283544921875,0.15725698242187466,0.21421054687500013,0.38261853982481614
2202,1788017127.8914244,-0.304023779296875,0.12851674804687466,0.22858066406250013,0.4014923821067498
2203,1788017127.9114244,-0.39024448242187504,0.28179799804687466,0.08487949218750014,0.4887794962536291
2204,1788017127.9160516,-0.40940463867187504,0.2578478027343747,0.24295078125000014,0.5414080989890888
2205,1788017127.9360516,-0.270493505859375,0.38238881835937466,0.28127109375000015,0.5463527919739186
2206,1788017127.9761708,-0.342344091796875,0.3967589355468747,0.23816074218750014,0.5756193787945444
2207,1788017127.9961708,-0.270493505859375,0.37280874023437466,0.23816074218750014,0.5185302620161508
2208,1788017128.0058734,-0.395034521484375,0.4159190917968747,0.2956412109375001,0.6453252588347349
2209,1788017128.0258734,-0.299233740234375,0.5117198730468747,0.26690097656250017,0.6501032156940767
2210,1788017128.0353985,-0.299233740234375,0.4686095214843747,0.33875156250000016,0.6510670748983238
2211,1788017128.0553985,-0.189062841796875,0.5069298339843746,0.27169101562500014,0.6054243327642852
2212,1788017128.0959485,-0.189062841796875,0.49255971679687466,0.30043125000000015,0.6071398263463615
2213,1788017128.1159484,-0.213013037109375,0.46381948242187465,0.33875156250000016,0.6125811679678433
2214,1788017128.1257322,-0.280073583984375,0.4254991699218747,0.25732089843750017,0.5707055289926141
2215,1788017128.1457322,-0.304023779296875,0.2865880371093747,0.36270175781250014,0.5532772600716903
2216,1788017128.155266,-0.395034521484375,0.30574819335937464,0.25253085937500014,0.5597374972641969
2217,1788017128.175266,-0.275283544921875,0.28179799804687466,0.23337070312500013,0.4578788342837407
2218,1788017128.2159374,-0.332764013671875,0.29616811523437464,0.20463046875000013,0.49022552974864786
2219,1788017128.2359374,-0.313603857421875,0.37280874023437466,0.10403964843750013,0.49815457905355015
2220,1788017128.2455683,-0.256123388671875,0.2578478027343747,0.37707187500000017,0.5237059084216303
2221,1788017128.2655683,-0.260913427734375,0.4350792480468747,0.19505039062500015,0.5435203986384504
2222,1788017128.3054798,-0.189062841796875,0.41112905273437467,0.2956412109375001,0.5405326833366932
2223,1788017128.3254797,-0.323183935546875,0.38238881835937466,0.26690097656250017,0.5673668970709005
2224,1788017128.33551,-0.500415380859375,0.3775987792968747,0.18068027343750015,0.6524122567338638
2225,1788017128.35551,-0.514785498046875,0.28179799804687466,0.3148013671875001,0.6659685589318123
2226,1788017128.3659985,-0.39982456054687504,0.3967589355468747,0.18547031250000015,0.593023244883064
2227,1788017128.3859985,-0.256123388671875,0.38238881835937466,0.2956412109375001,0.5470138245379496
2228,1788017128.426046,-0.150742529296875,0.4877696777343747,0.23337070312500013,0.5613416550844699
2229,1788017128.4460459,-0.25133334960937503,0.4254991699218747,0.31959140625000015,0.5885207415027319
2230,1788017128.4555805,-0.256123388671875,0.41112905273437467,0.31959140625000015,0.5803145312465312
2231,1788017128.4755805,-0.284863623046875,0.4350792480468747,0.24774082031250014,0.5760353720610709
2232,1788017128.4856331,-0.337554052734375,0.39196889648437466,0.27169101562500014,0.5842930448840922
2233,1788017128.505633,-0.375874365234375,0.3680187011718747,0.23816074218750014,0.5774425010093029
2234,1788017128.5467706,-0.39024448242187504,0.32490834960937465,0.2860611328125001,0.5828268725896014
2235,1788017128.5667706,-0.284863623046875,0.38238881835937466,0.25732089843750017,0.5418325727698117
2236,1788017128.5758164,-0.299233740234375,0.40154897460937466,0.21900058593750013,0.5465744843527385
2237,1788017128.5958164,-0.289653662109375,0.36322866210937466,0.24295078125000014,0.524270337765855
2238,1788017128.6063516,-0.323183935546875,0.36322866210937466,0.22379062500000013,0.5352244024810748
2239,1788017128.6263516,-0.236963232421875,0.3296983886718747,0.3148013671875001,0.5137630794400989
2240,1788017128.665949,-0.232173193359375,0.35364858398437465,0.23816074218750014,0.4854814638975869
2241,1788017128.685949,-0.280073583984375,0.28179799804687466,0.34354160156250013,0.5252353340676984
2242,1788017128.6965492,-0.289653662109375,0.3201183105468747,0.24774082031250014,0.4977454075829005
2243,1788017128.7165492,-0.342344091796875,0.3488585449218747,0.20942050781250013,0.5317506094455184
2244,1788017128.7301414,-0.342344091796875,0.3871788574218747,0.21900058593750013,0.5613093634206576
2245,1788017128.7501414,-0.289653662109375,0.37280874023437466,0.26211093750000014,0.5399886520341353
2246,1788017128.786201,-0.217803076171875,0.33448842773437465,0.32917148437500016,0.5173727422311563
2247,1788017128.806201,-0.385454443359375,0.4350792480468747,0.17589023437500015,0.6072943722240575
2248,1788017128.8167212,-0.347134130859375,0.3584386230468747,0.29085117187500015,0.5775593090586404
2249,1788017128.8367212,-0.299233740234375,0.41112905273437467,0.24774082031250014,0.5656354332483319
2250,1788017128.8462605,-0.289653662109375,0.30095815429687467,0.34833164062500016,0.5438841664101445
2251,1788017128.8662605,-0.323183935546875,0.31053823242187467,0.25732089843750017,0.5168132107095862
2252,1788017128.9063592,-0.447724951171875,0.3296983886718747,0.14715000000000014,0.5751623961062549
2253,1788017128.9263592,-0.486045263671875,0.30095815429687467,0.21900058593750013,0.6121903834728314
2254,1788017128.935968,-0.438144873046875,0.4063390136718747,0.22858066406250013,0.6397901560608351
2255,1788017128.955968,-0.414194677734375,0.3584386230468747,0.35312167968750013,0.6517134325917671
2256,1788017128.9659927,-0.356714208984375,0.4398692871093747,0.20942050781250013,0.6038103723238806
2257,1788017128.9859927,-0.337554052734375,0.42070913085937467,0.22858066406250013,0.5858225254196916
2258,1788017129.0271177,-0.327973974609375,0.4350792480468747,0.19505039062500015,0.5787102340421068
2259,1788017129.0471177,-0.36150424804687503,0.39196889648437466,0.22858066406250013,0.5801500298632832
2260,1788017129.055653,-0.423774755859375,0.35364858398437465,0.23816074218750014,0.6011429977776728
2261,1788017129.075653,-0.39982456054687504,0.35364858398437465,0.27648105468750017,0.6011395626406296
2262,1788017129.086242,-0.289653662109375,0.39196889648437466,0.2956412109375001,0.5700373543805194
2263,1788017129.106242,-0.17469272460937502,0.4350792480468747,0.24774082031250014,0.5302706989468599
2264,1788017129.146369,-0.198642919921875,0.35364858398437465,0.3148013671875001,0.5134454512140126
2265,1788017129.166369,-0.260913427734375,0.31532827148437464,0.27169101562500014,0.4912471308219199
2266,1788017129.1768796,-0.289653662109375,0.29616811523437464,0.2956412109375001,0.5089386230769337
2267,1788017129.1968796,-0.213013037109375,0.3680187011718747,0.25732089843750017,0.4970174676643426
2268,1788017129.205416,-0.304023779296875,0.37280874023437466,0.20942050781250013,0.5246653831400943
2269,1788017129.225416,-0.318393896484375,0.33448842773437465,0.27169101562500014,0.5357921141432197
2270,1788017129.265489,-0.35192416992187503,0.3392784667968747,0.2860611328125001,0.5663845611536472
2271,1788017129.285489,-0.213013037109375,0.37280874023437466,0.23337070312500013,0.48869499265979627
2272,1788017129.2964854,-0.275283544921875,0.39196889648437466,0.17589023437500015,0.5102528985360346
2273,1788017129.3164854,-0.39024448242187504,0.39196889648437466,0.18547031250000015,0.5833777581385352
2274,1788017129.3274877,-0.5626858886718751,0.3488585449218747,0.27169101562500014,0.7156351735673768
2275,1788017129.3474877,-0.533945654296875,0.3775987792968747,0.26690097656250017,0.7063391049340424
