imu_index,t_imu,ax,ay,az,mag
0,1789796093.6195397,0.04081308793048467,0.03783153300382664,0.05361911073022884,0.07727834154109184
1,1789796093.6395397,0.01686289261798467,0.03304149394132665,0.03924899354272884,0.05400537902318229
2,1789796093.6205406,-0.007087302694515329,0.03783153300382664,0.034458954480228836,0.05166114877520429
3,1789796093.6405406,0.002492775430484672,0.013881337691326642,0.05361911073022884,0.05544289405278205
4,1789796093.6496775,0.007282814492984672,0.052201650191326644,0.029668915417728838,0.060483850833930944
5,1789796093.6696775,-0.011877341757015328,0.06657176737882664,0.015298798230228837,0.06933198891163299
6,1789796093.7250009,0.01686289261798467,0.052201650191326644,0.03924899354272884,0.06745259760943595
7,1789796093.7450008,0.007282814492984672,0.023461415816326645,0.04403903260522884,0.05042731216166709
8,1789796093.7550478,-0.03103749800701533,-0.01964893574617336,0.03924899354272884,0.05375770133301739
9,1789796093.7750478,0.007282814492984672,0.023461415816326645,0.0009286810427288362,0.02458332498920627
10,1789796093.8142266,0.050393166055484676,-0.02443897480867336,0.024878876355228837,0.06128371042531113
11,1789796093.8342266,0.05518320511798468,-0.02443897480867336,-0.023021514269771164,0.06459442496118235
12,1789796093.8152282,0.06955332230548468,-0.01485889668367336,-0.04697170958227117,0.08523375478921445
13,1789796093.8352282,0.14619394730548468,0.013881337691326642,-0.06613186583227117,0.16105522482464513
14,1789796093.8447702,0.1653541035554847,0.013881337691326642,-0.07571194395727117,0.18239235059762668
15,1789796093.8647702,0.13182383011798468,-0.01964893574617336,-0.07092190489477117,0.15097522795755436
16,1789796093.8903966,0.09829355668048467,-0.03401905293367336,-0.032601592394771166,0.10900359202374262
17,1789796093.9103966,0.15577402543048469,-0.010068857621173358,-0.023021514269771164,0.15778757559417037
18,1789796093.9344883,0.15577402543048469,-0.0004887794961733583,-0.032601592394771166,0.15914977138182754
19,1789796093.9544883,0.10787363480548467,-0.005278818558673359,-0.027811553332271165,0.11152609340542792
20,1789796093.994806,0.11266367386798468,0.03783153300382664,-0.027811553332271165,0.12205658850551657
21,1789796094.014806,0.13661386918048468,0.052201650191326644,-0.03739163145727117,0.15095196467153585
22,1789796094.0098305,0.10308359574298467,-0.01485889668367336,0.010508759167728837,0.10467783213844511
23,1789796094.0298305,0.07434336136798468,-0.0004887794961733583,-0.003861358019771164,0.07444517694682098
24,1789796094.0547931,0.10308359574298467,0.018671376753826643,0.015298798230228837,0.10587209853627952
25,1789796094.074793,0.1701441426179847,0.07615184550382664,-0.027811553332271165,0.18847178924072844
26,1789796094.100052,0.1605640644929847,0.04741161112882664,-0.018231475207271166,0.16840744153561554
27,1789796094.120052,0.08871347855548467,0.061781728316326646,-0.032601592394771166,0.11291557491259405
28,1789796094.1297455,0.08871347855548467,0.04741161112882664,0.015298798230228837,0.1017447560050874
29,1789796094.1497455,0.12224375199298468,0.04741161112882664,0.03924899354272884,0.1368644558140301
30,1789796094.1750598,0.10308359574298467,0.018671376753826643,0.024878876355228837,0.10767453974772863
31,1789796094.1950598,0.07434336136798468,-0.03401905293367336,0.04403903260522884,0.09286370515330107
32,1789796094.2046099,0.12703379105548468,-0.010068857621173358,0.05361911073022884,0.1382533001386388
33,1789796094.2246099,0.11266367386798468,-0.01485889668367336,0.05840914979272884,0.1277713543780339
34,1789796094.250069,0.07913340043048468,0.018671376753826643,-0.013441436144771165,0.08240987549565121
35,1789796094.270069,0.10787363480548467,-0.01485889668367336,-0.018231475207271166,0.11040785563100344
36,1789796094.309364,0.22762461136798467,-0.03880909199617336,-0.027811553332271165,0.2325781413218948
37,1789796094.329364,0.21325449418048467,-0.01964893574617336,-0.04697170958227117,0.21924849250385472
38,1789796094.3240566,0.15098398636798468,0.013881337691326642,-0.018231475207271166,0.15271294104921748
39,1789796094.3440566,0.11745371293048468,0.023461415816326645,0.005718720105228836,0.11991045189183983
40,1789796094.3691769,0.1605640644929847,-0.01485889668367336,-0.003861358019771164,0.16129635985638446
41,1789796094.3891768,0.1653541035554847,-0.02443897480867336,-0.003861358019771164,0.1671949554804025
42,1789796094.4142518,0.1701441426179847,-0.08670948262117337,0.034458954480228836,0.19404891957316114
43,1789796094.4342518,0.12703379105548468,-0.03401905293367336,0.010508759167728837,0.1319292009059326
44,1789796094.4598858,0.14619394730548468,0.013881337691326642,-0.03739163145727117,0.15153711053037755
45,1789796094.4798858,0.13661386918048468,-0.01964893574617336,-0.04697170958227117,0.14579359186706753
46,1789796094.4894438,0.1940943379304847,-0.07233936543367336,-0.027811553332271165,0.2089954025972186
47,1789796094.5094438,0.15098398636798468,-0.03880909199617336,-0.008651397082271164,0.1561318559186765
48,1789796094.5344365,0.08871347855548467,0.04262157206632664,-0.03739163145727117,0.1052844422783153
49,1789796094.5544364,0.11266367386798468,0.013881337691326642,-0.003861358019771164,0.11358127060078659
50,1789796094.579715,0.1605640644929847,-0.03401905293367336,0.015298798230228837,0.16483982527381139
51,1789796094.599715,0.15577402543048469,-0.01485889668367336,0.010508759167728837,0.1568335672893998
52,1789796094.6093466,0.09829355668048467,0.03304149394132665,0.005718720105228836,0.10385599340633321
53,1789796094.6293466,0.07434336136798468,0.013881337691326642,-0.008651397082271164,0.07612143973327444
54,1789796094.6543453,0.13182383011798468,0.009091298628826643,-0.03739163145727117,0.1373255547986979
55,1789796094.6743453,0.1653541035554847,0.009091298628826643,0.005718720105228836,0.16570254986884905
56,1789796094.6997683,0.14140390824298468,0.03783153300382664,0.005718720105228836,0.14648888666193077
57,1789796094.7197683,0.14140390824298468,0.013881337691326642,-0.003861358019771164,0.1421360858059906
58,1789796094.729558,0.12703379105548468,0.013881337691326642,-0.008651397082271164,0.12808248232098063
59,1789796094.749558,0.08392343949298467,-0.01964893574617336,-0.03739163145727117,0.09395402319925582
60,1789796094.7741394,0.15577402543048469,-0.04838917012117336,-0.003861358019771164,0.16316240029366444
61,1789796094.7941394,0.1749341816804847,-0.10107959980867336,0.024878876355228837,0.20356328722635902
62,1789796094.8197088,0.07434336136798468,0.052201650191326644,-0.10445217833227118,0.13842761726095326
63,1789796094.8397088,0.13182383011798468,-0.01964893574617336,-0.06613186583227117,0.14878516909084066
64,1789796094.8497503,0.1797242207429847,-0.08191944355867337,0.010508759167728837,0.197792883526888
65,1789796094.8697503,0.23241465043048468,-0.12981983418367338,0.010508759167728837,0.2664210823141558
66,1789796094.8948135,0.21325449418048467,-0.14897999043367335,-0.003861358019771164,0.26016807437414113
67,1789796094.9148135,0.12224375199298468,-0.09149952168367337,-0.056551787707271164,0.1628305931406983
68,1789796094.939658,0.13661386918048468,-0.07233936543367336,-0.07092190489477117,0.17007718729362878
69,1789796094.959658,0.14619394730548468,-0.12023975605867336,-0.04697170958227117,0.19502976866850183
70,1789796094.9701447,0.12703379105548468,-0.17293018574617336,0.005718720105228836,0.21465119839352517
71,1789796094.9901447,0.15577402543048469,-0.16814014668367336,0.04403903260522884,0.23340114035374568
72,1789796095.0151682,0.07913340043048468,-0.09628956074617337,0.07756930604272884,0.14680181133873305
73,1789796095.0351682,-0.05498769331951533,0.052201650191326644,-0.008651397082271164,0.07631189534256003
74,1789796095.0598707,-0.09809804488201533,-0.01485889668367336,0.06798922791772884,0.12027696509797232
75,1789796095.0798707,-0.10288808394451533,0.03304149394132665,0.04403903260522884,0.11669247847420487
76,1789796095.0894203,-0.05977773238201533,0.07136180644132664,0.0009286810427288362,0.09309536592003029
77,1789796095.1094203,-0.10288808394451533,-0.01485889668367336,0.07277926698022884,0.12689982793766563
78,1789796095.13517,-0.26574941206951536,0.10489207987882665,0.08714938416772884,0.29869736121602014
79,1789796095.15517,-0.26574941206951536,0.21985301737882665,0.029668915417728838,0.3461767522638285
80,1789796095.1800277,-0.18910878706951534,0.07615184550382664,0.11109957948022885,0.23217311102112076
81,1789796095.2000277,-0.19868886519451534,0.07615184550382664,0.10630954041772885,0.23786148723522202
82,1789796095.2246122,-0.16036855269451533,0.13842235331632666,0.04882907166772884,0.21740077927849227
83,1789796095.2446122,-0.14599843550701533,0.08573192362882665,0.04882907166772884,0.17620948935720596
84,1789796095.2551627,-0.20347890425701534,0.10010204081632665,0.04882907166772884,0.23196629344187344
85,1789796095.2751627,-0.17473866988201534,0.07136180644132664,0.05361911073022884,0.19621702068425625
86,1789796095.299232,-0.11246816206951533,0.056991689253826645,0.04882907166772884,0.1352087954359172
87,1789796095.319232,-0.04061757613201533,0.03304149394132665,0.0009286810427288362,0.052367836132438304
88,1789796095.3444169,-0.06935781050701534,0.04262157206632664,-0.07571194395727117,0.11117285073938282
89,1789796095.3644168,-0.06456777144451534,0.004301259566326642,-0.07092190489477117,0.09600736709790063
90,1789796095.3749719,-0.07893788863201533,-0.07712940449617336,0.029668915417728838,0.11428201889045857
91,1789796095.3949718,-0.04540761519451533,0.013881337691326642,-0.09487210020727117,0.106090802860061
92,1789796095.433935,0.012072853555484672,-0.04359913105867336,0.0009286810427288362,0.045249314586219745
93,1789796095.453935,-0.007087302694515329,-0.07712940449617336,0.12067965760522885,0.143397191942985
94,1789796095.464877,0.06955332230548468,-0.005278818558673359,0.04403903260522884,0.08249222364508327
95,1789796095.4848769,0.045603126992984674,0.018671376753826643,-0.03739163145727117,0.06185789848077621
96,1789796095.4944272,0.01686289261798467,-0.05796924824617336,-0.018231475207271166,0.06306486801623784
97,1789796095.5144272,0.031233009805484675,-0.14897999043367335,0.05361911073022884,0.1613863299248962
98,1789796095.5403144,0.04081308793048467,-0.11065967793367336,0.05361911073022884,0.1295618829066108
99,1789796095.5603144,0.03602304886798467,-0.01964893574617336,0.024878876355228837,0.047986448236989006
100,1789796095.5846035,0.045603126992984674,-0.09149952168367337,0.04882907166772884,0.11329645139990704
101,1789796095.6046035,-0.050197654257015334,-0.07233936543367336,0.11109957948022885,0.14176002555352857
102,1789796095.6301396,-0.03103749800701533,-0.03401905293367336,0.08235934510522884,0.09435933430880981
103,1789796095.6501396,0.06476328324298468,-0.07712940449617336,0.04403903260522884,0.1099211730611978
104,1789796095.6588976,-0.04061757613201533,-0.07233936543367336,0.04403903260522884,0.09392660791804953
105,1789796095.6788976,-0.09330800581951533,-0.07712940449617336,0.10630954041772885,0.16111190946599124
106,1789796095.704444,0.012072853555484672,-0.44117237324617337,0.23085055604272886,0.4980670596755724
107,1789796095.724444,0.031233009805484675,-1.1261479591836734,0.12546969666772884,1.1335463694339785
108,1789796095.7346456,0.22762461136798467,-2.3284477638711736,0.5086728216677289,2.394207591726437
109,1789796095.7546456,0.031233009805484675,-1.1357280373086733,0.08235934510522884,1.1391385944461205
110,1789796095.7794697,0.30905527543048467,-0.09149952168367337,-0.09487210020727117,0.3359881562458597
111,1789796095.7994697,0.3761158223054847,0.6940668845663267,0.020088837292728836,0.7896806401475924
112,1789796095.824041,0.14619394730548468,1.1012202048788267,-0.061341826769771166,1.1125742355337807
113,1789796095.8440409,0.20367441605548467,0.5455756736288266,-0.023021514269771164,0.5828087795584105
114,1789796095.8687718,0.28989511918048466,-0.37411182637117335,-0.008651397082271164,0.4733642206873239
115,1789796095.8887718,0.2755250019929847,-0.9632866310586734,0.024878876355228837,1.0022245850049287
116,1789796095.898997,0.06476328324298468,-1.0638774513711735,0.10630954041772885,1.071135487590745
117,1789796095.918997,0.14140390824298468,-0.9920268654336734,0.13025973573022884,1.0104850151096052
118,1789796095.944071,0.4527564473054847,-1.1932085060586735,0.09193942323022884,1.2795263956055625
119,1789796095.964071,0.6012476582429847,-1.1644682716836734,-0.023021514269771164,1.3107307474916072
120,1789796095.9886453,0.5341871113679847,-1.0255571388711735,-0.008651397082271164,1.1563728471876076
121,1789796096.0086453,0.4623365254304847,-0.7573149513711734,0.08714938416772884,0.8915581941064029
122,1789796096.0189092,0.4000660176179847,-0.5465532326211734,0.05840914979272884,0.6798418075706124
123,1789796096.0389092,0.4192261738679847,-0.6615141701211734,0.024878876355228837,0.7835627228344858
124,1789796096.0639071,0.5198169941804847,-0.6327739357461734,-0.03739163145727117,0.8197625847168024
125,1789796096.0839071,0.5485572285554847,-0.4986528419961734,0.04882907166772884,0.7429360457477259
126,1789796096.1096857,0.4862867207429847,-0.7285747169961734,0.20690036073022885,0.9000575827619689
127,1789796096.1296856,0.4671265644929847,-0.7573149513711734,0.12546969666772884,0.8985965766723315
128,1789796096.1390812,0.4192261738679847,-0.5226030373086734,0.010508759167728837,0.670055933097742
129,1789796096.1590812,0.4527564473054847,-0.46033252949617337,0.06319918885522884,0.6487592587092598
130,1789796096.1844993,0.31863535355548467,-0.3693217873086734,0.06319918885522884,0.4918548653701217
131,1789796096.2044992,0.3856959004304847,-0.20167042012117337,-0.032601592394771166,0.43645750055120797
132,1789796096.2292655,0.4527564473054847,-0.44117237324617337,0.07277926698022884,0.6363318986146494
133,1789796096.2492654,0.4144361348054847,-0.8100053810586734,0.10151950135522884,0.9155174691571597
134,1789796096.2590418,0.31863535355548467,-0.5034428810586734,-0.03739163145727117,0.5969768480662568
135,1789796096.2790418,0.1605640644929847,-0.21604053730867337,-0.013441436144771165,0.26950882132643006
136,1789796096.304317,0.23241465043048468,-0.21125049824617337,0.10630954041772885,0.3315796452254113
137,1789796096.324317,0.2611548848054847,-0.06754932637117336,0.04882907166772884,0.2741332952979216
138,1789796096.3490813,0.3569556660554847,-0.10107959980867336,-0.03739163145727117,0.3728707110107103
139,1789796096.3690813,0.1940943379304847,-0.14897999043367335,-0.008651397082271164,0.24483156707778864
140,1789796096.3796372,0.1749341816804847,-0.2783110451211734,0.005718720105228836,0.32877303648003525
141,1789796096.3996372,0.22283457230548467,-0.4651225685586734,0.04403903260522884,0.5176231126891365
142,1789796096.4245217,0.13661386918048468,-0.5082329201211734,0.06798922791772884,0.5306473268190527
143,1789796096.4445217,0.11745371293048468,-0.40285206074617336,0.08235934510522884,0.4276309381403051
144,1789796096.4691107,0.29947519730548466,0.013881337691326642,0.015298798230228837,0.30018683942596297
145,1789796096.4891107,0.4096460957429847,0.013881337691326642,0.09672946229272884,0.42114036160051405
146,1789796096.4992132,0.23720468949298468,0.009091298628826643,0.08714938416772884,0.25287097814703086
147,1789796096.5192132,0.4192261738679847,-0.07233936543367336,-0.008651397082271164,0.42550959486104595
148,1789796096.5445545,0.5198169941804847,-0.02443897480867336,-0.03739163145727117,0.5217327908341294
149,1789796096.5645545,0.3904859394929847,0.056991689253826645,0.024878876355228837,0.3954064744973486
150,1789796096.589266,0.24678476761798468,0.10010204081632665,0.04882907166772884,0.27075342720598833
151,1789796096.609266,0.31863535355548467,0.21506297831632665,-0.07092190489477117,0.3909098230687232
152,1789796096.6343336,0.3377955098054847,0.31565379862882664,-0.12840237364477117,0.4798231930525728
153,1789796096.6543336,0.2851050801179847,0.13842235331632666,-0.05176174864477116,0.32113071050504793
154,1789796096.664043,0.13182383011798468,0.17195262675382664,-0.008651397082271164,0.2168411278009576
155,1789796096.684043,0.1701441426179847,0.14800243144132666,-0.08529202208227117,0.2410984819749729
156,1789796096.7090435,0.1653541035554847,0.07136180644132664,-0.04697170958227117,0.18612046766083667
157,1789796096.7290435,0.09829355668048467,-0.06275928730867336,0.020088837292728836,0.11833812915610081
158,1789796096.7540777,0.14140390824298468,-0.04359913105867336,-0.04218167051977117,0.15386761460196988
159,1789796096.7740777,0.22762461136798467,-0.07233936543367336,-0.05176174864477116,0.24438745081230556
160,1789796096.7835684,0.19888437699298467,-0.11544971699617336,-0.013441436144771165,0.23035690736771525
161,1789796096.8035684,0.13182383011798468,-0.07233936543367336,-0.023021514269771164,0.1521200055797892
162,1789796096.829571,0.24678476761798468,-0.10107959980867336,-0.03739163145727117,0.2692915541356258
163,1789796096.849571,0.2851050801179847,-0.12023975605867336,-0.027811553332271165,0.31067022410409
164,1789796096.874666,0.3138453144929847,-0.13460987324617338,-0.032601592394771166,0.3430474649829468
165,1789796096.894666,0.2515748066804847,-0.12023975605867336,-0.027811553332271165,0.2802159253006979
166,1789796096.903983,0.3042652363679847,-0.07712940449617336,-0.04218167051977117,0.31671054991559483
167,1789796096.923983,0.2946851582429847,-0.11544971699617336,-0.013441436144771165,0.31677855332838334
168,1789796096.9490542,0.2563648457429847,-0.15856006855867336,-0.032601592394771166,0.3031948108078869
169,1789796096.9690542,0.2563648457429847,-0.20646045918367337,-0.018231475207271166,0.32966838190428716
170,1789796096.9935443,0.3042652363679847,-0.12502979512117338,-0.03739163145727117,0.3310708652738029
171,1789796097.0135443,0.28031504105548466,-0.17293018574617336,0.024878876355228837,0.3303033906469064
172,1789796097.0243587,0.19888437699298467,-0.23041065449617337,0.09672946229272884,0.3193754123170459
173,1789796097.0443587,0.21325449418048467,-0.23999073262117337,0.13025973573022884,0.3464688005935469
174,1789796097.0697567,0.24199472855548468,-0.19209034199617336,0.10151950135522884,0.3252174000453602
175,1789796097.0897567,0.2659449238679847,-0.15377002949617335,0.08714938416772884,0.3193226262938732
176,1789796097.1143374,0.22283457230548467,-0.19688038105867336,0.15899997010522884,0.3371915205841339
177,1789796097.1343374,0.23720468949298468,-0.14897999043367335,0.15420993104272884,0.3197527249286296
178,1789796097.1440916,0.2755250019929847,-0.08191944355867337,0.10151950135522884,0.30484591371972036
179,1789796097.1640916,0.2851050801179847,-0.14897999043367335,0.12067965760522885,0.34357462656374255
180,1789796097.1893835,0.24199472855548468,-0.15856006855867336,0.11109957948022885,0.30991266600553385
181,1789796097.2093835,0.21325449418048467,-0.16335010762117336,0.10630954041772885,0.2888986938908724
182,1789796097.2344704,0.2659449238679847,-0.20167042012117337,0.04403903260522884,0.3366557548532375
183,1789796097.2544703,0.20367441605548467,-0.22083057637117337,0.010508759167728837,0.30059914376992597
184,1789796097.2795696,0.24199472855548468,-0.23999073262117337,0.015298798230228837,0.3411613307805847
185,1789796097.2995696,0.21325449418048467,-0.12502979512117338,-0.008651397082271164,0.24735556518439622
186,1789796097.3094773,0.23241465043048468,-0.14897999043367335,-0.04697170958227117,0.28003204956830036
187,1789796097.3294773,0.19888437699298467,-0.09628956074617337,-0.07092190489477117,0.232070229703169
188,1789796097.3539252,0.20846445511798467,-0.20646045918367337,0.0009286810427288362,0.2934011123060896
189,1789796097.3739252,0.2611548848054847,-0.20646045918367337,-0.003861358019771164,0.3329304809563944
190,1789796097.399246,0.23241465043048468,-0.12023975605867336,-0.061341826769771166,0.2687693962921119
191,1789796097.419246,0.1749341816804847,-0.05317920918367336,-0.07092190489477117,0.19611199046342034
192,1789796097.428958,0.21804453324298467,-0.20167042012117337,0.015298798230228837,0.29740280774782685
193,1789796097.448958,0.1653541035554847,-0.24957081074617338,0.10151950135522884,0.3161230429667451
194,1789796097.4740229,0.1940943379304847,-0.23520069355867337,0.06798922791772884,0.3124332142714712
195,1789796097.4940228,0.24199472855548468,-0.2687309669961734,0.034458954480228836,0.3632701485330327
196,1789796097.5196013,0.2611548848054847,-0.34058155293367337,0.005718720105228836,0.4292206563250661
197,1789796097.5396013,0.28031504105548466,-0.30226124043367336,-0.023021514269771164,0.4128781537326893
198,1789796097.549645,0.3234253926179847,-0.19209034199617336,-0.023021514269771164,0.3768722252933714
199,1789796097.569645,0.28031504105548466,-0.18251026387117336,-0.013441436144771165,0.334764381118866
200,1789796097.5945072,0.23241465043048468,-0.12502979512117338,-0.05176174864477116,0.26893920879174804
201,1789796097.6145072,0.2707349629304847,-0.15856006855867336,-0.04218167051977117,0.3165722805650246
202,1789796097.6391704,0.21325449418048467,-0.11065967793367336,-0.008651397082271164,0.24041191792428637
203,1789796097.6591704,0.07434336136798468,-0.16335010762117336,0.08235934510522884,0.19746709793153353
204,1789796097.6689856,0.01686289261798467,-0.06754932637117336,0.07277926698022884,0.10071787499160417
205,1789796097.6889856,0.14619394730548468,-0.06754932637117336,0.08714938416772884,0.18311361741490587
206,1789796097.714851,0.11266367386798468,-0.10107959980867336,0.10630954041772885,0.18496461091447167
207,1789796097.734851,0.11745371293048468,-0.08670948262117337,0.09672946229272884,0.17512994584887168
208,1789796097.7591245,0.1749341816804847,-0.12023975605867336,0.09672946229272884,0.23327270678909384
209,1789796097.7791245,0.13182383011798468,-0.12981983418367338,0.15420993104272884,0.24085558819893493
210,1789796097.7897227,0.09829355668048467,-0.13939991230867335,0.13504977479272884,0.21756010780502075
211,1789796097.8097227,0.15577402543048469,-0.19688038105867336,0.10630954041772885,0.27263372833979005
212,1789796097.8348668,0.10787363480548467,-0.22562061543367337,0.09193942323022884,0.26644744460910813
213,1789796097.8548667,0.13661386918048468,-0.2591508888711734,0.03924899354272884,0.29557235315451785
214,1789796097.8789449,0.14140390824298468,-0.3070512794961734,0.024878876355228837,0.3389609298950638
215,1789796097.8989449,0.14140390824298468,-0.24957081074617338,-0.032601592394771166,0.28869277557564116
216,1789796097.9094884,0.1893042988679847,-0.3501616310586734,0.0009286810427288362,0.3980579705068709
217,1789796097.9294884,0.20367441605548467,-0.41243213887117336,-0.023021514269771164,0.4605578433255336
218,1789796097.9542007,0.13182383011798468,-0.4986528419961734,0.029668915417728838,0.516635677784549
219,1789796097.9742007,0.1701441426179847,-0.4363823341836734,0.04882907166772884,0.47091702994766765
220,1789796097.9998016,0.24199472855548468,-0.3357915138711734,0.04403903260522884,0.4162413072117441
221,1789796098.0198016,0.1893042988679847,-0.2687309669961734,0.04882907166772884,0.3323202197166611
222,1789796098.0443254,0.14140390824298468,-0.23041065449617337,0.05840914979272884,0.27657867551793436
223,1789796098.0643253,0.11745371293048468,-0.2687309669961734,0.06319918885522884,0.30000974113487383
224,1789796098.074201,0.12703379105548468,-0.21604053730867337,0.029668915417728838,0.25237143731534517
225,1789796098.094201,0.20367441605548467,-0.20646045918367337,-0.003861358019771164,0.29004154710598407
226,1789796098.1190174,0.12703379105548468,-0.10586963887117336,0.010508759167728837,0.16569972397045965
227,1789796098.1390173,0.03602304886798467,-0.01964893574617336,-0.013441436144771165,0.04317884819372121
228,1789796098.164597,0.01686289261798467,-0.12981983418367338,0.04882907166772884,0.13972052367084206
229,1789796098.184597,0.11745371293048468,-0.10107959980867336,0.06798922791772884,0.16921877937004257
230,1789796098.1946816,0.07913340043048468,-0.09628956074617337,0.07756930604272884,0.14680181133873305
231,1789796098.2146816,0.05518320511798468,-0.10586963887117336,0.015298798230228837,0.12036452878275844
232,1789796098.239907,0.1653541035554847,-0.12023975605867336,0.010508759167728837,0.20471935062160723
233,1789796098.259907,0.15577402543048469,-0.21604053730867337,0.07756930604272884,0.27740954922170236
234,1789796098.2839744,0.11266367386798468,-0.23999073262117337,0.04882907166772884,0.26957917833803735
235,1789796098.3039744,0.13661386918048468,-0.21125049824617337,0.024878876355228837,0.2528024540039472
236,1789796098.3147402,0.21804453324298467,-0.19688038105867336,0.029668915417728838,0.29527198896106593
237,1789796098.3347402,0.24678476761798468,-0.3357915138711734,0.07756930604272884,0.42388165748957296
238,1789796098.3597271,0.15577402543048469,-0.38369190449617335,0.08714938416772884,0.4231784963056751
239,1789796098.3797271,0.1893042988679847,-0.3501616310586734,0.03924899354272884,0.39998721095765916
240,1789796098.404771,0.1701441426179847,-0.3693217873086734,0.06798922791772884,0.4122743588448486
241,1789796098.424771,0.14619394730548468,-0.3693217873086734,0.08714938416772884,0.4066525150179772
242,1789796098.4346979,0.14619394730548468,-0.3789018654336734,0.04882907166772884,0.4090520408185352
243,1789796098.4546978,0.1605640644929847,-0.3789018654336734,0.020088837292728836,0.41200849969314784
244,1789796098.4792767,0.12703379105548468,-0.4651225685586734,0.05840914979272884,0.48568324722194794
245,1789796098.4992766,0.11745371293048468,-0.4172221779336734,0.020088837292728836,0.43390469209798627
246,1789796098.5242016,0.1893042988679847,-0.39327198262117335,-0.008651397082271164,0.4365476108698373
247,1789796098.5442016,0.11266367386798468,-0.3549516701211734,-0.027811553332271165,0.37343978635115416
248,1789796098.5543988,0.11266367386798468,-0.40285206074617336,-0.03739163145727117,0.4199774045825639
249,1789796098.5743988,0.19888437699298467,-0.21604053730867337,-0.003861358019771164,0.2936722990992933
250,1789796098.5991714,0.22283457230548467,-0.03880909199617336,-0.003861358019771164,0.22622179895379796
251,1789796098.6191714,0.1749341816804847,-0.3070512794961734,0.024878876355228837,0.3542617882994958
252,1789796098.6442242,0.20367441605548467,-0.4459624123086734,0.020088837292728836,0.49068248626936706
253,1789796098.6642241,0.045603126992984674,-0.6136137794961734,0.05361911073022884,0.6176378587931745
254,1789796098.6892984,-0.04061757613201533,-0.5752934669961733,0.020088837292728836,0.5770753174786554
255,1789796098.7092984,-0.0022972636320153284,-0.5178129982461734,0.07277926698022884,0.5229076402913482
256,1789796098.7195172,0.04081308793048467,-0.4555424904336734,0.04882907166772884,0.4599662454755426
257,1789796098.7395172,0.031233009805484675,-0.5417631935586734,0.06319918885522884,0.546330482646137
258,1789796098.7646742,-0.011877341757015328,-0.6184038185586734,0.08714938416772884,0.6246273842988123
259,1789796098.7846742,-0.06935781050701534,-0.6375639748086734,0.15420993104272884,0.6596052081998481
260,1789796098.808794,-0.08372792769451533,-0.5848735451211734,0.14462985291772884,0.6082805471274181
261,1789796098.828794,0.007282814492984672,-0.4938628029336734,0.13025973573022884,0.5108043718107282
262,1789796098.839196,0.09829355668048467,-0.4172221779336734,0.10151950135522884,0.4405021886438611
263,1789796098.859196,0.01686289261798467,-0.3645317482461734,0.11588961854272885,0.3828813867411635
264,1789796098.8992755,-0.02145741988201533,-0.38369190449617335,0.13025973573022884,0.40576778728282853
265,1789796098.9192755,0.050393166055484676,-0.37411182637117335,0.09672946229272884,0.3896866929872138
266,1789796098.9294703,0.06955332230548468,-0.40285206074617336,0.08235934510522884,0.4170257896309668
267,1789796098.9494703,-0.03103749800701533,-0.44117237324617337,0.09672946229272884,0.4527173268979627
268,1789796098.9597452,-0.04540761519451533,-0.4076420998086734,0.09672946229272884,0.4214149047310952
269,1789796098.9797451,0.031233009805484675,-0.3262114357461734,0.06319918885522884,0.33374172526828016
270,1789796099.0043833,0.03602304886798467,-0.3884819435586734,0.09672946229272884,0.4019607809181263
271,1789796099.0243833,-0.02145741988201533,-0.5082329201211734,0.12546969666772884,0.5239310706045023
272,1789796099.048362,0.07434336136798468,-0.5465532326211734,0.13025973573022884,0.5667582996486723
273,1789796099.068362,0.09350351761798467,-0.5273930763711734,0.029668915417728838,0.5364388216313687
274,1789796099.079295,0.08392343949298467,-0.4794926857461734,-0.09008206114477117,0.49504662115855463
275,1789796099.099295,0.1605640644929847,-0.4986528419961734,-0.09966213926977117,0.5332616783917585
276,1789796099.1241498,0.2659449238679847,-0.4363823341836734,-0.056551787707271164,0.5141540127351217
277,1789796099.1441498,0.1605640644929847,-0.24957081074617338,-0.05176174864477116,0.3012402479845184
278,1789796099.1687174,0.021652931680484672,-0.22083057637117337,-0.003861358019771164,0.22192319165995522
279,1789796099.1887174,0.007282814492984672,-0.24957081074617338,0.05361911073022884,0.25536961056269414
280,1789796099.1988225,-0.0022972636320153284,-0.3501616310586734,0.09672946229272884,0.36328368276225387
281,1789796099.2188225,-0.04061757613201533,-0.39327198262117335,0.14941989198022884,0.42265700505848924
282,1789796099.2439854,-0.06456777144451534,-0.42201221699617336,0.23085055604272886,0.48534038326577933
283,1789796099.2639854,-0.08372792769451533,-0.46033252949617337,0.25959079041772887,0.5350736230259016
284,1789796099.2886398,-0.05977773238201533,-0.5561333107461733,0.21648043885522886,0.5997678025846237
285,1789796099.3086398,-0.01666738081951533,-0.5992436623086734,0.09672946229272884,0.6072292460643959
286,1789796099.3189452,0.031233009805484675,-0.5226030373086734,0.020088837292728836,0.5239207925722493
287,1789796099.3389452,-0.0022972636320153284,-0.4172221779336734,-0.018231475207271166,0.4176266393181189
288,1789796099.363706,-0.06935781050701534,-0.4363823341836734,-0.03739163145727117,0.44343903929283746
289,1789796099.383706,-0.12204824019451534,-0.4651225685586734,0.015298798230228837,0.48111207628211244
290,1789796099.4091961,-0.02624745894451533,-0.40285206074617336,0.010508759167728837,0.40384297191820473
291,1789796099.4291961,-0.0022972636320153284,-0.42201221699617336,0.06319918885522884,0.4267244147997384
292,1789796099.4544778,-0.007087302694515329,-0.4459624123086734,0.04882907166772884,0.4486836093413566
293,1789796099.4744778,-0.11725820113201534,-0.5609233498086734,0.13025973573022884,0.5876666477228468
294,1789796099.4837115,-0.07414784956951533,-0.4363823341836734,0.12067965760522885,0.4587930088210695
295,1789796099.5037115,0.002492775430484672,-0.3693217873086734,0.15420993104272884,0.40023180700991645
296,1789796099.5288274,0.06955332230548468,-0.39327198262117335,0.14462985291772884,0.4247567672368776
297,1789796099.5488274,0.06476328324298468,-0.5178129982461734,0.21648043885522886,0.5649675781990106
298,1789796099.573693,0.05518320511798468,-0.4794926857461734,0.20211032166772885,0.523265710644033
299,1789796099.593693,0.14619394730548468,-0.4076420998086734,0.12546969666772884,0.45087403623082484
300,1789796099.6043475,0.21325449418048467,-0.4076420998086734,0.12546969666772884,0.47685658809173503
301,1789796099.6243474,0.12224375199298468,-0.4747026466836734,0.15899997010522884,0.515332056215476
302,1789796099.6489563,0.012072853555484672,-0.5465532326211734,0.20211032166772885,0.5828505571810492
303,1789796099.6689563,0.026442970742984673,-0.4938628029336734,0.15899997010522884,0.5195004228262787
304,1789796099.6936526,0.14619394730548468,-0.4699126076211734,0.09672946229272884,0.5015447317094759
305,1789796099.7136526,0.12224375199298468,-0.43159229512117336,0.07277926698022884,0.45443620653669725
306,1789796099.724196,-0.0022972636320153284,-0.3501616310586734,0.05361911073022884,0.35425055302901926
307,1789796099.744196,-0.011877341757015328,-0.2687309669961734,0.0009286810427288362,0.26899491875942655
308,1789796099.7693322,0.050393166055484676,-0.26394092793367335,0.005718720105228836,0.2687693962921116
309,1789796099.7893322,0.12224375199298468,-0.28310108418367336,-0.008651397082271164,0.3084876098626471
310,1789796099.814219,0.05997324418048468,-0.27352100605867335,-0.003861358019771164,0.2800454264197823
311,1789796099.834219,0.04081308793048467,-0.31184131855867336,0.04882907166772884,0.318268745475841
312,1789796099.8442707,0.050393166055484676,-0.30226124043367336,0.020088837292728836,0.30709101262878447
313,1789796099.8642707,0.07913340043048468,-0.28310108418367336,-0.027811553332271165,0.29526564552689927
314,1789796099.8890488,0.06955332230548468,-0.31184131855867336,0.005718720105228836,0.31955496610721695
315,1789796099.9090488,0.06476328324298468,-0.24957081074617338,0.04403903260522884,0.2615708485778141
316,1789796099.9343965,0.08392343949298467,-0.23999073262117337,0.020088837292728836,0.25503383466543006
317,1789796099.9543965,0.07434336136798468,-0.26394092793367335,0.04882907166772884,0.278524733296545
318,1789796099.9644406,0.045603126992984674,-0.24478077168367338,0.04882907166772884,0.2537351958588424
319,1789796099.9844406,0.04081308793048467,-0.17293018574617336,0.04403903260522884,0.1830573507986825
320,1789796100.009292,0.04081308793048467,-0.18730030293367336,0.03924899354272884,0.19567216235219678
321,1789796100.0292919,-0.0022972636320153284,-0.18251026387117336,0.04403903260522884,0.18776237703897103
322,1789796100.0545902,0.031233009805484675,-0.22083057637117337,-0.013441436144771165,0.22343302479169927
323,1789796100.0745902,0.01686289261798467,-0.2974712013711734,-0.008651397082271164,0.29807435224139966
324,1789796100.0994053,-0.05498769331951533,-0.23999073262117337,-0.018231475207271166,0.24688374764022428
325,1789796100.1194053,-0.011877341757015328,-0.23520069355867337,-0.013441436144771165,0.2358836783317741
326,1789796100.1294227,0.08871347855548467,-0.23520069355867337,-0.03739163145727117,0.2541408696588013
327,1789796100.1494226,-0.011877341757015328,-0.3166313576211734,-0.003861358019771164,0.31687757566921204
328,1789796100.1739001,-0.02145741988201533,-0.2591508888711734,-0.018231475207271166,0.2606760264369275
329,1789796100.1939,0.08392343949298467,-0.3693217873086734,0.04403903260522884,0.38128881791892355
330,1789796100.2188175,0.09350351761798467,-0.34058155293367337,0.05840914979272884,0.35798090840875685
331,1789796100.2388175,0.021652931680484672,-0.2878911232461734,0.04882907166772884,0.2928044168625797
332,1789796100.2483604,-0.011877341757015328,-0.33100147480867337,0.10630954041772885,0.3478573931319536
333,1789796100.2683604,0.06476328324298468,-0.3645317482461734,0.12067965760522885,0.38941142522470734
334,1789796100.293761,0.10308359574298467,-0.4172221779336734,0.11588961854272885,0.44511905953014425
335,1789796100.313761,0.06955332230548468,-0.4172221779336734,0.14462985291772884,0.4470232709361475
336,1789796100.338836,0.012072853555484672,-0.33100147480867337,0.19253024354272885,0.38311307051197235
337,1789796100.358836,0.03602304886798467,-0.2591508888711734,0.15420993104272884,0.30370634844314276
338,1789796100.3693776,0.10308359574298467,-0.27352100605867335,0.10630954041772885,0.3110332568238976
339,1789796100.3893776,0.07434336136798468,-0.3645317482461734,0.12546969666772884,0.39262319804208484
340,1789796100.4138205,0.08392343949298467,-0.39327198262117335,0.08714938416772884,0.4114620409854784
341,1789796100.4338205,0.08871347855548467,-0.3693217873086734,0.024878876355228837,0.38064106760435895
342,1789796100.4584696,0.09350351761798467,-0.3645317482461734,0.034458954480228836,0.37790702934745574
343,1789796100.4784696,0.14619394730548468,-0.30226124043367336,0.010508759167728837,0.33592404158753963
344,1789796100.488781,0.1749341816804847,-0.3453715919961734,0.0009286810427288362,0.3871490241840618
345,1789796100.508781,0.09350351761798467,-0.4363823341836734,0.020088837292728836,0.4467393096407587
346,1789796100.5343525,0.11266367386798468,-0.5273930763711734,0.06319918885522884,0.5429831469628139
347,1789796100.5543525,0.13661386918048468,-0.4651225685586734,0.04403903260522884,0.48676666836163385
348,1789796100.5788503,0.1701441426179847,-0.3884819435586734,0.024878876355228837,0.4248366841823245
349,1789796100.5988503,0.10787363480548467,-0.40285206074617336,0.07277926698022884,0.42334775969144456
350,1789796100.6084654,0.10308359574298467,-0.3501616310586734,-0.003861358019771164,0.3650401425360373
351,1789796100.6284654,0.21325449418048467,-0.44117237324617337,0.029668915417728838,0.4909081245466402
352,1789796100.654307,0.1940943379304847,-0.4747026466836734,0.07277926698022884,0.5179884520791338
353,1789796100.6743069,0.11266367386798468,-0.4268022560586734,0.06798922791772884,0.44662714236715834
354,1789796100.6988714,0.08392343949298467,-0.40285206074617336,0.07277926698022884,0.4178872434592263
355,1789796100.7188714,0.11745371293048468,-0.41243213887117336,0.12546969666772884,0.446809006888737
356,1789796100.7286587,0.11745371293048468,-0.3357915138711734,0.09672946229272884,0.36865689244132077
357,1789796100.7486587,0.08392343949298467,-0.3501616310586734,0.05840914979272884,0.3647847863350561
358,1789796100.7740052,0.09829355668048467,-0.3597417091836734,0.07756930604272884,0.38091038034062663
359,1789796100.7940052,0.12703379105548468,-0.38369190449617335,0.08235934510522884,0.4124804521089349
360,1789796100.819132,0.09350351761798467,-0.3501616310586734,0.06798922791772884,0.3687527773257527
361,1789796100.839132,0.07434336136798468,-0.34058155293367337,0.05361911073022884,0.35270063597008705
362,1789796100.8638062,0.10787363480548467,-0.38369190449617335,0.07277926698022884,0.40515801900521126
363,1789796100.8838062,0.10308359574298467,-0.39327198262117335,0.06319918885522884,0.4114404179198374
364,1789796100.8941534,0.08392343949298467,-0.4076420998086734,0.05361911073022884,0.41963106923612986
365,1789796100.9141533,0.11266367386798468,-0.44117237324617337,0.029668915417728838,0.4562964068093862
366,1789796100.9391274,0.12224375199298468,-0.45075245137117337,0.034458954480228836,0.46830409656794036
367,1789796100.9591274,0.09350351761798467,-0.38369190449617335,0.029668915417728838,0.3960336222152126
368,1789796100.983951,0.10308359574298467,-0.37411182637117335,0.020088837292728836,0.38857360657390483
369,1789796101.003951,0.12224375199298468,-0.3980620216836734,0.024878876355228837,0.41715209036622886
370,1789796101.014208,0.11266367386798468,-0.4555424904336734,0.07277926698022884,0.4748777586938816
371,1789796101.034208,0.14619394730548468,-0.4842827248086734,0.10151950135522884,0.515954103513371
372,1789796101.0587611,0.09829355668048467,-0.4651225685586734,0.12067965760522885,0.4904734517048122
373,1789796101.078761,0.09350351761798467,-0.44117237324617337,0.11588961854272885,0.4656247141299277
374,1789796101.1038334,0.10308359574298467,-0.43159229512117336,0.09193942323022884,0.45315669967812705
375,1789796101.1238334,0.08392343949298467,-0.4938628029336734,0.12546969666772884,0.5164167470171053
376,1789796101.1345332,0.11266367386798468,-0.4268022560586734,0.13983981385522884,0.4630425927765934
377,1789796101.1545331,0.09829355668048467,-0.3789018654336734,0.14462985291772884,0.4173080891487979
378,1789796101.1795266,0.10787363480548467,-0.38369190449617335,0.13983981385522884,0.4223877036575671
379,1789796101.1995265,0.09350351761798467,-0.45075245137117337,0.20690036073022885,0.5047062903257276
380,1789796101.224118,0.13182383011798468,-0.3980620216836734,0.14941989198022884,0.44514851388413257
381,1789796101.244118,0.14619394730548468,-0.39327198262117335,0.11588961854272885,0.43527683860909316
382,1789796101.2535226,0.13182383011798468,-0.3693217873086734,0.09193942323022884,0.4027765662395907
383,1789796101.2735226,0.15098398636798468,-0.3884819435586734,0.06798922791772884,0.4222995615952507
384,1789796101.2993107,0.14619394730548468,-0.45075245137117337,0.06798922791772884,0.478720145553464
385,1789796101.3193107,0.15098398636798468,-0.45075245137117337,0.03924899354272884,0.47698471678954973
386,1789796101.3446498,0.1893042988679847,-0.4651225685586734,0.04403903260522884,0.5040977660586501
387,1789796101.3646498,0.15098398636798468,-0.4651225685586734,0.07756930604272884,0.49512843299707215
388,1789796101.3740644,0.11745371293048468,-0.43159229512117336,0.09193942323022884,0.4566400567547988
389,1789796101.3940644,0.22762461136798467,-0.3884819435586734,0.04403903260522884,0.4524053719446253
390,1789796101.4191728,0.2611548848054847,-0.37411182637117335,0.024878876355228837,0.4569250386849463
391,1789796101.4391727,0.1797242207429847,-0.3884819435586734,0.05361911073022884,0.4313861669412893
392,1789796101.4645963,0.13182383011798468,-0.4076420998086734,0.08235934510522884,0.4362713209111526
393,1789796101.4845963,0.22762461136798467,-0.3501616310586734,0.04882907166772884,0.4204882992498468
394,1789796101.5093253,0.21325449418048467,-0.3501616310586734,0.04882907166772884,0.4128860925167825
395,1789796101.5293252,0.1701441426179847,-0.37411182637117335,0.04882907166772884,0.4138755442616974
396,1789796101.5389738,0.20846445511798467,-0.3789018654336734,0.034458954480228836,0.43383346138884477
397,1789796101.5589738,0.22283457230548467,-0.3549516701211734,0.03924899354272884,0.42093517105427974
398,1789796101.5841424,0.20846445511798467,-0.29268116230867336,-0.013441436144771165,0.3595835981015099
399,1789796101.6041424,0.20846445511798467,-0.31184131855867336,-0.023021514269771164,0.37580903013009614
400,1789796101.6294034,0.23241465043048468,-0.32142139668367337,0.0009286810427288362,0.3966473829855516
401,1789796101.6494033,0.1797242207429847,-0.30226124043367336,0.015298798230228837,0.35198963936096933
402,1789796101.6589563,0.1845142598054847,-0.26394092793367335,-0.027811553332271165,0.32323955204895366
403,1789796101.6789563,0.22762461136798467,-0.2974712013711734,-0.008651397082271164,0.37466908868641724
404,1789796101.7189496,0.19888437699298467,-0.28310108418367336,0.020088837292728836,0.3465613663720073
405,1789796101.7389495,0.15577402543048469,-0.2687309669961734,0.05361911073022884,0.31520927755543027
406,1789796101.7491007,0.13661386918048468,-0.25436084980867335,0.03924899354272884,0.29138166493787876
407,1789796101.7691007,0.20846445511798467,-0.2687309669961734,0.034458954480228836,0.3418496470880249
408,1789796101.7793274,0.22762461136798467,-0.2591508888711734,0.06798922791772884,0.3515603533050822
409,1789796101.7993274,0.23241465043048468,-0.27352100605867335,0.07277926698022884,0.3662337125282879
410,1789796101.8241768,0.24199472855548468,-0.3453715919961734,0.07277926698022884,0.42794836944284925
411,1789796101.8441768,0.2707349629304847,-0.34058155293367337,0.07277926698022884,0.4411236063212475
412,1789796101.8691003,0.2659449238679847,-0.3070512794961734,0.05361911073022884,0.40973430391765575
413,1789796101.8891003,0.2611548848054847,-0.3262114357461734,0.029668915417728838,0.4189224501162598
414,1789796101.8997514,0.2611548848054847,-0.3453715919961734,0.005718720105228836,0.43303130853943944
415,1789796101.9197514,0.3042652363679847,-0.3501616310586734,-0.003861358019771164,0.46390237336479856
416,1789796101.944742,0.29947519730548466,-0.3789018654336734,0.034458954480228836,0.4841894639231083
417,1789796101.964742,0.23241465043048468,-0.3693217873086734,0.034458954480228836,0.43772431033638953
418,1789796101.990072,0.20367441605548467,-0.3501616310586734,0.010508759167728837,0.40522446821540586
419,1789796102.010072,0.3330054707429847,-0.3166313576211734,0.020088837292728836,0.45994741173046944
420,1789796102.0191245,0.3042652363679847,-0.31184131855867336,0.03924899354272884,0.43745036920386154
421,1789796102.0391245,0.1797242207429847,-0.3262114357461734,0.03924899354272884,0.37450658182116114
422,1789796102.064623,0.13182383011798468,-0.34058155293367337,0.04882907166772884,0.36845297478188455
423,1789796102.084623,0.22762461136798467,-0.3166313576211734,0.08235934510522884,0.3985617167461216
424,1789796102.1097064,0.24678476761798468,-0.27352100605867335,0.03924899354272884,0.37048204514892313
425,1789796102.1297064,0.1940943379304847,-0.28310108418367336,0.010508759167728837,0.3434083136761395
426,1789796102.1392589,0.1797242207429847,-0.3166313576211734,0.010508759167728837,0.36423432865388433
427,1789796102.1592588,0.20846445511798467,-0.3789018654336734,0.06798922791772884,0.437774585591266
428,1789796102.1839397,0.21325449418048467,-0.3070512794961734,0.034458954480228836,0.3754269397263361
429,1789796102.2039397,0.1893042988679847,-0.27352100605867335,0.024878876355228837,0.3335698080071799
430,1789796102.2293499,0.23241465043048468,-0.3070512794961734,0.015298798230228837,0.3853973419761102
431,1789796102.2493498,0.24199472855548468,-0.3980620216836734,0.06798922791772884,0.47078376869682415
432,1789796102.2744582,0.1940943379304847,-0.3549516701211734,0.05840914979272884,0.4087480017296634
433,1789796102.2944582,0.1940943379304847,-0.3357915138711734,0.04403903260522884,0.3903434246882763
434,1789796102.304325,0.2515748066804847,-0.3357915138711734,0.05361911073022884,0.4229903464379751
435,1789796102.324325,0.2515748066804847,-0.3501616310586734,0.07277926698022884,0.43726407687365904
436,1789796102.3496528,0.21804453324298467,-0.29268116230867336,0.05840914979272884,0.3696177891106115
437,1789796102.3696527,0.21325449418048467,-0.27352100605867335,0.04882907166772884,0.3502506221028813
438,1789796102.3942766,0.28031504105548466,-0.32142139668367337,0.04403903260522884,0.4287512949027977
439,1789796102.4142766,0.23720468949298468,-0.3549516701211734,0.09193942323022884,0.4367031146937021
440,1789796102.4243224,0.1653541035554847,-0.3501616310586734,0.07756930604272884,0.39493308884956574
441,1789796102.4443223,0.1940943379304847,-0.28310108418367336,0.0009286810427288362,0.34324874119379317
442,1789796102.4699,0.23241465043048468,-0.3501616310586734,0.029668915417728838,0.4213193351158468
443,1789796102.4898999,0.1893042988679847,-0.3597417091836734,0.08714938416772884,0.4157465935604335
444,1789796102.5139785,0.13182383011798468,-0.2783110451211734,0.03924899354272884,0.3104433016148557
445,1789796102.5339785,0.20846445511798467,-0.26394092793367335,0.04403903260522884,0.3392074275114435
446,1789796102.5445244,0.22762461136798467,-0.3262114357461734,0.09672946229272884,0.4093695804373431
447,1789796102.5645244,0.1845142598054847,-0.3166313576211734,0.08714938416772884,0.37669078016512125
448,1789796102.5891278,0.15098398636798468,-0.26394092793367335,0.034458954480228836,0.3060202560647364
449,1789796102.6091278,0.21804453324298467,-0.2783110451211734,0.034458954480228836,0.3552293285434936
450,1789796102.6339831,0.21325449418048467,-0.3693217873086734,0.07756930604272884,0.43346632984465805
451,1789796102.653983,0.13661386918048468,-0.3166313576211734,0.024878876355228837,0.34574228027562487
452,1789796102.6644065,0.15577402543048469,-0.24478077168367338,-0.008651397082271164,0.2902723201690906
453,1789796102.6844065,0.21325449418048467,-0.24478077168367338,0.005718720105228836,0.3246964878680873
454,1789796102.7095704,0.1940943379304847,-0.29268116230867336,0.015298798230228837,0.3515237232596379
455,1789796102.7295704,0.08871347855548467,-0.29268116230867336,0.034458954480228836,0.30776576091508445
456,1789796102.7546856,0.14140390824298468,-0.15377002949617335,0.04882907166772884,0.2145333668163921
457,1789796102.7746856,0.1893042988679847,-0.12502979512117338,0.09193942323022884,0.2447885307400022
458,1789796102.7842264,0.19888437699298467,-0.09149952168367337,0.12067965760522885,0.2499814745935065
459,1789796102.8042264,0.21804453324298467,-0.04838917012117336,0.15899997010522884,0.27416403986597254
460,1789796102.829578,0.23720468949298468,0.04741161112882664,0.14941989198022884,0.28432416307214836
461,1789796102.849578,0.22762461136798467,0.14321239237882666,0.13504977479272884,0.30093387097975505
462,1789796102.8750684,0.1653541035554847,0.20548290019132665,0.11588961854272885,0.28808957898482873
463,1789796102.8950684,0.10308359574298467,0.26296336894132666,0.11109957948022885,0.3035112480237908
464,1789796102.9197001,0.10787363480548467,0.28691356425382664,0.12067965760522885,0.3294232751320056
465,1789796102.9397001,0.14619394730548468,0.31086375956632667,0.06319918885522884,0.34928939965654365
466,1789796102.9640572,0.3042652363679847,0.30128368144132667,0.010508759167728837,0.42832187054147697
467,1789796102.9840572,0.2563648457429847,0.27733348612882663,0.09193942323022884,0.38870252662556687
468,1789796102.9947371,0.1940943379304847,0.39229442362882666,0.21169039979272886,0.48618962575455255
469,1789796103.0147371,0.2563648457429847,0.5743159080038267,0.3074911810427289,0.7000803687707123
470,1789796103.0394607,0.2851050801179847,0.5791059470663267,0.4272421576052289,0.774070065221386
471,1789796103.0594606,0.3761158223054847,0.5168354392538267,0.4176620794802289,0.7635598180188478
472,1789796103.069937,0.4862867207429847,0.48330516581632665,0.34581149354272883,0.767882964482196
473,1789796103.089937,0.6395679707429847,0.30607372050382664,0.33144137635522886,0.7826759850305887
474,1789796103.1148438,0.5916675801179847,0.3683442283163267,0.22606051698022886,0.7327014079650662
475,1789796103.1348438,0.4958667988679847,0.46414500956632665,0.15420993104272884,0.6964877421441895
476,1789796103.1594613,0.6060376973054847,0.45456493144132665,0.029668915417728838,0.758149861171033
477,1789796103.1794612,0.6012476582429847,0.3491840720663267,-0.09487210020727117,0.7017328395659085
478,1789796103.1896143,0.5629273457429848,0.32523387675382665,-0.23378323301977116,0.6908826754339277
479,1789796103.2096143,0.5006568379304847,0.40666454081632664,-0.34395413145727116,0.7309841056209301
480,1789796103.2346358,0.4623365254304847,0.14800243144132666,-0.3391640923947712,0.5921925903197766
481,1789796103.2546358,0.4623365254304847,-0.12502979512117338,-0.30563381895727115,0.5681545068954235
482,1789796103.2795117,0.3713257832429847,-0.04838917012117336,-0.32479397520727116,0.49569695925734036
483,1789796103.2995117,0.3521656269929847,-0.11544971699617336,-0.2864736627072712,0.46841907029366125
484,1789796103.3097553,0.20846445511798467,-0.02443897480867336,-0.3295840142697712,0.39074328529037317
485,1789796103.3297553,0.4000660176179847,-0.31184131855867336,-0.3487441705197712,0.6155650435856871
486,1789796103.354618,0.4958667988679847,-0.5513432716836734,-0.34395413145727116,0.8174152738950778
487,1789796103.374618,0.3761158223054847,-0.4842827248086734,-0.35353420958227116,0.7077989168412209
488,1789796103.3997352,0.3952759785554847,-0.5944536232461733,-0.3008437798947712,0.7746774743819991
489,1789796103.4197352,0.4767066426179847,-0.5705034279336734,-0.33437405333227116,0.8151867221330555
490,1789796103.429473,0.7209986348054848,-0.8052153419961734,-0.23857327208227116,1.1068549970657533
491,1789796103.449473,0.7257886738679847,-1.1932085060586735,-0.14756252989477117,1.4043825825873677
492,1789796103.4750476,0.5964576191804847,-1.1788383888711733,-0.15235256895727117,1.3298995991512728
493,1789796103.4950476,0.5581373066804847,-1.2267387794961735,-0.14756252989477117,1.3557949647558263
494,1789796103.519098,0.4527564473054847,-1.3129594826211735,0.005718720105228836,1.3888425783151903
495,1789796103.539098,0.44796640824298467,-1.3464897560586735,0.04882907166772884,1.4198918424742775
496,1789796103.54922,0.4814966816804847,-1.0638774513711735,-0.09487210020727117,1.171612137784122
497,1789796103.56922,0.3330054707429847,-1.0111870216836734,-0.11403225645727116,1.070698459828439
498,1789796103.5943015,0.1797242207429847,-1.1932085060586735,-0.09008206114477117,1.2100256659230557
499,1789796103.6143014,0.15098398636798468,-1.1932085060586735,-0.04697170958227117,1.2036399148297718
500,1789796103.6400542,0.14619394730548468,-1.1788383888711733,0.04403903260522884,1.1886850102941262
501,1789796103.6600542,0.23241465043048468,-0.9393364357461734,0.005718720105228836,0.9676787757384634
502,1789796103.6843102,0.14140390824298468,-1.3273295998086734,0.28354098573022884,1.3646224468267818
503,1789796103.7043102,0.026442970742984673,-1.4710307716836735,0.24522067323022884,1.4915642596017997
504,1789796103.7143793,-0.09809804488201533,-1.3608598732461734,0.2979111029177289,1.3965363748441795
505,1789796103.7343793,-0.18431874800701534,-1.1261479591836734,0.37455172791772884,1.201029401691142
506,1789796103.759153,-0.23221913863201535,-0.8866460060586734,0.5422030951052289,1.0649183371265996
507,1789796103.7791529,-0.22742909956951535,-1.2554790138711733,0.47035250916772886,1.3598466944778418
508,1789796103.8046823,-0.45735097456951535,-1.6865825294961734,0.34102145448022886,1.7804567321777878
509,1789796103.8246822,-0.16036855269451533,-2.1751665138711735,0.21648043885522886,2.191787219637609
510,1789796103.834448,0.012072853555484672,-1.6530522560586733,0.15899997010522884,1.6607252950283817
511,1789796103.854448,-0.3519701151945153,-1.9165044044961734,0.22127047791772886,1.9610794779511647
512,1789796103.8795078,0.15098398636798468,-2.4194585060586733,-0.10924221739477116,2.4266251232402096
513,1789796103.8995078,0.28989511918048466,-2.4865190529336734,-0.31521389708227116,2.5231282134764044
514,1789796103.9240499,0.3809058613679847,-2.4338286232461734,-0.3295840142697712,2.4854047286144416
515,1789796103.9440498,0.4814966816804847,-2.7691313576211734,-0.3200039361447712,2.8288389931875493
516,1789796103.9536262,0.4527564473054847,-2.8984624123086733,-0.3774844048947712,2.957797699654535
517,1789796103.9736261,0.4671265644929847,-3.0661137794961735,-0.34395413145727116,3.120507231303567
518,1789796103.9992523,0.4910767598054847,-3.1858647560586735,-0.4110146783322712,3.2495882344879368
519,1789796104.0192523,0.5102369160554847,-3.1235942482461736,-0.4062246392697712,3.190956156974308
520,1789796104.0438209,0.5150269551179847,-3.1762846779336735,-0.2912637017697712,3.2309242739103237
521,1789796104.0638208,0.42880625199298467,-3.3199858498086736,0.034458954480228836,3.347740770164554
522,1789796104.0738728,0.4958667988679847,-3.0852739357461734,0.17337008729272885,3.129673517794173
523,1789796104.0938728,0.5772974629304847,-3.0325835060586734,0.26438082948022884,3.0983434775572807
524,1789796104.119329,0.5725074238679847,-3.0756938576211734,0.19253024354272885,3.134441792547948
525,1789796104.139329,0.4958667988679847,-3.0325835060586734,0.13504977479272884,3.0758226615184214
526,1789796104.1638815,0.3809058613679847,-2.9080424904336737,0.23564059510522886,2.9423335792281806
527,1789796104.1838815,0.4910767598054847,-2.7020708107461733,0.23564059510522886,2.75642332386901
528,1789796104.1944356,0.5916675801179847,-2.5056792091836737,0.11109957948022885,2.5769831084542787
529,1789796104.2144356,0.4910767598054847,-2.4865190529336734,0.29312106385522885,2.551441424508673
530,1789796104.239006,0.4719166035554847,-2.5871098732461735,0.5326230169802288,2.6831940025231678
531,1789796104.259006,0.44796640824298467,-2.5104692482461735,0.5565732122927288,2.6101539207383295
532,1789796104.2842464,0.44796640824298467,-2.4913090919961736,0.22606051698022886,2.5413378862548535
533,1789796104.3042464,0.5293970723054847,-2.7403911232461735,0.10151950135522884,2.792903682135755
534,1789796104.3287756,0.7401587910554847,-2.8457719826211734,0.27875094666772887,2.9536342534776567
535,1789796104.3487756,1.7077466816804847,-1.8925542091836736,0.25959079041772887,2.562332441733361
536,1789796104.3588848,0.1797242207429847,-2.6206401466836735,0.6140536810427288,2.6976132964407675
537,1789796104.3788848,0.5054468769929847,-2.8697221779336735,0.44161227479272885,2.9471686964328927
538,1789796104.4037898,0.6826783223054848,-3.3439360451211737,0.34102145448022886,3.429905771012125
539,1789796104.4237897,0.8072193379304847,-2.6398003029336734,-0.008651397082271164,2.760475239079155
540,1789796104.4491286,0.5772974629304847,-2.3523979591836737,-0.008651397082271164,2.4222145581572585
541,1789796104.4691286,0.4192261738679847,-2.4577788185586735,0.12546969666772884,2.496431443199182
542,1789796104.4791844,0.2946851582429847,-2.5248393654336736,0.13983981385522884,2.545821741063438
543,1789796104.4991844,0.3809058613679847,-2.5056792091836737,0.13504977479272884,2.5380614681743574
544,1789796104.5239081,0.28031504105548466,-2.4098784279336734,0.15899997010522884,2.431331230037461
545,1789796104.543908,0.1797242207429847,-2.2039067482461734,0.10630954041772885,2.213776743231016
546,1789796104.5698917,0.07913340043048468,-2.2039067482461734,0.07277926698022884,2.2065275597034573
547,1789796104.5898917,-0.02145741988201533,-2.1991167091836736,0.11109957948022885,2.2020258486310977
548,1789796104.5989335,-0.05498769331951533,-2.1991167091836736,0.17816012635522885,2.2070067914826046
549,1789796104.6189334,0.05997324418048468,-2.0649956154336735,0.18774020448022885,2.0743794412199774
550,1789796104.6444004,-0.07414784956951533,-2.0889458107461736,0.29312106385522885,2.110713732817739
551,1789796104.6644003,-0.24658925581951535,-2.0985258888711735,0.35539157166772883,2.1426433059566
552,1789796104.689582,-0.29448964644451536,-2.1464262794961733,0.28354098573022884,2.185009248438933
553,1789796104.709582,-0.17473866988201534,-2.1176860451211734,0.15899997010522884,2.130823497839874
554,1789796104.7185984,-0.11246816206951533,-2.0123051857461736,0.05361911073022884,2.0161587876692
555,1789796104.7385983,-0.20826894331951534,-2.0937358498086733,0.04403903260522884,2.104529685682357
556,1789796104.7645948,-0.25616933394451535,-2.2039067482461734,0.12546969666772884,2.2222894337598085
557,1789796104.7845948,-0.15078847456951533,-2.0362553810586737,0.11109957948022885,2.044851157789752
558,1789796104.8091574,-0.11725820113201534,-1.8973442482461735,0.08235934510522884,1.9027474198673127
559,1789796104.8291574,-0.16515859175701533,-1.8686040138711735,0.10630954041772885,1.8788986240535837
560,1789796104.8386269,-0.15078847456951533,-2.0985258888711735,0.16858004823022885,2.110679346321193
561,1789796104.8586268,-0.08372792769451533,-2.1895366310586737,0.19732028260522885,2.200003708758508
562,1789796104.8839064,-0.02624745894451533,-2.0889458107461736,0.17337008729272885,2.0962921352957755
563,1789796104.9039063,-0.09330800581951533,-2.0075151466836734,0.19253024354272885,2.018883687286865
564,1789796104.928572,-0.15078847456951533,-2.0889458107461736,0.18295016541772885,2.1023564225229183
565,1789796104.948572,-0.14120839644451533,-2.2086967873086736,0.11588961854272885,2.216238189631265
566,1789796104.9596174,-0.03582753706951533,-2.2278569435586735,0.10630954041772885,2.2306796927750274
567,1789796104.9796174,-0.11246816206951533,-2.1464262794961733,0.18774020448022885,2.1575544593750946
568,1789796105.0038335,-0.20347890425701534,-2.1224760841836736,0.29312106385522885,2.1522612179949063
569,1789796105.0238335,-0.14599843550701533,-2.0314653419961735,0.23564059510522886,2.050291069327395
570,1789796105.0494072,-0.06456777144451534,-2.0745756935586734,0.15420993104272884,2.0813010373912673
571,1789796105.0694072,-0.06935781050701534,-2.1081059669961735,0.06798922791772884,2.110342107118191
572,1789796105.0941706,-0.16036855269451533,-2.0602055763711733,0.13504977479272884,2.0708460906778607
573,1789796105.1141706,-0.29927968550701534,-1.9691948341836734,0.18295016541772885,2.000191837839365
574,1789796105.1240728,-0.26574941206951536,-1.9404545998086735,0.13983981385522884,1.9635534058112596
575,1789796105.1440728,-0.13641835738201533,-2.0266753029336733,0.14462985291772884,2.0364038268740083
576,1789796105.1687393,-0.19389882613201534,-2.0314653419961735,0.16858004823022885,2.047649243197748
577,1789796105.1887393,-0.30885976363201534,-1.9308745216836734,0.19253024354272885,1.9648762471862196
578,1789796105.213443,-0.31843984175701534,-1.8973442482461735,0.17816012635522885,1.9321128744962033
579,1789796105.233443,-0.26574941206951536,-1.9548247169961734,0.15420993104272884,1.978823672545552
580,1789796105.2442079,-0.13162831831951533,-2.0649956154336735,0.12067965760522885,2.072702700751759
581,1789796105.2642078,-0.07893788863201533,-2.0841557716836734,0.07756930604272884,2.0870921082079725
582,1789796105.2889345,-0.15078847456951533,-2.0793657326211736,0.05840914979272884,2.0856439396123445
583,1789796105.3089345,-0.20826894331951534,-2.0793657326211736,0.08235934510522884,2.091392087695844
584,1789796105.3345582,-0.16994863081951533,-2.1224760841836736,0.18295016541772885,2.1371144162340636
585,1789796105.3545582,-0.04061757613201533,-2.1368462013711733,0.25959079041772887,2.152939584446102
586,1789796105.3639576,-0.08372792769451533,-2.0266753029336733,0.23564059510522886,2.0420454547974343
587,1789796105.3839576,-0.20347890425701534,-1.9500346779336735,0.21648043885522886,1.972537120063517
588,1789796105.4094722,-0.2609593730070153,-1.9883549904336735,0.21169039979272886,2.0165485830267302
589,1789796105.4294722,-0.19868886519451534,-2.0554155373086735,0.19732028260522885,2.0744024657933653
590,1789796105.4545612,-0.16515859175701533,-2.0314653419961735,0.11109957948022885,2.0411937469832386
591,1789796105.4745612,-0.19389882613201534,-1.9931450294961734,0.04882907166772884,2.0031495554802214
592,1789796105.4844797,-0.2513792948820153,-2.0075151466836734,0.08714938416772884,2.02506879616979
593,1789796105.5044796,-0.24658925581951535,-1.9979350685586734,0.14941989198022884,2.0186324834851828
594,1789796105.529034,-0.20826894331951534,-2.0075151466836734,0.15899997010522884,2.0245429132051664
595,1789796105.5490339,-0.2513792948820153,-1.9739848732461736,0.16379000916772884,1.9966559535391308
596,1789796105.5743923,-0.25616933394451535,-1.9596147560586734,0.20690036073022885,1.9870884426936737
597,1789796105.5943923,-0.21784902144451535,-2.0027251076211736,0.2883310247927289,2.0350677710333382
598,1789796105.6186574,-0.20347890425701534,-2.0889458107461736,0.23564059510522886,2.1120191179942407
599,1789796105.6386573,-0.18431874800701534,-2.0506254982461734,0.11588961854272885,2.0621514829445045
600,1789796105.6496875,-0.19868886519451534,-1.9739848732461736,0.10630954041772885,1.9868052907471394
601,1789796105.6696875,-0.22742909956951535,-2.0458354591836736,0.15899997010522884,2.064569619043576
602,1789796105.694661,-0.21784902144451535,-2.1176860451211734,0.19732028260522885,2.137986827782785
603,1789796105.714661,-0.21784902144451535,-2.0554155373086735,0.19732028260522885,2.0763252445321863
604,1789796105.7389266,-0.23700917769451535,-1.9165044044961734,0.13983981385522884,1.9361605450746402
605,1789796105.7589266,-0.23221913863201535,-1.9787749123086735,0.11588961854272885,1.9957219960743964
606,1789796105.7693136,-0.22742909956951535,-2.0793657326211736,0.14462985291772884,2.0967602723452186
607,1789796105.7893136,-0.28011952925701533,-2.0745756935586734,0.18774020448022885,2.1018034264302408
608,1789796105.8138087,-0.30885976363201534,-1.9356645607461735,0.18295016541772885,1.9686702132012552
609,1789796105.8338087,-0.17952870894451534,-1.8925542091836736,0.16379000916772884,1.9080930687828854
610,1789796105.859102,-0.14599843550701533,-2.0410454201211734,0.15899997010522884,2.0524285470294887
611,1789796105.879102,-0.19389882613201534,-2.1081059669961735,0.15420993104272884,2.1226135365846623
612,1789796105.8887515,-0.23221913863201535,-2.0602055763711733,0.16858004823022885,2.0800942233271984
613,1789796105.9087515,-0.27532949019451536,-1.9596147560586734,0.15899997010522884,1.9852398622904814
614,1789796105.933832,-0.22742909956951535,-2.0027251076211736,0.14941989198022884,2.0211279415580363
615,1789796105.953832,-0.17952870894451534,-2.0649956154336735,0.12546969666772884,2.076578939958092
616,1789796105.979611,-0.15078847456951533,-2.0793657326211736,0.16379000916772884,2.0912499088261445
617,1789796105.999611,-0.14120839644451533,-2.0123051857461736,0.17816012635522885,2.0251056768549844
618,1789796106.0095553,-0.13641835738201533,-2.0123051857461736,0.15420993104272884,2.022810626737944
619,1789796106.0295553,-0.11725820113201534,-1.9883549904336735,0.06319918885522884,1.9928118805314186
620,1789796106.0541356,-0.15078847456951533,-2.0602055763711733,0.05840914979272884,2.0665419932228306
621,1789796106.0741355,-0.18910878706951534,-2.0745756935586734,0.11588961854272885,2.0863980553425883
622,1789796106.0995042,-0.19868886519451534,-2.0314653419961735,0.11109957948022885,2.044179986558081
623,1789796106.1195042,-0.20826894331951534,-1.9979350685586734,0.15899997010522884,2.015043791440137
624,1789796106.129051,-0.23700917769451535,-1.9931450294961734,0.23564059510522886,2.0209717833206575
625,1789796106.149051,-0.27532949019451536,-1.9979350685586734,0.2883310247927289,2.037323157038507
626,1789796106.173769,-0.30406972456951536,-2.0123051857461736,0.29312106385522885,2.0561494391352846
627,1789796106.193769,-0.27053945113201533,-1.9644047951211734,0.19253024354272885,1.9922714896299885
628,1789796106.219055,-0.29927968550701534,-1.8877641701211734,0.11588961854272885,1.9148504630483394
629,1789796106.239055,-0.32322988081951537,-1.9691948341836734,0.12067965760522885,1.999192194510067
630,1789796106.248816,-0.25616933394451535,-2.0697856544961732,0.14941989198022884,2.090923644548292
631,1789796106.268816,-0.20826894331951534,-2.0554155373086735,0.14462985291772884,2.070996566418287
632,1789796106.2940533,-0.22742909956951535,-1.9308745216836734,0.14941989198022884,1.9499555681957315
633,1789796106.3140533,-0.29927968550701534,-1.8829741310586734,0.18774020448022885,1.9158304446823111
634,1789796106.3396285,-0.24658925581951535,-2.0075151466836734,0.17337008729272885,2.0300198305479387
635,1789796106.3596284,-0.21305898238201534,-2.1081059669961735,0.11588961854272885,2.122012088029781
636,1789796106.3688035,-0.19868886519451534,-2.0985258888711735,0.07756930604272884,2.1093376137201894
637,1789796106.3888035,-0.19389882613201534,-2.0410454201211734,0.11109957948022885,2.0532428688135442
638,1789796106.4139786,-0.20347890425701534,-2.0458354591836736,0.18295016541772885,2.064053573325383
639,1789796106.4339786,-0.18910878706951534,-2.0697856544961732,0.21169039979272886,2.0891595473466027
640,1789796106.4595828,-0.20826894331951534,-2.0458354591836736,0.21169039979272886,2.067276349250169
641,1789796106.4795828,-0.2513792948820153,-2.0314653419961735,0.20211032166772885,2.056913116237932
642,1789796106.5041986,-0.28969960738201533,-1.9691948341836734,0.17816012635522885,1.9983481148478284
643,1789796106.5241985,-0.28490956831951536,-1.9548247169961734,0.18295016541772885,1.9839314250562081
644,1789796106.534783,-0.28011952925701533,-2.0075151466836734,0.22127047791772886,2.0390057967630897
645,1789796106.5547829,-0.25616933394451535,-2.0170952248086733,0.20690036073022885,2.0437963775459207
646,1789796106.5793676,-0.27532949019451536,-2.0314653419961735,0.15420993104272884,2.0558303594252627
647,1789796106.5993676,-0.33280995894451537,-1.9931450294961734,0.11109957948022885,2.023791662681373
648,1789796106.6238828,-0.29448964644451536,-2.0410454201211734,0.13983981385522884,2.066916963111895
649,1789796106.6438828,-0.21784902144451535,-2.0170952248086733,0.16858004823022885,2.0358169305592266
650,1789796106.6539557,-0.20347890425701534,-2.0266753029336733,0.18295016541772885,2.045064109270246
651,1789796106.6739557,-0.21305898238201534,-2.0649956154336735,0.15420993104272884,2.0816776226318425
652,1789796106.6989896,-0.23221913863201535,-2.1081059669961735,0.13025973573022884,2.124853899726844
653,1789796106.7189896,-0.21305898238201534,-2.0602055763711733,0.13504977479272884,2.0755913828487786
654,1789796106.744732,-0.16036855269451533,-2.0841557716836734,0.13983981385522884,2.094988908532636
655,1789796106.764732,-0.14120839644451533,-2.1320561623086736,0.10630954041772885,2.139370236506213
656,1789796106.7747886,-0.17473866988201534,-2.1224760841836736,0.12067965760522885,2.1330733485849738
657,1789796106.7947886,-0.2513792948820153,-2.0745756935586734,0.18295016541772885,2.0977432209939813
658,1789796106.8192158,-0.25616933394451535,-2.0745756935586734,0.21169039979272886,2.101023527074943
659,1789796106.8392158,-0.20826894331951534,-2.0266753029336733,0.15899997010522884,2.0435434242428485
660,1789796106.8645992,-0.22742909956951535,-2.0458354591836736,0.14462985291772884,2.0635126643031
661,1789796106.8845992,-0.22263906050701535,-2.0314653419961735,0.16379000916772884,2.050182127055604
662,1789796106.8946288,-0.24179921675701535,-2.0889458107461736,0.17816012635522885,2.1104270876012765
663,1789796106.9146287,-0.28490956831951536,-2.0602055763711733,0.16858004823022885,2.086633583476552
664,1789796106.9397497,-0.28490956831951536,-2.0123051857461736,0.16379000916772884,2.0389636558320796
665,1789796106.9597497,-0.28490956831951536,-2.0170952248086733,0.14462985291772884,2.042244941827735
666,1789796106.9850805,-0.29927968550701534,-2.0697856544961732,0.16858004823022885,2.0980944255148852
667,1789796107.0050805,-0.27532949019451536,-2.0410454201211734,0.22127047791772886,2.071384406518097
668,1789796107.0146675,-0.28011952925701533,-1.9691948341836734,0.19732028260522885,1.998782264173425
669,1789796107.0346675,-0.26574941206951536,-2.0362553810586737,0.19732028260522885,2.0629818275576506
670,1789796107.0598505,-0.24179921675701535,-2.0745756935586734,0.13983981385522884,2.0932955699250457
671,1789796107.0798504,-0.23221913863201535,-2.1033159279336733,0.11109957948022885,2.119010792234709
672,1789796107.1044297,-0.19389882613201534,-2.1128960060586737,0.15420993104272884,2.127370910308372
673,1789796107.1244297,-0.21784902144451535,-2.0554155373086735,0.15420993104272884,2.0726726538424827
674,1789796107.1490078,-0.27053945113201533,-2.0362553810586737,0.16858004823022885,2.0610547795171588
675,1789796107.1690078,-0.27053945113201533,-2.0554155373086735,0.17816012635522885,2.0807848654417946
676,1789796107.1789243,-0.22742909956951535,-2.0985258888711735,0.18295016541772885,2.118727369110977
677,1789796107.1989243,-0.21305898238201534,-2.0937358498086733,0.14462985291772884,2.1095122026437085
678,1789796107.224857,-0.21305898238201534,-2.0937358498086733,0.12546969666772884,2.108285223476558
679,1789796107.244857,-0.24658925581951535,-2.0649956154336735,0.13983981385522884,2.0843628106414163
680,1789796107.2691548,-0.24658925581951535,-2.0170952248086733,0.13983981385522884,2.0369179120844905
681,1789796107.2891548,-0.27053945113201533,-2.0314653419961735,0.15899997010522884,2.0555592963580267
682,1789796107.2991862,-0.27053945113201533,-2.0458354591836736,0.14941989198022884,2.0690482412915046
683,1789796107.3191862,-0.2513792948820153,-2.0554155373086735,0.15899997010522884,2.0768258404109736
684,1789796107.3440907,-0.21784902144451535,-2.0697856544961732,0.19253024354272885,2.090104960613487
685,1789796107.3640907,-0.23221913863201535,-2.0314653419961735,0.18295016541772885,2.0528633483758725
686,1789796107.3890467,-0.29927968550701534,-2.0075151466836734,0.15420993104272884,2.035550563644576
687,1789796107.4090466,-0.31364980269451537,-2.0554155373086735,0.18295016541772885,2.087242197917287
688,1789796107.4190862,-0.27053945113201533,-2.0458354591836736,0.18774020448022885,2.0721681169852904
689,1789796107.4390862,-0.25616933394451535,-2.0649956154336735,0.15899997010522884,2.086890176771968
690,1789796107.4640114,-0.2609593730070153,-2.0841557716836734,0.13025973573022884,2.1044649376397535
691,1789796107.4840114,-0.23221913863201535,-2.0937358498086733,0.14462985291772884,2.111533407615434
692,1789796107.5085926,-0.25616933394451535,-2.0458354591836736,0.17337008729272885,2.0690873932424263
693,1789796107.5285926,-0.27532949019451536,-2.0218852638711735,0.13504977479272884,2.0450097286080924
694,1789796107.5401397,-0.33759999800701535,-2.0266753029336733,0.14462985291772884,2.0596854945672254
695,1789796107.5601397,-0.33280995894451537,-2.0458354591836736,0.23085055604272886,2.085544814683003
696,1789796107.5839226,-0.24179921675701535,-2.0266753029336733,0.24522067323022884,2.0557268357749017
697,1789796107.6039226,-0.15557851363201533,-2.0841557716836734,0.18774020448022885,2.0983699242327587
698,1789796107.6290102,-0.19868886519451534,-2.1081059669961735,0.11109957948022885,2.120361089484015
699,1789796107.6490102,-0.27053945113201533,-2.0410454201211734,0.07277926698022884,2.0601832013970527
700,1789796107.6590593,-0.29448964644451536,-2.0793657326211736,0.13025973573022884,2.1041515156030743
701,1789796107.6790593,-0.22263906050701535,-2.1081059669961735,0.15899997010522884,2.125784539844474
702,1789796107.7041728,-0.16036855269451533,-2.0697856544961732,0.14462985291772884,2.0810210288717625
703,1789796107.7241728,-0.20347890425701534,-2.0458354591836736,0.15899997010522884,2.062068713943445
704,1789796107.7491589,-0.32801991988201534,-1.9691948341836734,0.08714938416772884,1.9982293106587847
705,1789796107.7691588,-0.33759999800701535,-2.0745756935586734,0.22606051698022886,2.113987091799795
706,1789796107.7787304,-0.32801991988201534,-2.0649956154336735,0.26917086854272887,2.108140630050981
707,1789796107.7987304,-0.32801991988201534,-2.0266753029336733,0.24522067323022884,2.067641900799117
708,1789796107.8236814,-0.3423900370695153,-1.9787749123086735,0.13504977479272884,2.012714468755623
709,1789796107.8436813,-0.33759999800701535,-1.9835649513711735,0.07756930604272884,2.013584036538434
710,1789796107.8689857,-0.28969960738201533,-1.9835649513711735,0.17816012635522885,2.0125100768563446
711,1789796107.8889856,-0.28011952925701533,-1.9691948341836734,0.28354098573022884,2.0091268591693523
712,1789796107.9140418,-0.28490956831951536,-2.0266753029336733,0.25001071229272886,2.0618175481604637
713,1789796107.9340417,-0.27053945113201533,-2.0937358498086733,0.08235934510522884,2.112748083686037
714,1789796107.9437602,-0.23221913863201535,-2.1224760841836736,0.020088837292728836,2.1352362908264815
715,1789796107.9637601,-0.16036855269451533,-2.1176860451211734,0.12546969666772884,2.127452679421139
716,1789796107.9886448,-0.15078847456951533,-2.1224760841836736,0.17816012635522885,2.1352711590375524
717,1789796108.0086448,-0.16515859175701533,-2.1176860451211734,0.13504977479272884,2.1284055036114906
718,1789796108.0339944,-0.21784902144451535,-2.0745756935586734,0.10630954041772885,2.088689594658003
719,1789796108.0539944,-0.23700917769451535,-2.0745756935586734,0.17337008729272885,2.0952553175648476
720,1789796108.0645227,-0.24179921675701535,-2.0602055763711733,0.20690036073022885,2.0846394502180665
721,1789796108.0845227,-0.28011952925701533,-2.0602055763711733,0.18295016541772885,2.0871954222373197
722,1789796108.1085951,-0.2609593730070153,-2.0697856544961732,0.15899997010522884,2.092222129796889
723,1789796108.128595,-0.27053945113201533,-2.0266753029336733,0.16379000916772884,2.0512024632500987
724,1789796108.1533766,-0.25616933394451535,-2.0362553810586737,0.14941989198022884,2.057737837690546
725,1789796108.1733766,-0.28490956831951536,-2.0649956154336735,0.10151950135522884,2.0870281653671383
726,1789796108.1840708,-0.27053945113201533,-2.0649956154336735,0.11109957948022885,2.08560341458768
727,1789796108.2040708,-0.28490956831951536,-2.0218852638711735,0.17816012635522885,2.0496181383375607
728,1789796108.2292566,-0.28969960738201533,-1.9883549904336735,0.19732028260522885,2.019013799959573
729,1789796108.2492566,-0.30885976363201534,-2.0170952248086733,0.16379000916772884,2.0471674740088908
730,1789796108.2737577,-0.30406972456951536,-2.0362553810586737,0.12067965760522885,2.062367075486297
731,1789796108.2937577,-0.19868886519451534,-2.0027251076211736,0.13025973573022884,2.0167678896196843
732,1789796108.304547,-0.26574941206951536,-2.0506254982461734,0.16379000916772884,2.0742504311620196
733,1789796108.324547,-0.25616933394451535,-2.0314653419961735,0.23564059510522886,2.061067842999534
734,1789796108.3489563,-0.30885976363201534,-2.0266753029336733,0.29312106385522885,2.0709242128063843
735,1789796108.3689563,-0.39987050581951533,-2.0841557716836734,0.2883310247927289,2.141666753237942
736,1789796108.3940299,-0.35676015425701535,-2.1607963966836734,0.17816012635522885,2.197284666630509
737,1789796108.4140298,-0.22263906050701535,-2.1128960060586737,0.09672946229272884,2.126794365367179
738,1789796108.424572,-0.19868886519451534,-2.0410454201211734,0.10630954041772885,2.0534471969188126
739,1789796108.444572,-0.23221913863201535,-2.0170952248086733,0.15420993104272884,2.036266087014453
740,1789796108.4686472,-0.21305898238201534,-2.0793657326211736,0.13983981385522884,2.0949250949644753
741,1789796108.4886472,-0.16036855269451533,-2.1176860451211734,0.10151950135522884,2.1261746089043827
742,1789796108.5142136,-0.16036855269451533,-2.0841557716836734,0.06319918885522884,2.091271740068148
743,1789796108.5342135,-0.15078847456951533,-2.1033159279336733,0.08714938416772884,2.110514172405223
744,1789796108.5582602,-0.15078847456951533,-2.0889458107461736,0.13504977479272884,2.098730617770789
745,1789796108.5782602,-0.24658925581951535,-2.0506254982461734,0.19732028260522885,2.0748027590762446
746,1789796108.5891867,-0.28011952925701533,-2.0123051857461736,0.21648043885522886,2.043208969160782
747,1789796108.6091866,-0.31364980269451537,-1.9931450294961734,0.22127047791772886,2.029769428219262
748,1789796108.6341004,-0.27053945113201533,-2.0266753029336733,0.14462985291772884,2.049761491611917
749,1789796108.6541004,-0.23221913863201535,-2.0697856544961732,0.08235934510522884,2.0843995407865807
750,1789796108.6782513,-0.25616933394451535,-2.0985258888711735,0.14941989198022884,2.119377252410601
751,1789796108.6982512,-0.2513792948820153,-2.0985258888711735,0.21169039979272886,2.1241034065041027
752,1789796108.709306,-0.23221913863201535,-2.0602055763711733,0.19253024354272885,2.082172096618456
753,1789796108.729306,-0.24179921675701535,-2.0697856544961732,0.14941989198022884,2.0892117702382023
754,1789796108.7543073,-0.25616933394451535,-2.0123051857461736,0.12067965760522885,2.032131508538322
755,1789796108.7743073,-0.28011952925701533,-2.0410454201211734,0.16858004823022885,2.0670637605865223
756,1789796108.7995994,-0.26574941206951536,-2.0889458107461736,0.18774020448022885,2.1141342754488326
757,1789796108.8195994,-0.24179921675701535,-2.0458354591836736,0.17337008729272885,2.0673574375142456
758,1789796108.8437128,-0.21784902144451535,-2.1033159279336733,0.16379000916772884,2.1209015196248475
759,1789796108.8637128,-0.25616933394451535,-2.0793657326211736,0.13983981385522884,2.0997475446328857
760,1789796108.8742685,-0.27053945113201533,-2.0266753029336733,0.18774020448022885,2.0532537014500636
761,1789796108.8942685,-0.27053945113201533,-2.0218852638711735,0.21169039979272886,2.0508594394162225
762,1789796108.9187486,-0.29927968550701534,-2.0554155373086735,0.14462985291772884,2.0821189100342195
763,1789796108.9387486,-0.27053945113201533,-2.1128960060586737,0.13983981385522884,2.134730966791032
764,1789796108.9488175,-0.23221913863201535,-2.0602055763711733,0.19253024354272885,2.082172096618456
765,1789796108.9688175,-0.2609593730070153,-2.0170952248086733,0.20690036073022885,2.0444022841839287
766,1789796108.9943838,-0.29448964644451536,-2.0458354591836736,0.12067965760522885,2.0704420923261786
767,1789796109.0143838,-0.24658925581951535,-2.1416362404336735,0.07756930604272884,2.157180809451181
768,1789796109.0395818,-0.23700917769451535,-2.0985258888711735,0.15420993104272884,2.1174902501324966
769,1789796109.0595818,-0.24658925581951535,-2.0075151466836734,0.20690036073022885,2.033157909391273
770,1789796109.069106,-0.23700917769451535,-2.0362553810586737,0.14462985291772884,2.055097837465856
771,1789796109.089106,-0.23700917769451535,-2.0793657326211736,0.06798922791772884,2.0939335556372054
772,1789796109.1288579,-0.22742909956951535,-2.1128960060586737,0.20211032166772885,2.134690167184533
773,1789796109.1488578,-0.28969960738201533,-2.0697856544961732,0.27396090760522884,2.107840861396165
774,1789796109.1587691,-0.28490956831951536,-2.0410454201211734,0.15420993104272884,2.066596373738673
775,1789796109.178769,-0.26574941206951536,-2.0793657326211736,0.09193942323022884,2.098293939742092
776,1789796109.1886585,-0.28011952925701533,-2.0937358498086733,0.15899997010522884,2.118366764736145
777,1789796109.2086585,-0.27532949019451536,-2.0602055763711733,0.20211032166772885,2.0883251488229226
778,1789796109.2337022,-0.21784902144451535,-2.0362553810586737,0.12067965760522885,2.0514282226766922
779,1789796109.2537022,-0.16994863081951533,-2.0554155373086735,0.11588961854272885,2.0656829310940514
780,1789796109.2792826,-0.20347890425701534,-2.0554155373086735,0.13983981385522884,2.0701912638755395
781,1789796109.2992826,-0.24658925581951535,-2.0602055763711733,0.16379000916772884,2.081365043691199
782,1789796109.323855,-0.28011952925701533,-2.0697856544961732,0.17816012635522885,2.096239642038151
783,1789796109.343855,-0.28490956831951536,-2.1033159279336733,0.17337008729272885,2.1295935156708636
784,1789796109.354336,-0.28969960738201533,-2.0793657326211736,0.21169039979272886,2.1100949120551165
785,1789796109.374336,-0.30406972456951536,-2.0170952248086733,0.21169039979272886,2.0508399178653947
786,1789796109.3987358,-0.33280995894451537,-2.0027251076211736,0.18774020448022885,2.0388518116447725
787,1789796109.4187357,-0.29927968550701534,-2.0458354591836736,0.19732028260522885,2.0770041767261467
788,1789796109.4443388,-0.2609593730070153,-2.0506254982461734,0.16379000916772884,2.0736421811683776
789,1789796109.4643388,-0.23700917769451535,-2.0314653419961735,0.12067965760522885,2.048801690208883
790,1789796109.4734528,-0.2609593730070153,-2.0506254982461734,0.13504977479272884,2.0715702184790037
791,1789796109.4934528,-0.27532949019451536,-2.0745756935586734,0.14462985291772884,2.097757953346912
792,1789796109.5189047,-0.27532949019451536,-2.0649956154336735,0.14941989198022884,2.088621441058779
793,1789796109.5389047,-0.28490956831951536,-2.0458354591836736,0.12546969666772884,2.06938610050304
794,1789796109.5646753,-0.28011952925701533,-2.0362553810586737,0.13025973573022884,2.05955590511986
795,1789796109.5846753,-0.25616933394451535,-2.0362553810586737,0.18774020448022885,2.0608748358214917
796,1789796109.5946858,-0.23700917769451535,-2.0793657326211736,0.20211032166772885,2.1025659995432378
797,1789796109.6146858,-0.27053945113201533,-2.0937358498086733,0.16858004823022885,2.1178622797656526
798,1789796109.6387334,-0.27053945113201533,-2.0841557716836734,0.17816012635522885,2.1091794389961445
799,1789796109.6587334,-0.26574941206951536,-2.0362553810586737,0.26917086854272887,2.0710894918804796
800,1789796109.683891,-0.29927968550701534,-1.9787749123086735,0.5086728216677289,2.064913199929427
801,1789796109.703891,-0.41903066206951534,-1.9165044044961734,0.6380038763552288,2.0629165699203513
802,1789796109.7134402,-0.3711302714445153,-1.9500346779336735,0.7673349310427289,2.1281860397824044
803,1789796109.7334402,-0.30885976363201534,-2.4625688576211733,0.8391855169802289,2.6198992469226465
804,1789796109.7592285,-0.18431874800701534,-2.6637504982461735,0.7769150091677288,2.78085185675967
805,1789796109.7792284,-0.22742909956951535,-2.6254301857461737,0.9254062201052289,2.793024226133321
806,1789796109.8043258,-0.23700917769451535,-2.2374370216836734,0.9062460638552289,2.425609140930425
807,1789796109.8243258,-0.19868886519451534,-2.3092876076211737,0.6571640326052288,2.4091805838531437
808,1789796109.834414,0.2563648457429847,-2.6972807716836735,0.3074911810427289,2.726829169905286
809,1789796109.854414,0.6299878926179847,-2.8314018654336737,-0.03739163145727117,2.9008825213251175
810,1789796109.8788178,0.8407496113679848,-2.9415727638711737,-0.16193264708227117,3.0636469144395844
811,1789796109.8988178,0.6156177754304847,-2.9080424904336737,-0.13319241270727117,2.9754724986792342
812,1789796109.924344,0.031233009805484675,-2.9319926857461733,-0.08050198301977117,2.93326391234077
813,1789796109.944344,-0.18910878706951534,-2.7116508888711737,-0.04697170958227117,2.7186428632617066
814,1789796109.9697225,-0.0022972636320153284,-2.7260210060586734,0.005718720105228836,2.7260279724634113
815,1789796109.9897225,0.3952759785554847,-2.8122417091836733,0.024878876355228837,2.8399939240399803
816,1789796109.999161,0.44796640824298467,-2.9272026466836736,0.005718720105228836,2.9612872102222147
817,1789796110.019161,0.28031504105548466,-2.9990532326211734,0.04403903260522884,3.012446887619806
818,1789796110.0445514,0.13661386918048468,-3.0134233498086735,0.07277926698022884,3.017396304121613
819,1789796110.0645514,0.05997324418048468,-2.9080424904336737,-0.061341826769771166,2.9093076042069987
820,1789796110.0896287,0.1605640644929847,-2.8649321388711737,-0.2721035455197712,2.882300698856366
821,1789796110.1096287,-0.11725820113201534,-2.7260210060586734,-0.2577334283322712,2.7406872370421556
822,1789796110.118818,-0.18910878706951534,-2.6254301857461737,-0.2194131158322712,2.641360995580369
823,1789796110.138818,-0.13162831831951533,-2.5248393654336736,-0.19067288145727118,2.53544788610422
824,1789796110.1644034,-0.38550038863201536,-2.4481987404336736,-0.13798245176977117,2.482202002112813
825,1789796110.1844034,-0.29448964644451536,-2.0554155373086735,-0.15235256895727117,2.0819866685790283
826,1789796110.2094898,-0.43340077925701537,-1.6626323341836735,-0.2146230767697712,1.731544275846206
827,1789796110.2294898,-0.6393724589445153,-1.6147319435586733,-0.06613186583227117,1.7379671500013987
828,1789796110.2395358,-0.6776927714445153,-1.6147319435586733,0.020088837292728836,1.7512938940682379
829,1789796110.2595358,-0.48609120894451535,-1.6770024513711734,0.024878876355228837,1.7462075603452083
830,1789796110.284117,-0.23700917769451535,-1.3416997169961735,-0.19546292051977118,1.3764218954220253
831,1789796110.304117,-0.6106322245695154,-1.2698491310586735,-0.027811553332271165,1.4093126025945901
832,1789796110.329691,-0.9171947245695153,-0.8387456154336734,0.13025973573022884,1.2496831474177243
833,1789796110.349691,-0.8549242167570154,-0.4172221779336734,0.03924899354272884,0.9521083161339529
834,1789796110.3597655,-0.5435716776945153,-0.6758842873086733,0.10630954041772885,0.8738372028050831
835,1789796110.3797655,-0.5531517558195154,-0.7429448341836734,0.22127047791772886,0.9523153448329807
836,1789796110.404336,-0.7160130839445153,-0.3645317482461734,0.23085055604272886,0.8359725540257792
837,1789796110.424336,-0.6633226542570153,-0.12502979512117338,0.15899997010522884,0.6934770247182513
838,1789796110.44853,-0.6681126933195154,0.028251454878826642,-0.008651397082271164,0.6687657006373027
839,1789796110.46853,-1.1471165995695154,-0.16335010762117336,0.13983981385522884,1.1670967929896998
840,1789796110.4788127,-0.7112230448820154,0.07136180644132664,0.06798922791772884,0.7180203772196605
841,1789796110.4988127,-0.40466054488201536,0.22943309550382665,-0.05176174864477116,0.4680480536434716
842,1789796110.5243342,-0.6729027323820154,0.41145457987882667,-0.13798245176977117,0.8007072595817033
843,1789796110.5443342,-0.8213939433195153,0.4880952048788267,-0.07092190489477117,0.9580996063779538
844,1789796110.5695088,-0.8549242167570154,0.5024653220663267,-0.027811553332271165,0.99203845629873
845,1789796110.5895088,-0.6202123026945153,0.37313426737882666,-0.03739163145727117,0.724769353662945
846,1789796110.5988078,-0.6633226542570153,0.5120454001913267,-0.09487210020727117,0.8433197204532847
847,1789796110.6188078,-0.6776927714445153,0.4880952048788267,-0.08529202208227117,0.8395112569374723
848,1789796110.644418,-0.7734935526945154,0.6653266501913266,-0.061341826769771166,1.0221128348799107
849,1789796110.664418,-0.9459349589445154,0.5982661033163267,-0.08529202208227117,1.1224927643248068
850,1789796110.7038105,-0.7399632792570153,0.32523387675382665,-0.14756252989477117,0.8216431278031018
851,1789796110.7238104,-0.5148314433195154,0.3683442283163267,-0.2960537408322712,0.6988395402559783
852,1789796110.7345595,-0.47651113081951535,0.3970844626913267,-0.2194131158322712,0.657936960281894
853,1789796110.7545595,-0.6297923808195154,0.5120454001913267,-0.07092190489477117,0.814775337985455
854,1789796110.7646148,-0.5866820292570154,0.4785151267538267,0.020088837292728836,0.7573480648744896
855,1789796110.7846148,-0.5435716776945153,0.3875043845663267,0.015298798230228837,0.667730387264985
856,1789796110.8096974,-0.4813011698820154,0.29170360331632667,0.024878876355228837,0.5633478204504072
857,1789796110.8296974,-0.4621410136320154,0.25817332987882663,-0.018231475207271166,0.5296793099883942
858,1789796110.8544226,-0.39029042769451533,0.29649364237882664,-0.06613186583227117,0.49457913583115165
859,1789796110.8744226,-0.30406972456951536,0.32523387675382665,-0.11882229551977116,0.46081906416802254
860,1789796110.8844738,-0.33759999800701535,0.22464305644132665,-0.008651397082271164,0.40560215499071617
861,1789796110.9044738,-0.5052513651945153,0.09052196269132665,0.04882907166772884,0.515613659633202
862,1789796110.9290838,-0.5292015605070154,0.28212352519132666,-0.14277249083227117,0.6164673221249383
863,1789796110.9490838,-0.6250023417570154,0.21985301737882665,-0.24336331114477117,0.7058250333217677
864,1789796110.9741921,-0.30406972456951536,0.10010204081632665,-0.12361233458227117,0.34316005775185116
865,1789796110.9941921,-0.30406972456951536,0.25338329081632666,-0.04697170958227117,0.3985822762815393
866,1789796111.0040178,-0.43819081831951534,0.4689350486288267,-0.09487210020727117,0.6487773026931392
867,1789796111.0240178,-0.5771019511320153,0.45456493144132665,-0.04697170958227117,0.736126538305554
868,1789796111.0492697,-0.5004613261320153,0.5264155173788266,-0.056551787707271164,0.7285416532937025
869,1789796111.0692697,-0.3711302714445153,0.6557465720663267,-0.03739163145727117,0.7544132682172645
870,1789796111.0936296,-0.38550038863201536,0.5312055564413267,0.06319918885522884,0.6593815513809386
871,1789796111.1136296,-0.41424062300701536,0.4593549705038267,0.05840914979272884,0.6213001782192897
872,1789796111.1240845,-0.5866820292570154,0.24380321269132665,0.07277926698022884,0.6394784059480986
873,1789796111.1440845,-0.49567128706951535,0.28212352519132666,0.024878876355228837,0.5708788547320962
874,1789796111.169156,-0.45735097456951535,0.32523387675382665,-0.027811553332271165,0.5618900880303572
875,1789796111.189156,-0.3807103495695153,0.33481395487882665,-0.09008206114477117,0.5149325513026283
876,1789796111.2146726,-0.30406972456951536,0.23901317362882665,-0.018231475207271166,0.38719256353413856
877,1789796111.2346725,-0.23221913863201535,0.11447215800382665,0.03924899354272884,0.2618589062819239
878,1789796111.244519,-0.06935781050701534,-0.02922901387117336,0.034458954480228836,0.08277838289117984
879,1789796111.264519,-0.23221913863201535,-0.005278818558673359,-0.027811553332271165,0.23393819006550495
880,1789796111.2890966,-0.24658925581951535,-0.09149952168367337,-0.04697170958227117,0.2671792751226124
881,1789796111.3090966,-0.22263906050701535,-0.20167042012117337,-0.15235256895727117,0.3368240117378467
882,1789796111.3344102,-0.17473866988201534,-0.23520069355867337,-0.2577334283322712,0.3902300463605063
883,1789796111.3544102,-0.24179921675701535,-0.15856006855867336,-0.12361233458227117,0.314464888066246
884,1789796111.3798273,-0.23221913863201535,-0.17772022480867336,0.05361911073022884,0.2972965113965199
885,1789796111.3998272,-0.07893788863201533,-0.34058155293367337,0.07277926698022884,0.35710475516656515
886,1789796111.4091158,-0.08372792769451533,-0.3262114357461734,0.010508759167728837,0.3369491069981387
887,1789796111.4291158,-0.19389882613201534,-0.3501616310586734,0.07277926698022884,0.40682520121450616
888,1789796111.4548063,-0.38550038863201536,-0.24957081074617338,0.14462985291772884,0.4814705947064068
889,1789796111.4748063,-0.28969960738201533,-0.4172221779336734,0.22127047791772886,0.5540404612254882
890,1789796111.4989345,-0.13162831831951533,-0.6663042091836734,0.24522067323022884,0.7220945173168059
891,1789796111.5189345,-0.22263906050701535,-0.7189946388711734,0.2979111029177289,0.8094890161272068
892,1789796111.529487,-0.36634023238201535,-0.5848735451211734,0.29312106385522885,0.7498014321938439
893,1789796111.5494869,-0.31843984175701534,-0.6279838966836734,0.27875094666772887,0.757277886631056
894,1789796111.574574,-0.27053945113201533,-0.7142045998086733,0.2883310247927289,0.816342198385398
895,1789796111.594574,-0.28969960738201533,-0.7573149513711734,0.24522067323022884,0.8471038759603826
896,1789796111.6189973,-0.29448964644451536,-0.7956352638711734,0.22127047791772886,0.8767669299057234
897,1789796111.6389973,-0.41424062300701536,-0.7668950294961734,0.18295016541772885,0.8906144188376647
898,1789796111.649046,-0.31364980269451537,-0.7956352638711734,0.16379000916772884,0.8707691077138789
899,1789796111.669046,-0.31364980269451537,-0.7621049904336734,0.17337008729272885,0.8421623372854584
900,1789796111.6941607,-0.35676015425701535,-0.8962260841836734,0.25001071229272886,0.9964960400813482
901,1789796111.7141607,-0.3807103495695153,-0.8243754982461734,0.19732028260522885,0.9292312017497996
902,1789796111.7393937,-0.33280995894451537,-0.8004253029336734,0.15899997010522884,0.8813195361743529
903,1789796111.7593937,-0.30885976363201534,-0.7668950294961734,0.12546969666772884,0.8362206554723777
904,1789796111.769437,-0.26574941206951536,-0.7764751076211734,0.10630954041772885,0.8275494312453092
905,1789796111.789437,-0.30406972456951536,-0.9249663185586734,0.19732028260522885,0.9934567840601691
906,1789796111.814918,-0.3615501933195153,-0.8674858498086734,0.13983981385522884,0.9501607313748134
907,1789796111.834918,-0.28490956831951536,-0.8387456154336734,0.05840914979272884,0.8877383050813644
908,1789796111.8591547,-0.30406972456951536,-0.8100053810586734,0.04882907166772884,0.8665745166941615
909,1789796111.8791547,-0.39029042769451533,-0.9010161232461734,0.12067965760522885,0.9893029121857706
910,1789796111.8890314,-0.40945058394451533,-0.8531157326211734,0.13025973573022884,0.9552087901033862
911,1789796111.9090314,-0.32801991988201534,-0.7142045998086733,0.09193942323022884,0.7912889079035408
912,1789796111.93493,-0.33280995894451537,-0.7285747169961734,0.08714938416772884,0.8057162044910842
913,1789796111.95493,-0.37592031050701535,-0.7764751076211734,0.12067965760522885,0.8710873965146775
914,1789796111.9790518,-0.39029042769451533,-0.7812651466836734,0.14462985291772884,0.8852229333493531
915,1789796111.9990518,-0.41903066206951534,-0.6615141701211734,0.12546969666772884,0.7930512832140258
916,1789796112.0091019,-0.41903066206951534,-0.6423540138711734,0.14462985291772884,0.780463432356589
917,1789796112.0291018,-0.40945058394451533,-0.6950444435586733,0.15420993104272884,0.8212899987498287
918,1789796112.054324,-0.42861074019451534,-0.6998344826211734,0.11109957948022885,0.8281416462395907
919,1789796112.074324,-0.49567128706951535,-0.8052153419961734,0.20690036073022885,0.9679202090469354
920,1789796112.1144164,-0.45735097456951535,-0.6902544044961734,0.15899997010522884,0.8431500740434742
921,1789796112.1344163,-0.39029042769451533,-0.7333647560586734,0.11588961854272885,0.8387972860381372
922,1789796112.1443477,-0.39029042769451533,-0.7477348732461734,0.13025973573022884,0.8534645027011655
923,1789796112.1643476,-0.44777089644451534,-0.6710942482461734,0.12546969666772884,0.8164612118856065
924,1789796112.1747804,-0.40466054488201536,-0.6663042091836734,0.14462985291772884,0.7928614318499128
925,1789796112.1947803,-0.27053945113201533,-0.7142045998086733,0.13025973573022884,0.7747563512222332
926,1789796112.2197948,-0.35676015425701535,-0.7573149513711734,0.13504977479272884,0.8479635516384999
927,1789796112.2397947,-0.41903066206951534,-0.7094145607461734,0.09672946229272884,0.8295856216380217
928,1789796112.263624,-0.38550038863201536,-0.7764751076211734,0.17816012635522885,0.8850226963268563
929,1789796112.283624,-0.3423900370695153,-0.7381547951211734,0.16379000916772884,0.8300184372337824
930,1789796112.3096461,-0.30406972456951536,-0.6854643654336734,0.11588961854272885,0.758782048657682
931,1789796112.329646,-0.29448964644451536,-0.6998344826211734,0.10630954041772885,0.7666773593321313
932,1789796112.339186,-0.35676015425701535,-0.7716850685586734,0.13504977479272884,0.8608217552858782
933,1789796112.359186,-0.40466054488201536,-0.6758842873086733,0.07756930604272884,0.7915723110713976
934,1789796112.3846426,-0.36634023238201535,-0.6375639748086734,0.13983981385522884,0.7484972687823309
935,1789796112.4046426,-0.36634023238201535,-0.5705034279336734,0.08714938416772884,0.6835746793925265
936,1789796112.4137394,-0.43819081831951534,-0.6423540138711734,0.08714938416772884,0.7824480094912049
937,1789796112.4337394,-0.4621410136320154,-0.7429448341836734,0.15899997010522884,0.8892819202111871
938,1789796112.4599636,-0.40466054488201536,-0.6806743263711734,0.13504977479272884,0.8033094900700645
939,1789796112.4799635,-0.40945058394451533,-0.4794926857461734,0.04403903260522884,0.6320620640169663
940,1789796112.5042372,-0.43340077925701537,-0.5417631935586734,0.07277926698022884,0.697596169038836
941,1789796112.5242372,-0.48609120894451535,-0.7333647560586734,0.21648043885522886,0.9060752227321364
942,1789796112.533973,-0.5052513651945153,-0.7094145607461734,0.16379000916772884,0.886213929101079
943,1789796112.553973,-0.40945058394451533,-0.6231938576211734,0.11588961854272885,0.7546196184537235
944,1789796112.6090689,-0.39987050581951533,-0.5369731544961733,0.04403903260522884,0.6709515828036555
945,1789796112.6290689,-0.41424062300701536,-0.5034428810586734,0.034458954480228836,0.6528686298037059
946,1789796112.6541367,-0.5052513651945153,-0.5944536232461733,0.11588961854272885,0.788723307572056
947,1789796112.6741366,-0.44777089644451534,-0.6327739357461734,0.11588961854272885,0.783793361255635
948,1789796112.6551378,-0.39029042769451533,-0.6663042091836734,0.08235934510522884,0.7765764475259408
949,1789796112.6751378,-0.47651113081951535,-0.6136137794961734,0.05361911073022884,0.7787552485973833
950,1789796112.6982353,-0.44298085738201537,-0.5273930763711734,0.03924899354272884,0.6898666396523845
951,1789796112.7182353,-0.3423900370695153,-0.5992436623086734,0.08235934510522884,0.6950589658638594
952,1789796112.7442648,-0.39987050581951533,-0.6615141701211734,0.10151950135522884,0.7796176164318468
953,1789796112.7642648,-0.5292015605070154,-0.6136137794961734,0.07756930604272884,0.8139982550783443
954,1789796112.8044417,-0.4908812480070154,-0.5465532326211734,0.07277926698022884,0.7382287297550528
955,1789796112.8244417,-0.3519701151945153,-0.5896635841836734,0.11109957948022885,0.6956502145928369
956,1789796112.8191736,-0.36634023238201535,-0.6615141701211734,0.12546969666772884,0.7665173239495019
957,1789796112.8391736,-0.5292015605070154,-0.5848735451211734,0.13025973573022884,0.7994366480079448
958,1789796112.8637724,-0.5196214823820153,-0.5178129982461734,0.12067965760522885,0.7434382058149083
959,1789796112.8837724,-0.44777089644451534,-0.5369731544961733,0.13983981385522884,0.713017614011997
960,1789796112.909387,-0.5052513651945153,-0.5848735451211734,0.14462985291772884,0.7863038853830844
961,1789796112.929387,-0.5914720683195154,-0.5273930763711734,0.12546969666772884,0.8023249400263635
962,1789796112.938934,-0.5339915995695154,-0.4651225685586734,0.09672946229272884,0.7147325521262257
963,1789796112.958934,-0.4717210917570154,-0.4890727638711734,0.12067965760522885,0.6901279131644613
964,1789796112.983002,-0.5579417948820153,-0.5273930763711734,0.12546969666772884,0.7779364680115639
965,1789796113.003002,-0.5627318339445153,-0.5273930763711734,0.13983981385522884,0.7838148681148329
966,1789796113.0294645,-0.4621410136320154,-0.4842827248086734,0.13983981385522884,0.6838561599985811
967,1789796113.0494645,-0.45735097456951535,-0.5082329201211734,0.11588961854272885,0.6934702724129994
968,1789796113.0589988,-0.5196214823820153,-0.5657133888711734,0.11109957948022885,0.7761322309127964
969,1789796113.0789988,-0.4813011698820154,-0.5561333107461733,0.07756930604272884,0.7395620817018994
970,1789796113.1040618,-0.36634023238201535,-0.5896635841836734,0.08235934510522884,0.6990646394291498
971,1789796113.1240618,-0.39508046675701536,-0.6375639748086734,0.07756930604272884,0.754051320817573
972,1789796113.164343,-0.5675218730070154,-0.5752934669961733,0.04403903260522884,0.8093102531802452
973,1789796113.184343,-0.6106322245695154,-0.5465532326211734,0.04882907166772884,0.820960673851861
974,1789796113.1788733,-0.5052513651945153,-0.5609233498086734,0.03924899354272884,0.7559460495866236
975,1789796113.1988733,-0.49567128706951535,-0.6471440529336734,0.08714938416772884,0.8198051385746404
976,1789796113.2389915,-0.6250023417570154,-0.5752934669961733,0.11588961854272885,0.8573336013805883
977,1789796113.2589915,-0.6202123026945153,-0.5369731544961733,0.13504977479272884,0.8314095926405775
978,1789796113.268867,-0.5531517558195154,-0.5369731544961733,0.15420993104272884,0.7861919208742781
979,1789796113.288867,-0.5675218730070154,-0.5609233498086734,0.16379000916772884,0.8145816397422293
980,1789796113.2989118,-0.6010521464445153,-0.5417631935586734,0.18774020448022885,0.8306728748543134
981,1789796113.3189118,-0.5675218730070154,-0.4363823341836734,0.17816012635522885,0.7377341313453603
982,1789796113.3441844,-0.45735097456951535,-0.46033252949617337,0.17337008729272885,0.6716644540393062
983,1789796113.3641844,-0.45256093550701537,-0.5178129982461734,0.19253024354272885,0.714149561491358
984,1789796113.3888416,-0.46693105269451535,-0.5369731544961733,0.18774020448022885,0.7359423625517542
985,1789796113.4088416,-0.5052513651945153,-0.5609233498086734,0.21169039979272886,0.7840451337492697
986,1789796113.418802,-0.49567128706951535,-0.6040337013711734,0.19253024354272885,0.8047450726136397
987,1789796113.438802,-0.5148314433195154,-0.5513432716836734,0.15899997010522884,0.7709162138357033
988,1789796113.463591,-0.5339915995695154,-0.5273930763711734,0.15899997010522884,0.7671841212567708
989,1789796113.483591,-0.46693105269451535,-0.5226030373086734,0.11588961854272885,0.7103301670777035
990,1789796113.5098526,-0.45735097456951535,-0.5944536232461733,0.09193942323022884,0.7556440178245944
991,1789796113.5298526,-0.5100414042570154,-0.5752934669961733,0.09672946229272884,0.7748944419083066
992,1789796113.5536296,-0.46693105269451535,-0.4842827248086734,0.05840914979272884,0.6752525411266743
993,1789796113.5736296,-0.42382070113201536,-0.4794926857461734,-0.003861358019771164,0.639962602405694
994,1789796113.584064,-0.4621410136320154,-0.5369731544961733,0.0009286810427288362,0.7084598418956977
995,1789796113.604064,-0.5004613261320153,-0.5513432716836734,0.05840914979272884,0.7468952878176309
996,1789796113.6439757,-0.43340077925701537,-0.5178129982461734,0.029668915417728838,0.6759044171740145
997,1789796113.6639757,-0.38550038863201536,-0.5178129982461734,-0.04218167051977117,0.6469313287482413
998,1789796113.6740134,-0.45735097456951535,-0.5944536232461733,0.005718720105228836,0.7500518168032331
999,1789796113.6940134,-0.4621410136320154,-0.5513432716836734,0.05361911073022884,0.7214074637451321
1000,1789796113.719935,-0.39508046675701536,-0.44117237324617337,-0.013441436144771165,0.5923700788647549
1001,1789796113.739935,-0.41903066206951534,-0.4938628029336734,-0.023021514269771164,0.6480873043002725
1002,1789796113.7942538,-0.4908812480070154,-0.5178129982461734,0.020088837292728836,0.713791469675416
1003,1789796113.8142538,-0.47651113081951535,-0.4890727638711734,0.06798922791772884,0.6862051888963903
1004,1789796113.79525,-0.41903066206951534,-0.3357915138711734,0.03924899354272884,0.5384079494550837
1005,1789796113.81525,-0.4908812480070154,-0.4268022560586734,0.07756930604272884,0.655088973088121
1006,1789796113.8394327,-0.6297923808195154,-0.4794926857461734,0.15420993104272884,0.8064318827121082
1007,1789796113.8594327,-0.6010521464445153,-0.3357915138711734,0.11588961854272885,0.6981762150198421
1008,1789796113.8695061,-0.41424062300701536,-0.34058155293367337,0.09193942323022884,0.544099205560769
1009,1789796113.889506,-0.4621410136320154,-0.4651225685586734,0.10151950135522884,0.6634904139615423
1010,1789796113.9738133,-0.6920628886320154,-0.4890727638711734,0.11109957948022885,0.8546849283466753
1011,1789796113.9938133,-0.6537425761320154,-0.3980620216836734,0.08235934510522884,0.7698154263723086
1012,1789796113.9748147,-0.5914720683195154,-0.38369190449617335,0.10151950135522884,0.7122955105386249
1013,1789796113.9948146,-0.6010521464445153,-0.33100147480867337,0.08714938416772884,0.6916796037414218
1014,1789796114.0193272,-0.5723119120695154,-0.27352100605867335,0.05840914979272884,0.6369978761593502
1015,1789796114.0393271,-0.48609120894451535,-0.26394092793367335,0.07277926698022884,0.5578945227852738
1016,1789796114.0488749,-0.44777089644451534,-0.2878911232461734,0.10151950135522884,0.5419283012558789
1017,1789796114.0688748,-0.47651113081951535,-0.22083057637117337,0.09672946229272884,0.534027705396226
1018,1789796114.0789266,-0.5244115214445153,-0.09628956074617337,0.07277926698022884,0.5381226115251261
1019,1789796114.0989265,-0.5244115214445153,-0.010068857621173358,0.03924899354272884,0.525974627916275
1020,1789796114.4088674,-0.4813011698820154,0.052201650191326644,-0.003861358019771164,0.48413917265415646
1021,1789796114.4288673,-0.4621410136320154,0.13363231425382666,0.04403903260522884,0.48308523915191665
1022,1789796114.4238887,-0.5771019511320153,0.16716258769132666,0.17816012635522885,0.626682553887493
1023,1789796114.4438887,-0.5866820292570154,0.26296336894132666,0.24522067323022884,0.688097896696094
1024,1789796114.4248855,-0.5531517558195154,0.3300239158163267,0.29312106385522885,0.7076811485779283
1025,1789796114.4448855,-0.6106322245695154,0.3396039939413267,0.3170712591677288,0.7672918413314616
1026,1789796114.425886,-0.6250023417570154,0.28691356425382664,0.3266513372927288,0.761346449856907
1027,1789796114.445886,-0.6010521464445153,0.20069286112882664,0.2979111029177289,0.7002087777908038
1028,1789796114.4268868,-0.5387816386320153,0.08094188456632664,0.22606051698022886,0.5898648999063401
1029,1789796114.4468868,-0.4908812480070154,-0.04838917012117336,0.20211032166772885,0.5330614350659534
1030,1789796114.4278884,-0.48609120894451535,0.10968211894132665,0.12546969666772884,0.5138652307857496
1031,1789796114.4478884,-0.5100414042570154,0.08573192362882665,0.12546969666772884,0.5321981224764505
1032,1789796114.4278884,-0.5387816386320153,0.09531200175382665,0.04403903260522884,0.5489166313732218
1033,1789796114.4478884,-0.47651113081951535,0.16716258769132666,-0.09008206114477117,0.5129531813515187
1034,1789796114.428889,-0.5100414042570154,0.17674266581632664,-0.11403225645727116,0.5517096695627753
1035,1789796114.448889,-0.6537425761320154,0.09052196269132665,-0.13319241270727117,0.6732858236885713
1036,1789796114.4389145,-0.7064330058195154,-0.07233936543367336,-0.13798245176977117,0.7234084133454208
1037,1789796114.4589145,-0.7208031230070153,-0.01485889668367336,-0.20504299864477118,0.7495469032959593
1038,1789796114.4836466,-0.8261839823820154,-0.10107959980867336,-0.15714260801977117,0.847048320638996
1039,1789796114.5036466,-0.8166039042570153,-0.20167042012117337,-0.16672268614477118,0.8575018069222823
1040,1789796114.5138385,-0.9315648417570154,-0.2591508888711734,-0.20504299864477118,0.9884406248701699
1041,1789796114.5338385,-1.0848460917570153,-0.15377002949617335,-0.2768935845822712,1.130135532559942
1042,1789796114.5599816,-1.1519066386320154,-0.15856006855867336,-0.19067288145727118,1.1782980723013419
1043,1789796114.5799816,-1.2141771464445155,-0.3597417091836734,-0.05176174864477116,1.2674066115092273
1044,1789796114.5894353,-1.4201488261320154,-0.4268022560586734,-0.04218167051977117,1.4834965950310615
1045,1789796114.6094353,-1.3482982401945154,-0.37411182637117335,-0.11403225645727116,1.4038771878818812
1046,1789796114.6334693,-1.1854369120695154,-0.6710942482461734,-0.003861358019771164,1.3622199061134592
1047,1789796114.6534693,-1.1950169901945153,-0.8100053810586734,0.06319918885522884,1.445049639863463
1048,1789796114.6790555,-1.2045970683195153,-0.7142045998086733,0.12546969666772884,1.4060174082043686
1049,1789796114.6990554,-1.0752660136320153,-0.4172221779336734,0.09193942323022884,1.1570324988416316
1050,1789796114.7090883,-1.0082054667570153,-0.42201221699617336,0.15420993104272884,1.1037904136768717
1051,1789796114.7290883,-0.9746751933195154,-0.4842827248086734,0.17816012635522885,1.1028429265509476
1052,1789796114.7537518,-0.9986253886320153,-0.7285747169961734,0.21169039979272886,1.2541477625985318
1053,1789796114.7737517,-0.8549242167570154,-0.8722758888711734,0.24522067323022884,1.2457503045486598
1054,1789796114.798986,-0.8788744120695153,-1.0926176857461734,0.18295016541772885,1.414109048985344
1055,1789796114.818986,-0.9842552714445154,-1.3273295998086734,0.26438082948022884,1.6734573579542513
1056,1789796114.82893,-0.8597142558195153,-1.4327104591836735,0.34581149354272883,1.7062688681974623
1057,1789796114.84893,-0.8166039042570153,-1.5476713966836735,0.24043063416772884,1.76633393739884
1058,1789796114.8742137,-0.46693105269451535,-1.7488530373086735,0.020088837292728836,1.8102251560118026
1059,1789796114.8942137,-0.6010521464445153,-1.7296928810586734,-0.14756252989477117,1.8370835162723436
1060,1789796114.9194102,-0.6585326151945153,-1.8111235451211734,0.04882907166772884,1.927749459656816
1061,1789796114.9394102,-0.5387816386320153,-2.0793657326211736,0.12546969666772884,2.151694715545884
1062,1789796114.978703,-0.6058421855070154,-2.1176860451211734,-0.061341826769771166,2.203497619502305
1063,1789796114.998703,-0.6202123026945153,-2.1416362404336735,-0.10445217833227118,2.2320796008007577
1064,1789796114.993943,-0.40466054488201536,-2.2949174904336735,-0.15714260801977117,2.3356134619705067
1065,1789796115.013943,-0.39508046675701536,-2.2565971779336733,-0.2864736627072712,2.30876299305409
1066,1789796115.0543752,-0.40945058394451533,-2.3476079201211735,-0.2816836236447712,2.3996371373892793
1067,1789796115.0743752,-0.5100414042570154,-2.1943266701211734,-0.2960537408322712,2.272192682569488
1068,1789796115.0841777,-0.5579417948820153,-2.4386186623086736,-0.10445217833227118,2.5038111518632284
1069,1789796115.1041777,-0.5052513651945153,-2.3955083107461737,-0.20983303770727119,2.4571871952699023
1070,1789796115.1290076,-0.38550038863201536,-2.3667680763711734,-0.20025295958227118,2.4063048279024413
1071,1789796115.1490076,-0.30885976363201534,-2.3380278419961735,-0.09966213926977117,2.360445103268436
1072,1789796115.204018,-0.45735097456951535,-2.0937358498086733,-0.10445217833227118,2.1456490813439393
1073,1789796115.224018,-0.4621410136320154,-2.0985258888711735,-0.13319241270727117,2.1529341470528447
1074,1789796115.2050164,-0.29927968550701534,-2.4434087013711734,0.13504977479272884,2.465370733533825
1075,1789796115.2250164,-0.37592031050701535,-2.5727397560586733,0.17816012635522885,2.6061555906889833
1076,1789796115.2338512,-0.32322988081951537,-2.4577788185586735,0.06319918885522884,2.479747651331124
1077,1789796115.2538512,-0.34718007613201535,-2.5823198341836733,0.32186129823022885,2.6253579616082594
1078,1789796115.2788887,-0.22742909956951535,-2.6637504982461735,0.4464023138552289,2.7104548950412437
1079,1789796115.2988887,-0.39029042769451533,-2.5631596779336734,0.47993258729272886,2.636749787310224
1080,1789796115.3239605,-0.30406972456951536,-2.3859282326211733,0.42245211854272885,2.442043759042785
1081,1789796115.3439605,-0.33280995894451537,-2.3284477638711736,0.42245211854272885,2.389748365479211
1082,1789796115.3540907,-0.3615501933195153,-2.3380278419961735,0.25480075135522884,2.37949913955224
1083,1789796115.3740907,-0.36634023238201535,-2.4673588966836735,0.27875094666772887,2.5099337005534506
1084,1789796115.3995435,-0.5148314433195154,-2.4386186623086736,0.37455172791772884,2.5203573937195407
1085,1789796115.4195435,-0.6297923808195154,-2.0985258888711735,0.4464023138552289,2.23600634503039
1086,1789796115.5043368,-0.6345824198820154,-2.0745756935586734,0.49430270448022884,2.2250605204318004
1087,1789796115.5243368,0.2515748066804847,-1.5764116310586735,0.4655624701052289,1.6628625702275799
1088,1789796115.5188599,-0.6441624980070154,-2.0314653419961735,0.6380038763552288,2.2246001226770096
1089,1789796115.5388598,-0.9124046855070154,-2.0218852638711735,0.5374130560427288,2.2823924121850183
1090,1789796115.6389766,-0.5196214823820153,-2.6350102638711737,0.33144137635522886,2.706129886317278
1091,1789796115.6589766,-0.13162831831951533,-1.9883549904336735,0.015298798230228837,1.9927658255282799
1092,1789796115.6399775,-0.35676015425701535,-1.8973442482461735,0.27396090760522884,1.9499352765961766
1093,1789796115.6599774,-0.5866820292570154,-1.9883549904336735,0.5086728216677289,2.1345958425282836
1094,1789796115.6409783,-0.7303832011320154,-1.9212944435586734,0.38892184510522887,2.091911126445227
1095,1789796115.6609783,-0.9124046855070154,-2.1703764748086734,0.4655624701052289,2.399950992438921
1096,1789796115.6695213,-0.7447533183195154,-2.0554155373086735,0.38892184510522887,2.220506865055339
1097,1789796115.6895213,-0.6872728495695154,-1.8446538185586734,0.20690036073022885,1.9793684445673059
1098,1789796115.7733073,-0.6872728495695154,-1.6674223732461735,0.020088837292728836,1.8036199438742844
1099,1789796115.7933073,-0.7351732401945154,-1.8733940529336734,0.034458954480228836,2.0127772828132846
1100,1789796115.7743897,-0.6824828105070153,-1.8925542091836736,0.0009286810427288362,2.011851158457025
1101,1789796115.7943897,-0.44777089644451534,-1.8733940529336734,0.04403903260522884,1.926666418885943
1102,1789796115.7753427,-0.38550038863201536,-1.7344829201211736,-0.013441436144771165,1.7768574005904758
1103,1789796115.7953427,-0.5292015605070154,-1.7871733498086735,0.11109957948022885,1.8671866512135575
1104,1789796115.8341029,-0.6202123026945153,-1.8446538185586734,0.15899997010522884,1.9526115848345753
1105,1789796115.8541028,-0.6297923808195154,-1.9548247169961734,0.14462985291772884,2.058857914347779
1106,1789796115.8491251,-0.5292015605070154,-2.1033159279336733,0.18774020448022885,2.1769792301996884
1107,1789796115.8691251,-0.5771019511320153,-1.9260844826211734,0.23564059510522886,2.024444266028581
1108,1789796115.8787503,-0.6537425761320154,-1.8781840919961734,0.42245211854272885,2.0330815605224632
1109,1789796115.8987503,-0.7830736308195154,-2.0410454201211734,0.6092636419802289,2.269421270659436
1110,1789796115.9238849,-0.8788744120695153,-2.2278569435586735,0.6284237982302289,2.476021660514148
1111,1789796115.9438848,-0.7687035136320154,-2.5727397560586733,0.7769150091677288,2.7952623983707037
1112,1789796115.9778788,-0.7064330058195154,-2.8074516701211736,0.7433847357302289,2.988888311244511
1113,1789796115.9978788,-0.6776927714445153,-2.9703129982461736,0.7529648138552288,3.138308909416401
1114,1789796115.999587,-0.6345824198820154,-3.0277934669961737,0.6284237982302289,3.15676172629328
1115,1789796116.019587,-0.5675218730070154,-3.2146049904336733,0.47993258729272886,3.2994092818575815
1116,1789796116.0602376,-0.39508046675701536,-3.1858647560586735,0.40329196229272884,3.2355010780340736
1117,1789796116.0802376,-0.29927968550701534,-2.9032524513711735,0.33623141541772883,2.9379405527109825
1118,1789796116.0884206,-0.42861074019451534,-2.7787114357461733,0.3170712591677288,2.829395446583397
1119,1789796116.1084206,-0.28011952925701533,-2.7595512794961734,0.26438082948022884,2.78630354373618
1120,1789796116.1345963,-0.45735097456951535,-2.8936723732461735,0.4559823919802289,2.9648658754526886
1121,1789796116.1545963,-0.4813011698820154,-2.8697221779336735,0.36497164979272884,2.932603024585259
1122,1789796116.1636214,-0.5244115214445153,-2.9798930763711735,0.26917086854272887,3.037634465649324
1123,1789796116.1836214,-0.40945058394451533,-3.1810747169961737,0.22127047791772886,3.2149411752320964
1124,1789796116.2237504,-0.44777089644451534,-3.2481352638711734,0.21648043885522886,3.285992277610088
1125,1789796116.2437503,-0.41424062300701536,-3.0277934669961737,0.15420993104272884,3.05988713441626
1126,1789796116.2392733,-0.40945058394451533,-2.8314018654336737,0.15420993104272884,2.865007331073691
1127,1789796116.2592733,-0.32322988081951537,-2.4194585060586733,0.10151950135522884,2.4430643109729386
1128,1789796116.2843456,-0.8309740214445154,-2.2278569435586735,0.09672946229272884,2.379752292603939
1129,1789796116.3043456,-0.8213939433195153,-2.0697856544961732,0.12067965760522885,2.2300816678856967
1130,1789796116.3287554,-0.6729027323820154,-2.3092876076211737,0.03924899354272884,2.4056491484532865
1131,1789796116.3487554,-0.5435716776945153,-1.9308745216836734,-0.3583242486447712,2.0376807538094934
1132,1789796116.3733284,-0.7064330058195154,-2.0218852638711735,-0.22420315489477116,2.1534471590070114
1133,1789796116.3933284,-0.8405540995695153,-1.8877641701211734,-0.14277249083227117,2.0713688084054107
1134,1789796116.4041476,-1.0704759745695154,-1.4662407326211735,-0.2960537408322712,1.8394098280668207
1135,1789796116.4241476,-0.8070238261320154,-1.5380913185586735,-0.30563381895727115,1.7636395299098744
1136,1789796116.4641414,-0.5483617167570154,-1.3991801857461734,-0.4589150689572712,1.5713079918034702
1137,1789796116.4841413,-0.6537425761320154,-1.1309379982461734,-0.3918545220822712,1.363799867356318
1138,1789796116.4942014,-0.8597142558195153,-1.0495073341836734,-0.2194131158322712,1.3743057744053355
1139,1789796116.5142014,-0.7591234355070153,-0.7860551857461734,-0.3008437798947712,1.1334276003679276
1140,1789796116.5241363,-0.39029042769451533,-0.6950444435586733,-0.30563381895727115,0.8537127314045162
1141,1789796116.5441363,-0.3807103495695153,-0.6327739357461734,-0.24815335020727117,0.7790528282781197
1142,1789796116.5685894,-0.31843984175701534,-0.37411182637117335,-0.24815335020727117,0.5504031946383492
1143,1789796116.5885894,-0.8740843730070154,-0.6088237404336734,-0.16672268614477118,1.0781865757493199
1144,1789796116.6136777,-0.44777089644451534,-0.25436084980867335,-0.18109280333227118,0.5458871870971657
1145,1789796116.6336777,-0.5004613261320153,-0.24478077168367338,-0.10924221739477116,0.5677261903428417
1146,1789796116.659311,-0.7734935526945154,-0.3262114357461734,-0.032601592394771166,0.8401006134376034
1147,1789796116.679311,-1.0034154276945153,-0.22083057637117337,-0.04218167051977117,1.0282937116036597
1148,1789796116.6885517,-1.1327464823820155,0.15279247050382666,-0.11882229551977116,1.1491644226585158
1149,1789796116.7085516,-0.8788744120695153,0.26775340800382663,-0.23378323301977116,0.9480330794489064
1150,1789796116.7341604,-0.8980345683195153,0.07136180644132664,-0.08529202208227117,0.90489409454713
1151,1789796116.7541604,-1.1758568339445155,0.08573192362882665,0.06798922791772884,1.1809368280208588
1152,1789796116.763626,-1.2285472636320154,0.3970844626913267,0.13504977479272884,1.2981690533825474
1153,1789796116.783626,-1.2668675761320154,0.7659174705038266,-0.003861358019771164,1.4804046531821442
1154,1789796116.809213,-1.1998070292570153,0.6365864158163267,-0.04218167051977117,1.358881328734875
1155,1789796116.829213,-1.2381273417570153,0.3970844626913267,0.10151950135522884,1.3042015158987381
1156,1789796116.8693626,-1.1566966776945153,0.29170360331632667,0.12067965760522885,1.1990003236600788
1157,1789796116.8893626,-1.0848460917570153,0.38271434550382666,0.05361911073022884,1.1516233421090394
1158,1789796116.8989508,-1.0129955058195155,0.38271434550382666,-0.018231475207271166,1.083033956879096
1159,1789796116.9189508,-1.1087962870695154,0.29170360331632667,-0.003861358019771164,1.146531773869625
1160,1789796117.0485816,-0.9171947245695153,0.11447215800382665,-0.008651397082271164,0.9243510612357609
1161,1789796117.0685816,-0.7543333964445154,0.14800243144132666,-0.09008206114477117,0.7739756911196586
1162,1789796117.0791886,-0.7399632792570153,0.04262157206632664,-0.027811553332271165,0.7417113559552357
1163,1789796117.0991886,-0.8740843730070154,-0.0004887794961733583,0.05840914979272884,0.876033879949841
1164,1789796117.2142682,-0.9842552714445154,-0.05317920918367336,0.10151950135522884,0.9909049786993361
1165,1789796117.2342682,-0.9507249980070154,0.21027293925382665,-0.061341826769771166,0.9756308474670815
1166,1789796117.2282813,-0.7974437480070153,0.34439403300382665,-0.003861358019771164,0.8686418659550516
1167,1789796117.2482812,-0.7160130839445153,0.29649364237882664,0.11109957948022885,0.7828961188506958
1168,1789796117.2294896,-0.8788744120695153,0.26775340800382663,0.11588961854272885,0.9260359190518364
1169,1789796117.2494895,-1.0656859355070154,0.3970844626913267,-0.008651397082271164,1.1372939067452164
1170,1789796117.2304862,-1.0465257792570153,0.5599457908163267,-0.08050198301977117,1.1896369465398005
1171,1789796117.2504861,-0.9028246073820154,0.49288524394132666,0.024878876355228837,1.0289057750242683
1172,1789796117.2314954,-0.9650951151945154,0.47372508769132665,0.005718720105228836,1.0751077824293302
1173,1789796117.2514954,-1.0561058573820155,0.44498485331632665,-0.08050198301977117,1.1488479755597214
1174,1789796117.2324905,-1.1040062480070154,0.5551557517538267,-0.17630276426977118,1.2482429126708656
1175,1789796117.2524905,-1.1327464823820155,0.43061473612882667,-0.10924221739477116,1.2167487441462412
1176,1789796117.2594056,-1.1519066386320154,0.32044383769132667,-0.08529202208227117,1.1986858997542835
1177,1789796117.2794056,-1.1710667948820155,0.32523387675382665,-0.11403225645727116,1.220728417042995
1178,1789796117.289143,-1.1231664042570153,0.22464305644132665,-0.11882229551977116,1.1515580803292216
1179,1789796117.309143,-1.1279564433195153,0.056991689253826645,-0.09008206114477117,1.1329821571455156
1180,1789796117.334215,-1.1279564433195153,-0.08670948262117337,-0.013441436144771165,1.1313641962728342
1181,1789796117.354215,-1.0848460917570153,-0.12981983418367338,0.05840914979272884,1.0941461789575724
1182,1789796117.3944137,-1.0369457011320153,-0.08670948262117337,0.06798922791772884,1.0427835137675736
1183,1789796117.4144137,-1.0321556620695154,-0.11065967793367336,0.04403903260522884,1.0390044809601873
1184,1789796117.4686143,-1.0608958964445154,-0.30226124043367336,0.14462985291772884,1.1125555064428556
1185,1789796117.4886143,-1.0417357401945153,-0.30226124043367336,0.18774020448022885,1.1008276859914978
1186,1789796117.4696152,-0.9890453105070154,-0.27352100605867335,0.09193942323022884,1.0302801679811053
1187,1789796117.4896152,-0.9555150370695153,-0.4268022560586734,0.18295016541772885,1.0623746584275742
1188,1789796117.4991496,-0.9459349589445154,-0.4651225685586734,0.13983981385522884,1.0633377280408352
1189,1789796117.5191495,-0.9267748026945154,-0.4747026466836734,0.12067965760522885,1.0482450655441493
1190,1789796117.5286942,-0.9363548808195153,-0.6136137794961734,0.15420993104272884,1.1300721375444625
1191,1789796117.5486941,-0.9986253886320153,-0.5417631935586734,0.14462985291772884,1.1452850383508641
1192,1789796117.5744994,-1.0034154276945153,-0.5800835060586734,0.17337008729272885,1.1719200406617247
1193,1789796117.5944993,-1.0513158183195155,-0.4890727638711734,0.16379000916772884,1.1710184820542269
1194,1789796117.619301,-1.1087962870695154,-0.4890727638711734,0.15420993104272884,1.2216390945823299
1195,1789796117.639301,-1.0896361308195155,-0.4890727638711734,0.15899997010522884,1.2048983593819755
1196,1789796117.6495261,-1.0369457011320153,-0.4268022560586734,0.13504977479272884,1.1294489782829977
1197,1789796117.669526,-1.0321556620695154,-0.46033252949617337,0.12067965760522885,1.1365803659285252
1198,1789796117.6940856,-1.1279564433195153,-0.5321831154336734,0.17816012635522885,1.2598593719148232
1199,1789796117.7140856,-1.2285472636320154,-0.4890727638711734,0.17816012635522885,1.3342644332969429
1200,1789796117.7387867,-1.1710667948820155,-0.4459624123086734,0.10630954041772885,1.2576094901245125
1201,1789796117.7587867,-1.0561058573820155,-0.4651225685586734,0.07277926698022884,1.1562851756731118
1202,1789796117.7990668,-1.0944261698820155,-0.5082329201211734,0.05361911073022884,1.2078676878917713
1203,1789796117.8190668,-1.1854369120695154,-0.5082329201211734,0.04882907166772884,1.2907151706831894
1204,1789796117.8135884,-1.1231664042570153,-0.46033252949617337,0.020088837292728836,1.2140067424638763
1205,1789796117.8335884,-1.0177855448820154,-0.4555424904336734,0.020088837292728836,1.1152622728959625
1206,1789796117.8591673,-1.0896361308195155,-0.5465532326211734,0.04403903260522884,1.2198224338274744
1207,1789796117.8791673,-1.1902269511320154,-0.5513432716836734,0.020088837292728836,1.3118777228902256
1208,1789796117.9030683,-1.0992162089445154,-0.5082329201211734,0.04403903260522884,1.2118235892629141
1209,1789796117.9230683,-1.0848460917570153,-0.4986528419961734,0.04403903260522884,1.1947740941383587
1210,1789796117.9345613,-1.1375365214445154,-0.5034428810586734,0.020088837292728836,1.2441252483140595
1211,1789796117.9545612,-1.2045970683195153,-0.4890727638711734,0.05361911073022884,1.3011999363664524
1212,1789796117.9786127,-1.1758568339445155,-0.4076420998086734,-0.027811553332271165,1.2448232235820467
1213,1789796117.9986126,-1.1950169901945153,-0.4890727638711734,0.015298798230228837,1.2913139929705075
1214,1789796118.0241146,-1.2285472636320154,-0.5800835060586734,0.07277926698022884,1.360559471203378
1215,1789796118.0441146,-1.2189671855070154,-0.5082329201211734,0.07277926698022884,1.3226785407422201
1216,1789796118.0536544,-1.2189671855070154,-0.3980620216836734,0.08235934510522884,1.284958144912102
1217,1789796118.0736544,-1.2908177714445155,-0.3693217873086734,0.09193942323022884,1.3457570208628917
1218,1789796118.0991225,-1.3195580058195153,-0.41243213887117336,0.07756930604272884,1.384684295114297
1219,1789796118.1191225,-1.2189671855070154,-0.3501616310586734,0.07756930604272884,1.270634158382544
1220,1789796118.1437044,-1.1279564433195153,-0.3789018654336734,0.10630954041772885,1.1946355427656408
1221,1789796118.1637044,-1.1519066386320154,-0.4172221779336734,0.12546969666772884,1.2315461398851926
1222,1789796118.1737566,-1.2668675761320154,-0.4699126076211734,0.11588961854272885,1.3561717140325253
1223,1789796118.1937566,-1.3482982401945154,-0.4363823341836734,0.12546969666772884,1.4227017715885188
1224,1789796118.2188678,-1.1950169901945153,-0.3884819435586734,0.10151950135522884,1.2606704710113967
1225,1789796118.2388678,-1.1327464823820155,-0.40285206074617336,0.09193942323022884,1.2057600232799957
1226,1789796118.2638087,-1.1614867167570153,-0.45075245137117337,0.08235934510522884,1.2486041115366693
1227,1789796118.2838087,-1.1614867167570153,-0.42201221699617336,0.029668915417728838,1.2361334673242532
1228,1789796118.2945414,-1.1087962870695154,-0.4172221779336734,0.0009286810427288362,1.1846959164390414
1229,1789796118.3145413,-1.0656859355070154,-0.5178129982461734,0.09672946229272884,1.1887697014836787
1230,1789796118.3396108,-1.1662767558195153,-0.5178129982461734,0.12067965760522885,1.281754794052786
1231,1789796118.3596108,-1.1758568339445155,-0.3884819435586734,0.034458954480228836,1.23884822877906
1232,1789796118.3845422,-1.0561058573820155,-0.39327198262117335,0.015298798230228837,1.1270565591569395
1233,1789796118.4045422,-1.0561058573820155,-0.5034428810586734,0.05361911073022884,1.1711914128445273
1234,1789796118.4135869,-1.2189671855070154,-0.5465532326211734,0.08714938416772884,1.33872941649624
1235,1789796118.4335868,-1.2189671855070154,-0.5178129982461734,0.05840914979272884,1.3256782902631752
1236,1789796118.4591916,-1.0704759745695154,-0.46033252949617337,0.05840914979272884,1.1667203943629376
1237,1789796118.4791915,-1.0513158183195155,-0.4459624123086734,0.06798922791772884,1.1440148417541849
1238,1789796118.5037653,-1.1758568339445155,-0.4363823341836734,0.04882907166772884,1.255170551662818
1239,1789796118.5237653,-1.1662767558195153,-0.40285206074617336,0.03924899354272884,1.2345168032499392
1240,1789796118.5490208,-1.1087962870695154,-0.4268022560586734,0.08714938416772884,1.191295256079168
1241,1789796118.5690207,-1.1183763651945153,-0.4076420998086734,0.07277926698022884,1.1925747764665744
1242,1789796118.5782897,-1.1806468730070154,-0.4459624123086734,0.03924899354272884,1.262675728533471
1243,1789796118.5982897,-1.1519066386320154,-0.5082329201211734,0.05840914979272884,1.2603972524561107
1244,1789796118.6237123,-1.0896361308195155,-0.4268022560586734,0.10151950135522884,1.1746375068588233
1245,1789796118.6437123,-1.1231664042570153,-0.3693217873086734,0.06798922791772884,1.1842820142792656
1246,1789796118.6683846,-1.2093871073820155,-0.3693217873086734,0.05840914979272884,1.265870209327252
1247,1789796118.6883845,-1.1998070292570153,-0.43159229512117336,0.07277926698022884,1.277147461479952
1248,1789796118.6981509,-1.0848460917570153,-0.4842827248086734,0.10630954041772885,1.1927793252452075
1249,1789796118.7181509,-1.0417357401945153,-0.4651225685586734,0.10151950135522884,1.1453639444895438
1250,1789796118.744563,-1.1950169901945153,-0.44117237324617337,0.07277926698022884,1.275929265857398
1251,1789796118.764563,-1.2141771464445155,-0.4794926857461734,0.06319918885522884,1.3069558202572051
1252,1789796118.7895553,-1.1231664042570153,-0.4890727638711734,0.07756930604272884,1.227481949868173
1253,1789796118.8095553,-1.1423265605070154,-0.4651225685586734,0.08714938416772884,1.2364643099512498
1254,1789796118.819099,-1.2141771464445155,-0.4363823341836734,0.08235934510522884,1.2928413461294852
1255,1789796118.839099,-1.1519066386320154,-0.43159229512117336,0.04403903260522884,1.2308940855025972
1256,1789796118.8642917,-1.1279564433195153,-0.4555424904336734,0.05361911073022884,1.2176533610400067
1257,1789796118.8842916,-1.1614867167570153,-0.44117237324617337,0.03924899354272884,1.2430707701546075
1258,1789796118.9093533,-1.1998070292570153,-0.45075245137117337,0.03924899354272884,1.2822851334105778
1259,1789796118.9293532,-1.1327464823820155,-0.4699126076211734,0.04882907166772884,1.2273209565513385
1260,1789796118.9396687,-1.0704759745695154,-0.4938628029336734,0.07756930604272884,1.1814551525521435
1261,1789796118.9596686,-1.1087962870695154,-0.4938628029336734,0.07277926698022884,1.2159878683781458
1262,1789796118.9846673,-1.1806468730070154,-0.4938628029336734,0.08714938416772884,1.2827402394965095
1263,1789796119.0046673,-1.1375365214445154,-0.4651225685586734,0.05361911073022884,1.2301233070055242
1264,1789796119.0288844,-1.0896361308195155,-0.46033252949617337,0.05840914979272884,1.184324518060476
1265,1789796119.0488844,-1.0992162089445154,-0.5082329201211734,0.07756930604272884,1.2135048299620395
1266,1789796119.0590475,-1.1710667948820155,-0.5321831154336734,0.10151950135522884,1.290318765105484
1267,1789796119.0790474,-1.1806468730070154,-0.44117237324617337,0.08714938416772884,1.2633903263907473
1268,1789796119.1041222,-1.0992162089445154,-0.40285206074617336,0.09193942323022884,1.1743163604402769
1269,1789796119.1241221,-1.1087962870695154,-0.40285206074617336,0.09672946229272884,1.1836703839929519
1270,1789796119.1489146,-1.1854369120695154,-0.42201221699617336,0.07756930604272884,1.2607029709772575
1271,1789796119.1689146,-1.2237572245695154,-0.4842827248086734,0.07756930604272884,1.3183810145303774
1272,1789796119.1944156,-1.1710667948820155,-0.4699126076211734,0.04403903260522884,1.2625984053804962
1273,1789796119.2144156,-1.1519066386320154,-0.5130229591836734,0.10630954041772885,1.2654576955228136
1274,1789796119.223959,-1.1566966776945153,-0.4651225685586734,0.06798922791772884,1.248562670867985
1275,1789796119.243959,-1.1902269511320154,-0.4699126076211734,0.06319918885522884,1.2811917075419677
1276,1789796119.2690291,-1.1327464823820155,-0.5321831154336734,0.04403903260522884,1.2523070302822406
1277,1789796119.2890291,-1.1471165995695154,-0.5752934669961733,0.08714938416772884,1.2862480636864801
1278,1789796119.3141017,-1.0992162089445154,-0.4794926857461734,0.06319918885522884,1.2009095083154226
1279,1789796119.3341017,-1.0513158183195155,-0.4842827248086734,0.04403903260522884,1.158332484129557
1280,1789796119.3440647,-1.0608958964445154,-0.5944536232461733,0.04403903260522884,1.2168872789523768
1281,1789796119.3640647,-1.1087962870695154,-0.6806743263711734,0.12546969666772884,1.3070919591145398
1282,1789796119.3893678,-1.0608958964445154,-0.5848735451211734,0.11109957948022885,1.2165197423125138
1283,1789796119.4093678,-1.0561058573820155,-0.5657133888711734,0.07277926698022884,1.2002866499494564
1284,1789796119.4342184,-1.0896361308195155,-0.6519340919961734,0.07756930604272884,1.2721406978530911
1285,1789796119.4542184,-1.1135863261320154,-0.7381547951211734,0.16858004823022885,1.3466128768023446
1286,1789796119.4637754,-1.0704759745695154,-0.6231938576211734,0.13504977479272884,1.2460047503837535
1287,1789796119.4837754,-1.0513158183195155,-0.6088237404336734,0.10151950135522884,1.2191134097859377
1288,1789796119.5094633,-1.0848460917570153,-0.6519340919961734,0.13025973573022884,1.272350856430668
1289,1789796119.5294633,-1.0992162089445154,-0.5465532326211734,0.15899997010522884,1.2378520511710884
1290,1789796119.5545359,-1.0034154276945153,-0.34058155293367337,0.10151950135522884,1.0644926133560035
1291,1789796119.5745358,-1.0177855448820154,-0.3501616310586734,0.13504977479272884,1.0847760252273362
1292,1789796119.5840926,-1.1902269511320154,-0.4651225685586734,0.18295016541772885,1.2909105166548165
1293,1789796119.6040926,-1.2285472636320154,-0.3980620216836734,0.13504977479272884,1.2984684030642304
1294,1789796119.629739,-1.1231664042570153,-0.20167042012117337,0.09672946229272884,1.1452206420069995
1295,1789796119.649739,-1.0561058573820155,-0.3166313576211734,0.11109957948022885,1.1081327155112393
1296,1789796119.673814,-1.2045970683195153,-0.3501616310586734,0.12546969666772884,1.2607180135349592
1297,1789796119.693814,-1.2045970683195153,-0.33100147480867337,0.13025973573022884,1.256018977596277
1298,1789796119.7043653,-1.1614867167570153,-0.3357915138711734,0.07277926698022884,1.2112407505087768
1299,1789796119.7243652,-1.0034154276945153,-0.4363823341836734,0.08714938416772884,1.0976643736970662
1300,1789796119.7491388,-1.0608958964445154,-0.6279838966836734,0.09193942323022884,1.2362510809421885
1301,1789796119.7691388,-0.9507249980070154,-0.5369731544961733,0.024878876355228837,1.0921708423931256
1302,1789796119.794208,-1.2141771464445155,-0.6567241310586734,0.015298798230228837,1.3804878777049094
1303,1789796119.814208,-1.1566966776945153,-0.6327739357461734,0.029668915417728838,1.3187988104678046
1304,1789796119.8244247,-1.1279564433195153,-0.6806743263711734,0.029668915417728838,1.3177570038322415
1305,1789796119.8444247,-0.8501341776945154,-0.7860551857461734,0.0009286810427288362,1.157847890515529
1306,1789796119.868993,-0.8932445292570154,-0.7668950294961734,0.0009286810427288362,1.177291228949746
1307,1789796119.888993,-0.9315648417570154,-0.6327739357461734,-0.008651397082271164,1.1261841567119255
1308,1789796119.9145443,-0.7974437480070153,-0.6088237404336734,0.010508759167728837,1.003341074695126
1309,1789796119.9345443,-0.6441624980070154,-0.9824467873086734,0.020088837292728836,1.1749683294095827
1310,1789796119.9594922,-0.8070238261320154,-0.9010161232461734,0.024878876355228837,1.2098497711629406
1311,1789796119.9794922,-1.0752660136320153,-0.9584965919961734,0.15420993104272884,1.4486867914675579
1312,1789796119.9890547,-1.1471165995695154,-0.6184038185586734,0.11588961854272885,1.3083310664743293
1313,1789796120.0090547,-0.8932445292570154,-0.3980620216836734,0.04403903260522884,0.9789170539669255
1314,1789796120.0344594,-0.43340077925701537,-0.8004253029336734,0.14941989198022884,0.9224116245778965
1315,1789796120.0544593,-0.8645042948820154,-0.7525249123086734,0.13025973573022884,1.1535289412351717
1316,1789796120.0794895,-1.1519066386320154,-0.6998344826211734,0.17816012635522885,1.3595581038753235
1317,1789796120.0994895,-1.1231664042570153,-0.5609233498086734,0.14941989198022884,1.2643037926588687
1318,1789796120.1087968,-0.8932445292570154,-0.6231938576211734,0.15899997010522884,1.100698579865446
1319,1789796120.1287968,-0.7399632792570153,-0.6519340919961734,0.17816012635522885,1.0021500614072634
1320,1789796120.1540754,-0.8022337870695153,-0.5321831154336734,0.16379000916772884,0.976537292975415
1321,1789796120.1740754,-0.7974437480070153,-0.5513432716836734,0.15899997010522884,0.9824341835256939
1322,1789796120.1998918,-0.8645042948820154,-0.5848735451211734,0.14462985291772884,1.0537374122650593
1323,1789796120.2198918,-0.8836644511320154,-0.6615141701211734,0.18774020448022885,1.119692030803037
1324,1789796120.2289362,-0.8357640605070153,-0.7381547951211734,0.19732028260522885,1.1323909926889046
1325,1789796120.2489362,-0.7830736308195154,-0.6279838966836734,0.13983981385522884,1.0134708971243005
1326,1789796120.2746766,-0.7830736308195154,-0.5800835060586734,0.10630954041772885,0.9803075556528219
1327,1789796120.2946765,-0.8118138651945154,-0.5848735451211734,0.11588961854272885,1.007248340376219
1328,1789796120.3189788,-0.8501341776945154,-0.6327739357461734,0.10630954041772885,1.0650975036248376
1329,1789796120.3389788,-0.8453441386320154,-0.5657133888711734,0.05361911073022884,1.0185839975687385
1330,1789796120.3490465,-0.7926537089445154,-0.6375639748086734,0.034458954480228836,1.0178286416785498
1331,1789796120.3690464,-0.8645042948820154,-0.6854643654336734,0.06319918885522884,1.1050896839717572
1332,1789796120.3941958,-0.9746751933195154,-0.6088237404336734,0.034458954480228836,1.149715399101862
1333,1789796120.4141958,-0.9028246073820154,-0.5082329201211734,-0.008651397082271164,1.0360829211317308
1334,1789796120.4395742,-0.8836644511320154,-0.6088237404336734,0.024878876355228837,1.073381650485415
1335,1789796120.4595742,-0.9124046855070154,-0.5896635841836734,0.04403903260522884,1.0872556686632158
1336,1789796120.4696321,-0.9124046855070154,-0.5226030373086734,0.020088837292728836,1.0516652538346887
1337,1789796120.4896321,-0.8597142558195153,-0.5705034279336734,0.0009286810427288362,1.031786618149244
1338,1789796120.514778,-0.9315648417570154,-0.5848735451211734,0.015298798230228837,1.100056440100994
1339,1789796120.5347779,-0.9315648417570154,-0.5513432716836734,0.015298798230228837,1.0826017323355432
1340,1789796120.5598264,-0.8836644511320154,-0.5705034279336734,0.04403903260522884,1.0527471015734609
1341,1789796120.5798264,-0.9650951151945154,-0.5609233498086734,0.07277926698022884,1.118633276563449
1342,1789796120.604912,-1.0417357401945153,-0.4938628029336734,0.07277926698022884,1.1551669326215577
1343,1789796120.624912,-1.0273656230070154,-0.5034428810586734,0.09193942323022884,1.1477751153292868
1344,1789796120.6348555,-0.9842552714445154,-0.4363823341836734,0.07277926698022884,1.079112970293698
1345,1789796120.6548555,-0.9650951151945154,-0.37411182637117335,0.04403903260522884,1.0360056353108773
1346,1789796120.6798856,-0.9267748026945154,-0.43159229512117336,0.04882907166772884,1.0235075585247781
1347,1789796120.6998856,-0.9842552714445154,-0.42201221699617336,0.07756930604272884,1.0737177226349077
1348,1789796120.7239609,-1.0752660136320153,-0.4555424904336734,0.06798922791772884,1.169760016317641
1349,1789796120.7439609,-1.1231664042570153,-0.24478077168367338,0.010508759167728837,1.1495785453186456
1350,1789796120.7547972,-1.1519066386320154,-0.18730030293367336,0.05840914979272884,1.1684955868051294
1351,1789796120.7747972,-1.1950169901945153,-0.18251026387117336,0.17337008729272885,1.2212423143830926
1352,1789796120.799068,-1.3339281230070155,-0.04359913105867336,0.13983981385522884,1.3419464576193625
1353,1789796120.819068,-1.3003978495695154,0.03783153300382664,0.13983981385522884,1.308442190390353
1354,1789796120.8438253,-1.3195580058195153,0.12405223612882665,0.12067965760522885,1.3308590713410091
1355,1789796120.8638253,-1.3626683573820153,0.10968211894132665,0.25959079041772887,1.391503718247048
1356,1789796120.8741791,-1.3435082011320154,0.11926219706632665,0.36018161073022886,1.3960546374932084
1357,1789796120.894179,-1.4009886698820153,0.21027293925382665,0.34581149354272883,1.4582762259553144
1358,1789796120.9182765,-1.4105687480070155,0.14800243144132666,0.36497164979272884,1.4645180837801388
1359,1789796120.9382765,-1.4201488261320154,0.19590282206632664,0.36976168885522886,1.48051488023686
1360,1789796120.9636734,-1.3722484355070155,0.15279247050382666,0.42245211854272885,1.443910350491108
1361,1789796120.9836733,-1.3387181620695154,0.26775340800382663,0.38413180604272884,1.4182437905261895
1362,1789796120.9940696,-1.2381273417570153,0.31565379862882664,0.24043063416772884,1.3001551925987131
1363,1789796121.0140696,-1.0369457011320153,0.052201650191326644,0.30270114198022885,1.081484803746682
1364,1789796121.0386455,-1.0273656230070154,0.11447215800382665,0.13025973573022884,1.0418980742122308
1365,1789796121.0586455,-1.1902269511320154,0.09052196269132665,0.07277926698022884,1.1958809483525867
1366,1789796121.0835736,-1.0800560526945153,0.07615184550382664,0.14941989198022884,1.0929988493384062
1367,1789796121.1035736,-0.9650951151945154,0.04262157206632664,0.16379000916772884,0.9798226099049178
1368,1789796121.113624,-0.7639134745695154,0.04262157206632664,0.08235934510522884,0.7695215765398894
1369,1789796121.133624,-0.7639134745695154,0.08094188456632664,-0.003861358019771164,0.7681993851805501
1370,1789796121.1589012,-0.7351732401945154,0.12884227519132666,-0.08050198301977117,0.7507067298517416
1371,1789796121.1789012,-0.5866820292570154,-0.12502979512117338,-0.07571194395727117,0.6046160364884156
1372,1789796121.2040133,-0.6297923808195154,-0.23520069355867337,-0.09966213926977117,0.6796251549145468
1373,1789796121.2240133,-0.6537425761320154,-0.3789018654336734,-0.04697170958227117,0.7570682406348338
1374,1789796121.2339172,-0.6297923808195154,-0.3980620216836734,-0.09487210020727117,0.7510609372367499
1375,1789796121.2539172,-0.6154222636320154,-0.4794926857461734,-0.19067288145727118,0.803127602552204
1376,1789796121.279221,-0.6633226542570153,-0.5896635841836734,-0.18109280333227118,0.9058116192573644
1377,1789796121.299221,-0.6968529276945153,-0.9201762794961734,-0.13319241270727117,1.1619245272334262
1378,1789796121.323565,-0.6968529276945153,-1.0063969826211734,-0.20025295958227118,1.2403790296868449
1379,1789796121.343565,-0.8645042948820154,-1.3512797951211735,-0.11882229551977116,1.6085532314737858
1380,1789796121.3691454,-0.8740843730070154,-1.2937993263711733,-0.14756252989477117,1.5683478212062893
1381,1789796121.3891454,-0.8884544901945154,-1.4039702248086734,-0.12361233458227117,1.666062358543939
1382,1789796121.3984714,-0.8980345683195153,-1.2746391701211734,-0.2816836236447712,1.5844610325702748
1383,1789796121.4184713,-0.8692943339445154,-1.5859917091836735,-0.12840237364477117,1.8131545742669046
1384,1789796121.4441977,-0.8740843730070154,-1.5476713966836735,-0.05176174864477116,1.7781983921572486
1385,1789796121.4641976,-0.9028246073820154,-1.6770024513711734,0.024878876355228837,1.9047436709668086
1386,1789796121.4887617,-0.8501341776945154,-1.7871733498086735,-0.07092190489477117,1.9803400260926376
1387,1789796121.5087616,-0.8118138651945154,-1.8207036232461735,-0.16193264708227117,2.000056403608377
1388,1789796121.5190368,-0.9794652323820153,-1.8398637794961734,-0.11882229551977116,2.0877187565521576
1389,1789796121.5390368,-0.7112230448820154,-1.9596147560586734,-0.10924221739477116,2.087549298530568
1390,1789796121.5637202,-0.5866820292570154,-1.8063335060586734,-0.08529202208227117,1.9011342055715665
1391,1789796121.5837202,-1.0034154276945153,-1.8494438576211734,0.05361911073022884,2.104794553409799
1392,1789796121.6090436,-1.0321556620695154,-1.8159135841836735,0.06798922791772884,2.0898588447734463
1393,1789796121.6290436,-0.9986253886320153,-1.7871733498086735,-0.09487210020727117,2.0494491856312362
1394,1789796121.638595,-0.5866820292570154,-1.9596147560586734,-0.09008206114477117,2.0475352434954845
1395,1789796121.658595,-0.7543333964445154,-2.4960991310586733,0.020088837292728836,2.6076681741447003
1396,1789796121.684376,-0.9171947245695153,-1.9931450294961734,-0.11403225645727116,2.1970153906825933
1397,1789796121.704376,-1.2189671855070154,-2.2086967873086736,-0.04218167051977117,2.5230936944430717
1398,1789796121.7287164,-0.8836644511320154,-2.6062700294961734,0.04403903260522884,2.7523527690391063
1399,1789796121.7487164,-0.7926537089445154,-2.5104692482461735,-0.008651397082271164,2.632647070035153
1400,1789796121.7591414,-0.9459349589445154,-2.2853374123086736,-0.09008206114477117,2.4750100630888667
1401,1789796121.7791414,-0.8022337870695153,-2.6685405373086737,0.10630954041772885,2.788546102677772
1402,1789796121.8043911,-0.7926537089445154,-2.9798930763711735,0.07756930604272884,3.0844901760498935
1403,1789796121.8243911,-0.8884544901945154,-2.6350102638711737,0.06798922791772884,2.781591811708914
1404,1789796121.8485708,-0.8070238261320154,-2.9511528419961737,0.42245211854272885,3.088536278761849
1405,1789796121.8685708,-0.6872728495695154,-2.8026616310586734,0.13983981385522884,2.8890848657495214
1406,1789796121.8791163,-0.7447533183195154,-3.1954448341836734,0.09193942323022884,3.282373843882345
1407,1789796121.8991163,-0.6968529276945153,-3.2337651466836737,0.2883310247927289,3.320538481421428
1408,1789796121.9241855,-0.7208031230070153,-3.5834379982461737,0.49430270448022884,3.6884848099277403
1409,1789796121.9441855,-0.8692943339445154,-3.0325835060586734,0.2979111029177289,3.168751549978132
1410,1789796121.968468,-0.5483617167570154,-3.0373735451211736,0.16858004823022885,3.0910771355092344
1411,1789796121.988468,-0.5148314433195154,-3.0421635841836734,0.10630954041772885,3.087249974710104
1412,1789796122.0137124,-0.6393724589445153,-3.2002348732461736,0.010508759167728837,3.263496716593561
1413,1789796122.0337124,-0.5052513651945153,-3.2672954201211737,0.029668915417728838,3.306263532889927
1414,1789796122.0436242,-0.32801991988201534,-3.2050249123086734,0.07756930604272884,3.222700537375226
1415,1789796122.0636241,-0.30885976363201534,-2.8074516701211736,-0.013441436144771165,2.8244220481122553
1416,1789796122.0892055,0.3904859394929847,-2.1799565529336733,0.12067965760522885,2.217939003079187
1417,1789796122.1092055,-0.07414784956951533,-2.1464262794961733,0.4655624701052289,2.1975877890264246
1418,1789796122.1337895,-1.5351097636320155,-2.8170317482461735,1.184068329480229,3.419685316795002
1419,1789796122.1537895,-0.9171947245695153,-3.0134233498086735,0.8679257513552289,3.2673018773623923
1420,1789796122.1636207,-0.21305898238201534,-2.5631596779336734,0.4272421576052289,2.607243280899173
1421,1789796122.1836207,-0.5148314433195154,-2.5679497169961736,0.22606051698022886,2.6287868915886947
1422,1789796122.2086656,-0.7303832011320154,-2.5344194435586735,0.029668915417728838,2.637730422337766
1423,1789796122.2286656,-0.9603050761320153,-2.2661772560586733,0.034458954480228836,2.4614899176446783
1424,1789796122.2542603,-1.0944261698820155,-2.5200493263711734,0.24522067323022884,2.7583600974575293
1425,1789796122.2742603,-0.9938353495695154,-2.6158501076211733,0.31228122010522885,2.8156526859728412
1426,1789796122.2838094,-0.6968529276945153,-2.3140776466836734,0.19253024354272885,2.4243818289197123
1427,1789796122.3038094,-0.5531517558195154,-2.0649956154336735,0.17337008729272885,2.1448172285522134
1428,1789796122.3294554,-0.7399632792570153,-2.0602055763711733,0.25480075135522884,2.203841213529428
1429,1789796122.3494554,-0.8501341776945154,-2.1943266701211734,0.27875094666772887,2.3697045692570122
1430,1789796122.3735347,-0.8309740214445154,-2.1799565529336733,0.22127047791772886,2.3434353034364044
1431,1789796122.3935347,-0.8022337870695153,-2.2326469826211737,0.15899997010522884,2.3777242457057106
1432,1789796122.4041438,-0.9076146464445154,-2.2805473732461734,0.14941989198022884,2.4590622139710105
1433,1789796122.4241438,-0.9411449198820154,-2.2182768654336735,0.12067965760522885,2.412689286190347
1434,1789796122.448724,-0.9698851542570154,-2.1081059669961735,0.10630954041772885,2.3229484925234254
1435,1789796122.468724,-0.9698851542570154,-2.0218852638711735,0.14941989198022884,2.247448227841287
1436,1789796122.493748,-0.9555150370695153,-2.0602055763711733,0.20690036073022885,2.2804086831634223
1437,1789796122.513748,-0.9555150370695153,-2.1176860451211734,0.21169039979272886,2.332898625558196
1438,1789796122.523656,-1.0082054667570153,-2.1512163185586735,0.16858004823022885,2.3817281845527987
1439,1789796122.5436559,-1.0321556620695154,-2.1512163185586735,0.16858004823022885,2.3919649229528006
1440,1789796122.5690486,-0.9986253886320153,-2.0075151466836734,0.16379000916772884,2.248154109061027
1441,1789796122.5890486,-1.0944261698820155,-1.9596147560586734,0.12067965760522885,2.2477593761889256
1442,1789796122.6139789,-1.1710667948820155,-2.0506254982461734,0.11109957948022885,2.3640654577852294
1443,1789796122.6339788,-1.0992162089445154,-2.2278569435586735,0.16379000916772884,2.489668653068539
1444,1789796122.643023,-1.0082054667570153,-2.1033159279336733,0.10151950135522884,2.33467821445561
1445,1789796122.663023,-0.9363548808195153,-2.0458354591836736,0.14462985291772884,2.254577783808491
1446,1789796122.6887763,-0.9698851542570154,-2.0937358498086733,0.21648043885522886,2.3176002247215015
1447,1789796122.7087762,-0.9890453105070154,-2.1320561623086736,0.20690036073022885,2.3593816700026737
1448,1789796122.7344298,-0.9650951151945154,-2.1943266701211734,0.13504977479272884,2.4009824152310983
1449,1789796122.7544298,-1.0082054667570153,-2.1512163185586735,0.09672946229272884,2.377722965634833
1450,1789796122.77864,-1.0129955058195155,-2.0793657326211736,0.14462985291772884,2.317507182117184
1451,1789796122.79864,-0.9603050761320153,-2.1464262794961733,0.18295016541772885,2.3585593856384186
1452,1789796122.8092184,-0.9650951151945154,-2.1751665138711735,0.14941989198022884,2.3843414706283523
1453,1789796122.8292184,-1.0177855448820154,-2.1512163185586735,0.13025973573022884,2.383398133622753
1454,1789796122.8542244,-1.0561058573820155,-2.0410454201211734,0.15420993104272884,2.303260013942504
1455,1789796122.8742244,-1.0082054667570153,-2.1176860451211734,0.20690036073022885,2.3545445861503635
1456,1789796122.8992968,-0.9746751933195154,-2.0937358498086733,0.13504977479272884,2.3134303497010773
1457,1789796122.9192967,-1.0608958964445154,-2.0985258888711735,0.07756930604272884,2.3527277799599577
1458,1789796122.9293444,-1.0513158183195155,-2.1368462013711733,0.13983981385522884,2.3855673982728534
1459,1789796122.9493444,-0.9028246073820154,-2.1368462013711733,0.19253024354272885,2.327718164788754
1460,1789796122.9736006,-0.9171947245695153,-2.1751665138711735,0.16858004823022885,2.366646310394929
1461,1789796122.9936006,-1.0225755839445154,-2.1847465919961735,0.10630954041772885,2.4145559041989877
1462,1789796123.019289,-1.0656859355070154,-2.1943266701211734,0.13504977479272884,2.443152571988517
1463,1789796123.039289,-1.0321556620695154,-2.1368462013711733,0.17816012635522885,2.379747471829623
1464,1789796123.0488157,-0.9698851542570154,-2.1176860451211734,0.13504977479272884,2.333133052318422
1465,1789796123.0688157,-1.0177855448820154,-2.1703764748086734,0.10630954041772885,2.3995256148158814
1466,1789796123.0938256,-1.0561058573820155,-2.1560063576211737,0.13025973573022884,2.40430667653942
1467,1789796123.1138256,-0.9746751933195154,-2.0985258888711735,0.23085055604272886,2.3253160253953054
1468,1789796123.1394112,-0.9459349589445154,-2.0697856544961732,0.19253024354272885,2.283828692522742
1469,1789796123.1594112,-0.9746751933195154,-2.1272661232461734,0.14462985291772884,2.344391325256567
1470,1789796123.168962,-1.0321556620695154,-2.0793657326211736,0.08235934510522884,2.3229055560800385
1471,1789796123.188962,-1.0848460917570153,-2.0458354591836736,0.14941989198022884,2.3204870335714283
1472,1789796123.214183,-1.0896361308195155,-2.1368462013711733,0.22606051698022886,2.409257550209007
1473,1789796123.234183,-1.0417357401945153,-2.1081059669961735,0.15899997010522884,2.356820975589141
1474,1789796123.259051,-1.0082054667570153,-2.0841557716836734,0.12067965760522885,2.318350086505663
1475,1789796123.279051,-1.0082054667570153,-2.0697856544961732,0.10630954041772885,2.304732660666029
1476,1789796123.2891982,-1.0417357401945153,-2.0602055763711733,0.12546969666772884,2.3120127625277904
1477,1789796123.3091981,-1.0513158183195155,-2.1655864357461736,0.18295016541772885,2.414228722296838
1478,1789796123.3338482,-1.0225755839445154,-2.1368462013711733,0.14941989198022884,2.373625669163793
1479,1789796123.3538482,-0.9890453105070154,-2.0314653419961735,0.13025973573022884,2.2631901512511177
1480,1789796123.3938935,-1.0129955058195155,-2.1320561623086736,0.17337008729272885,2.3668292209656387
1481,1789796123.4138935,-1.0034154276945153,-2.1847465919961735,0.15899997010522884,2.4094068112852436
1482,1789796123.4237115,-0.9842552714445154,-2.1224760841836736,0.14462985291772884,2.3440522523299223
1483,1789796123.4437115,-1.0321556620695154,-2.0410454201211734,0.14941989198022884,2.2920597771129705
1484,1789796123.4695647,-1.0273656230070154,-2.0889458107461736,0.13025973573022884,2.3315536284467253
1485,1789796123.4895647,-1.0225755839445154,-2.2278569435586735,0.12546969666772884,2.4545366223839387
1486,1789796123.4987607,-0.8884544901945154,-2.2374370216836734,0.04403903260522884,2.407782225106811
1487,1789796123.5187607,-0.7974437480070153,-2.2470170998086734,0.020088837292728836,2.384408928739328
1488,1789796123.544649,-0.8453441386320154,-2.2039067482461734,0.15899997010522884,2.365817545411731
1489,1789796123.5646489,-0.9698851542570154,-2.1081059669961735,0.23564059510522886,2.332448171041443
1490,1789796123.5742016,-1.0608958964445154,-2.0506254982461734,0.24043063416772884,2.3212866964243077
1491,1789796123.5942016,-1.1758568339445155,-2.0266753029336733,0.12546969666772884,2.3464429936048323
1492,1789796123.6189594,-1.1327464823820155,-2.1128960060586737,0.25001071229272886,2.4103836794229756
1493,1789796123.6389594,-1.1279564433195153,-1.9212944435586734,0.21169039979272886,2.2379613272440273
1494,1789796123.6645849,-0.9986253886320153,-1.8733940529336734,0.14941989198022884,2.128188020008355
1495,1789796123.6845849,-1.0944261698820155,-1.9883549904336735,0.16858004823022885,2.275904972086141
1496,1789796123.6939516,-1.0177855448820154,-2.0170952248086733,0.16379000916772884,2.265256658398756
1497,1789796123.7139516,-1.0417357401945153,-1.8590239357461735,0.16379000916772884,2.1372904606484755
1498,1789796123.7395933,-1.0896361308195155,-1.8877641701211734,0.12067965760522885,2.1830080254869246
1499,1789796123.7595932,-1.1423265605070154,-2.0170952248086733,0.13983981385522884,2.3223131335642067
1500,1789796123.7839503,-1.0321556620695154,-2.1033159279336733,0.25959079041772887,2.3572591248972503
1501,1789796123.8039503,-0.9746751933195154,-2.0458354591836736,0.34102145448022886,2.2916653531747424
1502,1789796123.814002,-0.9938353495695154,-2.1560063576211737,0.34581149354272883,2.3990951846942488
1503,1789796123.834002,-0.9411449198820154,-2.4865190529336734,0.36976168885522886,2.6842605066138736
1504,1789796123.8596056,-0.7687035136320154,-2.5056792091836737,0.48472262635522884,2.665387291878281
1505,1789796123.8796055,-0.8740843730070154,-2.3380278419961735,0.6906943060427289,2.5898757316682586
1506,1789796123.903668,-1.0273656230070154,-2.2709672951211735,0.8870859076052289,2.6456934792825804
1507,1789796123.923668,-1.0225755839445154,-2.6589604591836733,1.035577118542729,3.031196383745365
1508,1789796123.9334714,-0.9267748026945154,-2.5200493263711734,0.8391855169802289,2.8131463655776314
1509,1789796123.9534714,-1.0656859355070154,-2.5918999123086737,0.6571640326052288,2.878453792283826
1510,1789796123.9788315,-1.1902269511320154,-2.4481987404336736,0.5038827826052289,2.7684318894399453
1511,1789796123.9988315,-1.1327464823820155,-2.4481987404336736,0.37455172791772884,2.7234317804740424
1512,1789796124.0246212,-0.6297923808195154,-2.2901274513711734,0.26917086854272887,2.3903504226230483
1513,1789796124.0446212,-0.49567128706951535,-2.3811381935586735,0.4272421576052289,2.4694219936827695
1514,1789796124.054119,-0.6441624980070154,-2.6254301857461737,0.5853134466677289,2.765939409118696
1515,1789796124.074119,-0.6968529276945153,-2.9703129982461736,0.5805234076052289,3.1056997178034096
1516,1789796124.099019,-0.7112230448820154,-3.2529253029336735,0.8200253607302289,3.4292568930131377
1517,1789796124.119019,-1.0561058573820155,-3.1667045998086736,0.8248153997927289,3.438560461614897
1518,1789796124.1443818,-1.0608958964445154,-2.5918999123086737,0.5565732122927288,2.855384212178874
1519,1789796124.1643817,-0.7399632792570153,-2.9798930763711735,0.5805234076052289,3.124790525464265
1520,1789796124.1889646,0.012072853555484672,-2.9176225685586736,0.49909274354272887,2.960027157478947
1521,1789796124.2089646,-0.06456777144451534,-2.7403911232461735,0.33623141541772883,2.761695868518028
1522,1789796124.2190204,-0.45256093550701537,-2.0506254982461734,0.14462985291772884,2.1049451605111607
1523,1789796124.2390203,-0.6537425761320154,-1.7153227638711734,0.05840914979272884,1.8366064273223794
1524,1789796124.2643118,-0.2513792948820153,-1.8398637794961734,0.15899997010522884,1.8637519329274448
1525,1789796124.2843118,-0.16036855269451533,-2.0410454201211734,0.14462985291772884,2.052438129163935
1526,1789796124.3085346,-0.24658925581951535,-2.0123051857461736,0.06319918885522884,2.0283423180367075
1527,1789796124.3285346,-0.19389882613201534,-1.8159135841836735,0.020088837292728836,1.8263467527777804
1528,1789796124.3385935,-0.16515859175701533,-1.3704399513711734,-0.16672268614477118,1.3903882460739923
1529,1789796124.3585935,-0.3711302714445153,-1.3369096779336733,-0.13319241270727117,1.3938455381203405
1530,1789796124.384161,-0.45256093550701537,-1.3321196388711734,-0.17630276426977118,1.4178987260387863
1531,1789796124.404161,-0.5339915995695154,-1.3369096779336733,-0.17151272520727118,1.4497900297186321
1532,1789796124.429246,-0.41903066206951534,-1.1836284279336735,-0.24815335020727117,1.279899619652357
1533,1789796124.449246,-0.4717210917570154,-0.9680766701211734,-0.4445449517697712,1.1650379572294278
1534,1789796124.4586058,-0.5196214823820153,-0.9249663185586734,-0.4780752252072712,1.163668808715715
1535,1789796124.4786057,-0.32801991988201534,-0.7908452248086734,-0.5020254205197712,0.9925032797377236
1536,1789796124.5043209,-0.23221913863201535,-0.6327739357461734,-0.46370510801977116,0.818138746980196
1537,1789796124.5243208,-0.24179921675701535,-0.4794926857461734,-0.5499258111447712,0.768634174800743
1538,1789796124.548352,-0.20347890425701534,-0.16335010762117336,-0.7942178033322712,0.835983756581085
1539,1789796124.568352,0.06476328324298468,-0.3549516701211734,-0.8229580377072712,0.8985793803583653
1540,1789796124.5792603,0.1653541035554847,-0.4076420998086734,-0.6121963189572712,0.7538556851572424
1541,1789796124.5992603,-0.15078847456951533,-0.3884819435586734,-0.5882461236447712,0.7208945044298959
1542,1789796124.623828,-0.8788744120695153,-1.0016069435586734,-0.5403457330197712,1.4379187086786784
1543,1789796124.643828,-1.2045970683195153,-1.2650590919961735,-0.4253847955197712,1.7978823174795262
1544,1789796124.6684713,-0.48609120894451535,-1.2746391701211734,-0.19546292051977118,1.378112996353511
1545,1789796124.6884713,-0.06456777144451534,-1.1021977638711735,-0.37269436583227117,1.165293953522048
1546,1789796124.6992762,-0.31364980269451537,-1.0255571388711735,-0.6074062798947711,1.2325120821620943
1547,1789796124.7192762,-0.8022337870695153,-0.5848735451211734,-0.7798476861447712,1.2624652575353745
1548,1789796124.744247,-0.42861074019451534,-0.13460987324617338,-0.7367373345822712,0.8629072283581999
1549,1789796124.764247,-0.10288808394451533,-0.2687309669961734,-0.6169863580197712,0.6807895830746629
1550,1789796124.788429,-0.7208031230070153,-0.7860551857461734,-0.7558974908322712,1.307218770451848
1551,1789796124.808429,-0.7112230448820154,-1.1740483498086733,-0.8229580377072712,1.6004648321930466
1552,1789796124.8334317,0.002492775430484672,-0.9728667091836735,-0.7415273736447712,1.2232492361051075
1553,1789796124.8534317,0.3617457051179847,-1.3416997169961735,-0.5547158502072712,1.4962378688664766
1554,1789796124.8630435,-0.04540761519451533,-1.7009526466836735,-0.5116054986447712,1.776806670412235
1555,1789796124.8830435,-0.6058421855070154,-1.4614506935586735,-0.5882461236447712,1.6878733321627377
1556,1789796124.9090583,-0.9411449198820154,-1.7536430763711734,-0.22420315489477116,2.002819226537694
1557,1789796124.9290583,-0.6297923808195154,-1.6434721779336734,-0.023021514269771164,1.7601617064064423
1558,1789796124.9539716,-1.7698216776945155,-2.2997075294961733,0.04403903260522884,2.902216898932888
1559,1789796124.9739716,-1.6931810526945155,-2.2709672951211735,-0.04218167051977117,2.833007911397624
1560,1789796124.9843788,-1.3339281230070155,-2.5392094826211733,-0.15235256895727117,2.8723092346142303
1561,1789796125.0043788,-1.5734300761320155,-3.2912456154336733,0.09672946229272884,3.649292601924875
1562,1789796125.0284693,-2.2440355448820153,-3.4541069435586733,0.16379000916772884,4.122302447824192
1563,1789796125.0484693,-2.5218578105070155,-3.6552885841836735,0.24043063416772884,4.4473259763508475
1564,1789796125.0735269,-2.9864915995695154,-3.5403276466836737,1.0116269232302288,4.74093249814594
1565,1789796125.0935268,-1.5351097636320155,-4.397744638871173,0.4464023138552289,4.679315646644688
1566,1789796125.103674,-3.1924632792570153,-5.039609873246174,1.1026376654177288,6.066737120159619
1567,1789796125.123674,-2.4595873026945156,-4.4264848732461735,1.121797821667729,5.186691468108715
1568,1789796125.1490898,-2.6272386698820154,-3.5259575294961736,-0.003861358019771164,4.397132524545961
1569,1789796125.1690898,-0.8070238261320154,-3.9666411232461734,-0.45412502989477116,4.0732982703638765
1570,1789796125.1943488,-1.6644408183195154,-4.589346201371174,0.25480075135522884,4.8884951893828585
1571,1789796125.2143488,-4.2750121073820155,-3.9283208107461736,0.8439755560427289,5.866832846570791
1572,1789796125.2238963,-6.497590232382016,-4.598926279496173,0.8152353216677288,8.00208787641584
1573,1789796125.2438962,-5.745554099569516,-5.197681162308673,0.48951266541772886,7.763176155782045
1574,1789796125.2689745,-0.8357640605070153,-6.553262216996174,1.461890595105229,6.766156321102987
1575,1789796125.2889745,-2.9864915995695154,-7.147227060746173,1.2942392279177288,7.853473238716915
1576,1789796125.3143373,0.045603126992984674,-3.6457085060586736,0.7242245794802289,3.7172263043650458
1577,1789796125.3343372,-0.6920628886320154,-3.9714311623086735,0.24043063416772884,4.038443191209257
1578,1789796125.3443396,-2.2584056620695154,-3.2960356544961735,-0.8373281548947712,4.08232355517751
1579,1789796125.3643396,-4.236691794882016,-2.1272661232461734,-2.8491445611447714,5.531043595401526
1580,1789796125.3893504,-4.174421287069515,-4.292363779496173,-2.0396279595822713,6.325366559416104
1581,1789796125.4093504,-3.3601146464445155,-5.403652841996173,-1.6276846002072713,6.568043211780521
1582,1789796125.4335334,-3.5229759745695155,-6.059888193558674,-1.9486172173947713,7.275349730133471
1583,1789796125.4535334,-2.4308470683195154,-7.099326670121174,-0.6840469048947712,7.53507643005348
1584,1789796125.464119,-0.5387816386320153,-6.917305185746174,-0.9331289361447712,7.000723269659256
1585,1789796125.484119,0.4431763691804847,-7.046636240433673,-1.2875918267697712,7.177003574720966
1586,1789796125.523763,-0.9698851542570154,-6.438301279496174,-1.8815566705197713,6.777363505256869
1587,1789796125.543763,-5.788664451132016,-3.8756303810586736,-3.1125967095822715,7.63003310968484
1588,1789796125.5690467,-5.793454490194516,-4.982129404496174,-2.5521621392697713,8.05600769104787
1589,1789796125.5890467,-3.6714671855070153,-5.662314951371173,-2.6000625298947715,7.231998828964171
1590,1789796125.5989482,-3.3553246073820153,-6.740073740433674,-2.537792022082271,7.945261832987714
1591,1789796125.6189482,-1.6692308573820154,-7.4537895607461735,-2.231229522082271,7.95761871738879
1592,1789796125.628599,-0.8980345683195153,-7.257397959183674,-2.0731582330197713,7.60093917111549
1593,1789796125.648599,-1.2429173808195153,-7.750771982621174,-2.015677764269771,8.10445968535227
1594,1789796125.6742463,-1.9901634745695154,-8.938701670121175,-1.8097060845822712,9.33467590843473
1595,1789796125.6942463,-2.6559789042570157,-8.938701670121175,-1.8097060845822712,9.49892876064767
1596,1789796125.7186368,-2.2775658183195153,-8.804580576371174,-2.0731582330197713,9.32769694199633
1597,1789796125.7386367,-1.3195580058195153,-9.580566904496173,-2.384510772082271,9.960641905240152
1598,1789796125.748189,-0.7639134745695154,-9.350645029496174,-3.0359560845822715,9.860788792575494
1599,1789796125.768189,-0.02145741988201533,-8.603398935746174,-3.1844472955197713,9.173856236414956
1600,1789796125.7943916,-0.050197654257015334,-8.488437998246173,-3.2323476861447715,9.08318066641239
1601,1789796125.8143916,0.5389771504304847,-9.034502451371173,-3.170077178332271,9.589688223769373
1602,1789796125.8384657,0.6922584004304847,-10.270332529496175,-3.146126983019771,10.763692068833954
1603,1789796125.8584657,0.21804453324298467,-10.648745615433675,-3.0886465142697714,11.089772941354836
1604,1789796125.8690186,0.6299878926179847,-10.394873545121175,-3.2036074517697712,10.895567055869103
1605,1789796125.8890185,1.3724439473054848,-9.781748545121173,-3.7161416314572713,10.553478839393462
1606,1789796125.913586,0.7018384785554848,-9.590146982621174,-3.7496719048947713,10.32102397015995
1607,1789796125.933586,1.0946216816804848,-9.278794443558674,-3.8790029595822713,10.116367278438855
1608,1789796125.9594057,1.3245435566804848,-8.703989756058673,-4.214305693957272,9.760851693845101
1609,1789796125.9794056,1.3676539082429848,-8.828530771683674,-4.717259795519771,10.102770549593071
1610,1789796125.9884427,1.9568287129304849,-9.015342295121174,-4.928021514269771,10.459013880622571
1611,1789796126.0084426,2.014309181680485,-9.068032724808674,-4.8657510064572715,10.486285893224697
1612,1789796126.0336432,1.8610279316804847,-9.111143076371174,-4.813060576769772,10.471003067340622
1613,1789796126.0536432,2.1292701191804846,-9.283584482621174,-4.961551787707271,10.73944729622995
1614,1789796126.0784867,1.8658179707429847,-9.753008310746173,-4.779530303332272,11.020270311108655
1615,1789796126.0984867,1.2622730488679847,-10.059570810746175,-4.429857451769771,11.063992732703465
1616,1789796126.1092193,1.5640455098054848,-9.681157724808674,-4.8322207330197715,10.93258480241482
1617,1789796126.1292193,2.004729103555485,-9.259634287308673,-5.339964873644772,10.875430601364933
1618,1789796126.1539662,2.2825513691804846,-9.623677256058674,-5.339964873644772,11.240125868222684
1619,1789796126.1739662,2.5028931660554847,-9.958979990433676,-4.822640654894771,11.344761766418431
1620,1789796126.199384,2.507683205117985,-9.982930185746175,-4.813060576769772,11.36278672977577
1621,1789796126.219384,2.627434181680485,-10.088311045121175,-5.057352568957271,11.586813415642611
1622,1789796126.24367,2.5460035176179847,-10.016460459183675,-4.995082061144771,11.478782986000017
1623,1789796126.26367,2.7184449238679846,-9.891919443558676,-4.516078154894771,11.208700860629458
1624,1789796126.2742999,3.566281837930485,-13.019814951371176,-3.1413369439572714,13.860084606919688
1625,1789796126.2942998,0.7784791035554847,-10.663115732621176,-4.453807647082272,11.582075349398929
1626,1789796126.3186307,1.6742164082429847,-10.399663584183674,-4.860960967394772,11.601075155879371
1627,1789796126.3386307,1.7652271504304848,-9.896709482621175,-4.731629912707271,11.110769870123628
1628,1789796126.3644505,1.4490845723054848,-9.982930185746175,-4.9184414361447715,11.222736179379865
1629,1789796126.3844504,1.4730347676179847,-9.906289560746176,-4.669359404894771,11.050218167078842
1630,1789796126.3941722,1.3772339863679848,-9.958979990433676,-4.568768584582271,11.043174465819657
1631,1789796126.4141722,1.1473121113679847,-9.887129404496175,-4.5591885064572715,10.947961124317013
1632,1789796126.4386957,0.8934400410554847,-10.126631357621175,-4.487337920519772,11.11229496427504
1633,1789796126.4586957,1.1089917988679847,-10.064360849808676,-4.841800811144771,11.223379937430623
1634,1789796126.48426,1.4586646504304848,-9.925449716996175,-5.5171963189572715,11.449092098020289
1635,1789796126.50426,0.7401587910554847,-10.524204599808675,-4.6789394830197715,11.541195439830837
1636,1789796126.5143042,0.6251978535554847,-10.557734873246176,-4.616668975207271,11.539942393118354
1637,1789796126.5343041,0.8742798848054847,-10.141001474808675,-5.0381924127072715,11.357273397101451
1638,1789796126.559204,1.2526929707429848,-10.021250498246175,-4.990292022082271,11.264888623204673
1639,1789796126.579204,1.0706714863679847,-9.978140146683675,-4.698099639269771,11.080693048681058
1640,1789796126.6037145,1.0802515644929847,-9.978140146683675,-4.961551787707271,11.195857286137192
1641,1789796126.6237144,1.1952125019929847,-10.107471201371174,-5.153153350207272,11.40808908021937
1642,1789796126.649082,1.2191626973054848,-9.796118662308674,-5.076512725207271,11.100508095475847
1643,1789796126.669082,1.0131910176179848,-10.136211435746175,-5.023822295519771,11.358174534901936
1644,1789796126.6790762,0.9317603535554847,-10.093101084183674,-5.033402373644772,11.316978673966842
1645,1789796126.6990762,0.7401587910554847,-10.064360849808676,-4.837010772082271,11.190883234149942
1646,1789796126.724152,0.4431763691804847,-10.342183115433675,-4.851380889269771,11.432106254760466
1647,1789796126.744152,0.5054468769929847,-10.145791513871176,-4.980711943957272,11.313710861476041
1648,1789796126.753988,0.4719166035554847,-9.963770029496175,-5.287274443957272,11.289583230886835
1649,1789796126.773988,0.6012476582429847,-9.594937021683673,-5.445345733019772,11.048805607337622
1650,1789796126.8140738,0.8024292988679848,-9.465605966996174,-4.789110381457271,10.63847580003344
1651,1789796126.8340738,-1.1566966776945153,-12.607871591996176,-3.3520986627072715,13.097058399846036
1652,1789796126.8441255,-0.17952870894451534,-10.164951670121175,-4.726839873644772,11.21166750328927
1653,1789796126.8641255,-0.5004613261320153,-10.265542490433676,-5.526776397082272,11.669493626768848
1654,1789796126.873678,-0.24658925581951535,-10.150581552933675,-4.803480498644771,11.232476887343399
1655,1789796126.893678,-0.11725820113201534,-10.332603037308674,-4.774740264269772,11.383083044745485
1656,1789796126.9192257,-0.23221913863201535,-10.212852060746174,-4.889701201769771,11.325433801211462
1657,1789796126.9392257,-0.33759999800701535,-10.069150888871174,-4.841800811144771,11.177871375011955
1658,1789796126.9645476,-0.24658925581951535,-10.303862802933676,-4.961551787707271,11.438854447227968
1659,1789796126.9845476,-0.20826894331951534,-10.270332529496175,-4.884911162707271,11.374773109241382
1660,1789796127.008898,-0.19868886519451534,-10.222432138871175,-4.999872100207272,11.381402247412648
1661,1789796127.028898,-0.21305898238201534,-10.241592295121174,-4.932811553332272,11.369619021328173
1662,1789796127.0387762,-0.22742909956951535,-10.246382334183675,-4.870541045519771,11.347345284677608
1663,1789796127.0587761,-0.28011952925701533,-10.208062021683675,-4.889701201769771,11.322198330350892
1664,1789796127.0837476,-0.19389882613201534,-10.217642099808675,-4.875331084582271,11.322837984306414
1665,1789796127.1037476,-0.19389882613201534,-10.255962412308675,-4.9184414361447715,11.376002281920025
1666,1789796127.1293235,-0.25616933394451535,-10.251172373246176,-4.928021514269771,11.37706261733515
1667,1789796127.1493235,-0.2513792948820153,-10.241592295121174,-4.942391631457271,11.374561060897237
1668,1789796127.1588764,-0.20826894331951534,-10.227222177933674,-4.913651397082272,11.348278260671018
1669,1789796127.1788764,-0.16994863081951533,-10.251172373246176,-4.889701201769771,11.358899392358039
1670,1789796127.2045422,-0.16994863081951533,-10.251172373246176,-4.8657510064572715,11.348610065552654
1671,1789796127.2245421,-0.27532949019451536,-10.246382334183675,-4.932811553332272,11.375270857747978
1672,1789796127.2495427,-0.2513792948820153,-10.232012216996175,-4.956761748644771,11.372192075034713
1673,1789796127.2695427,-0.18431874800701534,-10.236802256058676,-4.884911162707271,11.34409321620979
1674,1789796127.279291,-0.23221913863201535,-10.246382334183675,-4.932811553332272,11.374309055380316
1675,1789796127.299291,-0.23700917769451535,-10.236802256058676,-4.932811553332272,11.365778618319458
1676,1789796127.3242245,-0.21784902144451535,-10.246382334183675,-4.908861358019771,11.363658256330808
1677,1789796127.3442245,-0.22742909956951535,-10.246382334183675,-4.923231475207271,11.370060821828258
1678,1789796127.3695498,-0.21784902144451535,-10.227222177933674,-4.904071318957271,11.344313428955585
1679,1789796127.3895497,-0.21784902144451535,-10.255962412308675,-4.937601592394771,11.384732437964981
1680,1789796127.3985977,-0.22742909956951535,-10.241592295121174,-4.9184414361447715,11.36367030917398
1681,1789796127.4185977,-0.22742909956951535,-10.241592295121174,-4.913651397082272,11.361597897605115
1682,1789796127.4440634,-0.21305898238201534,-10.246382334183675,-4.937601592394771,11.376012243025425
1683,1789796127.4640634,-0.21305898238201534,-10.227222177933674,-4.899281279894772,11.34215255876588
1684,1789796127.4899998,-0.23221913863201535,-10.255962412308675,-4.932811553332272,11.38293989054338
1685,1789796127.5099998,-0.23700917769451535,-10.275122568558675,-5.090882842394771,11.469586098207936
1686,1789796127.5194626,-0.13641835738201533,-10.193691904496175,-4.880121123644772,11.302457555481709
1687,1789796127.5394626,-0.27053945113201533,-10.265542490433676,-4.899281279894772,11.377939676279066
1688,1789796127.5645769,-0.27053945113201533,-10.236802256058676,-4.913651397082272,11.358225304875553
1689,1789796127.5845768,-0.24658925581951535,-10.246382334183675,-4.942391631457271,11.378769363953896
1690,1789796127.6091354,-0.19868886519451534,-10.236802256058676,-4.913651397082272,11.356741070696684
1691,1789796127.6291354,-0.21305898238201534,-10.251172373246176,-4.908861358019771,11.36788674240903
1692,1789796127.6543097,-0.23221913863201535,-10.251172373246176,-4.947181670519772,11.384861318236576
1693,1789796127.6743097,-0.22742909956951535,-10.227222177933674,-4.908861358019771,11.34657293214163
1694,1789796127.6840305,-0.23221913863201535,-10.260752451371175,-4.942391631457271,11.391409115441578
1695,1789796127.7040305,-0.21305898238201534,-10.241592295121174,-4.923231475207271,11.365465895770864
1696,1789796127.7295914,-0.22742909956951535,-10.227222177933674,-4.908861358019771,11.34657293214163
1697,1789796127.7495914,-0.23700917769451535,-10.260752451371175,-4.947181670519772,11.393586823286062
1698,1789796127.7743483,-0.21784902144451535,-10.227222177933674,-4.899281279894772,11.342243549337587
1699,1789796127.7943482,-0.23221913863201535,-10.255962412308675,-4.932811553332272,11.38293989054338
1700,1789796127.804092,-0.22263906050701535,-10.246382334183675,-4.932811553332272,11.37411750028208
1701,1789796127.824092,-0.22742909956951535,-10.241592295121174,-4.913651397082272,11.361597897605115
1702,1789796127.8482504,-0.22742909956951535,-10.260752451371175,-4.942391631457271,11.391312474967467
1703,1789796127.8682504,-0.21305898238201534,-10.232012216996175,-4.908861358019771,11.350611788401203
1704,1789796127.8942394,-0.23221913863201535,-10.255962412308675,-4.942391631457271,11.387094702764802
1705,1789796127.9142394,-0.22263906050701535,-10.246382334183675,-4.932811553332272,11.37411750028208
1706,1789796127.9238415,-0.22263906050701535,-10.232012216996175,-4.904071318957271,11.348724935491287
1707,1789796127.9438415,-0.23221913863201535,-10.265542490433676,-4.9519717095822715,11.399882111835606
