imu_index,t_imu,ax,ay,az,mag,vx,vy,vz,velocity
0,1791618143.3183627,0.03531479779411766,-0.019488884420955855,-0.08485882927389612,0.09395729064287157,0.0,0.0,0.0,0.0
1,1791618143.3383627,-0.07006606158088234,0.052361701516544144,-0.02258832146139612,0.09033954304515286,-7.100521721055356e-06,2.446087467893353e-05,-0.00026936547653997424,0.00027056701896272775
2,1791618143.3968983,-0.07964613970588234,0.07631189682904414,0.06363238166360388,0.12734242483900704,-0.0006820266902471396,0.0006502125049479439,-0.0007592929778605568,0.0012101497981772751
3,1791618143.4168983,0.011364602481617659,0.03320154526654415,0.03489214728860388,0.04948695525147205,-0.000980461899949833,0.000996214174818545,-0.0007537917553219301,0.0015880649324740937
4,1791618143.4069173,0.07363511029411766,-0.009908806295955856,-0.07048871208639612,0.10241568454995795,-0.000980461899949833,0.000996214174818545,-0.0007537917553219301,0.0015880649324740937
5,1791618143.4269173,0.06884507123161766,-0.033859001608455855,-0.12317914177389612,0.1451178031495844,-0.0008739867400560028,0.0012102469459188375,-0.0010857042026182083,0.0018458884331081422
6,1791618143.4374313,0.08321518841911767,0.023621467141544145,0.01573199103860388,0.08792176542578645,-0.0007065013508652859,0.0012978138771586204,-0.001318745675969241,0.001980544161690805
7,1791618143.4574313,0.04489487591911766,0.06673181870404415,0.11153277228860389,0.13750725364766747,-0.0002435314884382245,0.0015749295097984134,-0.0015046504427424674,0.002191730709174809
8,1791618143.5058842,-0.022165670955882344,0.11463220932904415,0.1402730066636039,0.18250582670980592,0.0007924355117332018,0.0028046497556198403,-0.0009724213600189784,0.003072396067139693
9,1791618143.5258842,-0.04611586626838234,-0.024278923483455856,0.1259028894761039,0.1362632629347722,0.0010534887378687739,0.003371634514934424,-0.00038642202858607934,0.003553460258296132
10,1791618143.5274303,-0.04132582720588234,-0.10570958754595586,0.05884234260110388,0.12784663537290386,0.001060503047570987,0.0033938181892588567,-0.0003264920957502652,0.003570611390817967
11,1791618143.5474303,0.02094468060661766,-0.12965978285845586,-0.08006879021139612,0.15382246293221194,0.0011070542598542114,0.003284675765450659,0.0003006027264195345,0.0034792277904056646
12,1791618143.5654848,0.0017845243566176577,-0.029068962545955857,-0.14233929802389614,0.14528821312347767,0.0011735510738224526,0.0029859965630253255,0.0004806230741093575,0.003244132570755273
13,1791618143.5854847,-0.06527602251838234,0.028411506204044146,-0.07048871208639612,0.10018398740418373,0.0011409268769706467,0.002703776020864707,0.00033088733034823627,0.0029532364170485846
14,1791618143.6255348,-0.10838637408088235,0.06673181870404415,0.03968218635110388,0.13332448247622833,0.0005637575103608708,0.0025091875400439084,-1.651722534036157e-05,0.00257179265500406
15,1791618143.6455348,-0.14191664751838234,0.11463220932904415,0.06363238166360388,0.1932096225727309,-5.668699070403066e-05,0.002698636604508908,-9.007878832157347e-06,0.0026992469468337834
16,1791618143.6469543,-0.07964613970588234,0.07152185776654414,0.006151912913603881,0.10722280420191996,-0.00011770769667439788,0.0027298852414454414,-1.1251928983774405e-06,0.002732421965834905
17,1791618143.6669543,-0.022165670955882344,-0.029068962545955857,0.006151912913603881,0.03706976645352917,-0.0010011887033485173,0.0031677876818186077,0.00011173092182663858,0.003324115132736323
18,1791618143.682965,0.011364602481617659,-0.09612950942095586,0.025312069163603883,0.10005367367779106,-0.0016153304240736194,0.0033154226883290476,0.0002263069411272674,0.0036949336682580987
19,1791618143.702965,0.04010483685661766,-0.04822911879595586,0.020522030101103882,0.06599696628331453,-0.002190212715187234,0.0032556415661553276,0.0004167131062372388,0.0039458691764877405
20,1791618143.7375085,0.02094468060661766,0.03320154526654415,0.025312069163603883,0.046708918839368056,-0.0028760329755187063,0.0031289439654816195,0.0008149938557291604,0.00432736305390143
21,1791618143.7575085,-0.012585592830882343,0.10026209214154415,0.049262264476103886,0.11241732503852711,-0.0032010087506090658,0.0032667872319245236,0.0011228621246324646,0.004709477167486326
22,1791618143.7735052,0.016154641544117658,0.09068201401654415,0.044472225413603884,0.10228381564428478,-0.00341766486179175,0.0035895869690064776,0.0014446276478285878,0.005162607553984506
23,1791618143.7935052,0.02094468060661766,0.009251349954044145,0.025312069163603883,0.034131627078539416,-0.0035922603963697932,0.0040825321351875225,0.0018912501747841563,0.005757450009664588
24,1791618143.7975087,0.03531479779411766,-0.04822911879595586,-0.03695843864889612,0.07027879502693582,-0.0036050751043496575,0.004154703103413877,0.0019637459926429867,0.005840755320088317
25,1791618143.8175087,0.030524758731617658,0.0044613108915441445,-0.04653851677389612,0.05583455680856336,-0.0035607303709248492,0.004395507728854402,0.002146336347745027,0.006050293272767598
26,1791618143.8620558,0.030524758731617658,0.018831428079044147,-0.056118594898896125,0.06660090294092183,-0.0032728062475895436,0.004929233512358536,0.0021490454391398252,0.006294998018514963
27,1791618143.8820558,0.0017845243566176577,0.023621467141544145,-0.027378360523896122,0.03620404483030653,-0.003114465238743172,0.005196592350205893,0.0020248339644517535,0.006387833620340732
28,1791618143.8910785,-0.04132582720588234,-0.005118767233455856,-0.0034281652113961193,0.04178250936644869,-0.003080504636127213,0.005311636123205992,0.001956356247514242,0.006444401980458391
29,1791618143.9110785,-0.012585592830882343,0.028411506204044146,-0.0034281652113961193,0.03126280774984586,-0.0030973854232231196,0.005563332878570797,0.0018170506883722088,0.006621641970228819
30,1791618143.9220705,-0.055695944393382345,0.018831428079044147,0.006151912913603881,0.05911435475299986,-0.0031615630514565075,0.005719863436416434,0.0017542178121184215,0.006766801223025702
31,1791618143.9420705,-0.04132582720588234,-0.005118767233455856,0.010941951976103882,0.0430552213475684,-0.003406350815676483,0.00598251799758638,0.0016826830935283098,0.007086971840225612
32,1791618143.9875813,-0.012585592830882343,-0.029068962545955857,0.010941951976103882,0.03351310256377802,-0.0040638379035477104,0.006373853710749644,0.0016190164567848563,0.007730588846891823
33,1791618144.0075812,-0.050905905330882344,0.028411506204044146,0.049262264476103886,0.07632427912304708,-0.0044046712146080785,0.006519046133723861,0.0016855408120886553,0.008046125703196136
34,1791618144.0075798,-0.07006606158088234,0.023621467141544145,0.010941951976103882,0.074745923022078,-0.0044046712146080785,0.006519046133723861,0.0016855408120886553,0.008046125703196136
35,1791618144.0275798,-0.04132582720588234,0.023621467141544145,-0.04174847771139612,0.06331455674162485,-0.004972250066400448,0.006761153970912729,0.0017641552170339662,0.008576054883861015
36,1791618144.0761046,-0.07485610064338234,0.03320154526654415,0.006151912913603881,0.08211957406194416,-0.006565601037434317,0.0074672546297162076,0.0017967334973419372,0.010104219907951692
37,1791618144.0961046,-0.050905905330882344,-0.014698845358455856,0.03489214728860388,0.06344232967694505,-0.007312451403649877,0.00774238083720621,0.0018697128596701518,0.010812596022079754
38,1791618144.098111,-0.017375631893382343,0.028411506204044146,0.044472225413603884,0.055559923521502075,-0.007386407926056539,0.0077679035332112395,0.0018878777378734033,0.010884090669621625
39,1791618144.118111,0.0017845243566176577,0.009251349954044145,-0.0034281652113961193,0.0100261817192878,-0.008036452831584212,0.008040660074387175,0.002103360837438267,0.011561181399778781
40,1791618144.1336267,0.016154641544117658,0.0044613108915441445,-0.02258832146139612,0.028126642258423085,-0.008444231401547639,0.008236479045321973,0.002215180197318607,0.012002152070920601
41,1791618144.1536267,0.02573471966911766,0.06673181870404415,0.03010210822610388,0.07759863622289737,-0.00882818244918416,0.008557818864776804,0.0023489664172792646,0.012517616079266802
42,1791618144.1956286,0.06405503216911766,0.0044613108915441445,0.020522030101103882,0.06740997077976167,-0.009230716814097331,0.00935570663133604,0.002747259694777077,0.013426943632272797
43,1791618144.2156286,0.016154641544117658,-0.033859001608455855,0.03489214728860388,0.05123344977404874,-0.009273325225770453,0.009634549310538698,0.002991587140324138,0.013702871771211503
44,1791618144.2166328,-0.017375631893382343,-0.019488884420955855,0.044472225413603884,0.05157041819595898,-0.009275235685741628,0.009642432162714095,0.003007992318173658,0.013713296934901902
45,1791618144.2366328,-0.007795553768382342,-0.009908806295955856,0.044472225413603884,0.04622481945886766,-0.009345333766871104,0.00973178101459643,0.0034191249252795795,0.01391880886372641
46,1791618144.2471716,-0.012585592830882343,0.03799158432904415,0.001361873851103881,0.040045128631606995,-0.00939284019349859,0.009793997319881353,0.00363949905890845,0.014049689811602293
47,1791618144.2671716,-0.08922621783088235,0.10505213120404415,0.006151912913603881,0.13796780150242424,-0.009622189564596238,0.010108922741885656,0.0040062514577722105,0.014519879536736512
48,1791618144.3111453,-0.11796645220588235,0.08589197495404415,0.03489214728860388,0.15003658603806772,-0.010734143668912966,0.011327220312840721,0.00482703330623595,0.016334871008367557
49,1791618144.3311453,-0.07006606158088234,0.052361701516544144,0.001361873851103881,0.08748060054406336,-0.011446067493592602,0.01200558775034723,0.005198724021113701,0.017383133484699165
50,1791618144.3416681,-0.07006606158088234,0.057151740579044145,-0.03216839958639612,0.09597072662338453,-0.011875049059901919,0.012395397521282301,0.005340639083201794,0.0179773495182886
51,1791618144.361668,-0.09401625689338235,0.06194177964154415,-0.04174847771139612,0.12007820791726954,-0.012814205552862445,0.013203787610357664,0.005459032131639449,0.01919231364439205
52,1791618144.3976674,-0.08922621783088235,-0.014698845358455856,-0.03216839958639612,0.09598010176711586,-0.01474583337685069,0.01456815494669329,0.00544059845920967,0.021430605500616696
53,1791618144.4176674,-0.031745749080882346,-0.04822911879595586,-0.04653851677389612,0.07415978713598749,-0.015839465652793074,0.015118059613604408,0.00531383324608,0.022531782495258855
54,1791618144.4266827,-0.026955710018382345,0.018831428079044147,-0.01300824333639612,0.035361665413130995,-0.01629818348290517,0.015308879210032699,0.005225000469543535,0.022962865618570878
55,1791618144.4466827,-0.017375631893382343,0.03320154526654415,0.010941951976103882,0.039038205707077125,-0.017229674040699115,0.01574675269754221,0.0050543911222371155,0.02388239430381391
56,1791618144.462204,-0.017375631893382343,0.03799158432904415,0.044472225413603884,0.06101681650793979,-0.017884590612974215,0.01611847397270675,0.005006355206013058,0.024591205278539814
57,1791618144.482204,-0.017375631893382343,0.04757166245404415,0.06363238166360388,0.08132684457495196,-0.018654027206021263,0.016653953468875972,0.005115899717346954,0.02552448485404589
58,1791618144.4871988,-0.026955710018382345,0.03799158432904415,0.05405230353860389,0.0713556045469125,-0.018833972050473102,0.016799679496984698,0.0051832405321568156,0.025764582605072476
59,1791618144.5071988,-0.017375631893382343,0.009251349954044145,0.03489214728860388,0.04006197701157727,-0.019512909345434228,0.017366520802419145,0.005545850821136226,0.026704047207011312
60,1791618144.5507565,-0.031745749080882346,0.023621467141544145,0.020522030101103882,0.04457488097680134,-0.02093023004455783,0.01852324803598973,0.006398143904825644,0.02867266107196481
61,1791618144.5707564,-0.04132582720588234,0.03320154526654415,0.006151912913603881,0.053366774633974184,-0.021592999201081455,0.019059938118317955,0.006770793723769802,0.02958686369356939
62,1791618144.5817275,-0.026955710018382345,0.06194177964154415,-0.01779828239889612,0.06985823662323282,-0.021958213277461794,0.019388467882517763,0.006934966502511668,0.030102650673335746
63,1791618144.6017275,-0.055695944393382345,0.03799158432904415,-0.01300824333639612,0.06866304025019941,-0.022648100233368662,0.020047433993569702,0.007143147145232449,0.031078297975366834
64,1791618144.6087406,-0.055695944393382345,0.03320154526654415,0.025312069163603883,0.06960662091568721,-0.02291231541841255,0.020281289235183148,0.007211668276316557,0.03143744662343957
65,1791618144.6287405,-0.04611586626838234,0.0044613108915441445,0.025312069163603883,0.05279467077174931,-0.023705500837162802,0.020904657634446332,0.007453702288723763,0.032473268368968765
66,1791618144.6723087,-0.017375631893382343,0.0044613108915441445,-0.04653851677389612,0.049876341306069626,-0.02538166607311679,0.02208807180510076,0.007832504202380915,0.03454649057132735
67,1791618144.6923087,-0.060485983455882346,0.04278162339154415,-0.051328555836396124,0.09013014001371142,-0.026152486432760542,0.022620696139335598,0.007833509612536507,0.03545436945277096
68,1791618144.706275,-0.060485983455882346,0.023621467141544145,0.010941951976103882,0.06585024083169086,-0.02673673670226703,0.023006401085809813,0.0077918024697033106,0.03612284271945355
69,1791618144.726275,-0.06527602251838234,-0.014698845358455856,0.044472225413603884,0.08034173264207434,-0.027636536351885524,0.023489269946893064,0.007824157194540273,0.037104465768583436
70,1791618144.7328196,-0.08443617876838234,0.018831428079044147,0.020522030101103882,0.0889114429529352,-0.027960296804569837,0.023625606124949818,0.007865058567068609,0.037440707905090735
71,1791618144.7528195,-0.12275649126838235,0.07631189682904414,-0.02258832146139612,0.14629727958036157,-0.02911207363468321,0.02412246276628478,0.007968203018431206,0.038638042141973875
72,1791618144.7928133,-0.04611586626838234,0.10984217026654415,-0.03695843864889612,0.12473131795147527,-0.031576328885029696,0.025525363280938993,0.007964908986343998,0.04137690770998013
73,1791618144.8128133,-0.012585592830882343,0.03320154526654415,0.006151912913603881,0.036035895819137104,-0.032711851799984,0.026336253782173136,0.007917299061183977,0.04273578285099467
74,1791618144.8168194,-0.031745749080882346,0.07631189682904414,0.044472225413603884,0.09385668338265217,-0.03291850739270041,0.026507221679645157,0.007924403509375896,0.043000663961345185
75,1791618144.8368194,-0.017375631893382343,0.06194177964154415,0.049262264476103886,0.08102757154308368,-0.03386912710698107,0.02744009988922991,0.00809515265400562,0.04433518184705471
76,1791618144.847366,-0.022165670955882344,0.057151740579044145,0.049262264476103886,0.07864101424481003,-0.03432650489035212,0.027952451226899832,0.008249621345408437,0.04503004241528316
77,1791618144.867366,-0.050905905330882344,0.06194177964154415,0.044472225413603884,0.09168409947181007,-0.03517335000687349,0.028956939936762353,0.008639207857764376,0.0463713794664009
78,1791618144.9063652,-0.050905905330882344,0.03799158432904415,0.049262264476103886,0.08038371961225255,-0.03687475656432962,0.030914140512857596,0.009559099815740308,0.049059230982706606
79,1791618144.9263651,-0.07485610064338234,-0.0003287281709558557,0.05405230353860389,0.09233198461839719,-0.03780505492487094,0.031823792753643304,0.010115059135781215,0.050440959392340064
80,1791618144.9369793,-0.055695944393382345,0.028411506204044146,-0.01300824333639612,0.06386287107038072,-0.03832864195049246,0.032256494407028144,0.010398527154090476,0.051163420450298716
81,1791618144.9569793,-0.08443617876838234,0.03320154526654415,-0.051328555836396124,0.10424217734363878,-0.03937743419894471,0.033041943147908884,0.010756033782946288,0.052517088588589375
82,1791618144.9669726,-0.14670668658088235,0.08589197495404415,-0.01779828239889612,0.17092999182530327,-0.03999611459820282,0.03346479644389568,0.010856062200132788,0.05326758742872722
83,1791618144.9869726,-0.11317641314338235,0.03320154526654415,-0.0034281652113961193,0.11799574321476422,-0.04143839814779588,0.03436276736261955,0.010994384463734078,0.054943763172985896
84,1791618145.0269887,-0.06527602251838234,0.018831428079044147,0.001361873851103881,0.06795172183030311,-0.044426847742191224,0.03604609869353703,0.011223426239449427,0.05830121206188098
85,1791618145.0469887,-0.050905905330882344,0.04757166245404415,0.01573199103860388,0.07142807437021512,-0.04587069697082876,0.0368608292008712,0.011346370328811054,0.059929806353799624
86,1791618145.0567641,-0.07485610064338234,0.06673181870404415,0.03968218635110388,0.10784826074019618,-0.046562754257194125,0.03728311515494932,0.011438075235437753,0.060736729618613775
87,1791618145.076764,-0.050905905330882344,0.052361701516544144,0.05405230353860389,0.09085598770083228,-0.04795492455864094,0.03819613485595548,0.01173815694953968,0.06242118098795719
88,1791618145.08721,-0.022165670955882344,0.04278162339154415,0.025312069163603883,0.054426878601325564,-0.048630223257860275,0.03867600727941523,0.011933554751754548,0.06327038708748223
89,1791618145.10721,-0.031745749080882346,0.057151740579044145,0.010941951976103882,0.06628604942948454,-0.0498100995245052,0.03960687153996198,0.012305934248734374,0.06481655888396373
90,1791618145.146466,-0.07485610064338234,0.08589197495404415,0.044472225413603884,0.12230554361220397,-0.052092446108319444,0.04158106246545987,0.01309035768348515,0.06792617434823059
91,1791618145.166466,-0.07006606158088234,0.057151740579044145,0.03968218635110388,0.09874335598041062,-0.05329820697577153,0.04265055782575171,0.013556286376108138,0.06959555912550043
92,1791618145.177474,-0.060485983455882346,-0.019488884420955855,0.020522030101103882,0.066779671533104,-0.053970095924390234,0.04318200663542174,0.01382397185351053,0.07048800712856153
93,1791618145.197474,-0.03653578814338235,-0.024278923483455856,0.025312069163603883,0.0506461329828516,-0.05515324436841161,0.04393708547979232,0.014306116720033662,0.0719514615586614
94,1791618145.2067766,-0.06527602251838234,0.03320154526654415,0.025312069163603883,0.07748549909015108,-0.055692049499785214,0.04424183991061844,0.014532058537022843,0.07259563004401005
95,1791618145.2267766,-0.08443617876838234,0.057151740579044145,-0.008218204273896119,0.10229041312707692,-0.056901252273153013,0.04493429050711727,0.014970594690778938,0.07403351726769834
96,1791618145.2667265,-0.10359633501838235,0.052361701516544144,-0.01300824333639612,0.11680395031696261,-0.05951771486388126,0.046438111843803774,0.01565157342158717,0.07709622795446762
97,1791618145.2867265,-0.11796645220588235,0.0044613108915441445,0.001361873851103881,0.11805863730070772,-0.06096344895797064,0.04716327134261101,0.015923882560215128,0.07870505897576957
98,1791618145.296744,-0.12275649126838235,-0.0003287281709558557,-0.0034281652113961193,0.12280479032778582,-0.06175983056421891,0.0474751127762953,0.016038265677709575,0.07953231400123967
99,1791618145.316744,-0.07006606158088234,0.04757166245404415,-0.01779828239889612,0.08653955691155557,-0.0634005284608638,0.0480751738859704,0.016200534870345618,0.08119917908063096
100,1791618145.3267283,-0.03653578814338235,0.07152185776654414,0.001361873851103881,0.0803249317087927,-0.06417655332854665,0.048418978062012175,0.01625708286043353,0.08202024248216051
101,1791618145.3467283,-0.03653578814338235,0.03320154526654415,0.044472225413603884,0.0664453554176881,-0.06560748204755054,0.04916145126196534,0.01642211703453109,0.08361145805867816
102,1791618145.3872924,-0.055695944393382345,0.03799158432904415,0.049262264476103886,0.08349951738192993,-0.06835496326196715,0.05065804708483201,0.016991800555184036,0.08676035974511105
103,1791618145.4072924,-0.031745749080882346,0.018831428079044147,0.044472225413603884,0.05779441237213983,-0.06963756702340912,0.051370489562792505,0.017371150707350177,0.08826140048604625
104,1791618145.4162817,-0.0030055147058823425,0.014041389016544146,-0.0034281652113961193,0.014762995660699363,-0.07015101132863975,0.05166483897486721,0.017543752226933,0.08887183591515321
105,1791618145.4362817,-0.04132582720588234,-0.024278923483455856,-0.027378360523896122,0.05519841252012944,-0.07118849731480559,0.052206135179963885,0.017823954094190103,0.09006095735622924
106,1791618145.476803,-0.055695944393382345,-0.009908806295955856,-0.02258832146139612,0.06091350367960195,-0.07327007385850139,0.053034434028727186,0.01815465273253958,0.09225370633105627
107,1791618145.496803,-0.07485610064338234,-0.033859001608455855,0.025312069163603883,0.0859684165190721,-0.07433918800512207,0.053316279573764565,0.018297476740514775,0.09329382721229947
108,1791618145.5068276,-0.07485610064338234,0.018831428079044147,0.044472225413603884,0.08908331673364432,-0.07490723711004618,0.05342505973955607,0.01841079270480894,0.09383117002177507
109,1791618145.5268276,-0.050905905330882344,0.06194177964154415,-0.01779828239889612,0.08212779139286057,-0.07605919778463739,0.05373069270390201,0.018642968817668488,0.09497130720602037
110,1791618145.5364246,0.011364602481617659,0.028411506204044146,-0.06090863396139612,0.06816325671056926,-0.07655751542879347,0.05392038738688488,0.018681016138866902,0.09548529577145524
111,1791618145.5564246,0.011364602481617659,-0.024278923483455856,-0.03216839958639612,0.041873932786767765,-0.07740612835430831,0.05426260640138342,0.018608796740577103,0.09634535005077942
112,1791618145.5964231,0.0017845243566176577,0.03320154526654415,0.03010210822610388,0.04485157806501141,-0.07880927280259044,0.05487112480273942,0.01847982950771229,0.09779184994377108
113,1791618145.6164231,-0.017375631893382343,0.07631189682904414,0.049262264476103886,0.09247804540892185,-0.07942901715954653,0.05529402437912187,0.018544062918997677,0.09854075384587946
114,1791618145.6274269,-0.022165670955882344,0.052361701516544144,-0.008218204273896119,0.057450880203175236,-0.07975147888290439,0.055597988948987986,0.018607975097338973,0.0989832889754898
115,1791618145.6474268,0.011364602481617659,0.014041389016544146,-0.01300824333639612,0.022260484940315448,-0.08026586088111869,0.05616719711516548,0.01867487522279282,0.0997302031450244
116,1791618145.655943,-0.0030055147058823425,-0.05301915785845586,0.010941951976103882,0.05421983522397039,-0.08044669394084035,0.05634831727965382,0.018697768864852946,0.09998204832260259
117,1791618145.675943,-0.012585592830882343,-0.08175939223345587,0.020522030101103882,0.08522997761796874,-0.08083106374680211,0.056507705939502446,0.01879066561462768,0.10039855980653117
118,1791618145.716891,0.030524758731617658,-0.04343907973345586,0.006151912913603881,0.053446801365559474,-0.08144488862860043,0.05640059126859668,0.019034252307285084,0.10087913233206271
119,1791618145.736891,0.04489487591911766,0.04278162339154415,0.025312069163603883,0.06698147526855432,-0.08158659405460977,0.056355135492240305,0.019182575382013532,0.1009962614360902
120,1791618145.7474718,-0.0030055147058823425,0.09547205307904415,0.049262264476103886,0.10747426082131807,-0.08161707499365976,0.056444407140322964,0.019308452907082503,0.10109468028342661
121,1791618145.7674718,0.030524758731617658,0.04278162339154415,0.025312069163603883,0.05833291558787759,-0.08162476945266736,0.056795218928230445,0.01962255990706703,0.10135750953241285
122,1791618145.7794032,0.04968491498161766,-0.033859001608455855,-0.01300824333639612,0.06151615366187068,-0.08155689505951146,0.056981095072461276,0.01979284926655341,0.1014402741000513
123,1791618145.7994032,0.04010483685661766,-0.029068962545955857,-0.03216839958639612,0.05906105700666178,-0.08132550257037771,0.0571515410649361,0.01996771403725279,0.10138464192517074
124,1791618145.837278,0.04489487591911766,-0.06738927504595586,-0.051328555836396124,0.09587223226389638,-0.08071158519351927,0.0571519044260521,0.0200120080498401,0.10090183660450476
125,1791618145.8572779,0.016154641544117658,-0.029068962545955857,-0.01300824333639612,0.03570982248088067,-0.08034445540082237,0.05700738030156914,0.019935384223308532,0.10051115593123684
126,1791618145.8672354,0.011364602481617659,-0.024278923483455856,0.010941951976103882,0.028954216068269888,-0.08016853558560715,0.056906377141889126,0.019901414158430365,0.10030651096943335
127,1791618145.8872354,0.02094468060661766,0.009251349954044145,0.020522030101103882,0.03074769651788622,-0.07981973342929888,0.056711398633333236,0.019890614852895633,0.09991500957763752
128,1791618145.897237,0.03531479779411766,0.009251349954044145,-0.01300824333639612,0.038754829555947015,-0.07962926616192649,0.056642398265125654,0.0198916606572511,0.09972391626092143
129,1791618145.917237,0.05926499310661766,-0.024278923483455856,-0.0034281652113961193,0.06413702402013653,-0.07916365628638705,0.05650257587378176,0.019868783638681768,0.09926829363035532
130,1791618145.9568238,0.06884507123161766,-0.005118767233455856,-0.0034281652113961193,0.06912017019360873,-0.07799993577955419,0.05618005111039151,0.019809937926222203,0.09814592077626842
131,1791618145.9768238,0.04010483685661766,0.014041389016544146,0.020522030101103882,0.047188052134840855,-0.07733676776194091,0.05605493133263788,0.019810308240235244,0.09754783076595944
132,1791618145.9868212,0.07363511029411766,0.057151740579044145,-0.02258832146139612,0.09590976585147418,-0.07696971276479404,0.05605515016596155,0.019808916271802857,0.09725692626793576
133,1791618146.0068212,0.006574563419117658,0.04757166245404415,-0.051328555836396124,0.07029159691629967,-0.07622524118192263,0.056212607234944326,0.019695674094497635,0.09673708794164239
134,1791618146.0178607,-0.03653578814338235,0.014041389016544146,-0.03695843864889612,0.053832616582665416,-0.07590075750588168,0.05633749606106126,0.019569444951779962,0.09652876062665207
135,1791618146.0378606,-0.055695944393382345,-0.005118767233455856,-0.01300824333639612,0.057423465539445925,-0.07553942477921623,0.05654319927901959,0.01930011171655939,0.09631112289322277
136,1791618146.0773776,-0.03653578814338235,0.028411506204044146,0.025312069163603883,0.05275204588813237,-0.0752059305518894,0.05695770616546723,0.018884240075426658,0.09621188494689036
137,1791618146.0973775,-0.08922621783088235,-0.0003287281709558557,0.049262264476103886,0.1019225034618364,-0.07525110583276762,0.057178149081184064,0.018817195569728957,0.0963647057304381
138,1791618146.106374,-0.07485610064338234,0.06194177964154415,0.049262264476103886,0.10893571760450016,-0.07537909097799252,0.057304008235690075,0.018858039128531127,0.0965473063131112
139,1791618146.126374,-0.012585592830882343,0.06194177964154415,0.05405230353860389,0.08316749803796998,-0.07575209729009337,0.05772765996971082,0.01909018983200859,0.0971354637465043
140,1791618146.1369398,-0.022165670955882344,0.057151740579044145,0.07800249885110389,0.09920699696672242,-0.07594713196660581,0.0580122722151558,0.01929908040435094,0.09749792349569286
141,1791618146.1569397,0.011364602481617659,0.03799158432904415,0.03968218635110388,0.05609982694269028,-0.07627713843343188,0.0586129195377156,0.019811705859544282,0.09821496766477478
142,1791618146.1969411,0.016154641544117658,0.10026209214154415,0.020522030101103882,0.10360797886016808,-0.07675560888453334,0.06004883197037491,0.020863819235680668,0.0996623533203031
143,1791618146.216941,-0.0030055147058823425,0.07152185776654414,0.001361873851103881,0.0715979326336408,-0.0769392278826966,0.06091674860944014,0.021343777254453158,0.10042933772468558
144,1791618146.226992,-0.007795553768382342,-0.014698845358455856,0.020522030101103882,0.026419319311786843,-0.07702580419133132,0.06133032003614889,0.02156529156156376,0.10079406960329071
145,1791618146.2469919,0.02094468060661766,0.023621467141544145,-0.008218204273896119,0.03262195943102989,-0.07715251659522818,0.062043222999511476,0.0219584189021966,0.10141027806799671
146,1791618146.2565043,0.04968491498161766,0.057151740579044145,-0.02258832146139612,0.07902622662375007,-0.07715335428436651,0.06238906046487833,0.022095373448290965,0.10165254778331265
147,1791618146.2765043,0.04968491498161766,0.028411506204044146,0.044472225413603884,0.07248160659609726,-0.0770057967448928,0.06313546334531203,0.022372955493667555,0.10206139623611178
148,1791618146.31751,0.04489487591911766,0.014041389016544146,0.11153277228860389,0.12104656039594212,-0.07645776963527161,0.06456681013051534,0.023336489891974708,0.10275823698618285
149,1791618146.3375099,0.04010483685661766,-0.014698845358455856,0.049262264476103886,0.06520141636100649,-0.07610307074703573,0.06515922741784261,0.023977141427265626,0.10301604538052098
150,1791618146.347073,-0.08443617876838234,0.04278162339154415,0.05405230353860389,0.10900177568669012,-0.07599070433427688,0.06542014965985374,0.024311627130488938,0.10317673352296569
151,1791618146.367073,-0.08922621783088235,0.07631189682904414,0.06363238166360388,0.13354363909311928,-0.07605145014103279,0.06606261676775929,0.025082750672785623,0.1038134711107906
152,1791618146.3780713,-0.07006606158088234,-0.009908806295955856,0.044472225413603884,0.08357760621664853,-0.07621123952445889,0.06641769644734899,0.025532365993675442,0.10426583881819411
153,1791618146.3980713,-0.20897719439338236,-0.06738927504595586,0.044472225413603884,0.2240324998766639,-0.07687679031718783,0.06685059578106153,0.026360752544564842,0.10523275307845713
154,1791618146.4367201,-0.13233656939338234,-0.033859001608455855,-0.08006879021139612,0.1583363848098329,-0.07895936270038303,0.067268181792624,0.027618259138119362,0.10734224460833891
155,1791618146.45672,-0.04611586626838234,-0.029068962545955857,-0.16628949333639612,0.17499678082541073,-0.08014307618015694,0.06735746827539581,0.027801845771399533,0.10831843712123101
156,1791618146.4667158,-0.050905905330882344,-0.014698845358455856,-0.17586957146139612,0.18367790672381826,-0.08071867354248485,0.06736258700828361,0.027623327681294788,0.10870267070819839
157,1791618146.4867158,-0.11317641314338235,-0.08654943129595585,-0.10401898552389613,0.17640763560309816,-0.08194373241542818,0.06721942032008212,0.026899884197171476,0.10934728858165803
158,1791618146.4967158,-0.13712660845588234,-0.11049962660845586,0.05884234260110388,0.18567793490344164,-0.08265210952359787,0.06701078782510864,0.026558538266539828,0.10966846788616046
159,1791618146.5167158,-0.08443617876838234,-0.06738927504595586,0.010941951976103882,0.10858411020620409,-0.08418869447137463,0.06638927948564423,0.026082926526504603,0.11034306395784234
160,1791618146.5564003,-0.10359633501838235,0.03320154526654415,0.006151912913603881,0.10896049407846799,-0.08733993859835247,0.06523929274927677,0.02533163962840258,0.11192015975262488
161,1791618146.5764003,-0.12275649126838235,-0.06738927504595586,0.09716265510110389,0.17044369183410688,-0.08902939136519387,0.06469538211435186,0.02516477650740587,0.11289371537178915
162,1791618146.6174026,-0.06527602251838234,-0.13444982192095586,0.17380328010110388,0.22922760284114974,-0.09255166090723539,0.06312687473285945,0.02570726757343757,0.11494205434182185
163,1791618146.6374025,0.030524758731617658,-0.11049962660845586,0.1306929285386039,0.173846397564713,-0.09406415860368922,0.06210913087352544,0.026388934083797607,0.11576694655109344
164,1791618146.6174026,0.06405503216911766,0.028411506204044146,0.044472225413603884,0.08299421464299504,-0.09406415860368922,0.06210913087352544,0.026388934083797607,0.11576694655109344
165,1791618146.6374025,0.030524758731617658,0.009251349954044145,-0.0034281652113961193,0.03207959925423458,-0.0948944795199279,0.06132564291181477,0.02716633952742171,0.11620588076867963
166,1791618146.6776268,0.02573471966911766,-0.038649040670955856,0.020522030101103882,0.05076591238916016,-0.09614421723944044,0.059897555202216624,0.02854691048841404,0.11681760880201593
167,1791618146.6976268,0.04010483685661766,-0.07217931410845586,0.010941951976103882,0.083294523454489,-0.09657363409426545,0.05912776075633439,0.029177576506488032,0.11693540894452523
168,1791618146.706612,-0.031745749080882346,-0.07217931410845586,0.10195269416360389,0.12888753941747366,-0.09673198441608039,0.058736512938588066,0.029494491228812873,0.1169486202317251
169,1791618146.726612,-0.12754653033088234,-0.04822911879595586,0.1354829676011039,0.19222330714375632,-0.09727051845818971,0.05781566689888129,0.030450241116419557,0.11718115157368744
170,1791618146.7372048,-0.07006606158088234,-0.07217931410845586,0.020522030101103882,0.10266576883311081,-0.09766995497707141,0.05730545232029874,0.03100444884050092,0.11740788226844238
171,1791618146.7572048,-0.06527602251838234,-0.09133947035845585,-0.03695843864889612,0.11819384141548074,-0.09851401456943937,0.056241342508281396,0.03186922972736595,0.11782931501598895
172,1791618146.7972162,-0.10359633501838235,-0.033859001608455855,0.010941951976103882,0.10953702082953366,-0.10045608793918306,0.054056135755702096,0.03326170612657716,0.11882690146315587
173,1791618146.8172162,-0.08922621783088235,-0.005118767233455856,-0.03695843864889612,0.09671321478349577,-0.10157046659862955,0.053069221919490206,0.03381431463567138,0.11948351298184867
174,1791618146.827231,-0.012585592830882343,-0.019488884420955855,-0.14233929802389614,0.1442175076917281,-0.10212124927743269,0.052630680524388004,0.03391484846719479,0.11978712381970161
175,1791618146.847231,-0.055695944393382345,-0.029068962545955857,-0.16628949333639612,0.17776174616447785,-0.10315862000183887,0.051813423850799026,0.03362256097322849,0.12023646858680109
176,1791618146.8867955,-0.060485983455882346,0.018831428079044147,-0.17107953239889612,0.18243185928983577,-0.10524770823605695,0.05040883048630684,0.03212998974760762,0.12103911153474631
177,1791618146.9067955,-0.026955710018382345,0.04757166245404415,-0.09443890739889613,0.10912552681171307,-0.10627650281630363,0.04990491423645091,0.03109038965575368,0.12145702056595127
178,1791618146.9167945,-0.07006606158088234,0.04757166245404415,0.07800249885110389,0.11513776913382495,-0.10678645813439876,0.04976212087503934,0.030636275633920927,0.12173001971407586
179,1791618146.9367945,-0.08922621783088235,0.04278162339154415,0.1354829676011039,0.16777133175373482,-0.10789240305069213,0.04965487880760514,0.030184436060928525,0.1225458192096623
180,1791618146.9467485,-0.03653578814338235,0.03799158432904415,0.07800249885110389,0.0941414580411067,-0.10845415421691901,0.04966981174565611,0.030152665059090634,0.12303892463737592
181,1791618146.9667485,0.011364602481617659,0.03799158432904415,0.049262264476103886,0.06323990331040734,-0.10945130256612473,0.04980928973785604,0.030289301640682897,0.1240080431725755
182,1791618147.0403304,0.07363511029411766,-0.0003287281709558557,0.001361873851103881,0.07364843671540879,-0.11210053671575777,0.05045331815602055,0.030995973015304944,0.126778618024015
183,1791618147.0603304,0.05447495404411766,-0.009908806295955856,-0.03216839958639612,0.0640352324292616,-0.11252043695437952,0.05058675481413553,0.031113028915783044,0.12723163546596544
184,1791618147.0403304,0.04489487591911766,-0.014698845358455856,-0.07527875114889612,0.08887348487148572,-0.11252043695437952,0.05058675481413553,0.031113028915783044,0.12723163546596544
185,1791618147.0603304,0.04489487591911766,-0.06259923598345586,-0.09922894646139613,0.12562085036069445,-0.11256243396509576,0.05053584106224845,0.030798845520559524,0.12717209464900178
186,1791618147.0668228,0.0017845243566176577,-0.11528966567095586,-0.08485882927389612,0.14316393555444187,-0.11255129252557057,0.05043517349420505,0.030622516538481456,0.12707965491657858
187,1791618147.0868227,-0.031745749080882346,-0.09612950942095586,-0.03695843864889612,0.10777105990749186,-0.11256706098144711,0.049854451714958246,0.0299780816175855,0.1267102795801136
188,1791618147.1273403,-0.031745749080882346,-0.014698845358455856,-0.04653851677389612,0.05822097717397358,-0.11278715332063963,0.048517662634153316,0.028614633753316018,0.12607022965986617
189,1791618147.1473403,-0.10838637408088235,0.023621467141544145,0.010941951976103882,0.11146885712775285,-0.1130896955972472,0.047970169050974516,0.027989176210056085,0.12599131062884725
190,1791618147.1565206,-0.09401625689338235,0.07631189682904414,0.010941951976103882,0.12158243487830182,-0.11334709540909237,0.04782536349829305,0.027760213118233536,0.12611684607454904
191,1791618147.1765206,-0.11317641314338235,0.10984217026654415,0.006151912913603881,0.15783551214274502,-0.11413453402098879,0.04783644513634427,0.02736186276703949,0.12674260875314594
192,1791618147.1875286,-0.13712660845588234,0.03799158432904415,0.049262264476103886,0.15057834481676755,-0.11470958109214165,0.04796368140252572,0.027221247996531344,0.1272784312855335
193,1791618147.2075286,-0.060485983455882346,0.014041389016544146,0.15464312385110388,0.16664396345072643,-0.1158940601426043,0.04823822512895552,0.027309950667387315,0.12846864576769115
194,1791618147.246443,0.02094468060661766,-0.033859001608455855,0.16901324103860388,0.17363924464822997,-0.11796843360002399,0.04863444413897165,0.02840127095696166,0.13072296154356655
195,1791618147.266443,-0.012585592830882343,-0.038649040670955856,0.19775347541360389,0.20188754921948207,-0.11886209620733058,0.04869877258966389,0.029428169658358767,0.1317793061750655
196,1791618147.2774448,-0.007795553768382342,0.052361701516544144,0.2264937097886039,0.23259819220722186,-0.11929677043820813,0.04874016598189272,0.030258386929731193,0.13237406542264354
197,1791618147.2974448,0.04010483685661766,0.10026209214154415,0.2696040613511039,0.29042595434448554,-0.11991996373070551,0.04903306238557933,0.03228538183380253,0.13351923003161853
198,1791618147.306444,-0.14191664751838234,0.04278162339154415,0.16422320197610388,0.22122355708684577,-0.12022702797139366,0.04924162923087147,0.03335343581078464,0.1341332471258674
199,1791618147.326444,-0.22334731158088236,0.028411506204044146,-0.0034281652113961193,0.2251732390669611,-0.12135499047615486,0.0497424170384587,0.03561226118734064,0.1359028142209386
200,1791618147.3670173,0.011364602481617659,0.09547205307904415,-0.09443890739889613,0.13476933753413753,-0.12394507826817391,0.05098293810593064,0.03920950081959891,0.13963891778203896
201,1791618147.3870173,0.10237534466911766,-0.10570958754595586,-0.12796918083639613,0.1950162540384647,-0.1248596991161885,0.05148735239730857,0.04038310994138686,0.14096697304265243
202,1791618147.397017,0.13590561810661766,-0.27815099379595587,-0.07527875114889612,0.3185988116066303,-0.1250696974180709,0.05141383506252955,0.04072944975694259,0.1412257049038457
203,1791618147.417017,0.08321518841911767,-0.11528966567095586,-0.04653851677389612,0.14960717943221924,-0.1250980221466227,0.0506986921872096,0.041135515753666176,0.14110989756502001
204,1791618147.427072,-0.022165670955882344,0.08589197495404415,0.01573199103860388,0.09009019853718442,-0.12506408718960427,0.05037091286981396,0.04128581214970337,0.14100628728098588
205,1791618147.447072,-0.04611586626838234,0.19606287339154416,0.044472225413603884,0.2062646413650929,-0.12510913595360842,0.050239671991655646,0.04163022278803787,0.14110065907099545
206,1791618147.4866002,0.13590561810661766,0.10026209214154415,0.03489214728860388,0.17245372160655426,-0.1249186239143708,0.05089768216214036,0.04244409887414946,0.1414098234896602
207,1791618147.5066001,0.15027573529411767,-0.033859001608455855,-0.08485882927389612,0.1758699790010944,-0.12440741820123313,0.05128027913922309,0.04271917508753953,0.14118002922599573
208,1791618147.5176063,0.05447495404411766,-0.005118767233455856,-0.06090863396139612,0.08187541808835158,-0.12399928315459771,0.05142706831828156,0.04272751982052147,0.14087656486683778
209,1791618147.5376062,0.006574563419117658,0.16253259995404415,-0.0034281652113961193,0.16270163874002613,-0.12327730595805017,0.05188991855024341,0.04264390393958986,0.14038646784727712
210,1791618147.5472105,0.0017845243566176577,0.26791345932904415,0.03968218635110388,0.27084217199402033,-0.12297658844243545,0.052388901808648525,0.04263588800438464,0.14030558536130625
211,1791618147.5672104,0.05926499310661766,0.34455408432904416,-0.01300824333639612,0.3498557857610081,-0.12235272790231706,0.054190829742777856,0.042661710239646836,0.14045233203446914
212,1791618147.607168,0.09279526654411767,0.2631234202665442,-0.07527875114889612,0.28898405866119276,-0.12083759384973786,0.059071953810365556,0.04244098174237409,0.1410406209062648
213,1791618147.627168,0.16464585248161767,0.17211267807904415,-0.11359906364889613,0.2638859184512225,-0.11980681665307687,0.06180148834714533,0.042063756044728694,0.14121776393590418
214,1791618147.6367111,0.11195542279411766,0.13858240464154414,-0.01779828239889612,0.1790415550245059,-0.11919077411852529,0.06313092457478882,0.04181671260623603,0.14121116006121306
215,1791618147.656711,0.08321518841911767,0.13379236557904414,0.001361873851103881,0.15756592071654382,-0.11780061566666421,0.06590771089599165,0.041351980993937686,0.1411764772868261
216,1791618147.6667094,0.11195542279411766,0.17211267807904415,-0.11359906364889613,0.23465195057884408,-0.1170635435386435,0.06731703840005805,0.04107033925856729,0.14114612871627966
217,1791618147.6867094,0.11674546185661766,0.21043299057904416,-0.15191937614889614,0.2845892535525979,-0.11546726076537486,0.07028711303158175,0.040193191108293135,0.14102644850680032
218,1791618147.7267525,-0.022165670955882344,0.33976404526654413,-0.08006879021139612,0.3497741193838207,-0.11246660719703117,0.07699405739479487,0.03800371585842501,0.14149595410319044
219,1791618147.7467525,0.0017845243566176577,0.47388513901654417,-0.06569867302389612,0.47842097063674954,-0.11122327546569243,0.0810619094802603,0.03685554070349412,0.14247800200188845
220,1791618147.7583709,0.03531479779411766,0.48346521714154417,-0.06569867302389612,0.4891851048080478,-0.11057701379121425,0.08390475356094203,0.03617409633972262,0.14344284190959247
221,1791618147.7783709,0.10237534466911766,0.4307747874540442,-0.04174847771139612,0.4447365108616747,-0.10942487000796265,0.08943575593177937,0.035015837761446164,0.14559761505424548
222,1791618147.78636,0.10237534466911766,0.4020345530790442,-0.027378360523896122,0.4157668429427289,-0.10891098706460074,0.09181276135634237,0.03458114273230435,0.1465845888350283
223,1791618147.80636,-0.04611586626838234,0.41640467026654415,-0.04174847771139612,0.4210254837093494,-0.10773311716413742,0.0980983991300419,0.03355247411633713,0.14951752059576912
224,1791618147.8473542,-0.07485610064338234,0.35413416245404417,-0.10401898552389613,0.3766090680931356,-0.10605290476499571,0.11141864509492883,0.03131210115561247,0.15697700711461618
225,1791618147.8673542,-0.055695944393382345,0.20564295151654416,-0.08485882927389612,0.2293296375003517,-0.10555196075342839,0.11778211933140884,0.030099718290190074,0.16099638845092246
226,1791618147.8763597,-0.11796645220588235,0.10505213120404415,-0.06569867302389612,0.171079951349231,-0.1054775257590168,0.12042749903410277,0.029534006662696843,0.16278989069781052
227,1791618147.8963597,-0.11317641314338235,0.09068201401654415,-0.04653851677389612,0.15230877092804765,-0.1056837270225327,0.12571484596047433,0.02829774378592748,0.16665543782191145
228,1791618147.908098,-0.14191664751838234,0.11463220932904415,0.049262264476103886,0.1889646764869778,-0.10601117326759778,0.12853334128788396,0.027683397051026414,0.16889511287330097
229,1791618147.928098,0.0017845243566176577,-0.005118767233455856,0.16901324103860388,0.1691001536118252,-0.10669559500693729,0.13277949483378748,0.02712108284359541,0.1724815856165792
230,1791618147.967519,0.04968491498161766,0.009251349954044145,0.19775347541360389,0.2041093219107388,-0.10769009994895291,0.13990570845427666,0.027263358538361114,0.17864505479833398
231,1791618147.987519,0.12632553998161766,0.07631189682904414,0.18338335822610388,0.2353956323375128,-0.10785495575239307,0.1431071681769112,0.02789641834624333,0.18135755628182146
232,1791618147.998301,0.15985581341911767,0.09547205307904415,0.2073335535386039,0.2786682551457211,-0.10769907792290442,0.1447131040698872,0.028502462205920932,0.18262903445724557
233,1791618148.018301,0.17422593060661767,0.009251349954044145,0.17380328010110388,0.24626782685851784,-0.10695218322515102,0.14740226800148698,0.03002971620976851,0.18457513907416595
234,1791618148.026416,0.27481675091911767,-0.024278923483455856,0.05884234260110388,0.2820924210148893,-0.10642128625347608,0.14832058777213106,0.030698045848944283,0.18511309230807693
235,1791618148.046416,0.16464585248161767,-0.06259923598345586,-0.08485882927389612,0.1955196716211626,-0.10464993268496572,0.15011403145981428,0.03205908505999527,0.18577840506089502
236,1791618148.0924096,0.10716538373161766,0.052361701516544144,-0.008218204273896119,0.11955628857379276,-0.10024979987268531,0.15358441228924116,0.03439847626012592,0.1866050622083
237,1791618148.1124096,0.11195542279411766,0.03320154526654415,0.09237261603860389,0.1488927785183397,-0.09829475702743566,0.15499546725737057,0.03538938548277563,0.18691672673750132
238,1791618148.1174083,0.13590561810661766,0.014041389016544146,0.07321245978860388,0.15500826399503242,-0.09778649595299067,0.15531294923667444,0.03566197652813728,0.18696547157497154
239,1791618148.1374083,0.06405503216911766,0.07152185776654414,-0.01779828239889612,0.09764835964272685,-0.09575801428216461,0.15652101588269,0.036672150398654686,0.18711833776269518
240,1791618148.146619,-0.03653578814338235,0.10505213120404415,0.03010210822610388,0.11522565254936026,-0.09494493334563779,0.1571159055846747,0.0370760931297844,0.18728209961837908
241,1791618148.166619,-0.050905905330882344,0.22480310776654416,0.10674273322610389,0.2540115342964418,-0.09357543075091981,0.15870864774425014,0.038026898180622465,0.1881245361303732
242,1791618148.2068264,-0.031745749080882346,0.12421228745404415,0.08279253791360389,0.1526141843782811,-0.09148444396437684,0.16248282504447975,0.040223202458391394,0.19075633131803243
243,1791618148.2268264,-0.012585592830882343,-0.07217931410845586,0.01573199103860388,0.07493828176646837,-0.09066685604802023,0.16415662484488394,0.04129960300035034,0.1920248251505074
244,1791618148.2374218,0.016154641544117658,-0.08654943129595585,-0.04653851677389612,0.09958719819628689,-0.09029585875988172,0.16478420591422213,0.041759827507715966,0.19248651854464888
245,1791618148.2574217,0.06884507123161766,-0.06259923598345586,-0.04174847771139612,0.10198648719226407,-0.08957310150997388,0.1655674245250671,0.042365818250995155,0.19295277954477935
246,1791618148.2962377,0.07842514935661767,0.009251349954044145,-0.07048871208639612,0.10585249198379237,-0.0879520501628453,0.16670417874280052,0.04303876467666823,0.19333437770622397
247,1791618148.3162377,0.08321518841911767,0.03320154526654415,-0.08964886833639613,0.1267439536455768,-0.08699962842217263,0.1672657149814176,0.043093284566612815,0.19340058409575708
248,1791618148.3272674,0.016154641544117658,0.06673181870404415,0.006151912913603881,0.06893441885926736,-0.08647096620897304,0.1676116104867803,0.043049770399461666,0.19345325714118097
249,1791618148.3472674,0.03531479779411766,0.10026209214154415,0.06842242072610388,0.1264169676976112,-0.0855789410035814,0.16839522596411285,0.04309456389708954,0.19374686760894855
250,1791618148.3569038,0.07842514935661767,0.10984217026654415,0.06842242072610388,0.15131898122341503,-0.08513141103745553,0.16886800239614588,0.04321181085533795,0.19398716446169947
251,1791618148.3769038,0.07842514935661767,0.12421228745404415,0.07321245978860388,0.16413183930752687,-0.08410662930854954,0.17005312860937918,0.043631103281992996,0.19466808885148013
252,1791618148.4170563,0.08800522748161767,0.07152185776654414,0.07800249885110389,0.1376396964159886,-0.08185665936970711,0.17266497058052543,0.04480199447630198,0.19626747936883626
253,1791618148.4370563,0.04968491498161766,-0.07696935317095586,0.05405230353860389,0.10636974956309374,-0.08069752102574473,0.17376261383142888,0.04549581415763701,0.19691471496842747
254,1791618148.450704,0.006574563419117658,-0.08654943129595585,0.01573199103860388,0.08821294963804405,-0.07996759755620088,0.17423190654345366,0.045969681785884585,0.19714153687179364
255,1791618148.470704,-0.06527602251838234,-0.12965978285845586,-0.08485882927389612,0.16814767114788873,-0.07914644144081077,0.1744921540289224,0.046456251237915726,0.1971543920116344
256,1791618148.4770362,-0.07006606158088234,-0.038649040670955856,-0.11359906364889613,0.13895232488932005,-0.07898972992753077,0.17448225918770877,0.046492945336308995,0.19709142592034806
257,1791618148.4970362,-0.007795553768382342,-0.029068962545955857,-0.06569867302389612,0.07226403586262492,-0.0786857979384628,0.1743541175426585,0.046322511844715065,0.19681612790850128
258,1791618148.5364792,0.11674546185661766,-0.07217931410845586,-0.008218204273896119,0.13750234591005925,-0.07785400922080095,0.17383979458178744,0.04581814626376041,0.1959102433744544
259,1791618148.5564792,0.15985581341911767,0.0044613108915441445,-0.03695843864889612,0.16413320982093474,-0.07708060584113051,0.17351654390566157,0.04553299923764873,0.19525026203664061
260,1791618148.5665545,0.11195542279411766,0.057151740579044145,-0.03695843864889612,0.13102009132796474,-0.07654403888688972,0.17342468522142904,0.045355043446954756,0.19491585697255262
261,1791618148.5865545,0.09279526654411767,0.08110193589154414,0.05884234260110388,0.13656832275874103,-0.07533157020830154,0.17347707349056804,0.045087606616535617,0.19442744859537625
262,1791618148.5965254,0.10716538373161766,0.03320154526654415,0.06363238166360388,0.12898000649175745,-0.07466823575098813,0.17358475191513387,0.045065865342734206,0.19426256393523988
263,1791618148.6165254,0.12632553998161766,0.014041389016544146,0.020522030101103882,0.12874958786975524,-0.0731870414931873,0.17383920357292088,0.04515502885453582,0.19394686997280183
264,1791618148.6562655,0.12153550091911766,-0.05301915785845586,-0.06569867302389612,0.1479804876353012,-0.06994661925329085,0.17415278754562766,0.04517097276152215,0.19303403776303166
265,1791618148.6762655,0.04968491498161766,-0.019488884420955855,-0.06569867302389612,0.0846446869555601,-0.06830360349734584,0.1741781703008042,0.044980697402897826,0.1924231805134445
266,1791618148.6870253,0.016154641544117658,-0.014698845358455856,-0.0034281652113961193,0.022108387888024716,-0.06749913182824249,0.17416218859968194,0.04483790128976705,0.19209122345247462
267,1791618148.7070253,0.06405503216911766,0.0044613108915441445,0.03010210822610388,0.07091605855314986,-0.06610779319422952,0.17412158203934283,0.044652301584829385,0.1915264829983498
268,1791618148.7165346,0.14069565716911767,0.04278162339154415,0.044472225413603884,0.15363370098876158,-0.0653994602138859,0.1741388646633215,0.04463047844502295,0.1912937876375757
269,1791618148.7365346,0.17422593060661767,0.057151740579044145,0.01573199103860388,0.1840339422198933,-0.0636607792397041,0.17431966101024318,0.04468177108147408,0.1908834715084302
270,1791618148.7792275,0.14548569623161767,0.014041389016544146,0.03489214728860388,0.1502687936862544,-0.059482323370651985,0.17487566502170376,0.04493693584854719,0.19010253342291472
271,1791618148.7992275,0.14069565716911767,-0.029068962545955857,0.11153277228860389,0.18187861838085764,-0.05738922281061997,0.17507452019722586,0.045258177663097955,0.18971798323427427
272,1791618148.8071702,0.14548569623161767,-0.05301915785845586,0.09716265510110389,0.18280508869917836,-0.05651218881184922,0.17509274660648377,0.04549093737979612,0.18952710302803913
273,1791618148.8271701,0.17422593060661767,-0.04822911879595586,-0.04174847771139612,0.18553613714528855,-0.0541554757967118,0.17497988494695185,0.04607224219378485,0.1888741040894159
274,1791618148.838661,0.11674546185661766,-0.024278923483455856,-0.08964886833639613,0.14918407617311896,-0.052753787968091256,0.17486227950777408,0.04624288867969135,0.18840961677440873
275,1791618148.858661,0.016154641544117658,-0.009908806295955856,-0.06090863396139612,0.06378885934607267,-0.0504807246780801,0.1746370077472579,0.04626951391328541,0.18758266432885437
276,1791618148.8986359,0.016154641544117658,-0.029068962545955857,-0.01300824333639612,0.03570982248088067,-0.04652206840228531,0.17413742541845784,0.046093136844584576,0.186044948988059
277,1791618148.9186358,0.07363511029411766,-0.08654943129595585,-0.03216839958639612,0.11810054808353052,-0.04470390137928864,0.17375154253823644,0.04595036474742122,0.18520116995679806
278,1791618148.927376,0.09758530560661766,-0.12965978285845586,-0.056118594898896125,0.17170861322212494,-0.04391629078845827,0.17346647497673146,0.045839457507478795,0.18471739063241818
279,1791618148.947376,0.08321518841911767,-0.07217931410845586,-0.027378360523896122,0.11350857057408847,-0.04211315880986117,0.1726092497539037,0.04549849354296991,0.1834055183472672
280,1791618148.9579718,0.13590561810661766,-0.029068962545955857,0.03010210822610388,0.1422022451865513,-0.0411270370603588,0.17214276201721643,0.045347114535576695,0.18270447309516766
281,1791618148.9779718,0.21733628216911766,0.018831428079044147,0.049262264476103886,0.22364358459813719,-0.039015033098841675,0.17137896907704483,0.04522328729174911,0.18148848327948108
282,1791618149.0178626,0.18859604779411768,0.03799158432904415,0.06363238166360388,0.20263491732565378,-0.03421995642549716,0.1702540692183521,0.04535111468205145,0.17948308306376656
283,1791618149.0378625,0.12153550091911766,0.018831428079044147,0.06363238166360388,0.13847231009606079,-0.03171127345676203,0.1698599125281315,0.04559648699787873,0.17870935726721685
284,1791618149.0470917,0.13590561810661766,0.04757166245404415,0.025312069163603883,0.14619884044316625,-0.03054906814977185,0.16975127171939172,0.04575429834429884,0.17844381645814816
285,1791618149.0670917,0.19338608685661768,0.06194177964154415,-0.0034281652113961193,0.20309287277399352,-0.02791437050474522,0.16971542737687836,0.04607780973376122,0.1780609528230526
286,1791618149.1100886,0.16464585248161767,0.057151740579044145,-0.01779828239889612,0.17518948897397876,-0.021945235631999557,0.17003397529138875,0.0466005341788687,0.1776647289309065
287,1791618149.1300886,0.08800522748161767,0.009251349954044145,0.001361873851103881,0.08850063412456313,-0.01920620003763046,0.1702595263882034,0.04678255287355291,0.17761135014178453
288,1791618149.1371028,0.03531479779411766,0.023621467141544145,0.001361873851103881,0.042508391566193,-0.018324799438796294,0.1703440581612406,0.04683824679589318,0.1776139571886884
289,1791618149.1571028,0.04010483685661766,0.057151740579044145,-0.03695843864889612,0.07899775679014245,-0.016075483995499712,0.17067009132654873,0.04691983328153554,0.17773061642347707
290,1791618149.1667924,0.05447495404411766,-0.014698845358455856,-0.03695843864889612,0.06745000267119898,-0.015080467127181585,0.17083520536815858,0.04689971447137043,0.17779671284770984
291,1791618149.1867924,0.06884507123161766,-0.04343907973345586,0.001361873851103881,0.08141530680014887,-0.013149767739501331,0.1710376849154091,0.04681102198229506,0.17781472895081696
292,1791618149.1968014,0.08321518841911767,-0.029068962545955857,-0.0034281652113961193,0.08821294963804388,-0.012214328681091137,0.1710693864384544,0.04677174240264414,0.17776816556666797
293,1791618149.2168014,0.10716538373161766,-0.014698845358455856,-0.008218204273896119,0.10848047938087362,-0.01033995114144831,0.17105757859635545,0.04668755802274761,0.17761570273763322
294,1791618149.2573595,0.11195542279411766,-0.038649040670955856,-0.01300824333639612,0.11915107818435272,-0.0064425131689725855,0.17087494850613083,0.04647787982063039,0.17720030280878815
295,1791618149.2773595,0.08800522748161767,0.014041389016544146,0.020522030101103882,0.09145072109653271,-0.004508955945329336,0.17076148740811428,0.046401263580660504,0.17701099832335399
296,1791618149.2873483,0.11195542279411766,0.018831428079044147,0.03968218635110388,0.12026352435426789,-0.0035383126729449234,0.170737947438504,0.046413840688630956,0.1769695198602135
297,1791618149.3073483,0.17422593060661767,0.023621467141544145,0.03968218635110388,0.18024240488648818,-0.001457096372184824,0.17076156387911426,0.046554292203546545,0.17699982189497213
298,1791618149.3174002,0.17901596966911767,-0.005118767233455856,-0.008218204273896119,0.1792776005418754,-0.0003016739808498019,0.17078560217179706,0.046638014962972305,0.17703931019991148
299,1791618149.3374002,0.12153550091911766,-0.005118767233455856,-0.02258832146139612,0.1237227223596964,0.0021032145657218556,0.17081089968296725,0.04673339797685526,0.17710109386584066
300,1791618149.3772075,0.06405503216911766,-0.04822911879595586,0.001361873851103881,0.08019320261971985,0.006725925172008576,0.17069442560724618,0.04683139557206854,0.1771299088636211
301,1791618149.3972075,0.07363511029411766,0.009251349954044145,0.025312069163603883,0.07841184725117839,0.008906619867655643,0.17058621797174198,0.04691325698107051,0.1771435556827895
302,1791618149.4077485,0.10237534466911766,0.023621467141544145,0.025312069163603883,0.10807120685632578,0.0100227011329644,0.1705637302243384,0.046989952216585334,0.1772018516137983
303,1791618149.4277484,0.09758530560661766,-0.009908806295955856,0.010941951976103882,0.09869550458655703,0.0121226068559979,0.17054803198116456,0.047168023779248565,0.17736519184122113
304,1791618149.4383137,0.14069565716911767,-0.019488884420955855,-0.01779828239889612,0.14314979363790267,0.013254329642286013,0.1705176884650608,0.04724254940973256,0.17743679947650356
305,1791618149.4583137,0.07842514935661767,0.023621467141544145,-0.02258832146139612,0.0849629921081538,0.01540400036131645,0.17047506333261847,0.0473018844527876,0.1775851872149718
306,1791618149.4973524,0.04010483685661766,0.0044613108915441445,-0.0034281652113961193,0.04049757462964362,0.01931765869708476,0.1704865656241407,0.04732415621159771,0.1779843160421479
307,1791618149.5173523,0.07363511029411766,-0.04822911879595586,0.025312069163603883,0.09159081948101765,0.021192531137901198,0.1704259228245502,0.04736668061595465,0.1781508377168188
308,1791618149.5264285,0.08800522748161767,-0.029068962545955857,0.03968218635110388,0.10081964372677178,0.02202576582820374,0.17034991325904494,0.04742732595141383,0.17819533819543276
309,1791618149.5464284,0.08321518841911767,0.009251349954044145,0.025312069163603883,0.08747031442120529,0.02384328277973191,0.17017781748608077,0.04763840872061123,0.17832108591939452
310,1791618149.5574586,0.09758530560661766,-0.019488884420955855,0.001361873851103881,0.09952167194484154,0.02484487521144273,0.17008867261949176,0.04775942732244183,0.17840512121545282
311,1791618149.5774586,0.11195542279411766,-0.05780919692095586,-0.01300824333639612,0.12666938989493232,0.026702862411813726,0.1698353335680909,0.047928474330529255,0.17847751130274414
312,1791618149.61713,0.10237534466911766,-0.04343907973345586,-0.0034281652113961193,0.11126282919702699,0.03047320804101087,0.16910694482718724,0.04816458966503831,0.1784533633605643
313,1791618149.63713,0.06884507123161766,0.0044613108915441445,0.025312069163603883,0.07348637950736576,0.03234570564010064,0.16873634933542234,0.048298595552091775,0.1784683573990254
314,1791618149.6469586,0.10716538373161766,-0.009908806295955856,0.03968218635110388,0.11470518657043967,0.03325761986875224,0.16857753063773476,0.048402481788602195,0.1785140144597807
315,1791618149.6669586,0.14069565716911767,-0.038649040670955856,0.044472225413603884,0.15253457025957587,0.035206703706938534,0.16822999314392997,0.04870840013601401,0.1786430822140195
316,1791618149.7070196,0.10237534466911766,0.018831428079044147,0.044472225413603884,0.11319502070698713,0.03925552714955905,0.16757873439447135,0.04949649513116513,0.17909084751408152
317,1791618149.7270195,0.09758530560661766,0.018831428079044147,-0.051328555836396124,0.11185765596544212,0.04127359614380152,0.16735886535359962,0.04982064071799808,0.1794285255822991
318,1791618149.737087,0.08800522748161767,0.009251349954044145,-0.06090863396139612,0.10742611056492181,0.04227719438084907,0.16728599469317512,0.049874586325515745,0.17960912990809358
319,1791618149.757087,0.05926499310661766,-0.009908806295955856,-0.01300824333639612,0.06147957583488282,0.04419278205342139,0.1671619586354183,0.04985480402127572,0.17994894799484187
320,1791618149.768228,0.12632553998161766,-0.033859001608455855,-0.01300824333639612,0.13142978519448165,0.04525488001403286,0.16706665662174366,0.0498236983413041,0.18011572068050413
321,1791618149.788228,0.10237534466911766,-0.024278923483455856,-0.03216839958639612,0.11002264882098682,0.04721857081130475,0.16683402986368412,0.049708469737858745,0.1803721677912046
322,1791618149.8272152,0.05926499310661766,-0.014698845358455856,-0.027378360523896122,0.06691763659735504,0.05094496212717864,0.16633460515422663,0.04934342409855793,0.18082412322398328
323,1791618149.8472152,0.05926499310661766,-0.009908806295955856,0.025312069163603883,0.06520141636100614,0.05274761477208888,0.1660799242713695,0.049181149951748424,0.18106252406476853
324,1791618149.8567781,0.10716538373161766,-0.019488884420955855,0.07321245978860388,0.13124138202036803,0.05359962836222678,0.1659553305005985,0.04918586145315554,0.18119972640437598
325,1791618149.8767781,0.12632553998161766,0.028411506204044146,0.05884234260110388,0.14222438967777434,0.05546447947783311,0.16574722546272655,0.04939231905137899,0.1816261336196201
326,1791618149.8877795,0.08321518841911767,0.0044613108915441445,-0.01300824333639612,0.08434385142498035,0.0565092973757877,0.1656770477367752,0.049526667670334916,0.18192052013779725
327,1791618149.9077795,0.09758530560661766,-0.07696935317095586,-0.027378360523896122,0.12726644421397468,0.05839501696313778,0.16545984268904285,0.049673691857865646,0.18235792610028811
328,1791618149.946957,0.11674546185661766,-0.06738927504595586,0.006151912913603881,0.13493948009322929,0.06216461137055066,0.1646740125426218,0.04985612458676065,0.18294152746861428
329,1791618149.966957,0.07842514935661767,-0.029068962545955857,0.020522030101103882,0.08612004618308439,0.06409307087794054,0.16418833760178603,0.049975296743723134,0.18320278989039973
330,1791618149.976939,0.07842514935661767,-0.0003287281709558557,0.06363238166360388,0.1009935250894864,0.06502860553040808,0.16396029147071556,0.05008885452079124,0.18335918319952346
331,1791618149.996939,0.11674546185661766,-0.014698845358455856,0.006151912913603881,0.11782786152469768,0.06691465710226296,0.16354936796724634,0.05038692951890894,0.18375203336002208
332,1791618150.0069375,0.11195542279411766,-0.06259923598345586,-0.051328555836396124,0.138156801073896,0.06788761531737474,0.16331678524857007,0.05047971566815293,0.18392743773386552
333,1791618150.0269375,0.05926499310661766,0.0044613108915441445,-0.02258832146139612,0.0635804605931871,0.06979871130680255,0.16283413125312116,0.050526599479290515,0.18422744544716918
334,1791618150.0670233,0.08321518841911767,-0.005118767233455856,0.001361873851103881,0.08338359588075989,0.07348290312441394,0.16200988223248858,0.05054265705820606,0.18493647334985128
335,1791618150.0870233,0.10716538373161766,-0.005118767233455856,0.01573199103860388,0.1084348504419768,0.07533090262085876,0.16164497017768475,0.05057510768974141,0.18536904485713585
336,1791618150.1027808,0.08800522748161767,-0.005118767233455856,0.01573199103860388,0.08954673296173506,0.07679915824054688,0.16138849078754516,0.05063402444997453,0.18576372115442435
337,1791618150.1227808,0.10716538373161766,-0.029068962545955857,0.001361873851103881,0.1110462910422017,0.07867593580633646,0.1610605074381891,0.050723227343030704,0.1862880450360208
338,1791618150.127081,0.10716538373161766,-0.033859001608455855,0.006151912913603881,0.11255530859432106,0.07908805016633884,0.16098027196320774,0.05074195289515571,0.18639826561445216
339,1791618150.147081,0.11674546185661766,0.014041389016544146,0.001361873851103881,0.11759471999207795,0.08105315937360053,0.16063334452497885,0.05082725272377603,0.1869654931723216
340,1791618150.187232,0.12153550091911766,0.023621467141544145,0.001361873851103881,0.12381722979442814,0.08512401282121666,0.16015475458768283,0.05098101252904718,0.1884003891034051
341,1791618150.207232,0.09758530560661766,0.0044613108915441445,0.010941951976103882,0.09829812550733273,0.08717629305760197,0.15999424373624535,0.05106457015137382,0.18922329250053377
342,1791618150.217233,0.08321518841911767,-0.033859001608455855,-0.0034281652113961193,0.08990523839169383,0.08818420851250026,0.15990396976898996,0.05110572139968026,0.1896247055070618
343,1791618150.237233,0.08800522748161767,-0.009908806295955856,-0.01300824333639612,0.08951155735993506,0.09015433177224819,0.15968486700966172,0.05115101726149077,0.19037722252433267
344,1791618150.2467396,0.12153550091911766,0.014041389016544146,0.010941951976103882,0.1228322632789209,0.09109973409426185,0.1595992883166467,0.051167845114530236,0.190759646563129
345,1791618150.2667396,0.10237534466911766,-0.005118767233455856,0.01573199103860388,0.10370346434015429,0.09312617827142813,0.15945963953088654,0.05123794773208111,0.19163817210190032
346,1791618150.306735,0.07842514935661767,-0.009908806295955856,0.025312069163603883,0.08300234538349884,0.09711308277359339,0.15917718590869465,0.051480226804142146,0.19343872702074902
347,1791618150.326735,0.08321518841911767,-0.009908806295955856,0.006151912913603881,0.08402855501754505,0.09905016937707248,0.15902740313246697,0.051630403000279795,0.19433566197343763
348,1791618150.336768,0.14548569623161767,-0.0003287281709558557,-0.02258832146139612,0.14722916876982048,0.10004822971229106,0.15895583260137652,0.05168207002529585,0.19480154349660522
349,1791618150.356768,0.13590561810661766,-0.0003287281709558557,-0.03216839958639612,0.1396612008651731,0.10216145470212289,0.1588335755179825,0.051687480922850894,0.19579750566039045
350,1791618150.3662994,0.08321518841911767,-0.033859001608455855,-0.01300824333639612,0.09077672591721717,0.10317414021842601,0.1587596109915483,0.05165737773722448,0.19626003660115188
351,1791618150.3862994,0.06405503216911766,-0.009908806295955856,0.01573199103860388,0.06669877907755273,0.10520122915567383,0.15856203928565116,0.05160777256357025,0.1971613073279394
352,1791618150.4267707,0.09279526654411767,-0.038649040670955856,-0.01300824333639612,0.10136036815480663,0.10916398344070743,0.15807481952627933,0.051530717574447084,0.1988965527671263
353,1791618150.4467707,0.14548569623161767,-0.014698845358455856,-0.027378360523896122,0.14876733004207196,0.11118596024130858,0.15779014102019964,0.05143777076347338,0.19976458800065636
354,1791618150.4577134,0.13111557904411766,-0.019488884420955855,0.010941951976103882,0.13300690958403252,0.11235331836746817,0.1576296890366696,0.051381055048082304,0.20027580940251594
355,1791618150.4777133,0.09758530560661766,-0.05780919692095586,0.020522030101103882,0.11526469033686522,0.11450991389536683,0.15726447249069125,0.051340140504347195,0.2011975266127937
356,1791618150.4877064,0.08800522748161767,-0.04343907973345586,0.03489214728860388,0.10416014427116754,0.11556492980375394,0.1570334791462385,0.05136429570385514,0.2016260336525811
357,1791618150.5077064,0.11195542279411766,0.028411506204044146,0.03968218635110388,0.12213069348610042,0.11765963846604982,0.15661797742334907,0.051517249348578494,0.20255124871643188
358,1791618150.5467894,0.09758530560661766,0.04278162339154415,0.025312069163603883,0.10951648284936814,0.12175322191713857,0.15613650000919252,0.05196182263307667,0.2047009640760783
359,1791618150.5667894,0.08800522748161767,0.009251349954044145,-0.0034281652113961193,0.08855653480562625,0.1238121986337134,0.1560051205536577,0.05218802506276491,0.20588989321826157
360,1791618150.5777724,0.13590561810661766,-0.04822911879595586,-0.03695843864889612,0.14887011493291877,0.12495772350050778,0.1559116886415446,0.05226034384871688,0.20652852310679368
361,1791618150.5977724,0.20296616498161768,-0.04822911879595586,-0.01779828239889612,0.20937547822878047,0.1272391274239695,0.1556223831586384,0.05229014723011067,0.20770744133259614
362,1791618150.6077735,0.17901596966911767,-0.005118767233455856,0.020522030101103882,0.1802611241894252,0.12849536015611815,0.15545939802499398,0.05230485822951193,0.20836141727861557
363,1791618150.6277735,0.11674546185661766,-0.014698845358455856,0.020522030101103882,0.1194433448897735,0.13107434297223206,0.15515262993323578,0.05239142997916667,0.20975624876523669
364,1791618150.6673129,0.12632553998161766,-0.033859001608455855,0.03968218635110388,0.13667205257539827,0.13612894109877,0.15449313376249904,0.05271543978676713,0.2125514868833951
365,1791618150.6873128,0.09758530560661766,-0.005118767233455856,0.05405230353860389,0.11167249064186145,0.13863803736327288,0.15415111602285939,0.052995349779411144,0.21398967048265538
366,1791618150.6972263,0.08800522748161767,0.014041389016544146,0.010941951976103882,0.08978756585770974,0.13983316241138566,0.15401365053896224,0.05316160573058974,0.21470834680133238
367,1791618150.7172263,0.09758530560661766,0.0044613108915441445,-0.056118594898896125,0.11265918452853449,0.1421609977006535,0.1538056730773905,0.053378943397269035,0.2161370998608133
368,1791618150.7281022,0.11195542279411766,-0.014698845358455856,-0.08964886833639613,0.14417694802525793,0.14340790956281668,0.15370118938009358,0.05336050106417788,0.21688067506316122
369,1791618150.7481022,0.09758530560661766,-0.07696935317095586,-0.06090863396139612,0.13840894078395236,0.14567124552608646,0.15340037065344916,0.053105838151899946,0.2181100995725616
370,1791618150.7866085,0.05926499310661766,-0.0003287281709558557,0.025312069163603883,0.0644449246681295,0.14982821458838455,0.15268484083264824,0.0525862758901479,0.2202872463826013
371,1791618150.8066084,0.09279526654411767,0.014041389016544146,0.006151912913603881,0.09405300702797512,0.15189154893393877,0.1523895133145784,0.05240409228729923,0.22144930637566007
372,1791618150.8172517,0.09279526654411767,0.04278162339154415,-0.0034281652113961193,0.10223982154584577,0.1529730204652024,0.152301283957387,0.05232385788078649,0.2221130617249796
373,1791618150.8372517,0.13111557904411766,0.04278162339154415,0.03010210822610388,0.14116550317887958,0.15503627318196214,0.15228870384508422,0.05223571387910142,0.22350987701984695
374,1791618150.846905,0.08800522748161767,-0.0003287281709558557,0.020522030101103882,0.09036692893847986,0.15604140090498161,0.15231427852633062,0.052236203174828404,0.22422573260334724
375,1791618150.866905,0.06884507123161766,-0.009908806295955856,0.006151912913603881,0.0698260288688527,0.15804675497841794,0.15234396049792268,0.05227707572478716,0.22565538262079154
376,1791618150.9062898,0.07842514935661767,-0.033859001608455855,-0.008218204273896119,0.08581651894021738,0.16183844776627362,0.15226435977040273,0.05233938700219422,0.2282882604591243
377,1791618150.9262898,0.08321518841911767,-0.019488884420955855,0.01573199103860388,0.08690270272920943,0.16371754571194563,0.15214997934028932,0.052377553569966026,0.22955709334535523
378,1791618150.9372382,0.09279526654411767,-0.014698845358455856,0.03489214728860388,0.1002221506967161,0.16473643325980888,0.1520686845588652,0.05243688186281002,0.23024466084172596
379,1791618150.9572382,0.11674546185661766,-0.014698845358455856,0.001361873851103881,0.11767503396801332,0.1666328054344685,0.15189835889018793,0.052583383902684466,0.23152670589621163
380,1791618150.9667559,0.13111557904411766,0.0044613108915441445,-0.08006879021139612,0.1536951838180424,0.16757681999715274,0.15182215411741523,0.05258646119281636,0.23215790527568492
381,1791618150.9867558,0.07363511029411766,-0.04822911879595586,-0.03695843864889612,0.09546781423718421,0.16957009716021904,0.15162038932855249,0.0524164170180871,0.23343144836135934
382,1791618151.026739,0.006574563419117658,-0.05780919692095586,0.06363238166360388,0.08622185412632,0.1731977612756828,0.1509595543231145,0.052207452143768415,0.23560957028882684
383,1791618151.0467389,0.030524758731617658,-0.019488884420955855,0.10674273322610389,0.11271906940786917,0.17479582019260792,0.15056263352812072,0.05237416690104751,0.2365707901037414
384,1791618151.0565417,0.07842514935661767,0.028411506204044146,0.03968218635110388,0.09237095674503953,0.17554170498968236,0.15040382833005583,0.052551276898472436,0.23706083284819846
385,1791618151.0765417,0.09758530560661766,-0.009908806295955856,-0.04174847771139612,0.10660211866453066,0.17709922898815716,0.15015618341099074,0.05285532047093979,0.23812748943967085
386,1791618151.1172514,0.11674546185661766,-0.06738927504595586,-0.056118594898896125,0.14601408818590372,0.1804484041711617,0.1494917079299987,0.0530825554361914,0.2402647602112788
387,1791618151.1372514,0.10716538373161766,-0.11049962660845586,-0.01300824333639612,0.15447912915876993,0.18218285267603848,0.14894739641824314,0.05307375636025471,0.241231719148084
388,1791618151.147521,0.12153550091911766,-0.005118767233455856,-0.01300824333639612,0.12233680622098178,0.183116021124055,0.14862077414671848,0.05304987741377141,0.24173105136471698
389,1791618151.167521,0.11195542279411766,0.06673181870404415,-0.01300824333639612,0.1309823145132882,0.1850109895702312,0.14817251525697878,0.052971324399741386,0.2428788211186773
390,1791618151.1761858,0.09279526654411767,0.06673181870404415,-0.01300824333639612,0.1150361313468171,0.18584188368024485,0.1480941742300791,0.052925489590944806,0.24345471369261243
391,1791618151.1961858,0.16464585248161767,0.03320154526654415,-0.03695843864889612,0.17197827053104472,0.18785821657281607,0.14809037306065445,0.05276061409793463,0.244959487522231
392,1791618151.2364995,0.13590561810661766,-0.038649040670955856,0.006151912913603881,0.14142818463878962,0.19222159591631038,0.14806738972431607,0.05238498275847955,0.24822828254449977
393,1791618151.2564995,0.05926499310661766,-0.024278923483455856,0.07321245978860388,0.0972721429893517,0.19435435482836816,0.1479633059731775,0.052345628377447585,0.24981357041900912
394,1791618151.2754588,0.04968491498161766,0.057151740579044145,0.03489214728860388,0.0833808981143437,0.19622778960052129,0.1479261817547712,0.05246763672946852,0.2512774434047504
395,1791618151.2954588,0.09279526654411767,0.052361701516544144,0.01573199103860388,0.10770424699490833,0.19812133898328863,0.1480571640528824,0.05265297256682062,0.25287412739945475
396,1791618151.2973928,0.06405503216911766,0.03320154526654415,0.001361873851103881,0.07216123928162126,0.19829973531066936,0.14808034171942858,0.05267068619740648,0.2530311716222528
397,1791618151.3173928,0.05447495404411766,0.03320154526654415,-0.0034281652113961193,0.0638875225917529,0.20004560348961975,0.14838367400623229,0.05282328656275814,0.25461001117474785
398,1791618151.3564057,0.11674546185661766,0.009251349954044145,-0.027378360523896122,0.12026913554633871,0.2034413260791159,0.1490108299885173,0.052986166716993376,0.25768223546464547
399,1791618151.3764057,0.10237534466911766,-0.04343907973345586,-0.04653851677389612,0.12055496002954164,0.2052497025568219,0.1492328334097561,0.05294626698789843,0.2592319157725794
400,1791618151.3866937,0.04010483685661766,-0.029068962545955857,-0.01300824333639612,0.05121149204517475,0.20615033555941562,0.14927395507323477,0.05288287493295212,0.25995629050984714
401,1791618151.4066937,0.09279526654411767,-0.019488884420955855,0.03489214728860388,0.10103583548116404,0.2078378995877429,0.14926906817835078,0.05281095115656851,0.26127924483574905
402,1791618151.416825,0.13590561810661766,-0.029068962545955857,0.049262264476103886,0.14745206786530188,0.20873831506986146,0.14923006718979137,0.05284392688117219,0.2619804911437053
403,1791618151.436825,0.12632553998161766,-0.005118767233455856,0.01573199103860388,0.12740423608215032,0.21064251979217993,0.14911334366663487,0.05299675001570579,0.263464828612986
404,1791618151.4778106,0.08321518841911767,-0.024278923483455856,-0.0034281652113961193,0.08675244103690331,0.21460354422535635,0.14881965813177492,0.053300771913265155,0.2665388229265912
405,1791618151.4978106,0.10237534466911766,-0.033859001608455855,0.010941951976103882,0.10838297605754059,0.2165248818452975,0.14861063656190507,0.053438144660333226,0.2679995915336316
406,1791618151.5366004,0.09758530560661766,-0.038649040670955856,0.01573199103860388,0.10613263285700998,0.22027406530855959,0.14805510806935043,0.05374221335510312,0.2707936564421184
407,1791618151.5566003,0.05447495404411766,-0.05780919692095586,0.020522030101103882,0.0820400974293985,0.22214527149688168,0.14766695510097502,0.053929855389617545,0.27214422753305223
408,1791618151.5376017,0.03531479779411766,-0.005118767233455856,0.006151912913603881,0.03621025757608312,0.22214527149688168,0.14766695510097502,0.053929855389617545,0.27214422753305223
409,1791618151.5576017,0.08321518841911767,-0.005118767233455856,-0.027378360523896122,0.08775274347048069,0.223789494602121,0.14729092521648776,0.054067596363413434,0.273312384501542
410,1791618151.5960407,0.10237534466911766,0.023621467141544145,-0.01300824333639612,0.10586736655239225,0.22701064112672675,0.14672996196891575,0.054176186703025236,0.27567838531493183
411,1791618151.6160407,0.07842514935661767,0.014041389016544146,0.020522030101103882,0.08227282890840894,0.2287064205066851,0.1465383655276184,0.054235482355176876,0.27698665473048567
412,1791618151.6271546,0.05447495404411766,0.023621467141544145,0.03968218635110388,0.07141547620531222,0.22961818338779835,0.1464792603211932,0.05431367278160745,0.27772406971233876
413,1791618151.6471546,0.03531479779411766,0.06194177964154415,0.044472225413603884,0.08403390887992433,0.23114751595936844,0.1465171967359373,0.054559505690322384,0.2790577050266059
414,1791618151.657359,0.08321518841911767,0.023621467141544145,0.03010210822610388,0.09159081948101772,0.23190147653457174,0.14659913272016803,0.05472319294293711,0.27975744561868215
415,1791618151.6773589,0.09758530560661766,-0.009908806295955856,0.020522030101103882,0.10021092770760258,0.2334287453882297,0.146756203787082,0.05507182553926915,0.2811748005987489
416,1791618151.7168238,0.06884507123161766,-0.038649040670955856,0.025312069163603883,0.08291015030148466,0.23648298789238972,0.1468759281414249,0.05579223677912315,0.28391814932253784
417,1791618151.7368238,0.07363511029411766,-0.029068962545955857,0.010941951976103882,0.07991783508436913,0.23801235823572692,0.14682592388347662,0.05615694323065205,0.28523908720611757
418,1791618151.7474673,0.09279526654411767,0.014041389016544146,0.006151912913603881,0.09405300702797512,0.23883702140875934,0.14679130860777623,0.05633556298818918,0.285944936544412
419,1791618151.7674673,0.07842514935661767,-0.019488884420955855,0.001361873851103881,0.08082187431610012,0.24041102038883908,0.14672784915811724,0.056632128725766666,0.2872868226128407
420,1791618151.776845,0.09279526654411767,-0.038649040670955856,-0.03695843864889612,0.10710105520088614,0.24115876728218183,0.1466616670992078,0.05672528991608227,0.28789747159265566
421,1791618151.796845,0.09758530560661766,-0.033859001608455855,-0.03216839958639612,0.10818562655088904,0.24279985795325454,0.1464329299033334,0.05679048292618172,0.2891704219542242
422,1791618151.8367336,0.15506577435661767,-0.029068962545955857,-0.04174847771139612,0.16319722531812417,0.246337789150924,0.14585690083321412,0.056679869379555076,0.2918375395272489
423,1791618151.8567336,0.08321518841911767,0.014041389016544146,0.01573199103860388,0.08584534775502918,0.24820302808381986,0.1455888637926173,0.05659370270788303,0.2932638873038939
424,1791618151.866962,0.02573471966911766,-0.005118767233455856,0.049262264476103886,0.05581440921260369,0.24909743962406716,0.1454791909631969,0.056606104454549236,0.2939693529810402
425,1791618151.886962,0.04010483685661766,-0.009908806295955856,0.05405230353860389,0.06803112448972208,0.2506827449940253,0.14527436919449277,0.05678168833524805,0.2952467461510771
426,1791618151.8970776,0.09758530560661766,-0.0003287281709558557,0.03968218635110388,0.10534550700505019,0.25146875223588705,0.14517854643682904,0.05692828808578103,0.29589554521986666
427,1791618151.9170775,0.07842514935661767,-0.019488884420955855,0.044472225413603884,0.09223935982442397,0.25305370556056006,0.14498778347440464,0.05730089029748349,0.2972221850461969
428,1791618151.9570546,0.04968491498161766,-0.04822911879595586,0.03968218635110388,0.07980798575436378,0.2561306943621583,0.14446063443246146,0.0581862701429537,0.2997623217287646
429,1791618151.9770546,0.08800522748161767,-0.04822911879595586,-0.027378360523896122,0.10402183707713554,0.25764569833221984,0.1440917806019457,0.058581227734722505,0.3009576504245139
430,1791618151.98727,0.11195542279411766,-0.06259923598345586,-0.07048871208639612,0.14636030735934139,0.25845665519697414,0.14384672630149595,0.058677720308605144,0.30155397219051844
431,1791618152.00727,0.07363511029411766,-0.09612950942095586,-0.01779828239889612,0.12239195605059741,0.26008458068544904,0.14320083050032129,0.058705866404647575,0.302649707940761
432,1791618152.0173216,0.04010483685661766,-0.09612950942095586,0.006151912913603881,0.10434139424651237,0.2608657562195868,0.1427799744184058,0.05870911034689395,0.3031234459764887
433,1791618152.0373216,0.07363511029411766,-0.04343907973345586,0.03010210822610388,0.09063785101033937,0.26235756043734654,0.14185883200273092,0.05876897777419986,0.3039888328285093
434,1791618152.0762725,0.17422593060661767,-0.009908806295955856,0.006151912913603881,0.17461587949109697,0.2655511977057683,0.14017811220788448,0.05897399281334151,0.3060151525226853
435,1791618152.0962725,0.14548569623161767,-0.04343907973345586,0.010941951976103882,0.1522260416917402,0.2674246157617715,0.13936454657001007,0.05908911163532222,0.30729452495911347
436,1791618152.1070561,0.12632553998161766,-0.06738927504595586,-0.01300824333639612,0.14376602810666247,0.2685030497031469,0.1389020488911353,0.059140200175326674,0.3080344626219989
437,1791618152.1270561,0.13111557904411766,-0.038649040670955856,-0.027378360523896122,0.13940809889613984,0.2705893145545425,0.138013884378301,0.0591601591572189,0.30946136085752557
438,1791618152.138389,0.14069565716911767,-0.033859001608455855,0.006151912913603881,0.14484317715608103,0.27182520172164953,0.13752446777538427,0.05915173051848024,0.3103237772895417
439,1791618152.158389,0.15027573529411767,-0.06259923598345586,0.020522030101103882,0.164081122263869,0.27411554374490693,0.13664563403071703,0.059179098064368905,0.3119511600714683
440,1791618152.1971784,0.12153550091911766,-0.04822911879595586,0.03968218635110388,0.1366440697472781,0.2786820291178967,0.13487441514554344,0.059399360543921344,0.31525079737749656
441,1791618152.2171783,0.14069565716911767,-0.024278923483455856,0.06363238166360388,0.15631319223900442,0.281076706587375,0.13398938978774214,0.05965086560282746,0.3170417911393754
442,1791618152.2291718,0.17901596966911767,-0.009908806295955856,0.03968218635110388,0.18362891317107166,0.2825849047923085,0.13350752231120155,0.05987199487970663,0.3182187026260865
443,1791618152.2491717,0.13590561810661766,-0.04822911879595586,0.044472225413603884,0.15091111213563638,0.2851950731306415,0.13273729537182052,0.060311664730624485,0.32030128976199446
444,1791618152.2580938,0.09758530560661766,-0.04822911879595586,0.020522030101103882,0.11077045404638368,0.2863410640605339,0.13238068756200988,0.06052187436575295,0.32121449015175707
445,1791618152.2780938,0.13111557904411766,0.028411506204044146,0.08758257697610389,0.16021615568547345,0.288867662328621,0.13167148807212575,0.06108456018576451,0.3232850609035599
446,1791618152.3172584,0.28918686810661764,0.023621467141544145,0.1450630457261039,0.32439220957132586,0.2943077431820879,0.1306438678725403,0.06270450719951796,0.32804987903178073
447,1791618152.3372583,0.3801976102941177,-0.13444982192095586,0.11632281135110388,0.41971177482715327,0.2976731712998766,0.13003157084521805,0.06379974900224007,0.331040683754957
448,1791618152.3471131,0.28918686810661764,-0.14881993910845587,0.1450630457261039,0.3561175454774624,0.29957745905245775,0.12956575564086414,0.06445166094275316,0.332697994591784
449,1791618152.367113,0.16943589154411767,0.03799158432904415,0.19775347541360389,0.2631697529377944,0.30355037874700413,0.128595960064121,0.06609046408647178,0.3362256724663182
450,1791618152.3776467,0.15985581341911767,0.06194177964154415,0.2073335535386039,0.26903135053743177,0.3055891106532198,0.12824075383179104,0.06714414487797292,0.33814010658980703
451,1791618152.3976467,0.13590561810661766,-0.13923986098345587,0.1259028894761039,0.23175334624998611,0.309323033380159,0.1275515444337071,0.06934451980648779,0.34169986522402856
452,1791618152.4372613,0.33708725873161766,-0.08175939223345587,-0.06569867302389612,0.35302795052896513,0.31701487002949075,0.12573456292805404,0.07322799971377143,0.3488121959975078
453,1791618152.4572613,0.40414780560661767,-0.12486974379595586,-0.12796918083639613,0.4419321361207514,0.32142754607870666,0.12464489195034874,0.07460402939864924,0.35272904285018514
454,1791618152.4670858,0.31792710248161765,-0.04343907973345586,-0.008218204273896119,0.3209861913259417,0.32380207745710365,0.12406589183355919,0.07507823182338681,0.3547913073564779
455,1791618152.4870858,0.22691636029411766,-0.10091954848345586,-0.02258832146139612,0.24937125355918188,0.32872814494723746,0.12284747327100096,0.07585256477575653,0.3590366367831862
456,1791618152.5282104,0.04010483685661766,-0.13923986098345587,-0.06569867302389612,0.15909887637280426,0.3381614931821756,0.11997719152157774,0.07693363370054779,0.3669693528770134
457,1791618152.5482104,-0.050905905330882344,0.04757166245404415,0.06363238166360388,0.0943586469931655,0.34204482705822375,0.11865317898841557,0.0773774240139328,0.3702168369325997
458,1791618152.5571713,0.07842514935661767,-0.009908806295955856,0.06363238166360388,0.10147792119471662,0.3435422557456334,0.11817425254357394,0.0776319687823242,0.37150122210303743
459,1791618152.5771713,0.12632553998161766,-0.05301915785845586,0.1402730066636039,0.1960757240203759,0.34669017721485856,0.11717128172795782,0.07842072749304323,0.37426327463375386
460,1791618152.5902915,0.22212632123161766,-0.07696935317095586,0.2264937097886039,0.3264410888433799,0.34878836442293965,0.11648410683827488,0.07922144886264633,0.37616207711920785
461,1791618152.6102915,0.15027573529411767,0.08589197495404415,0.3366646082261039,0.3785542053811183,0.35206561593587016,0.115607109150398,0.08110369082007061,0.3793323216851594
462,1791618152.646925,0.14069565716911767,0.10505213120404415,0.2935542566636039,0.3420604037623803,0.3579674976882654,0.11476631083247127,0.08576573395092892,0.38557463171665646
463,1791618152.666925,0.15027573529411767,0.22001306870404416,0.2887642176011039,0.3929037037055465,0.361142756750403,0.11486373084100884,0.08880265892998113,0.3892347359229788
464,1791618152.6772182,0.09758530560661766,0.3301839671415442,0.3749849207261039,0.5090756670669182,0.3627231632823233,0.11533109700326795,0.09064361223724614,0.3912615743424447
465,1791618152.6972182,0.05447495404411766,0.40682459214154415,0.3175044519761039,0.5189247020656163,0.3655614006524355,0.1172084952957612,0.09472280294734223,0.3954053343275327
466,1791618152.7067256,0.16464585248161767,0.5696859202665442,0.2935542566636039,0.6616830102811005,0.36686448031972047,0.11866339443034477,0.09680678301652687,0.39754509346236316
467,1791618152.7267256,0.06405503216911766,0.6175863108915441,0.3749849207261039,0.7253479091572376,0.3695375365813271,0.12304577106094897,0.101535905224811,0.402501916477923
468,1791618152.7664216,0.07842514935661767,0.5122054515165442,0.3414546472886039,0.6205612014699756,0.37447138992241263,0.13380280819581303,0.11164729864875278,0.41303405749050875
469,1791618152.7864215,0.19817612591911768,0.4499349437040442,0.2743941004136039,0.5630340600639204,0.3769992366468544,0.13985276765121982,0.11690132126288766,0.41875188353609333
470,1791618152.7963533,0.23170639935661766,0.4307747874540442,0.2360737879136039,0.5431257739683899,0.3783864589874849,0.14306249540439514,0.11949929479659216,0.4218095202734322
471,1791618152.8163533,0.28439682904411767,0.5840560374540442,0.3031343347886039,0.7168636105875359,0.3815350820472211,0.15007873973290253,0.12475498348493605,0.4285515754922885
472,1791618152.82736,0.2604466337316177,0.5122054515165442,0.3606148035386039,0.6784024691262438,0.38345771237560905,0.1542657611258951,0.12776141438729635,0.43262075914399845
473,1791618152.84736,0.24128647748161766,0.36371424057904417,0.3318745691636039,0.5483137265042758,0.3871798662378983,0.16204660800382695,0.13344366187735568,0.4404254339621871
474,1791618152.8870912,0.28918686810661764,0.20564295151654416,0.2073335535386039,0.4109808640517161,0.3950457502993517,0.1768817891063289,0.14464534977408264,0.4563667268308463
475,1791618152.9070911,0.3706175321691177,0.21522302964154416,0.10195269416360389,0.44053678562230114,0.3994010649920155,0.18386067907293888,0.14990219221556972,0.46453915578447424
476,1791618152.917082,0.38498764935661767,0.17211267807904415,0.06363238166360388,0.4264825249747723,0.4018165866555735,0.1871142584243462,0.15225840229963206,0.46866932488489754
477,1791618152.937082,0.4903685087316177,0.09547205307904415,0.049262264476103886,0.5019989621265287,0.40723973019362714,0.19305173569554482,0.15643693354165797,0.47705941420242176
478,1791618152.9467428,0.5909593290441177,-0.17277013442095587,-0.07527875114889612,0.6202816604629274,0.4102498505121453,0.19543354457034148,0.1581337088377254,0.4811501637320097
479,1791618152.9667428,0.7059202665441177,-0.22067052504595586,-0.06569867302389612,0.7425195074736264,0.41749208093491025,0.19903465651268196,0.1609080607366263,0.4896997408070631
480,1791618153.007147,0.6340696806066177,-0.06738927504595586,0.010941951976103882,0.6377345847363501,0.4339889357043554,0.20434551822236022,0.1655062062285219,0.5074404314119265
481,1791618153.027147,0.7873509306066176,-0.27815099379595587,-0.16628949333639612,0.8514350585164203,0.44306206162154127,0.20606173579688242,0.16720783963290847,0.5164531837859643
482,1791618153.0368028,0.8735716337316177,-0.6326138844209559,-0.24772015739889613,1.1066584849918388,0.4479881888146061,0.2061064605874093,0.16760631902488418,0.5208312285091321
483,1791618153.0568027,0.8208812040441177,-0.5895035328584559,-0.14712933708639614,1.0212773414881011,0.4592028733724601,0.20435202929503957,0.1677156136813835,0.5298637163111354
484,1791618153.0674841,0.8352513212316177,-0.4841226734834559,-0.12796918083639613,0.9738560693674759,0.4656206213185235,0.20269550189382127,0.16754484642580297,0.5347516293092354
485,1791618153.0874841,0.8544114774816177,-0.5559732594209559,-0.24293011833639613,1.047921886611029,0.47836928964853825,0.19849891076597015,0.16671671312109054,0.5440895673398118
486,1791618153.127445,0.7969310087316177,-0.6709341969209559,-0.36747113396139613,1.1046659058606072,0.5049700204313624,0.18769455876280514,0.163480850698451,0.562983088084095
487,1791618153.147445,0.9166819852941177,-0.7379947437959559,-0.3195707433363961,1.219453797414974,0.5188568100014908,0.18098482476234984,0.16107370169819926,0.5726365631514827
488,1791618153.1571548,0.9502122587316177,-0.7044644703584559,-0.3004105870863961,1.2204179806422288,0.525946991640119,0.17716547660217538,0.15962885367789417,0.5774852509298276
489,1791618153.1771548,0.9645823759191177,-0.6086636891084559,-0.2908305089613961,1.1770611841852698,0.5412326742084884,0.16850886968198037,0.15621235228448557,0.5879883891699076
490,1791618153.1870794,1.0124827665441176,-0.5942935719209559,-0.47764203239889613,1.2674573418026922,0.549151771081988,0.16396211013866396,0.15419926712205337,0.593488546835224
491,1791618153.2070794,1.2040843290441177,-0.9391763844209559,-0.5351225011488961,1.6180937685250174,0.5660412798628509,0.15387373985286162,0.14923189795794334,0.6052685500612192
492,1791618153.2467752,1.0508030790441176,-1.025397087545956,-0.45848187614889613,1.5381261095350207,0.6012482794774567,0.13100505767096088,0.13789345618162538,0.6306159084321356
493,1791618153.2667751,1.1992942899816177,-0.963126579733456,-0.5063822667738962,1.6193648763248654,0.6197010711098953,0.11822859869519084,0.13159039275352433,0.6444559337528104
494,1791618153.2798667,1.1849241727941178,-1.1259879078584558,-0.37705121208639614,1.6775165216626353,0.6323090430797621,0.10906864579867112,0.12721600417849815,0.6541365355764377
495,1791618153.2998667,1.0268528837316178,-1.140358025045956,-0.36268109489889616,1.576826194198877,0.651998723096,0.09377452009990173,0.12042606683806337,0.6696255917397924
496,1791618153.306821,1.0651731962316178,-1.351119743795956,-0.40579144646139614,1.7677061967608652,0.6589094401492765,0.08795462204504813,0.11801838663858621,0.6751488765018387
497,1791618153.326821,1.2424046415441177,-1.293639275045956,-0.5926029698988962,1.8889812458584088,0.6792639281248414,0.06976085035698347,0.11063526515797441,0.6917414417184317
498,1791618153.367106,1.2136644071691176,-1.1259879078584558,-0.45848187614889613,1.7178578790545043,0.721533706026738,0.031300557791249926,0.09481884728313618,0.7284100683343313
499,1791618153.387106,1.1274437040441176,-1.3606998219209558,-0.15191937614889614,1.7736157441830265,0.7428829674576112,0.011340507993095078,0.08722880910747312,0.7480725737510203
500,1791618153.397128,1.1609739774816177,-1.427760368795956,-0.2525101964613961,1.8574503079250397,0.7536966392426946,0.0007426971962398946,0.08369189596354969,0.7583294198795345
501,1791618153.417128,1.4052659696691177,-1.3175894703584559,-0.49201214958639616,1.988187720827736,0.7758885666375696,-0.021351742966982563,0.07657566371429105,0.7799505093529425
502,1791618153.427105,1.1418138212316178,-1.3559097828584559,-0.45369183708639615,1.8297722329966764,0.7872042138686318,-0.032720649175360834,0.07285062242700102,0.7912447967620319
503,1791618153.447105,1.1034935087316178,-1.4325504078584559,-0.47764203239889613,1.8703049232631541,0.8098533628307515,-0.05627527678749104,0.06510637372187403,0.8144128043965161
504,1791618153.4870317,1.4627464384191178,-1.806173454733456,-0.5973930089613961,2.3997433402027712,0.855971084687254,-0.10594325377659963,0.048746040945730984,0.8638788383502227
505,1791618153.5070317,1.3861058134191178,-2.127106071920956,-0.7889945714613962,2.6586428870746865,0.8798803219270639,-0.1329907548764716,0.03970057349832398,0.8907592589096018
506,1791618153.5185409,1.0076927274816176,-2.103155876608456,-0.6548734777113961,2.422306451740127,0.8936416004244191,-0.1498722998058515,0.034029737645195575,0.9067607398329578
507,1791618153.5385408,1.1226536649816177,-2.2133267750459558,-0.6692435948988962,2.5704189646719438,0.9171636311003372,-0.18128241599386513,0.023667283692647277,0.9352072395352361
508,1791618153.5471568,1.4340062040441177,-2.3330777516084558,-0.8273148839613962,2.8607823240350614,0.9274290151004447,-0.19572202066125063,0.018905696837935304,0.9480448896517675
509,1791618153.5671568,1.4004759306066177,-2.237276970358456,-0.5590726964613961,2.6980184125082243,0.9519351396352886,-0.23106801539544908,0.007431134228998904,0.9796061247088941
510,1791618153.607118,1.0843333524816177,-2.055255485983456,-0.23814007927389613,2.3359290719809307,1.0010022542432804,-0.3039629011475441,-0.014445982724013135,1.046234985407687
511,1791618153.6271179,1.2040843290441177,-2.031305290670956,-0.34831097771139613,2.3869103025777294,1.0253086812829575,-0.34110319132450856,-0.024632475275226433,1.0808404312775064
512,1791618153.6371648,1.3334153837316178,-2.222906853170956,-0.6931937902113962,2.683249726401585,1.0375994939813078,-0.36016759476500604,-0.02976686516494075,1.0987353969408755
513,1791618153.6571648,1.1034935087316178,-2.4959390797334557,-0.6213432042738961,2.7988349703136945,1.0620515564184982,-0.3995038318774103,-0.04042632695715976,1.135425518511424
514,1791618153.66668,1.1561839384191177,-2.510309196920956,-0.4393217198988961,2.7984669262257147,1.0735525816366855,-0.4189840980356402,-0.045493953226606015,1.1533137126236364
515,1791618153.68668,1.4387962431066177,-2.4719888844209557,-0.5830228917738961,2.919037404044503,1.0979927493051922,-0.46126092980959366,-0.056081276315138706,1.192264581562633
516,1791618153.729195,1.5058567899816178,-2.428878532858456,-0.6500834386488962,2.9308128695841296,1.1515428688377858,-0.5532775952705797,-0.07914333137518806,1.2800120089673832
517,1791618153.749195,1.3573655790441177,-2.5486295094209557,-0.6836137120863962,2.9673694409051286,1.1772501484726294,-0.5975374611681941,-0.090365425196799,1.3233045150868177
518,1791618153.7868497,1.3861058134191178,-2.596529900045956,-0.6884037511488962,3.0227729938622265,1.2261379478609202,-0.6828980052044492,-0.11219911897962184,1.40796043800833
519,1791618153.8068497,1.5106468290441177,-2.6204800953584555,-0.6069730870863962,3.085026110216589,1.2525545049064601,-0.7292613378364817,-0.12399946576737854,1.4546789178836401
520,1791618153.7879426,1.5441771024816178,-2.6013199391084556,-0.6165531652113961,3.087310505110222,1.2525545049064601,-0.7292613378364817,-0.12399946576737854,1.4546789178836401
521,1791618153.8079426,1.3669456571691176,-2.5246793141084556,-0.7410941808363961,2.9650913398427075,1.2799020441451732,-0.777105625904727,-0.13612167988242593,1.5035197066063963
522,1791618153.8465662,1.4244261259191178,-2.5007291187959555,-0.7650443761488962,2.9779067835095168,1.3328790774656163,-0.8701996266419216,-0.1603832687156629,1.5998552491513889
523,1791618153.8665662,1.3813157743566178,-2.5007291187959555,-0.7458842198988962,2.9526297877611754,1.3604052790316656,-0.9186766946143576,-0.1733282839752457,1.6506701931247771
524,1791618153.878338,1.3669456571691176,-2.438458610983456,-0.8177348058363961,2.9126124080984694,1.3766032523541947,-0.9472908875529017,-0.1811852748059966,1.6808404575805032
525,1791618153.898338,1.3525755399816177,-2.553419548483456,-0.9326957433363962,3.0363355103762584,1.4040742408745739,-0.9961008376109869,-0.19515730400734715,1.732549487282899
526,1791618153.9376185,1.2280345243566178,-2.639640251608456,-0.9805961339613962,3.072025102251505,1.4575373943672776,-1.0928840216063205,-0.22411909534538332,1.8354945136283547
527,1791618153.9576185,1.1226536649816177,-2.649220329733456,-0.7650443761488962,2.9772491505493375,1.4842014871887501,-1.1427036387602194,-0.23927178952848233,1.8883528933632363
528,1791618153.967366,1.1992942899816177,-2.6779605641084556,-0.6931937902113962,3.015011974717552,1.4969450939856292,-1.1672368842063894,-0.24661515034124792,1.9141853595295626
529,1791618153.987366,1.1657640165441177,-2.5917398609834557,-0.7171439855238961,2.930941272910925,1.5227179659449297,-1.2179282498614963,-0.26153772842362244,1.967338610664453
530,1791618153.998258,0.9981126493566177,-2.448038689108456,-0.5878129308363962,2.708255218002175,1.5364163604797556,-1.245511194324073,-0.2695116767885752,1.996123721581863
531,1791618154.018258,0.8975218290441177,-2.529469353170956,-0.38663129021139614,2.7116866332252183,1.560639649594115,-1.2960276724762498,-0.2834187228723257,2.0483188267904064
532,1791618154.0572352,1.0076927274816176,-2.5677896656709556,-0.18065961052389612,2.7643491630075507,1.6063357487284236,-1.3946104944656266,-0.30811451949592056,2.1494621480828098
533,1791618154.0772352,1.0891233915441176,-2.553419548483456,-0.19502972771139612,2.782836277483316,1.629411442535521,-1.4452894554769464,-0.3194491889700041,2.2013384663681617
534,1791618154.086823,1.1274437040441176,-2.3330777516084558,-0.31478070427389615,2.610262054396504,1.6404082295370024,-1.4694539322660192,-0.3244344401947175,2.226093377324781
535,1791618154.106823,1.0076927274816176,-2.318707634420956,-0.3291508214613961,2.5495470166698397,1.6631092402572558,-1.5192774311372648,-0.3342396429380794,2.277246670148732
536,1791618154.1172566,1.0124827665441176,-2.409718376608456,-0.2525101964613961,2.625952285634736,1.6747564238153703,-1.5450708571749328,-0.33904274390693107,2.303693342222022
537,1791618154.1372566,1.0939134306066176,-2.428878532858456,-0.24293011833639613,2.6749042157499994,1.6968932166417368,-1.5943549609665446,-0.3476117797430634,2.3541980119903916
538,1791618154.1770117,1.0603831571691178,-2.280387321920956,-0.43453168083639615,2.5521356859768014,1.7407187221466467,-1.6916663702940973,-0.36410991040110774,2.4544679270400263
539,1791618154.1970117,1.0364329618566177,-2.237276970358456,-0.5638627355238961,2.5293364171323045,1.7626045016726455,-1.740054933498069,-0.37266239195923506,2.5046842234677853
540,1791618154.2069545,1.0412230009191177,-2.347447868795956,-0.48722211052389613,2.613817556628819,1.7734020587145158,-1.7639212629218424,-0.37706020019843733,2.5295350320195915
541,1791618154.2269545,1.1370237821691178,-2.400138298483456,-0.4297416417738961,2.690383766628796,1.7951309103069204,-1.8118488908913504,-0.3859549443415642,2.579583805117653
542,1791618154.2359564,1.2136644071691176,-2.309127556295956,-0.37705121208639614,2.635757762202422,1.8050310853792872,-1.8333646897591034,-0.3899026364417798,2.602188957540415
543,1791618154.2559564,1.1034935087316178,-2.270807243795956,-0.49680218864889614,2.573145133282485,1.8272030387970524,-1.880866604854245,-0.398668527843899,2.652407722304084
544,1791618154.2965074,0.9310521024816177,-2.366608025045956,-0.6405033605238961,2.6225819561244914,1.8716022643764356,-1.976836076694649,-0.4172347245169037,2.754062585614784
545,1791618154.3165073,0.9118919462316177,-2.4528287281709558,-0.5830228917738961,2.681013126352654,1.8929799573379102,-2.0242980574154337,-0.42685343187541913,2.8041682539467487
546,1791618154.327509,0.9789524931066177,-2.428878532858456,-0.49680218864889614,2.6654476783059615,1.9045356518317667,-2.0505177450887424,-0.4322418147877817,2.8317330485893453
547,1791618154.347509,1.0268528837316178,-2.371398064108456,-0.5255424230238962,2.6370723277307166,1.9254005645533747,-2.098233605010084,-0.44210162197388475,2.8818753337589063
548,1791618154.3570662,0.9118919462316177,-2.328287712545956,-0.49201214958639616,2.5484400227070667,1.9352652253354015,-2.1209836992243027,-0.4468358884400313,2.90576765347226
549,1791618154.3770661,0.9454222196691177,-2.409718376608456,-0.38663129021139614,2.6172599379081745,1.9555979906695211,-2.1685575040241547,-0.45657494387757613,2.9555821471830135
550,1791618154.4210734,0.9885325712316178,-2.395348259420956,-0.3291508214613961,2.6121313503661163,2.0000097173446982,-2.2733947174713633,-0.4771524899403724,3.065295566426869
551,1791618154.4410734,0.9310521024816177,-2.352237907858456,-0.34831097771139613,2.553664372993451,2.0200453045700173,-2.321014618016989,-0.4861177705456793,3.115124777020051
552,1791618154.448422,0.8496214384191177,-2.289967400045956,-0.3099906652113961,2.462092909378687,2.027284082677739,-2.338445445112625,-0.4892805620463609,3.1333054942094156
553,1791618154.468422,0.9118919462316177,-2.328287712545956,-0.37226117302389616,2.5280524074741204,2.046672418604609,-2.38569700544222,-0.4976206878593537,3.1824588826626545
554,1791618154.4774978,1.1130735868566177,-2.357027946920956,-0.4489017980238961,2.645000260225575,2.0555293655364086,-2.4071123785280735,-0.5013966433875273,3.20480725932869
555,1791618154.4974978,1.0987034696691178,-2.428878532858456,-0.42495160271139615,2.699478487836232,2.0754369292568495,-2.4544042555083627,-0.5097801449280656,3.254445343363987
556,1791618154.5364318,1.0364329618566177,-2.433668571920956,-0.4297416417738961,2.6798533320040465,2.114612604297685,-2.546856825109615,-0.5261480400467689,3.351849924132511
557,1791618154.5564318,0.9406321806066177,-2.395348259420956,-0.48243207146139616,2.618248056750601,2.1346837103251928,-2.5944684662129767,-0.5346631120222533,3.4020590542579607
558,1791618154.5667174,0.9454222196691177,-2.280387321920956,-0.5303324620863962,2.524924163567003,2.14491251775779,-2.6188883373718017,-0.5391666508927615,3.427816580549639
559,1791618154.5867174,1.0124827665441176,-2.371398064108456,-0.5063822667738962,2.627750583885242,2.1647554636082114,-2.6662269766744138,-0.548165134554125,3.4778466790686346
560,1791618154.5977178,0.9885325712316178,-2.519889275045956,-0.45369183708639615,2.74460833014772,2.1756832795099874,-2.6923940628859513,-0.5531641702365243,3.505506257566276
561,1791618154.6177177,0.9071019071691176,-2.443248650045956,-0.4489017980238961,2.644581377120077,2.195414549015351,-2.7402773149798363,-0.5622435571583887,3.555992494731604
562,1791618154.6597874,0.9310521024816177,-2.347447868795956,-0.46806195427389613,2.5683557984221763,2.2364931159220998,-2.8410065178201735,-0.5813703909263986,3.662132032479108
563,1791618154.6797874,0.9454222196691177,-2.294757439108456,-0.46327191521139616,2.5247486499078113,2.255907311065862,-2.888673601015483,-0.5904963751186014,3.712443795985654
564,1791618154.6872091,0.8831517118566177,-2.323497673483456,-0.46806195427389613,2.5293636310101806,2.2630488512988003,-2.906279597574097,-0.5938933369977394,3.731026735145513
565,1791618154.707209,0.9358421415441177,-2.371398064108456,-0.48243207146139616,2.594623285936081,2.282135525007447,-2.9536496717260516,-0.6031000498066688,3.780994394053664
566,1791618154.7173035,0.9597923368566177,-2.395348259420956,-0.49201214958639616,2.6269698454950556,2.291759095852255,-2.977580839671534,-0.6077875780398481,3.8062518506031795
567,1791618154.7373035,0.8639915556066177,-2.380978142233456,-0.46327191521139616,2.5749095497466814,2.310701822491496,-3.025047796782661,-0.6171147679719268,3.856304931165869
568,1791618154.7775419,0.8496214384191177,-2.313917595358456,-0.46327191521139616,2.5081252150071105,2.3482678764924954,-3.1203912220785686,-0.6358616981350136,3.956706142455704
569,1791618154.7975419,0.9023118681066177,-2.323497673483456,-0.47285199333639616,2.5370055485968668,2.3667667484267163,-3.1676282012174872,-0.6451861196417983,4.0064595831713
570,1791618154.807138,0.9358421415441177,-2.361817985983456,-0.48243207146139616,2.585870340210306,2.375634171086937,-3.190265156520637,-0.6496764712204479,4.030323684395959
571,1791618154.827138,0.8783616727941177,-2.352237907858456,-0.43453168083639615,2.5482072492343537,2.394064553312909,-3.23743872281454,-0.6590067960968735,4.08005447594885
572,1791618154.8372455,0.8448313993566177,-2.289967400045956,-0.4489017980238961,2.481774286852288,2.4032879809006182,-3.2612221543794266,-0.6636845216847881,4.105099292791897
573,1791618154.8572454,0.9645823759191177,-2.304337517233456,-0.46327191521139616,2.5406714507560895,2.4215151192051114,-3.308115312953444,-0.672920317284333,4.154537778110828
574,1791618154.8969812,0.9550022977941177,-2.342657829733456,-0.4297416417738961,2.566077351655253,2.458017332256816,-3.401156110158473,-0.691178823428584,4.2529331357663445
575,1791618154.9169812,0.9118919462316177,-2.318707634420956,-0.42495160271139615,2.5275553169359317,2.476434246502132,-3.447953372173235,-0.7002723155926447,4.302498152226779
576,1791618154.9274418,0.8975218290441177,-2.3330777516084558,-0.47764203239889613,2.544983131530583,2.4860415436215093,-3.472407878574993,-0.7050231954814703,4.328403486040621
577,1791618154.9474418,0.9118919462316177,-2.313917595358456,-0.45848187614889613,2.5290249485658616,2.5043688826016237,-3.5191204074644484,-0.7141482338809605,4.377908135437671
578,1791618154.956807,0.8687815946691178,-2.357027946920956,-0.3914213292738961,2.542355769520225,2.5129141747700547,-3.5409935419976186,-0.7183771043860413,4.4010724350248065
579,1791618154.9768069,0.9454222196691177,-2.299547478170956,-0.4201615636488961,2.5215625150636995,2.531147336908921,-3.587683650483445,-0.7272709433615657,4.450517255572138
580,1791618155.0168471,0.9837425321691177,-2.304337517233456,-0.5063822667738962,2.5561971291414958,2.567968254383423,-3.680962343612345,-0.7451881286275637,4.549642851659961
581,1791618155.036847,0.8496214384191177,-2.318707634420956,-0.4297416417738961,2.5065792549245116,2.5863514400748433,-3.7275004558786335,-0.754199454068238,4.599161905898668
582,1791618155.049203,0.8065110868566177,-2.347447868795956,-0.4010014073988961,2.514313774904241,2.5975395725187442,-3.756262709161045,-0.7597013384145578,4.629672504035637
583,1791618155.069203,0.8639915556066177,-2.428878532858456,-0.43453168083639615,2.614335502033106,2.615438742710795,-3.8030003206361913,-0.7685245158601242,4.679098330566439
584,1791618155.0772543,0.8687815946691178,-2.361817985983456,-0.42495160271139615,2.552165653478972,2.6226099068025084,-3.821886097396551,-0.7720626745659169,4.699039991124738
585,1791618155.0972543,0.8496214384191177,-2.261227165670956,-0.4201615636488961,2.4518443308981834,2.6403289430173644,-3.868696715037856,-0.7808009289523828,4.748452515392019
586,1791618155.1361961,0.8352513212316177,-2.256437126608456,-0.4201615636488961,2.442476001012922,2.674575396767268,-3.9593641902097128,-0.797717288605171,4.844199749829417
587,1791618155.156196,0.7346605009191177,-2.304337517233456,-0.41537152458639615,2.4540234205030735,2.6918804766398097,-4.005786033376549,-0.8063553868020324,4.89313307151296
588,1791618155.1667888,0.8017210477941177,-2.222906853170956,-0.35789105583639613,2.390012034320788,2.7008916350059695,-4.0302813696902975,-0.8108584937650881,4.918889614519613
589,1791618155.1867888,0.8783616727941177,-2.270807243795956,-0.34831097771139613,2.459553883106474,2.7178735614978553,-4.07633394716291,-0.8191447306022144,4.967326568160701
590,1791618155.1964076,0.7298704618566177,-2.189376579733456,-0.4201615636488961,2.3457656401576106,2.7259759230251146,-4.098377740341484,-0.8230865062033387,4.990502603158646
591,1791618155.2164075,0.7586106962316177,-2.160636345358456,-0.48243207146139616,2.340209458338184,2.7425285785395195,-4.143862469682048,-0.8314070030354792,5.0382831179323215
592,1791618155.2578905,0.8065110868566177,-2.309127556295956,-0.46327191521139616,2.4894077753336457,2.776580778035176,-4.237959646826764,-0.8490185479748669,5.13717191457438
593,1791618155.2778904,0.8639915556066177,-2.237276970358456,-0.4105814855238961,2.433200938375387,2.7930413515887067,-4.283340907601287,-0.8575466572202275,5.184927732546007
594,1791618155.2870355,0.8735716337316177,-2.222906853170956,-0.5063822667738962,2.441488332398498,2.800630734302911,-4.304038095788195,-0.8614901483991139,5.206768836400062
595,1791618155.3070354,0.8448313993566177,-2.280387321920956,-0.5734428136488962,2.498548196821957,2.8173164917404168,-4.34926772047012,-0.8704405710740305,5.254623555187143
596,1791618155.3502557,0.8256712431066177,-2.385768181295956,-0.49201214958639616,2.572100070354586,2.8533809238116046,-4.447473818722195,-0.8903349725283637,5.3585914593201105
597,1791618155.3702557,0.8448313993566177,-2.342657829733456,-0.3914213292738961,2.5209118305805283,2.8700720239721424,-4.493194197400223,-0.899485255648121,5.40695674510782
598,1791618155.378737,0.7921409696691177,-2.313917595358456,-0.39621136833639614,2.4776370602525275,2.877129668560425,-4.512636317367081,-0.9032845214976509,5.427493398366154
599,1791618155.398737,0.7777708524816177,-2.266017204733456,-0.41537152458639615,2.4315211236086838,2.893630991693919,-4.558476314615345,-0.9121172049618242,5.475834586854136
600,1791618155.4067268,0.8496214384191177,-2.261227165670956,-0.36268109489889616,2.442650703638721,2.900209552686041,-4.576755131016113,-0.9155827637772482,5.495106439014596
601,1791618155.4267268,0.9310521024816177,-2.261227165670956,-0.34352093864889616,2.4694155072798023,2.9168776896061637,-4.622430435123006,-0.9240156957639876,5.543360315701285
602,1791618155.469307,0.8592015165441177,-2.261227165670956,-0.36268109489889616,2.4459994107515803,2.952758494904122,-4.719529577176433,-0.9415316744195663,5.6461689713474685
603,1791618155.489307,0.7586106962316177,-2.246857048483456,-0.3914213292738961,2.4035530869459385,2.969510511021201,-4.76505822803948,-0.9496560270715704,5.694349757560165
604,1791618155.4973068,0.8113011259191177,-2.246857048483456,-0.38184125114889617,2.4191690421126775,2.9761480635691764,-4.7832339785451525,-0.9528822256192622,5.713560109572365
605,1791618155.5173068,0.8208812040441177,-2.251647087545956,-0.41537152458639615,2.4323433272143826,2.992701302038187,-4.8286056585721555,-0.9609337972833182,5.761517808006622
606,1791618155.5271032,0.7538206571691177,-2.256437126608456,-0.46327191521139616,2.423710988739281,3.000750164872749,-4.850808221097139,-0.9649316061273489,5.784974931177397
607,1791618155.5471032,0.7681907743566176,-2.275597282858456,-0.47764203239889613,2.4487960247177707,3.017000637594955,-4.896135106939233,-0.9732805055474256,5.832812938465442
608,1791618155.5867727,0.7729808134191177,-2.275597282858456,-0.45369183708639615,2.445747046345083,3.0489835331685167,-4.9860950150147065,-0.9901272992461533,5.927714243534329
609,1791618155.6067727,0.7442405790441177,-2.275597282858456,-0.41537152458639615,2.429973361312,3.064965321529053,-5.031473242910992,-0.9986504224276154,5.975536635526536
610,1791618155.6172993,0.7538206571691177,-2.222906853170956,-0.4010014073988961,2.3812523154393315,3.0732980258739344,-5.055326272476843,-1.0031080517040045,6.000642485636737
611,1791618155.6372993,0.8256712431066177,-2.103155876608456,-0.40579144646139614,2.2955749478131056,3.0891241298099814,-5.100336717341646,-1.0115170708249,6.048081456479221
612,1791618155.6463256,0.8735716337316177,-2.1366861500459557,-0.40579144646139614,2.3437623175313593,3.096345641869941,-5.120473771279449,-1.0152923375896108,6.069384359805856
613,1791618155.6663256,0.7921409696691177,-2.155846306295956,-0.37705121208639614,2.3275154626197585,3.1124451010878156,-5.164838403666878,-1.0235768839740587,6.116418877144028
614,1791618155.706877,0.7586106962316177,-2.1366861500459557,-0.37226117302389616,2.297715446519946,3.1449078965631307,-5.254353182706516,-1.0401337054251605,6.21132442975286
615,1791618155.726877,0.7634007352941177,-2.074415642233456,-0.37705121208639614,2.2423533521562256,3.1607999773064894,-5.29819624993322,-1.0481986300735902,6.257815942278527
616,1791618155.7361746,0.6723899931066177,-2.117525993795956,-0.38184125114889617,2.2542908814770164,3.1680809201133115,-5.318443911841809,-1.0519146665789123,6.279260053983832
617,1791618155.7561746,0.8113011259191177,-2.1366861500459557,-0.44411175896139615,2.3282767179103994,3.183619114439373,-5.361846560531976,-1.0599480899388942,6.325212973321723
618,1791618155.7671332,0.7202903837316177,-2.112735954733456,-0.39621136833639614,2.2670365898500027,3.1921147506232623,-5.385553684721515,-1.0643802704422225,6.350329946724876
619,1791618155.7871332,0.8927317899816177,-2.246857048483456,-0.3914213292738961,2.449193194130286,3.207713404289454,-5.428869489685112,-1.072437277705034,6.3962622628143935
620,1791618155.8263125,0.6580198759191177,-2.232486931295956,-0.34352093864889616,2.352656942863125,3.238243885070064,-5.514157954226601,-1.0880127756968025,6.486596426742889
621,1791618155.8463125,0.5526390165441177,-2.146266228170956,-0.35789105583639613,2.24498432347349,3.2533071054391316,-5.557732904915772,-1.0958231309304935,6.532475066846145
622,1791618155.856828,0.6867601102941177,-2.323497673483456,-0.38184125114889617,2.452770602574398,3.2610164288513555,-5.580731979176534,-1.0998970306679028,6.5565670171755395
623,1791618155.876828,0.7825608915441177,-2.328287712545956,-0.41537152458639615,2.491156102054633,3.2756838173485736,-5.62489149601374,-1.1076789881393654,6.602761661148497
624,1791618155.8874469,0.6628099149816177,-2.352237907858456,-0.4297416417738961,2.4813339229613556,3.283454400726897,-5.64854855690648,-1.111864086992307,6.627474281302519
625,1791618155.9074469,0.7250804227941177,-2.309127556295956,-0.44411175896139615,2.460700498884904,3.2979762684582514,-5.693413513824258,-1.1198748483759915,6.674258354509185
626,1791618155.9474576,0.8017210477941177,-2.328287712545956,-0.4489017980238961,2.5030367826177997,3.3272516938279924,-5.7836203620205,-1.1361765521336538,6.768438925164185
627,1791618155.9674575,0.6963401884191177,-2.304337517233456,-0.36268109489889616,2.4344195669469717,3.3419375029937313,-5.828896923440219,-1.1443202916110813,6.815721131897908
628,1791618155.9773974,0.6819700712316177,-2.309127556295956,-0.35789105583639613,2.434181434722704,3.349168993073011,-5.8514631566287525,-1.1482977677513233,6.839235467577359
629,1791618155.9973974,0.6819700712316177,-2.318707634420956,-0.4105814855238961,2.4515434787563306,3.3635827423629396,-5.896999380779481,-1.156253055852515,6.886596524467196
630,1791618156.0066411,0.7825608915441177,-2.242067009420956,-0.4105814855238961,2.409946717245666,3.37026063934661,-5.918050576952727,-1.1599476559348616,6.908506204166593
631,1791618156.0266411,0.7202903837316177,-2.285177360983456,-0.39621136833639614,2.4285463257773268,3.3847961231684156,-5.963556341106255,-1.1679525215042421,6.955929996876958
632,1791618156.0690925,0.6723899931066177,-2.246857048483456,-0.41537152458639615,2.381807801353193,3.4154549219422963,-6.06008651251473,-1.184978744567503,7.056497395171317
633,1791618156.0890925,0.7107103056066177,-2.227696892233456,-0.45848187614889613,2.382844563314834,3.42980712326014,-6.10545458998724,-1.1931078059940707,7.1037777900133
634,1791618156.097264,0.7921409696691177,-2.261227165670956,-0.4201615636488961,2.4325236587060197,3.435712569449039,-6.1239616533691015,-1.1964694518996828,7.123100893651196
635,1791618156.117264,0.7777708524816177,-2.285177360983456,-0.3914213292738961,2.4454393730231465,3.450353033937238,-6.169283062344877,-1.2046803412761526,7.170512135600394
636,1791618156.1270227,0.6292796415441176,-2.242067009420956,-0.4105814855238961,2.3646214281044506,3.457454927190486,-6.19139342278734,-1.208672760094164,7.193624742108929
637,1791618156.1470227,0.5957493681066177,-2.2133267750459558,-0.4010014073988961,2.3269153081860674,3.471664192214269,-6.2365934561429786,-1.2168450534607531,7.240736294386094
638,1791618156.187184,0.7777708524816177,-2.237276970358456,-0.40579144646139614,2.403123475622409,3.5000546011248694,-6.3271492569789425,-1.2332241563892596,7.3351238401847425
639,1791618156.207184,0.8783616727941177,-2.222906853170956,-0.38184125114889617,2.420462114387878,3.514556228134489,-6.3721710647970875,-1.2413387461739824,7.38224840021717
640,1791618156.217191,0.7538206571691177,-2.175006462545956,-0.36747113396139613,2.3310799492051806,3.521948662898953,-6.394619275255992,-1.2453522036308848,7.405820695281482
641,1791618156.237191,0.6867601102941177,-2.141476189108456,-0.36747113396139613,2.2787265636544767,3.5366679879899063,-6.439229583337269,-1.2532727794807885,7.45267675026805
642,1791618156.2472272,0.7250804227941177,-2.160636345358456,-0.4105814855238961,2.3157435507107107,3.5440090883772335,-6.461495946765312,-1.2572368770061801,7.476066803705625
643,1791618156.2672272,0.7442405790441177,-2.2133267750459558,-0.3914213292738961,2.367682434289235,3.5586478751193056,-6.505773021027994,-1.2651545122764405,7.522610799460537
644,1791618156.3072283,0.6963401884191177,-2.175006462545956,-0.38663129021139614,2.316252690164606,3.587856421219079,-6.594211670033303,-1.2809491185706823,7.615587429269878
645,1791618156.3272283,0.7202903837316177,-2.160636345358456,-0.4105814855238961,2.3142482170318712,3.6023946271988097,-6.638300433739763,-1.2888574442204088,7.6619470900145705
646,1791618156.33721,0.6915501493566177,-2.251647087545956,-0.36747113396139613,2.3839444729741968,3.609618957133457,-6.660306893425369,-1.2927947799767612,7.685073537282638
647,1791618156.35721,0.7011302274816177,-2.227696892233456,-0.35310101677389616,2.3619689599149654,3.624011924489806,-6.704505690777107,-1.3005814185977873,7.731453357093266
648,1791618156.3682678,0.7490306181066176,-2.141476189108456,-0.38663129021139614,2.301401940111763,3.6319787073367995,-6.728900849318276,-1.304854310163419,7.75706263615656
649,1791618156.3882678,0.7442405790441177,-2.198956657858456,-0.3914213292738961,2.3542546760379386,3.64646648422617,-6.772915813832399,-1.312590392175265,7.803332620071797
650,1791618156.4289064,0.7155003446691177,-2.232486931295956,-0.39621136833639614,2.377587451604643,3.6759381331799243,-6.8624426766608995,-1.328352360288078,7.897478119153355
651,1791618156.4489064,0.7250804227941177,-2.275597282858456,-0.43453168083639615,2.4275301017541655,3.6904275889757066,-6.906655693582545,-1.3361920236587517,7.943963606617197
652,1791618156.4575486,0.7969310087316177,-2.208536735983456,-0.4489017980238961,2.390448989444355,3.6967359890814033,-6.925801314116666,-1.3396440931278515,7.964121239147615
653,1791618156.4775486,0.6771800321691177,-2.237276970358456,-0.4393217198988961,2.3784416351131688,3.711356348071003,-6.970131198463889,-1.347766960530783,8.010828337073823
654,1791618156.487274,0.6196995634191177,-2.194166618795956,-0.38663129021139614,2.3125480437194925,3.718345281286474,-6.99168623184408,-1.3517268111286793,8.03348824405361
655,1791618156.507274,0.6675999540441176,-2.179796501608456,-0.36747113396139613,2.3091638143187345,3.732492957998612,-7.0359255968963765,-1.3597798244683899,8.079898134110488
656,1791618156.547082,0.7155003446691177,-2.170216423483456,-0.37705121208639614,2.316019793636222,3.760557995048514,-7.123759071231626,-1.3756271073588455,8.172030939587701
657,1791618156.567082,0.7346605009191177,-2.151056267233456,-0.38663129021139614,2.305700082618203,3.774718381866044,-7.167750176526515,-1.383540197243697,8.218231253310071
658,1791618156.5771275,0.6867601102941177,-2.203746696920956,-0.35789105583639613,2.335856365688803,3.7818348708608718,-7.189812507375291,-1.3874795091878225,8.241406328417835
659,1791618156.5971274,0.6484397977941176,-2.222906853170956,-0.35310101677389616,2.3423213650744934,3.795880857839593,-7.2337884234277485,-1.395212468807381,8.287522203586905
660,1791618156.606411,0.6867601102941177,-2.184586540670956,-0.34352093864889616,2.315613188350356,3.802352369074963,-7.254207948825481,-1.3987485492518423,8.308905704570664
661,1791618156.626411,0.7011302274816177,-2.131896110983456,-0.35310101677389616,2.2718373515640526,3.816284806447656,-7.29807481469401,-1.406268736659699,8.354849937880434
662,1791618156.6662884,0.6771800321691177,-2.184586540670956,-0.35789105583639613,2.3149680683536333,3.84401964497735,-7.385329779336109,-1.4211403276003762,8.446254957746222
663,1791618156.6862884,0.7442405790441177,-2.2133267750459558,-0.35789105583639613,2.3623707288397697,3.8579753037677014,-7.429123963740729,-1.4285538491741856,8.492150635327816
664,1791618156.6971605,0.7155003446691177,-2.170216423483456,-0.40579144646139614,2.3208719839750276,3.865614022631331,-7.452934140131585,-1.4326020977086014,8.517132606661821
665,1791618156.7171605,0.6244896024816177,-2.208536735983456,-0.48243207146139616,2.3452851599263234,3.8795681370139996,-7.496732574087289,-1.4402643953137904,8.563084125799788
666,1791618156.758491,0.6053294462316177,-2.299547478170956,-0.4489017980238961,2.4198874286021175,3.907891437437724,-7.58764089251383,-1.456610555396515,8.658269117476062
667,1791618156.778491,0.6244896024816177,-2.218116814108456,-0.30520062614889615,2.3244734644301652,3.9213860296847316,-7.631809552914185,-1.4644651675249236,8.704392205814981
668,1791618156.7874,0.6771800321691177,-2.112735954733456,-0.2812504308363961,2.236364866303733,3.9273652601701223,-7.651426998194947,-1.4678310288285183,8.724853060349467
669,1791618156.8074,0.7059202665441177,-2.060045525045956,-0.33873089958639613,2.2038261297829727,3.9408493787395487,-7.6951198535989,-1.4751836815846073,8.770480618619333
670,1791618156.823564,0.6675999540441176,-2.184586540670956,-0.42495160271139615,2.323508536022062,3.951777734615815,-7.730281470659251,-1.48116057437859,8.807249032843147
671,1791618156.843564,0.6580198759191177,-2.175006462545956,-0.40579144646139614,2.3083132298807536,3.9652596747419953,-7.773800842679578,-1.4886926736420778,8.852766217761333
672,1791618156.8771434,0.6819700712316177,-2.151056267233456,-0.36268109489889616,2.285533596221471,3.9878747705362003,-7.846803348507214,-1.5013772717332308,8.929143390477067
673,1791618156.8971434,0.7250804227941177,-2.141476189108456,-0.39621136833639614,2.2953529873282608,4.001434531558879,-7.890200612056154,-1.5089373526161711,8.974610629044776
674,1791618156.9072778,0.7250804227941177,-2.141476189108456,-0.38663129021139614,2.2937187365952916,4.008377167278045,-7.91214786528199,-1.5127886185736097,8.997649735443593
675,1791618156.9272778,0.6532298368566177,-2.165426384420956,-0.33394086052389615,2.2863283107273937,4.022090511349542,-7.955423494969756,-1.520329757644613,9.04308452010621
676,1791618156.9372823,0.6149095243566177,-2.098365837545956,-0.3099906652113961,2.2084716715055746,4.028872857176366,-7.977023258874323,-1.5240193605511032,9.065723996639704
677,1791618156.9572823,0.6723899931066177,-2.170216423483456,-0.38184125114889617,2.3038555442271536,4.0423285718462925,-8.020129098507537,-1.531326592327104,9.110864512869256
678,1791618156.9966385,0.7586106962316177,-2.222906853170956,-0.35789105583639613,2.375897951124819,4.069059067435162,-8.105196970582126,-1.545732451726269,9.200040675917128
679,1791618157.0166385,0.7250804227941177,-2.155846306295956,-0.2812504308363961,2.2918369751653085,4.082830879979188,-8.14851029002845,-1.5529137957920793,9.245499943127603
680,1791618157.0269969,0.6771800321691177,-2.131896110983456,-0.3291508214613961,2.2609498197137556,4.089983020587377,-8.170909135178697,-1.5565494414828416,9.269010916371837
681,1791618157.0469968,0.5909593290441177,-2.184586540670956,-0.34352093864889616,2.2890299075274636,4.103623242753189,-8.214144592649786,-1.563525230102762,9.314317272489156
682,1791618157.058313,0.5143187040441177,-2.127106071920956,-0.19502972771139612,2.197075457335,4.111121330954317,-8.23859730641867,-1.5673371878290543,9.339826017411056
683,1791618157.0783129,0.5670091337316177,-2.098365837545956,-0.18544964958639612,2.181520139363086,4.124007609827169,-8.281670529099465,-1.5736345650733803,9.38455280036618
684,1791618157.1170616,0.6388597196691177,-2.117525993795956,-0.39621136833639614,2.247007237241628,4.148733473658338,-8.364856543480409,-1.5856956286126103,9.470862951973348
685,1791618157.1370616,0.6101194852941176,-2.222906853170956,-0.4297416417738961,2.3448323059196547,4.161454758486568,-8.407862846887404,-1.5922260290958556,9.515516122982001
686,1791618157.147448,0.5813792509191177,-2.280387321920956,-0.33394086052389615,2.3769065336492607,4.167998414717432,-8.43035491459721,-1.5957036101088693,9.538834561018176
687,1791618157.167448,0.6484397977941176,-2.218116814108456,-0.30520062614889615,2.331022049358521,4.180553429259515,-8.473916413175177,-1.6023542300355658,9.583935800645056
688,1791618157.1771882,0.8065110868566177,-2.242067009420956,-0.36747113396139613,2.4108835812314426,4.18681349751205,-8.495207126645274,-1.6055986815447307,9.606034484308909
689,1791618157.1971881,0.7107103056066177,-2.3330777516084558,-0.23814007927389613,2.450524766433181,4.200015386045801,-8.539229748916311,-1.6121698260715036,9.651821874438744
690,1791618157.237183,0.5765892118566177,-2.117525993795956,-0.14233929802389614,2.199234396191757,4.226317198815865,-8.627408966516782,-1.624480667670962,9.74335055205229
691,1791618157.257183,0.6196995634191177,-2.175006462545956,-0.2908305089613961,2.2801892566103503,4.239291300052603,-8.671328618015348,-1.6303631844257955,9.788851558862495
692,1791618157.2663746,0.6915501493566177,-2.400138298483456,-0.5063822667738962,2.5485934279569364,4.245263426442263,-8.691639314231793,-1.633210698247794,9.809904826931762
693,1791618157.2863746,0.5622190946691177,-2.706700798483456,-0.48243207146139616,2.806253770865364,4.258189708447708,-8.7368648177868,-1.6399604820157079,9.856696039748002
694,1791618157.2976813,0.6723899931066177,-2.7354410328584557,-0.5207523839613961,2.864599272581966,4.2654482339044435,-8.763212360530764,-1.644054716392868,9.88386844420601
695,1791618157.3176813,0.8065110868566177,-2.639640251608456,-0.6357133214613961,2.8323651279836213,4.278579947243448,-8.810889125304513,-1.6519451910298397,9.933123197541128
696,1791618157.3567789,0.6484397977941176,-2.6683804859834557,-0.5734428136488962,2.80527454090792,4.3046665998290585,-8.90567588985485,-1.6686020052979103,10.031223765967443
697,1791618157.3767788,0.6196995634191177,-2.630060173483456,-0.5111723058363962,2.7500074893170328,4.317911530553025,-8.954837725799827,-1.6774714669528064,10.082032989607374
698,1791618157.3876517,0.5813792509191177,-2.716280876608456,-0.5399125402113961,2.829786067020897,4.325011397832955,-8.981914965965798,-1.6824271321570416,10.1099496092831
699,1791618157.4076517,0.3993577665441177,-2.448038689108456,-0.48722211052389613,2.52779853510012,4.337583338432108,-9.031997442735065,-1.6917161506101395,10.161373458231509
700,1791618157.4166703,0.4424681181066177,-2.5007291187959555,-0.5207523839613961,2.592413394220969,4.342971490847799,-9.05454106936472,-1.6959583634720283,10.184418987736114
701,1791618157.4366703,0.4903685087316177,-2.5486295094209557,-0.47764203239889613,2.638961076211834,4.354527298515835,-9.104609362487377,-1.705452435755555,10.235447603677963
702,1791618157.4774742,0.4424681181066177,-2.428878532858456,-0.4393217198988961,2.5076348491150746,4.377421761650599,-9.206668818182335,-1.724722928126138,10.339208924568027
703,1791618157.4974742,0.5526390165441177,-2.376188103170956,-0.41537152458639615,2.4747147891616246,4.388452857534169,-9.256397069745375,-1.734033561664277,10.389719803178943
704,1791618157.5069358,0.4376780790441177,-2.5773697437959555,-0.45848187614889613,2.65416701205248,4.393591435232546,-9.279908960255234,-1.7383976614767682,10.413567229331266
705,1791618157.5269358,0.3227171415441177,-2.323497673483456,-0.40579144646139614,2.3806416131267367,4.403964646844267,-9.329504696356382,-1.747535164979025,10.463672473984849
706,1791618157.536492,0.39456772748161767,-2.175006462545956,-0.2716703527113961,2.2271375315029416,4.408691746535524,-9.352871827420943,-1.751731848573169,10.487198806423018
707,1791618157.556492,0.26523667279411767,-2.036095329733456,-0.19981976677389612,2.062998454568219,4.418090634917386,-9.400756980721962,-1.7599046923285013,10.535227629008178
708,1791618157.5979688,0.3993577665441177,-1.868443962545956,-0.056118594898896125,1.9114703145921377,4.436726033586564,-9.497313199213561,-1.7751076367063041,10.63176857455776
709,1791618157.6179688,0.04489487591911766,-1.772643181295956,0.010941951976103882,1.773245364971212,4.445030465872698,-9.542350130830686,-1.7814066023192188,10.676523373490424
710,1791618157.6269286,-0.5394898897058824,-1.5618814625459558,0.03010210822610388,1.652703597460602,4.447860356273689,-9.561740513988301,-1.783777608292876,10.695429208853819
711,1791618157.6469285,-0.8125221162683823,-1.3606998219209558,-0.02258832146139612,1.5849941410199013,4.451201684484345,-9.602915079693922,-1.7882650091519574,10.734387090408397
712,1791618157.6574874,-0.6831910615808824,-0.8864859547334559,-0.07527875114889612,1.121728249148713,4.451516634685719,-9.623171795058393,-1.7903562382716685,10.752990802842218
713,1791618157.6774874,-0.3047779756433824,-0.49849279067095587,-0.04174847771139612,0.5857709553907693,4.450541759692315,-9.657863044050385,-1.7938987064668146,10.784234469885318
714,1791618157.7184808,-0.40057875689338235,-0.35000157973345586,0.12111285041360388,0.5455573011384507,4.446674684135837,-9.720911652435602,-1.7998264708894582,10.840129815934272
715,1791618157.7384808,-0.8268922334558824,-0.014698845358455856,0.3510347254136039,0.898438757095181,4.443229803247172,-9.747604959238798,-1.8015764939934296,10.862954082087908
716,1791618157.7485144,-1.1142945772058823,0.18169275620404415,0.3654048426011039,1.1866698620272598,4.440300024094895,-9.758862085665342,-1.8017836186080463,10.871893934328918
717,1791618157.7685144,-0.8460523897058824,0.3828743968290442,0.16422320197610388,0.9430624104170003,4.432395569183529,-9.777088232875448,-1.8013401094133636,10.884962608338656
718,1791618157.776953,-0.3143580537683824,0.5744759593290442,0.025312069163603883,0.6553505280850958,4.428826296269526,-9.783018962400215,-1.8010610934005042,10.888791642940536
719,1791618157.796953,0.09279526654411767,0.7229671702665442,0.1259028894761039,0.7396918468893924,4.42130346182773,-9.793020570381104,-1.8002721785454607,10.894592975890477
720,1791618157.8368564,-0.21376723345588236,0.7996077952665441,0.3127144129136039,0.884793399836541,4.408183475882123,-9.805425565405873,-1.7976215866264025,10.89999520387328
721,1791618157.8568563,-0.40057875689338235,1.0678499827665442,0.3701948816636039,1.1990876434100577,4.401672470780512,-9.807909261946731,-1.7954679961514604,10.899243549706174
722,1791618157.8663964,-0.3239381318933824,1.2163411937040443,0.3318745691636039,1.3017536412292003,4.3985141625869435,-9.807281933554906,-1.7940924796863054,10.897177322058099
723,1791618157.8863964,0.09758530560661766,0.9816292796415442,0.10674273322610389,0.9922262572702323,4.392546674333162,-9.802867110767307,-1.7909834475458881,10.890284274845266
724,1791618157.896369,0.5909593290441177,0.9816292796415442,0.010941951976103882,1.1458397346692504,4.390532437659469,-9.79952755020321,-1.789577710326433,10.886234595792475
725,1791618157.916369,0.4376780790441177,1.0534798655790443,0.10195269416360389,1.1453280228403597,4.388641775608721,-9.790782027656695,-1.7870120449667333,10.877178007027355
726,1791618157.9574354,0.06884507123161766,1.1780208812040442,0.049262264476103886,1.181058682321481,4.386902039216842,-9.768645278130826,-1.7820683884690283,10.85574077678779
727,1791618157.9774354,0.17422593060661767,1.3456722483915442,-0.06090863396139612,1.3582703474190767,4.386546458440921,-9.755695941267959,-1.7800393658958147,10.843612556462514
728,1791618157.9869766,0.8400413602941177,1.1971810374540441,-0.17107953239889612,1.4724741525236218,4.38712807393095,-9.748625272645961,-1.7793825978076923,10.837379289889483
729,1791618158.0069766,1.0699632352941177,0.9576790843290441,-0.19981976677389612,1.4497925688304332,4.391029360544061,-9.732794954814908,-1.7787687620467558,10.824622616353139
730,1791618158.0169978,0.8879417509191178,1.0918001780790443,-0.16628949333639612,1.4170816410753535,4.394162468844984,-9.724512424040759,-1.7787824926051345,10.818450575009688
731,1791618158.0369978,1.0029026884191177,1.0582699046415442,-0.16628949333639612,1.4674471673973113,4.4023137388538265,-9.707236833791905,-1.7793046531335848,10.806328620363637
732,1791618158.0771585,1.1418138212316178,0.9289388499540442,-0.16628949333639612,1.4813231871889287,4.422686558665245,-9.671764776073465,-1.7811976364009132,10.783128270581493
733,1791618158.0971584,1.3142552274816177,0.6702767405790442,-0.20939984489889613,1.4900959724016798,4.4349944622482385,-9.65435065227477,-1.7825624686562571,10.772798677776946
734,1791618158.1068316,1.4387962431066177,0.49783533432904414,-0.19023968864889612,1.5343291004284112,4.442051633542105,-9.646344121351785,-1.7834134940676765,10.76867407406385
735,1791618158.1268315,1.4483763212316176,0.6606966624540441,-0.20460980583639612,1.6050480429964564,4.458784985874661,-9.630535279094188,-1.7855013989683914,10.761783707074638
736,1791618158.1671,1.6687181181066177,0.6080062327665442,-0.24293011833639613,1.7925698812529436,4.49683663993761,-9.599648226075285,-1.7904262887792282,10.750833089869245
737,1791618158.1871,1.7740989774816178,0.4882552562040442,-0.23335004021139613,1.8547971906326737,4.5180649993362465,-9.584964352230184,-1.7932198324856332,10.747096833069405
738,1791618158.1980526,2.013600930606618,0.2918636546415442,-0.23335004021139613,2.0479807962740315,4.5310580212022895,-9.577488314736607,-1.7949035733422873,10.746182952472696
739,1791618158.2180526,2.3584837431066177,-0.12965978285845586,-0.37226117302389616,2.3911996166631995,4.557782944401274,-9.565641259645126,-1.7984253666587462,10.747521196812873
740,1791618158.2271073,2.3345335477941176,-0.3547916187959559,-0.36747113396139613,2.3897612878358623,4.571254347547354,-9.56141122575573,-1.8002829872000818,10.749789289654952
741,1791618158.2471073,2.2052024931066176,-0.4026920094209559,-0.23814007927389613,2.25428249946889,4.603356293465323,-9.554605627758919,-1.8046790566166826,10.758171051065329
742,1791618158.2867496,2.602775735294118,-0.5703433766084559,-0.37705121208639614,2.691077983264846,4.671736638568364,-9.546032555333385,-1.8139146292891353,10.78156514843629
743,1791618158.3067496,3.091359719669118,-0.8577457203584559,-0.6069730870863962,3.265064925178849,4.709601655926038,-9.544498261317282,-1.8193511926321824,10.79758461786348
744,1791618158.3167489,3.096149758731618,-1.0397672047334559,-0.8033646886488962,3.363428903886779,4.7303334330264635,-9.545269264546604,-1.8227192434567974,10.807891800012328
745,1791618158.3367488,2.942868508731618,-1.351119743795956,-0.9470658605238962,3.373860306226293,4.774638493891046,-9.550166390794812,-1.831070982741081,10.833082284513921
746,1791618158.3473866,2.818327493106618,-1.581041618795956,-1.042866641773896,3.3956197212424026,4.799265510579232,-9.554719779423017,-1.8364344796708305,10.848876029453772
747,1791618158.3673866,2.995558938419118,-1.887604118795956,-1.085976993336396,3.703480618674018,4.847342256281456,-9.567199418953786,-1.8481990352318571,10.88319214869394
748,1791618158.4074154,3.244640969669118,-2.222906853170956,-1.1003471105238962,4.084087861881529,4.947865752839668,-9.600770521908629,-1.8747769003326455,10.962251527332068
749,1791618158.4274154,3.364391946231618,-2.098365837545956,-1.1721976964613963,4.134769618205774,5.0004709888242145,-9.6215098608152,-1.8894731662590583,11.006737525618105
750,1791618158.4364784,3.421872414981618,-2.170216423483456,-1.205727969898896,4.227627004191118,5.025346169925697,-9.63239966376793,-1.8967501825238429,11.02882081933729
751,1791618158.4564784,3.5464134306066177,-2.318707634420956,-1.205727969898896,4.405364145233119,5.082458350533594,-9.659559652985822,-1.9140172674489642,11.08160356963707
752,1791618158.471043,3.5464134306066177,-2.194166618795956,-1.1338773839613963,4.321700278094793,5.12555883251316,-9.68130142351536,-1.9272613204623448,11.122647472425998
753,1791618158.491043,3.4362425321691177,-2.026515251608456,-1.081186954273896,4.133218120905522,5.1863397025813915,-9.713009441678649,-1.9460423766407873,11.181580964085192
754,1791618158.5268137,3.570363625919118,-2.026515251608456,-1.0716068761488962,4.242947299142141,5.297539396760328,-9.772087158390441,-1.9803698709124882,11.290680932389556
755,1791618158.5468137,3.603893899356618,-1.925924431295956,-0.9422758214613962,4.193461562551069,5.361148365741668,-9.806092464347145,-1.9997048146830783,11.353421535585081
756,1791618158.5573697,3.254221047794118,-1.657682243795956,-0.8991654698988961,3.7611651906771053,5.395114798292562,-9.82418539087108,-2.009836911138501,11.386892758357517
757,1791618158.5773697,2.9907688993566177,-1.413390251608456,-0.9853861730238962,3.4515730504637,5.4591838425873735,-9.85792992292801,-2.028981068188676,11.449813743794898
758,1791618158.5863822,2.971608743106618,-1.4325504078584559,-1.004546329273896,3.4484449424082126,5.487754382193027,-9.872778758827334,-2.0376589177551057,11.477772538482277
759,1791618158.6063821,2.918918313419118,-1.466080681295956,-0.7842045323988962,3.3592340545305404,5.550482073098629,-9.905135696606015,-2.056710856478339,11.539047792566068
760,1791618158.6473784,2.8279075712316177,-1.3223795094209558,-0.7937846105238962,3.2211555079303587,5.677445250208255,-9.970086388357513,-2.094757786318963,11.662933479351066
761,1791618158.6673784,2.842277688419118,-1.375069939108456,-0.9566459386488961,3.2991712970772347,5.738598472680927,-10.001065729569252,-2.113160389604742,11.722554115465403
762,1791618158.6765795,2.8901780790441176,-1.499610954733456,-0.7506742589613962,3.3414778447882867,5.76646797975499,-10.015163801887864,-2.121534820778579,11.74974761158556
763,1791618158.6965795,2.9237083524816176,-1.4325504078584559,-0.3195707433363961,3.2714517666355376,5.826680878455177,-10.045609828406965,-2.1386128988009663,11.808393286762584
764,1791618158.710581,2.885388039981618,-1.140358025045956,-0.04174847771139612,3.1028411983127486,5.868611953776579,-10.06642917613649,-2.149154960710046,11.848732829603591
765,1791618158.730581,2.976398782169118,-0.9391763844209559,-0.17107953239889612,3.125743143311307,5.928315035772245,-10.094826184059407,-2.162273795359429,11.904867190180358
766,1791618158.7671492,2.928498391544118,-1.130777946920956,-0.49201214958639616,3.1775521317296875,6.037297334323359,-10.144636433302468,-2.184481015828114,12.005605556381951
767,1791618158.7871492,2.894968118106618,-1.111617790670956,-0.5590726964613961,3.1510469367050957,6.096696739215683,-10.171156051180922,-2.1963814407160305,12.060108539335758
768,1791618158.7971482,2.832697610294118,-0.8577457203584559,-0.5399125402113961,3.0085559697696795,6.126234414290911,-10.183902694272225,-2.202262798490828,12.086876503831089
769,1791618158.8171482,2.7608470243566177,-0.6038736500459558,-0.6500834386488962,2.8999220945267115,6.184843560115205,-10.207766481236098,-2.214047052578799,12.138895779665404
770,1791618158.8271494,2.669836282169118,-0.7571549000459559,-0.9039555089613962,2.918637503773272,6.213828910600572,-10.21893069185508,-2.2202216246446747,12.16419328511731
771,1791618158.8471494,2.8135374540441176,-1.341539665670956,-1.0763969152113961,3.2976282384395916,6.2713231858313785,-10.241055626529292,-2.233687671795169,12.214666408131793
772,1791618158.886772,2.938078469669118,-2.036095329733456,-0.9901762120863962,3.709236877940984,6.385233257489816,-10.288350413784382,-2.2625051701177843,12.318290775679108
773,1791618158.906772,3.038669289981618,-2.179796501608456,-0.6452933995863962,3.794921265830376,6.443071287742888,-10.314965991314788,-2.2773224694864544,12.373273158341949
774,1791618158.9197748,3.081779641544118,-1.897184196920956,-0.5782328527113961,3.664836540425393,6.481002647064963,-10.333650295658542,-2.286704045776763,12.410348066722332
775,1791618158.9397748,3.168000344669118,-1.801383415670956,-0.9326957433363962,3.761798737800288,6.539968849907374,-10.363626041985587,-2.3012359297872496,12.468826091514163
776,1791618158.9478617,3.172790383731618,-2.208536735983456,-1.1913578527113962,4.045190584695039,6.564081014660612,-10.376360631387698,-2.307518736042324,12.493224653260132
777,1791618158.9678617,2.942868508731618,-2.553419548483456,-1.124297305836396,4.055178279949316,6.623942076273152,-10.410273679041213,-2.3241996674174015,12.555967139029287
778,1791618159.0064468,2.995558938419118,-2.606109978170956,-1.1051371495863962,4.121469482024686,6.739291702823931,-10.480817840761176,-2.35800599493396,12.681710749702255
779,1791618159.0264468,3.139260110294118,-2.409718376608456,-1.0380766027113961,4.091368930779179,6.799315027410509,-10.519422146920643,-2.3761153116348255,12.748915684138803
780,1791618159.0364158,3.235060891544118,-2.131896110983456,-0.8464750402113962,3.9657433091068177,6.82951179236651,-10.539173775245173,-2.3851969480744826,12.783019192193706
781,1791618159.0564158,3.2206907743566178,-1.897184196920956,-0.7219340245863961,3.8070126972375538,6.890689514170722,-10.578899554092972,-2.403036341797662,12.851820937761742
782,1791618159.0670087,3.177580422794118,-1.6816324391084558,-0.7315141027113962,3.668789703165331,6.923314977657742,-10.599627374090632,-2.412222363085109,12.88810333130517
783,1791618159.0870087,3.0674095243566177,-1.691212517233456,-0.7937846105238962,3.59155885048058,6.985041145644968,-10.637951498777117,-2.4292524155330084,12.956005526205228
784,1791618159.1277623,2.8135374540441176,-1.801383415670956,-0.7315141027113962,3.419954399992648,7.109927940085593,-10.715005214071242,-2.4634110798664004,13.09315875559417
785,1791618159.1477623,2.8135374540441176,-1.700792595358456,-0.6405033605238961,3.349467571507091,7.1704639010155145,-10.752400708731553,-2.4797180709968853,13.159736899669612
786,1791618159.1571531,2.789587258731618,-1.604991814108456,-0.6021830480238961,3.2742052807910937,7.19857080041844,-10.76965395540375,-2.4871016049598955,13.190547459494422
787,1791618159.177153,2.7416868681066178,-1.590621696920956,-0.6405033605238961,3.2337546011264333,7.25774891266377,-10.80568048709346,-2.502331857546688,13.255161816957104
788,1791618159.1865597,2.7081565946691177,-1.5139810719209559,-0.6931937902113962,3.179114414136805,7.285251930245163,-10.82227342852986,-2.509361513073594,13.28508159750249
789,1791618159.2065597,2.660256204044118,-1.604991814108456,-0.7937846105238962,3.2067204122615593,7.343009271649293,-10.856939417298271,-2.524296298287014,13.34784591145545
790,1791618159.247768,2.756056985294118,-1.801383415670956,-0.7363041417738961,3.373866640167666,7.460902532423829,-10.928179613204263,-2.5551813025362478,13.476614105390583
791,1791618159.267768,2.6219358915441178,-1.3942300953584559,-0.5494926183363962,3.0199946218125433,7.517604985940812,-10.96236233006066,-2.5698512394524538,13.538534188496568
792,1791618159.2768612,2.698576516544118,-0.9391763844209559,-0.4297416417738961,2.8894714699010144,7.543147067636783,-10.977164127203995,-2.5761884902866887,13.565911215139852
793,1791618159.2968612,2.4878147977941176,-0.40748204848345587,-0.04653851677389612,2.521394439889002,7.598677816706035,-11.006856216280138,-2.5887504617561006,13.623230794536497
794,1791618159.3073108,2.2387327665441177,0.07152185776654414,0.2743941004136039,2.256619573272918,7.627043910026306,-11.020306083528963,-2.5941507888801256,13.650954666087724
795,1791618159.3273108,2.0231810087316178,0.5361556468290442,0.4659956629136039,2.1442658952595517,7.679584083192395,-11.041275451333531,-2.6018257140888377,13.698732508138713
796,1791618159.3668966,1.8507396024816178,0.9816292796415442,0.4803657801011039,2.1493218468939306,7.779479062054147,-11.072048093562431,-2.61192831544619,13.781607779505551
797,1791618159.3868966,1.8507396024816178,1.3169320140165441,0.2264937097886039,2.2827278432413474,7.827930794747945,-11.08181544921314,-2.6152065509966906,13.81746863510673
798,1791618159.397582,1.6064476102941176,1.5660140452665443,0.05405230353860389,2.244102396529534,7.852704885723719,-11.083940699121664,-2.6164704701001833,13.83346063589372
799,1791618159.417582,1.3046751493566178,1.4941634593290443,-0.01779828239889612,1.9836880973074373,7.896485852062645,-11.082731598979915,-2.6184269184797055,13.857762735531033
800,1791618159.4275804,1.1753440946691178,1.2546615062040443,-0.07048871208639612,1.7206329924058088,7.916949359626253,-11.080156544492363,-2.619324474402766,13.867545453884361
801,1791618159.4475803,1.2088743681066176,1.0295296702665442,-0.19981976677389612,1.6003863655436106,7.95531945361023,-11.072351937654142,-2.6212560364991995,13.883625904249447
802,1791618159.4871938,1.2376146024816177,0.9289388499540442,-0.2716703527113961,1.571121278505262,8.02718692094264,-11.053393666484641,-2.625908768158851,13.910738235935895
803,1791618159.5071938,1.4148460477941178,0.5936361155790442,-0.24772015739889613,1.5542066957326317,8.062007271489831,-11.042973932791877,-2.628684556124738,13.92311807827128
804,1791618159.5171268,1.3717356962316176,0.5696859202665442,-0.14712933708639614,1.4925977053102628,8.07878270856726,-11.037708568869457,-2.6301505153125193,13.92894225118111
805,1791618159.5371268,1.6591380399816178,0.49304529526654417,-0.21897992302389613,1.7446446359032746,8.112039606441558,-11.027102981792204,-2.633208618109672,13.940443837052467
806,1791618159.577247,1.9178001493566177,0.2918636546415442,-0.29562054802389615,1.9622775833675856,8.179509214001476,-11.006657523383195,-2.6399714480189975,13.964967957905898
807,1791618159.597247,2.253102883731618,0.009251349954044145,-0.35789105583639613,2.2813689311471292,8.214354263140846,-10.997542556687002,-2.6438173087357404,13.978960197686114
808,1791618159.6073687,2.5548753446691177,-0.2973111500459559,-0.42495160271139615,2.606984045096321,8.232993744440565,-10.993840176575103,-2.646065997444637,13.987436258546706
809,1791618159.6273687,2.5979856962316177,-0.5416031422334558,-0.48243207146139616,2.6973328205981124,8.272028743028907,-10.988880259270301,-2.6512038294634834,14.007527641359083
810,1791618159.637391,2.636306008731618,-0.5511832203584559,-0.5782328527113961,2.7546806613533104,8.292590310705881,-10.987588995979545,-2.6541895825239883,14.019232801610888
811,1791618159.657391,2.799167336856618,-0.7763150562959559,-0.6931937902113962,2.986389203895635,8.335620014988104,-10.987390002526352,-2.6611611507918194,14.04589188241067
812,1791618159.7015738,2.942868508731618,-1.2074185719209558,-0.7650443761488962,3.271639889257519,8.435447327375115,-10.993589853222927,-2.679084327279373,14.113585026720889
813,1791618159.7215738,3.124889993106618,-1.303219353170956,-0.9231156652113962,3.509339066384991,8.482959006512965,-10.999741291713024,-2.688512774888976,14.148604275034947
814,1791618159.7566583,3.148840188419118,-1.3942300953584559,-0.9805961339613962,3.5805922511431865,8.570311589764412,-11.016011549967374,-2.7075807646698555,14.217374751052848
815,1791618159.7766583,2.928498391544118,-1.461290642233456,-0.8464750402113962,3.380531491357008,8.621753775470749,-11.028178486064954,-2.7195606524445624,14.260132153233176
816,1791618159.7577152,2.8710179227941177,-1.461290642233456,-0.7219340245863961,3.3014092430263213,8.621753775470749,-11.028178486064954,-2.7195606524445624,14.260132153233176
817,1791618159.7777152,2.875807961856618,-1.446920525045956,-0.7315141027113962,3.3013577997155714,8.674935361498601,-11.045057697570172,-2.7323960111240946,14.307822721519855
818,1791618159.817265,2.7847972196691178,-1.4038101734834558,-0.7602543370863961,3.209947852366324,8.78111735236466,-11.081885388644352,-2.7583955100049833,14.4057263445015
819,1791618159.837265,2.6746263212316177,-1.4804507984834558,-0.7075639073988962,3.137834796162614,8.834947440494885,-11.102041684463176,-2.7717727848647917,14.456636891434403
820,1791618159.849292,2.6650462431066178,-1.624151970358456,-0.7410941808363961,3.2077346657081103,8.867279167658054,-11.115144991298285,-2.779917294879703,14.488030514225775
821,1791618159.869292,2.775217141544118,-1.624151970358456,-0.8991654698988961,3.338891784379671,8.921139869653597,-11.138538731047005,-2.7938898003966335,14.541650589039662
822,1791618159.8798301,2.6937864774816176,-1.604991814108456,-0.8129447667738962,3.2393461536925994,8.949584916122811,-11.151568257202683,-2.8015008419614733,14.570550838367582
823,1791618159.89983,2.569245461856618,-1.547511345358456,-0.6165531652113961,3.0620175395996925,9.003366786659077,-11.177316138799409,-2.8159231605204638,14.626087405992658
824,1791618159.936827,2.583615579044118,-1.485240837545956,-0.5399125402113961,3.028616079477755,9.102229607802915,-11.226216433715646,-2.8418092604149274,14.729371986692822
825,1791618159.956827,2.5884056181066177,-1.293639275045956,-0.6261332433363962,2.9606399740931493,9.155414925224063,-11.252854349708521,-2.855452944949305,14.785194114031414
826,1791618159.968011,2.578825539981618,-1.2409488453584558,-0.7410941808363961,2.956267204994761,9.185029207339355,-11.26764187828591,-2.8630848820218104,14.816267076380653
827,1791618159.988011,2.602775735294118,-1.547511345358456,-0.7458842198988962,3.1185856027601937,9.237816207120254,-11.294302055659536,-2.8769161228752225,14.871958632912756
828,1791618159.9970012,2.6746263212316177,-1.844493767233456,-0.7746244542738961,3.3400338711975923,9.261543867159194,-11.306775711375051,-2.8832261042212766,14.89739455605301
829,1791618160.0170012,2.698576516544118,-2.002565056295956,-0.7985746495863961,3.45402714107794,9.314470952276222,-11.336133074653626,-2.8975176188539087,14.955363270700655
830,1791618160.0570276,2.938078469669118,-2.309127556295956,-0.9566459386488961,3.857401536930267,9.421427662883255,-11.399017235148014,-2.9270984085434932,15.075436916634992
831,1791618160.0770276,2.9332884306066176,-2.8216617359834557,-1.081186954273896,4.21128498199016,9.475661252085281,-11.433421509553868,-2.942718678405577,15.138390825964182
832,1791618160.0871117,2.6219358915441178,-2.922252556295956,-0.5255424230238962,3.9610986683675686,9.503105994012799,-11.452510574028917,-2.950628352670317,15.17152693888351
833,1791618160.1071117,2.688996438419118,-2.4624088062959557,-0.35789105583639613,3.6636382167187667,9.55733905736481,-11.492768130366645,-2.965287724602578,15.238746026018047
834,1791618160.1171114,3.191950539981618,-2.050465446920956,-0.7267240636488962,3.8627819849678366,9.584798160624564,-11.513261755654016,-2.9723312503027226,15.272796243505757
835,1791618160.1371114,3.215900735294118,-1.9163443531709559,-0.8321049230238962,3.83494352267619,9.641091516889414,-11.554051958319087,-2.9866437707323903,15.341668856608424
836,1791618160.1766286,3.2733812040441177,-2.012145134420956,-0.7506742589613962,3.91500503090743,9.754867995258591,-11.634201539323685,-3.015372398887753,15.479165538442182
837,1791618160.1966286,3.2638011259191178,-1.882814079733456,-0.6692435948988962,3.8269143755389456,9.813619535885488,-11.674523713318539,-3.0298611111802445,15.549330875667692
838,1791618160.2066302,3.0099290556066176,-1.6337320484834559,-0.6931937902113962,3.494176720890707,9.843299186304984,-11.694301344547966,-3.0370418391833414,15.584314099156204
839,1791618160.2266302,2.732106789981618,-1.470870720358456,-0.7650443761488962,3.1958036681480477,9.902359218315251,-11.732574607008928,-3.0514343949875613,15.653155492248098
840,1791618160.236627,2.645886086856618,-1.2840591969209558,-0.6740336339613962,3.0172574543001662,9.931484192807673,-11.750901257017782,-3.0586283082778403,15.686722594358878
841,1791618160.256627,2.5979856962316177,-1.260109001608456,-0.5926029698988962,2.947640183891469,9.988877800486984,-11.785882470098874,-3.0727617056533068,15.752033830962118
842,1791618160.2972057,2.6171458524816176,-1.2361588062959559,-0.6452933995863962,2.965458578212574,10.103730081324693,-11.853807930623832,-3.1009034619632203,15.881238185129062
843,1791618160.3172057,2.463864602481618,-1.1930484547334559,-0.48243207146139616,2.779700361240096,10.159467757670347,-11.885908402911236,-3.114384744526235,15.943305680393793
844,1791618160.3271856,2.3584837431066177,-0.9774966969209559,-0.31478070427389615,2.57235927715643,10.18671834317169,-11.90114842822344,-3.120699526521047,15.97326923483557
845,1791618160.3471856,2.3824339384191178,-0.7858951344209559,-0.18544964958639612,2.515554452952565,10.24024867234874,-11.929753547104669,-3.132206543307734,16.030983450685
846,1791618160.357389,2.363273782169118,-0.6517740406709559,-0.26688031364889614,2.4659881328574564,10.267093402616297,-11.943258143992187,-3.1375426302448965,16.059227745713265
847,1791618160.377389,2.277053079044118,-0.5511832203584559,-0.3004105870863961,2.361994959355885,10.318780320673774,-11.967562803004705,-3.147284105565986,16.112268120638216
848,1791618160.41671,2.2052024931066176,-0.32126134535845585,-0.42495160271139615,2.2686363199667223,10.418374978926016,-12.010752235222665,-3.1657026365965613,16.21179754502172
849,1791618160.43671,2.2147825712316176,-0.28773107192095587,-0.6069730870863962,2.3144043155912297,10.468063618900572,-12.030338204874411,-3.175213573984564,16.260116066419283
850,1791618160.4508517,2.0423411649816177,-0.38832189223345587,-0.6452933995863962,2.176776262668263,10.502443086374015,-12.042826946576232,-3.1822581015246025,16.292874463164164
851,1791618160.4708517,2.056711282169118,-0.43143224379595585,-0.5926029698988962,2.1834315558591575,10.549919529149903,-12.059069406388256,-3.192583234818671,16.337519540336377
852,1791618160.4773579,2.090241555606618,-0.4458023609834559,-0.5638627355238961,2.2103824760334327,10.565070997594866,-12.06398873334852,-3.1960025934947347,16.351604872923186
853,1791618160.4973578,2.114191750919118,-0.5176529469209559,-0.6069730870863962,2.2596875141394186,10.610966731271484,-12.078287565200764,-3.2066932467269478,16.39391737988324
854,1791618160.536371,2.209992532169118,-0.7619449391084558,-0.6644535558363962,2.430252170113194,10.699717130126976,-12.10573997682376,-3.22813917152337,16.475854137553085
855,1791618160.556371,2.4351243681066177,-1.1259879078584558,-0.5734428136488962,2.7434496746460795,10.745357796116865,-12.120534265155525,-3.2393410786908015,16.51857728932708
856,1791618160.5668876,2.5740355009191176,-1.3654898609834558,-0.6692435948988962,2.9896669228784916,10.769708212836564,-12.129111836131976,-3.2453280249534715,16.54188994379374
857,1791618160.5868876,2.540505227481618,-1.5235611500459558,-0.7410941808363961,3.0536250545311474,10.816742070532646,-12.1473109129612,-3.2571213311879124,16.58818588039863
858,1791618160.5968888,2.7081565946691177,-1.585831657858456,-0.7458842198988962,3.225727430799155,10.84067080485609,-12.15737876303488,-3.2632494495167848,16.61236885145891
859,1791618160.6168888,2.8901780790441176,-1.5954117359834559,-0.6836137120863962,3.3713195700279486,10.88974229848481,-12.17926392863321,-3.275810253777102,16.66288960503149
860,1791618160.6569078,2.9141282743566177,-1.485240837545956,-0.7794144933363961,3.362375781696883,10.99062482176203,-12.225732806605208,-3.3015649764174517,16.767907082422088
861,1791618160.6769078,2.962028664981618,-1.451710564108456,-0.7458842198988962,3.381925582210682,11.042293686454805,-12.24987808993652,-3.3147934625663935,16.821998061339187
862,1791618160.6874776,3.148840188419118,-1.5570914234834559,-0.4393217198988961,3.5401598561172354,11.070348543611344,-12.263109756197839,-3.3216754837880997,16.851409608373757
863,1791618160.7074776,3.378762063419118,-1.422970329733456,-0.4393217198988961,3.6924085925147665,11.125262042749489,-12.288861030647196,-3.3340621650656064,16.908682132884387
864,1791618160.7164721,3.1009397977941178,-1.4421304859834558,-0.45369183708639615,3.4498411921688703,11.150624989691098,-12.30063774819641,-3.3393996426325008,16.93498499102648
865,1791618160.7364721,2.688996438419118,-1.418180290670956,-0.25730023552389614,3.050924547391972,11.20724650088431,-12.32718650611561,-3.3505540981466426,16.99376691768925
866,1791618160.7766507,2.832697610294118,-1.2409488453584558,-0.22376996208639613,3.1006777943047616,11.320571816284685,-12.38053387944329,-3.3710509811572633,17.111310589936224
867,1791618160.7966506,3.048249368106618,-1.145148064108456,-0.37226117302389616,3.2774634520975003,11.37734242337471,-12.406684885405882,-3.38061748503327,17.169692048624327
868,1791618160.8076506,2.842277688419118,-0.9152261891084559,-0.47764203239889613,3.023958224980838,11.408742158203575,-12.420610197283658,-3.385790961431214,17.20158526821722
869,1791618160.8276505,2.516555032169118,-0.7332047047334559,-0.5734428136488962,2.683183748740393,11.465307578075702,-12.444603917741865,-3.3953630118005984,17.258329424114606
870,1791618160.836649,2.415964211856618,-0.9870767750459559,-0.6548734777113961,2.6907364985477322,11.490268867336667,-12.454940869681876,-3.3998526367698503,17.283252838013713
871,1791618160.856649,2.459074563419118,-1.097247673483456,-0.7075639073988962,2.7841779484209295,11.544738890421904,-12.477596173199043,-3.410378199068346,17.3378799675777
872,1791618160.8971798,2.535715188419118,-0.9056461109834559,-0.7363041417738961,2.791449477298891,11.653750343062045,-12.522709857542631,-3.4328982696523984,17.44743390199248
873,1791618160.9171798,2.449494485294118,-0.7619449391084558,-0.6405033605238961,2.644017374860023,11.706951092980555,-12.544133385663223,-3.444409127704015,17.50062686105158
874,1791618160.927195,2.387223977481618,-0.7954752125459559,-0.6021830480238961,2.587323627953322,11.733228982909814,-12.554422124580032,-3.4502421432169617,17.52673238497039
875,1791618160.947195,2.492604836856618,-1.068507439108456,-0.6931937902113962,2.7991614192359036,11.785153071125698,-12.57468230375783,-3.462086225223429,17.57835342064739
876,1791618160.9867566,2.4447044462316176,-1.2026285328584558,-0.5830228917738961,2.7861821386625674,11.887106012145404,-12.615485793416894,-3.4857871388651063,17.680624511746306
877,1791618161.0067565,2.396804055606618,-1.130777946920956,-0.5207523839613961,2.7008353321919834,11.938178485040796,-12.636519574857262,-3.4976273241671536,17.7323187825282
878,1791618161.016758,2.4111741727941176,-1.1164078297334559,-0.5734428136488962,2.718264886718203,11.963493887136504,-12.647145839577986,-3.5034808857758373,17.75809286472238
879,1791618161.036758,2.688996438419118,-1.2457388844209558,-0.7315141027113962,3.052487526011323,12.014174163819415,-12.668751122493608,-3.5153879507108345,17.80998563408382
880,1791618161.0467582,2.8135374540441176,-1.422970329733456,-0.7889945714613962,3.2501307663548475,12.039840789819326,-12.679935164376788,-3.5215889815669983,17.83648258407723
881,1791618161.0667582,2.808747414981618,-1.3559097828584559,-0.7746244542738961,3.2136577953441647,12.091906433005693,-12.703115898480064,-3.5344759089950926,17.890664455688842
882,1791618161.1070516,2.7943772977941177,-1.4421304859834558,-0.7746244542738961,3.2385687990513903,12.198000160031015,-12.751267994034553,-3.561226274754577,18.00189923146469
883,1791618161.1270516,2.909338235294118,-1.648102165670956,-0.6692435948988962,3.410040572360802,12.251317129569323,-12.776218916921577,-3.5746781703042774,18.05837382611273
884,1791618161.1370492,2.9045481962316178,-1.590621696920956,-0.5494926183363962,3.356846696611901,12.278330810182922,-12.789248992373102,-3.5813076962205264,18.087234782802263
885,1791618161.1570492,2.851857766544118,-1.427760368795956,-0.49680218864889614,3.2277553819874116,12.332899619514796,-12.815932971926449,-3.5941500186588975,18.145701014911644
886,1791618161.167621,2.885388039981618,-1.3223795094209558,-0.5590726964613961,3.222842532320496,12.361966242061376,-12.830102570439152,-3.600757235140794,18.176776226940607
887,1791618161.1876209,2.9476585477941177,-1.351119743795956,-0.6644535558363962,3.3099416919822935,12.417456749768283,-12.856898415722537,-3.613217339925336,18.23590986351138
888,1791618161.22662,2.856647805606618,-1.413390251608456,-0.5782328527113961,3.2392069894611057,12.526407381751012,-12.909397525788924,-3.6375042685204364,18.35197165636259
889,1791618161.24662,2.765637063419118,-1.4804507984834558,-0.5015922277113961,3.1768030622291183,12.582333176372975,-12.93662302832431,-3.649710853963073,18.411727590200837
890,1791618161.2566266,2.703366555606618,-1.4421304859834558,-0.48722211052389613,3.1024694128320793,12.610221993281028,-12.950394988425396,-3.6556442211338482,18.441642110928502
891,1791618161.2766266,2.688996438419118,-1.375069939108456,-0.46327191521139616,3.0555097857303726,12.665689889636905,-12.97801749819884,-3.6671499558739797,18.50126015607781
892,1791618161.2871723,2.6842063993566176,-1.298429314108456,-0.5303324620863962,3.028553317745255,12.69480009294575,-12.992512290938302,-3.6730926281974536,18.532537184243196
893,1791618161.3071723,2.6746263212316177,-1.2074185719209558,-0.6500834386488962,3.0056769692117933,12.74976471656258,-13.019637030791067,-3.6844429880825995,18.591464946950286
894,1791618161.347144,2.5644554227941176,-1.298429314108456,-0.6931937902113962,2.9568341059352576,12.85884438227209,-13.073228585775613,-3.7077518830909244,18.70846355342938
895,1791618161.3671439,2.439914407169118,-1.331959587545956,-0.5926029698988962,2.8422661622550436,12.91274269327464,-13.099966742916656,-3.7195938882422204,18.766550861084966
896,1791618161.3766918,2.5452952665441178,-1.1930484547334559,-0.5734428136488962,2.8689247584695106,12.938183882075212,-13.112624920480554,-3.725234235257102,18.794012466185343
897,1791618161.3966918,2.6219358915441178,-1.140358025045956,-0.5686527745863962,2.915189568912932,12.991232387392197,-13.138662727580323,-3.7369899326836733,18.851038989119818
898,1791618161.406693,2.6746263212316177,-1.140358025045956,-0.5878129308363962,2.9664063149154334,13.017753581221946,-13.151440854095268,-3.7428541515285674,18.879387226279288
899,1791618161.426693,2.660256204044118,-1.068507439108456,-0.5878129308363962,2.926464635057769,13.070836552850785,-13.17647437495194,-3.754585572398255,18.93576399212787
900,1791618161.4672072,2.626725930606618,-0.9583365406709559,-0.6021830480238961,2.8601962280643836,13.178302660885262,-13.225737206104567,-3.778401277941342,19.048992148772147
901,1791618161.4872072,2.6219358915441178,-0.9727066578584559,-0.5734428136488962,2.854740394875684,13.231268988905107,-13.249304710568635,-3.7901579100565437,19.10434116512324
902,1791618161.497208,2.703366555606618,-1.0828775562959558,-0.6644535558363962,2.987024115029124,13.257776179023946,-13.260863688902221,-3.7960834651488273,19.131894434768256
903,1791618161.517208,2.746476907169118,-1.1259879078584558,-0.6931937902113962,3.0481964833396726,13.311008862561282,-13.283825373287526,-3.8081924172948947,19.187112940052362
904,1791618161.5272088,2.703366555606618,-1.226578728170956,-0.6213432042738961,3.032944689220564,13.337722042304376,-13.295349336645542,-3.8143250623726113,19.21484371371927
905,1791618161.5472088,2.626725930606618,-1.255318962545956,-0.5782328527113961,2.9681421873292084,13.391126331053048,-13.318661516199986,-3.826549175737193,19.27048228746919
906,1791618161.5867462,2.612355813419118,-1.149938103170956,-0.5878129308363962,2.9141524631850597,13.496399307149515,-13.364966285409254,-3.850547555351256,19.380449802421346
907,1791618161.6067462,2.6219358915441178,-1.149938103170956,-0.6165531652113961,2.9286589535184624,13.549515158693412,-13.388325845991007,-3.862672731634566,19.435968476662197
908,1791618161.6167443,2.669836282169118,-1.2361588062959559,-0.5926029698988962,3.001215195200546,13.576053158252705,-13.400040995297873,-3.8687316419244575,19.463745850904303
909,1791618161.6367443,2.6075657743566176,-1.331959587545956,-0.5686527745863962,2.98276408529009,13.62909245961561,-13.423812722393462,-3.8807756363466983,19.519511490257788
910,1791618161.6467457,2.5548753446691177,-1.2074185719209558,-0.5734428136488962,2.883415387200281,13.655509768331058,-13.435821955902938,-3.886751759620268,19.547406423989337
911,1791618161.6667457,2.6650462431066178,-1.1211978687959558,-0.6069730870863962,2.9543142126958126,13.708242644629829,-13.459727654125066,-3.8986803382391275,19.603058264134177
912,1791618161.7073054,2.818327493106618,-1.2026285328584558,-0.6500834386488962,3.1323942478001534,13.815823472826851,-13.508005140594408,-3.9230666685417517,19.71632910042997
913,1791618161.7273054,2.7608470243566177,-1.1547281422334559,-0.6021830480238961,3.052588704311812,13.869283024594083,-13.531775915036796,-3.935166210074319,19.77249362452734
914,1791618161.737303,2.6075657743566176,-1.212208610983456,-0.5447025792738961,2.9266960696331457,13.896023262958314,-13.543650863160625,-3.941167247524429,19.800574246744194
915,1791618161.757303,2.6219358915441178,-1.2026285328584558,-0.45369183708639615,2.9200512821612157,13.949336753918846,-13.567465341438872,-3.9528690342583013,19.856618172976344
916,1791618161.7668397,2.7512669462316177,-1.145148064108456,-0.44411175896139615,3.0129834305229393,13.974788564178812,-13.578796895249253,-3.9582540676767715,19.883315010335007
917,1791618161.7868397,2.698576516544118,-1.1164078297334559,-0.46806195427389613,2.9576618554142136,14.028333145880596,-13.602388598717257,-3.9692215663502624,19.93925340340268
918,1791618161.829851,2.6219358915441178,-1.063717400045956,-0.4393217198988961,2.863397649664241,14.143374540512086,-13.652546429351867,-3.9921969782373132,20.059030487834175
919,1791618161.849851,2.7512669462316177,-1.1547281422334559,-0.48243207146139616,3.0225167651258964,14.196903944212778,-13.675698757264486,-4.002660538478622,20.114624269096943
920,1791618161.8598661,2.7512669462316177,-1.288849235983456,-0.5351225011488961,3.0849567669187263,14.223821848192491,-13.687388988630667,-4.007878666891579,20.142611963291422
921,1791618161.8798661,2.679416360294118,-1.3127994312959559,-0.5255424230238962,3.0296714701466545,14.277658583579543,-13.711134573012762,-4.018326965877689,20.198853866326875
922,1791618161.8874216,2.6937864774816176,-1.2026285328584558,-0.5399125402113961,2.999050937444315,14.297990798443335,-13.720184875661031,-4.022285754698428,20.22015817413746
923,1791618161.9074216,2.756056985294118,-1.092457634420956,-0.6500834386488962,3.0351148687321055,14.35191342424328,-13.743990853940566,-4.032978096764482,20.276578011566905
924,1791618161.9466386,2.669836282169118,-1.068507439108456,-0.7746244542738961,2.978217078417196,14.45774659500644,-13.790024838371822,-4.054989735894931,20.38710777443788
925,1791618161.9666386,2.550085305606618,-1.1547281422334559,-0.7698344152113962,2.903270083058171,14.51145357437989,-13.813314735711593,-4.066848139963641,20.443316820485265
926,1791618161.9782035,2.535715188419118,-1.188258415670956,-0.7698344152113962,2.9042132507851632,14.542262467581862,-13.826794235313294,-4.074012151030272,20.4757224905124
927,1791618161.9982035,2.626725930606618,-1.1164078297334559,-0.7410941808363961,2.948775363041569,14.595293803918668,-13.850065487224942,-4.086809314589238,20.531656669566132
928,1791618162.0075781,2.6746263212316177,-1.020607048483456,-0.6931937902113962,2.9454681014104924,14.620149999000962,-13.860839785662181,-4.0929164245280205,20.55781190728368
929,1791618162.027578,2.6219358915441178,-0.8769058766084559,-0.6069730870863962,2.830534943123805,14.67316919292167,-13.883224223212826,-4.105941339074502,20.61321331757933
930,1791618162.0668933,2.526135110294118,-0.9008560719209558,-0.5638627355238961,2.740591440235122,14.776938707069625,-13.925868331739832,-4.131157025982213,20.72086351286473
931,1791618162.0868933,2.550085305606618,-0.8864859547334559,-0.48243207146139616,2.7425413611074343,14.829423182307222,-13.946988742676075,-4.143629781705955,20.774983867048476
932,1791618162.0968919,2.645886086856618,-0.9727066578584559,-0.46327191521139616,2.856832563222288,14.855622310755932,-13.957357826930588,-4.149639120435518,20.80184743186669
933,1791618162.1168919,2.7416868681066178,-1.379859978170956,-0.5207523839613961,3.1132046973348384,14.908248553047983,-13.978516638741091,-4.161332492920116,20.85597013940257
934,1791618162.126932,2.8710179227941177,-1.528351189108456,-0.6692435948988962,3.3206156446610136,14.934930677774995,-13.989735045400556,-4.167218152943327,20.883738844485524
935,1791618162.146932,2.6650462431066178,-1.456500603170956,-0.49201214958639616,3.076677012667186,14.988413417944166,-14.013207526054286,-4.178925739945077,20.940055928660954
936,1791618162.1864972,2.669836282169118,-1.1595181812959559,-0.4297416417738961,2.9423096480515136,15.094176865061755,-14.060439929781706,-4.201347585820637,21.051875635905848
937,1791618162.2064972,2.8039573759191176,-1.0876675953584558,-0.5638627355238961,3.0599246638563766,15.147830796223646,-14.08410499327367,-4.212471957537177,21.108380119886387
938,1791618162.2174995,2.789587258731618,-1.135567985983456,-0.6021830480238961,3.0714713327973056,15.177534922707926,-14.097005289676085,-4.2186358838126905,21.13953673067048
939,1791618162.2374995,2.7847972196691178,-1.1595181812959559,-0.5878129308363962,3.073288468252078,15.231793219323567,-14.120380546679701,-4.229944941600066,21.196346516988484
940,1791618162.2464979,2.722526711856618,-1.0732974781709559,-0.5399125402113961,2.975840171195097,15.256260114498334,-14.130826877172689,-4.23503096729405,21.221904443470628
941,1791618162.2664979,2.6937864774816176,-1.1164078297334559,-0.5638627355238961,2.969982022347186,15.310608027155192,-14.153846892438123,-4.246295271484414,21.27856018504072
942,1791618162.307036,2.612355813419118,-1.226578728170956,-0.5686527745863962,2.9414731428913212,15.42037495925027,-14.200630891812647,-4.269145449877099,21.39325792116719
943,1791618162.327036,2.569245461856618,-1.221788689108456,-0.49201214958639616,2.88718994862562,15.474179045614399,-14.223922705477834,-4.280318861421929,21.449739481461865
944,1791618162.337036,2.578825539981618,-1.216998650045956,-0.5494926183363962,2.9040263458655726,15.500906831888345,-14.235650815045547,-4.285848689159481,21.477904127851016
945,1791618162.3570359,2.655466164981618,-1.2792691578584559,-0.6309232823988962,3.0143149005840546,15.554195498623784,-14.259332999451576,-4.297020018475824,21.534297207892322
946,1791618162.3965745,2.7416868681066178,-1.308009392233456,-0.6261332433363962,3.1015767427761904,15.659746102449699,-14.306800684269355,-4.3195199136339335,21.646488077673908
947,1791618162.4165745,2.736896829044118,-1.2457388844209558,-0.5351225011488961,3.054312641532619,15.713346395429204,-14.331040458269932,-4.330935826562344,21.70357068993761
948,1791618162.427584,2.6410960477941177,-1.130777946920956,-0.49680218864889614,2.9156233490563923,15.74286675198376,-14.344344615185475,-4.337129427771563,21.7349664753171
949,1791618162.447584,2.602775735294118,-0.9870767750459559,-0.5399125402113961,2.8355365698838173,15.796315698213347,-14.368064687024498,-4.348248198197337,21.79156109325966
950,1791618162.4566042,2.6410960477941177,-0.8912759937959559,-0.5159623448988961,2.834780127654391,15.8203537260208,-14.378428868349014,-4.353225063522949,21.816814093544384
951,1791618162.4766042,2.6315159696691177,-0.7044644703584559,-0.4393217198988961,2.759374940488505,15.873565430302571,-14.400355126162534,-4.364037539080862,21.872017073699432
952,1791618162.518219,2.4447044462316176,-0.5176529469209559,-0.49201214958639616,2.5468844414737815,15.983520648772258,-14.442948911672648,-4.386067595194495,21.984296544227437
953,1791618162.538219,2.2147825712316176,-0.45059240004595585,-0.5878129308363962,2.335341386279313,16.0354275038345,-14.461801197799296,-4.396686794412172,22.03654881971221
954,1791618162.5462198,2.1381419462316176,-0.5224429859834558,-0.5973930089613961,2.280674475455537,16.055689760448537,-14.468795546089574,-4.401008908695133,22.056747213783076
955,1791618162.5662198,2.1620921415441177,-0.6805142750459559,-0.5734428136488962,2.338071591631384,16.10519278167803,-14.485461375920817,-4.411948668321036,22.105906831890152
956,1791618162.5797877,2.1429319852941178,-0.8002652516084559,-0.6405033605238961,2.375463432968594,16.138118840392984,-14.496578348584176,-4.419492246977398,22.13868955571625
957,1791618162.5997877,2.1429319852941178,-1.0062369312959558,-0.7937846105238962,2.4969509933927547,16.18580246358329,-14.513217153423337,-4.4310954331079095,22.18666897643425
958,1791618162.6367733,2.253102883731618,-1.379859978170956,-0.8704252355238962,2.7817487763409754,16.27295018345145,-14.545990389651138,-4.453950766614744,22.276274857353144
959,1791618162.6567733,2.406384133731618,-1.5235611500459558,-0.7171439855238961,2.937042504455413,16.319995764179907,-14.565409324344612,-4.466837285684715,22.325905264184435
960,1791618162.6672847,2.5452952665441178,-1.461290642233456,-0.6261332433363962,3.000990032203025,16.344916345426924,-14.576437561765973,-4.47365312205579,22.352682044612582
961,1791618162.6872847,2.736896829044118,-1.446920525045956,-0.5303324620863962,3.140929126703376,16.39314344330481,-14.59863573707847,-4.4864110058211,22.404981612351857
962,1791618162.696302,2.8710179227941177,-1.255318962545956,-0.34352093864889616,3.152233532913246,16.415418228380396,-14.608970304986224,-4.491891223026951,22.42911179124397
963,1791618162.716302,2.9811888212316178,-1.135567985983456,-0.14712933708639614,3.193532288933113,16.466190692831297,-14.632040165713038,-4.502958930782499,22.483520064172282
964,1791618162.7572892,3.0769896024816177,-1.461290642233456,-0.07527875114889612,3.4071839171423646,16.573257398004515,-14.680209796157449,-4.522922126365627,22.59730614477921
965,1791618162.7772892,3.0242991727941178,-1.767853142233456,-0.34352093864889616,3.5199001199406363,16.626816598129125,-14.70503247318331,-4.531830314196675,22.654502780283433
966,1791618162.7868254,2.8039573759191176,-1.667262321920956,-0.4489017980238961,3.2929399387686327,16.65269218318826,-14.717549761482696,-4.536007485404361,22.682455595401994
967,1791618162.8068254,2.732106789981618,-1.1643082203584558,-0.48722211052389613,3.0095525462834662,16.70712381362057,-14.744111265436626,-4.544858173661702,22.74142781247304
968,1791618162.816826,2.703366555606618,-0.8577457203584559,-0.6931937902113962,2.919663693912927,16.734335803891607,-14.75691735952489,-4.549505359621511,22.770652247366137
969,1791618162.836826,2.626725930606618,-0.9727066578584559,-0.8416850011488962,2.9247702470317885,16.788588009889956,-14.781431838396175,-4.559707326716948,22.828454732291654
970,1791618162.8763766,2.415964211856618,-0.9774966969209559,-0.7506742589613962,2.7121752724576242,16.894738610166858,-14.828423088022152,-4.581579210359361,22.94134242026931
971,1791618162.8963766,2.4447044462316176,-1.011026970358456,-0.6884037511488962,2.733615753688274,16.947656248834612,-14.851604088568992,-4.593139002662797,22.997611228778613
972,1791618162.9063795,2.415964211856618,-0.8098453297334559,-0.6261332433363962,2.623885548089705,16.973799220717424,-14.862824876101994,-4.59903950386309,23.02530320410563
973,1791618162.9263794,2.353693704044118,-0.7092545094209559,-0.5973930089613961,2.5297814962456404,17.025384041334483,-14.884173406551284,-4.610902774500079,23.07948751916099
974,1791618162.9373765,2.344113625919118,-0.723624626608456,-0.5926029698988962,2.5238224128069895,17.05336816988975,-14.895332992806521,-4.617428858979969,23.10863388805449
975,1791618162.9573765,2.219572610294118,-0.8960660328584559,-0.48722211052389613,2.442707983487567,17.103473424244967,-14.915013758884497,-4.629137051517215,23.160642228645067
976,1791618162.9969473,2.2052024931066176,-0.963126579733456,-0.3914213292738961,2.4379789788271866,17.200870379566574,-14.953629834563356,-4.651435079995107,23.26191813559671
977,1791618163.0169473,2.3345335477941176,-0.8960660328584559,-0.4105814855238961,2.534079394429837,17.24952260628202,-14.973008442634383,-4.662217521495559,23.312513467783244
978,1791618163.0269477,2.430334329044118,-0.9008560719209558,-0.43453168083639615,2.6280952027842677,17.273774606507065,-14.982592498339928,-4.667434142139782,23.33765859290371
979,1791618163.0469477,2.526135110294118,-1.030187126608456,-0.36268109489889616,2.7521231236787944,17.3224357381269,-15.001781178205313,-4.6774977924065455,23.388014110186
980,1791618163.0569513,2.540505227481618,-1.092457634420956,-0.34352093864889616,2.786689277468207,17.346925450775743,-15.011531835063952,-4.682306213802334,23.413370157021856
981,1791618163.0769513,2.526135110294118,-1.097247673483456,-0.37226117302389616,2.7791886286048775,17.396143031899808,-15.031386580585465,-4.691551279997723,23.464420477270885
982,1791618163.1165082,2.5979856962316177,-1.2026285328584558,-0.33394086052389615,2.8822493931297486,17.494088419026358,-15.071589059624632,-4.709188979548427,23.56634013248577
983,1791618163.1365082,2.780007180606618,-1.130777946920956,-0.43453168083639615,3.0324769531057663,17.544248350808196,-15.092366559012216,-4.7179216543214055,23.6186147621477
984,1791618163.1465101,2.6842063993566176,-0.9200162281709559,-0.5686527745863962,2.8939177307742763,17.569669325838326,-15.102737068058723,-4.722386280122167,23.64501806607272
985,1791618163.16651,2.5213450712316177,-0.982286735983456,-0.6596635167738961,2.78517937578094,17.62068506198031,-15.123217023170827,-4.731817169286422,23.697897141032865
986,1791618163.1770532,2.473444680606618,-1.054137321920956,-0.7171439855238961,2.782701848466874,17.647493867003853,-15.134004000906517,-4.737131673101317,23.725777824419005
987,1791618163.1970532,2.3489036649816177,-1.063717400045956,-0.6836137120863962,2.6676151974895377,17.69795460284665,-15.154573985726017,-4.747802052956427,23.778568799389966
988,1791618163.2370708,2.3680638212316176,-1.068507439108456,-0.6069730870863962,2.6679300473032255,17.797932821172658,-15.195957873678497,-4.7698231640899955,23.88377611313328
989,1791618163.2570708,2.4973948759191176,-1.0014468922334558,-0.5734428136488962,2.751129532529625,17.847703011714106,-15.21664320032378,-4.780948632297493,23.936252900255212
990,1791618163.2665284,2.569245461856618,-0.9870767750459559,-0.5638627355238961,2.8094988854987006,17.871301899210323,-15.226368121397273,-4.786227203241115,23.961086965788237
991,1791618163.2865283,2.4447044462316176,-0.9583365406709559,-0.45369183708639615,2.6647373299536756,17.9212417398361,-15.246766752346996,-4.79724174761663,24.01350308229087
992,1791618163.2965271,2.353693704044118,-0.9774966969209559,-0.37705121208639614,2.576342652188198,17.94606200812055,-15.256886837491063,-4.802545353353857,24.039512878640792
993,1791618163.3165271,2.483024758731618,-1.0876675953584558,-0.4489017980238961,2.747716429098196,17.99551656555492,-15.277190776860499,-4.812801486376363,24.09137257694172
994,1791618163.356594,2.602775735294118,-1.149938103170956,-0.5878129308363962,2.905567622861104,18.095013067384052,-15.318489339459529,-4.833381465343916,24.196015993164348
995,1791618163.376594,2.5117649931066177,-1.149938103170956,-0.6069730870863962,2.8283806939956815,18.144900178352458,-15.339461691218302,-4.843905508789125,24.24870940971512
996,1791618163.3871598,2.415964211856618,-1.1211978687959558,-0.5447025792738961,2.7185784214975657,18.171206632194625,-15.350678944133966,-4.849543903731736,24.276617774929306
997,1791618163.4071598,2.4351243681066177,-1.145148064108456,-0.5111723058363962,2.7390677069273215,18.220809544544235,-15.372126679539708,-4.860199721012371,24.32944143293264
998,1791618163.4171598,2.559665383731618,-1.1978384937959559,-0.5063822667738962,2.8710846267563004,18.245636871034147,-15.382999205329742,-4.865491608558287,24.35596308861071
999,1791618163.4371598,2.5979856962316177,-1.1211978687959558,-0.48243207146139616,2.8704276758683904,18.29557979530886,-15.40496105039928,-4.875971037479187,24.409345721857612
1000,1791618163.4767017,2.5117649931066177,-0.8912759937959559,-0.4489017980238961,2.7027484348310966,18.39466433890221,-15.44783698438168,-4.896344090914653,24.514761452919462
1001,1791618163.4967017,2.4447044462316176,-0.7811050953584558,-0.5255424230238962,2.61971369386378,18.444697724675194,-15.46877888841356,-4.906564592798773,24.567547100933254
1002,1791618163.5077388,2.516555032169118,-0.8385855641084559,-0.5159623448988961,2.7023123652939116,18.472274117010663,-15.479943021059453,-4.912220942380638,24.596411558924448
1003,1791618163.5277388,2.583615579044118,-1.135567985983456,-0.2908305089613961,2.837105302242541,18.522399086655007,-15.500099877844956,-4.922143360431279,24.64872936703077
1004,1791618163.5367398,2.660256204044118,-1.408600212545956,-0.3195707433363961,3.0270849162083824,18.545114084820074,-15.509528261337884,-4.926351185051806,24.672568964473314
1005,1791618163.5567398,2.732106789981618,-1.643312126608456,-0.43453168083639615,3.2177165877330727,18.596103842312544,-15.53191326586793,-4.9354295455053725,24.72678451823372
1006,1791618163.5972545,2.626725930606618,-1.470870720358456,-0.4105814855238961,3.0383757086285454,18.700185283915186,-15.579920249454064,-4.953629326427956,24.83886648250588
1007,1791618163.6172545,2.4255442899816178,-1.0780875172334559,-0.5111723058363962,2.7031157806744286,18.751436287009806,-15.603887428280334,-4.962648589483626,24.89428743151603
1008,1791618163.627254,2.320163430606618,-1.0876675953584558,-0.5686527745863962,2.6247943006570864,18.776776032369078,-15.615697230904212,-4.967291422921933,24.921703438112996
1009,1791618163.647254,2.396804055606618,-1.183468376608456,-0.6596635167738961,2.753256805088674,18.826931098159864,-15.639181553450396,-4.977027088824117,24.97615128236397
1010,1791618163.6572788,2.459074563419118,-1.092457634420956,-0.6596635167738961,2.770499476055186,18.851950790885418,-15.650898313913036,-4.982166954223281,25.00337285676006
1011,1791618163.6772788,2.526135110294118,-1.011026970358456,-0.6452933995863962,2.7964151519047813,18.901856872633257,-15.673922763747449,-4.992840546708951,25.05754386930799
1012,1791618163.7167723,2.463864602481618,-1.0062369312959558,-0.6117631261488962,2.7308232575143476,19.00040359391162,-15.718543964834678,-5.014479359050045,25.16412057569883
1013,1791618163.7367723,2.449494485294118,-1.0732974781709559,-0.6931937902113962,2.7626994662688285,19.05019301314376,-15.740870437501192,-5.02575120867054,25.21791092021073
1014,1791618163.74677,2.535715188419118,-1.1259879078584558,-0.6788236730238961,2.856309133213791,19.075086483520135,-15.752005995291398,-5.031569369385596,25.24482734241627
1015,1791618163.76677,2.612355813419118,-1.2840591969209558,-0.5830228917738961,2.968691059951228,19.12513757432603,-15.774556025195523,-5.043355369375855,25.299069911969923
1016,1791618163.8073099,2.655466164981618,-1.303219353170956,-0.5542826573988962,3.0095033643667337,19.227389945586136,-15.821275233579403,-5.067120043184968,25.410253435736262
1017,1791618163.8273098,2.736896829044118,-1.5139810719209559,-0.6452933995863962,3.1936102627772915,19.27835686208773,-15.845092203798139,-5.078884853739707,25.46599814667425
1018,1791618163.8373518,2.7177366727941177,-1.777433220358456,-0.6021830480238961,3.302724011904601,19.304216832246706,-15.857735807532944,-5.084845411675174,25.49463130364006
1019,1791618163.8573518,2.928498391544118,-1.9115543141084559,-0.5590726964613961,3.5415681561974424,19.356464425020977,-15.884673593761052,-5.096677900210364,25.553310858593747
1020,1791618163.8669233,2.985978860294118,-1.8397037281709558,-0.5878129308363962,3.5561360495948335,19.381964098942163,-15.898324554632264,-5.102314564990531,25.582237390369524
1021,1791618163.8869233,3.038669289981618,-1.772643181295956,-0.6740336339613962,3.581912372153127,19.436290899633136,-15.927988469821392,-5.114218583779583,25.64420894378693
1022,1791618163.9269269,3.0530394071691176,-1.930714470358456,-0.6452933995863962,3.669483827369847,19.54693146063282,-15.989532689997882,-5.138415556233571,25.771127247362138
1023,1791618163.9469268,3.1632103056066176,-1.9115543141084559,-0.6261332433363962,3.7485973605728202,19.60327386099054,-16.021450042905133,-5.150605488317813,25.836097701521982
1024,1791618163.9563124,3.172790383731618,-1.772643181295956,-0.7171439855238961,3.704478122930135,19.63020818662905,-16.03677486120379,-5.156413461494581,25.86719585083042
1025,1791618163.9763124,3.0769896024816177,-1.705582634420956,-0.7171439855238961,3.590427917754569,19.688368625101184,-16.06974982975411,-5.1690847941637115,25.9343046237605
1026,1791618163.9864664,2.8805980009191177,-1.619361931295956,-0.6979838292738961,3.37747825061208,19.71800452217194,-16.086512152297157,-5.175630745937906,25.96849493483777
1027,1791618164.0064664,2.823117532169118,-1.576251579733456,-0.7363041417738961,3.3161280783839246,19.77617692105876,-16.119369283048318,-5.188741499939323,26.03563477331581
1028,1791618164.0473878,2.5452952665441178,-1.7965933766084559,-0.7937846105238962,3.215022513555673,19.89382446304164,-16.18686482586421,-5.216239250469168,26.17227534195774
1029,1791618164.0673878,2.4255442899816178,-1.882814079733456,-0.8177348058363961,3.1775689094308026,19.950154993252028,-16.22042358197118,-5.230079908353127,26.238608219208285
1030,1791618164.0771065,2.535715188419118,-1.710372673483456,-0.8129447667738962,3.164823121882708,19.97703819942943,-16.236903872327336,-5.2369853004181275,26.27061319454604
1031,1791618164.0971065,2.660256204044118,-1.499610954733456,-0.8608451573988961,3.172830041418692,20.031856556964627,-16.2705463532063,-5.251574972703449,26.33600188799672
1032,1791618164.107213,2.636306008731618,-1.5235611500459558,-0.9758060948988961,3.1974279482805588,20.059417404265112,-16.287288327609055,-5.259233832768925,26.368836306764575
1033,1791618164.127213,2.329743508731618,-1.5618814625459558,-0.8752152745863961,2.93822740719488,20.11322584513751,-16.320077720306845,-5.274893128514822,26.433147527519612
1034,1791618164.166319,2.4015940946691177,-1.451710564108456,-0.6117631261488962,2.8721719795320646,20.216532319994997,-16.38341244700396,-5.3052801306817985,26.55692715129244
1035,1791618164.1863189,2.2722630399816177,-1.054137321920956,-0.46806195427389613,2.548228170586748,20.268452147232612,-16.414703877642168,-5.32010960358701,26.6187193912389
1036,1791618164.1976967,2.3345335477941176,-0.9008560719209558,-0.5542826573988962,2.562970505563072,20.297489511056966,-16.43150334791884,-5.32815290896133,26.65279715424647
1037,1791618164.2176967,2.372853860294118,-1.0014468922334558,-0.5686527745863962,2.6375551744601573,20.347936320662154,-16.459457472479915,-5.34185509281373,26.71118995160487
1038,1791618164.226763,2.0662913602941178,-0.8146353687959559,-0.4489017980238961,2.265988436419861,20.370392994314518,-16.47146364647677,-5.347826730152474,26.736889799222293
1039,1791618164.246763,2.0615013212316176,-0.5990836109834559,-0.5638627355238961,2.2196013279193116,20.41869240213024,-16.49609658059405,-5.360543084180182,26.79140951809833
1040,1791618164.2872632,2.047131204044118,-0.5511832203584559,-0.7027738683363961,2.233481636143969,20.514308195671585,-16.541990180255148,-5.386278642341691,26.897700226666263
1041,1791618164.3072631,1.9609105009191177,-0.5511832203584559,-0.6884037511488962,2.1500866632802165,20.560455076116238,-16.56290761205032,-5.399167932695616,26.948343842762526
1042,1791618164.3162308,1.8507396024816178,-0.6374039234834559,-0.6596635167738961,2.0655935692261496,20.580606417340753,-16.571679179251095,-5.404987036658834,26.970276160839767
1043,1791618164.3362308,2.056711282169118,-0.5847134937959558,-0.6692435948988962,2.240499532993035,20.624668558446455,-16.59014064526393,-5.4180116918334775,27.017856511356566
1044,1791618164.3472261,2.104611672794118,-0.5607632984834559,-0.5734428136488962,2.2522616257248766,20.648690644533634,-16.599712392380642,-5.425122957431357,27.043498959022575
1045,1791618164.3672261,2.027971047794118,-0.3739517750459559,-0.28604046989889614,2.0819043328575826,20.69203009135936,-16.615913354365418,-5.437406918150731,27.08900293283335
1046,1791618164.4067497,2.047131204044118,-0.12007970473345586,-0.2525101964613961,2.0661381128513567,20.776909433252438,-16.644591438621344,-5.459637368144585,27.175908999476757
1047,1791618164.4267497,2.1716722196691176,-0.09612950942095586,-0.35789105583639613,2.203063122135132,20.819746133100583,-16.657250836703295,-5.47011478221436,27.21852292491658
1048,1791618164.4367468,2.1525120634191177,-0.24941075942095586,-0.35310101677389616,2.1954940760855,20.841188729118006,-16.662888622396032,-5.475099500191178,27.239378102704258
1049,1791618164.4567468,2.1285618681066176,-0.5080728687959559,-0.4201615636488961,2.228328837028317,20.884073179234466,-16.673611825291598,-5.484735838649122,27.280692276331376
1050,1791618164.46637,2.0758714384191177,-0.4841226734834559,-0.5111723058363962,2.1920114320137847,20.904647033877758,-16.678713623785065,-5.489349193553246,27.300489195690457
1051,1791618164.48637,1.9513304227941177,-0.24941075942095586,-0.49680218864889614,2.0289673630896927,20.947032493471266,-16.6888264850871,-5.499010857940072,27.341072037278067
1052,1791618164.5264733,2.0183909696691176,-0.2637808766084559,-0.35789105583639613,2.0667773138763295,21.03121363002951,-16.70760626640027,-5.518048772843459,27.42088467144114
1053,1791618164.5464733,2.099821633731618,-0.3931119312959559,-0.37705121208639614,2.1693214378119205,21.073075827548237,-16.716552465675083,-5.527221470560949,27.46029548923127
1054,1791618164.556401,2.099821633731618,-0.4362222828584559,-0.39621136833639614,2.1809457173319475,21.093865710094857,-16.72094464008736,-5.531667461521605,27.479819962242086
1055,1791618164.576401,2.166882180606618,-0.4170621266084559,-0.4201615636488961,2.2462980527190832,21.135865737479598,-16.72974559457161,-5.54050520270244,27.519200679398832
1056,1791618164.5869048,2.1525120634191177,-0.3164713062959559,-0.45369183708639615,2.2224532737298044,21.158017739035227,-16.73425229891197,-5.545138870653053,27.539888884013262
1057,1791618164.6069047,2.0758714384191177,-0.3835318531709559,-0.40579144646139614,2.1496524391776073,21.20021255043374,-16.7425962464997,-5.553927524375417,27.579152492469543
1058,1791618164.6469054,2.004020852481618,-0.40748204848345587,-0.3914213292738961,2.0821507760073397,21.28418489652839,-16.759154292916634,-5.571260181676615,27.657272449309396
1059,1791618164.6669054,2.0231810087316178,-0.22546056410845586,-0.23814007927389613,2.0495864357028144,21.325913302504695,-16.767140749825014,-5.579570770522953,27.6959057821488
1060,1791618164.6764243,2.104611672794118,-0.09133947035845585,-0.17586957146139612,2.1139213084390427,21.34574150465734,-16.77059785520884,-5.583228403501633,27.714004983229216
1061,1791618164.6964242,2.133351907169118,-0.005118767233455856,-0.21418988396139613,2.144083456396112,21.387510147932527,-16.776916677202287,-5.590345754369541,27.751441208973322
1062,1791618164.7074237,1.9992308134191177,-0.07217931410845586,-0.22856000114889613,2.0135474597920004,21.410445222758607,-16.779934346898543,-5.59403820012511,27.77168746596849
1063,1791618164.7274237,1.8890599149816178,0.014041389016544146,-0.04653851677389612,1.8896852532999737,21.451724535999087,-16.784685457553,-5.600157639075686,27.80762336230614
1064,1791618164.7669454,1.8459495634191176,0.16253259995404415,0.1259028894761039,1.8573632316575788,21.532131351545654,-16.79214238497262,-5.610201053071236,27.876209969672903
1065,1791618164.7869453,1.7261985868566176,0.39724451401654415,0.15464312385110388,1.7780549094267173,21.572076005020747,-16.794510265929045,-5.614100339615668,27.90928449211948
1066,1791618164.796971,1.6639280790441178,0.25833338120404414,0.001361873851103881,1.6838630118795734,21.591645335427483,-16.79502625760956,-5.61564449863928,27.92503390185551
1067,1791618164.816971,1.6830882352941177,0.22480310776654416,0.020522030101103882,1.6981588850182523,21.62984827462365,-16.795176486538985,-5.61823000116063,27.95519268299135
1068,1791618164.8269465,1.8315794462316177,0.21522302964154416,0.18817339728860388,1.8537565772758136,21.64867417719265,-16.794910968187878,-5.61917000424979,27.969790839337108
1069,1791618164.8469465,1.7214085477941177,0.17211267807904415,0.3701948816636039,1.7691564127527344,21.68608647469067,-16.793877472791742,-5.619934391785628,27.99829155014424
1070,1791618164.8864543,1.6303978056066177,-0.029068962545955857,0.4564155847886039,1.6933272557743513,21.75883663968851,-16.791718293847108,-5.618768542961076,28.05315196394052
1071,1791618164.9064543,1.7549388212316177,-0.22546056410845586,0.4276753504136039,1.820315614827638,21.79521857375333,-16.791171006785902,-5.616940750477996,28.08068731087596
1072,1791618164.9164696,1.8603196806066178,-0.13923986098345587,0.3222944910386039,1.8931589452269542,21.81342006800989,-16.791211997294173,-5.615599418233768,28.094573359059925
1073,1791618164.9364696,1.8938499540441178,-0.18714025160845588,0.2983442957261039,1.9263173261426292,21.849946714647242,-16.79177114469299,-5.612391670236489,28.122636609478988
1074,1791618164.9474547,2.0231810087316178,-0.3260513844209559,0.1354829676011039,2.053759122654142,21.870227047497583,-16.792455004121983,-5.610536649151073,28.138434527635393
1075,1791618164.9674547,1.9609105009191177,-0.5272330250459559,0.18338335822610388,2.038816841059603,21.90758789097294,-16.794793232223125,-5.607187622957204,28.168209739933353
1076,1791618165.0070655,1.7357786649816178,-0.3547916187959559,0.5474263269761039,1.8543139567073776,21.981465677292547,-16.801349885133984,-5.599378560204977,28.22805752341392
1077,1791618165.0270655,1.7405687040441178,0.057151740579044145,0.6528071863511039,1.8598394977794936,22.01838667697567,-16.804610294677023,-5.5942267587668475,28.257736145015006
1078,1791618165.0370684,1.6926683134191178,0.2631234202665442,0.6192769129136039,1.821500438762969,22.03665825319814,-16.80575609031257,-5.591082281605385,28.272034695348783
1079,1791618165.0570683,1.5633372587316177,0.4307747874540442,0.5713765222886039,1.719320049399525,22.07259505219234,-16.806662539447817,-5.583952220936985,28.299185155383032
1080,1791618165.0666084,1.6016575712316177,0.4116146312040442,0.4420454676011039,1.7117645210517374,22.08943033802352,-16.80642732797349,-5.580336200937296,28.311465597957646
1081,1791618165.0866084,1.6878782743566176,0.47388513901654417,0.3031343347886039,1.7791544674236501,22.124364338919268,-16.804679943600597,-5.572774851661927,28.3362062555207
1082,1791618165.1266088,1.6591380399816178,0.7085970530790442,0.3222944910386039,1.8326817940657845,22.193794007466234,-16.79816186927285,-5.558044097603337,28.383702873709762
1083,1791618165.1466088,1.4387962431066177,0.7133870921415442,0.2648140222886039,1.627630866877547,22.227948161837443,-16.793258746522667,-5.5509029398293075,28.406121563148993
1084,1791618165.1566265,1.3956858915441177,0.5840560374540442,0.08279253791360389,1.5152277607924145,22.2446188973832,-16.790196444633366,-5.54760142850883,28.416714239137324
1085,1791618165.1766264,1.5872874540441178,0.6080062327665442,0.05884234260110388,1.700769079602404,22.277383690942738,-16.78321160833366,-5.541786291957342,28.437113273138564
1086,1791618165.217122,1.7932591337316177,0.6463265452665442,-0.02258832146139612,1.906312292384042,22.34404136939427,-16.767380618346735,-5.531667947913593,28.478072052083984
1087,1791618165.237122,1.8219993681066178,0.5553158030790442,-0.13754925896139614,1.9097060342291081,22.377447008111012,-16.758932339549837,-5.527660494063827,28.49854344172803
1088,1791618165.2471972,1.7214085477941177,0.4307747874540442,-0.22376996208639613,1.7885433463734888,22.394428541884498,-16.754569734046633,-5.5262175593972165,28.509035711584367
1089,1791618165.2671971,1.7597288602941177,0.25354334214154417,-0.28604046989889614,1.8007634599014717,22.428303657773892,-16.7461821120965,-5.524547570476945,28.53040564302017
1090,1791618165.2767167,1.7932591337316177,0.11942224839154415,-0.28604046989889614,1.81985140727004,22.444545654497393,-16.742522342198225,-5.524280369978688,28.540976816184067
1091,1791618165.2967167,1.9752806181066178,0.11942224839154415,-0.5111723058363962,2.043842537949695,22.479203285336478,-16.73562848826132,-5.524999023509602,28.564338876479674
1092,1791618165.3369179,2.1285618681066176,0.07631189682904414,-0.7267240636488962,2.2504948337291393,22.550791103165864,-16.72325982388532,-5.529959248266647,28.614437750955222
1093,1791618165.3569179,1.8698997587316177,-0.12007970473345586,-0.7027738683363961,2.0012084732006157,22.587061322347434,-16.718095105267995,-5.534201036661689,28.640834908264395
1094,1791618165.36846,1.7501487821691177,-0.23983068129595586,-0.6644535558363962,1.8873362295263023,22.607986994662863,-16.715873168277156,-5.537465347879975,28.65667486307064
1095,1791618165.38846,2.133351907169118,-0.5176529469209559,-0.7123539464613962,2.3079434738132534,22.644633030988068,-16.713736768739434,-5.544338462582662,28.685677451831285
1096,1791618165.397457,2.071081399356618,-0.8864859547334559,-0.7602543370863961,2.377650556275949,22.661482459005526,-16.71386734482578,-5.5479602197023885,28.69975629617173
1097,1791618165.4174569,2.047131204044118,-1.0014468922334558,-0.8177348058363961,2.4212253627474363,22.69949718061794,-16.716945968121784,-5.55717060030306,28.73335343872792
1098,1791618165.4574585,2.157302102481618,-0.982286735983456,-0.8273148839613962,2.510635280219869,22.776738717886328,-16.72813128960309,-5.5777642508861005,28.80488946521967
1099,1791618165.4774585,2.320163430606618,-0.9248062672334559,-0.8273148839613962,2.631135666183446,22.816281193499368,-16.735745489675047,-5.588998129509222,28.842759311266825
1100,1791618165.4869738,2.3249534696691176,-1.255318962545956,-0.9614359777113962,2.811688722652597,22.83558714240021,-16.740380510877092,-5.59481764587289,28.861849633689072
1101,1791618165.5069737,2.387223977481618,-1.6816324391084558,-1.042866641773896,3.1006929566549757,22.877147358860228,-16.7530668503473,-5.6082212294137745,28.90469279423773
1102,1791618165.5169878,2.4111741727941176,-1.6385220875459559,-1.0141264073988963,3.0865786711355905,22.898439154515568,-16.760959745252492,-5.615470678999945,28.927526652683845
1103,1791618165.5369878,2.6506761259191176,-1.6768424000459559,-1.1434574620863962,3.338469608474896,22.942177130922026,-16.77933186049283,-5.6310138044625395,28.975813804916662
1104,1791618165.576539,2.6746263212316177,-1.901974235983456,-1.200937930836396,3.4947652090364283,23.03149429160271,-16.8208301040136,-5.664094995505103,29.077001681919064
1105,1791618165.596539,2.4447044462316176,-2.175006462545956,-1.1338773839613963,3.463078235241077,23.077563722529206,-16.844782409349698,-5.681816224559388,29.13080289651144
1106,1791618165.6095386,2.4111741727941176,-2.2133267750459558,-1.1195072667738961,3.4591722745541724,23.107750508334366,-16.86229406864464,-5.6938038338183805,29.167181847255662
1107,1791618165.6295385,2.602775735294118,-2.198956657858456,-1.2200980870863962,3.619183782773092,23.154747829203206,-16.89181314762951,-5.7129898891837785,29.225228004625315
1108,1791618165.6365836,2.856647805606618,-2.304337517233456,-1.162617618336396,3.849946467819124,23.171704124505695,-16.90303101406968,-5.719993437288883,29.24651525257092
1109,1791618165.6565835,2.7416868681066178,-2.342657829733456,-1.047656680836396,3.7553264985698482,23.221017941211866,-16.93707072960665,-5.740208730204507,29.309214172203554
1110,1791618165.6971018,2.5309251493566176,-2.395348259420956,-1.0237064855238962,3.6319760962953085,23.321960538438,-17.010086287560714,-5.781314650951708,29.439437459979242
1111,1791618165.7171018,2.526135110294118,-2.404928337545956,-0.9326957433363962,3.6103961353056624,23.371897928074613,-17.04792134206734,-5.801495786146347,29.50482313457119
1112,1791618165.7271051,2.6075657743566176,-2.361817985983456,-0.8033646886488962,3.608736384037897,23.396979959907544,-17.06758285712097,-5.811378110170335,29.53799538506924
1113,1791618165.7471051,2.6315159696691177,-2.385768181295956,-0.7458842198988962,3.6294778388911535,23.447463801427155,-17.108117652227897,-5.83049632643491,29.605167382304725
1114,1791618165.7571084,2.6937864774816176,-2.294757439108456,-0.9710160558363962,3.669505344225362,23.472921901829853,-17.128862252969547,-5.839912384228775,29.639172750704045
1115,1791618165.7771084,2.818327493106618,-2.419298454733456,-1.0141264073988963,3.8502502829894207,23.524454394543408,-17.171187384006355,-5.8588920520989385,29.708184845522958
1116,1791618165.8166323,2.7177366727941177,-2.553419548483456,-0.8273148839613962,3.8197505063094837,23.627427350405714,-17.257024217556797,-5.89623199241589,29.84670433653321
1117,1791618165.8366323,2.569245461856618,-2.5390494312959557,-0.5590726964613961,3.655182148370141,23.679648517110177,-17.301583030323325,-5.914372217246886,29.917391730784153
1118,1791618165.8466175,2.473444680606618,-2.543839470358456,-0.6117631261488962,3.600458576555247,23.705586129310163,-17.324299060321977,-5.922947244488724,29.95275372526893
1119,1791618165.8666174,2.7177366727941177,-2.979733025045956,-0.8321049230238962,4.117924249682135,23.75753211065825,-17.371258830556513,-5.939712171187576,30.024342557726378
1120,1791618165.8771656,2.9811888212316178,-3.2144449391084557,-0.7267240636488962,4.443902667597783,23.785327719254013,-17.397210942610048,-5.948461012154429,30.063082870974913
1121,1791618165.8971655,3.3835521024816178,-2.8216617359834557,-0.6069730870863962,4.4473156073038185,23.839671916134105,-17.448091097355,-5.964561720575157,30.138709934717884
1122,1791618165.938195,3.139260110294118,-2.189376579733456,-0.8177348058363961,3.913695703634289,23.95450685211521,-17.552233553755073,-5.997021510009798,30.29626327197993
1123,1791618165.958195,2.7081565946691177,-1.969034782858456,-1.0716068761488962,3.515615367807729,24.010858228693696,-17.601621144412977,-6.013304782495152,30.37265569878691
1124,1791618165.9676855,2.4542845243566176,-2.112735954733456,-0.8321049230238962,3.343585552044464,24.03726189991991,-17.6244467921398,-6.021227615533836,30.408325609483587
1125,1791618165.9876854,2.5452952665441178,-1.868443962545956,-0.8895853917738962,3.2803922028202424,24.092057238181827,-17.671305343298194,-6.038002043142959,30.482121369368425
1126,1791618165.9966846,2.420754250919118,-1.494820915670956,-0.8321049230238962,2.9642771996206663,24.11636615238332,-17.691496961435863,-6.045579658752553,30.514541034441873
1127,1791618166.0166845,2.4447044462316176,-1.341539665670956,-0.5878129308363962,2.849882900340232,24.16958567245956,-17.733894960092584,-6.06202421050763,30.584441135367182
1128,1791618166.0567248,2.626725930606618,-1.327169548483456,-0.4393217198988961,2.9755792206758516,24.27537959424582,-17.814058346695997,-6.093092613818824,30.720685324790352
1129,1791618166.0767248,2.463864602481618,-1.255318962545956,-0.34352093864889616,2.786478263396213,24.32793264358233,-17.851967230800813,-6.107457660760582,30.787044025015586
1130,1791618166.0867999,2.133351907169118,-1.226578728170956,-0.04174847771139612,2.461184404227934,24.35390923359766,-17.870074906452476,-6.113899778394278,30.81934851064807
1131,1791618166.1067998,2.3153733915441177,-1.3606998219209558,0.10674273322610389,2.687722448234343,24.404413338787293,-17.904509405880052,-6.124672251556798,30.88136100732311
1132,1791618166.1168013,2.8374876493566177,-1.490030876608456,-0.4297416417738961,3.2336057354248418,24.429745848917726,-17.921284513479115,-6.129493491187126,30.91206255354509
1133,1791618166.1368012,2.655466164981618,-1.858863884420956,-0.6692435948988962,3.3097979520629264,24.481044379342617,-17.954821454840772,-6.1393369025455975,30.97399885357897
1134,1791618166.208343,2.415964211856618,-2.036095329733456,-0.3099906652113961,3.1746907687604105,24.664230478238334,-18.077690416797815,-6.174520291003671,31.196984737523277
1135,1791618166.228343,2.851857766544118,-1.619361931295956,-0.47285199333639616,3.3134596410294144,24.71566145946618,-18.112370105856012,-6.184054941069079,31.259629040419036
1136,1791618166.208343,2.8135374540441176,-1.5618814625459558,-0.8081547277113962,3.3179181382722556,24.71566145946618,-18.112370105856012,-6.184054941069079,31.259629040419036
1137,1791618166.228343,2.6650462431066178,-1.648102165670956,-0.9805961339613962,3.283333824685822,24.768261583129345,-18.14629723350993,-6.195260131486732,31.32309265117351
1138,1791618166.2373533,2.8135374540441176,-1.609781853170956,-0.9949662511488961,3.3907740209328106,24.79210649108655,-18.161490837450817,-6.200886066046835,31.351862491856515
1139,1791618166.2573533,2.856647805606618,-1.604991814108456,-0.7698344152113962,3.3658699373974823,24.845600537763666,-18.19497914124557,-6.214147854237423,31.41618636287363
1140,1791618166.2968738,2.746476907169118,-1.504400993795956,-0.6165531652113961,3.19162898177086,24.95205823839548,-18.260443221915313,-6.240531962911747,31.54351337713026
1141,1791618166.3168738,2.703366555606618,-1.4421304859834558,-0.5734428136488962,3.117173035476348,25.00602642171355,-18.293022786460906,-6.2536662396247165,31.607663335115994
1142,1791618166.3268912,2.7081565946691177,-1.3654898609834558,-0.6021830480238961,3.092135043141842,25.03306852196288,-18.30900257846854,-6.260141275726832,31.639586973216243
1143,1791618166.3468912,2.732106789981618,-1.3990201344209559,-0.6931937902113962,3.1467733441044863,25.087120607141344,-18.340267787419673,-6.2730727756004026,31.70300435163044
1144,1791618166.3569186,2.6746263212316177,-1.3606998219209558,-0.7027738683363961,3.0820481945643228,25.114221892876323,-18.35566739666562,-6.279633577118146,31.734657154670998
1145,1791618166.3769186,2.6075657743566176,-1.3654898609834558,-0.7602543370863961,3.0400573160885176,25.168091383147473,-18.38586443034602,-6.292950983059299,31.797390880333438
1146,1791618166.417449,2.602775735294118,-1.499610954733456,-0.7985746495863961,3.1082142807011324,25.276722338829476,-18.446589479611614,-6.320629322673804,31.92396765219265
1147,1791618166.437449,2.669836282169118,-1.743902946920956,-0.8177348058363961,3.292098642893694,25.330195135123414,-18.476925102714564,-6.334663115399846,31.986614444488506
1148,1791618166.4474304,2.732106789981618,-1.868443962545956,-0.8368949620863961,3.4140714009234903,25.35692272996497,-18.492497985802732,-6.341855048933003,32.018200098537854
1149,1791618166.4674304,2.823117532169118,-2.064835564108456,-0.8321049230238962,3.5952659303823884,25.410777124672336,-18.524921125075185,-6.35660761255989,32.082499234163194
1150,1791618166.4769862,2.928498391544118,-2.088785759420956,-0.8416850011488962,3.694260740553552,25.436770715241153,-18.54106573781816,-6.363798544204211,32.11383432455645
1151,1791618166.4969862,3.0434593290441176,-2.203746696920956,-0.8512650792738962,3.8527647770045457,25.491971746764296,-18.57622611062347,-6.379130774241587,32.18089665447056
1152,1791618166.5369859,3.158420266544118,-2.251647087545956,-0.9231156652113962,3.987188949414046,25.604418451157464,-18.64936447705727,-6.410518515375229,32.31841251138532
1153,1791618166.5569859,3.1967405790441177,-2.352237907858456,-0.8416850011488962,4.057167379592894,25.66174131755348,-18.68735428897403,-6.426505583343894,32.388920200948625
1154,1791618166.56655,3.311701516544118,-2.294757439108456,-0.7746244542738961,4.102843122053699,25.689710342494052,-18.706129628960827,-6.434163360980008,32.42343228796898
1155,1791618166.58655,3.3691819852941176,-2.160636345358456,-0.8129447667738962,4.084190967711894,25.749445684918886,-18.746185265790835,-6.450156161738241,32.49704493659002
1156,1791618166.6275697,3.302121438419118,-2.107945915670956,-0.8416850011488962,4.006978365130018,25.874108680194784,-18.829147969166698,-6.4831274472827065,32.650225952311814
1157,1791618166.6475697,3.2063206571691176,-2.045675407858456,-0.7554642980238961,3.877628958074122,25.93553602268307,-18.869761030012366,-6.4991876184367285,32.72551527192973
1158,1791618166.6566086,3.0865696806066176,-1.897184196920956,-0.6500834386488962,3.6808733674893275,25.963399696521332,-18.888035668623495,-6.506310056506655,32.759549535546384
1159,1791618166.6766086,2.918918313419118,-1.7199527516084558,-0.6405033605238961,3.447980009080884,26.02481260239816,-18.92783144653476,-6.5216414801732,32.83421206385632
1160,1791618166.6871343,2.722526711856618,-1.648102165670956,-0.6548734777113961,3.2491924715338,26.056738738339025,-18.94829263818495,-6.529522488939849,32.87287774920113
1161,1791618166.7071342,2.5117649931066177,-1.3606998219209558,-0.5878129308363962,2.9165032877797485,26.11615382845236,-18.985852552327298,-6.544115074267728,32.944522003443275
1162,1791618166.747111,2.463864602481618,-1.140358025045956,-0.5590726964613961,2.7719320851307363,26.232019327996284,-19.057166317736,-6.572346790875587,33.08307979051761
1163,1791618166.767111,2.420754250919118,-0.9966568531709559,-0.5494926183363962,2.674942646847181,26.2886175735801,-19.09069772067791,-6.586015057941627,33.14998865362815
1164,1791618166.77664,2.233942727481618,-0.8721158375459559,-0.48722211052389613,2.447135371970634,26.31486514664522,-19.10561273503696,-6.592291304185749,33.18063999241987
1165,1791618166.79664,2.104611672794118,-0.7858951344209559,-0.41537152458639615,2.2846345351073145,26.368199937461245,-19.134708870656993,-6.604842326321178,33.242186956671404
1166,1791618166.8066564,2.0327610868566177,-0.5559732594209559,-0.4393217198988961,2.152725592128403,26.394012644646182,-19.148103127195835,-6.610827359797272,33.271561358561364
1167,1791618166.8266563,1.9225901884191177,-0.3643716969209559,-0.4393217198988961,2.005523208466419,26.443755197503275,-19.172216481869782,-6.622303170040374,33.32718069457852
1168,1791618166.8671615,1.7597288602941177,-0.15360997817095587,-0.3914213292738961,1.809268455524569,26.540572051849264,-19.21530050255659,-6.6445821533685026,33.4332201595332
1169,1791618166.8871615,1.8124192899816178,-0.19193029067095588,-0.37226117302389616,1.8601825985949971,26.58656421571358,-19.23390113722339,-6.6550781453077,33.48250908867042
1170,1791618166.8971667,1.8459495634191176,-0.3356314625459559,-0.42495160271139615,1.9237365032625837,26.608866351193438,-19.24220643191516,-6.660139504292655,33.5059955094719
1171,1791618166.9171667,1.9896507352941177,-0.4362222828584559,-0.46806195427389613,2.0899956750092485,26.652513500386352,-19.257475810569755,-6.67007882284644,33.55140536528895
1172,1791618166.9271605,2.0615013212316176,-0.30210118910845585,-0.5351225011488961,2.1511413057110635,26.674088517528943,-19.264514672555006,-6.675052335917982,33.57357364799435
1173,1791618166.9471605,2.0183909696691176,-0.38832189223345587,-0.5590726964613961,2.1300841012406595,26.716908629366976,-19.27752379379631,-6.685153843765106,33.61707025076894
1174,1791618166.986746,2.200412454044118,-0.6134537281709559,-0.48722211052389613,2.3357067087934356,26.80147400965731,-19.30238438975814,-6.705254876240982,33.70254434275947
1175,1791618167.006746,2.396804055606618,-0.6900943531709559,-0.35789105583639613,2.519719409993593,26.84468632788384,-19.315016062810177,-6.715154908807805,33.74611585054455
1176,1791618167.0167537,2.4015940946691177,-0.7954752125459559,-0.21897992302389613,2.5393674834517674,26.866667115552083,-19.321503645833385,-6.719798615639832,33.76823949317754
1177,1791618167.0367537,2.5644554227941176,-0.8529556812959559,-0.4010014073988961,2.7321726040806977,26.911455034450018,-19.334996772986077,-6.728616870074715,33.813352351798265
1178,1791618167.0467324,2.7273167509191176,-0.9966568531709559,-0.5303324620863962,2.9517510164577336,26.934409913165496,-19.342103448188812,-6.733053693309208,33.83656919972606
1179,1791618167.0667324,2.6937864774816176,-1.0014468922334558,-0.44411175896139615,2.9080262582505427,26.98164783474394,-19.357207639048866,-6.742073996627182,33.88460371961565
1180,1791618167.106314,2.6171458524816176,-0.8721158375459559,-0.33873089958639613,2.7793483174288944,27.07687838144221,-19.388178051710398,-6.75957206233658,33.98162158452946
1181,1791618167.126314,2.540505227481618,-0.9200162281709559,-0.40579144646139614,2.732263415006059,27.125515681287457,-19.404167815344035,-6.768204137375602,34.031219737573224
1182,1791618167.1373146,2.4255442899816178,-0.8673257984834559,-0.40579144646139614,2.607716595299157,27.1523521763159,-19.41311810935783,-6.772909463048624,34.0586506783404
1183,1791618167.1573145,2.4542845243566176,-0.7763150562959559,-0.45848187614889613,2.6146478202398873,27.201144068791322,-19.429415031424746,-6.781477313213525,34.108544994826815
1184,1791618167.16633,2.4686546415441177,-0.8577457203584559,-0.5494926183363962,2.6705665312095768,27.22316798094456,-19.43676428532055,-6.785441744107741,34.13108407983135
1185,1791618167.18633,2.4255442899816178,-1.015817009420956,-0.5830228917738961,2.693522784686211,27.27203815610468,-19.453432578431737,-6.7946159537518085,34.18138250905889
1186,1791618167.2275085,2.363273782169118,-1.130777946920956,-0.5494926183363962,2.6768757670719214,27.37235489959208,-19.489233043341972,-6.814169257289412,34.28569556001312
1187,1791618167.2475085,2.5452952665441178,-1.145148064108456,-0.5303324620863962,2.840975994788737,27.421132184915674,-19.50742667683483,-6.8238613157315084,34.336908263718826
1188,1791618167.258516,2.688996438419118,-1.173888298483456,-0.48243207146139616,2.973458640492855,27.44827248708861,-19.517852562162503,-6.829231570255707,34.36557339844566
1189,1791618167.278516,2.583615579044118,-1.1643082203584558,-0.41537152458639615,2.8641257995610068,27.49809670177784,-19.537461522337043,-6.8388720601386925,34.418423787443714
1190,1791618167.2870479,2.612355813419118,-1.102037712545956,-0.38184125114889617,2.860890203565516,27.519487900341232,-19.546021977140782,-6.842877848218381,34.44116964729183
1191,1791618167.3070478,2.799167336856618,-1.0397672047334559,-0.45369183708639615,3.020312881607305,27.570228029645797,-19.566291743487657,-6.852112845915656,34.49505322000682
1192,1791618167.3470256,2.7081565946691177,-1.1164078297334559,-0.5255424230238962,2.976016367888091,27.672951232011613,-19.607196178337308,-6.8707397109397945,34.604066755810415
1193,1791618167.3670256,2.4447044462316176,-1.058927360983456,-0.5015922277113961,2.7109964493087237,27.724362090940435,-19.627853204744333,-6.880201219773806,34.658765754151496
1194,1791618167.37655,2.372853860294118,-1.030187126608456,-0.5638627355238961,2.6475766547269175,27.748613745533028,-19.637707169127097,-6.884792179327085,34.684657573799015
1195,1791618167.39655,2.320163430606618,-1.0493472828584558,-0.5782328527113961,2.6112528212950683,27.79893999131502,-19.65841478777703,-6.894699714990831,34.73861282159837
1196,1791618167.4065454,2.267473000919118,-1.030187126608456,-0.49201214958639616,2.5386601350057796,27.823758122212183,-19.668770481811745,-6.8997108295918474,34.765328386792845
1197,1791618167.4265454,2.267473000919118,-0.982286735983456,-0.46806195427389613,2.515035394308573,27.872770478177067,-19.689401848044835,-6.909673694967879,34.818206011135345
1198,1791618167.466553,2.387223977481618,-1.015817009420956,-0.5303324620863962,2.6480134130390485,27.970074116610032,-19.730477309196583,-6.929609548240535,34.92329121701513
1199,1791618167.486553,2.4686546415441177,-1.015817009420956,-0.5159623448988961,2.718888941681844,28.018704087764462,-19.750978499267806,-6.939650110855336,34.975815560145875
1200,1791618167.4967432,2.3584837431066177,-0.9343863453584559,-0.3195707433363961,2.5568826466787855,28.04345427665121,-19.761347756393555,-6.94463710942735,35.0024881615205
1201,1791618167.5167432,2.5117649931066177,-0.8769058766084559,-0.36268109489889616,2.6850446688320466,28.092049392518604,-19.78136330886791,-6.953980096369474,35.05457762703515
1202,1791618167.5267425,2.583615579044118,-1.054137321920956,-0.5255424230238962,2.8394488535883133,28.11652209799568,-19.791317487657263,-6.958616701163155,35.080727033202066
1203,1791618167.5467424,2.5884056181066177,-1.250528923483456,-0.5447025792738961,2.92581050859112,28.165886697640804,-19.811697798121344,-6.968104859106618,35.13367371106999
1204,1791618167.5872662,2.559665383731618,-1.2409488453584558,-0.45369183708639615,2.880568901538244,28.26655190232301,-19.85437033242305,-6.987480353443551,35.24228794266173
1205,1791618167.6072662,2.669836282169118,-1.149938103170956,-0.49680218864889614,2.9491008509980405,28.316625854852226,-19.87585806486175,-6.99703423890349,35.296451971247805
1206,1791618167.6172628,2.6650462431066178,-1.1211978687959558,-0.5926029698988962,2.951395334214358,28.34190000377309,-19.88669008471535,-7.0019100652860695,35.32379485434348
1207,1791618167.6372628,2.559665383731618,-1.140358025045956,-0.5973930089613961,2.8651669600769507,28.392717463174556,-19.908502997610597,-7.011986730049366,35.37884755686533
1208,1791618167.6472645,2.526135110294118,-1.0397672047334559,-0.5399125402113961,2.784596916355655,28.418133471203255,-19.91941039802088,-7.017123148012188,35.40640108605044
1209,1791618167.6672645,2.559665383731618,-0.8529556812959559,-0.49680218864889614,2.7433980180745396,28.468962168532435,-19.940788966226258,-7.027408672106234,35.46126540598482
1210,1791618167.70678,2.540505227481618,-0.7571549000459559,-0.46806195427389613,2.6919383994742017,28.56943958141989,-19.98146417448612,-7.047541817024988,35.568801416626194
1211,1791618167.72678,2.463864602481618,-0.7619449391084558,-0.5207523839613961,2.6310400823621762,28.620172574154182,-20.00124172663357,-7.057686528884793,35.62267378961884
1212,1791618167.736779,2.4015940946691177,-0.9152261891084559,-0.6644535558363962,2.654579382998971,28.64538078233542,-20.0109041418743,-7.062886439082483,35.64938273787708
1213,1791618167.756779,2.4447044462316176,-0.982286735983456,-0.6692435948988962,2.7183366330215377,28.695508264387396,-20.0301780811232,-7.073727673351535,35.70263087938721
1214,1791618167.7667823,2.415964211856618,-0.8721158375459559,-0.47764203239889613,2.6125870355233336,28.720466270137827,-20.039763504323393,-7.079197186355533,35.72915247926601
1215,1791618167.7867823,2.387223977481618,-0.6948843922334559,-0.38663129021139614,2.5161848882392057,28.770085497962178,-20.0584037845602,-7.089788664642753,35.781594224598344
1216,1791618167.8272266,2.430334329044118,-0.6421939625459558,-0.4297416417738961,2.5502187975025445,28.869988605081364,-20.094500127248327,-7.110470551597077,35.886264348447305
1217,1791618167.8472266,2.4878147977941176,-0.8050552906709559,-0.47285199333639616,2.6572402030608537,28.919358094822233,-20.11184337480548,-7.120517658316713,35.93768618416699
1218,1791618167.8572662,2.492604836856618,-0.8864859547334559,-0.5015922277113961,2.692681002933911,28.9441732642493,-20.12051710287973,-7.125538303277573,35.96350470337444
1219,1791618167.8772662,2.492604836856618,-0.9056461109834559,-0.4393217198988961,2.6881736038871056,28.99367055694456,-20.137892507805773,-7.135451122654913,36.01502894271184
1220,1791618167.8867812,2.583615579044118,-0.8721158375459559,-0.48722211052389613,2.770025429370878,29.017309297224386,-20.146187607474694,-7.140120974667723,36.03962321527851
1221,1791618167.9067812,2.5452952665441178,-0.8577457203584559,-0.5973930089613961,2.751569392517857,29.067236624986048,-20.16360277171876,-7.1500912500526965,36.091535387576336
1222,1791618167.9477665,2.430334329044118,-0.9679166187959559,-0.5734428136488962,2.678100855531263,29.169498574201835,-20.199549783325416,-7.171057295301628,36.198142511072355
1223,1791618167.9677665,2.4542845243566176,-0.963126579733456,-0.5159623448988961,2.6865112090663277,29.21924191148657,-20.217356518789703,-7.181387739696855,36.25021285948112
1224,1791618167.9781697,2.583615579044118,-0.9343863453584559,-0.5782328527113961,2.8075791234846017,29.245165914865286,-20.226710001265694,-7.186808917494227,36.27739997959989
1225,1791618167.9981697,2.578825539981618,-0.9248062672334559,-0.6452933995863962,2.8146067876571195,29.29527244685319,-20.244783480570174,-7.19750304874444,36.32999168795953
1226,1791618168.037154,2.578825539981618,-1.054137321920956,-0.5686527745863962,2.843398079265894,29.393370722230742,-20.280514320152076,-7.218770814962105,36.43322872850187
1227,1791618168.057154,2.5309251493566176,-1.226578728170956,-0.4393217198988961,2.8465911300399678,29.44381330917204,-20.299516630432016,-7.229557064986183,36.48664156880508
1228,1791618168.067203,2.5309251493566176,-1.1978384937959559,-0.39621136833639614,2.827964394624547,29.469171730059898,-20.309459518585516,-7.234793462957848,36.5136750388739
1229,1791618168.087203,2.602775735294118,-1.015817009420956,-0.45369183708639615,2.8305762678125457,29.519770896084122,-20.329600296861013,-7.244926685864129,36.56772463075838
1230,1791618168.096767,2.578825539981618,-0.9248062672334559,-0.48243207146139616,2.7817887233128067,29.544054525497938,-20.339178858654417,-7.24971698396031,36.5936025938613
1231,1791618168.116767,2.5548753446691177,-1.025397087545956,-0.3914213292738961,2.780654216359239,29.594919502259085,-20.35913016551891,-7.259542573206277,36.64770661056339
1232,1791618168.1567628,2.4686546415441177,-1.058927360983456,-0.35310101677389616,2.7092920151034776,29.696450249389876,-20.399296284206205,-7.278477720977518,36.755770761066664
1233,1791618168.1767628,2.3584837431066177,-1.0828775562959558,-0.45369183708639615,2.6345598591541877,29.746845890395644,-20.419581318865315,-7.287736162420313,36.80958081855525
1234,1791618168.1873317,2.2387327665441177,-1.0062369312959558,-0.49680218864889614,2.5042463090815397,29.77312649549165,-20.430348853470573,-7.2926482627390365,36.83776505537604
1235,1791618168.2073317,2.2483128446691176,-0.9295963062959559,-0.4393217198988961,2.472258787780549,29.822129353576255,-20.450572156530388,-7.3019535499322155,36.890430010454715
1236,1791618168.21732,2.2626829618566178,-0.8290054859834559,-0.4393217198988961,2.4494872637435425,29.846310529138822,-20.460474428536035,-7.306561888941868,36.91638000508037
1237,1791618168.23732,2.200412454044118,-0.7763150562959559,-0.5111723058363962,2.388676864039661,29.894161245012537,-20.47973595866055,-7.315830967935219,36.96757828463563
1238,1791618168.2779534,2.200412454044118,-0.7523648609834559,-0.49680218864889614,2.3779571624824207,29.99020728865226,-20.517657799393124,-7.334909762562813,37.07003798236883
1239,1791618168.2979534,2.3010032743566176,-0.6900943531709559,-0.46806195427389613,2.447432997635893,30.03714259443099,-20.53568700670162,-7.344339133224481,37.119855783383734
1240,1791618168.3089187,2.344113625919118,-0.7188345875459559,-0.40579144646139614,2.485207949748526,30.062835896233118,-20.54524782142897,-7.349452139138078,37.14694815073313
1241,1791618168.3289187,2.2291526884191177,-0.7619449391084558,-0.4105814855238961,2.3912881371290617,30.10952906598734,-20.562291473567317,-7.35860357969467,37.19597582887927
1242,1791618168.33691,2.2052024931066176,-0.7811050953584558,-0.4105814855238961,2.3752095406202782,30.128045246006558,-20.56900485381091,-7.362203856954425,37.215388170122175
1243,1791618168.35691,2.320163430606618,-0.8050552906709559,-0.40579144646139614,2.489164330409465,30.17422290103052,-20.585665517708588,-7.371087312776314,37.263739488417194
1244,1791618168.3966138,2.4015940946691177,-0.8577457203584559,-0.38184125114889617,2.5786012986543265,30.26620416672044,-20.61873044257663,-7.388422793492807,37.35992439902209
1245,1791618168.4166138,2.320163430606618,-0.8721158375459559,-0.39621136833639614,2.5101250620679747,30.312670387112018,-20.635482631372177,-7.39701239887208,37.40851402898046
1246,1791618168.4276185,2.363273782169118,-0.9487564625459559,-0.4105814855238961,2.579491994747348,30.338268102372353,-20.644820483283162,-7.4016956416841095,37.435333878710594
1247,1791618168.4476185,2.4973948759191176,-0.9727066578584559,-0.5399125402113961,2.73397969260687,30.385102319390693,-20.66212774158843,-7.410356031157209,37.4845480468695
1248,1791618168.4566336,2.4878147977941176,-0.9870767750459559,-0.5590726964613961,2.734246753291869,30.406417103197693,-20.670083939692105,-7.414417243218248,37.507014733034715
1249,1791618168.4766335,2.372853860294118,-1.068507439108456,-0.5494926183363962,2.65971534705295,30.453901957299628,-20.688170528692343,-7.423738425839407,37.55732200868903
1250,1791618168.518391,2.415964211856618,-1.0876675953584558,-0.5638627355238961,2.7088457053655355,30.5531704237575,-20.727021307660866,-7.443767432119503,37.6631824042377
1251,1791618168.5383909,2.5452952665441178,-1.1164078297334559,-0.5638627355238961,2.835989354827438,30.601025850185714,-20.746144098745397,-7.453613099879043,37.714475023422125
1252,1791618168.5473917,2.473444680606618,-1.030187126608456,-0.5063822667738962,2.7268364644683096,30.622720093378046,-20.754908282648923,-7.458101874860104,37.73778593550952
1253,1791618168.5673916,2.320163430606618,-0.9104361500459559,-0.4393217198988961,2.530821191157071,30.670884931612093,-20.77437233730561,-7.467998485520122,37.78953201452658
1254,1791618168.5779757,2.4255442899816178,-0.8960660328584559,-0.37705121208639614,2.613114435772177,30.696317881294412,-20.78456177981098,-7.473098275890226,37.81678380943266
1255,1791618168.5979757,2.535715188419118,-0.8290054859834559,-0.4010014073988961,2.697759022097037,30.744609630612253,-20.803515452197576,-7.482456529403928,37.86825097919071
1256,1791618168.6369758,2.396804055606618,-0.7332047047334559,-0.37226117302389616,2.533937094909172,30.839080983395377,-20.839500690624906,-7.5002296580893075,37.968238698404974
1257,1791618168.6569757,2.3489036649816177,-0.6853043141084559,-0.30520062614889615,2.465793554315003,30.88737928310812,-20.85731429651691,-7.508993096832402,38.018978628713086
1258,1791618168.6669796,2.3920140165441177,-0.6900943531709559,-0.30520062614889615,2.5082082636463108,30.911470932095263,-20.865919908569513,-7.513176954208698,38.04409910566763
1259,1791618168.6869795,2.420754250919118,-0.7715250172334559,-0.41537152458639615,2.574458292339826,30.959630263433496,-20.882736297419616,-7.521367656750372,38.0940724095506
1260,1791618168.6965683,2.3489036649816177,-0.8385855641084559,-0.49201214958639616,2.542174292025588,30.98268631650886,-20.89074724496944,-7.525358087886746,38.11799032204224
1261,1791618168.7165682,2.2052024931066176,-0.8290054859834559,-0.5303324620863962,2.414833462526335,31.030393894166345,-20.90745135913669,-7.533966299009389,38.167623920757656
1262,1791618168.7566166,2.253102883731618,-0.8290054859834559,-0.6596635167738961,2.4897547380882523,31.12498599535949,-20.940862759510743,-7.552192268774385,38.26643561123147
1263,1791618168.7766166,2.310583352481618,-0.8864859547334559,-0.7027738683363961,2.572653083243324,31.171984576977398,-20.95761867867685,-7.5619725988652675,38.31576480685373
1264,1791618168.7871299,2.483024758731618,-1.030187126608456,-0.6452933995863962,2.7646158937280534,31.196764041361178,-20.966616782808714,-7.567405554265073,38.34191874166242
1265,1791618168.8071299,2.449494485294118,-0.9583365406709559,-0.46327191521139616,2.6707776070079485,31.24423113290321,-20.9841494729107,-7.577853473269556,38.392191542683264
1266,1791618168.817153,2.4447044462316176,-0.9487564625459559,-0.4105814855238961,2.6542976115918813,31.268130435998533,-20.993051724993258,-7.582961013033095,38.41751552893602
1267,1791618168.837153,2.4111741727941176,-0.9200162281709559,-0.22376996208639613,2.590417678209338,31.31594931830647,-21.01095379121492,-7.592575322801191,38.4681174605116
1268,1791618168.878779,2.430334329044118,-0.8242154469209559,-0.12317914177389612,2.56924680691474,31.415660914094268,-21.048069839461363,-7.61066721007244,38.573141562733326
1269,1791618168.898779,2.4015940946691177,-0.7811050953584558,-0.19502972771139612,2.5329461029077787,31.46363085973808,-21.065635954088375,-7.61853322141447,38.62334958899654
1270,1791618168.9087784,2.4351243681066177,-0.7188345875459559,-0.38663129021139614,2.5682752202537693,31.487644476910095,-21.074226096864344,-7.622312341370992,38.648342858594354
1271,1791618168.9287784,2.473444680606618,-0.8146353687959559,-0.5686527745863962,2.665506584152308,31.535832419347958,-21.0911302386951,-7.63017007638685,38.69837201383782
1272,1791618168.9667847,2.430334329044118,-0.8385855641084559,-0.5926029698988962,2.6383572501074246,31.62764702390727,-21.123147445478462,-7.646172564413204,38.79380580913761
1273,1791618168.9867847,2.396804055606618,-0.8385855641084559,-0.5782328527113961,2.6042750740384912,31.675955825264953,-21.13998429692354,-7.655086629683391,38.84411750608151
1274,1791618168.9963262,2.3489036649816177,-0.9439664234834559,-0.5494926183363962,2.5904368692624824,31.69894184270009,-21.148087504483478,-7.659508428955757,38.868143619388576
1275,1791618169.0163262,2.267473000919118,-0.9152261891084559,-0.4010014073988961,2.4778770986195084,31.746820281649367,-21.16531366752855,-7.668812429396723,38.91839905131613
1276,1791618169.0273376,2.2626829618566178,-0.7523648609834559,-0.39621136833639614,2.417182351068676,31.772967832228172,-21.17475240841498,-7.673824926436892,38.945849758698124
1277,1791618169.0473375,2.2483128446691176,-0.7188345875459559,-0.47764203239889613,2.408272352303753,31.820102434969947,-21.19153128484446,-7.6828742909262395,38.99521091799219
1278,1791618169.0573747,2.2722630399816177,-0.8290054859834559,-0.5542826573988962,2.481463012609769,31.84361218640297,-21.199854026620816,-7.687511396646139,39.0198318717755
1279,1791618169.0773747,2.310583352481618,-0.881695915670956,-0.5159623448988961,2.5263412789703623,31.89030492867299,-21.216516308708094,-7.69697063118688,39.06885549409881
1280,1791618169.1163778,2.3584837431066177,-0.7906851734834559,-0.4489017980238961,2.527675104584023,31.98136256023001,-21.249028394531283,-7.715473041616537,39.16449007936131
1281,1791618169.1363778,2.3584837431066177,-0.8194254078584559,-0.47764203239889613,2.5420553645930584,32.02812656587134,-21.26561434076324,-7.72492735360144,39.213540355698164
1282,1791618169.14638,2.339323586856618,-0.8337955250459559,-0.46327191521139616,2.5263156352748184,32.051529641088855,-21.273905061044644,-7.72965213459422,39.238082407296304
1283,1791618169.16638,2.339323586856618,-0.7188345875459559,-0.45848187614889613,2.4898521319614724,32.0983242978659,-21.29032520482431,-7.739065168510886,39.287065298143666
1284,1791618169.1768863,2.267473000919118,-0.7332047047334559,-0.46806195427389613,2.4286014374489535,32.12284920531899,-21.298801338341857,-7.74399839327807,39.31266832247474
1285,1791618169.1968863,2.157302102481618,-0.8050552906709559,-0.42495160271139615,2.341505978436931,32.16916916121367,-21.314823628347344,-7.7533201715980455,39.361035612819485
1286,1791618169.2368886,2.200412454044118,-0.8481656422334559,-0.3914213292738961,2.3904833363962803,32.26099169016491,-21.347023098550906,-7.77161740173824,39.45712884944818
1287,1791618169.2568886,2.277053079044118,-0.843375603170956,-0.4105814855238961,2.462687614997745,32.30673013095425,-21.363244367207454,-7.78059626414497,39.50507182467784
1288,1791618169.2684677,2.166882180606618,-0.8290054859834559,-0.36747113396139613,2.3489707351765863,32.33309769024972,-21.3726793502477,-7.78569053038869,39.53274093571961
1289,1791618169.2884676,2.2052024931066176,-0.843375603170956,-0.33394086052389615,2.3844741436960595,32.378367846528796,-21.389040069948592,-7.794221891609685,39.580293510971394
1290,1791618169.2965496,2.415964211856618,-0.881695915670956,-0.4201615636488961,2.605917592758969,32.396718403633386,-21.39570531746099,-7.7976093517301255,39.59957425223327
1291,1791618169.3165495,2.396804055606618,-0.9008560719209558,-0.43453168083639615,2.5971193898124305,32.44253721899128,-21.41239922696526,-7.806016778530255,39.647735872395955
1292,1791618169.3571417,2.2483128446691176,-0.9056461109834559,-0.34831097771139613,2.4487601072865153,32.535724120221104,-21.446698798187807,-7.822904315515415,39.74584337131416
1293,1791618169.3771417,2.166882180606618,-0.9679166187959559,-0.35310101677389616,2.3993585171079888,32.581373518938804,-21.46387377730577,-7.831028921804621,39.79407985973368
1294,1791618169.3867562,2.233942727481618,-0.8529556812959559,-0.3914213292738961,2.423065034400357,32.60319992917153,-21.47220473975772,-7.834885623894085,39.81720300004894
1295,1791618169.4067562,2.190832375919118,-0.8337955250459559,-0.38184125114889617,2.375029308880424,32.648429822477176,-21.489465396535604,-7.84286480978843,39.86511785165994
1296,1791618169.4476614,2.1956224149816177,-0.7954752125459559,-0.3099906652113961,2.355765866011083,32.74051799984085,-21.524471031638104,-7.858858885060711,39.962557914440715
1297,1791618169.4676614,2.2722630399816177,-0.843375603170956,-0.30520062614889615,2.442869041330737,32.785491144070015,-21.541477448248646,-7.866428717778514,40.010053498879365
1298,1791618169.479167,2.1716722196691176,-0.9008560719209558,-0.34831097771139613,2.376767222340824,32.811317262015066,-21.551298525457323,-7.870694208307992,40.0373430177713
1299,1791618169.499167,2.104611672794118,-0.9583365406709559,-0.37226117302389616,2.3423017737660445,32.85589079049458,-21.5685983409826,-7.8780774961422155,40.08463669620527
1300,1791618169.5071902,2.233942727481618,-1.0062369312959558,-0.38184125114889617,2.4796805464920006,32.87370057357512,-21.57567955868749,-7.8810488928917675,40.10362913094511
1301,1791618169.5271902,2.253102883731618,-0.9439664234834559,-0.35789105583639613,2.4689332152149377,32.91816716148457,-21.59360880643485,-7.888454395428157,40.15118159289377
1302,1791618169.5671775,2.2578929227941176,-0.9056461109834559,-0.35789105583639613,2.4589350005624206,33.00726518004742,-21.629625978319723,-7.903186438631598,40.24649836335758
1303,1791618169.5871775,2.2387327665441177,-0.9487564625459559,-0.40579144646139614,2.4651024163799415,33.05188873608177,-21.647719714757176,-7.910595058197169,40.29427542524855
1304,1791618169.5980573,2.1525120634191177,-0.9391763844209559,-0.48243207146139616,2.3975197950785265,33.07610539856387,-21.65762659659431,-7.914745504086214,40.32027696493252
1305,1791618169.6180573,2.104611672794118,-0.9248062672334559,-0.5207523839613961,2.3570829367200914,33.12033042913188,-21.675902404565683,-7.922735490875735,40.36794236080801
1306,1791618169.6608129,2.147722024356618,-0.9774966969209559,-0.49680218864889614,2.4114356929108025,33.21432822297109,-21.7152117058176,-7.940517176884634,40.4696655751951
1307,1791618169.6808128,2.1429319852941178,-0.9487564625459559,-0.44411175896139615,2.3852738990034434,33.25813850272643,-21.73373078802681,-7.9489986927582885,40.51722363206087
1308,1791618169.6895096,2.2291526884191177,-0.8960660328584559,-0.5015922277113961,2.454312695324162,33.277183134837465,-21.741779005446485,-7.952750425270031,40.53790955436426
1309,1791618169.7095096,2.2291526884191177,-0.9439664234834559,-0.5111723058363962,2.4741647970990988,33.321097916291116,-21.76027123483342,-7.9616032372733905,40.58561440545579
1310,1791618169.716442,2.200412454044118,-0.9727066578584559,-0.5063822667738962,2.4585353790941658,33.33633968606798,-21.766716176133002,-7.964740618261457,40.60219907681633
1311,1791618169.736442,2.209992532169118,-0.8481656422334559,-0.38184125114889617,2.3977603487395305,33.380331407009,-21.785251873558586,-7.973766489782952,40.650026765916465
1312,1791618169.747479,2.3153733915441177,-0.9056461109834559,-0.46806195427389613,2.529867746276209,33.4047124371364,-21.795398112428263,-7.978703753692289,40.67645394421938
1313,1791618169.767479,2.2626829618566178,-0.9774966969209559,-0.5207523839613961,2.5192096029844544,33.44913336954762,-21.813850973189076,-7.9877917915129,40.72460478824622
1314,1791618169.8069265,2.114191750919118,-1.0493472828584558,-0.45369183708639615,2.4034917854520947,33.53655532599738,-21.850784157413987,-8.00591104711242,40.81974918004585
1315,1791618169.8269265,2.1381419462316176,-1.0397672047334559,-0.34831097771139613,2.4029330742799773,33.580608454063984,-21.86983424166627,-8.01492257270971,40.86790791990267
1316,1791618169.8369224,2.3057933134191178,-0.9966568531709559,-0.3004105870863961,2.529872369906146,33.60265504238908,-21.879453943499097,-8.01923726229372,40.89201752215773
1317,1791618169.8569224,2.420754250919118,-1.0397672047334559,-0.30520062614889615,2.652228196363179,33.64723925405485,-21.89886870074277,-8.027483624697593,40.94066014534657
1318,1791618169.8669066,2.2626829618566178,-0.9727066578584559,-0.24293011833639613,2.4748550403030354,33.66966477496196,-21.90861396755829,-8.031393264620503,40.9650701184411
1319,1791618169.8869066,2.1812522977941176,-0.9583365406709559,-0.2525101964613961,2.3958363698579803,33.71451414117439,-21.928103593430023,-8.038793287253494,41.013807290897034
1320,1791618169.927032,2.3249534696691176,-1.068507439108456,-0.31478070427389615,2.5780232107837486,33.80455809227585,-21.96743942409203,-8.053119973555921,41.111668464971
1321,1791618169.947032,2.3489036649816177,-0.9727066578584559,-0.35789105583639613,2.5674097213833895,33.84971794525456,-21.987166720619538,-8.060198791794805,41.1607301919786
1322,1791618169.9670136,2.2483128446691176,-0.881695915670956,-0.31478070427389615,2.4354435380435646,33.89495807384665,-22.006698578868548,-8.0672183447212,41.209743714204336
1323,1791618169.9870136,2.267473000919118,-0.8912759937959559,-0.39621136833639614,2.468357785130251,33.94022118539216,-22.025975366964033,-8.074256933666843,41.258645518367615
1324,1791618169.9875305,2.277053079044118,-0.9391763844209559,-0.45369183708639615,2.50456768502613,33.941391698310575,-22.02646979858027,-8.074444504826479,41.2599090676099
1325,1791618170.0075305,2.219572610294118,-0.9343863453584559,-0.38184125114889617,2.4383156390916927,33.98663349372985,-22.045541443950288,-8.081866809330307,41.30876087366703
1326,1791618170.0475264,2.1812522977941176,-0.8960660328584559,-0.34831097771139613,2.3837190394568477,34.076737877054484,-22.083450751313716,-8.096673681081777,41.40602596392342
1327,1791618170.0675263,2.310583352481618,-0.8912759937959559,-0.43453168083639615,2.5143560025447202,34.12177386770139,-22.10224485013324,-8.104141502157727,41.45457500422343
1328,1791618170.0770483,2.372853860294118,-0.9104361500459559,-0.45848187614889613,2.5825442990160328,34.14334386377726,-22.111137203771776,-8.10780135093524,41.47778636077851
1329,1791618170.0970483,2.2626829618566178,-0.8290054859834559,-0.35789105583639613,2.436199969114726,34.18880704237323,-22.12962228092727,-8.115560001092073,41.52658213010634
1330,1791618170.1070712,2.3057933134191178,-0.7523648609834559,-0.35789105583639613,2.4516977171133187,34.21160731377388,-22.13868516128494,-8.119403039419032,41.55093454278606
1331,1791618170.1270711,2.415964211856618,-0.9248062672334559,-0.4489017980238961,2.625578513233861,34.25736189153886,-22.156572629092437,-8.127131473606045,41.599649282480556
1332,1791618170.1670902,2.267473000919118,-0.9295963062959559,-0.42495160271139615,2.487200628663321,34.34923876144509,-22.19256167953411,-8.142898884337162,41.69756347355595
1333,1791618170.1870902,2.133351907169118,-0.8721158375459559,-0.37705121208639614,2.335368067448131,34.39486905169853,-22.210552301689834,-8.15079984313559,41.74627155462447
1334,1791618170.197639,2.2914231962316176,-0.9248062672334559,-0.41537152458639615,2.5056776328130934,34.41882699873428,-22.220039616971818,-8.15496898100785,41.7718724936984
1335,1791618170.217639,2.3249534696691176,-0.9774966969209559,-0.41537152458639615,2.5560598451630736,34.46436102471406,-22.238182366702947,-8.16293387515081,41.820598097906874
1336,1791618170.2266347,2.2147825712316176,-0.9774966969209559,-0.4297416417738961,2.4587475488543427,34.48483250517462,-22.24643771508866,-8.166549202016759,41.842564330956435
1337,1791618170.2466347,2.2147825712316176,-0.9487564625459559,-0.46806195427389613,2.4544821564013763,34.53016333825429,-22.26492784295308,-8.174728060404307,41.89135198200208
1338,1791618170.2881618,2.2626829618566178,-0.9774966969209559,-0.45369183708639615,2.5062063485288766,34.62411294119088,-22.303560448701003,-8.192033759809133,41.99270678076199
1339,1791618170.3081617,2.4111741727941176,-0.9918668141084559,-0.4297416417738961,2.6423925800595147,34.669584010217285,-22.322329578968514,-8.200443368911857,42.041809246514795
1340,1791618170.3171618,2.3584837431066177,-1.0014468922334558,-0.4010014073988961,2.593480976062509,34.69019637395395,-22.33085432451258,-8.204220825437384,42.06407040074261
1341,1791618170.3371618,2.1812522977941176,-1.0062369312959558,-0.37226117302389616,2.4308337519207575,34.73594012693592,-22.349968016545983,-8.212515857156141,42.113561040913496
1342,1791618170.3471627,2.243522805606618,-1.0445572437959558,-0.3914213292738961,2.5055348873751764,34.75870197064961,-22.359630351209706,-8.216614397797503,42.138262710857845
1343,1791618170.3671627,2.463864602481618,-1.0780875172334559,-0.5303324620863962,2.74119572349716,34.804454489433844,-22.379238717888526,-8.224963881844609,42.18803632259934
1344,1791618170.406682,2.406384133731618,-1.140358025045956,-0.5878129308363962,2.7270176138082527,34.89573431678913,-22.418747744735235,-8.242301568854945,42.28768212023395
1345,1791618170.426682,2.2052024931066176,-1.1547281422334559,-0.5159623448988961,2.5421511086918374,34.941917446170834,-22.439185930997375,-8.251415366430003,42.3384047362468
1346,1791618170.4386835,2.2914231962316176,-1.188258415670956,-0.5686527745863962,2.6430936995660934,34.96952131098642,-22.451719685430362,-8.257040271023238,42.36892554207593
1347,1791618170.4586835,2.310583352481618,-1.2026285328584558,-0.5590726964613961,2.6641458474976725,35.01552481749085,-22.47305990701977,-8.266699459323087,42.420086277370885
1348,1791618170.467721,2.296213235294118,-1.2074185719209558,-0.49680218864889614,2.641451730470548,35.0363170256937,-22.482890114817007,-8.271125179297549,42.44331950226632
1349,1791618170.487721,2.3057933134191178,-1.1164078297334559,-0.5159623448988961,2.6132865108617627,35.082331222430845,-22.50486696832171,-8.28096932739038,42.494863857452046
1350,1791618170.5272486,2.339323586856618,-1.0349771656709559,-0.5399125402113961,2.6144058844336926,35.173402503692536,-22.548164416476503,-8.300636996157378,42.59681369282447
1351,1791618170.5472486,2.4542845243566176,-1.1211978687959558,-0.6740336339613962,2.7811721498677833,35.219760684544326,-22.570019965854115,-8.310916549873784,42.64866560438432
1352,1791618170.5573263,2.4015940946691177,-1.2840591969209558,-0.6884037511488962,2.8089788075638342,35.24328625807108,-22.581198731739665,-8.316349085743873,42.67506795011129
1353,1791618170.5773263,2.339323586856618,-1.346329704733456,-0.6117631261488962,2.7675427079607746,35.29008265281168,-22.604001645588824,-8.327463417769401,42.72794718928525
1354,1791618170.5878348,2.3776438993566176,-1.308009392233456,-0.5926029698988962,2.777635210435609,35.31470017541821,-22.616277720904023,-8.333376435290095,42.75592624702441
1355,1791618170.6078348,2.430334329044118,-1.331959587545956,-0.6357133214613961,2.843373475445918,35.36173665889242,-22.640097054974333,-8.34478457816649,42.80959990291335
1356,1791618170.646834,2.3584837431066177,-1.384650017233456,-0.6117631261488962,2.802490920455994,35.45370482945822,-22.68752260395868,-8.367341929872296,42.915047233003065
1357,1791618170.6668339,2.2914231962316176,-1.336749626608456,-0.5590726964613961,2.711103485371738,35.5007692797447,-22.71227784234012,-8.378931096113366,42.969275890509664
1358,1791618170.6774035,2.363273782169118,-1.2840591969209558,-0.6405033605238961,2.764799368042394,35.52560083415266,-22.72547563723652,-8.385087959150018,42.99796806418719
1359,1791618170.6974034,2.463864602481618,-1.293639275045956,-0.6788236730238961,2.8644254105074864,35.572780333143996,-22.750569369050904,-8.39696957843625,43.05252844313905
1360,1791618170.7093878,2.4878147977941176,-1.327169548483456,-0.5399125402113961,2.8709070046977643,35.60126121566193,-22.7657061436129,-8.404116738366305,43.08545409433695
1361,1791618170.7293878,2.4015940946691177,-1.260109001608456,-0.49680218864889614,2.7572343582166843,35.64899589524194,-22.791058807036062,-8.415810166100837,43.14057406475485
1362,1791618170.7673922,2.3824339384191178,-1.3127994312959559,-0.6884037511488962,2.8059461046745153,35.73973245735197,-22.839341774457015,-8.438075483652563,43.24540584479898
1363,1791618170.7873921,2.3680638212316176,-1.5618814625459558,-0.7075639073988962,2.923670064751558,35.787446133117484,-22.865251546132214,-8.450129070813745,43.30087424420088
1364,1791618170.7965486,2.3920140165441177,-1.691212517233456,-0.5830228917738961,2.9869460199546696,35.809282829141075,-22.877568351042775,-8.455706017155405,43.326514222155126
1365,1791618170.8165486,2.363273782169118,-1.648102165670956,-0.5303324620863962,2.9296000133669855,35.85695797823246,-22.905444819194205,-8.467730261917158,43.38298391773515
1366,1791618170.8565545,2.459074563419118,-1.5954117359834559,-0.6452933995863962,3.0014646236993094,35.952486995753326,-22.962573859106943,-8.491701923760843,43.496782880768976
1367,1791618170.8765545,2.4782347196691177,-1.767853142233456,-0.5973930089613961,3.102229918209501,36.00048673611057,-22.991894976133196,-8.503752389980502,43.55428893393291
1368,1791618170.887082,2.3680638212316176,-1.806173454733456,-0.35789105583639613,2.9996791191488414,36.02578946226714,-23.00783589128909,-8.50989832080141,43.58481832255892
1369,1791618170.907082,2.506974954044118,-1.533141228170956,-0.35310101677389616,2.959750964822685,36.07396085061123,-23.038586245153336,-8.520889255758002,43.64301388923194
1370,1791618170.9170904,2.6219358915441178,-1.413390251608456,-0.36747113396139613,3.0012088992610857,36.09830066393103,-23.05387779168177,-8.526105180594227,43.672222998239015
1371,1791618170.9370904,2.506974954044118,-1.3606998219209558,-0.36268109489889616,2.875406928102054,36.14733720603275,-23.084012877544545,-8.536060087015182,43.730606666571816
1372,1791618170.9766371,2.2818431181066177,-1.2074185719209558,-0.37226117302389616,2.608303280757684,36.24395842007428,-23.142279098879044,-8.554971514184247,43.84492150129808
1373,1791618170.996637,2.224362649356618,-1.1930484547334559,-0.23335004021139613,2.53487791667791,36.29225236116689,-23.170926743350467,-8.564009400524867,43.90172758109429
1374,1791618171.0066376,2.6171458524816176,-1.466080681295956,-0.24293011833639613,3.0096278872355438,36.31640956589617,-23.185097012860417,-8.56820791218916,43.929995607559135
1375,1791618171.0266376,2.8039573759191176,-1.5235611500459558,-0.34831097771139613,3.2100990765231607,36.36560650287612,-23.213669780876426,-8.576231902491575,43.9873112915863
1376,1791618171.0366378,2.645886086856618,-1.427760368795956,-0.47285199333639616,3.043485150765154,36.39060317574513,-23.228027038607276,-8.580258066000066,44.01633864918777
1377,1791618171.0566378,2.5309251493566176,-1.216998650045956,-0.7554642980238961,2.9081599219176777,36.440861715950355,-23.256400929591656,-8.588944853463087,44.074556838325194
1378,1791618171.0971575,2.310583352481618,-1.2840591969209558,-0.7458842198988962,2.746624604757022,36.542124661060534,-23.312863970614586,-8.608466844944974,44.19187937480579
1379,1791618171.1171575,2.4111741727941176,-1.331959587545956,-0.7219340245863961,2.8476421773566463,36.59169200334508,-23.340476976999017,-8.618858991688812,44.24945784413754
1380,1791618171.1271565,2.569245461856618,-1.3942300953584559,-0.7554642980238961,3.01920951701978,36.61649106972864,-23.35425583084417,-8.624383174862274,44.2783092362263
1381,1791618171.1471565,2.4878147977941176,-1.250528923483456,-0.6692435948988962,2.8637269503053666,36.666239086662834,-23.38164925123266,-8.635912241750928,44.336143164637285
1382,1791618171.1571653,2.430334329044118,-1.130777946920956,-0.6021830480238961,2.747327453999695,36.69109250729835,-23.39508927901259,-8.641770827845626,44.364926178154505
1383,1791618171.1771653,2.3776438993566176,-1.097247673483456,-0.5351225011488961,2.672732508192402,36.74051804415461,-23.421259223850917,-8.653427602793265,44.42187365544656
1384,1791618171.2176898,2.4015940946691177,-1.092457634420956,-0.6213432042738961,2.7105691756624775,36.84016896977243,-23.47298676525143,-8.677018862965667,44.536162988646815
1385,1791618171.2376897,2.415964211856618,-1.231368767233456,-0.7075639073988962,2.802462987613503,36.88919877335043,-23.498172158280383,-8.688908734000055,44.59231117477232
1386,1791618171.2476685,2.4111741727941176,-1.260109001608456,-0.6021830480238961,2.7864421779056188,36.91360489207136,-23.51071787914552,-8.694931431567262,44.62028590137432
1387,1791618171.2676685,2.4111741727941176,-1.173888298483456,-0.5015922277113961,2.728253908961969,36.962417036347375,-23.535741949203015,-8.706847450499845,44.67617502421859
1388,1791618171.277243,2.463864602481618,-1.054137321920956,-0.46806195427389613,2.720462509550037,36.98578000283777,-23.54752447031342,-8.712392523197405,44.7027920221611
1389,1791618171.2972429,2.483024758731618,-1.068507439108456,-0.48722211052389613,2.7467263214393385,37.034682772553175,-23.571629054991917,-8.723671079509842,44.75814854831757
1390,1791618171.3372602,2.387223977481618,-1.1211978687959558,-0.4393217198988961,2.6737476607246755,37.132470743785284,-23.619196646942996,-8.745633806222056,44.868395831114434
1391,1791618171.3572602,2.3489036649816177,-1.0397672047334559,-0.4297416417738961,2.604446610333532,37.18111674081004,-23.642645525497258,-8.75626749921427,44.92307146729681
1392,1791618171.3673406,2.396804055606618,-0.9152261891084559,-0.5255424230238962,2.6188744713330854,37.205545278798326,-23.654169395514646,-8.761545349110152,44.950383826936644
1393,1791618171.3873405,2.3824339384191178,-0.9008560719209558,-0.5159623448988961,2.5987978518156525,37.253911633376276,-23.676327945263722,-8.77200843398008,45.00411724414669
1394,1791618171.3968,2.320163430606618,-1.0780875172334559,-0.5542826573988962,2.6177586412486638,37.27669262274893,-23.68664030922569,-8.776974195279072,45.02936839501676
1395,1791618171.4168,2.277053079044118,-1.389440056295956,-0.5782328527113961,2.7294445637856004,37.32452893804706,-23.70887429991977,-8.787597106819264,45.08273554176019
1396,1791618171.4568548,2.4255442899816178,-1.504400993795956,-0.6069730870863962,2.91803080539666,37.4200892778049,-23.75541731781992,-8.80924130244782,45.19054841255437
1397,1791618171.4768548,2.5309251493566176,-1.389440056295956,-0.6309232823988962,2.95536630047081,37.468081518603974,-23.779511777352003,-8.820284334951122,45.24510723606873
1398,1791618171.4864554,2.4973948759191176,-1.422970329733456,-0.6500834386488962,2.9469364096930186,37.49128430710431,-23.791368051248764,-8.825712582836232,45.27161136231999
1399,1791618171.5064554,2.535715188419118,-1.667262321920956,-0.7027738683363961,3.1150451484518102,37.53991946089634,-23.816997462640042,-8.837353739856782,45.327626701486885
1400,1791618171.5174305,2.746476907169118,-2.007355095358456,-0.7937846105238962,3.493236878366449,37.566952948064646,-23.831976829206177,-8.844015546237996,45.35918522606003
1401,1791618171.5374305,2.7847972196691178,-2.0935757984834558,-0.7506742589613962,3.563939817356591,37.61712353845617,-23.861330602149646,-8.856651078521034,45.4186233800544
1402,1791618171.5770023,2.799167336856618,-2.117525993795956,-0.6931937902113962,3.5776768642394416,37.71807306102546,-23.923195875164502,-8.882186765792499,45.53971429489607
1403,1791618171.5970023,2.8279075712316177,-2.131896110983456,-0.7027738683363961,3.6105308985621485,37.769881464915706,-23.95614725285921,-8.895250817364914,45.602482653670165
1404,1791618171.6069884,2.928498391544118,-2.088785759420956,-0.6692435948988962,3.658827102685977,37.796180918914246,-23.973293353803992,-8.901822950677484,45.63455421200089
1405,1791618171.6269884,2.995558938419118,-2.074415642233456,-0.5447025792738961,3.684192518063239,37.84983797884859,-24.008726884588086,-8.914831966060591,45.70014694316559
1406,1791618171.641988,3.0099290556066176,-1.949874626608456,-0.42495160271139615,3.611408014047069,37.89079954548276,-24.03584243619664,-8.924215849546965,45.75014798165065
1407,1791618171.661988,2.9476585477941177,-1.743902946920956,-0.4201615636488961,3.450568669398018,37.946160134058125,-24.07211478846395,-8.93611883960485,45.81737660783415
1408,1791618171.6971858,2.842277688419118,-1.576251579733456,-0.49201214958639616,3.2871244965832926,38.044258772028066,-24.13513943117457,-8.956332567452138,45.935677571296104
1409,1791618171.7171857,2.6219358915441178,-1.585831657858456,-0.5015922277113961,3.1049967196977564,38.09983527148808,-24.170322519005083,-8.967585903288777,46.00238619158918
1410,1791618171.727182,2.449494485294118,-1.5235611500459558,-0.5255424230238962,2.932141990049847,38.127248391637764,-24.18760078005988,-8.973136802962463,46.035250466331526
1411,1791618171.747182,2.439914407169118,-1.490030876608456,-0.6548734777113961,2.9329564605305363,38.1812025864059,-24.221505416795694,-8.984347555697697,46.09993553793327
1412,1791618171.7572577,2.387223977481618,-1.6385220875459559,-0.7842045323988962,2.9997616069738084,38.20795477082784,-24.238388338275072,-8.990235739719118,46.13211046182884
1413,1791618171.7772577,2.329743508731618,-1.710372673483456,-0.8177348058363961,3.00362609379935,38.26016671660041,-24.271896676892787,-9.002573237999151,46.19536394900851
1414,1791618171.8173523,2.2722630399816177,-1.6337320484834559,-0.7410941808363961,2.895078636924742,38.36297573424549,-24.339051691358268,-9.02828416388431,46.32080806036054
1415,1791618171.8373523,2.2722630399816177,-1.537931267233456,-0.7219340245863961,2.8371818132534825,38.413383200438986,-24.372282685900338,-9.041380051669462,46.38256919861094
1416,1791618171.8473816,2.267473000919118,-1.466080681295956,-0.7554642980238961,2.8038460513293346,38.43828398165663,-24.38870688938026,-9.048073422924372,46.41312671925062
1417,1791618171.8673816,2.277053079044118,-1.2792691578584559,-0.6596635167738961,2.693818156148385,38.487308316532506,-24.420664415350075,-9.061541572611892,46.47314587599113
1418,1791618171.876889,2.2626829618566178,-0.9200162281709559,-0.5351225011488961,2.5005039766435084,38.51035445311973,-24.435145567785337,-9.067835538818708,46.5010685939887
1419,1791618171.896889,2.224362649356618,-0.7619449391084558,-0.45848187614889613,2.395528108130396,38.55829325499773,-24.463561905836382,-9.080580032832595,46.55818696633032
1420,1791618171.9368877,2.2052024931066176,-0.8481656422334559,-0.5303324620863962,2.4214779603811287,38.65307507613935,-24.51669842402027,-9.105211378748,46.669407417576075
1421,1791618171.9568877,2.1716722196691176,-0.9966568531709559,-0.5351225011488961,2.448640684929309,38.699923856474776,-24.542049348399637,-9.117278193672659,46.72388098581974
1422,1791618171.966893,2.037551125919118,-0.7811050953584558,-0.5111723058363962,2.2412132622718675,38.72300360208931,-24.55416316207387,-9.123194411928607,46.7505145729436
1423,1791618171.986893,1.9034300321691178,-0.49849279067095587,-0.5015922277113961,2.03055059346344,38.76813006662865,-24.57666524425926,-9.134765855669903,46.801969302897184
1424,1791618171.9965122,1.9034300321691178,-0.46975255629595586,-0.5447025792738961,2.034800789113654,38.78932500537979,-24.58656303222083,-9.14025131097645,46.82579428197835
1425,1791618172.0165122,2.0183909696691176,-0.6278238453584559,-0.6452933995863962,2.2100833601455596,38.83266534385515,-24.60570166127222,-9.151730695952203,46.873986673661726
1426,1791618172.0572212,1.8986399931066178,-0.6709341969209559,-0.6644535558363962,2.1204916995559064,38.919609364486966,-24.642779409602227,-9.17559046954463,46.970139776025526
1427,1791618172.0772212,1.7453587431066178,-0.4937027516084559,-0.5399125402113961,1.8924917701702155,38.96138296164164,-24.660009937773324,-9.187360798386422,47.0160935303488
1428,1791618172.0873098,1.7932591337316177,-0.5463931812959559,-0.5494926183363962,1.9535265462452194,38.98197170121735,-24.668184850819223,-9.193231854917682,47.03859025828655
1429,1791618172.1073098,1.8698997587316177,-0.5990836109834559,-0.6405033605238961,2.065350051564127,39.02215959175034,-24.683678242022406,-9.204909900024367,47.082303225599425
1430,1791618172.116879,1.8507396024816178,-0.6805142750459559,-0.5926029698988962,2.059008264837257,39.04117386298451,-24.690897601326625,-9.210544229690337,47.10294901559841
1431,1791618172.136879,1.7118284696691177,-0.6517740406709559,-0.44411175896139615,1.8847815162798163,39.08029727156802,-24.70572149278743,-9.222108896962087,47.145409127726666
1432,1791618172.1767938,1.7740989774816178,-0.5895035328584559,-0.4105814855238961,1.9140320669750892,39.157101060177716,-24.734584389465777,-9.244285618407902,47.22854057613127
1433,1791618172.1967938,1.8794798368566177,-0.4841226734834559,-0.4105814855238961,1.9837833491554355,39.195292639130784,-24.74848771621682,-9.254962566641098,47.269577334864785
1434,1791618172.2067845,1.8986399931066178,-0.3643716969209559,-0.2620902745863961,1.9509720318276547,39.21433992007561,-24.755026914233575,-9.260000084567569,47.289781290019256
1435,1791618172.2267845,1.9130101102941177,-0.22546056410845586,-0.16628949333639612,1.9334146848644993,39.252467903760945,-24.76703864464954,-9.26921440438135,47.32949160339394
1436,1791618172.2668638,1.9321702665441178,-0.20151036879595585,-0.20939984489889613,1.9539029307243314,39.32897255458478,-24.788782570580885,-9.286039143210393,47.407619076473914
1437,1791618172.2868638,1.7166185087316177,-0.3356314625459559,-0.22376996208639613,1.763377605365013,39.36689580104569,-24.798811145205327,-9.29382524681611,47.445850260526534
1438,1791618172.2965114,1.5681272977941176,-0.2542007984834559,-0.19023968864889612,1.5999476263846693,39.384821977181005,-24.803349883980243,-9.297317299206913,47.46378068173156
1439,1791618172.3165114,1.5968675321691177,-0.28294103285845584,-0.18544964958639612,1.6323091361328024,39.42115705737569,-24.812153276540645,-9.304034154333248,47.499848689294026
1440,1791618172.3265834,1.5777073759191178,-0.35958165785845586,-0.17107953239889612,1.6271839905504384,39.439108727821804,-24.81640701898494,-9.307178693999985,47.51758547968238
1441,1791618172.3465834,1.5345970243566178,-0.32126134535845585,-0.16149945427389611,1.5761595582035712,39.47407685455842,-24.8246079492901,-9.312985064106527,47.5520303894567
1442,1791618172.3870826,1.3525755399816177,-0.47933263442095586,0.010941951976103882,1.435040101213393,39.543034242256695,-24.84115529561782,-9.323436402819585,47.61996450925503
1443,1791618172.4070826,1.3142552274816177,-0.4649625172334559,0.18338335822610388,1.40608904464444,39.57598009766908,-24.849517665490705,-9.327531978166604,47.6524876759058
1444,1791618172.4164305,1.3813157743566178,-0.45059240004595585,0.09716265510110389,1.456196195920005,39.59095889871729,-24.85348181436803,-9.328962407130607,47.66727519389691
1445,1791618172.4364305,1.3286253446691176,-0.43143224379595585,-0.051328555836396124,1.397860403662753,39.62226403680438,-24.862013993711482,-9.331495013409631,47.69822162734201
1446,1791618172.4464288,1.1945042509191177,-0.6996744312959559,0.020522030101103882,1.384487583545852,39.63745852960313,-24.86648775236537,-9.332594292457701,47.71339065767763
1447,1791618172.4664288,1.3286253446691176,-0.9343863453584559,0.1354829676011039,1.6299321407345353,39.66707816982149,-24.876545500403843,-9.334229371503763,47.74355919413879
1448,1791618172.506916,1.4962767118566178,-0.8529556812959559,0.03968218635110388,1.7227745263420586,39.72662297068257,-24.89927933007716,-9.336510973554995,47.80532523653912
1449,1791618172.526916,1.5298069852941176,-0.7858951344209559,-0.12796918083639613,1.7246207368013255,39.756164028644385,-24.91128318582483,-9.337601413172909,47.83633983059453
1450,1791618172.5369418,1.4771165556066177,-0.7811050953584558,-0.2812504308363961,1.694432144905118,39.771012303755214,-24.917576236072428,-9.338373748021825,47.85210809780143
1451,1791618172.5569417,1.6016575712316177,-0.8481656422334559,-0.4297416417738961,1.8626244417013802,39.800807698777085,-24.930690849013416,-9.340749832244898,47.8841648889557
1452,1791618172.566944,1.5633372587316177,-1.1643082203584558,-0.41537152458639615,1.9930304864627613,39.815847712067544,-24.937775433333044,-9.342393855003671,47.90067531398606
1453,1791618172.5869439,1.4962767118566178,-1.4804507984834558,-0.22376996208639613,2.1167549600997515,39.84599966610969,-24.95378377765558,-9.346146805430058,47.93480441518721
1454,1791618172.626903,1.5441771024816178,-1.351119743795956,-0.08964886833639613,2.053787819006085,39.90631779932198,-24.989456270587446,-9.353459615633236,48.0049407017795
1455,1791618172.646903,1.6495579618566178,-0.982286735983456,-0.11838910271139612,1.923524026586203,39.936769759061555,-25.008132654740585,-9.356882787602965,48.04064459565812
1456,1791618172.6574059,1.7214085477941177,-0.7571549000459559,-0.17107953239889612,1.888332369443494,39.95301795045794,-25.017839411271094,-9.35863880679685,48.05954694411764
1457,1791618172.6774058,1.6782981962316177,-0.8194254078584559,-0.01779828239889612,1.8677418486971504,39.98441702482343,-25.035915752999166,-9.361764437154775,48.0956683681913
1458,1791618172.6867068,1.7118284696691177,-0.9008560719209558,-0.0034281652113961193,1.9344017483974947,39.99919363897142,-25.04426118009416,-9.363014776511116,48.1125405225069
1459,1791618172.7067068,1.6208177274816178,-0.9248062672334559,0.09716265510110389,1.8686244457298662,40.031200842105676,-25.062253184684764,-9.365159506538863,48.14893340601803
1460,1791618172.7471414,1.6303978056066177,-0.6613541187959558,0.10195269416360389,1.7623792516999475,40.096063947176276,-25.097982124399973,-9.368241329042219,48.222059229899386
1461,1791618172.7671413,1.6687181181066177,-0.6038736500459558,-0.0034281652113961193,1.774625395748025,40.12828311645834,-25.114901540123544,-9.369389238006576,48.2578785271173
1462,1791618172.777187,1.5202269071691177,-0.7523648609834559,-0.03216839958639612,1.6965192422296855,40.144441600577174,-25.12314704267501,-9.369906152179649,48.27570662404306
1463,1791618172.797187,1.2807249540441177,-0.7811050953584558,-0.03216839958639612,1.5004720536678449,40.175987275198175,-25.13940072572862,-9.370877407089957,48.31058647713107
1464,1791618172.8064942,1.0891233915441176,-0.8146353687959559,-0.051328555836396124,1.3610492888746295,40.19011953502238,-25.146943820681262,-9.371319874814656,48.32635024451964
1465,1791618172.8264942,1.1130735868566177,-0.9248062672334559,-0.16628949333639612,1.4566576939233906,40.21923613101243,-25.16333083380473,-9.372454491766444,48.359312203689136
1466,1791618172.8677826,1.0987034696691178,-1.111617790670956,-0.056118594898896125,1.5639669828652272,40.27717775167003,-25.198392118541904,-9.375134184694842,48.42626512524429
1467,1791618172.8877826,1.3286253446691176,-1.1259879078584558,0.001361873851103881,1.7415785741220464,40.30467549507972,-25.216184579068152,-9.376319650487817,48.45862360485942
1468,1791618172.8964138,1.3190452665441177,-1.0445572437959558,0.07321245978860388,1.6841437928595482,40.31647637521424,-25.224116430134348,-9.3767062369452,48.47264111690376
1469,1791618172.9164138,1.2950950712316178,-0.862535759420956,-0.13275921989889614,1.5616863290291292,40.34364047840475,-25.24259956207039,-9.377556973850893,48.505017621887674
1470,1791618172.9267006,1.2376146024816177,-0.9966568531709559,-0.23335004021139613,1.6060719250752828,40.35747035845471,-25.252114584849863,-9.37821136448773,48.52159883121067
1471,1791618172.9467006,1.2807249540441177,-1.097247673483456,-0.20460980583639612,1.6988449127335232,40.384103130496506,-25.270979969788677,-9.379949749906134,48.55390480279421
1472,1791618172.9874213,1.4914866727941178,-1.173888298483456,-0.4105814855238961,1.9419380496539689,40.43866112355418,-25.31056516702225,-9.384837080944825,48.620830819470875
1473,1791618173.0074213,1.4914866727941178,-1.341539665670956,-0.38663129021139614,2.042974528539584,40.465912323558975,-25.33086424159113,-9.388073250581256,48.65468798340157
1474,1791618173.0170488,1.5298069852941176,-1.375069939108456,-0.36268109489889616,2.088699194784034,40.47924434815865,-25.34113164440436,-9.38993845732643,48.67148159085917
1475,1791618173.0370488,1.6351878446691177,-1.3127994312959559,-0.5111723058363962,2.1583741011276794,40.50753297361986,-25.36329319993383,-9.394542741119697,48.70743580675783
1476,1791618173.0469866,1.6160276884191178,-1.3606998219209558,-0.6069730870863962,2.198059558692655,40.52190406138682,-25.374645896430735,-9.397320774775382,48.725835045420325
1477,1791618173.0669866,1.5681272977941176,-1.451710564108456,-0.6165531652113961,2.224100849683612,40.55126411705832,-25.398284940153687,-9.403908291460581,48.76383281230937
1478,1791618173.1066792,1.5345970243566178,-1.542721306295956,-0.5063822667738962,2.2341441439993877,40.610029383815096,-25.447076828754742,-9.418363949509693,48.84090278821938
1479,1791618173.1266792,1.5537571806066177,-1.619361931295956,-0.46806195427389613,2.292504402145368,40.6398305206653,-25.472717055171298,-9.426016836562733,48.880516899112045
1480,1791618173.1370482,1.5681272977941176,-1.609781853170956,-0.37226117302389616,2.27793749208066,40.65539127787018,-25.486527572559375,-9.43004285570316,48.9014277493403
1481,1791618173.1570482,1.4866966337316176,-1.4421304859834558,-0.21897992302389613,2.0827768545956507,40.68548522968573,-25.513747654687037,-9.437530338362802,48.942078078577154
1482,1791618173.166663,1.4723265165441177,-1.3175894703584559,-0.11359906364889613,1.9790634479420608,40.69991614300627,-25.526860513745564,-9.440829737621803,48.96154662457804
1483,1791618173.186663,1.5154368681066177,-1.2840591969209558,-0.09922894646139613,1.988769294370245,40.72991341491458,-25.55394813195073,-9.44698272335772,49.00179174777475
1484,1791618173.2267141,1.5250169462316177,-1.212208610983456,-0.11838910271139612,1.9517024318468372,40.79010716953838,-25.607554487862497,-9.458109893864611,49.08192674005059
1485,1791618173.246714,1.4196360868566178,-1.2074185719209558,-0.11838910271139612,1.8674159168664115,40.82007374874569,-25.63393746774856,-9.463188055776317,49.121574680912545
1486,1791618173.257055,1.2376146024816177,-1.1978384937959559,-0.11838910271139612,1.7264191093520445,40.83530464079344,-25.647397965464982,-9.465603494658511,49.14172134778588
1487,1791618173.277055,1.2328245634191177,-1.092457634420956,-0.12317914177389612,1.65181511923772,40.864049140883445,-25.672961809182848,-9.469936710584888,49.179784277147675
1488,1791618173.287319,1.2471946806066176,-0.963126579733456,-0.08964886833639613,1.5783359273350224,40.87849708463447,-25.685695568991218,-9.471990766797273,49.19883220003963
1489,1791618173.307319,1.2519847196691176,-0.7811050953584558,-0.13275921989889614,1.4816261062589526,40.9061757729954,-25.70940265846846,-9.475726482572382,49.23492656437079
1490,1791618173.3473918,1.1513938993566177,-0.6805142750459559,-0.19023968864889612,1.3509251382494105,40.96053864432565,-25.754171069130102,-9.483059545643773,49.30488283971009
1491,1791618173.3673918,1.1082835477941178,-0.7523648609834559,-0.17586957146139612,1.351027539511977,40.98699031442156,-25.775312320851736,-9.486719586873383,49.338605055188836
1492,1791618173.3768332,1.2040843290441177,-0.6948843922334559,-0.23814007927389613,1.4104588215810698,40.99924167622593,-25.78482023703092,-9.488481372363088,49.354088497664115
1493,1791618173.3968332,1.2615647977941178,-0.8194254078584559,-0.33394086052389615,1.5409478370161496,41.02499974426462,-25.804211494971792,-9.492511734544088,49.3863919913634
1494,1791618173.4072022,1.1992942899816177,-0.9152261891084559,-0.34352093864889616,1.5472402549386821,41.038264713357066,-25.81410594589597,-9.494814705288737,49.403023619585035
1495,1791618173.4272022,1.1513938993566177,-1.140358025045956,-0.3291508214613961,1.6536216616962485,41.06353853878101,-25.833411181815855,-9.499599411612607,49.435025231062966
1496,1791618173.4670243,1.2998851102941178,-1.3223795094209558,-0.38184125114889617,1.8931961356340534,41.1136341265618,-25.87343950710566,-9.509820734332532,49.49951993120523
1497,1791618173.4870243,1.2950950712316178,-1.4373404469209559,-0.36268109489889616,1.9684400881104878,41.13891230974745,-25.894667103406398,-9.51530098113361,49.532664406297485
1498,1791618173.496166,1.2615647977941178,-1.499610954733456,-0.36268109489889616,1.9929667160258755,41.15048635124434,-25.904928140963484,-9.517927504528558,49.54814600884568
1499,1791618173.516166,1.3190452665441177,-1.504400993795956,-0.42495160271139615,2.0454062261501225,41.17588048822516,-25.928515702382253,-9.523993266672033,49.58273397315742
1500,1791618173.5268226,1.3861058134191178,-1.494820915670956,-0.3914213292738961,2.075810577324476,41.18954371585912,-25.941595756128848,-9.527392966790774,49.60157375163339
1501,1791618173.5468225,1.4004759306066177,-1.3990201344209559,-0.32436078239889615,2.0059411970150385,41.21551991279524,-25.966802530977088,-9.533890026578636,49.63757623417641
1502,1791618173.58641,1.2855149931066177,-1.4038101734834558,-0.16628949333639612,1.9107286558461494,41.267198966002674,-26.01753395782047,-9.546277907681386,49.709407617036426
1503,1791618173.60641,1.1657640165441177,-1.466080681295956,0.025312069163603883,1.873242911953394,41.29306831845865,-26.043624290059597,-9.55180907781767,49.745601956090105
1504,1791618173.6164074,1.3094651884191177,-1.2792691578584559,0.12111285041360388,1.834638106130118,41.30591584310121,-26.056768243630383,-9.55404941883313,49.763578199694706
1505,1791618173.6364074,1.6016575712316177,-1.097247673483456,-0.09922894646139613,1.9439922366779812,41.33212904445235,-26.082683598227288,-9.557826171837554,49.79963168702716
1506,1791618173.67635,1.4914866727941178,-1.020607048483456,-0.16628949333639612,1.8148893735240874,41.38589388915097,-26.133021147481546,-9.565032882444063,49.87200478566124
1507,1791618173.69635,1.3813157743566178,-1.0493472828584558,-0.19023968864889612,1.745094303373338,41.41308588183839,-26.157550181909063,-9.568634915440606,49.90811444966241
1508,1791618173.7081375,1.3956858915441177,-1.2026285328584558,-0.22856000114889613,1.8564735845214075,41.429163159904306,-26.17182925720179,-9.570809652464934,49.92935613646356
1509,1791618173.7281375,1.5537571806066177,-1.216998650045956,-0.3291508214613961,2.000896637452574,41.45677420875735,-26.196052188315505,-9.5747826558363,49.96572566225114
1510,1791618173.7371635,1.6064476102941176,-1.106827751608456,-0.37226117302389616,1.9860312125672743,41.469505327211834,-26.206917409820985,-9.576781553296343,49.98236826250219
1511,1791618173.7571635,1.5250169462316177,-1.058927360983456,-0.39621136833639614,1.8984170486307783,41.49818075962914,-26.230629982957883,-9.581699055384984,50.019535308214024
1512,1791618173.7965412,1.4196360868566178,-1.025397087545956,-0.4201615636488961,1.8009279679712857,41.55486714930354,-26.276469931258763,-9.592339773673817,50.09264255535155
1513,1791618173.8165412,1.3669456571691176,-1.130777946920956,-0.40579144646139614,1.819853261369585,41.58351944689153,-26.29949403595491,-9.598172471762116,50.12960593237219
1514,1791618173.8268864,1.3573655790441177,-1.178678337545956,-0.4010014073988961,1.841881121926648,41.59823083832894,-26.31140898446775,-9.601362931258826,50.14867118642908
1515,1791618173.8468864,1.3142552274816177,-1.173888298483456,-0.38663129021139614,1.8040965314665596,41.62641304423785,-26.334517300653935,-9.607787163454985,50.1854026442569
1516,1791618173.8571506,1.2663548368566178,-1.1978384937959559,-0.36268109489889616,1.7804519669585521,41.640693471621326,-26.346423558804887,-9.611166417470267,50.204142329510866
1517,1791618173.8771505,1.3046751493566178,-1.2409488453584558,-0.3099906652113961,1.8270811406895429,41.66820193138613,-26.369801443545715,-9.617772304289792,50.240491881190415
1518,1791618173.9177163,1.4244261259191178,-1.255318962545956,-0.3195707433363961,1.925341773796273,41.723930856286046,-26.417700691227452,-9.6310765476263,50.31440103367679
1519,1791618173.9377162,1.4292161649816177,-1.1930484547334559,-0.27646039177389614,1.8821407518584858,41.751565778627864,-26.441446498995983,-9.637546036733836,50.35102413592518
1520,1791618173.9472091,1.4004759306066177,-1.212208610983456,-0.27646039177389614,1.872755429032496,41.764729663272654,-26.452739146825074,-9.640549796728871,50.368445008749546
1521,1791618173.967209,1.4148460477941178,-1.2457388844209558,-0.3099906652113961,1.910431605589482,41.79252672758602,-26.476649110498975,-9.646808651682328,50.4052492857505
1522,1791618173.9763224,1.4196360868566178,-1.3223795094209558,-0.19023968864889612,1.9494217925270065,41.805230342623695,-26.487665129614864,-9.649574713733161,50.42209813340138
1523,1791618173.9963224,1.4148460477941178,-1.3223795094209558,0.03968218635110388,1.9370213168183377,41.833179402012455,-26.512181560943645,-9.65496036556803,50.4591808263084
1524,1791618174.0368266,1.6399778837316177,-1.188258415670956,0.03489214728860388,2.0255130173573543,41.8905717695351,-26.562011759444008,-9.664004849768906,50.53467583376557
1525,1791618174.0568266,1.7453587431066178,-1.058927360983456,-0.26688031364889614,2.0588417617173573,41.9197378618392,-26.58629671683113,-9.668148882952565,50.57241044624666
1526,1791618174.0669374,1.5106468290441177,-1.1595181812959559,-0.2812504308363961,1.9250033921275536,41.934739949493846,-26.598414527016324,-9.670345278000969,50.591636144509344
1527,1791618174.0869374,1.4244261259191178,-1.269689079733456,-0.1567094152113961,1.9145908148247328,41.964366459562754,-26.622432731513975,-9.674695147151455,50.62965240930238
1528,1791618174.0968266,1.5250169462316177,-1.169098259420956,-0.10401898552389613,1.924392729102908,41.97900568960779,-26.634336111224606,-9.676716724234264,50.64843161772022
1529,1791618174.1168265,1.5393870634191178,-0.9343863453584559,-0.14233929802389614,1.8063916654968275,42.008767981094046,-26.657953938764287,-9.680561470162303,50.686254210271464
1530,1791618174.1569548,1.4004759306066177,-0.8481656422334559,-0.17107953239889612,1.6462035096790395,42.06837398675651,-26.703597796244516,-9.68806176840798,50.76109500376933
1531,1791618174.1769547,1.2328245634191177,-0.8385855641084559,0.006151912913603881,1.4910130779215627,42.09757551107211,-26.725464552655243,-9.691486597161976,50.79745300631342
1532,1791618174.1866286,1.3286253446691176,-0.6517740406709559,0.11153277228860389,1.4840802760915792,42.11143980509133,-26.735536126220573,-9.692809290881632,50.81449405793269
1533,1791618174.2066286,1.4483763212316176,-0.5559732594209559,0.1498530847886039,1.5586392078079698,42.13996925045392,-26.75504668363368,-9.694741603414158,50.84877133451298
1534,1791618174.2167058,1.3094651884191177,-0.45059240004595585,0.2456538660386039,1.4064417558364808,42.15427228458302,-26.76416347935508,-9.695270258746612,50.86552254703126
1535,1791618174.2367058,1.2136644071691176,-0.3835318531709559,0.26002398322610387,1.2991114068772864,42.18218574421296,-26.78079441226455,-9.695403567619449,50.897432094853976
1536,1791618174.2768328,1.1466038602941178,-0.2973111500459559,0.19775347541360389,1.2009166371656197,42.23689267334814,-26.811205834282443,-9.694253218631744,50.95855577285469
1537,1791618174.2968328,1.1609739774816177,-0.2542007984834559,0.16901324103860388,1.2004349619973118,42.2635308505575,-26.824917024444627,-9.693215719039216,50.98765188062884
1538,1791618174.3068357,1.2424046415441177,-0.33084142348345585,0.17859331916360388,1.298045035610398,42.276658362857454,-26.83118485424087,-9.69251387629929,51.00169750365633
1539,1791618174.3268356,1.3190452665441177,-0.31168126723345585,0.16901324103860388,1.3658664294809608,42.30281092190607,-26.84280090037162,-9.69079967555905,51.02916196081749
1540,1791618174.3368456,1.3382054227941178,-0.28773107192095587,0.10195269416360389,1.3725805168337424,42.31593182120513,-26.848192672501273,-9.689866982961036,51.04269837914244
1541,1791618174.3568456,1.3142552274816177,-0.19193029067095588,0.020522030101103882,1.3283543176273667,42.34219372369666,-26.858069007192043,-9.688099279777111,51.06933040274725
1542,1791618174.3973413,1.4340062040441177,-0.12486974379595586,-0.08485882927389612,1.4419317830807474,42.39573913772199,-26.876029008289187,-9.6852523477314,51.1226343738995
1543,1791618174.4173412,1.5489671415441177,-0.07696935317095586,-0.13754925896139614,1.5569660515090686,42.422691848006814,-26.883871338118723,-9.684390823335924,51.14894668880854
1544,1791618174.427181,1.4483763212316176,-0.17277013442095587,-0.13754925896139614,1.4651154513870566,42.43617521086068,-26.887335231474943,-9.68423355982153,51.16192082025218
1545,1791618174.447181,1.3382054227941178,-0.25899083754595587,-0.11838910271139612,1.3681688445397187,42.46365002194173,-26.893967373160105,-9.684345765898037,51.18821746425655
1546,1791618174.4571884,1.5250169462316177,-0.25899083754595587,-0.23335004021139613,1.5643545574750708,42.477484448829706,-26.89717688965836,-9.684657487809138,51.20143943670255
1547,1791618174.4771883,1.7788890165441178,-0.24941075942095586,-0.4297416417738961,1.8469785431267902,42.50594145909267,-26.90339163969998,-9.686181660253366,51.22860193484027
1548,1791618174.5165725,1.5777073759191178,-0.31168126723345585,-0.41537152458639615,1.66097540012219,42.563488316936784,-26.915451414948876,-9.691229164511034,51.28364247297141
1549,1791618174.5365725,1.5298069852941176,-0.4553824391084559,-0.3195707433363961,1.627823097913167,42.592989430267245,-26.9218075579679,-9.694510309712037,51.31208435583403
1550,1791618174.5465713,1.6639280790441178,-0.5080728687959559,-0.2620902745863961,1.7593993305303868,42.60792092226014,-26.92523110137557,-9.696340823529392,51.32662097339058
1551,1791618174.5665712,1.6543480009191178,-0.4362222828584559,-0.2525101964613961,1.7294272426223363,42.63828489433817,-26.932468260429548,-9.700224967998135,51.356358416067295
1552,1791618174.577098,1.5968675321691177,-0.38832189223345587,-0.26688031364889614,1.6649339053238699,42.654436062326745,-26.93635702195255,-9.70237272801167,51.372213130859734
1553,1791618174.5970979,1.6639280790441178,-0.6517740406709559,-0.36268109489889616,1.8234592479463465,42.68541051675676,-26.944197304601186,-9.706785585871408,51.40287662945925
1554,1791618174.637118,1.8267894071691178,-0.963126579733456,-0.4489017980238961,2.113358741672471,42.74857121528928,-26.96237968960293,-9.716727224870832,51.46673729155092
1555,1791618174.657118,1.7693089384191178,-1.0397672047334559,-0.49201214958639616,2.1103662987618135,42.78079506153953,-26.97310762795551,-9.722361651451566,51.500187157799076
1556,1791618174.6681097,1.8555296415441178,-1.0732974781709559,-0.45369183708639615,2.191071429765768,42.79883638451498,-26.9798610447891,-9.725773338616444,51.519355245371166
1557,1791618174.6881096,1.9561204618566177,-1.0493472828584558,-0.49201214958639616,2.2736782834599087,42.83245724791516,-26.99349009925527,-9.732468537881287,51.55568683931891
1558,1791618174.6966462,2.027971047794118,-1.0876675953584558,-0.6309232823988962,2.3861583260456576,42.84720584902414,-26.99980299613916,-9.735616540711595,51.571839605803774
1559,1791618174.7166462,2.1189817899816177,-1.298429314108456,-0.7075639073988962,2.5839212822885007,42.882797057985584,-27.015953821313083,-9.743893292360784,51.61142800664027
1560,1791618174.7566888,2.1812522977941176,-1.288849235983456,-0.7123539464613962,2.631813459340609,42.95628112154324,-27.051209627538306,-9.762243076625918,51.69440414583772
1561,1791618174.7766888,2.0662913602941178,-1.4421304859834558,-0.6836137120863962,2.610867294900592,42.99384987266196,-27.070273841408124,-9.772127372720476,51.73746540091129
1562,1791618174.7872946,1.9321702665441178,-1.643312126608456,-0.8177348058363961,2.6650416313918743,43.01396441110844,-27.081321258900235,-9.7777769204283,51.76102797465991
1563,1791618174.8072946,2.104611672794118,-1.9546646656709559,-0.9805961339613962,3.035073809057012,43.05226103463841,-27.104426049042008,-9.78953003572859,51.80716157022178
1564,1791618174.8170815,2.1285618681066176,-2.088785759420956,-0.9518558995863962,3.1304682123757046,43.071297386912136,-27.11700423143554,-9.79583708705157,51.830753431872594
1565,1791618174.8370814,2.3249534696691176,-2.151056267233456,-0.9422758214613962,3.304593080038985,43.11104425516579,-27.14521259366323,-9.809633781721063,51.881148970098174
1566,1791618174.8766646,2.3153733915441177,-2.208536735983456,-0.8464750402113962,3.3098502156683542,43.19168585549048,-27.205609679335044,-9.838154130828151,51.98515366684642
1567,1791618174.8966646,2.396804055606618,-2.083995720358456,-0.8991654698988961,3.3009402275265747,43.23338763833936,-27.237987489366667,-9.853021356168496,52.039559942441116
1568,1791618174.9066653,2.516555032169118,-2.246857048483456,-1.042866641773896,3.531145233317409,43.25479744309216,-27.254997411667667,-9.860797005751397,52.06772227917771
1569,1791618174.9266653,2.483024758731618,-2.519889275045956,-1.0907670323988963,3.7020300687506764,43.298690870597454,-27.291062324096163,-9.877215112099865,52.12617473262309
1570,1791618174.9366663,2.602775735294118,-2.663590446920956,-1.1865678136488962,3.9085929403753386,43.321162066838035,-27.31027935046767,-9.88590163513681,52.15654793179308
1571,1791618174.9566662,2.626725930606618,-2.7977115406709556,-1.162617618336396,4.009807814071748,43.36720370267448,-27.351137125208925,-9.904191090920639,52.21965204974768
1572,1791618174.9973269,2.4782347196691177,-2.7546011891084556,-0.9758060948988961,3.8316670747408392,43.46233505482182,-27.43867458207053,-9.942317919358901,52.35174416242464
1573,1791618175.0173268,2.535715188419118,-2.6444302906709556,-0.8464750402113962,3.760237103255373,43.50962987302508,-27.483372055796597,-9.96099195789278,52.417983479242906
1574,1791618175.0272286,2.612355813419118,-2.639640251608456,-0.8129447667738962,3.8017078724753794,43.53335585149461,-27.506106003663074,-9.970082804012714,52.451324962258866
1575,1791618175.0472286,2.6842063993566176,-2.9270425953584556,-0.6021830480238961,4.0168603128210885,43.58203497765646,-27.553487128253728,-9.987813244787443,52.51994705950556
1576,1791618175.0870798,2.660256204044118,-2.792921501608456,-0.5542826573988962,3.896742594731558,43.680455439565435,-27.6508315081473,-10.021299376865477,52.659064857824596
1577,1791618175.1070797,2.3824339384191178,-2.309127556295956,-0.8177348058363961,3.41712624215917,43.73000431953826,-27.700010384220892,-10.03764213692561,52.72910119413913
1578,1791618175.116321,2.420754250919118,-2.2133267750459558,-1.162617618336396,3.480021017600972,43.75279410348213,-27.72246026955229,-10.045433461043467,52.76127868692018
1579,1791618175.136321,2.516555032169118,-2.7114908375459557,-1.042866641773896,3.8435403763400404,43.80212318522529,-27.771145350662792,-10.06307427535495,52.83112693756022
1580,1791618175.146336,2.626725930606618,-2.998893181295956,-0.6117631261488962,4.033274544320043,43.82698278608445,-27.796156805888508,-10.071825717868517,52.866553004715584
1581,1791618175.166336,2.6315159696691177,-2.342657829733456,-0.38663129021139614,3.544348425367573,43.877068079945964,-27.84662482854681,-10.088178447347069,52.9377272086701
1582,1791618175.206881,2.626725930606618,-1.628942009420956,-0.6069730870863962,3.1498503953401937,43.979362885282015,-27.945666621809583,-10.119378300925638,53.0805657461362
1583,1791618175.226881,2.550085305606618,-1.710372673483456,-0.7458842198988962,3.159850157454294,44.03001897157497,-27.99220252039335,-10.134489276371989,53.149918583878055
1584,1791618175.2368782,2.4878147977941176,-2.055255485983456,-0.6021830480238961,3.2826699505304866,44.05531898925209,-28.014798029234484,-10.14192036376179,53.184194912853975
1585,1791618175.2568781,2.569245461856618,-2.112735954733456,-0.5111723058363962,3.365408234367476,44.10592691126012,-28.059473368484532,-10.15622685908734,53.25237814812931
1586,1791618175.2668836,2.6410960477941177,-1.978614860983456,-0.6452933995863962,3.362544969710897,44.131356967784924,-28.0815409922931,-10.163178277866063,53.28639418301435
1587,1791618175.2868836,2.5021849149816178,-2.122316032858456,-0.7410941808363961,3.363684776693439,44.18227928461174,-28.125186782690818,-10.177068792494392,53.35421879806545
1588,1791618175.327309,2.329743508731618,-2.270807243795956,-0.6931937902113962,3.32637760720892,44.28441765347934,-28.21349310723912,-10.205282379177653,53.49073404486777
1589,1791618175.3473089,2.4351243681066177,-2.289967400045956,-0.6979838292738961,3.4148151937327063,44.33451702525069,-28.25746957307898,-10.21923375585484,53.5580687207122
1590,1791618175.3573172,2.420754250919118,-2.117525993795956,-0.8129447667738962,3.31735537312022,44.35947197043098,-28.279483542542675,-10.226302179749263,53.59168964680941
1591,1791618175.3773172,2.459074563419118,-2.151056267233456,-0.9183256261488961,3.393731387264027,44.40917974211147,-28.323278955115185,-10.240905384634083,53.658731994275286
1592,1791618175.3869522,2.296213235294118,-2.218116814108456,-0.7889945714613962,3.28863951456618,44.43297069244477,-28.344369857795154,-10.248118951206257,53.690931536240036
1593,1791618175.4069521,2.320163430606618,-2.026515251608456,-0.6069730870863962,3.1397991557061644,44.481872102040235,-28.387949675771456,-10.262940547402374,53.75723747716128
1594,1791618175.4471092,2.5309251493566176,-1.844493767233456,-0.6213432042738961,3.1927741458653536,44.579941454539124,-28.47398500253301,-10.291935652002948,53.88935833241643
1595,1791618175.4671092,2.5213450712316177,-1.892394157858456,-0.7171439855238961,3.2330530637299915,44.62903625311625,-28.516012279354992,-10.30621808590255,53.954906768823854
1596,1791618175.476656,2.4111741727941176,-2.002565056295956,-0.6117631261488962,3.193474881498599,44.65248757344083,-28.535853140737157,-10.312964512090527,53.98607966868538
1597,1791618175.496656,2.3824339384191178,-1.810963493795956,-0.6452933995863962,3.061369598454694,44.70143792676082,-28.57690420387291,-10.326863508524879,54.050921514078574
1598,1791618175.5066557,2.353693704044118,-1.542721306295956,-0.7458842198988962,2.9113925106125085,44.72579333857345,-28.59686569097619,-10.333813798517108,54.08294578455334
1599,1791618175.5266557,2.3680638212316176,-1.5954117359834559,-0.7075639073988962,2.9417191490340184,44.77428115536585,-28.635508223208312,-10.34780974332596,54.146151762292874
1600,1791618175.566876,2.3920140165441177,-1.499610954733456,-0.43453168083639615,2.856463171922686,44.871523288952396,-28.71089852313523,-10.375179043090764,54.27166513433097
1601,1791618175.586876,2.339323586856618,-1.1595181812959559,-0.23335004021139613,2.621329719445124,44.91972182967699,-28.746752592740386,-10.387749105327606,54.33288622334562
1602,1791618175.5973911,2.200412454044118,-0.862535759420956,-0.23335004021139613,2.374917923941584,44.94484183379215,-28.7643703427334,-10.393734686976932,54.364119871674376
1603,1791618175.617391,2.1285618681066176,-0.8481656422334559,-0.21418988396139613,2.301312210330059,44.99194689268837,-28.795419073994157,-10.404082908224161,54.42146989932042
1604,1791618175.6269598,2.0327610868566177,-0.7715250172334559,-0.20939984489889613,2.184311512467776,45.01408947706456,-28.809208028262532,-10.408595206888466,54.44793451404509
1605,1791618175.6469598,1.9561204618566177,-0.6038736500459558,-0.24772015739889613,2.062143526259922,45.059411880441694,-28.835768936253206,-10.41729755247836,54.50112161646902
1606,1791618175.6865296,2.0088108915441176,-0.6134537281709559,-0.4010014073988961,2.138328506878448,45.14739837396961,-28.884049667927524,-10.433857701202992,54.602575870430975
1607,1791618175.7065296,1.9704905790441178,-0.8385855641084559,-0.49201214958639616,2.1973017147795946,45.19116803957752,-28.90697007173908,-10.442311784156017,54.65250646500374
1608,1791618175.719515,1.9752806181066178,-1.0780875172334559,-0.6788236730238961,2.3504909687424695,45.21916659650821,-28.921486118210325,-10.448117736904099,54.68444524005712
1609,1791618175.739515,2.104611672794118,-1.1978384937959559,-0.9422758214613962,2.59847860760703,45.261940865988514,-28.943903751573142,-10.458150273010553,54.73358897851887
1610,1791618175.746765,2.2483128446691176,-1.4756607594209559,-1.1051371495863962,2.907544229035032,45.27748724312112,-28.95226471308812,-10.46235473460857,54.75166983444897
1611,1791618175.7667649,2.3010032743566176,-1.806173454733456,-1.0716068761488962,3.1153201944893656,45.32076559395822,-28.976792908116337,-10.475478803918795,54.80293767156758
1612,1791618175.806673,2.3057933134191178,-1.935504509420956,-1.009336368336396,3.175156754342008,45.407958617852536,-29.0295944162601,-10.503967020941936,54.908409018930826
1613,1791618175.826673,2.353693704044118,-1.787013298483456,-0.8752152745863961,3.0820922047016994,45.45209011024094,-29.0576704434094,-10.518929185893512,54.96261072952314
1614,1791618175.8371632,2.420754250919118,-1.696002556295956,-0.6357133214613961,3.023343718697707,45.4755217484929,-29.072927973312215,-10.52678855667285,54.99155841177762
1615,1791618175.8571632,2.4686546415441177,-1.547511345358456,-0.29562054802389615,2.928555721109708,45.520828273425025,-29.102519010119906,-10.540922152445079,55.04737468087782
1616,1791618175.8677857,2.6315159696691177,-1.250528923483456,-0.08006879021139612,2.9146371812385508,45.54534545212124,-29.118107247092873,-10.547602166539797,55.07716925795895
1617,1791618175.8877857,2.655466164981618,-1.1164078297334559,0.05405230353860389,2.8811089266409513,45.59251259335141,-29.146604670870865,-10.55833171762746,55.13329427010865
1618,1791618175.9268496,2.4111741727941176,-1.0493472828584558,0.08279253791360389,2.630920982455763,45.68566457640383,-29.200261842777124,-10.575744190931925,55.242027521321624
1619,1791618175.9468496,2.176462258731618,-1.015817009420956,0.044472225413603884,2.4022593405261863,45.73308424429721,-29.226710310076037,-10.583130917623368,55.296638686855516
1620,1791618175.9571881,2.1716722196691176,-0.9343863453584559,-0.03216839958639612,2.3643757903528946,45.757291408345935,-29.239843634295774,-10.586367020663888,55.324220188652966
1621,1791618175.977188,2.013600930606618,-1.264899040670956,-0.24772015739889613,2.390799775642426,45.80337388831015,-29.264738083758203,-10.59210807577058,55.37658989277061
1622,1791618175.9871495,1.9321702665441178,-1.466080681295956,-0.5351225011488961,2.4837533279740627,45.82583119280467,-29.277317681980325,-10.595123463878094,55.40238962696327
1623,1791618176.0071495,1.9561204618566177,-1.5139810719209559,-0.8656351964613962,2.620662176012359,45.869989068587735,-29.30325600590856,-10.602370634173058,55.45400772500171
1624,1791618176.0765934,1.8028392118566177,-1.724742790670956,-1.1051371495863962,2.7287900317128053,46.019893085286846,-29.396677836286166,-10.634024082334724,55.63342246865013
1625,1791618176.0965934,1.5585472196691177,-1.7582730641084559,-1.1817777745863962,2.6300555721151695,46.061631894392235,-29.424772163110717,-10.645203264332517,55.684930656008035
1626,1791618176.0776978,1.7932591337316177,-1.7918033375459559,-1.0332865636488962,2.737520528465502,46.061631894392235,-29.424772163110717,-10.645203264332517,55.684930656008035
1627,1791618176.0976977,1.7597288602941177,-1.490030876608456,-0.6788236730238961,2.403672035460797,46.101391209904335,-29.454519403963435,-10.658672590569614,55.73611294484091
1628,1791618176.1069276,1.6591380399816178,-1.188258415670956,-0.41537152458639615,2.082601882637227,46.11935432325266,-29.468042410980072,-10.664713665719889,55.75927263066509
1629,1791618176.1269276,1.6112376493566178,-0.982286735983456,-0.3004105870863961,1.9108167141897372,46.15734503870658,-29.496205422709682,-10.67691402361625,55.8079127761341
1630,1791618176.166073,1.5777073759191178,-0.8098453297334559,-0.14233929802389614,1.7791207091939023,46.22991204226289,-29.548321314907046,-10.698511438335743,55.89960828986688
1631,1791618176.186073,1.7022483915441178,-0.8769058766084559,-0.07527875114889612,1.9163194914521737,46.2663461641672,-29.573484181482957,-10.708217129243478,55.94489849934483
1632,1791618176.1968603,1.7166185087316177,-0.9056461109834559,-0.09922894646139613,1.9434043240343117,46.28581570970281,-29.586462473988714,-10.71280797011353,55.96873906246095
1633,1791618176.2168603,1.6112376493566178,-0.6948843922334559,0.020522030101103882,1.7548140172090516,46.32149019339601,-29.60931619017177,-10.720160889158581,56.011730097149254
1634,1791618176.2267807,1.7022483915441178,-0.7475748219209559,-0.03216839958639612,1.8594495171465761,46.33899643659487,-29.620024902918427,-10.723269660076879,56.03246360997333
1635,1791618176.2467806,1.7645188993566177,-1.015817009420956,-0.21418988396139613,2.0472636491685727,46.37419608771347,-29.641020931829257,-10.728966530266764,56.07376309353978
1636,1791618176.2873914,1.6160276884191178,-1.0014468922334558,-0.31478070427389615,1.9270517013003192,46.44524578584657,-29.68340344384346,-10.740410245180557,56.157116275254516
1637,1791618176.3073914,1.6016575712316177,-0.9391763844209559,-0.34831097771139613,1.889094966837785,46.479814249855195,-29.70405601589218,-10.746195307323973,56.19772940323705
1638,1791618176.3173885,1.7405687040441178,-1.0780875172334559,-0.49201214958639616,2.105689450905105,46.49700759390713,-29.714343361417992,-10.749283316739088,56.21797762648197
1639,1791618176.3373885,1.7070384306066178,-1.331959587545956,-0.49201214958639616,2.2203991762212767,46.53141604936054,-29.73545192095451,-10.756010470144334,56.258879670110204
1640,1791618176.3473907,1.6687181181066177,-1.451710564108456,-0.27646039177389614,2.2290163902181517,46.54857513908007,-29.746513182362516,-10.759446601354224,56.279575204104404
1641,1791618176.3673906,1.7597288602941177,-1.418180290670956,-0.21897992302389613,2.2706459885431594,46.58288199920324,-29.769618124863005,-10.7660299310088,56.32142096154218
1642,1791618176.4072237,1.7740989774816178,-1.389440056295956,-0.25730023552389614,2.268077217191179,46.65151756481029,-29.817120354786013,-10.778597773656978,56.40569942229137
1643,1791618176.4272237,1.7261985868566176,-1.422970329733456,-0.15191937614889614,2.242250123741104,46.68606033878483,-29.841611999826977,-10.784575314787547,56.448357827532945
1644,1791618176.437207,1.6447679227941177,-1.327169548483456,0.020522030101103882,2.1135424490635923,46.703240519714996,-29.854062737743057,-10.787209913368148,56.46965233385553
1645,1791618176.457207,1.7261985868566176,-1.054137321920956,0.10674273322610389,2.02542861286915,46.7375520970548,-29.878836333185006,-10.791505321328488,56.51194761951166
1646,1791618176.496753,1.8890599149816178,-0.8146353687959559,0.1498530847886039,2.062676439363271,46.8059424898692,-29.926016180347006,-10.79796359358609,56.594688041897925
1647,1791618176.516753,1.7884690946691177,-0.44101232192095585,0.2648140222886039,1.8609782473401875,46.84085834294486,-29.948181255702032,-10.800117866414041,56.6356964886691
1648,1791618176.526747,1.5058567899816178,-0.23983068129595586,0.3654048426011039,1.5680064179144682,46.85815800499752,-29.958106125276327,-10.800560504677454,56.65533691939208
1649,1791618176.546747,1.2376146024816177,-0.11049962660845586,0.2983442957261039,1.2778534307770377,46.89170017350606,-29.97551396118228,-10.80031781575123,56.69223798122857
1650,1791618176.5563717,1.1992942899816177,-0.20151036879595585,0.2360737879136039,1.2388075137222374,46.90717972256473,-29.982859879068137,-10.799832771793486,56.70883338556283
1651,1791618176.5763717,1.3238353056066177,-0.3068912281709559,0.2025435144761039,1.3739526984416808,46.93830568597093,-29.99659745454312,-10.798318121311329,56.74155508768326
1652,1791618176.6166377,1.4819065946691177,-0.24462072035845586,0.12111285041360388,1.50683601453105,47.0000450105401,-30.021772220195288,-10.794748660578046,56.805260644408065
1653,1791618176.6366377,1.4340062040441177,-0.23504064223345586,-0.01300824333639612,1.4531989234558476,47.03048470163915,-30.03312028689746,-10.793079507377026,56.83612733720452
1654,1791618176.646518,1.3334153837316178,-0.4122720875459559,-0.09922894646139613,1.3992180829154106,47.04531745640135,-30.03836516493733,-10.792461778009635,56.85105546588824
1655,1791618176.666518,1.3094651884191177,-0.6421939625459558,-0.16628949333639612,1.4679115643682583,47.07480290945738,-30.04897116363974,-10.791797194382287,56.88093374446474
1656,1791618176.6765368,1.5633372587316177,-0.723624626608456,-0.12317914177389612,1.7270868784577311,47.08951648783793,-30.05451349545767,-10.791731724528747,56.896026382527
1657,1791618176.6965368,1.9321702665441178,-0.6374039234834559,-0.29562054802389615,2.055956519239456,47.119725803585446,-30.06595928743876,-10.792248833951378,56.92717367455481
1658,1791618176.7377722,1.8890599149816178,-0.7188345875459559,-0.45848187614889613,2.0725530529759024,47.184485636194324,-30.090212513936113,-10.795487253724051,56.99420250281062
1659,1791618176.7577722,1.8267894071691178,-0.963126579733456,-0.5590726964613961,2.1394706416922338,47.21675769932464,-30.10273424043977,-10.798348675359074,57.02807335428671
1660,1791618176.7667978,2.037551125919118,-1.3127994312959559,-0.48722211052389613,2.472335398470161,47.23175269303212,-30.109078030417894,-10.800154536032638,57.04417919735305
1661,1791618176.7867978,2.157302102481618,-1.250528923483456,-0.5207523839613961,2.547343321038956,47.26628856196649,-30.124871769578768,-10.805067898070432,57.08204118493452
1662,1791618176.7981262,2.1525120634191177,-1.130777946920956,-0.6931937902113962,2.5283363263607237,47.286577966369514,-30.134499062820264,-10.808464895588823,57.104565517442076
1663,1791618176.8181262,2.0519212431066176,-1.183468376608456,-0.6740336339613962,2.462782882443287,47.32333178344096,-30.152417568902987,-10.815613418737545,57.1458092073137
1664,1791618176.857102,2.071081399356618,-1.3990201344209559,-0.45848187614889613,2.5410315090595015,47.39626563361172,-30.18964810295086,-10.830765274448556,57.228719407497564
1665,1791618176.877102,2.224362649356618,-1.231368767233456,-0.37226117302389616,2.5695596155201303,47.43452024973007,-30.209832472896732,-10.838620151707204,57.27253596756068
1666,1791618176.8881872,2.253102883731618,-1.0014468922334558,-0.4105814855238961,2.4995890940110113,47.456265480902104,-30.221198176782487,-10.84297162862189,57.29736456743294
1667,1791618176.9081872,1.9130101102941177,-0.8912759937959559,-0.21897992302389613,2.1217758566568787,47.49586236768936,-30.241467302940723,-10.850589242091253,57.342293061804824
1668,1791618176.9161808,1.8651097196691178,-0.8002652516084559,-0.01300824333639612,2.0295881241598894,47.51157980299983,-30.249367508979184,-10.853316276166982,57.35999410966339
1669,1791618176.9361808,1.8267894071691178,-0.6900943531709559,0.16901324103860388,1.960090617821051,47.55054349530184,-30.26840420293479,-10.858881779255238,57.40336046945922
1670,1791618176.9772246,1.8794798368566177,-0.5032828297334558,0.05884234260110388,1.9465868809631588,47.6299191974231,-30.30528462832115,-10.867888624273164,57.49026423931463
1671,1791618176.9972246,1.8315794462316177,-0.3739517750459559,-0.12796918083639613,1.873739392007885,47.668362537506766,-30.321876044813486,-10.871722874820811,57.53158534362767
1672,1791618177.006738,1.7740989774816178,-0.5559732594209559,-0.20460980583639612,1.8704006575428942,47.68647857233376,-30.329247773656835,-10.873510431226588,57.5508187452056
1673,1791618177.026738,1.6782981962316177,-0.7523648609834559,-0.28604046989889614,1.8613320149658787,47.72402971197205,-30.344383230669777,-10.877440689762599,57.59065307459404
1674,1791618177.0367386,1.6303978056066177,-0.9870767750459559,-0.35789105583639613,1.9392275710214335,47.74247178493991,-30.35212093328772,-10.879594151840871,57.61041942386356
1675,1791618177.0567386,1.8555296415441178,-1.188258415670956,-0.6261332433363962,2.2906311687988197,47.779049952891825,-30.36853708662469,-10.884730810586575,57.65035146468375
1676,1791618177.097302,2.0088108915441176,-1.413390251608456,-0.9231156652113962,2.623954216957065,47.85386495227451,-30.404752480392546,-10.898299325450468,57.733995985481364
1677,1791618177.117302,2.013600930606618,-1.921134392233456,-1.0572367589613962,2.977095165637344,47.89125332007979,-30.424932032261545,-10.906956377672193,57.77724752149615
1678,1791618177.126331,2.3489036649816177,-2.424088493795956,-1.4164896886488962,3.6606005642744837,47.90855493210744,-30.435618243381153,-10.911953601862379,57.798159356062456
1679,1791618177.146331,2.4973948759191176,-2.759391228170956,-1.3494291417738962,3.958810443181451,47.948399656780275,-30.46351333567061,-10.925511194594344,57.8484353225056
1680,1791618177.1573029,2.4542845243566176,-2.6971207203584555,-1.0332865636488962,3.7902049851295176,47.97105396026978,-30.481010928714635,-10.933793815832196,57.877991434591664
1681,1791618177.1773028,2.6746263212316177,-2.098365837545956,-0.6836137120863962,3.4675773753093755,48.013848517991754,-30.515315401970238,-10.949202484165786,57.93443845097355
1682,1791618177.2168734,2.8805980009191177,-1.652892204733456,-0.5494926183363962,3.366279789467006,48.102305055360794,-30.584139934708308,-10.97877562892864,58.04958984777727
1683,1791618177.2368734,2.7081565946691177,-1.734322868795956,-0.5111723058363962,3.256268582401115,48.148690151469474,-30.618788583842946,-10.993071596740537,58.1089855424731
1684,1791618177.246876,2.396804055606618,-1.8732340016084559,-0.4297416417738961,3.072190291051139,48.17223870839348,-30.6362244963531,-10.999854846361579,58.138968344909706
1685,1791618177.266876,2.209992532169118,-1.8732340016084559,-0.29562054802389615,2.9121236452869317,48.219170947245395,-30.671477472621547,-11.012471389491845,58.19881874486442
1686,1791618177.2759335,2.209992532169118,-1.576251579733456,-0.21418988396139613,2.7229604002348036,48.24023983835444,-30.687391215457808,-11.017674386681506,58.225646137792694
1687,1791618177.2959335,2.2147825712316176,-1.3942300953584559,-0.3004105870863961,2.6342714206148496,48.286421012832974,-30.72171529899695,-11.028211746744438,58.2839917942501
1688,1791618177.3374667,2.0519212431066176,-1.303219353170956,-0.35310101677389616,2.4563065359271206,48.3812291108544,-30.790705471174366,-11.048847599387582,58.402807355161315
1689,1791618177.3574667,1.9657005399816179,-1.2744791187959559,-0.35789105583639613,2.3698864202696783,48.42606147851777,-30.822810410318873,-11.058360555625178,58.45867266787581
1690,1791618177.3714967,1.8267894071691178,-1.0397672047334559,-0.3195707433363961,2.126123429667501,48.456784527146674,-30.84438893564469,-11.064745748957396,58.49670840323165
1691,1791618177.3914967,1.6543480009191178,-0.8290054859834559,-0.32436078239889615,1.8786503988486447,48.49923303398698,-30.8733385717879,-11.073448519176706,58.54878223806262
1692,1791618177.396993,1.5872874540441178,-0.7811050953584558,-0.33873089958639613,1.8012066106072921,48.51048490724682,-30.880764677853968,-11.075754751140751,58.56245483526653
1693,1791618177.416993,1.7357786649816178,-0.7667349781709559,-0.46327191521139616,1.9533128187722055,48.55027162912726,-30.90605543689695,-11.08409094678738,58.61032511466935
1694,1791618177.4569933,1.8555296415441178,-0.9774966969209559,-0.5926029698988962,2.179373378536412,48.628683905705685,-30.954282992215962,-11.101430307720122,58.70398869617291
1695,1791618177.4769933,1.7549388212316177,-1.1547281422334559,-0.5303324620863962,2.166670226193725,48.66742442351767,-30.977977793097946,-11.110483849811057,58.75028646351766
1696,1791618177.487573,1.7549388212316177,-1.1595181812959559,-0.47285199333639616,2.155894637180561,48.68762841130756,-30.990468036199587,-11.115350615327229,58.77452925138513
1697,1791618177.507573,1.7788890165441178,-1.015817009420956,-0.48722211052389613,2.105639027657303,48.72539426185456,-31.01380119075958,-11.124610968231181,58.81986806741085
1698,1791618177.5165718,1.7070384306066178,-1.063717400045956,-0.45848187614889613,2.062930086426936,48.74219060693861,-31.024128520775328,-11.128790882303297,58.84001769322266
1699,1791618177.5365717,1.7309886259191178,-1.1978384937959559,-0.4393217198988961,2.150381885585824,48.779078022881926,-31.047030459393998,-11.13803396281925,58.884398219442275
1700,1791618177.576587,1.9034300321691178,-1.2744791187959559,-0.47285199333639616,2.3390023341613935,48.852717956281765,-31.093398382040935,-11.156490756256186,58.97333940565644
1701,1791618177.596587,2.0327610868566177,-1.260109001608456,-0.4489017980238961,2.433414300205011,48.88990727471843,-31.11689911319765,-11.165714531672654,59.01828212303619
1702,1791618177.607115,1.9896507352941177,-1.140358025045956,-0.46806195427389613,2.3405572983334193,48.909723540516914,-31.129309802421908,-11.17056569663167,59.04215886608246
1703,1791618177.627115,1.8938499540441178,-1.0876675953584558,-0.5159623448988961,2.2440823487072215,48.94754663874827,-31.152691708466197,-11.17987503708038,59.08758015420761
1704,1791618177.637116,1.9082200712316177,-1.092457634420956,-0.49201214958639616,2.2531851851537765,48.96647481025679,-31.164265214529358,-11.184587936335653,59.11025367066752
1705,1791618177.657116,1.9273802274816179,-1.1547281422334559,-0.49201214958639616,2.300058168632621,49.0044030283493,-31.18730907411379,-11.194075136105786,59.15561749827291
1706,1791618177.6966336,1.8219993681066178,-1.068507439108456,-0.5255424230238962,2.1765993391547407,49.07921601950882,-31.232600544255853,-11.213024752627135,59.245056384053605
1707,1791618177.7166336,1.7501487821691177,-1.102037712545956,-0.5351225011488961,2.1363201938935603,49.11675782862145,-31.255340170091,-11.22276763117282,59.28998821088474
1708,1791618177.727639,1.7214085477941177,-1.0445572437959558,-0.5159623448988961,2.078596729848968,49.13718270074117,-31.26774798608294,-11.228192238711065,59.31447621649088
1709,1791618177.747639,1.7261985868566176,-0.9200162281709559,-0.43453168083639615,2.003748787401804,49.173904294969695,-31.289861129105656,-11.237997340039893,59.35841016489829
1710,1791618177.7576413,1.9225901884191177,-0.8098453297334559,-0.37705121208639614,2.119992949807232,49.19225193486817,-31.30055915982519,-11.242774333347414,59.38015349299657
1711,1791618177.7776413,2.0231810087316178,-0.7140445484834559,-0.3914213292738961,2.1809015723598746,49.22935413910132,-31.321027309679415,-11.252045993971869,59.42343476892929
1712,1791618177.817318,1.9225901884191177,-0.7092545094209559,-0.38663129021139614,2.0853965441397344,49.303659727718035,-31.359777312628886,-11.2699957137722,59.50881698565955
1713,1791618177.837318,1.7022483915441178,-0.6374039234834559,-0.23335004021139613,1.83258985849352,49.340934176439625,-31.3784002411897,-11.278616475825896,59.55114588913309
1714,1791618177.8463159,1.6782981962316177,-0.6230338062959558,-0.20460980583639612,1.8018660138607243,49.357469707998725,-31.386372468225645,-11.28220871182667,59.569727430192444
1715,1791618177.8663158,1.6351878446691177,-0.6661441578584559,-0.26688031364889614,1.785724622727681,49.39368091431034,-31.403368355785737,-11.2897028451864,59.61010525646201
1716,1791618177.9069145,1.7309886259191178,-0.6661441578584559,-0.2716703527113961,1.8745331265818275,49.46641096508931,-31.43675047992504,-11.304273380052217,59.69071695963395
1717,1791618177.9269145,1.4435862821691177,-0.5272330250459559,-0.027378360523896122,1.5370964808335688,49.501627290377265,-31.452518738736988,-11.31082311549145,59.72944633056596
1718,1791618177.936277,1.4531663602941178,-0.6086636891084559,0.049262264476103886,1.5762584584486399,49.51767409321235,-31.459590615096413,-11.313413920745147,59.74695995457146
1719,1791618177.956277,1.6256077665441178,-0.8673257984834559,-0.03695843864889612,1.8428837666957956,49.55142940111581,-31.474645431137386,-11.318099746927922,59.78375065677121
1720,1791618177.9664795,1.6639280790441178,-1.063717400045956,-0.0034281652113961193,1.9748830627935146,49.56858328516362,-31.482651024568906,-11.320162485278777,59.80257388378952
1721,1791618177.9864795,1.6016575712316177,-0.8673257984834559,0.01573199103860388,1.8214852488396847,49.60206402313109,-31.498886768924024,-11.323581031845507,59.83951963728539
1722,1791618178.0270345,1.6735081571691177,-0.6469840016084559,-0.04653851677389612,1.7948213515535136,49.66973288608417,-31.53147648442603,-11.329566903539185,59.91390039452142
1723,1791618178.0470345,1.6351878446691177,-0.7092545094209559,-0.027378360523896122,1.7825910414653643,49.70306159085662,-31.547171908702847,-11.332186956926709,59.95028647278073
1724,1791618178.0570345,1.6064476102941176,-0.8290054859834559,0.025312069163603883,1.8079172329660698,49.719657514657534,-31.554996157916797,-11.33330202933345,59.9683738381247
1725,1791618178.0770345,1.6064476102941176,-0.8385855641084559,0.06363238166360388,1.8132701820045907,49.75268992335389,-31.570798765770146,-11.335064235875903,60.00440959254234
1726,1791618178.0870945,1.6974583524816178,-0.8002652516084559,0.006151912913603881,1.8766531851607664,49.76930585903953,-31.578791747303992,-11.335765020763104,60.02252462631156
1727,1791618178.1070945,1.5777073759191178,-0.8577457203584559,-0.06569867302389612,1.7969987758648962,49.802296994315284,-31.594785678361486,-11.337038560154276,60.05853570714163
1728,1791618178.1470914,1.4531663602941178,-0.7763150562959559,-0.18544964958639612,1.657935194708757,49.86746948646695,-31.626875052140605,-11.339956795228346,60.130012129260976
1729,1791618178.1670914,1.3908958524816177,-1.015817009420956,-0.3004105870863961,1.748348360571512,49.89943603128272,-31.643202288367878,-11.341925930904397,60.165482222988686
1730,1791618178.1770957,1.4435862821691177,-1.0397672047334559,-0.34352093864889616,1.8119226885814688,49.91515441511433,-31.65168669000653,-11.343246328160935,60.18322978927253
1731,1791618178.1970956,1.5968675321691177,-0.8864859547334559,-0.26688031364889614,1.8458245759142196,49.94642488139095,-31.668993362538,-11.346405641604477,60.21886265957486
1732,1791618178.2066314,1.6543480009191178,-0.8481656422334559,-0.2812504308363961,1.8802537248084448,49.961423126300645,-31.677247858068174,-11.348078035566976,60.23595859424876
1733,1791618178.2266314,1.4579563993566178,-0.9774966969209559,-0.2525101964613961,1.7733860420769263,49.992829786185155,-31.69470209854617,-11.351860145740059,60.27189975365394
1734,1791618178.266439,1.2519847196691176,-1.149938103170956,-0.17586957146139612,1.7090212068828725,50.0540550008053,-31.73058317990856,-11.359537762516418,60.3429981782375
1735,1791618178.286439,1.2424046415441177,-1.308009392233456,-0.04174847771139612,1.8044946103805688,50.08394306467707,-31.749593263164194,-11.363142947562142,60.37846505939768
1736,1791618178.2923865,1.5872874540441178,-1.2074185719209558,-0.02258832146139612,1.994455139092364,50.09276019319302,-31.755520550382407,-11.364082938986462,60.38907260624778
1737,1791618178.3123865,1.7693089384191178,-0.9918668141084559,-0.11838910271139612,2.031814429553116,50.12299706310858,-31.77576142806324,-11.366981180457303,60.4253432764635
1738,1791618178.3188047,1.4483763212316176,-0.8673257984834559,-0.08485882927389612,1.690339915379488,50.132793811842355,-31.78217758676902,-11.367869585018283,60.43701089927931
1739,1791618178.3388047,1.2807249540441177,-0.8769058766084559,-0.07048871208639612,1.5537660643975177,50.162836143158806,-31.801788434231316,-11.370455726436926,60.47273055657294
1740,1791618178.3826158,1.3190452665441177,-0.8290054859834559,-0.02258832146139612,1.5580888110918298,50.22731655294833,-31.84390863552255,-11.375576886828163,60.54933191048209
1741,1791618178.4026158,1.4292161649816177,-0.5895035328584559,0.05884234260110388,1.547137900376094,50.25645922941043,-31.862380269226154,-11.377509666127883,60.583584384724205
1742,1791618178.4145331,1.3286253446691176,-0.2733609547334559,0.15464312385110388,1.3652421081347974,50.27368460724591,-31.872507159046787,-11.378297781975656,60.60334757261875
1743,1791618178.434533,1.1705540556066176,-0.22546056410845586,0.3606148035386039,1.2454205312248507,50.30200520108654,-31.88770129713483,-11.378649135155559,60.63489818088596
1744,1791618178.448557,1.1609739774816177,-0.15840001723345587,0.4276753504136039,1.2473401088718528,50.321336856576465,-31.897160912669968,-11.378029434978906,60.6557942091689
1745,1791618178.468557,1.2184544462316178,-0.029068962545955857,0.3941450769761039,1.28094753359753,50.348340320265294,-31.908909302414532,-11.376045489198145,60.68400346753067
1746,1791618178.5367827,1.2232444852941178,0.14337244370404414,0.3175044519761039,1.2718851384621124,50.43913363909873,-31.942390070939044,-11.366651368743966,60.775186129253896
1747,1791618178.5567827,1.1370237821691178,0.21043299057904416,0.19296343635110388,1.1723224865669992,50.46529720380746,-31.9502018380847,-11.363544914531012,60.800425758275175
1748,1791618178.5367827,1.0460130399816177,0.11942224839154415,0.11632281135110388,1.059214779760508,50.46529720380746,-31.9502018380847,-11.363544914531012,60.800425758275175
1749,1791618178.5567827,1.0651731962316178,-0.08175939223345587,0.03489214728860388,1.0688760443246328,50.49015052493757,-31.95536878058847,-11.360679339550758,60.823235107895705
1750,1791618178.5646071,1.1034935087316178,-0.14402990004595587,-0.12317914177389612,1.1196497831412369,50.49968784586114,-31.957219486667153,-11.359778235981462,60.83195633397887
1751,1791618178.5846071,1.0651731962316178,-0.17277013442095587,-0.24293011833639613,1.1061005830000503,50.523662414744656,-31.961715683297754,-11.35836958723529,60.853958728247704
1752,1791618178.6275177,1.0508030790441176,-0.31168126723345585,-0.2716703527113961,1.1292196880214165,50.57419469714883,-31.971474509196177,-11.35745676799897,60.90087171620997
1753,1791618178.6475177,1.2328245634191177,-0.4362222828584559,-0.2812504308363961,1.3376277842050976,50.597639628542204,-31.976462540465086,-11.357924514639087,60.923047706609616
1754,1791618178.653437,1.4579563993566178,-0.5080728687959559,-0.31478070427389615,1.5757099333997475,50.604732148722306,-31.97813657623416,-11.358306787131255,60.92988813220328
1755,1791618178.6734369,1.4435862821691177,-0.46017247817095586,-0.22856000114889613,1.5322988409112752,50.629454163981336,-31.98439677063147,-11.360219683332149,60.954063498485766
1756,1791618178.6849868,1.4292161649816177,-0.39790197035845587,-0.25730023552389614,1.5057185113627833,50.64407809615914,-31.988213036840232,-11.361579547651711,60.9684665160422
1757,1791618178.7049868,1.5345970243566178,-0.3452115406709559,-0.3195707433363961,1.6050808375197736,50.67004828735501,-31.99494474037431,-11.364446392010912,60.99410565111504
1758,1791618178.7344308,1.5441771024816178,-0.40748204848345587,-0.26688031364889614,1.6191817827156192,50.70934546573285,-32.00503076640896,-11.36932893488846,61.03295300369725
1759,1791618178.7544308,1.5345970243566178,-0.46975255629595586,-0.3099906652113961,1.6345487768277138,50.73665251892603,-32.01216995627555,-11.37301325996562,61.06007177155189
1760,1791618178.7773626,1.5250169462316177,-0.4553824391084559,-0.3195707433363961,1.6233223069183003,50.76852824321271,-32.020718959156866,-11.377686788252555,61.09191157014791
1761,1791618178.7973626,1.4196360868566178,-0.4458023609834559,-0.30520062614889615,1.5189647087294926,50.79657556857426,-32.0284083457407,-11.382088559311683,61.12007011307662
1762,1791618178.8044865,1.6112376493566178,-0.5463931812959559,-0.4201615636488961,1.7524748245948756,50.80668678618911,-32.031266572408455,-11.383808833060602,61.13029170526085
1763,1791618178.8244865,1.5298069852941176,-0.6374039234834559,-0.5351225011488961,1.7415364667909283,50.835526901549834,-32.03986289628897,-11.389346873291473,61.15979751414605
1764,1791618178.8559518,1.4244261259191178,-0.723624626608456,-0.49201214958639616,1.6717351296709058,50.88106578653142,-32.05457044254112,-11.399176694476537,61.20718561689523
1765,1791618178.8759518,1.3765257352941178,-0.9295963062959559,-0.3914213292738961,1.7065119541382183,50.90987083728921,-32.064996425325646,-11.40581267292863,61.2378274202764
1766,1791618178.8876028,1.7740989774816178,-1.058927360983456,-0.46327191521139616,2.1173982160104754,50.92688732764296,-32.07189668294379,-11.40984546278875,61.25633831048493
1767,1791618178.9076028,1.7405687040441178,-1.1164078297334559,-0.5255424230238962,2.1335746282203987,50.95698801598782,-32.0852278204377,-11.417212910160696,61.28971547157692
1768,1791618178.9196982,1.6399778837316177,-1.2361588062959559,-0.5159623448988961,2.1175063624143955,50.97552818349903,-32.09421493893634,-11.42194500959692,61.31071630584334
1769,1791618178.9396982,1.8507396024816178,-1.3654898609834558,-0.47285199333639616,2.348060613409423,51.00682219485289,-32.1107486746553,-11.430079127728693,61.34690538022561
1770,1791618178.987066,1.9082200712316177,-1.485240837545956,-0.39621136833639614,2.450352553034851,51.08317525676201,-32.154160763972556,-11.449541618846785,61.436738618111555
1771,1791618179.007066,1.7693089384191178,-1.604991814108456,-0.34352093864889616,2.413391695977915,51.11609413723224,-32.17437641076069,-11.457636171328682,61.47619867804321
1772,1791618179.0148492,1.9369603056066178,-1.494820915670956,-0.4105814855238961,2.4809034547273394,51.1291467072813,-32.182872926938316,-11.46075392805979,61.49207943666966
1773,1791618179.0348492,1.9561204618566177,-1.413390251608456,-0.46806195427389613,2.458284210109698,51.16349570278269,-32.205793301794735,-11.468881685804629,61.53415037074595
1774,1791618179.046459,1.8507396024816178,-1.422970329733456,-0.36747113396139613,2.3632851435640245,51.18375883365813,-32.2195723134984,-11.473619584336832,61.559093193231064
1775,1791618179.066459,1.7214085477941177,-1.466080681295956,-0.33873089958639613,2.2863461187717133,51.21878794197644,-32.24408221300826,-11.481616495019116,61.602537231376125
1776,1791618179.0942082,1.6639280790441178,-1.566671501608456,-0.37705121208639614,2.3163082400059287,51.26714494801079,-32.27929963040484,-11.492537306583726,61.66321228652478
1777,1791618179.1142082,1.7070384306066178,-1.648102165670956,-0.4489017980238961,2.414898295234457,51.301826223795906,-32.30569694404844,-11.500466624207345,61.70734284922469
1778,1791618179.1382544,1.7405687040441178,-1.767853142233456,-0.5111723058363962,2.5330182139606934,51.34348686429419,-32.33883459272307,-11.510301558067027,61.761160191151625
1779,1791618179.1582544,1.8555296415441178,-1.906764275045956,-0.5447025792738961,2.7157763440880043,51.37833392332767,-32.36777391156391,-11.518838394182351,61.806873587638854
1780,1791618179.1672688,1.9130101102941177,-1.882814079733456,-0.5207523839613961,2.734187189336445,51.394232040559835,-32.38142293222534,-11.522829280308912,61.8279809857778
1781,1791618179.1872687,1.7836790556066178,-1.921134392233456,-0.5303324620863962,2.6746066714144243,51.42975895277352,-32.41286921514867,-11.531932223950317,61.87567904691232
1782,1791618179.217709,1.7166185087316177,-2.050465446920956,-0.5973930089613961,2.740085046251789,51.48371192806928,-32.462619012754416,-11.546283466438911,61.949260600486824
1783,1791618179.237709,1.8842698759191177,-2.079205681295956,-0.6788236730238961,2.8869310364965908,51.51924432470793,-32.49659723791702,-11.556212515021507,61.99844687993955
1784,1791618179.249595,1.9992308134191177,-2.060045525045956,-0.6979838292738961,2.9543007356249613,51.54065544273749,-32.517451252062045,-11.562455521107989,62.02833366353491
1785,1791618179.269595,1.9273802274816179,-1.973824821920956,-0.6596635167738961,2.8365357258953905,51.57716896891002,-32.553328859747005,-11.573421155677178,62.07952686631083
1786,1791618179.3170636,1.8411595243566177,-1.988194939108456,-0.6836137120863962,2.794658336430073,51.664248654992996,-32.63981444890101,-11.60032571492096,62.202247813369965
1787,1791618179.3370636,1.9130101102941177,-2.0169351734834557,-0.7315141027113962,2.874499618818536,51.70106581033554,-32.676795280270646,-11.612083752428498,62.254426708361706
1788,1791618179.3339732,1.9178001493566177,-2.069625603170956,-0.7219340245863961,2.912472538244528,51.70106581033554,-32.676795280270646,-11.612083752428498,62.254426708361706
1789,1791618179.3539732,1.8219993681066178,-2.074415642233456,-0.7698344152113962,2.8662740589426594,51.738160177419935,-32.71494034689646,-11.624669729648407,62.307603763656005
1790,1791618179.3746624,1.9178001493566177,-2.419298454733456,-0.8081547277113962,3.1912499886204833,51.77658005223169,-32.75545393991627,-11.638185058706043,62.36330135725514
1791,1791618179.3946624,2.1429319852941178,-2.6779605641084556,-0.8895853917738962,3.54330247731889,51.814240064680625,-32.79638911179957,-11.651836969236513,62.418618352304044
1792,1791618179.437421,2.430334329044118,-2.998893181295956,-1.2488383214613963,4.057028767078712,51.897343615313304,-32.888983532404794,-11.683503574380552,62.542175912685174
1793,1791618179.457421,2.071081399356618,-3.315035759420956,-0.7123539464613962,3.973196244088601,51.93713600045093,-32.93526806009211,-11.699035352969384,62.60243929999443
1794,1791618179.4670925,1.9944407743566177,-2.7450211109834557,-0.33873089958639613,3.4099374663614697,51.956441105142886,-32.958688428741894,-11.706181902248934,62.632113248585235
1795,1791618179.4870925,2.2914231962316176,-2.237276970358456,-0.5447025792738961,3.248496483943344,51.9968034290578,-33.00732900513189,-11.720068893134554,62.693790360393095
1796,1791618179.49689,2.3776438993566176,-2.170216423483456,-0.5782328527113961,3.27068541270172,52.017041104337125,-33.03082151294534,-11.726676551145264,62.72417937291432
1797,1791618179.51689,2.5452952665441178,-2.098365837545956,-0.5590726964613961,3.3457778560449065,52.05954033994177,-33.07798674539032,-11.73984760006732,62.78672605899314
1798,1791618179.542613,2.320163430606618,-1.921134392233456,-0.4201615636488961,3.0414554800809377,52.11538823955918,-33.13730359907915,-11.75613571755203,62.86733100893524
1799,1791618179.562613,1.9944407743566177,-1.628942009420956,-0.3195707433363961,2.5948740879798358,52.15876929134168,-33.18183044695022,-11.768009920291455,62.92898492174841
1800,1791618179.5797653,1.8507396024816178,-1.3223795094209558,-0.2525101964613961,2.288599144115718,52.19533947274882,-33.21808600296006,-11.777401841721002,62.98017064534611
1801,1791618179.5997653,1.8411595243566177,-1.097247673483456,-0.30520062614889615,2.1649407089561645,52.23712272637561,-33.25764901920787,-11.787546921138969,63.03756397128063
1802,1791618179.6061127,1.6591380399816178,-1.1211978687959558,-0.3291508214613961,2.0293259866210134,52.25006074615109,-33.2693778617245,-11.790585700740671,63.05504153078637
1803,1791618179.6261127,1.5729173368566178,-1.106827751608456,-0.3004105870863961,1.9466337973918817,52.28956010047661,-33.30413269157586,-11.799668659156751,63.107808790238735
1804,1791618179.6801112,1.4819065946691177,-1.140358025045956,-0.3099906652113961,1.8954043877570659,52.392580323623534,-33.392993687252215,-11.82298553314202,63.24442653136398
1805,1791618179.7001112,1.4387962431066177,-1.130777946920956,-0.33873089958639613,1.8610566935897195,52.42939455400052,-33.42437591166169,-11.831299312871304,63.2930482897915
1806,1791618179.7032046,1.4866966337316176,-1.1211978687959558,-0.28604046989889614,1.8839242798375677,52.43491338067107,-33.42902431240759,-11.832537304900624,63.30030605605222
1807,1791618179.7232046,1.5872874540441178,-1.145148064108456,-0.27646039177389614,1.9766830546946514,52.469852633713494,-33.45796875162754,-11.840184343979288,63.3459633574856
1808,1791618179.734976,1.7022483915441178,-1.1164078297334559,-0.3099906652113961,2.0591527969829984,52.49023647043255,-33.47444590236729,-11.844527808943655,63.37236221105602
1809,1791618179.754976,1.7788890165441178,-1.2840591969209558,-0.42495160271139615,2.234689691886901,52.52489593609129,-33.501842437824536,-11.8519029314131,63.41692000500875
1810,1791618179.7828414,1.8363694852941177,-1.533141228170956,-0.5590726964613961,2.4566923274935237,52.573498033898176,-33.54017531888569,-11.86269366721099,63.47944200277734
1811,1791618179.8028414,1.9273802274816179,-1.696002556295956,-0.6165531652113961,2.640332747549388,52.60879456721562,-33.56840495392738,-11.871040260090865,63.52514993152751
1812,1791618179.823314,2.013600930606618,-1.825333610983456,-0.6548734777113961,2.7955841555810044,52.64555662626599,-33.59837388396302,-11.88025468907882,63.573153230065024
1813,1791618179.843314,2.013600930606618,-1.787013298483456,-0.6644535558363962,2.7729954497907476,52.68212391480329,-33.62867800980891,-11.889885158521292,63.6212506474442
1814,1791618179.846292,1.9609105009191177,-1.6337320484834559,-0.5878129308363962,2.6191171108820788,52.687639925381575,-33.63327761218141,-11.891383777282305,63.62852954440593
1815,1791618179.866292,2.114191750919118,-1.6816324391084558,-0.46327191521139616,2.740860318830556,52.7252399361405,-33.664506831251764,-11.901515055467808,63.67806535323218
1816,1791618179.9174669,2.406384133731618,-1.705582634420956,-0.46806195427389613,2.9864324393751644,52.82436798860817,-33.74542885931461,-11.92712448862342,63.8077120798268
1817,1791618179.9374669,2.2914231962316176,-1.566671501608456,-0.36747113396139613,2.80002051643828,52.86434442941237,-33.7772190417161,-11.93688508510071,63.859444592624754
1818,1791618179.9331398,2.1094017118566177,-1.413390251608456,-0.3099906652113961,2.557995660247227,52.86434442941237,-33.7772190417161,-11.93688508510071,63.859444592624754
1819,1791618179.9531398,2.0183909696691176,-1.446920525045956,-0.27646039177389614,2.498781995385128,52.90503013741754,-33.80827748568625,-11.945680554772302,63.91119717472739
1820,1791618179.9642859,1.9273802274816179,-1.566671501608456,-0.21418988396139613,2.4930165345682296,52.927601785406196,-33.825509358186956,-11.950257203961057,63.93985268466099
1821,1791618179.9842858,1.9417503446691178,-1.542721306295956,-0.19502972771139612,2.487653517798112,52.96783175324189,-33.85645549488887,-11.957851338135862,63.9909445776673
1822,1791618180.0282922,2.071081399356618,-1.490030876608456,-0.2716703527113961,2.5658088308659837,53.056316973066316,-33.92434270024274,-11.973594763747657,64.10304805511547
1823,1791618180.0482922,2.0183909696691176,-1.413390251608456,-0.40579144646139614,2.4972466453686324,53.0966336831254,-33.954923166894396,-11.980692759453659,64.15392672897065
1824,1791618180.0598598,1.8267894071691178,-1.3127994312959559,-0.47764203239889613,2.299726895974918,53.11979027234479,-33.972322391272655,-11.984948738392815,64.1830959326236
1825,1791618180.0798597,1.7214085477941177,-1.2792691578584559,-0.5542826573988962,2.215176343084161,53.15914398752416,-34.00178076613506,-11.992751302460267,64.23271571837283
1826,1791618180.0936015,1.6878782743566176,-1.293639275045956,-0.5830228917738961,2.2050739976968794,53.18564122049843,-34.02163688482038,-11.998480329395841,64.26622548876705
1827,1791618180.1136014,1.7932591337316177,-1.303219353170956,-0.5734428136488962,2.2897588658452137,53.22364281740062,-34.05009630000942,-12.007302442030678,64.31438816259198
1828,1791618180.1551044,1.9225901884191177,-1.226578728170956,-0.5973930089613961,2.3574831528905755,53.302239370336586,-34.10816976937174,-12.02650805084019,64.41376299212668
1829,1791618180.1751044,1.8794798368566177,-1.1978384937959559,-0.5590726964613961,2.297786716450976,53.34013632706494,-34.135593808688256,-12.036109538372825,64.46143685089045
1830,1791618180.1917365,1.8411595243566177,-1.3223795094209558,-0.5303324620863962,2.328048212861605,53.371565472305264,-34.15812261201265,-12.044255415537204,64.50089479888287
1831,1791618180.2117364,1.8746897977941177,-1.4373404469209559,-0.45369183708639615,2.4054616358086265,53.40926360287065,-34.185289331295216,-12.054057515573136,64.5483055382094
1832,1791618180.2153187,1.9082200712316177,-1.456500603170956,-0.47764203239889613,2.4476192020824454,53.41601931299926,-34.190202819172875,-12.055800058871778,64.55682305629963
1833,1791618180.2353187,1.8076292509191179,-1.379859978170956,-0.5303324620863962,2.3351208937609593,53.45365318648365,-34.217774954489244,-12.0655814859987,64.60439163410038
1834,1791618180.2622435,1.8698997587316177,-1.6720523609834559,-0.5063822667738962,2.559044197679669,53.50414416555379,-34.25548886702443,-12.07886794707596,64.66862462809996
1835,1791618180.2822435,2.0519212431066176,-1.959454704733456,-0.5111723058363962,2.8829048985473626,53.54190621005448,-34.284748174715666,-12.088783168597173,64.7172183928458
1836,1791618180.2936323,2.071081399356618,-1.863653923483456,-0.31478070427389615,2.8038671511074513,53.563705626453576,-34.302175909218576,-12.09428786407702,64.74551437345687
1837,1791618180.3136322,2.013600930606618,-1.5235611500459558,-0.24293011833639613,2.536699100812733,53.60237254461292,-34.33327103564266,-12.103341266145785,64.79566893105711
1838,1791618180.333728,2.047131204044118,-1.3127994312959559,-0.41537152458639615,2.4671282935468377,53.64151721254044,-34.36410348101679,-12.112065719504862,64.84601848156068
1839,1791618180.353728,1.9273802274816179,-1.461290642233456,-0.21897992302389613,2.4286039382850615,53.68059325090637,-34.394347197292504,-12.120397662557789,64.89592630046737
1840,1791618180.3944829,2.056711282169118,-1.6720523609834559,-0.21418988396139613,2.659266384261547,53.76045390520811,-34.4563091531619,-12.13615328917154,64.99776812484059
1841,1791618180.4144828,2.1189817899816177,-1.8349136891084559,-0.20460980583639612,2.8104905702378207,53.80002958839275,-34.48741569074864,-12.143353607940078,65.04833634756467
1842,1791618180.430278,2.099821633731618,-1.7582730641084559,-0.13754925896139614,2.742206203059407,53.83159443651693,-34.512554086797124,-12.148592503289608,65.08874901995522
1843,1791618180.450278,2.147722024356618,-1.418180290670956,-0.14712933708639614,2.5779046282951446,53.87193814626425,-34.54437454443303,-12.154658003478287,65.14012007574527
1844,1791618180.4580505,2.0519212431066176,-1.2792691578584559,-0.28604046989889614,2.434898255899016,53.88771296634183,-34.55645820598954,-12.15691412480472,65.15999519277932
1845,1791618180.4780505,1.9082200712316177,-1.351119743795956,-0.46806195427389613,2.384514708565487,53.92815604300027,-34.58683331098812,-12.162979892225747,65.21068265659356
1846,1791618180.5154917,1.9321702665441178,-1.571461540670956,-0.6548734777113961,2.575195640050464,54.00329545994598,-34.64337472560377,-12.175785382015727,65.30519950648441
1847,1791618180.5354917,1.9369603056066178,-1.619361931295956,-0.6979838292738961,2.6194140023971206,54.0432157661661,-34.67383325719271,-12.183628924312984,65.35583139140182
1848,1791618180.5471256,1.8507396024816178,-1.499610954733456,-0.7027738683363961,2.4835380411354495,54.06625888677798,-34.69161460586838,-12.18872930372776,65.38527048207227
1849,1791618180.5671256,1.7693089384191178,-1.413390251608456,-0.6692435948988962,2.36135831932064,54.10536068843206,-34.72196707922104,-12.198240251630917,65.4354805767662
1850,1791618180.563175,1.8507396024816178,-1.408600212545956,-0.6979838292738961,2.428286033585455,54.10536068843206,-34.72196707922104,-12.198240251630917,65.4354805767662
1851,1791618180.583175,1.8986399931066178,-1.351119743795956,-0.5590726964613961,2.3964391637234947,54.143851361644884,-34.75163435161548,-12.20874070778468,65.48500652859549
1852,1791618180.6370318,1.8076292509191179,-1.1978384937959559,-0.35310101677389616,2.197048222967474,54.246923966618816,-34.82983622867484,-12.236459904160084,65.61689723343028
1853,1791618180.6570318,1.8315794462316177,-1.188258415670956,-0.3291508214613961,2.2079360483355677,54.28491777463443,-34.85809989358425,-12.246232880887792,65.66513264863521
1854,1791618180.6582232,1.8076292509191179,-1.2840591969209558,-0.34352093864889616,2.2437330869035916,54.287166713225275,-34.85975189442482,-12.246787827319515,65.66797228465144
1855,1791618180.6782231,2.004020852481618,-1.4421304859834558,-0.36747113396139613,2.496172059389918,54.32497469588288,-34.887413874896254,-12.255772945773334,65.71558790032216
1856,1791618180.7271492,2.0231810087316178,-1.384650017233456,-0.22856000114889613,2.462266585575591,54.41836882409589,-34.95530589650049,-12.276643370093295,65.83272930867828
1857,1791618180.7471492,2.1429319852941178,-1.2744791187959559,-0.2525101964613961,2.5060358970215244,54.457068932573605,-34.98288450899565,-12.284616661756948,65.88084981102716
1858,1791618180.7572126,2.200412454044118,-1.4325504078584559,-0.5111723058363962,2.6749416377225845,54.47689895215771,-34.99672289868012,-12.288603195071854,65.9053328766082
1859,1791618180.7772126,2.047131204044118,-1.604991814108456,-0.5926029698988962,2.6679436219416752,54.516768848822764,-35.0246562145505,-12.296993253895325,65.95468650330899
1860,1791618180.786192,1.8507396024816178,-1.5187711109834559,-0.5830228917738961,2.464106015593512,54.53460907539741,-35.03741986321172,-12.300986804721013,65.97695547725222
1861,1791618180.806192,1.8746897977941177,-1.590621696920956,-0.5447025792738961,2.5181819077534264,54.573972995047825,-35.0662485626231,-12.310239130358466,66.02652727628862
1862,1791618180.8339663,2.0854515165441176,-1.7151627125459559,-0.49201214958639616,2.7446251317265147,54.62868784354291,-35.1071644538975,-12.323320225595568,66.09592084904203
1863,1791618180.8539662,2.243522805606618,-1.7534830250459559,-0.42495160271139615,2.8790069751649248,54.66867090614142,-35.13741102396912,-12.332702285204068,66.1467820666041
1864,1791618180.8773193,2.1812522977941176,-1.691212517233456,-0.3914213292738961,2.787700131307129,54.71610431930177,-35.17346430124569,-12.343443914397229,66.20713912033648
1865,1791618180.8973193,2.157302102481618,-1.6002017750459558,-0.49680218864889614,2.7315582543446095,54.75714149029985,-35.20464654748033,-12.352595660966264,66.25932615326735
1866,1791618180.897277,2.114191750919118,-1.590621696920956,-0.5686527745863962,2.7061504245726904,54.75714149029985,-35.20464654748033,-12.352595660966264,66.25932615326735
1867,1791618180.917277,2.1094017118566177,-1.609781853170956,-0.43453168083639615,2.6888270636901606,54.79857237996746,-35.236044617178706,-12.36207102689306,66.31201380760722
1868,1791618180.9605055,2.1956224149816177,-1.5523013844209559,-0.4105814855238961,2.7201056107254247,54.88864699559135,-35.30398129143275,-12.382219213182116,66.42630515598296
1869,1791618180.9805055,2.114191750919118,-1.446920525045956,-0.37705121208639614,2.5895083282332827,54.9305344289869,-35.33519687764665,-12.391324131243431,66.47920475428162
1870,1791618180.992417,1.9944407743566177,-1.3175894703584559,-0.33873089958639613,2.414244112998996,54.95541026216102,-35.35346934201078,-12.396572908435541,66.51044979154094
1871,1791618181.012417,2.0615013212316176,-1.2840591969209558,-0.4393217198988961,2.4681165475341555,54.99699634160451,-35.38344981921223,-12.405230910873094,66.56236084799916
1872,1791618181.0271442,2.037551125919118,-1.370279900045956,-0.45369183708639615,2.497021801715606,55.027552735405955,-35.405146497081105,-12.411636344213532,66.60033539907032
1873,1791618181.0471442,2.0088108915441176,-1.4804507984834558,-0.39621136833639614,2.526665631443063,55.068894501927645,-35.43446776295008,-12.420305195766312,66.6516963659888
1874,1791618181.087447,1.8698997587316177,-1.5235611500459558,-0.34831097771139613,2.4370236401865673,55.151431721875966,-35.49377148665313,-12.437404272407832,66.75460478764597
1875,1791618181.107447,1.8315794462316177,-1.3175894703584559,-0.37226117302389616,2.2867670762888648,55.191798713063164,-35.52304793469146,-12.445697639935952,66.80506694479375
1876,1791618181.1189623,1.8603196806066178,-1.221788689108456,-0.4297416417738961,2.2667674767298456,55.21474300424473,-35.53956909021643,-12.450449100251383,66.83369284231577
1877,1791618181.1389623,1.8172093290441178,-1.149938103170956,-0.39621136833639614,2.186684896158655,55.25413161052882,-35.56751661478536,-12.458702539237764,66.88263277666245
1878,1791618181.1347868,1.8651097196691178,-1.2361588062959559,-0.33394086052389615,2.2623526159983767,55.25413161052882,-35.56751661478536,-12.458702539237764,66.88263277666245
1879,1791618181.1547868,1.9034300321691178,-1.288849235983456,-0.36747113396139613,2.327920375518317,55.29293763511554,-35.59453848039601,-12.466648709097754,66.93054199682847
1880,1791618181.1984892,1.9369603056066178,-1.025397087545956,-0.41537152458639615,2.230647420835628,55.37760165202906,-35.65231295565111,-12.483973451095697,67.03443724643448
1881,1791618181.2184892,1.8603196806066178,-0.7379947437959559,-0.25730023552389614,2.017827784307526,55.41623141235123,-35.6774320000278,-12.491721688935202,67.08115211307633
1882,1791618181.2376263,1.9130101102941177,-0.5942935719209559,-0.21418988396139613,2.0146140667893384,55.45306593880663,-35.69977427181469,-12.49870028164027,67.12476378954665
1883,1791618181.2576263,2.0088108915441176,-0.5128629078584559,-0.3291508214613961,2.0992117147901053,55.491669657427224,-35.72128218049528,-12.505714543089235,67.16940001385179
1884,1791618181.2686315,2.0519212431066176,-0.6613541187959558,-0.4489017980238961,2.2021087354237685,55.51307706062213,-35.73231104075008,-12.509637447328418,67.19368129604959
1885,1791618181.2886314,1.9704905790441178,-0.8769058766084559,-0.45848187614889613,2.204994936340916,55.552179287838726,-35.75165501784563,-12.517058341582313,67.23765470084304
1886,1791618181.3278666,1.8603196806066178,-0.9439664234834559,-0.4010014073988961,2.124303191979043,55.62865468741983,-35.78926914326434,-12.531961782489944,67.32361453649824
1887,1791618181.3478665,1.9465403837316178,-0.963126579733456,-0.49201214958639616,2.226815715192374,55.66750060965761,-35.80842741346113,-12.539758737787844,67.36734852399395
1888,1791618181.3529768,2.0183909696691176,-1.106827751608456,-0.5255424230238962,2.3611786498633047,55.67745705482164,-35.81338168052748,-12.541842128517418,67.37859701317105
1889,1791618181.3729768,1.9417503446691178,-1.178678337545956,-0.3914213292738961,2.304970212699782,55.7165187225994,-35.83329097586448,-12.550148253879668,67.42300365543721
1890,1791618181.3840148,1.9752806181066178,-1.1643082203584558,-0.4297416417738961,2.332814829971822,55.73808599535585,-35.844570441652806,-12.55472461229148,67.4476728335587
1891,1791618181.4040148,2.0231810087316178,-1.149938103170956,-0.5303324620863962,2.386812006748609,55.77729994676039,-35.86541357872094,-12.563212879437705,67.49273589341037
1892,1791618181.4453084,2.0950315946691176,-1.221788689108456,-0.5351225011488961,2.4836024389444935,55.85887386280654,-35.90933816832669,-12.581409360356067,67.58687904024738
1893,1791618181.4653084,2.1956224149816177,-1.308009392233456,-0.5399125402113961,2.612116366170958,55.898892633634816,-35.93121597713782,-12.590513138176007,67.63327213986426
1894,1791618181.46447,2.200412454044118,-1.351119743795956,-0.5638627355238961,2.6429681637318674,55.898892633634816,-35.93121597713782,-12.590513138176007,67.63327213986426
1895,1791618181.48447,2.099821633731618,-1.308009392233456,-0.5351225011488961,2.5311055993170464,55.93986147965109,-35.954401770319095,-12.600146406068255,67.68124406715964
1896,1791618181.4965172,2.1285618681066176,-1.3127994312959559,-0.46806195427389613,2.5442680609965644,55.96465849515666,-35.96864115979255,-12.605985163022822,67.71039070402551
1897,1791618181.5165172,2.3010032743566176,-1.255318962545956,-0.41537152458639615,2.6538604465503757,56.00629401160398,-35.992586597346325,-12.615549406990358,67.75930449555925
1898,1791618181.5621703,2.277053079044118,-1.2074185719209558,-0.5447025792738961,2.6342990021012374,56.10275287541393,-36.04747931446983,-12.637393792822943,67.8722577125719
1899,1791618181.5821702,2.1189817899816177,-1.3175894703584559,-0.44411175896139615,2.5344350638990463,56.14526559834604,-36.07170738891572,-12.647011272497364,67.92205692694422
1900,1791618181.5918272,2.1716722196691176,-1.2840591969209558,-0.34352093864889616,2.5461686680520796,56.165821206631094,-36.083535339395404,-12.651528925070645,67.94617118386103
1901,1791618181.6118271,2.2722630399816177,-1.212208610983456,-0.35789105583639613,2.600137505451708,56.208673124127074,-36.108101620210824,-12.660533901855507,67.99631648604554
1902,1791618181.623455,2.1812522977941176,-1.255318962545956,-0.36268109489889616,2.542680644704843,56.23373385562058,-36.122393865379046,-12.665612448342776,68.0255679917629
1903,1791618181.643455,2.1189817899816177,-1.1643082203584558,-0.38663129021139614,2.448505914397289,56.27682293763203,-36.146918535237134,-12.674161240191623,68.07580247554216
1904,1791618181.6876786,2.104611672794118,-1.140358025045956,-0.4297416417738961,2.4319713397206173,56.37181764797763,-36.20065675320606,-12.692936434181709,68.18636234337819
1905,1791618181.7076786,2.0327610868566177,-1.1978384937959559,-0.4201615636488961,2.3965538660805743,56.414540639481245,-36.22482156527254,-12.701428664380463,68.23609296491016
1906,1791618181.7033532,1.9704905790441178,-1.173888298483456,-0.31478070427389615,2.3151530729524508,56.414540639481245,-36.22482156527254,-12.701428664380463,68.23609296491016
1907,1791618181.7233531,1.9609105009191177,-1.106827751608456,-0.27646039177389614,2.2686269002560273,56.45640923784497,-36.248725661579414,-12.709388211995318,68.28487976735903
1908,1791618181.7768528,2.0231810087316178,-1.106827751608456,-0.2812504308363961,2.323237153341986,56.56759359504979,-36.31195958890442,-12.729723950769769,68.41415735199658
1909,1791618181.7968528,2.071081399356618,-1.011026970358456,-0.20939984489889613,2.314174149150588,56.60906475695324,-36.33522948561441,-12.736921779253912,68.46213764439452
1910,1791618181.8105543,2.0231810087316178,-0.9008560719209558,-0.21897992302389613,2.225478659321786,56.63742119657302,-36.35074448508211,-12.741553365499122,68.49468071743681
1911,1791618181.8305542,1.9273802274816179,-1.0876675953584558,-0.25730023552389614,2.228007798568172,56.678530126843214,-36.37297741666557,-12.748014399818633,68.54167443702204
1912,1791618181.8366187,2.0088108915441176,-1.212208610983456,-0.2908305089613961,2.3641813169618477,56.6909157577057,-36.37975374064914,-12.749928960044283,68.555868458971
1913,1791618181.8566186,2.114191750919118,-1.1643082203584558,-0.38663129021139614,2.444361705275888,56.731820096782215,-36.40231414493216,-12.7563121151025,68.60285260379412
1914,1791618181.868335,2.056711282169118,-1.0014468922334558,-0.5111723058363962,2.343982572977001,56.75585333663552,-36.41545111693644,-12.76027950642348,68.63043567617592
1915,1791618181.888335,2.013600930606618,-1.030187126608456,-0.5878129308363962,2.3369634710940814,56.79683008041047,-36.43755979228804,-12.767684510729229,68.6774303433457
1916,1791618181.9271343,2.133351907169118,-1.216998650045956,-0.6261332433363962,2.5346240179653368,56.87646696235545,-36.48055555197268,-12.78342766808438,68.76902973319909
1917,1791618181.9471343,2.104611672794118,-1.264899040670956,-0.5447025792738961,2.515166152805654,56.91771695886609,-36.50311707203271,-12.792081815650297,68.81672338147472
1918,1791618181.9507406,2.0327610868566177,-1.145148064108456,-0.49680218864889614,2.3854337424494054,56.92515834468919,-36.50722690235214,-12.793689925702191,68.82535703200365
1919,1791618181.9707406,1.9800706571691178,-1.0445572437959558,-0.46327191521139616,2.2861322162929207,56.966255854281535,-36.5298849625531,-12.80271057441366,68.87304407012246
1920,1791618181.9867375,2.0519212431066176,-1.097247673483456,-0.46327191521139616,2.372541698748559,56.99903429328067,-36.54785917797257,-12.809955085027955,68.91103590964174
1921,1791618182.0067375,2.0950315946691176,-1.135567985983456,-0.38663129021139614,2.4141573660436633,57.040088452055755,-36.57030964542813,-12.8189286995715,68.95856851171968
1922,1791618182.0451176,2.047131204044118,-1.106827751608456,-0.36268109489889616,2.3552815999151377,57.11897752277384,-36.61338466036198,-12.835722984491932,69.04978866057004
1923,1791618182.0651176,1.9896507352941177,-1.135567985983456,-0.3914213292738961,2.3240988266976705,57.15997557215494,-36.63582776533606,-12.84429294593705,69.0971963594889
1924,1791618182.076088,2.047131204044118,-1.1930484547334559,-0.4201615636488961,2.406376221932242,57.18241189245391,-36.64820758068012,-12.848956360364204,69.12318734162523
1925,1791618182.096088,2.1429319852941178,-1.260109001608456,-0.39621136833639614,2.517342971851521,57.223464963986025,-36.67107143982961,-12.857407482940094,69.1708417630723
1926,1791618182.1388009,2.071081399356618,-1.2361588062959559,-0.36747113396139613,2.439774946883192,57.31148811425181,-36.72057294684222,-12.87519524885745,69.2732112732663
1927,1791618182.1588008,1.9369603056066178,-1.030187126608456,-0.35310101677389616,2.2221118489788556,57.35253387719912,-36.74367433915482,-12.88335573637569,69.32093191170428
1928,1791618182.1678133,1.9273802274816179,-0.9679166187959559,-0.39621136833639614,2.192861274825083,57.37086767483125,-36.753873451553325,-12.886987933596451,69.34218145873733
1929,1791618182.1878133,1.9992308134191177,-1.0397672047334559,-0.35789105583639613,2.281693601956972,57.411340178985874,-36.77612331020829,-12.894970410765787,69.38894356285739
1930,1791618182.1951792,2.0183909696691176,-1.1259879078584558,-0.3099906652113961,2.331918756647304,57.42622972877249,-36.78428515349873,-12.897838316214429,69.40612169215962
1931,1791618182.2151792,1.9465403837316178,-1.092457634420956,-0.35310101677389616,2.259903421951793,57.466540967270696,-36.80644967665199,-12.905451840925927,69.45263678048066
1932,1791618182.2619128,1.8459495634191176,-1.015817009420956,-0.38663129021139614,2.1421712681031586,57.55989912732312,-36.857861971257854,-12.923166453902871,69.56042127413541
1933,1791618182.2819128,1.8794798368566177,-1.0493472828584558,-0.38663129021139614,2.1870203318130197,57.59944755598042,-36.87966163032763,-12.930770276063342,69.60611051232443
1934,1791618182.2859533,1.9657005399816179,-1.145148064108456,-0.36268109489889616,2.303666702935221,57.607404061856705,-36.884070090794026,-12.932303077190475,69.61531506851738
1935,1791618182.3059533,1.9178001493566177,-1.1643082203584558,-0.32436078239889615,2.266887946508376,57.6467056473452,-36.90608250449396,-12.939782772914441,69.66088985959331
1936,1791618182.3173256,1.8651097196691178,-1.111617790670956,-0.31478070427389615,2.1939496964888603,57.66892759911217,-36.91866283422498,-12.943943031794765,69.6867170779997
1937,1791618182.3373256,1.9178001493566177,-1.097247673483456,-0.32436078239889615,2.2331860171055045,57.707820559502885,-36.94078190105629,-12.951120727889395,69.73195429139756
1938,1791618182.3759851,1.9369603056066178,-1.092457634420956,-0.33394086052389615,2.248731955308981,57.78289974692116,-36.98347324704119,-12.964822646837543,69.8192482259821
1939,1791618182.3959851,1.9657005399816179,-1.1164078297334559,-0.32436078239889615,2.2837589567055043,57.82176871138197,-37.00555943946827,-12.971835317582864,69.86441782371811
1940,1791618182.403865,1.8842698759191177,-1.1164078297334559,-0.34352093864889616,2.2169452052039156,57.83706121905945,-37.01427567595584,-12.974578571764123,69.88220047614247
1941,1791618182.423865,1.9130101102941177,-1.0876675953584558,-0.36747113396139613,2.231067796902468,57.87574866802861,-37.03638589721995,-12.981563261851685,69.92722752214667
1942,1791618182.438353,2.0183909696691176,-1.169098259420956,-0.3914213292738961,2.365143442506922,57.90384192568989,-37.052452239435496,-12.9866886251384,69.95994002396822
1943,1791618182.458353,1.9657005399816179,-1.216998650045956,-0.37226117302389616,2.341717896766993,57.942782270731925,-37.074883389970445,-12.993848173355516,70.00537897908679
1944,1791618182.4934576,1.8746897977941177,-1.1978384937959559,-0.37226117302389616,2.2556279117163456,58.01099018247671,-37.114707269381505,-13.006490019953242,70.08527135056576
1945,1791618182.5134575,1.8746897977941177,-1.1547281422334559,-0.36268109489889616,2.231456138268539,58.04964513881043,-37.137521536653786,-13.013714470976568,70.13068922347296
1946,1791618182.5281744,1.9800706571691178,-1.140358025045956,-0.40579144646139614,2.320724656371386,58.07807729880966,-37.154324350086796,-13.019081341778051,70.16411732233075
1947,1791618182.5481744,1.9992308134191177,-1.2074185719209558,-0.41537152458639615,2.3721966521731153,58.11688926616716,-37.177255551800556,-13.026512552480115,70.20976554311902
1948,1791618182.5551734,1.9752806181066178,-1.231368767233456,-0.40579144646139614,2.362767288415627,58.13052053915854,-37.18535681498107,-13.029154078884371,70.22582883542422
1949,1791618182.5751734,1.9657005399816179,-1.106827751608456,-0.4489017980238961,2.3001215421980943,58.169541148916295,-37.20854135054472,-13.036852149050297,70.27183348160811
1950,1791618182.6177187,1.9178001493566177,-0.9966568531709559,-0.5111723058363962,2.2209411118035063,58.2524892059188,-37.2571751189458,-13.053835127755592,70.36939823582482
1951,1791618182.6377187,1.9561204618566177,-1.092457634420956,-0.5447025792738961,2.3057692521513107,58.29144393050073,-37.279741554946824,-13.062204887582732,70.4151458312168
1952,1791618182.646673,2.0423411649816177,-1.231368767233456,-0.44411175896139615,2.425832172584142,58.30895369759671,-37.289889997938005,-13.066054122334426,70.43572777855402
1953,1791618182.666673,1.9752806181066178,-1.1643082203584558,-0.31478070427389615,2.3143971232364393,58.34822294674689,-37.31275063583957,-13.0745003484977,70.48190576607938
1954,1791618182.6767309,2.0183909696691176,-1.0780875172334559,-0.22856000114889613,2.2996552949043516,58.368021673189276,-37.32421423482503,-13.078520657561125,70.5051106295087
1955,1791618182.6967309,2.1429319852941178,-1.0493472828584558,-0.3914213292738961,2.4179532399634107,58.40772761059827,-37.34678124670455,-13.086245785811581,70.55136102790448
1956,1791618182.7371428,1.9848606962316178,-1.063717400045956,-0.5303324620863962,2.3135296001884673,58.488433845495706,-37.391944783168476,-13.10230750684535,70.64506274588751
1957,1791618182.7571428,1.7597288602941177,-1.0732974781709559,-0.46327191521139616,2.112636742514861,58.528001194901634,-37.41414912341309,-13.11055455211408,70.69110353618309
1958,1791618182.7635543,1.8219993681066178,-1.0349771656709559,-0.46806195427389613,2.147077414505564,58.54050528380421,-37.421213410083794,-13.113249646885093,70.7056948786141
1959,1791618182.7835543,1.9321702665441178,-1.058927360983456,-0.45848187614889613,2.250514324663046,58.579290641967646,-37.44308494731253,-13.121785401063105,70.75096575029441
1960,1791618182.7952342,2.0662913602941178,-1.0732974781709559,-0.5015922277113961,2.3818316953921683,58.60204614585572,-37.45580969543792,-13.126863529598765,70.77748256717368
1961,1791618182.8152342,1.8890599149816178,-1.1164078297334559,-0.36747113396139613,2.22484804851374,58.64109962209589,-37.47761501999241,-13.135558299106718,70.82297003306601
1962,1791618182.8569717,1.7549388212316177,-1.0828775562959558,-0.24772015739889613,2.076968787578921,58.72178141683646,-37.52317880772569,-13.152907240821566,70.9171032226284
1963,1791618182.8769717,1.7501487821691177,-1.0780875172334559,-0.21418988396139613,2.0666810980250534,58.759901273768826,-37.54497868542832,-13.160666444340787,70.9616414934965
1964,1791618182.8841584,1.9130101102941177,-1.0780875172334559,-0.2716703527113961,2.212619523877624,58.77351877323446,-37.55279926263636,-13.163298239010324,70.97754336391714
1965,1791618182.9041584,1.9609105009191177,-1.092457634420956,-0.31478070427389615,2.2666540466958485,58.811541768376955,-37.57455460944618,-13.170403410510497,71.02185667291012
1966,1791618182.9146757,1.8651097196691178,-1.1978384937959559,-0.2716703527113961,2.233216537679657,58.83155556961388,-37.586085582157686,-13.174041931861339,71.04520491174819
1967,1791618182.9346757,1.7980491727941177,-1.2074185719209558,-0.24293011833639613,2.1794163158974897,58.8694000878319,-37.608331827164236,-13.180695042625214,71.08954642793834
1968,1791618182.9797251,1.8603196806066178,-1.216998650045956,-0.3099906652113961,2.244542100470426,58.95421785621428,-37.659115940563936,-13.195301262914164,71.18935869834672
1969,1791618182.999725,1.8890599149816178,-1.216998650045956,-0.36747113396139613,2.2769866294949805,58.991849000496394,-37.68193097405952,-13.201829300497414,71.23380143801555
1970,1791618183.0123243,1.8794798368566177,-1.264899040670956,-0.36747113396139613,2.295092389106756,59.01556031807674,-37.69649293929677,-13.20601933226479,71.2619175028511
1971,1791618183.0323243,1.8028392118566177,-1.264899040670956,-0.36268109489889616,2.231980372560466,59.053077176727335,-37.71993591103827,-13.212768117215447,71.3066387546956
1972,1791618183.037365,1.7980491727941177,-1.308009392233456,-0.31478070427389615,2.245652753597429,59.06247563506591,-37.725930727570145,-13.214470006866412,71.31790865530583
1973,1791618183.057365,1.9752806181066178,-1.2409488453584558,-0.31478070427389615,2.353884969332044,59.099832683041505,-37.749972163486916,-13.221154108175684,71.36280219736098
1974,1791618183.0967875,1.9992308134191177,-1.250528923483456,-0.3195707433363961,2.379678947629225,59.17417425324444,-37.79761911171198,-13.234228621163693,71.45199588720122
1975,1791618183.1167874,1.8507396024816178,-1.2792691578584559,-0.26688031364889614,2.2656106806455147,59.212007167765684,-37.82196037379076,-13.240746357430568,71.4974114458275
1976,1791618183.1278377,1.8124192899816178,-1.212208610983456,-0.20460980583639612,2.1900179387129044,59.23281073240752,-37.835456736054546,-13.244198069745483,71.52241911595074
1977,1791618183.1478376,1.9609105009191177,-1.149938103170956,-0.3291508214613961,2.2969257491281674,59.270475525571406,-37.859763145724415,-13.25030892370474,71.56760175562208
1978,1791618183.1597335,1.9465403837316178,-1.212208610983456,-0.44411175896139615,2.335744942515826,59.29300413869653,-37.87415937227904,-13.25408832371232,71.59457483106554
1979,1791618183.1797335,1.8363694852941177,-1.2744791187959559,-0.47764203239889613,2.285758478466272,59.3308733062762,-37.89846251549128,-13.260871953916146,71.64004964614176
1980,1791618183.2178628,1.7932591337316177,-1.341539665670956,-0.47285199333639616,2.2889071634477913,59.402619866722674,-37.945326740044386,-13.274582940985143,71.7267984835248
1981,1791618183.2378628,1.7597288602941177,-1.3223795094209558,-0.4105814855238961,2.2391762737541345,59.4399375892833,-37.97021705673639,-13.28202114148901,71.77224846384938
1982,1791618183.2466457,1.8124192899816178,-1.298429314108456,-0.38184125114889617,2.2619869821713348,59.45622027919858,-37.981234281999335,-13.285319594473286,71.79217230450686
1983,1791618183.2666457,1.8076292509191179,-1.370279900045956,-0.38663129021139614,2.3010159208095224,59.49316688592957,-38.006562123876186,-13.292856740075784,71.83756476179649
1984,1791618183.2797692,1.8267894071691178,-1.346329704733456,-0.4105814855238961,2.3061527200617005,59.51735107390505,-38.023362582161816,-13.297845248926253,71.86740477555455
1985,1791618183.2997692,1.8459495634191176,-1.250528923483456,-0.46806195427389613,2.2782524820999583,59.554187979840016,-38.0490209060882,-13.30562524584655,71.91292624440315
1986,1791618183.3368466,1.8842698759191177,-1.2457388844209558,-0.5590726964613961,2.326993900590036,59.62260830730977,-38.09639473046309,-13.32074116713871,71.99745035810673
1987,1791618183.3568466,1.8555296415441178,-1.3990201344209559,-0.5111723058363962,2.3794000742662362,59.65958869102361,-38.12208274266459,-13.329277176316833,72.04324635567
1988,1791618183.3679242,1.8219993681066178,-1.5139810719209559,-0.4297416417738961,2.4075917972510132,59.680054441379504,-38.13659685423554,-13.334077664716085,72.06876261541605
1989,1791618183.3879242,1.8507396024816178,-1.533141228170956,-0.4489017980238961,2.4448459922826324,59.71697071683041,-38.16344119513839,-13.342762559389179,72.1151450679107
1990,1791618183.3974974,1.7884690946691177,-1.451710564108456,-0.49680218864889614,2.3564587157803123,59.73460347841333,-38.17650624361855,-13.346975123027713,72.13743983970485
1991,1791618183.4174974,1.8363694852941177,-1.418180290670956,-0.48243207146139616,2.369858419176444,59.77135272677501,-38.20401179450338,-13.355924580851475,72.18408304739002
1992,1791618183.4565747,2.047131204044118,-1.494820915670956,-0.43453168083639615,2.5717802235317424,59.84376711527446,-38.258230042882694,-13.373475149542255,72.27598817129214
1993,1791618183.4765747,2.0615013212316176,-1.470870720358456,-0.3291508214613961,2.5537401270912863,59.881432848783064,-38.28626540960464,-13.382255783150125,72.3236399034483
1994,1791618183.4881763,1.8746897977941177,-1.346329704733456,-0.35310101677389616,2.334897393858622,59.90342975696308,-38.302540188730724,-13.38717891439673,72.35137898369878
1995,1791618183.5081763,1.8267894071691178,-1.418180290670956,-0.39621136833639614,2.3463542621249363,59.941214101826084,-38.33053442934224,-13.395516759948357,72.39902545549907
1996,1791618183.5179539,1.8267894071691178,-1.470870720358456,-0.4489017980238961,2.387913951218131,59.9595944665095,-38.34428591397391,-13.39960125409531,72.42227933867869
1997,1791618183.5379539,1.8267894071691178,-1.413390251608456,-0.47285199333639616,2.357630282527206,59.99703232721381,-38.37252167667388,-13.40808549513433,72.4697941527667
1998,1791618183.5778642,1.8363694852941177,-1.389440056295956,-0.44411175896139615,2.3452146620313625,60.07149889198799,-38.428804535257505,-13.4252211040305,72.56441661607464
1999,1791618183.5978642,1.8890599149816178,-1.418180290670956,-0.42495160271139615,2.400076366261061,60.10880640825173,-38.45698990554686,-13.433823689649707,72.61181928133058
2000,1791618183.6086683,1.9225901884191177,-1.4038101734834558,-0.41537152458639615,2.416520130108238,60.12902582690317,-38.47221870178107,-13.438454732066951,72.63747947386304
2001,1791618183.6286683,1.8315794462316177,-1.533141228170956,-0.32436078239889615,2.4104802862778385,60.166471605732426,-38.500586089126706,-13.446851108544637,72.68505513119621
2002,1791618183.6689153,1.8124192899816178,-1.6337320484834559,-0.23814007927389613,2.4516636772396003,60.241522011112984,-38.55866771402207,-13.462911011564577,72.78091647541329
2003,1791618183.6889153,1.9609105009191177,-1.585831657858456,-0.2716703527113961,2.5365009008914816,60.278882669563494,-38.58803025191021,-13.470459296403062,72.82879271462208
2004,1791618183.69893,2.0088108915441176,-1.652892204733456,-0.1567094152113961,2.6061334730344865,60.29776610984652,-38.60296040822419,-13.473993818986463,72.85298662066481
2005,1791618183.71893,2.166882180606618,-1.504400993795956,-0.09443890739889613,2.6396059255115047,60.33608410916033,-38.63304014611635,-13.480370360590133,72.90181905561606
2006,1791618183.7297134,2.2052024931066176,-1.2792691578584559,-0.25730023552389614,2.5623526347972048,60.35718106593505,-38.649076895290044,-13.483577178199134,72.92837105410051
2007,1791618183.7497134,2.090241555606618,-1.288849235983456,-0.5830228917738961,2.52391715518008,60.39688338301048,-38.678210855892765,-13.489893179976175,72.97783728914578
2008,1791618183.7757595,1.7597288602941177,-1.509191032858456,-0.5494926183363962,2.3824872241039605,60.448352902477836,-38.7159267563246,-13.499097042126959,73.04212465540931
2009,1791618183.7957594,1.7788890165441178,-1.537931267233456,-0.5303324620863962,2.4105873218488107,60.48725445591702,-38.745114219891796,-13.506724045385129,73.09119934688101
2010,1791618183.8075163,1.8555296415441178,-1.4756607594209559,-0.5686527745863962,2.4380178230662057,60.50989705200741,-38.76235556571061,-13.511504068624157,73.1199602874862
2011,1791618183.8275163,1.8986399931066178,-1.336749626608456,-0.5830228917738961,2.394086272462657,60.54826855281866,-38.791504445863424,-13.520143295170703,73.16876325755165
2012,1791618183.8458595,1.8028392118566177,-1.303219353170956,-0.46327191521139616,2.2722743614517045,60.58327475868417,-38.8178604520267,-13.528317755832589,73.21321500837135
2013,1791618183.8658595,1.8459495634191176,-1.3127994312959559,-0.4297416417738961,2.305569347508927,60.62119072744915,-38.846210499610756,-13.537233140677161,73.26126887038528
2014,1791618183.909441,1.8315794462316177,-1.456500603170956,-0.37226117302389616,2.369526462362597,60.70343966350896,-38.9077726462142,-13.556367784989254,73.36550597380666
2015,1791618183.929441,2.013600930606618,-1.657682243795956,-0.46327191521139616,2.6489847105183277,60.741290561022005,-38.93645767958591,-13.565085001590255,73.41364755107223
2016,1791618183.937422,2.2052024931066176,-1.710372673483456,-0.6692435948988962,2.8698745106913273,60.756654703310375,-38.948203561670525,-13.568719742580171,73.43326090315816
2017,1791618183.957422,2.0327610868566177,-1.7582730641084559,-0.6452933995863962,2.7640632003913375,60.79573788530649,-38.97842572785023,-13.578433691083987,73.4834217952838
2018,1791618183.9661546,1.8411595243566177,-1.652892204733456,-0.46806195427389613,2.518134831107423,60.812780177027285,-38.99187631716535,-13.582768050983804,73.5054572091038
2019,1791618183.9861546,1.9034300321691178,-1.604991814108456,-0.4393217198988961,2.528250024086504,60.85157389906645,-39.02294788516803,-13.592566979713451,73.55584534719237
2020,1791618184.0286562,1.9800706571691178,-1.485240837545956,-0.4201615636488961,2.5106086697182097,60.93402705949441,-39.08892369527852,-13.613006726365189,73.66283704470366
2021,1791618184.0486562,2.080661477481618,-1.3654898609834558,-0.37705121208639614,2.517117867891853,60.97309807471758,-39.11958903800358,-13.622378110536989,73.71316110924735
2022,1791618184.0549686,1.9752806181066178,-1.336749626608456,-0.34831097771139613,2.410384538139045,60.98550008577974,-39.12909512851398,-13.625235634542971,73.72899261746194
2023,1791618184.0749686,1.8411595243566177,-1.408600212545956,-0.3099906652113961,2.3388281607317376,61.02462487027283,-39.158814211525254,-13.633918747039772,73.77873210764167
2024,1791618184.0871546,1.8411595243566177,-1.346329704733456,-0.30520062614889615,2.301221304042364,61.04825336435824,-39.17672383018282,-13.63897805371778,73.80871663465696
2025,1791618184.1071546,1.9657005399816179,-1.298429314108456,-0.33394086052389615,2.3793725632921845,61.08692625811489,-39.20567553469809,-13.64699468196088,73.85755220453666
2026,1791618184.1528757,1.9657005399816179,-1.216998650045956,-0.36747113396139613,2.3409612045893837,61.175554447221586,-39.270558543727695,-13.664977363466809,73.96862062121598
2027,1791618184.1728756,1.9225901884191177,-1.269689079733456,-0.44411175896139615,2.3464225208277463,61.21434057508775,-39.29841334587311,-13.672881049990952,74.01694711181443
2028,1791618184.1764977,1.7549388212316177,-1.2792691578584559,-0.4105814855238961,2.210184834073547,61.22131023006608,-39.303393679134764,-13.674329904578183,74.02562312687604
2029,1791618184.1964977,1.8746897977941177,-1.2792691578584559,-0.37705121208639614,2.3006866437516114,61.25946649020137,-39.330606496151944,-13.682311498859042,74.0731023379679
2030,1791618184.206225,1.9561204618566177,-1.308009392233456,-0.41537152458639615,2.3895249182426013,61.27803533705027,-39.34374402540124,-13.686189260844436,74.09615094718977
2031,1791618184.226225,1.8459495634191176,-1.2361588062959559,-0.45369183708639615,2.267477600354434,61.31619061302006,-39.37052031135989,-13.694269894537385,74.14341595060107
2032,1791618184.2590213,1.8124192899816178,-1.212208610983456,-0.45369183708639615,2.227139349542085,61.3783718478899,-39.413864693000555,-13.707764984120017,74.22034816407066
2033,1791618184.2790213,1.8507396024816178,-1.422970329733456,-0.46806195427389613,2.38100055198109,61.41609818371633,-39.440284989727076,-13.716142784412883,74.26712441629321
2034,1791618184.2974095,1.8842698759191177,-1.614571892233456,-0.49201214958639616,2.529701823501575,61.45073242864243,-39.46512164806716,-13.724014112151199,74.31040913670083
2035,1791618184.3174095,1.8698997587316177,-1.585831657858456,-0.5063822667738962,2.503559496971009,61.48838308790205,-39.49288377583855,-13.732788756374156,74.35790886465062
2036,1791618184.3265004,1.7788890165441178,-1.5187711109834559,-0.42495160271139615,2.3773295281441746,61.50541774168112,-39.5057268250739,-13.736813959583909,74.37955983545672
2037,1791618184.3465004,1.8938499540441178,-1.494820915670956,-0.43453168083639615,2.4515250355667932,61.54278164744997,-39.53426371087301,-13.745630313281968,74.42724187269049
2038,1791618184.3878348,2.0327610868566177,-1.576251579733456,-0.4393217198988961,2.6095383217009167,61.62059212241426,-39.59391540532177,-13.76382713371999,74.52662912011817
2039,1791618184.4078348,1.9752806181066178,-1.533141228170956,-0.4010014073988961,2.5324015626517657,61.658606025458795,-39.623113003772886,-13.772571594779082,74.57518695548684
2040,1791618184.4194224,1.9130101102941177,-1.509191032858456,-0.3914213292738961,2.4678889587577535,61.68070609873731,-39.640136075146394,-13.777566689212156,74.60342644122066
2041,1791618184.4394224,1.9561204618566177,-1.542721306295956,-0.40579144646139614,2.524096469672837,61.71893239996118,-39.66968817410379,-13.786090718376254,74.65230789276985
2042,1791618184.4471667,1.9561204618566177,-1.6002017750459558,-0.2525101964613961,2.5398453459750945,61.733786280723656,-39.68124024574671,-13.789278619675297,74.67131578354413
2043,1791618184.4671667,2.056711282169118,-1.6816324391084558,-0.22856000114889613,2.6664936963339656,61.77241212765424,-39.71152160697708,-13.796998169148871,74.72076690512263
2044,1791618184.5103672,2.1620921415441177,-1.705582634420956,-0.33394086052389615,2.774017132191616,61.856999138366255,-39.778093575551004,-13.812993960780936,74.82903095102667
2045,1791618184.5303671,2.0758714384191177,-1.6768424000459559,-0.4201615636488961,2.7014030434209597,61.89664222131654,-39.809364186853166,-13.82041967574777,74.87979564107376
2046,1791618184.5326457,1.9178001493566177,-1.547511345358456,-0.5303324620863962,2.5207144418255756,61.901163712705326,-39.81294342446633,-13.821301208045872,74.88559875029667
2047,1791618184.5526457,1.8459495634191176,-1.533141228170956,-0.5159623448988961,2.4544386237097773,61.940543385740355,-39.844268462690316,-13.829447606550223,74.93630805791035
2048,1791618184.5592694,1.9130101102941177,-1.485240837545956,-0.5303324620863962,2.479274197813615,61.953496514294734,-39.85458623080436,-13.832260673792312,74.95302001469382
2049,1791618184.5792694,1.9465403837316178,-1.379859978170956,-0.5015922277113961,2.4381607387037603,61.99253031729578,-39.88536465150984,-13.841028356876903,75.00326789214331
2050,1791618184.6264021,2.0088108915441176,-1.389440056295956,-0.43453168083639615,2.480863287179784,62.084702592742,-39.95680757855179,-13.8619004351786,75.12129559301705
2051,1791618184.6464021,1.9800706571691178,-1.370279900045956,-0.38663129021139614,2.438817452459824,62.12393090009371,-39.98671541767486,-13.870660386334238,75.17124064379114
2052,1791618184.6608226,1.9321702665441178,-1.3559097828584559,-0.3914213292738961,2.3926938657460917,62.152204078360974,-40.007993580056954,-13.876870610775491,75.2070712104142
2053,1791618184.6808226,1.9178001493566177,-1.4756607594209559,-0.40579144646139614,2.4536093388696436,62.19130958295972,-40.03732523411703,-13.885387509652404,75.2565637392461
2054,1791618184.687527,1.9561204618566177,-1.628942009420956,-0.44411175896139615,2.5840074662814567,62.204399986441445,-40.047243900107155,-13.888241618800205,75.27318497931412
2055,1791618184.707527,1.9896507352941177,-1.705582634420956,-0.5159623448988961,2.670943524795745,62.24351160873415,-40.077396167116525,-13.896918813574654,75.32314898776946
2056,1791618184.7492936,1.9561204618566177,-1.748692985983456,-0.49201214958639616,2.669533737539668,62.32529814677373,-40.14173948751933,-13.915479041908013,75.42839382575958
2057,1791618184.7692935,1.9944407743566177,-1.763063103170956,-0.43453168083639615,2.6972214017076035,62.36451298356178,-40.173196326759566,-13.924423295807593,75.47918750825319
2058,1791618184.7780323,2.1812522977941176,-1.734322868795956,-0.4393217198988961,2.821124062042589,62.38181405286049,-40.187171528200096,-13.928317898657669,75.50163918385287
2059,1791618184.7980323,2.3345335477941176,-1.7151627125459559,-0.5159623448988961,2.9424559737807052,62.42224444833798,-40.21953248085032,-13.937327208854157,75.55393096770612
2060,1791618184.7956007,2.133351907169118,-1.691212517233456,-0.4010014073988961,2.751761666097762,62.42224444833798,-40.21953248085032,-13.937327208854157,75.55393096770612
2061,1791618184.8156006,1.9992308134191177,-1.624151970358456,-0.28604046989889614,2.591642841628395,62.463350825762056,-40.252229435404864,-13.946036124973455,75.60690507157246
2062,1791618184.8677554,2.1860423368566178,-1.705582634420956,-0.38184125114889617,2.7988561882395504,62.5708375595439,-40.33772947681522,-13.967952628142703,75.74526937617685
2063,1791618184.8877554,2.3057933134191178,-1.667262321920956,-0.48243207146139616,2.886033117945826,62.61261088246017,-40.37065769666285,-13.976392777168694,75.79886938102169
2064,1791618184.897661,2.224362649356618,-1.696002556295956,-0.5351225011488961,2.847906241092052,62.633562461097334,-40.3870186935689,-13.98070193352507,75.8256846462789
2065,1791618184.917661,2.0615013212316176,-1.691212517233456,-0.5063822667738962,2.7141132025009376,62.67594842007341,-40.42017830880387,-13.989659577701147,75.88000988383678
2066,1791618184.9277143,2.071081399356618,-1.6816324391084558,-0.5351225011488961,2.7209597413888122,62.69717464490726,-40.43688955022355,-13.994272207569972,75.90729477178425
2067,1791618184.9477143,2.147722024356618,-1.590621696920956,-0.5830228917738961,2.735452973266875,62.739395737311796,-40.470056121972036,-14.003749239289752,75.96158379572856
2068,1791618184.9879942,2.080661477481618,-1.5139810719209559,-0.5542826573988962,2.6322082239640725,62.824447756391386,-40.536212813968156,-14.023408719666609,76.07070248994476
2069,1791618185.0079942,1.9896507352941177,-1.408600212545956,-0.5255424230238962,2.493804211568896,62.866449141973604,-40.56851789455764,-14.033325674352387,76.12443301177247
2070,1791618185.0181816,2.0088108915441176,-1.418180290670956,-0.5255424230238962,2.514508177205168,62.887689286690694,-40.584664656873514,-14.038422448135696,76.15151852696405
2071,1791618185.0381815,2.071081399356618,-1.5139810719209559,-0.5494926183363962,2.6236346899867904,62.92925315408622,-40.61600745715323,-14.048540130821022,76.20441223510542
2072,1791618185.0715728,2.1381419462316176,-1.581041618795956,-0.5303324620863962,2.7115670935720337,62.998778979191904,-40.668237929767415,-14.065602679253434,76.29281032909894
2073,1791618185.0915728,2.0950315946691176,-1.5523013844209559,-0.5207523839613961,2.658943402206696,63.0405253822884,-40.69952926315937,-14.075866106423607,76.34585469666104
2074,1791618185.106625,2.037551125919118,-1.470870720358456,-0.5303324620863962,2.568331712821513,63.07189693587449,-40.722960016020075,-14.083618463436641,76.38567905425465
2075,1791618185.126625,2.047131204044118,-1.509191032858456,-0.5878129308363962,2.610350126302977,63.11345476770727,-40.75389263352019,-14.094051137957615,76.43840798302439
2076,1791618185.1368942,2.0519212431066176,-1.576251579733456,-0.5878129308363962,2.653389129431056,63.134749303395445,-40.76976923190401,-14.099509825899073,76.465461681441
2077,1791618185.1568942,2.090241555606618,-1.604991814108456,-0.5590726964613961,2.694006452120808,63.17621436205322,-40.800823844167155,-14.110266681584939,76.51823908917602
2078,1791618185.196368,2.104611672794118,-1.5235611500459558,-0.6213432042738961,2.671459572721991,63.25819667602449,-40.86218439197891,-14.131807439854745,76.62261768892925
2079,1791618185.216368,2.0662913602941178,-1.4804507984834558,-0.7171439855238961,2.641134235196976,63.29975996225338,-40.893116264189736,-14.143092025795887,76.67550861341297
2080,1791618185.2281177,2.056711282169118,-1.509191032858456,-0.6836137120863962,2.641031347639526,63.324148513678125,-40.91119711116877,-14.14996153956729,76.70655282061958
2081,1791618185.2481177,1.9657005399816179,-1.422970329733456,-0.5926029698988962,2.497999490015712,63.36546842331346,-40.94175541639024,-14.161814940468323,76.75914881946989
2082,1791618185.251079,2.013600930606618,-1.375069939108456,-0.6213432042738961,2.5162419245130074,63.37155274838066,-40.946222927540305,-14.163576426834073,76.76687936194482
2083,1791618185.271079,2.0183909696691176,-1.3606998219209558,-0.6357133214613961,2.5158572175107716,63.41252796971122,-40.97597245173135,-14.17557387187143,76.81878622102369
2084,1791618185.3187656,2.0088108915441176,-1.3559097828584559,-0.5399125402113961,2.4830058574870617,63.50997495096184,-41.04598119646535,-14.204093489134001,76.94183363099975
2085,1791618185.3387656,2.027971047794118,-1.231368767233456,-0.37226117302389616,2.401564904921443,63.550769392983746,-41.07481981576026,-14.215628823982618,76.99302056809186
2086,1791618185.3508375,2.0662913602941178,-1.092457634420956,-0.34352093864889616,2.3624204333524053,63.57540604417312,-41.091719551402925,-14.22219513492398,77.02358407545373
2087,1791618185.3708375,2.0231810087316178,-1.0349771656709559,-0.38663129021139614,2.305194760128328,63.616234410829406,-41.118709478836806,-14.232537262972944,77.07359253830388
2088,1791618185.377627,1.8363694852941177,-0.982286735983456,-0.37226117302389616,2.1155893975792046,63.62998082214456,-41.1275246767604,-14.235907936309154,77.09026410796042
2089,1791618185.3976269,1.7884690946691177,-0.963126579733456,-0.37705121208639614,2.0660111635011704,63.66983749192522,-41.152515025543764,-14.245471678298157,77.13826004333366
2090,1791618185.4396696,1.9130101102941177,-1.0349771656709559,-0.45848187614889613,2.222834012315092,63.75272562233478,-41.203468656739105,-14.26519494999296,77.23750151697611
2091,1791618185.4596696,1.9273802274816179,-1.011026970358456,-0.5494926183363962,2.2447521497228773,63.79200202774982,-41.22714076685813,-14.27468201755137,77.28430115632138
2092,1791618185.4654489,1.6735081571691177,-1.011026970358456,-0.5303324620863962,2.025847380047765,63.80320984829168,-41.23383153728538,-14.27748026687133,77.29763834012832
2093,1791618185.4854488,1.4866966337316176,-0.9439664234834559,-0.35789105583639613,1.7970602375159164,63.84091848218167,-41.25644524045622,-14.287043782853093,77.34259348237872
2094,1791618185.4982698,1.6256077665441178,-0.8194254078584559,-0.27646039177389614,1.8413280419067992,63.864458292562304,-41.27046287823554,-14.292864833874436,77.37057660600478
2095,1791618185.5182698,1.8076292509191179,-0.7667349781709559,-0.2908305089613961,1.984940407284806,63.90082081548873,-41.29142883952729,-14.30143420703522,77.41335812946691
2096,1791618185.558364,1.7884690946691177,-0.7523648609834559,-0.3004105870863961,1.9633953008660334,63.97359632838303,-41.33172291385676,-14.3178143375665,77.49794935106192
2097,1791618185.578364,1.6687181181066177,-0.7284146656709559,-0.3195707433363961,1.8486031328704382,64.009639048089,-41.35102883850955,-14.32568951246246,77.53945355157828
2098,1791618185.5859008,1.6399778837316177,-0.5942935719209559,-0.44411175896139615,1.7999854341641737,64.0230544771765,-41.357960557461475,-14.328643757352534,77.55477056883842
2099,1791618185.6059008,1.8746897977941177,-0.6469840016084559,-0.48722211052389613,2.042164420724737,64.05858592203776,-41.37545745400235,-14.33670426494865,77.59492250811034
2100,1791618185.6164498,1.8411595243566177,-0.6757242359834559,-0.4393217198988961,2.0098445737915744,64.07745584826384,-41.38434844023362,-14.341051142437975,77.61604467942753
2101,1791618185.6364498,1.9513304227941177,-0.6948843922334559,-0.38184125114889617,2.1062662411410584,64.11355375003913,-41.40073231036067,-14.34928794471523,77.65610391214362
2102,1791618185.6769419,1.8411595243566177,-0.723624626608456,-0.31478070427389615,2.003144499567239,64.1871925672628,-41.43323541962583,-14.365578348110455,77.73724029241528
2103,1791618185.6969419,1.5633372587316177,-0.6661441578584559,-0.28604046989889614,1.7232500033388718,64.2232154616711,-41.44896601425545,-14.373318860803668,77.77679913034135
2104,1791618185.7081733,1.5633372587316177,-0.6757242359834559,-0.27646039177389614,1.725415015540809,64.24304425786319,-41.45760512373807,-14.377487511819814,77.79854693544151
2105,1791618185.7281733,1.6256077665441178,-0.7284146656709559,-0.26688031364889614,1.8012255932076966,64.27784071825722,-41.472787565272334,-14.384612230436208,77.83668791036698
2106,1791618185.7386444,1.6687181181066177,-0.7188345875459559,-0.22376996208639613,1.8306873894474183,64.29591306552922,-41.48068066449371,-14.388168213708035,77.85647493860579
2107,1791618185.7586443,1.5010667509191178,-0.7379947437959559,-0.20460980583639612,1.685141776002762,64.33000844243027,-41.49568046145331,-14.394583970452425,77.8938093229789
2108,1791618185.7959821,1.3382054227941178,-0.7523648609834559,-0.1567094152113961,1.5431799890013274,64.3920638444843,-41.52365650063477,-14.405776674319066,77.96203138018663
2109,1791618185.815982,1.4340062040441177,-0.8050552906709559,-0.24293011833639613,1.6623786742704723,64.424476136339,-41.53873018862157,-14.411472198863015,77.99788306142298
2110,1791618185.829049,1.6495579618566178,-0.6948843922334559,-0.21418988396139613,1.8027154779625139,64.44549822009351,-41.548571315252616,-14.415083188178729,78.02115509588936
2111,1791618185.849049,1.8172093290441178,-0.6230338062959558,-0.16149945427389611,1.9278233692647688,64.47804778749774,-41.56335135150745,-14.420344565578759,78.05688412590985
2112,1791618185.8582737,1.7453587431066178,-0.5847134937959558,-0.2620902745863961,1.8592628442472996,64.49327354388511,-41.56998141593609,-14.422700338912701,78.07342680063259
2113,1791618185.8782737,1.4866966337316176,-0.6805142750459559,-0.19502972771139612,1.6466338858354117,64.52618095473657,-41.584097708312626,-14.427727439822993,78.1090553642516
2114,1791618185.9190953,1.4914866727941178,-0.7763150562959559,-0.16628949333639612,1.6896300652356824,64.592390656774,-41.613048565377774,-14.437555266661752,78.18098070336357
2115,1791618185.9390953,1.6303978056066177,-0.7188345875459559,-0.21418988396139613,1.7946580385050057,64.62464626346043,-41.627347764572804,-14.4422187471586,78.21610236345745
2116,1791618185.9490948,1.7118284696691177,-0.7427847828584558,-0.2620902745863961,1.8843506189795383,64.64086079041158,-41.634520795659654,-14.44455782460668,78.23374883231655
2117,1791618185.9690948,1.6256077665441178,-0.7571549000459559,-0.35310101677389616,1.8277211169538188,64.67343295025965,-41.64896543737677,-14.449457231945678,78.26925364326252
2118,1791618185.977312,1.5010667509191178,-0.8481656422334559,-0.2812504308363961,1.7469081693740591,64.68673532543365,-41.65499940080065,-14.451559237424041,78.28384422431095
2119,1791618185.997312,1.4435862821691177,-0.9487564625459559,-0.11359906364889613,1.7311802120378679,64.71867219246909,-41.67017781676736,-14.456500130227731,78.31922270842935
2120,1791618186.037725,1.4244261259191178,-0.8098453297334559,-0.08485882927389612,1.6407438152245988,64.78221821172,-41.70157777048901,-14.46558788016966,78.39011811253992
2121,1791618186.057725,1.4819065946691177,-0.7188345875459559,-0.07048871208639612,1.6485566347892886,64.81330880540943,-41.7170794088609,-14.469643729882304,78.42480667735364
2122,1791618186.0650642,1.5250169462316177,-0.6421939625459558,-0.056118594898896125,1.6556687677544417,64.82466165978727,-41.72266381682831,-14.470978512348626,78.43740596413693
2123,1791618186.0850642,1.4866966337316176,-0.6374039234834559,-0.12317914177389612,1.622258839824638,64.85547600364796,-41.73751845529701,-14.474339234276995,78.4713942193902
2124,1791618186.099338,1.4100560087316176,-0.6900943531709559,-0.13754925896139614,1.5758832325649668,64.87727032734378,-41.74795102301637,-14.47665710498922,78.49538343547887
2125,1791618186.119338,1.3573655790441177,-0.7523648609834559,-0.17586957146139612,1.561865648953982,64.90737817530285,-41.76253974475636,-14.479887782773659,78.52862292009108
2126,1791618186.1575887,1.3142552274816177,-0.9391763844209559,-0.03695843864889612,1.6157614335675121,64.96398751788935,-41.79110867852179,-14.485750313656675,78.5916878617205
2127,1791618186.1775887,1.3190452665441177,-0.9918668141084559,0.03489214728860388,1.6507264019408274,64.99309669829366,-41.806702305045434,-14.488358933244124,78.6245223873249
2128,1791618186.1867807,1.2903050321691176,-0.862535759420956,0.1450630457261039,1.5588131060381059,65.00626737317774,-41.814072534027616,-14.489253955450403,78.6394935122266
2129,1791618186.2067807,1.3956858915441177,-0.9918668141084559,0.10674273322610389,1.715556147691336,65.03465465702114,-41.830484891424916,-14.490531532141837,78.67192178085982
2130,1791618186.2188466,1.4244261259191178,-1.015817009420956,-0.0034281652113961193,1.749538721248146,65.05176371277467,-41.840717996409694,-14.491093180724585,78.6916096300628
2131,1791618186.2388465,1.4004759306066177,-1.092457634420956,-0.06090863396139612,1.7772187194895699,65.08010651378845,-41.85829812801288,-14.491981009042275,78.72455080587059
2132,1791618186.2771142,1.3525755399816177,-1.140358025045956,-0.02258832146139612,1.7692900409231158,65.13410399207424,-41.89329835528951,-14.49366459307876,78.78810991052083
2133,1791618186.2971141,1.3238353056066177,-1.030187126608456,-0.08006879021139612,1.6793559608868722,65.16210641552392,-41.91210265224617,-14.494566493075586,78.82142423898894
2134,1791618186.306591,1.2711448759191177,-1.063717400045956,-0.22856000114889613,1.6731836948945986,65.17522934108415,-41.92116471262875,-14.495149113426066,78.83719882356756
2135,1791618186.326591,1.2280345243566178,-1.0349771656709559,-0.23814007927389613,1.6235631259143106,65.20251845412797,-41.94056858175174,-14.496894286960499,78.87039780354115
2136,1791618186.3378148,1.2759349149816177,-0.8481656422334559,-0.21418988396139613,1.5470204169065886,65.2176434818104,-41.95140965393101,-14.498107519424481,78.88888967983549
2137,1791618186.3578148,1.1226536649816177,-0.6517740406709559,-0.24772015739889613,1.3215619274067094,65.24415030341379,-41.97007986154134,-14.500637991857504,78.92119648465493
2138,1791618186.3970058,0.9693724149816177,-0.6805142750459559,-0.21897992302389613,1.2044645134482659,65.29444972578054,-42.0050933508787,-14.506224579344028,78.98242579178536
2139,1791618186.4170058,0.9645823759191177,-0.8002652516084559,-0.19981976677389612,1.2691617596111575,65.31916916451698,-42.02250240903144,-14.509276086647548,79.01268038497619
2140,1791618186.4235466,1.0124827665441176,-0.7715250172334559,-0.12317914177389612,1.2788843988938439,65.32701061899138,-42.028112889514794,-14.51028280420554,79.02233163179656
2141,1791618186.4435465,1.1657640165441177,-0.7140445484834559,-0.16149945427389611,1.3765708965464811,65.35065853618974,-42.044923316935176,-14.51332635893482,79.05138069535269
2142,1791618186.4875708,1.0795433134191177,-0.7667349781709559,-0.16149945427389611,1.33393341888923,65.40231812893937,-42.081265419765025,-14.520087429107958,79.11465764898841
2143,1791618186.5075707,0.9645823759191177,-0.6853043141084559,-0.14233929802389614,1.1917724777118184,65.4253326988406,-42.097477002533466,-14.523153978309319,79.1428691052485
2144,1791618186.5161822,0.9214720243566177,-0.8194254078584559,-0.08964886833639613,1.2363679105791594,65.43497384591639,-42.104382066022076,-14.5244261255794,79.15474556623082
2145,1791618186.5361822,0.9981126493566177,-0.9487564625459559,-0.08485882927389612,1.3796987739844297,65.45688596400164,-42.120665733414334,-14.52719925330419,79.18203028513187
2146,1791618186.5474904,1.0220628446691178,-0.8769058766084559,-0.24772015739889613,1.369285087651694,65.4691302389119,-42.13004001298425,-14.528814079857254,79.19743508663852
2147,1791618186.5674903,1.0603831571691178,-0.9104361500459559,-0.22376996208639613,1.4154078632149092,65.49066113155078,-42.14681369042086,-14.531948936946783,79.22473186832943
2148,1791618186.5974112,1.0555931181066176,-1.0445572437959558,-0.1567094152113961,1.4932965235935407,65.52278896814488,-42.172530825885936,-14.536789152816578,79.2658594181492
2149,1791618186.6174111,1.1705540556066176,-0.9870767750459559,-0.25730023552389614,1.5526495960560056,65.5443821228306,-42.190189870155876,-14.540160211691036,79.29372237526172
2150,1791618186.627881,1.0939134306066176,-0.9966568531709559,-0.2812504308363961,1.5063443435947275,65.55576862500223,-42.199605359901085,-14.542083131065109,79.30849686091035
2151,1791618186.647881,1.1034935087316178,-0.9583365406709559,-0.16149945427389611,1.4704383437358937,65.57755297981973,-42.217825764644125,-14.545869496740979,79.33689297250764
2152,1791618186.6680222,1.2184544462316178,-0.9295963062959559,-0.07048871208639612,1.534193334867637,65.59970785567197,-42.23627428772925,-14.549461058218137,79.36568120757495
2153,1791618186.6880221,1.2184544462316178,-0.963126579733456,-0.07048871208639612,1.5547387898493632,65.62206289269952,-42.254684723861864,-14.552703957983569,79.39455089548078
2154,1791618186.7273529,1.1370237821691178,-0.9727066578584559,-0.09922894646139613,1.4996091848465625,65.66637881578357,-42.29116915029007,-14.558625284380067,79.45168258160066
2155,1791618186.7473528,1.0747532743566177,-1.030187126608456,-0.09443890739889613,1.4917435516203028,65.6888512243339,-42.3099432132315,-14.56147517077262,79.48077144208261
2156,1791618186.7583096,1.0891233915441176,-1.0780875172334559,-0.13754925896139614,1.5386299930340588,65.70109397327974,-42.32041808838057,-14.562992895174865,79.49674394920825
2157,1791618186.7783096,1.0508030790441176,-1.0780875172334559,-0.19023968864889612,1.5174488277633693,65.72329911521993,-42.3399046559304,-14.565839405676023,79.52599103723192
2158,1791618186.786307,1.0412230009191177,-1.0828775562959558,-0.22856000114889613,1.519542304017133,65.7321013488812,-42.34782421132168,-14.567058120969504,79.53770518107935
2159,1791618186.806307,1.0699632352941177,-1.011026970358456,-0.16149945427389611,1.4809047685128236,65.75397867097541,-42.36779933801221,-14.570233782526998,79.56700223262561
2160,1791618186.8431432,1.2280345243566178,-0.9104361500459559,-0.16628949333639612,1.537730461399644,65.79457714846113,-42.40437960037085,-14.576110986734985,79.62110777259237
2161,1791618186.8631432,1.2519847196691176,-0.9727066578584559,-0.19981976677389612,1.5979837044603116,65.81703348334189,-42.424086204064906,-14.57937249608635,79.65075699060817
2162,1791618186.8783157,1.0460130399816177,-0.9870767750459559,-0.17107953239889612,1.4483549447744275,65.83412900066558,-42.439023742959904,-14.581897678392375,79.67330178569793
2163,1791618186.8983157,0.8496214384191177,-0.9343863453584559,-0.14233929802389614,1.2709031854455468,65.85612709597214,-42.45864267755477,-14.585197142851477,79.70253314542114
2164,1791618186.906666,0.8113011259191177,-0.8912759937959559,-0.09922894646139613,1.2093092234207243,65.86497422470802,-42.466748636065645,-14.586519382485294,79.7144034477826
2165,1791618186.926666,0.9693724149816177,-0.9104361500459559,-0.03216839958639612,1.3302675175203469,65.88565653058104,-42.48595359921136,-14.58940834060609,79.74225244767659
2166,1791618186.9672344,1.2807249540441177,-0.7667349781709559,-0.20460980583639612,1.5066532803888661,65.92816227023486,-42.52416896816648,-14.59510978441257,79.79877665968726
2167,1791618186.9872344,1.2807249540441177,-0.7763150562959559,-0.34831097771139613,1.5376091869318969,65.94981627883561,-42.542497518032754,-14.598328328963213,79.82702269460012
2168,1791618186.997326,1.0364329618566177,-0.8385855641084559,-0.2620902745863961,1.3587164328095656,65.96085726556873,-42.55158073097318,-14.600170725533147,79.84132200263204
2169,1791618187.0173259,0.8687815946691178,-0.9008560719209558,-0.13754925896139614,1.2590643034386682,65.9823144794174,-42.569491264544716,-14.60387384355409,79.86927157437538
2170,1791618187.0268664,0.8927317899816177,-0.8385855641084559,-0.03216839958639612,1.2252471600076575,65.99227526032873,-42.57799816521799,-14.60549680207087,79.88233132944734
2171,1791618187.0468664,1.1274437040441176,-0.7092545094209559,-0.07048871208639612,1.3338440401539753,66.01305428510908,-42.59547806959041,-14.608542680169943,79.90937121054115
2172,1791618187.086566,1.1561839384191177,-0.6948843922334559,-0.0034281652113961193,1.3489393501357718,66.05491275962379,-42.629151512024876,-14.613901870248501,79.96288005187117
2173,1791618187.106566,0.9310521024816177,-0.6565640797334559,0.06363238166360388,1.1410449107409677,66.07596807857053,-42.6455981891009,-14.616106454865202,79.98944411812393
2174,1791618187.1170952,0.9502122587316177,-0.6565640797334559,0.044472225413603884,1.1558362800471877,66.08687585151445,-42.65399496383273,-14.617007625275631,80.00309592825467
2175,1791618187.1370952,1.0220628446691178,-0.7092545094209559,0.07800249885110389,1.2464905966007551,66.10744533906026,-42.66960065075671,-14.618278892507426,80.02864004049442
2176,1791618187.146732,1.0076927274816176,-0.6709341969209559,0.19296343635110388,1.2259005740212932,66.1173369758839,-42.67698979014956,-14.618603717618877,80.04081009699924
2177,1791618187.166732,0.9358421415441177,-0.5416031422334558,0.2217036707261039,1.1037603884813325,66.13770166604549,-42.691843442148695,-14.618554726888513,80.06554327835917
2178,1791618187.2064667,0.9214720243566177,-0.5176529469209559,0.11632281135110388,1.06329970448997,66.17762694323784,-42.72008381787949,-14.617464644075666,80.11338303845251
2179,1791618187.2264667,1.0029026884191177,-0.6038736500459558,-0.06569867302389612,1.172515886158998,66.19759506449905,-42.73384841996564,-14.616922328784275,80.13711881188206
2180,1791618187.238333,1.1753440946691178,-0.5895035328584559,-0.19023968864889612,1.3285854489882831,66.20960396329829,-42.74185225359169,-14.616876607279654,80.15129863450188
2181,1791618187.258333,1.2759349149816177,-0.6278238453584559,-0.20460980583639612,1.4366759762431591,66.23048510791725,-42.75514472238199,-14.617403379258445,80.1757322349714
2182,1791618187.268333,1.1370237821691178,-0.7379947437959559,-0.2716703527113961,1.3824847571061891,66.24116931167728,-42.761818384582824,-14.617984467127679,80.18822290845164
2183,1791618187.288333,1.0364329618566177,-0.8098453297334559,-0.48243207146139616,1.4009937352067299,66.26259264007622,-42.77548536822034,-14.620103469062885,80.21359459167518
2184,1791618187.3268647,0.9550022977941177,-0.7906851734834559,-0.5686527745863962,1.3640302087576412,66.30343054620079,-42.80249179771568,-14.626611064113378,80.26291769870588
2185,1791618187.3468647,1.1178636259191177,-0.7763150562959559,-0.6452933995863962,1.506216360399328,66.32455727442394,-42.8167573659423,-14.63130309243692,80.28883259311391
2186,1791618187.357148,1.1082835477941178,-0.8194254078584559,-0.5734428136488962,1.4928452973703188,66.33550735156453,-42.82422266067787,-14.634293627029146,80.3024042731156
2187,1791618187.377148,1.0891233915441176,-0.8912759937959559,-0.5159623448988961,1.4989262158222123,66.35690585491098,-42.83913015052838,-14.640871610862291,80.32922972503336
2188,1791618187.3871562,1.0795433134191177,-1.063717400045956,-0.5207523839613961,1.6025266044936455,66.36763566350405,-42.84693858780321,-14.644447770991789,80.34290921063227
2189,1791618187.4071562,1.0747532743566177,-1.145148064108456,-0.4201615636488961,1.625728891617388,66.38909257138364,-42.863515158456636,-14.651933543905383,80.37083862176635
2190,1791618187.4482338,1.1561839384191177,-1.0876675953584558,-0.36747113396139613,1.6293609580894168,66.43342516488052,-42.89933344514876,-14.667428763534227,80.4293867669597
2191,1791618187.4682338,1.2088743681066176,-1.106827751608456,-0.35789105583639613,1.6776563764500447,66.45531980713369,-42.91744859457793,-14.6749295074431,80.45850160539331
2192,1791618187.5071447,1.2759349149816177,-1.260109001608456,-0.34831097771139613,1.8268018886562594,66.49877872586129,-42.95431332631543,-14.689394507892748,80.51669961178767
2193,1791618187.5271447,1.2998851102941178,-1.379859978170956,-0.26688031364889614,1.9144032911420819,66.52162946005694,-42.974379312953474,-14.696636988157989,80.54759836342988
2194,1791618187.5071447,1.4292161649816177,-1.3654898609834558,-0.17586957146139612,1.9844776423178456,66.52162946005694,-42.974379312953474,-14.696636988157989,80.54759836342988
2195,1791618187.5271447,1.5345970243566178,-1.255318962545956,-0.12796918083639613,1.9867535922040205,66.54606443186512,-42.996308515492416,-14.702889943408588,80.58061932014009
2196,1791618187.5677843,1.4052659696691177,-1.298429314108456,-0.14712933708639614,1.9189419405176706,66.59722880321132,-43.04196808928308,-14.714528454887072,80.64935987914488
2197,1791618187.5877843,1.2376146024816177,-1.341539665670956,-0.15191937614889614,1.831528890215424,66.62259570916298,-43.06502791375817,-14.719845537973539,80.683584085619
2198,1791618187.6277747,1.2280345243566178,-1.3654898609834558,-0.056118594898896125,1.8373297608632557,66.6731043445267,-43.1123394135596,-14.729506388660697,80.75230653733495
2199,1791618187.6477747,1.3477855009191178,-1.216998650045956,-0.06090863396139612,1.8169538608320575,66.6984393600686,-43.136325325170034,-14.733788770026678,80.78681146788391
2200,1791618187.6277747,1.3382054227941178,-1.183468376608456,-0.07527875114889612,1.7880318907677164,66.6984393600686,-43.136325325170034,-14.733788770026678,80.78681146788391
2201,1791618187.6477747,1.2232444852941178,-1.2409488453584558,-0.03216839958639612,1.7427896928576627,66.72401071515732,-43.16035236121354,-14.737217599886417,80.82137838744735
2202,1791618187.6877322,1.1561839384191177,-1.2074185719209558,-0.12796918083639613,1.6766028207425636,66.77456660234274,-43.20849228877341,-14.743520328862338,80.88997430143785
2203,1791618187.7077322,1.2567747587316178,-1.092457634420956,-0.23335004021139613,1.6814870556909465,66.7996951093353,-43.232423298814325,-14.746743811971022,80.92408877487546
2204,1791618187.7177417,1.2615647977941178,-0.9439664234834559,-0.23335004021139613,1.5928184419337066,66.8122754638148,-43.24413245075742,-14.748465457344922,80.94104260149986
2205,1791618187.7377417,1.2471946806066176,-0.7906851734834559,-0.17586957146139612,1.4871475115354298,66.83740482561815,-43.26662101862367,-14.752003294758126,80.97444522441216
2206,1791618187.746729,1.1753440946691178,-0.9104361500459559,-0.19023968864889612,1.4988391719331662,66.84863601875253,-43.27635728142754,-14.753601364486032,80.98920909812361
2207,1791618187.7667289,1.1322337431066176,-1.0349771656709559,-0.23335004021139613,1.5516388831671395,66.87334208010392,-43.297692316520596,-14.757259624865886,81.0216684136681
2208,1791618187.8068469,1.1466038602941178,-1.0732974781709559,-0.2716703527113961,1.5938860278049496,66.92232298041608,-43.34041236592415,-14.765016546194333,81.08633898970203
2209,1791618187.8268468,1.0795433134191177,-1.0828775562959558,-0.33873089958639613,1.5661341544746534,66.94641784249193,-43.36174923585352,-14.769219140710945,81.1183949099149
2210,1791618187.8368468,1.0220628446691178,-1.1211978687959558,-0.34352093864889616,1.5555396988620833,66.95823436198954,-43.37247046056584,-14.771516931771195,81.13429641768872
2211,1791618187.8568468,1.1561839384191177,-1.097247673483456,-0.3004105870863961,1.6220235131639713,66.9815898121941,-43.3940242077167,-14.776389072941074,81.16598046437842
2212,1791618187.8972423,1.2040843290441177,-1.1643082203584558,-0.2620902745863961,1.6953241623585353,67.028837505948,-43.43787965392135,-14.78645780284686,81.23025163436776
2213,1791618187.9172423,1.0843333524816177,-1.2026285328584558,-0.24293011833639613,1.6374093103876752,67.05215378114058,-43.45988611899649,-14.791452642623712,81.26216893145819
2214,1791618187.9267488,0.9310521024816177,-1.250528923483456,-0.20939984489889613,1.573063540054188,67.06301108088134,-43.47052634734936,-14.793793187680036,81.27724425095782
2215,1791618187.9467487,1.0460130399816177,-1.1643082203584558,-0.22376996208639613,1.5810850412732413,67.08539229859795,-43.49317604340141,-14.798628433662756,81.30870571910921
2216,1791618187.9567626,1.1945042509191177,-1.0876675953584558,-0.22376996208639613,1.630930470433622,67.0966001796747,-43.50450679132536,-14.801022373666875,81.32444976840226
2217,1791618187.9767625,1.1609739774816177,-1.130777946920956,-0.2525101964613961,1.6402075298416456,67.11916048026958,-43.52707012828966,-14.80580087130503,81.35600332470841
2218,1791618188.0164587,1.0795433134191177,-1.346329704733456,-0.23335004021139613,1.7413987712934285,67.16389226063092,-43.572511411947076,-14.81530914176257,81.41895086101202
2219,1791618188.0364587,1.1226536649816177,-1.3990201344209559,-0.19023968864889612,1.8038291845818208,67.18635202694963,-43.59608975297912,-14.82001646150446,81.45095351411346
2220,1791618188.0474794,1.2184544462316178,-1.221788689108456,-0.18544964958639612,1.735451068427651,67.19880674072505,-43.60929956960854,-14.82253179477462,81.46875526934409
2221,1791618188.0674794,1.1897142118566177,-1.1211978687959558,-0.22856000114889613,1.6506799329401778,67.2216310814277,-43.63319092555264,-14.827032850621428,81.50118979957718
2222,1791618188.0774527,0.9550022977941177,-1.2409488453584558,-0.17586957146139612,1.5757263505299848,67.2329097640765,-43.6450845157986,-14.82924320315982,81.5172620474591
2223,1791618188.0974526,0.9262620634191177,-1.3127994312959559,-0.12317914177389612,1.6113897287461467,67.25495675502678,-43.669188373418365,-14.833459435864517,81.54911857371027
2224,1791618188.136839,1.1274437040441176,-1.303219353170956,-0.19502972771139612,1.7342279501147553,67.29792819998885,-43.71726390090724,-14.84145704400928,81.6117586514443
2225,1791618188.156839,1.1657640165441177,-1.3942300953584559,-0.14233929802389614,1.8229491975461791,67.3199154316072,-43.74206052912087,-14.84541504111609,81.64389273420893
2226,1791618188.166838,1.2040843290441177,-1.173888298483456,-0.12796918083639613,1.6864782595722794,67.33103632893555,-43.75452399434701,-14.84729974129596,81.66008286003765
2227,1791618188.186838,1.2232444852941178,-1.0493472828584558,-0.24293011833639613,1.6298686552111588,67.35358464728805,-43.779048756252486,-14.851060385605683,81.69249946854751
2228,1791618188.196841,1.1753440946691178,-1.135567985983456,-0.18065961052389612,1.64425858262584,67.36497015008719,-43.79111420341082,-14.852976945273957,81.70870094815574
2229,1791618188.216841,1.1609739774816177,-1.169098259420956,-0.10401898552389613,1.6509001380822577,67.38782398138588,-43.81507610426984,-14.856661104663807,81.7410551323387
2230,1791618188.2573535,1.0412230009191177,-1.169098259420956,-0.18065961052389612,1.5759359037406209,67.4338646252453,-43.86343783298567,-14.863869416390006,81.80624603813331
2231,1791618188.2773535,0.8831517118566177,-1.260109001608456,-0.22376996208639613,1.5549612979177587,67.45607087614466,-43.887375311491276,-14.867500830193357,81.83804610763228
2232,1791618188.2863638,0.9310521024816177,-1.145148064108456,-0.2908305089613961,1.5042621085467551,67.46580050119101,-43.89816730886915,-14.869239192680189,81.85216921079801
2233,1791618188.3063638,1.0747532743566177,-0.881695915670956,-0.23814007927389613,1.4103875303645075,67.48716633031906,-43.921569099993846,-14.87331245925363,81.88307074733014
2234,1791618188.3164299,1.0220628446691178,-0.8769058766084559,-0.2620902745863961,1.371957611195166,67.49788977342156,-43.93290820572525,-14.875432680454056,81.89837632522618
2235,1791618188.3364298,0.9166819852941177,-0.9966568531709559,-0.28604046989889614,1.3839977946353017,67.51890813744029,-43.95486855637417,-14.879835603978911,81.9282792049343
2236,1791618188.3764412,0.9118919462316177,-1.0828775562959558,-0.19023968864889612,1.4284123573635232,67.56013686510617,-43.998452215586454,-14.888751963347834,81.98726014220269
2237,1791618188.3964412,0.9310521024816177,-0.9583365406709559,-0.10401898552389613,1.3401816638314508,67.5804184760857,-44.02003179099926,-14.892981719807885,82.01632194136715
2238,1791618188.4069555,0.9550022977941177,-0.8769058766084559,-0.11359906364889613,1.301498387430578,67.59096872961027,-44.03112197952267,-14.895043420701112,82.0313420290521
2239,1791618188.4269555,0.9358421415441177,-0.8194254078584559,-0.16628949333639612,1.2549544647229047,67.61086317456413,-44.051597649109006,-14.898796714926679,82.05940664056332
2240,1791618188.4369576,0.9262620634191177,-0.9583365406709559,-0.22376996208639613,1.351459703893077,67.62071700444228,-44.06163528225544,-14.90068481434077,82.0732567885404
2241,1791618188.4569576,0.8879417509191178,-1.0014468922334558,-0.16628949333639612,1.348698864307163,67.64018622464485,-44.08163527020016,-14.90447898337527,82.10072383581928
2242,1791618188.4969661,1.0029026884191177,-1.011026970358456,-0.16628949333639612,1.4337508614904362,67.6789647460883,-44.12168125663744,-14.911928404873462,82.15552711027206
2243,1791618188.516966,1.1082835477941178,-1.130777946920956,-0.11838910271139612,1.587755386448019,67.69860885837991,-44.141909853967306,-14.915520747291337,82.18322581937612
2244,1791618188.5264888,1.1513938993566177,-1.188258415670956,-0.09443890739889613,1.6572823178683782,67.7081729716044,-44.15175291073001,-14.917126620969936,82.1966826512415
2245,1791618188.5464888,1.0268528837316178,-1.0397672047334559,-0.08485882927389612,1.4638113627694314,67.72851429579121,-44.17266687608674,-14.920262390169478,82.22524172936454
2246,1791618188.5574768,0.9502122587316177,-0.9679166187959559,-0.11838910271139612,1.361536594156047,67.73964279623367,-44.184088027260785,-14.921894260607893,82.24084003271626
2247,1791618188.5774767,0.9741624540441177,-1.097247673483456,-0.11838910271139612,1.4720600950623328,67.75974671792763,-44.20485590514899,-14.924774161690127,82.26907951745991
2248,1791618188.617027,0.9741624540441177,-1.102037712545956,-0.09922894646139613,1.4742204687761662,67.79931845286812,-44.24628809435915,-14.93026047180391,82.32493103889223
2249,1791618188.637027,0.9597923368566177,-1.020607048483456,-0.13275921989889614,1.4072899799866982,67.81922857760058,-44.267280936431455,-14.932966645001589,82.35310206171054
2250,1791618188.6470761,0.8927317899816177,-1.020607048483456,-0.25730023552389614,1.3801493424476015,67.82912815581008,-44.27778514192242,-14.934416398481956,82.36716382524531
2251,1791618188.667076,0.8927317899816177,-1.030187126608456,-0.3099906652113961,1.3979806068725609,67.84855337975428,-44.298631204140264,-14.937719869488243,82.39496584855836
2252,1791618188.6770916,0.8975218290441177,-1.063717400045956,-0.2812504308363961,1.4199091328732574,67.85816666373243,-44.30907737108832,-14.939570138030575,82.40883372763574
2253,1791618188.6970916,0.9071019071691176,-1.111617790670956,-0.18065961052389612,1.4460864003926852,67.87719089224233,-44.33007137644038,-14.94340359191244,82.43648210939732
2254,1791618188.73661,1.0508030790441176,-1.020607048483456,-0.18544964958639612,1.4765559355725153,67.91494567697457,-44.371651126465224,-14.950927102116378,82.49129342668805
2255,1791618188.75661,1.1130735868566177,-1.111617790670956,-0.26688031364889614,1.5955726320375914,67.9344328204531,-44.39273621361792,-14.95484205570529,82.51938858280283
2256,1791618188.7706118,1.0316429227941177,-1.1930484547334559,-0.20939984489889613,1.5910688327463267,67.94828146032702,-44.40770372564413,-14.957671922630977,82.53935457066207
2257,1791618188.7906117,0.8927317899816177,-1.2074185719209558,-0.07048871208639612,1.5032625569723417,67.96798199174856,-44.42947684487861,-14.961527565657084,82.56798590154769
2258,1791618188.79662,1.0268528837316178,-1.1643082203584558,0.049262264476103886,1.553211913269895,67.9738774405066,-44.436105262031084,-14.962521655643181,82.57658578223557
2259,1791618188.8166199,1.2519847196691176,-1.183468376608456,-0.08485882927389612,1.7248954048355944,67.99397679572876,-44.45838195099121,-14.965387816220712,82.6056380562986
2260,1791618188.8571405,1.0747532743566177,-1.111617790670956,-0.07527875114889612,1.548048966813061,68.03566157235177,-44.5037201879503,-14.970810383562602,82.66533444978944
2261,1791618188.8771405,0.9502122587316177,-1.054137321920956,-0.051328555836396124,1.4201209282151919,68.0561873900159,-44.52598995736735,-14.973275270579554,82.69466364933766
2262,1791618188.8871677,0.9837425321691177,-1.0062369312959558,0.025312069163603883,1.4074454988907217,68.06638897973389,-44.53702981329695,-14.974345260229626,82.70919748917589
2263,1791618188.9071677,1.0364329618566177,-0.7284146656709559,0.03968218635110388,1.267420958285374,68.0867149333542,-44.558348671282346,-14.97606182079795,82.73771579145614
2264,1791618188.9166954,0.9406321806066177,-0.45059240004595585,0.07800249885110389,1.0458999952189272,68.09635822302832,-44.56782374132421,-14.976672807709463,82.75086491793256
2265,1791618188.9366953,0.8256712431066177,-0.3068912281709559,0.17380328010110388,0.8978434205335627,68.11621393278051,-44.585866073152594,-14.977385266581324,82.77705070521073
2266,1791618188.9766953,0.8017210477941177,-0.3739517750459559,0.3079243738511039,0.9367037891178371,68.15485081157593,-44.618580564322585,-14.977151265079867,82.8264238075036
2267,1791618188.9966953,0.8639915556066177,-0.33084142348345585,0.4564155847886039,1.0316262121960773,68.17377005158626,-44.63354141185941,-14.975905305597184,82.8498260814888
2268,1791618189.0072174,0.8592015165441177,-0.20151036879595585,0.5330562097886039,1.031010474029331,68.18359043648314,-44.64065187618666,-14.974567272838812,82.86149570065544
2269,1791618189.0272174,0.7202903837316177,0.06194177964154415,0.5186860926011039,0.8897697924852269,68.20182589205325,-44.652349189103944,-14.970827879828565,82.88212732865313
2270,1791618189.0372145,0.6723899931066177,0.18169275620404415,0.3845649988511039,0.7956197576910022,68.21061795380572,-44.65713645132618,-14.96856184862956,82.89153202522353
2271,1791618189.0572145,0.6867601102941177,0.08110193589154414,0.25044390510110387,0.7354856373164846,68.227607459453,-44.66488293450975,-14.96375598068881,82.90881847092182
2272,1791618189.0972233,0.8208812040441177,-0.04822911879595586,0.15464312385110388,0.8367117154714535,68.26101990575218,-44.67795622007723,-14.954368675466258,82.94166475938616
2273,1791618189.1172233,0.8783616727941177,-0.16319005629595587,0.09716265510110389,0.8986605611986397,68.2777659263094,-44.68382826983573,-14.950002242101494,82.95782299322293
2274,1791618189.1267292,0.7825608915441177,-0.17277013442095587,-0.08006879021139612,0.8053956043386853,68.2857155528073,-44.68644012885294,-14.9482259948345,82.96545269171448
2275,1791618189.1467292,0.6675999540441176,-0.18714025160845588,-0.10880902458639613,0.7018194755371406,68.30210746610376,-44.6916508987023,-14.945332768523514,82.98122990125277
2276,1791618189.1567285,0.7298704618566177,-0.12486974379595586,-0.09443890739889613,0.7464730746900102,68.31012155781308,-44.69409930802509,-14.944255660191335,82.98895105636635
2277,1791618189.1767285,0.9502122587316177,-0.24462072035845586,-0.18065961052389612,0.9976875905548683,68.32626660992831,-44.69881613677368,-14.942837092431144,83.0045254986199
2278,1791618189.2169788,0.9262620634191177,-0.3068912281709559,-0.18065961052389612,0.992361592834167,68.35954962209742,-44.7085498192191,-14.941501175038434,83.03692497219096
2279,1791618189.2369788,0.9262620634191177,-0.3643716969209559,-0.04653851677389612,0.9964406541234719,68.37638570826995,-44.71366779848112,-14.941277738265129,83.05350077492825
2280,1791618189.246981,1.1274437040441176,-0.22067052504595586,-0.12317914177389612,1.1554210866090904,68.38508318862817,-44.71628228180294,-14.941310072695728,83.06207468219127
2281,1791618189.266981,1.2807249540441177,-0.11049962660845586,-0.16628949333639612,1.296193955774363,68.40347798278638,-44.72122270469512,-14.941799231973876,83.07996704761682
2282,1791618189.3065841,1.2424046415441177,-0.25899083754595587,-0.27646039177389614,1.298874857514341,68.44193328539444,-44.73063559953026,-14.943937629568662,83.11708166710851
2283,1791618189.326584,1.1034935087316178,-0.43143224379595585,-0.43453168083639615,1.2620021737105422,68.46195935520974,-44.73571178859674,-14.945922039804117,83.13666082786033
2284,1791618189.3366842,1.1274437040441176,-0.6517740406709559,-0.40579144646139614,1.3640401034802814,68.47224561740806,-44.738711311090476,-14.947410412085812,83.14701310146435
2285,1791618189.3566842,1.0843333524816177,-0.8194254078584559,-0.3004105870863961,1.391935105952003,68.49287655750405,-44.74596674145482,-14.950974861486547,83.16854770920118
2286,1791618189.366603,1.1945042509191177,-0.8050552906709559,-0.22376996208639613,1.4577473794980005,68.50326865251083,-44.750233683784515,-14.95286737511205,83.1797419662329
2287,1791618189.3866029,1.3142552274816177,-0.8673257984834559,-0.20939984489889613,1.5885116111383653,68.52484315753239,-44.76005551237949,-14.956760773457729,83.20349386936915
2288,1791618189.4271255,1.4387962431066177,-1.0828775562959558,-0.2716703527113961,1.8211433803107193,68.5703660646518,-44.78289781925242,-14.964928092540724,83.25474228021409
2289,1791618189.4471254,1.4387962431066177,-1.092457634420956,-0.27646039177389614,1.8275745293700405,68.59378016642023,-44.795743596992544,-14.969176632095103,83.2817000965371
2290,1791618189.4571233,1.3908958524816177,-1.173888298483456,-0.2525101964613961,1.8374891589024198,68.60585083607647,-44.802901274158764,-14.971378516393573,83.29588769084054
2291,1791618189.4771233,1.4435862821691177,-1.226578728170956,-0.22376996208639613,1.9074878050463342,68.63062709773254,-44.818672633990815,-14.975836942634915,83.3255788136707
2292,1791618189.4871285,1.6112376493566178,-1.1930484547334559,-0.2908305089613961,2.02584149503086,68.64345484960272,-44.827194648211204,-14.978118920091157,83.3411382217837
2293,1791618189.5071285,1.6447679227941177,-1.3127994312959559,-0.34352093864889616,2.13230169112011,68.67013459914793,-44.845433245650355,-14.98294777428936,83.37379080299911
2294,1791618189.5465581,1.6112376493566178,-1.542721306295956,-0.46327191521139616,2.2783100445346274,68.72447225936301,-44.88444121732185,-14.99342565419294,83.44141036420099
2295,1791618189.5665581,1.6208177274816178,-1.7151627125459559,-0.5542826573988962,2.4240590959215207,68.75274785999659,-44.90614621080776,-14.999469491662099,83.47746037606805
2296,1791618189.576554,1.5920774931066177,-1.892394157858456,-0.6788236730238961,2.564501505519371,68.76716881202877,-44.91807166262349,-15.002961535511249,83.49638029966732
2297,1791618189.596554,1.7166185087316177,-1.964244743795956,-0.6548734777113961,2.689590264307897,68.79665741025575,-44.94413810387579,-15.010900960972862,83.53611655077397
2298,1791618189.6070597,1.6112376493566178,-2.021725212545956,-0.5399125402113961,2.6410159311949926,68.81244592710348,-44.958917200938735,-15.015387250918,83.55787697546197
2299,1791618189.6270597,1.6447679227941177,-2.060045525045956,-0.5638627355238961,2.695735571161763,68.84287845557805,-44.988954961858546,-15.024302497868725,83.60070363434205
2300,1791618189.6670601,1.8507396024816178,-2.194166618795956,-0.7746244542738961,2.9731544313054825,68.90510100830241,-45.052782540558034,-15.043474103965755,83.68973815664533
2301,1791618189.68706,2.047131204044118,-2.5246793141084556,-0.9374857823988961,3.3828436851055255,68.93739207860354,-45.086987200282145,-15.054190102332948,83.73666509382073
2302,1791618189.7266157,2.047131204044118,-2.6875406422334556,-1.0237064855238962,3.5300985593509173,69.00382330929148,-45.159951996892104,-15.078023103587773,83.83493112285501
2303,1791618189.7466156,1.9992308134191177,-2.7785513844209557,-1.0907670323988963,3.592637521398502,69.03844332441383,-45.19950956787007,-15.091437637417096,83.88714926494002
2304,1791618189.727616,1.9944407743566177,-2.8408218922334556,-1.2775785558363961,3.6986849003587894,69.03844332441383,-45.19950956787007,-15.091437637417096,83.88714926494002
2305,1791618189.747616,2.1094017118566177,-2.9749429859834557,-1.4308598058363962,3.917552952519463,69.07470396961683,-45.24397824599439,-15.108211929522085,83.94397157462569
2306,1791618189.817371,1.9896507352941177,-3.075533806295956,-1.2248881261488962,3.862378692425986,69.2036463351902,-45.407463107206745,-15.171834564019825,84.1496698505491
2307,1791618189.8373709,1.8267894071691178,-3.0180533375459557,-0.9662260167738962,3.6577859699425184,69.24079559298953,-45.456446449703556,-15.190626733529715,84.21004357404378
2308,1791618189.817371,1.9752806181066178,-3.128224235983456,-0.9805961339613962,3.8274128558076894,69.24079559298953,-45.456446449703556,-15.190626733529715,84.21004357404378
2309,1791618189.8373709,2.320163430606618,-3.372516228170956,-1.5266605870863963,4.3689491416316235,69.27892672633709,-45.50942451248713,-15.210447153370502,84.2735730250974
2310,1791618189.8473701,2.1189817899816177,-4.0479117359834556,-0.9997562902113961,4.677091605731445,69.29846041649046,-45.53750349632475,-15.220764904617205,84.30665765558086
2311,1791618189.8673701,2.0854515165441176,-3.425206657858456,-0.34831097771139613,4.025229088398364,69.3379767090379,-45.596450850217806,-15.240328435372229,84.37451602858191
2312,1791618189.906901,2.320163430606618,-2.328287712545956,-0.6261332433363962,3.346061095605952,69.41742819427036,-45.71254385991427,-15.276085353077528,84.50902192645337
2313,1791618189.9269009,2.176462258731618,-2.175006462545956,-0.9039555089613962,3.2069887180938856,69.4583408014381,-45.769223956249014,-15.293757550184646,84.57648602566691
2314,1791618189.936902,2.3345335477941176,-2.242067009420956,-0.9279057042738962,3.367182851663101,69.4791143792234,-45.79662906569326,-15.302643187680133,84.6099843826446
2315,1791618189.956902,2.406384133731618,-2.380978142233456,-0.7746244542738961,3.4727200517789916,69.5215366218107,-45.85014675971516,-15.320300763711808,84.67698404900693
2316,1791618189.9668999,2.200412454044118,-2.122316032858456,-0.6213432042738961,3.119632620796536,69.54301655896799,-45.87626364180174,-15.328850373328022,84.71030853220212
2317,1791618189.9868999,1.9273802274816179,-1.801383415670956,-0.48243207146139616,2.6818869206429987,69.5857319724026,-45.926557413889995,-15.34504349041279,84.77554558803527
2318,1791618190.026428,2.0088108915441176,-1.3942300953584559,-0.5063822667738962,2.497122695602399,69.66916088218947,-46.020522042323876,-15.375178520698682,84.90039188142639
2319,1791618190.046428,2.1860423368566178,-1.303219353170956,-0.44411175896139615,2.5834854432445815,69.7113336811284,-46.064979866312605,-15.389564524550254,84.96170378435632
2320,1791618190.0564282,2.056711282169118,-1.331959587545956,-0.39621136833639614,2.482168626313758,69.7324396860519,-46.085851321431406,-15.396308978728237,84.99155938537906
2321,1791618190.0764282,1.8124192899816178,-1.537931267233456,-0.38663129021139614,2.408231720578878,69.77412272931402,-46.125636781385225,-15.40894854034448,85.04962237572038
2322,1791618190.0884535,1.7836790556066178,-1.810963493795956,-0.4393217198988961,2.5795548691288377,69.79866934840078,-46.14899063380498,-15.416153272299416,85.08373147107166
2323,1791618190.1084535,1.8555296415441178,-1.959454704733456,-0.46327191521139616,2.7380784974091874,69.83882917601545,-46.18766108727406,-15.427692333812233,85.1397427065429
2324,1791618190.1479487,1.8459495634191176,-1.9977750172334559,-0.48243207146139616,2.762494436871122,69.91720371689695,-46.26429321028202,-15.449862522120574,85.24962436157382
2325,1791618190.1679487,1.8794798368566177,-2.040885368795956,-0.5542826573988962,2.829290866985783,69.95652671260527,-46.3033360607989,-15.460960336106936,85.30507519816982
2326,1791618190.1769466,2.0088108915441176,-2.0169351734834557,-0.7171439855238961,2.935582427388832,69.97418828077568,-46.32100490427168,-15.466062285997063,85.33007443761751
2327,1791618190.1969466,2.1381419462316176,-2.055255485983456,-0.7650443761488962,3.062844918107555,70.01377713445014,-46.36049536019137,-15.477924804448186,85.38612694651826
2328,1791618190.2067673,2.056711282169118,-2.098365837545956,-0.6740336339613962,3.0145516791212725,70.03339046507465,-46.380037252086055,-15.483935940472879,85.41390933417793
2329,1791618190.2267673,2.0854515165441176,-2.069625603170956,-0.5830228917738961,2.9953921041308265,70.07355508289264,-46.420116949823715,-15.496227015757249,85.47083380495586
2330,1791618190.2670157,2.286633157169118,-1.925924431295956,-0.5686527745863962,3.0432288919127766,70.15545671034924,-46.50073669793655,-15.520728099744925,85.58621162567438
2331,1791618190.2870157,2.3249534696691176,-1.897184196920956,-0.5063822667738962,3.043212038829393,70.1969674227089,-46.54052325846095,-15.53268933773632,85.64402476868324
2332,1791618190.2990367,2.253102883731618,-1.767853142233456,-0.32436078239889615,2.8821844587643692,70.22230255218707,-46.56415436656014,-15.539549264464114,85.6788762703296
2333,1791618190.3190367,2.267473000919118,-1.729532829733456,-0.3099906652113961,2.8685905653371258,70.26491191551114,-46.60281914864489,-15.550201981554432,85.73674463590848
2334,1791618190.3265584,2.3153733915441177,-1.787013298483456,-0.4201615636488961,2.9548106895019712,70.28111811696533,-46.617162863932386,-15.554019225931004,85.75851532841423
2335,1791618190.3465583,2.3010032743566176,-1.945084587545956,-0.5255424230238962,3.058457938194757,70.32467106393997,-46.655179902516444,-15.564065311859906,85.81669593394616
2336,1791618190.3868253,2.233942727481618,-1.978614860983456,-0.5207523839613961,3.0292903332586114,70.41290099178178,-46.73208998109184,-15.58441750404959,85.93450371660882
2337,1791618190.4068253,2.277053079044118,-1.983404900045956,-0.5159623448988961,3.0635082607468473,70.45691653386586,-46.770503027468564,-15.59456489635016,85.99329912969418
2338,1791618190.4169643,2.224362649356618,-1.9977750172334559,-0.5973930089613961,3.048896951766471,70.47930614280332,-46.79008287955636,-15.599784105290455,86.02323938551966
2339,1791618190.4369643,2.1429319852941178,-1.978614860983456,-0.6309232823988962,2.984147859938272,70.52339760724387,-46.82887688424627,-15.610377595629942,86.0823861715476
2340,1791618190.4466217,2.1429319852941178,-2.012145134420956,-0.6261332433363962,3.00548305168761,70.54459873842764,-46.84768998555273,-15.615636069706014,86.11094331157757
2341,1791618190.4666216,2.1620921415441177,-1.9546646656709559,-0.6309232823988962,2.982183859526836,70.58837682286897,-46.8867570771084,-15.626778195008475,86.17008256031274
2342,1791618190.5072155,2.176462258731618,-1.921134392233456,-0.7123539464613962,2.989179396045756,70.67711346149304,-46.96595724157689,-15.650090705050323,86.2900970328733
2343,1791618190.5272155,2.123771829044118,-1.940294548483456,-0.7458842198988962,2.971782795934151,70.72072512406699,-47.00491699219923,-15.662040922578324,86.34919055427153
2344,1791618190.5374463,1.9657005399816179,-1.8780240406709559,-0.6165531652113961,2.7876676121364037,70.74282573462196,-47.02478685307225,-15.668282389080582,86.37923966162205
2345,1791618190.5574462,2.0423411649816177,-1.6768424000459559,-0.5494926183363962,2.6990553914983924,70.7855612899535,-47.06313591903103,-15.680402594261224,86.43731529371483
2346,1791618190.5664105,2.133351907169118,-1.7965933766084559,-0.48722211052389613,2.831311269655607,70.8046502276107,-47.080081534892614,-15.685717194495757,86.46313836018287
2347,1791618190.5864105,2.080661477481618,-1.830123650045956,-0.40579144646139614,2.8005662742300443,70.84717168397614,-47.11765743179152,-15.697135371815502,86.52049142463045
2348,1791618190.626724,1.9273802274816179,-1.820543571920956,-0.27646039177389614,2.665633843341876,70.93214310138521,-47.19307497461056,-15.718761212313655,86.6350662524381
2349,1791618190.646724,2.099821633731618,-1.772643181295956,-0.33873089958639613,2.7687999862787085,70.97401589894042,-47.23026793137878,-15.728803501748349,86.69143211003892
2350,1791618190.6572652,2.277053079044118,-1.7534830250459559,-0.6261332433363962,2.9413799962465865,70.9962352867316,-47.24971815038885,-15.734065274009051,86.72117446291256
2351,1791618190.6772652,2.1285618681066176,-1.739112907858456,-0.6261332433363962,2.819101305566791,71.03867730902049,-47.2863247571826,-15.74442942667326,86.77774623040389
2352,1791618190.71607,1.9513304227941177,-1.806173454733456,-0.6596635167738961,2.739545386166866,71.12054681971362,-47.35701458119449,-15.76526416009601,86.88706787558291
2353,1791618190.73607,1.8411595243566177,-1.7582730641084559,-0.6213432042738961,2.6205838928749783,71.16210176802288,-47.39332975508372,-15.776313157950673,86.94288061810626
2354,1791618190.7452319,2.0950315946691176,-1.648102165670956,-0.6357133214613961,2.7403520865455593,71.18098730592774,-47.40981095183435,-15.781479233806943,86.96825981438515
2355,1791618190.7652318,2.166882180606618,-1.648102165670956,-0.6261332433363962,2.7935035298940902,71.22242225953798,-47.445336091027116,-15.792957648340861,87.02362242856096
