imu_index,t_imu,ax,ay,az,mag,vx,vy,vz,velocity
0,1791285907.923858,-2.1464262794961733,0.6181105508609693,0.23476079201211789,2.245956156264764,0.0,0.0,0.0,0.0
1,1791285907.943858,-2.0458354591836736,0.4744093789859694,0.2778711435746179,2.1184237907828054,-0.009025077507384559,0.0024268685326737476,0.001068266894415882,0.009406535443343935
2,1791285907.9544208,-2.0314653419961735,0.41692891023596945,0.3401416513871179,2.101517902595773,-0.016306755289596783,0.0042224805157065354,0.0020374374491045812,0.016967343962427585
3,1791285907.9744208,-2.0602055763711733,0.3163380899234694,0.4742627451371179,2.137625307548613,-0.034163427876823506,0.008212247716804389,0.004818831272204553,0.03546550368579385
4,1791285907.9989889,-2.0362553810586737,0.1486867227359694,0.7089746591996179,2.1612701788058755,-0.06035653698663598,0.013234998474654727,0.009903248572380709,0.062579158462939
5,1791285908.0189888,-1.8973442482461735,0.20616719148596938,0.7664551279496179,2.056665643792961,-0.08438135948749896,0.01724279171185919,0.015634574431464907,0.0875326659746526
6,1791285908.0586674,-1.7105327248086735,0.3833986367984694,0.5940137216996179,1.850883307750043,-0.13563205826934724,0.025755782547076816,0.029348153889522874,0.1411408151518016
7,1791285908.0786674,-1.6482622169961734,0.38818867586096945,0.4646826670121179,1.7559580761126752,-0.16262821888783524,0.030560488740370775,0.0368116760203629,0.16951985294386065
8,1791285908.074193,-1.6147319435586733,0.46003926179846943,0.3928320810746179,1.7243295554696807,-0.16262821888783524,0.030560488740370775,0.0368116760203629,0.16951985294386065
9,1791285908.094193,-1.5189311623086734,0.48877949617346944,0.3066113779496179,1.624828547508977,-0.19099374869787225,0.03653660533381341,0.04434656520899788,0.1994496262639284
10,1791285908.1192074,-1.4806108498086734,0.42650898836096945,0.1772803232621179,1.550982501106889,-0.22677689405190704,0.04460704723229959,0.05326482367817341,0.23718071123108087
11,1791285908.1392074,-1.4518706154336734,0.34028828523596943,0.03836919044961788,1.491709286625363,-0.25549411976077613,0.05124197798939534,0.05964921640970491,0.26732193056105835
12,1791285908.1640868,-1.3656499123086734,0.3115480508609694,-0.11012202048788212,1.405058265831097,-0.29111645697046923,0.05947390692774464,0.06626604414619798,0.30442918015701936
13,1791285908.1840868,-1.3225395607461734,0.3642384805484694,-0.24903315330038214,1.3942015894029351,-0.3194892681561739,0.06611241376607323,0.07024855087677066,0.333735078499744
14,1791285908.1941457,-1.3991801857461734,0.4217189492984694,-0.32088373923788216,1.4961679178786673,-0.33367203331636996,0.06954333288839967,0.0715211292446807,0.3482650899747803
15,1791285908.2141457,-1.5668315529336734,0.3259181680484694,-0.12449213767538213,1.6052046784991636,-0.36209059213049166,0.0764632034529909,0.07300378383426033,0.37720786159069236
16,1791285908.2391295,-1.6961626076211735,0.06725605867346938,0.5317432138871179,1.7788315868669382,-0.3983800434025188,0.08454755939895522,0.07534119374344428,0.4141633062650527
17,1791285908.2591295,-1.6338920998086734,0.3259181680484694,0.6467041513871179,1.7871911776591218,-0.4280678430303045,0.09063822332051132,0.07869932567352367,0.4445795200240151
18,1791285908.284224,-1.5141411232461734,0.5175197305484694,0.4982129404496179,1.675907559098532,-0.46565528160192,0.09872144842617815,0.08443566759509308,0.4834357740438279
19,1791285908.304224,-1.6147319435586733,0.4217189492984694,0.4503125498246179,1.728579623354309,-0.4958117604889055,0.10560619208082678,0.08974447269305755,0.5148165110249235
20,1791285908.3145225,-1.6243120216836735,0.36902851961096944,0.5125830576371179,1.7427888521128954,-0.5115126318580162,0.10923031271307111,0.09281179161306596,0.5312160223752075
21,1791285908.3345225,-1.6434721779336734,0.45524922273596946,0.4934229013871179,1.7753080898979303,-0.5423321365959043,0.11644915749929859,0.09938410152447406,0.5635261771229461
22,1791285908.359502,-1.8015434669961734,0.6372707071109693,0.4646826670121179,1.9666221799419943,-0.5815052909987093,0.12615972861297559,0.10815646827521096,0.6047830207710531
23,1791285908.379502,-1.7392729591836735,0.7330714883609694,0.3449316904496179,1.9187084470215192,-0.613475993504296,0.1348238168860645,0.11534096599894846,0.638618661364809
24,1791285908.404106,-1.5907817482461735,0.6995412149234693,0.22518071388711788,1.7523272627669944,-0.6530515283991601,0.14652712857956246,0.12390556090619345,0.6806607717341504
25,1791285908.424106,-1.5955717873086734,0.6851710977359694,0.2395508310746179,1.7529099698206545,-0.6851757024075074,0.1566905782997356,0.13052034978654245,0.714879879564342
26,1791285908.4342268,-1.6626323341836735,0.7187013711734693,0.23476079201211789,1.826469427355912,-0.7014666980234275,0.1621278880860587,0.13372565083287397,0.7322728523042568
27,1791285908.4542267,-1.6147319435586733,0.6420607461734694,0.22997075294961788,1.752851333838046,-0.7337466617659039,0.1733020574291606,0.1398066791942685,0.7667878939505481
28,1791285908.4792619,-1.5524614357461735,0.5462599649234694,0.22518071388711788,1.6610968703431994,-0.7740392038981541,0.18742254654529417,0.1471314691105727,0.8098836764174511
29,1791285908.4992619,-1.5380913185586735,0.4839894571109694,0.20602055763711788,1.6255507279040047,-0.8060354701199924,0.19855636401668147,0.1527521309589106,0.8440681384198614
30,1791285908.5245185,-1.5620415138711734,0.41692891023596945,0.21560063576211788,1.6310386388398437,-0.8462529358885952,0.21221405469184365,0.1595840490234922,0.8869306090171609
31,1791285908.5445185,-1.5333012794961733,0.3354982461734694,0.22997075294961788,1.5863349060341232,-0.8779659135877899,0.22253554729608885,0.16485090016350912,0.9206095994052699
32,1791285908.5693517,-1.5141411232461734,0.3115480508609694,0.1916504404496179,1.5576955480532728,-0.9171120057381432,0.23463409292435108,0.17119486395314612,0.9620058576097181
33,1791285908.5893517,-1.5237212013711734,0.24448750398596938,0.1293799326371179,1.5486250695641235,-0.9484669066250458,0.24375040710972623,0.17601927551112098,0.9949806627671216
34,1791285908.59875,-1.4901909279336734,0.22053730867346938,0.09584965919961788,1.5094677417492042,-0.9631156098444917,0.2477195703832023,0.17810507494293917,1.010286138278357
35,1791285908.61875,-1.4854008888711734,0.24448750398596938,0.11979985451211789,1.510146332447848,-0.9940756435040111,0.25559655000660264,0.18220135371138185,1.0424554257508816
36,1791285908.6444914,-1.4854008888711734,0.33070820711096943,0.1820703623246179,1.53262302466942,-1.0336815972444624,0.2653245013253194,0.18726550596863742,1.083495779969208
37,1791285908.6644914,-1.5428813576211735,0.37860859773596944,0.2539209482621179,1.6088204380666244,-1.0643804092555316,0.2728129671280588,0.19126393788043913,1.115309134085129
38,1791285908.6891093,-1.5955717873086734,0.49835957429846944,0.27308110451211787,1.693748766314504,-1.102294077385126,0.2822670500425256,0.19642037270379217,1.154689518178429
39,1791285908.7091093,-1.5476713966836735,0.5797902383609694,0.2682910654496179,1.6743427272848155,-1.1331903532862977,0.2904128231146962,0.20079322421705945,1.1869195016942196
40,1791285908.7185907,-1.5237212013711734,0.5702101602359695,0.2395508310746179,1.644460558059354,-1.1478244420682653,0.29451302691937375,0.20291644359876473,1.202253698649876
41,1791285908.7385907,-1.5428813576211735,0.5127296914859695,0.23476079201211789,1.6427072927616806,-1.1786629226864471,0.30348900530232764,0.207434793373788,1.2346582746481636
42,1791285908.7642655,-1.5716215919961734,0.4744093789859694,0.29224126076211787,1.6674722311901544,-1.2183106060467328,0.31518426771025954,0.2133799315063898,1.2763827210471324
43,1791285908.7842655,-1.6051518654336734,0.46961933992346944,0.2970312998246179,1.6986119123009995,-1.249327551408833,0.324344054934419,0.21820027419325008,1.309056819369771
44,1791285908.808639,-1.5907817482461735,0.45045918367346943,0.23476079201211789,1.6699139726869396,-1.2872994769783555,0.3355143765302102,0.22416567567262527,1.3490589647739522
45,1791285908.828639,-1.5285112404336734,0.36902851961096944,0.1293799326371179,1.5777413689789388,-1.3184629664947032,0.34453465218113616,0.22887261810041556,1.3818217670480257
46,1791285908.8387406,-1.5285112404336734,0.3259181680484694,0.1341699716996179,1.5686206825431168,-1.3341580204628756,0.3489337092632461,0.23109305631461421,1.3982619059755779
47,1791285908.8587406,-1.5572514748086734,0.4025587930484694,0.1820703623246179,1.6187141052364518,-1.3651999812430473,0.35742962900234676,0.23530420807491348,1.4306973819828337
48,1791285908.8847764,-1.5093510841836735,0.44566914461096946,0.20123051857461788,1.5865860844563442,-1.4055366976304189,0.36848687170808586,0.24071240538633218,1.4728402646295045
49,1791285908.9047763,-1.4997710060586735,0.38818867586096945,0.20123051857461788,1.5622090898105632,-1.4363881076587994,0.3769574488465768,0.24484736167022478,1.5050773882367035
50,1791285908.9295623,-1.5189311623086734,0.3642384805484694,0.1868604013871179,1.573130114183563,-1.4744987776844753,0.3872791282482939,0.24992459013893192,1.5448605339401622
51,1791285908.9495623,-1.4806108498086734,0.39776875398596945,0.1868604013871179,1.5444563055733456,-1.5051370717514005,0.3955014737021149,0.25396749217465175,1.5768191105965221
52,1791285908.959455,-1.4566606544961733,0.4217189492984694,0.1916504404496179,1.5285408159022638,-1.5201979598710862,0.3995664996801681,0.2559481280032338,1.5925340401671904
53,1791285908.979455,-1.5189311623086734,0.3929787149234694,0.2395508310746179,1.5871259392007362,-1.550542528399487,0.4077740354266964,0.25999852687758673,1.6242108946568983
54,1791285909.004319,-1.5859917091836735,0.3738185586734694,0.2778711435746179,1.6529738016192288,-1.588398268206464,0.4178770175077609,0.2652435481721128,1.6637260591964673
55,1791285909.024319,-1.5907817482461735,0.38818867586096945,0.28266118263711787,1.6616781766604685,-1.6190461474957363,0.4259276374378298,0.2696704714348289,1.6957142870242143
56,1791285909.0488982,-1.5428813576211735,0.40734883211096945,0.23476079201211789,1.6129254738466012,-1.6568382961302424,0.4358040122980516,0.2752487667293513,1.7351657443151862
57,1791285909.0688982,-1.5524614357461735,0.36902851961096944,0.20602055763711788,1.60896333952469,-1.6876198153285205,0.4437994594698351,0.27976810256912116,1.7672828841275845
58,1791285909.0789623,-1.6051518654336734,0.37860859773596944,0.22518071388711788,1.664500926792025,-1.7031692590196068,0.4477836414008286,0.2820266135229216,1.7834894799551775
59,1791285909.0989623,-1.5668315529336734,0.4025587930484694,0.21081059669961788,1.6313968875813256,-1.7341928303499075,0.45568533836668934,0.28649560110622563,1.8158066058621454
60,1791285909.1245816,-1.5237212013711734,0.4025587930484694,0.1820703623246179,1.5864833747019444,-1.7739102411569239,0.4658358528972249,0.29211642313177616,1.8571732795270353
61,1791285909.1445816,-1.5189311623086734,0.3833986367984694,0.1772803232621179,1.5765705514017516,-1.804829196639865,0.4737502879188117,0.29638521492007647,1.8893628449744844
62,1791285909.1694798,-1.5764116310586735,0.4025587930484694,0.22518071388711788,1.6425083154445275,-1.8433271221161296,0.4835928465376393,0.30165390240892603,1.9294330766289467
63,1791285909.1894798,-1.5572514748086734,0.44087910554846943,0.2443408701371179,1.63679840002438,-1.874313115926423,0.49157827624946543,0.30595552351335226,1.9617103865205336
64,1791285909.2141588,-1.5189311623086734,0.45045918367346943,0.22039067482461788,1.5995741313042657,-1.9125067379900214,0.5016036402811925,0.31132748675430444,2.0015526570163793
65,1791285909.2341588,-1.4949809669961733,0.38818867586096945,0.20123051857461788,1.5576110751254035,-1.943337111522367,0.509767539072542,0.31566037134396024,2.033731433338527
66,1791285909.2437346,-1.5237212013711734,0.3738185586734694,0.21560063576211788,1.5836509238016285,-1.9580522607912068,0.5136372962485665,0.3177231048863297,2.0490826970783056
67,1791285909.2637346,-1.5333012794961733,0.4025587930484694,0.22518071388711788,1.6011785501535907,-1.9887615766106452,0.521671836339763,0.32204624461122694,2.0811121779234183
68,1791285909.289418,-1.5045610451211735,0.4217189492984694,0.1916504404496179,1.5742556025048968,-2.0281338954741384,0.5320296730886814,0.3275680722444066,2.122188378295355
69,1791285909.309418,-1.4901909279336734,0.3929787149234694,0.1820703623246179,1.551854016625192,-2.0586867705992824,0.5401076267546938,0.3317835805801342,2.1540630938442042
70,1791285909.3488755,-1.5045610451211735,0.3259181680484694,0.20123051857461788,1.5525528372219728,-2.118784770150238,0.5557813777876524,0.3399870771548521,2.216694172579618
71,1791285909.3688755,-1.5380913185586735,0.34028828523596943,0.21081059669961788,1.5893275713254473,-2.1492415017453474,0.5635336006899145,0.34413955116797473,2.2483863508323543
72,1791285909.3644512,-1.5428813576211735,0.4121388711734694,0.2443408701371179,1.6155629958768123,-2.1492415017453474,0.5635336006899145,0.34413955116797473,2.2483863508323543
73,1791285909.3844512,-1.5093510841836735,0.45524922273596946,0.22518071388711788,1.592513392105337,-2.1797530710351354,0.5713950063463742,0.34842431291361853,2.280178766192248
74,1791285909.408756,-1.5045610451211735,0.3929787149234694,0.22997075294961788,1.5719487129328467,-2.2167641902084254,0.5810617118520737,0.35367997076435986,2.3187853953504964
75,1791285909.428756,-1.5668315529336734,0.39776875398596945,0.2395508310746179,1.634186555318773,-2.24725861782386,0.5890091871001826,0.3580603103967502,2.3505978609182474
76,1791285909.454036,-1.5333012794961733,0.43608906648596946,0.21081059669961788,1.607988680088904,-2.28589971208376,0.5991289565889201,0.36362043678458833,2.3909230063670726
77,1791285909.474036,-1.5141411232461734,0.36902851961096944,0.1868604013871179,1.5696248593208513,-2.3164557608724126,0.6071418503902792,0.3679559483700496,2.4228041808027374
78,1791285909.4840176,-1.5141411232461734,0.34028828523596943,0.1820703623246179,1.5625521031348164,-2.3316852809738853,0.6110720888526125,0.37007134795718605,2.4386713902991954
79,1791285909.5040176,-1.5141411232461734,0.35944844148596944,0.23476079201211789,1.5738294547561478,-2.362165501443517,0.618815386776893,0.37429938748804187,2.470396399486459
80,1791285909.5288553,-1.5141411232461734,0.3929787149234694,0.2395508310746179,1.5825423255498177,-2.399981738083485,0.6283908917402657,0.37964608747764184,2.5097646518535224
81,1791285909.5488553,-1.5141411232461734,0.4121388711734694,0.23476079201211789,1.586692919157164,-2.430407172592624,0.6361524434274934,0.38401705953751064,2.5414637628509045
82,1791285909.5745978,-1.4949809669961733,0.3450783242984694,0.1916504404496179,1.5462137733528265,-2.469504062339597,0.6461059873507401,0.38962242694669147,2.5821907165006377
83,1791285909.5945978,-1.4949809669961733,0.32112812898596943,0.19644047951211788,1.5416485425990563,-2.4998080044024267,0.6536784681751728,0.39390626388762123,2.6137134011517382
84,1791285909.6046338,-1.4614506935586735,0.34028828523596943,0.1916504404496179,1.5127339944935783,-2.514958850670798,0.6574062065419168,0.39602556487671137,2.6294556830270275
85,1791285909.6246338,-1.4375004982461734,0.37860859773596944,0.20123051857461788,1.5000819558755458,-2.5449713182242957,0.6647989733575309,0.40020477339410676,2.6606391236334486
86,1791285909.649286,-1.4614506935586735,0.40734883211096945,0.20123051857461788,1.530445988047637,-2.5817759437316243,0.673997703702904,0.40532753676233896,2.698912807092132
87,1791285909.669286,-1.4901909279336734,0.3738185586734694,0.21081059669961788,1.5507580159990733,-2.611583568993524,0.6815128224632748,0.40947821333263784,2.729926898693974
88,1791285909.6946154,-1.4806108498086734,0.33070820711096943,0.22997075294961788,1.5344259363142714,-2.6493150679179753,0.690941226704979,0.41478376320566823,2.769172381430391
89,1791285909.7146153,-1.4375004982461734,0.34028828523596943,0.22997075294961788,1.495021854936926,-2.6790160086717085,0.6982756645577157,0.41903453431344784,2.8000545743574534
90,1791285909.7240012,-1.4758208107461734,0.3450783242984694,0.22039067482461788,1.5315672250612387,-2.6929144459597842,0.7016838112697572,0.421047184009448,2.814503351467045
91,1791285909.7440012,-1.4806108498086734,0.30196797273596937,0.20123051857461788,1.5244300137216016,-2.722522500042536,0.7088273527320993,0.42532500759458575,2.845253300025217
92,1791285909.7688622,-1.4758208107461734,0.3115480508609694,0.22997075294961788,1.5257771136830491,-2.759318810388277,0.7175191529325217,0.4306489561765978,2.8834237558228537
93,1791285909.7888622,-1.4614506935586735,0.37860859773596944,0.2539209482621179,1.5309011881728545,-2.788885979290101,0.7244978278087729,0.43501530167334557,2.914107139531848
94,1791285909.8138847,-1.4662407326211735,0.4312990274234694,0.2395508310746179,1.5470182085943416,-2.8258237716545977,0.7334392962157604,0.44058481732409166,2.9525121796426492
95,1791285909.8338847,-1.4566606544961733,0.3833986367984694,0.23476079201211789,1.5244564298537042,-2.8553032020940954,0.740736065382034,0.44508014462023865,2.983210121594123
96,1791285909.8587203,-1.4087602638711734,0.35944844148596944,0.19644047951211788,1.467105151357605,-2.891756467667238,0.7498215814862392,0.4506282082129796,3.021184147713454
97,1791285909.8787203,-1.4135503029336733,0.3738185586734694,0.20123051857461788,1.4759263177199595,-2.920942226159388,0.7571405257817232,0.4550223692095838,3.051591489833311
98,1791285909.8890822,-1.4758208107461734,0.40734883211096945,0.2395508310746179,1.5496337428961087,-2.936040552097855,0.760970733059602,0.4573000270590943,3.0673333524226862
99,1791285909.9090822,-1.4470805763711734,0.35944844148596944,0.1868604013871179,1.5027182657451046,-2.9651955551645206,0.7684048525999738,0.46167642030268863,3.097737208823583
100,1791285909.9337242,-1.4231303810586735,0.2875978555484694,0.1868604013871179,1.4638747957441025,-3.0010337484699883,0.7773863371180085,0.4669504457748074,3.1350559477308972
101,1791285909.9537241,-1.4087602638711734,0.30675801179846945,0.1868604013871179,1.4538303781636572,-3.030005585582731,0.7844740046786676,0.4711494641319708,3.1651722117810555
102,1791285909.9786215,-1.4327104591836735,0.34028828523596943,0.1868604013871179,1.4843760259885914,-3.0659676614877784,0.7931819635768823,0.4762904532608483,3.2025221192834783
103,1791285909.9986215,-1.4470805763711734,0.2971779336734694,0.21560063576211788,1.4929301902346908,-3.094842367952345,0.8000839850478727,0.48040442857301463,3.232486980731017
104,1791285910.0081742,-1.4854008888711734,0.2875978555484694,0.2539209482621179,1.5341460735998,-3.1086662225711277,0.8033051075705748,0.48241105550190727,3.2468177044105944
105,1791285910.0281742,-1.4518706154336734,0.30675801179846945,0.2491309091996179,1.5046909887684354,-3.1376730113489115,0.8099289394543617,0.4867366191802419,3.276871884826141
106,1791285910.0545797,-1.4470805763711734,0.24927754304846939,0.21560063576211788,1.4841378379786825,-3.175966664623691,0.818463637560668,0.4925112934587426,3.3165063477995
107,1791285910.0745797,-1.4997710060586735,0.30675801179846945,0.22039067482461788,1.5466045383246638,-3.205040501918395,0.824792353289886,0.49688303171327186,3.346559396183991
108,1791285910.0991051,-1.5045610451211735,0.3259181680484694,0.2395508310746179,1.5579830523560672,-3.2408712383155716,0.8325527156694069,0.5022858473895928,3.3835900283866382
109,1791285910.119105,-1.5093510841836735,0.32112812898596943,0.22518071388711788,1.559477580620886,-3.270228469355699,0.8389024426637234,0.5067279497918916,3.413930984245577
110,1791285910.1281688,-1.5189311623086734,0.30675801179846945,0.21560063576211788,1.5645242049185295,-3.283595687044911,0.8417752353031356,0.5087387193112227,3.4277399649442506
111,1791285910.1481688,-1.5428813576211735,0.30675801179846945,0.19644047951211788,1.5852987805106193,-3.313260057053424,0.8480837402803145,0.5131281950652069,3.458357815606185
112,1791285910.1734254,-1.5333012794961733,0.2780177774234694,0.21560063576211788,1.5731466341092037,-3.3509290792700757,0.8559630498239922,0.5186204011384699,3.49719395479273
113,1791285910.1934254,-1.5380913185586735,0.3546584024234694,0.21081059669961788,1.5924661987985729,-3.3808908002265334,0.8622155464549326,0.5229567655303894,3.528076250624268
114,1791285910.2189403,-1.5812016701211735,0.40734883211096945,0.2539209482621179,1.6524550343602369,-3.4193498643967457,0.8704538268930586,0.5285483564321607,3.56777335672965
115,1791285910.2389402,-1.5812016701211735,0.42650898836096945,0.2539209482621179,1.6572822592162806,-3.4497179030420058,0.8771935995442581,0.5330356739783783,3.599187304292947
116,1791285910.2489817,-1.5380913185586735,0.4217189492984694,0.2443408701371179,1.6134665280824168,-3.465027034331513,0.8807086953529607,0.5353259418373597,3.6150565719947743
117,1791285910.2689817,-1.5668315529336734,0.4217189492984694,0.23476079201211789,1.6394879130179973,-3.495602416886034,0.8879248263239261,0.5399219637849705,3.646801678336687
118,1791285910.2937229,-1.5524614357461735,0.4025587930484694,0.22518071388711788,1.619535873405224,-3.5335405800320028,0.8970421140013434,0.5456081466732194,3.6862286736909153
119,1791285910.3137228,-1.4949809669961733,0.3833986367984694,0.1772803232621179,1.5535092273287787,-3.5641795479400664,0.9044856567675396,0.5501188883711295,3.7180775872210026
120,1791285910.3384318,-1.5524614357461735,0.3163380899234694,0.1581201670121179,1.5922337403256592,-3.6020019776681385,0.9135990999451072,0.5554773221733821,3.7573443571217426
121,1791285910.3584318,-1.5285112404336734,0.28280781648596937,0.1772803232621179,1.5645303404579822,-3.632645571946623,0.9207679410719494,0.5596670685230138,3.7890836201222093
122,1791285910.3682816,-1.5189311623086734,0.2684376992984694,0.2539209482621179,1.5632295168027521,-3.6477247304562646,0.9241761588897586,0.5617395078336648,3.8046745664384574
123,1791285910.3882816,-1.5285112404336734,0.2636476602359694,0.2874512216996179,1.5774932347672972,-3.678321371925187,0.930856611244396,0.566128438148658,3.8362799108432677
124,1791285910.4132354,-1.4901909279336734,0.30196797273596937,0.28266118263711787,1.5465286943422383,-3.7164199290616997,0.9390000647728426,0.5718500583688075,3.875630361634966
125,1791285910.4332354,-1.5189311623086734,0.2684376992984694,0.21560063576211788,1.557464063270181,-3.7468885229478994,0.9454034585354354,0.5764953451585296,3.907084358674497
126,1791285910.4591389,-1.5716215919961734,0.2875978555484694,0.1916504404496179,1.6091727210803684,-3.7864355459227723,0.953533186973762,0.582400524222819,3.9478487879733737
127,1791285910.4791389,-1.5859917091836735,0.3115480508609694,0.21081059669961788,1.6299917169346194,-3.8171259714441477,0.9597673016260913,0.5868796795353711,3.9794511824365424
128,1791285910.4883673,-1.5285112404336734,0.36902851961096944,0.22997075294961788,1.5891555014002139,-3.8313187280615955,0.9626834362940497,0.5889415304535863,3.994072448116515
129,1791285910.5083673,-1.4375004982461734,0.3738185586734694,0.19644047951211788,1.49824459260084,-3.861912561339625,0.969169587984948,0.5933793320904531,4.025637508949335
130,1791285910.5339808,-1.4614506935586735,0.36902851961096944,0.22039067482461788,1.5233490169816772,-3.900785228771304,0.9776572830770759,0.5990109591206594,4.0658029088115795
131,1791285910.5539808,-1.5380913185586735,0.36902851961096944,0.27308110451211787,1.605141813720327,-3.931084741286593,0.9843977412983429,0.6034889369813236,4.097153286528148
132,1791285910.57916,-1.5428813576211735,0.3929787149234694,0.27308110451211787,1.6153911116876356,-3.969326917981434,0.9930498073448116,0.6093122797785927,4.136782029061785
133,1791285910.59916,-1.4518706154336734,0.4025587930484694,0.2682910654496179,1.530347006930286,-3.9996386758651528,1.0000846518310897,0.6140560324158344,4.168254269985306
134,1791285910.6235642,-1.4327104591836735,0.3929787149234694,0.28266118263711787,1.5122793638765981,-4.036357232839915,1.0088371637989495,0.6199845927338301,4.206460867450016
135,1791285910.6435642,-1.4854008888711734,0.3642384805484694,0.3018213388871179,1.5589039713783341,-4.066312478121267,1.016069973005628,0.6249911404068031,4.237677345593382
136,1791285910.6542063,-1.5045610451211735,0.30675801179846945,0.3305615732621179,1.5706926402120163,-4.0822473146796225,1.0198768415807278,0.6277602788537685,4.254288997929999
137,1791285910.6742063,-1.4710307716836735,0.24927754304846939,0.3209814951371179,1.5261389009290751,-4.11216556069423,1.0267921184812625,0.6331611106621045,4.285452210116197
138,1791285910.6985774,-1.4470805763711734,0.1870070352359694,0.3209814951371179,1.4940023246163088,-4.148487953319485,1.0347522443025985,0.6399285589223314,4.323213280240817
139,1791285910.7185774,-1.5859917091836735,0.2732277383609694,0.4551025888871179,1.672465684258113,-4.178374078575064,1.0409951456720783,0.6458132869517078,4.354257185264119
140,1791285910.74365,-1.7296928810586734,0.44087910554846943,0.5988037607621179,1.8827580281058764,-4.21645525462387,1.048990327742942,0.6540657783619472,4.393936465672633
141,1791285910.76365,-1.6482622169961734,0.4025587930484694,0.5221631357621179,1.7752397748435869,-4.247342401756807,1.055676464981416,0.6613426724187235,4.4262562518271436
142,1791285910.7739196,-1.5476713966836735,0.3450783242984694,0.2491309091996179,1.605126789986405,-4.26328499407317,1.0591705451595106,0.665112815546598,4.442951298610788
143,1791285910.7939196,-1.5045610451211735,0.32112812898596943,0.1293799326371179,1.5438802999880956,-4.294254113644566,1.0659538244567581,0.6719215361933928,4.475304961589518
144,1791285910.8190014,-1.4949809669961733,0.3354982461734694,0.1485400888871179,1.539347693951201,-4.332909154691299,1.0744198751525893,0.6797023070264396,4.515581362029438
145,1791285910.8390014,-1.4901909279336734,0.30196797273596937,0.1724902841996179,1.5302308833628206,-4.363586509571906,1.0811141906912256,0.6854575004836522,4.547477004318018
146,1791285910.8635836,-1.5955717873086734,0.2540675821109694,0.22039067482461788,1.630635371346016,-4.401325539514028,1.089133166204206,0.6921945336854756,4.586612129989684
147,1791285910.8835835,-1.6434721779336734,0.3115480508609694,0.20123051857461788,1.6848016824668506,-4.432282833439489,1.0955271764775358,0.6974860148903148,4.61863590803289
148,1791285910.8936338,-1.5812016701211735,0.3163380899234694,0.1916504404496179,1.6238837396978116,-4.447936540381607,1.0987315845242653,0.7000423504663479,4.63480418729201
149,1791285910.9136338,-1.5859917091836735,0.1726369180484694,0.2443408701371179,1.613962721964788,-4.479165426016281,1.1048852728252514,0.7050203547240721,4.666984902514791
150,1791285910.939238,-1.5668315529336734,0.05767598054846939,0.2682910654496179,1.5906815299741384,-4.519202549284299,1.1120238772257927,0.7114217439039728,4.708068572427271
151,1791285910.959238,-1.5668315529336734,0.028935746173469386,0.3161914560746179,1.5986792766436142,-4.550485755156982,1.1168934831551045,0.716548680020902,4.740022539127915
152,1791285910.9833915,-1.5907817482461735,0.08641621492346938,0.3401416513871179,1.6290336631767948,-4.588318750116718,1.122101209327124,0.7230005546087734,4.778546837544928
153,1791285911.0033915,-1.5812016701211735,0.12473652742346938,0.28266118263711787,1.611103741860675,-4.619704790069277,1.126083302032654,0.72847579322732,4.810448308819456
154,1791285911.0139444,-1.5285112404336734,0.024145707110969385,0.2539209482621179,1.5496468872844256,-4.636242597780874,1.1279870977554558,0.7313561132260785,4.827212661830207
155,1791285911.0339444,-1.5333012794961733,-0.06207499601403062,0.2539209482621179,1.5554234043504287,-4.667476606226284,1.1309970905241051,0.7367578768107388,4.85873486182219
156,1791285911.0585072,-1.4854008888711734,-0.07165507413903062,0.2395508310746179,1.506298393738001,-4.705643550967617,1.1338929274973224,0.7433059739899978,4.897070366123075
157,1791285911.0785072,-1.4470805763711734,-0.018964644451530614,0.20123051857461788,1.461128185292348,-4.736457681666464,1.1357612121475802,0.7484990954924707,4.927903793418581
158,1791285911.1042128,-1.4279204201211735,0.004985550860969386,0.1724902841996179,1.4383095911728048,-4.775664517018739,1.1377753401960256,0.7548930216532856,4.967028062937719
159,1791285911.1242127,-1.4135503029336733,0.024145707110969385,0.1820703623246179,1.4254322470509728,-4.805855551243196,1.1391510493737917,0.7596533859705227,4.997097753648705
160,1791285911.133484,-1.3896001076211735,0.07204609773596939,0.1389600107621179,1.3983879947606692,-4.819700675312662,1.1397599974635528,0.7617523078476884,5.010871583860309
161,1791285911.1534839,-1.3800200294961735,0.11036641023596938,0.08626958107461788,1.3871115553328017,-4.849242137148544,1.1411502102797206,0.7659388284677874,5.040241600962502
162,1791285911.179145,-1.4039702248086734,0.12473652742346938,0.06231938576211788,1.4108774926494327,-4.886818199554394,1.1431188582841678,0.7707906349252314,5.07758121969008
163,1791285911.199145,-1.3848100685586735,0.12952656648596939,0.028789112324617883,1.3911523534090584,-4.915894656370576,1.1448044372806327,0.7741415094420936,5.106455967575898
164,1791285911.2236376,-1.3464897560586735,0.09599629304846938,0.00962895607461788,1.3499417277220083,-4.951178508033257,1.1469732823993968,0.7777001146799578,5.141452498790755
165,1791285911.2436376,-1.3129594826211735,0.08162617586096939,-0.00474116111288212,1.3155029130333553,-4.9796578220919,1.1487450880453012,0.7801774361943364,5.16965029130366
166,1791285911.2835932,-1.3273295998086734,0.06725605867346938,-0.01911127830038212,1.3291698480310246,-5.0359310592619035,1.1521999694244505,0.7843127358410394,5.225257206184485
167,1791285911.3035932,-1.3800200294961735,0.05767598054846939,0.00483891701211788,1.3812332227617092,-5.063934749610015,1.153857321551733,0.7860507802824135,5.252875183743563
168,1791285911.2985349,-1.4518706154336734,0.05288594148596939,0.08147954201211788,1.4551165322863715,-5.063934749610015,1.153857321551733,0.7860507802824135,5.252875183743563
169,1791285911.3185349,-1.4566606544961733,0.08641621492346938,0.1293799326371179,1.4649461394631902,-5.092140865759624,1.1554046778151932,0.7877328622319415,5.280661097674847
170,1791285911.3437476,-1.3991801857461734,0.12952656648596939,0.1485400888871179,1.4129920316891151,-5.127765220081675,1.157471075988497,0.7900608211596492,5.315817109829936
171,1791285911.3637476,-1.3943901466836734,0.1678468789859694,0.1629102060746179,1.4138727634398796,-5.15597568410097,1.1593104274153836,0.7920976480546033,5.343735080092213
172,1791285911.3888466,-1.4327104591836735,0.1486867227359694,0.1868604013871179,1.452475063806195,-5.191389886343001,1.1618683339964724,0.7949287699953463,5.37888266528788
173,1791285911.4088466,-1.4231303810586735,0.1726369180484694,0.22039067482461788,1.4504053352477473,-5.219660253606904,1.1640828303612287,0.7974572105579064,5.407021361313111
174,1791285911.4185908,-1.4518706154336734,0.23011738679846938,0.28266118263711787,1.4969233914387616,-5.233468877114609,1.1652942521190317,0.7988719439536318,5.420821299820273
175,1791285911.4385908,-1.5189311623086734,0.1917970742984694,0.3401416513871179,1.5683221405534598,-5.26201603865434,1.1680406080796168,0.8022743361267767,5.449474815391495
176,1791285911.4635658,-1.5476713966836735,0.1917970742984694,0.3880420420121179,1.607062380927131,-5.29806131388641,1.1716742247896583,0.8072497575290346,5.485793137347318
177,1791285911.4835658,-1.5668315529336734,0.2540675821109694,0.42157231544961793,1.6423259934318195,-5.327268302601886,1.1748163453910165,0.8118508395758219,5.5153497440347925
178,1791285911.5086613,-1.5716215919961734,0.2780177774234694,0.4167822763871179,1.6495441124451626,-5.364326325568882,1.1791690694660986,0.8183360785331757,5.553027152734439
179,1791285911.5286613,-1.6051518654336734,0.22532734773596938,0.4167822763871179,1.6736165602232058,-5.394195054501179,1.1828726767547033,0.8239796070339246,5.583499838651883
180,1791285911.538431,-1.6434721779336734,0.20616719148596938,0.4646826670121179,1.7203010467673263,-5.408977251534647,1.184726625098796,0.8269687383440079,5.598614951756868
181,1791285911.558431,-1.6482622169961734,0.23490742586096938,0.4694727060746179,1.7298423212682685,-5.43963699677694,1.1886142476727097,0.8335712861401392,5.630035130934116
182,1791285911.5833972,-1.5955717873086734,0.21574726961096938,0.4167822763871179,1.6631607495099237,-5.478242991780247,1.1935831091127844,0.8422365105890723,5.669669236835425
183,1791285911.6033971,-1.5620415138711734,0.1343166055484694,0.4407324716996179,1.6285759893825849,-5.509266957563771,1.197491595923166,0.8494230962922331,5.701537347814646
184,1791285911.628886,-1.5428813576211735,0.12473652742346938,0.5030029795121179,1.6275914973870715,-5.548810084909929,1.2022207935321527,0.859012266580473,5.742171215571243
185,1791285911.648886,-1.4854008888711734,0.21095723054846938,0.4503125498246179,1.566429106697619,-5.57972609211204,1.205878507838945,0.8668378082340572,5.773984241790741
186,1791285911.659009,-1.4087602638711734,0.2588576211734694,0.4072021982621179,1.4891025415905603,-5.5952243629095015,1.207808856557891,0.8708556270364655,5.78996782619876
187,1791285911.679009,-1.4231303810586735,0.34986836336096944,0.4455225107621179,1.5317304791538457,-5.625499061980005,1.2119636566152419,0.8788819969860125,5.821299611420136
188,1791285911.703577,-1.4135503029336733,0.46961933992346944,0.4646826670121179,1.5603194430550205,-5.662337105549247,1.2178118609844195,0.8889398360783437,5.859636614825287
189,1791285911.723577,-1.3081694435586735,0.5606300821109694,0.42157231544961793,1.4843640386313306,-5.691909915776844,1.2234039225103677,0.8972287800676982,5.8906345270025255
190,1791285911.7485774,-1.3081694435586735,0.5510500039859695,0.4646826670121179,1.493617548428995,-5.728237177037335,1.2314300008677193,0.9076976593202752,5.928999582068229
191,1791285911.7685773,-1.3464897560586735,0.5893703164859695,0.5125830576371179,1.5566417134659905,-5.756921346328457,1.2385982849275834,0.9162822925665783,5.959516955165818
192,1791285911.779315,-1.2937993263711733,0.6276906289859694,0.4263623545121179,1.499899023261373,-5.772137681253409,1.2428496664467286,0.9209560530830494,5.975818668303326
193,1791285911.799315,-1.2506889748086734,0.6181105508609693,0.3880420420121179,1.4480539324080977,-5.800045087747773,1.251449202893228,0.9295772102920689,6.005893931566187
194,1791285911.824245,-1.2650590919961735,0.5989503946109694,0.3736719248246179,1.4487052111623517,-5.834317531179999,1.262836235278233,0.9401357654138844,6.043001875655537
195,1791285911.844245,-1.2842192482461734,0.5989503946109694,0.3114014170121179,1.4508382043797157,-5.86151212196196,1.272398001056661,0.9483633449116732,6.072537695475594
196,1791285911.8684628,-1.2746391701211734,0.38818867586096945,0.27308110451211787,1.3601355637271768,-5.894150161398861,1.2840325164073485,0.9578932760438491,6.107970625060309
197,1791285911.8884628,-1.2123686623086734,0.23490742586096938,0.2539209482621179,1.2607518074700834,-5.920791302801793,1.2931341365580544,0.9653734190605311,6.1367671769991174
198,1791285911.8985183,-1.1596782326211734,0.2540675821109694,0.2443408701371179,1.212066994977772,-5.933965602380818,1.2973925816759244,0.9689459119760152,6.150937445752598
199,1791285911.9185183,-1.1213579201211734,0.28280781648596937,0.1724902841996179,1.169263333995944,-5.959659734917282,1.305397257105301,0.9756108446533964,6.178464426947661
200,1791285911.9434128,-1.1596782326211734,0.1438966836734694,0.1485400888871179,1.1779745399600892,-5.991103434290209,1.3146630275444127,0.9832618428573867,6.211961291570923
201,1791285911.9634128,-1.0878276466836734,-0.06207499601403062,0.1485400888871179,1.0996756121811893,-6.015947018972835,1.321113185675438,0.988932189893813,6.238184468309814
202,1791285911.9887714,-1.0686674904336735,-0.04291483976403062,0.1389600107621179,1.0785183230584383,-6.046823502849254,1.3278651297884863,0.9955901735671283,6.270446560750019
203,1791285912.0087714,-0.9776567482461734,0.07683613679846939,0.09105962013711788,0.9848900262104957,-6.070592004890847,1.3324423890222226,1.000398590695721,6.295100265299506
204,1791285912.0343132,-0.9489165138711734,0.024145707110969385,0.1485400888871179,0.9607755843462626,-6.100083959153368,1.3376045707496282,1.0060772415607167,6.325535685805349
205,1791285912.0543132,-0.8147954201211735,-0.023754683514030615,0.1916504404496179,0.8373683496310472,-6.1223586458230095,1.341040978809036,1.0103670975811516,6.348425628988924
206,1791285912.0629241,-0.7621049904336734,-0.10039530851403063,0.21560063576211788,0.798352596636703,-6.131528828170488,1.342218409559347,1.0122000521867462,6.357809762433336
207,1791285912.0829241,-0.8626958107461734,-0.19140605070153063,0.2635010263871179,0.92212424815272,-6.152070034272827,1.3441052216719935,1.0165373695963533,6.378709334756481
208,1791285912.108627,-0.8387456154336734,-0.27283671476403065,0.1772803232621179,0.899645704346084,-6.1777886715246,1.3452714002340582,1.0221250571467815,6.4046520313560125
209,1791285912.128627,-0.7189946388711734,-0.23451640226403064,0.09105962013711788,0.7617368890081864,-6.19713563683617,1.345281684074198,1.0262232741912993,6.423971288801209
210,1791285912.1542675,-0.5800835060586734,-0.2776267538265306,0.03357915138711788,0.6439728626653914,-6.220716620814675,1.344308020577668,1.0309288754197845,6.447270250023935
211,1791285912.1742675,-0.6136137794961734,-0.4692283163265306,0.047949268574617884,0.773948457965419,-6.23814167052821,1.3425421872140415,1.0341710440299048,6.464235513526704
212,1791285912.184132,-0.5705034279336734,-0.6177195272640307,0.00483891701211788,0.8408775123436348,-6.2463230884193255,1.3409977007882226,1.035569360566046,6.472034522388057
213,1791285912.204132,-0.5321831154336734,-0.5698191366390306,-0.12928217673788212,0.7903332196325963,-6.2620764630746635,1.3365547227070151,1.037792467547723,6.486678145390205
214,1791285912.229077,-0.4986528419961734,-0.5793992147640307,-0.16760248923788212,0.7825910179006468,-6.280706196723259,1.3296943898955587,1.0395938918445105,6.503546183432396
215,1791285912.249077,-0.5226030373086734,-0.6081394491390306,-0.14844233298788212,0.8154646837394367,-6.294934206862074,1.323237779934155,1.0403474922694123,6.516093752827577
216,1791285912.2736719,-0.41243213887117336,-0.7710007772640307,-0.23945307517538214,0.906576109836641,-6.3115312255480225,1.3139448449684432,1.0404196999227213,6.530264207417197
217,1791285912.2936718,-0.4747026466836734,-0.8428513632015306,-0.29214350486288215,1.0104894114500815,-6.324333832495279,1.3051007662575453,1.0396722159463578,6.540749555788027
218,1791285912.3042784,-0.6758842873086733,-0.8620115194515307,-0.20113276267538213,1.1137045468701838,-6.3310202439006344,1.2997578509407488,1.038942870617134,6.546036211950552
219,1791285912.3242784,-0.7381547951211734,-0.8141111288265307,-0.11491205955038213,1.1049227181435362,-6.343858180962675,1.28868012439504,1.037299820021659,6.556006711390314
220,1791285912.3487132,-0.6615141701211734,-0.7518406210140307,-0.06222162986288212,1.0033627698398329,-6.359755172260187,1.2743063453101742,1.0352689274759104,6.568266458129199
221,1791285912.3687131,-0.7429448341836734,-0.7231003866390306,-0.047851512675382124,1.0378492005407356,-6.372921844513652,1.2620936919023884,1.0336908686257142,6.578413952868828
222,1791285912.3934872,-0.9489165138711734,-0.6416697225765307,0.028789112324617883,1.1458670935834148,-6.389928595274299,1.2466991805003673,1.031993912768331,6.591696119767305
223,1791285912.4134872,-0.9153862404336734,-0.5793992147640307,0.028789112324617883,1.0837270100135503,-6.404395088603555,1.234303856524206,1.0309158279664035,6.603224205303914
224,1791285912.4241102,-0.9058061623086734,-0.5554490194515306,-0.01911127830038212,1.0627199338698357,-6.412377364218408,1.227803492680748,1.0304368080259227,6.609681149126206
225,1791285912.4441102,-0.9393364357461734,-0.7805808553890307,-0.23466303611288214,1.2436744557310453,-6.427919135005425,1.2153968980881933,1.0292895698745503,6.622293488264004
226,1791285912.46842,-0.8866460060586734,-1.1158835897640307,-0.32088373923788216,1.4609256312597645,-6.4473056410228455,1.1991210583355598,1.0270913817402356,6.63781274575849
227,1791285912.48842,-1.0974077248086733,-1.2308445272640307,-0.2586132314253821,1.6691802683454662,-6.463838773567581,1.1842192150623252,1.0246849360857877,6.6508319824093896
228,1791285912.513912,-1.1213579201211734,-1.1829441366390308,-0.24424311423788214,1.6481671985207582,-6.485992968880405,1.1634595094579152,1.0211163618596284,6.668164773531886
229,1791285912.533912,-0.9489165138711734,-1.2547947225765308,-0.34004389548788216,1.6095285635744112,-6.503872489332824,1.1459587452799265,1.0178601339662503,6.682036969046317
230,1791285912.5442452,-0.9105962013711734,-1.3458054647640307,-0.40231440330038215,1.6739876552840172,-6.513165678269436,1.1362575521720768,1.0158547847104331,6.689123210187874
231,1791285912.5642452,-0.8674858498086734,-1.4751365194515307,-0.42147455955038216,1.7624415607293313,-6.5311216287804,1.1160660790358474,1.011319971863335,6.702530962866733
232,1791285912.5899525,-0.8435356544961734,-1.6427878866390306,-0.46937495017538217,1.905417876673346,-6.554038486859417,1.087994210901133,1.004647825018105,6.719261056284572
233,1791285912.6099524,-0.8339555763711733,-1.7481687460140307,-0.7040868642378821,2.0609013028995777,-6.571709445887717,1.0643440916354572,0.9984753996514218,6.731801134189737
234,1791285912.6335676,-0.9632866310586734,-1.8104392538265308,-0.7519872548628822,2.184283923130999,-6.592627948476087,1.0343050278451158,0.9897015816371535,6.746261140687396
235,1791285912.6535676,-1.1357280373086733,-1.6523679647640308,-0.5555956533003822,2.0805971728505535,-6.610835217003064,1.007486389928603,0.9814241390866301,6.758799037775961
236,1791285912.67903,-1.1500981544961735,-1.4751365194515307,-0.5603856923628822,1.9526355625666831,-6.634903454001347,0.9724920019576296,0.9703355170707525,6.775635435402315
237,1791285912.69903,-1.2554790138711733,-1.5469871053890307,-0.9914892079878822,2.2254095146887694,-6.654580993438569,0.9445947905343375,0.9606043798386878,6.7895852812306385
238,1791285912.7086408,-1.4614506935586735,-1.9541404257015307,-1.3986425283003823,2.8125973503213313,-6.664576954288978,0.9306761325676132,0.9549067204578378,6.796660274586799
239,1791285912.7286408,-2.3044975685586735,-3.659394331951531,1.0538574716996179,4.451122497850283,-6.6879069756116785,0.8976361698630331,0.9443113816584656,6.8136315128873415
240,1791285912.7537675,-1.7728032326211733,-3.726454878826531,4.2583936045121185,5.929857785518288,-6.720504451246589,0.8484346211508264,0.9430077208034057,6.8391728262332565
241,1791285912.7737675,-1.9117143654336735,1.4372072305484693,1.537651417012118,2.843341048623195,-6.7480857163423495,0.8117124311361138,0.950819761424656,6.862914550297139
242,1791285912.7988777,-1.7488530373086735,-1.4607664022640308,2.074135792012118,3.0812927014149287,-6.784413898645493,0.7724786404094698,0.9659586296460523,6.896236022078325
243,1791285912.8188777,-2.1895366310586737,-2.198432417889031,1.2502490732621179,3.345190353323105,-6.814916160533305,0.7404280272128454,0.9811944258370546,6.924886890041888
244,1791285912.8289316,-2.1943266701211734,-2.035571089764031,-0.05743159080038212,2.993646202260725,-6.831255082787167,0.7235405102592689,0.9886039620506528,6.9402373640873405
245,1791285912.8489316,-2.0554155373086735,-2.806767378826531,-0.6226562001753821,3.53417273113122,-6.865256994611464,0.687722092124857,1.0001125349248121,6.971724346284208
246,1791285912.873912,-2.0985258888711735,-2.5097849569515307,-0.47416498923788214,3.305701721786421,-6.909138525427154,0.6397338244029316,1.010275950223261,7.0118551058351475
247,1791285912.893912,-1.7536430763711734,-1.9445603475765307,-0.15802241111288212,2.6232708718478617,-6.944779424924957,0.6003949079524827,1.0162441682458274,7.044372755316824
248,1791285912.9184818,-1.5285112404336734,-1.1494138632015307,0.07189946388711789,1.9138099106126525,-6.9880443280425135,0.5536152440773566,1.0223175717538389,7.084093914303977
249,1791285912.9384818,-1.4375004982461734,-1.4080759725765308,0.3880420420121179,2.0493077497960805,-7.022428634057823,0.5174118324900875,1.0272097142230474,7.1159945701096605
250,1791285912.9490354,-1.4710307716836735,-1.2404246053890307,0.737714893574618,2.06077849297216,-7.040153130764364,0.49907723480701643,1.0302950378561386,7.132625186840037
251,1791285912.9690354,-1.6578422951211735,-1.2116843710140308,0.5269531748246179,2.1199763533846436,-7.07339747081732,0.46586527496187774,1.0371619498076445,7.164194800862758
252,1791285912.9942682,-1.5716215919961734,-1.4272361288265307,0.2635010263871179,2.1392592612311843,-7.1151601534461655,0.4252548960755434,1.046021892119576,7.204200686725606
253,1791285913.0142682,-1.4375004982461734,-1.5900974569515307,0.42157231544961793,2.184614570631459,-7.147810430494463,0.39336863859655236,1.0530186731826932,7.235660381899373
254,1791285913.0394385,-1.5476713966836735,-1.5517771444515307,0.8239355966996179,2.341403195877142,-7.188373065396261,0.35332748653276136,1.062854646988682,7.275108771742141
255,1791285913.0594385,-1.3943901466836734,-1.4990867147640308,0.536533252949618,2.116471778945146,-7.220182069206316,0.32170748778318836,1.0715385437086256,7.3063479023953795
256,1791285913.069423,-1.1453081154336735,-1.6667380819515307,0.1581201670121179,2.0284842864369543,-7.235581765411996,0.3059191275313017,1.0757436625017411,7.32150629474323
257,1791285913.089423,-0.9680766701211734,-2.088261519451531,-0.10054194236288212,2.30393517596069,-7.264971957015963,0.2734047616378247,1.082989827402306,7.350335683910733
258,1791285913.1139898,-0.8147954201211735,-2.275073042889031,-0.16281245017538212,2.4220563207867207,-7.298943044502351,0.23141719814187578,1.0900702681763055,7.383520615265257
259,1791285913.1339898,-0.8195854591836734,-2.504994917889031,0.052739307637117885,2.636190679394271,-7.324902186664377,0.19519222741915954,1.0948047362303526,7.408838604013305
260,1791285913.1590235,-0.7573149513711734,-2.461884566326531,0.20123051857461788,2.5835818692452737,-7.355481670549027,0.1473257995505588,1.1003187323447532,7.438784632568998
261,1791285913.1790235,-0.5752934669961733,-2.164902144451531,0.1437500498246179,2.244644280291177,-7.37824660758838,0.10788031945292725,1.1045806670925116,7.461250539676928
262,1791285913.1894357,-0.5082329201211734,-2.069101363201531,-0.09096186423788212,2.132546649675678,-7.389166681971484,0.08711851899674412,1.1065078799447403,7.472063542201007
263,1791285913.2094357,-0.4555424904336734,-2.0978415975765308,-0.28256342673788215,2.165248350476873,-7.4084415055456345,0.04697040182191231,1.1090941452703005,7.491148215247875
264,1791285913.2335,-0.7189946388711734,-2.2032224569515306,0.00962895607461788,2.3175925445030487,-7.430274350921024,-0.0018530937613445916,1.1112466079864358,7.512912177556229
265,1791285913.2535,-0.5992436623086734,-2.308603316326531,0.01920903419961788,2.385185784371073,-7.447675299931065,-0.04311169206556915,1.1128104505100862,7.530476285731235
266,1791285913.2799315,-0.5609233498086734,-2.1265818319515306,-0.10533198142538212,2.2018356248044286,-7.469522400481031,-0.09825138947529086,1.1143964538214082,7.552833751851782
267,1791285913.2999315,-0.8147954201211735,-1.9685105428890308,-0.11491205955038213,2.133572149130612,-7.485637373857461,-0.13985821512543606,1.1150861576453506,7.569527353289766
268,1791285913.3082573,-0.8291655373086734,-1.8248093710140307,-0.08617182517538212,2.006207943423378,-7.492366165267879,-0.1569493717227782,1.1152046435629992,7.576533855052689
269,1791285913.3282573,-0.7142045998086733,-2.179272261639031,-0.31130366111288216,2.3143521275206695,-7.508420334751991,-0.19785289825389987,1.114850360206438,7.593313704721878
270,1791285913.3538203,-0.7333647560586734,-2.3996140585140306,-0.28256342673788215,2.5250373433628717,-7.528637360052449,-0.25107041542851244,1.1133268797331966,7.614651245711613
271,1791285913.3738203,-0.7764751076211734,-2.370873824139031,-0.2681933095503821,2.5091600056653487,-7.544346904308977,-0.2936170128375579,1.1114875958766064,7.631434061732542
272,1791285913.398801,-0.7668950294961734,-2.2798630819515306,-0.3687841298628821,2.4334965364984993,-7.563917075597856,-0.3475014966055084,1.1083414424037195,7.6525825424893945
273,1791285913.418801,-0.8052153419961734,-2.4091941366390306,-0.31609370017538213,2.559785803986822,-7.579593179679701,-0.3912046762539523,1.1051730985912724,7.66972499155086
274,1791285913.4437652,-0.7046245216836734,-2.3469236288265307,-0.46458491111288214,2.494070042267458,-7.5990520182623245,-0.4464775707612842,1.1003498948942425,7.691274516531274
275,1791285913.4637651,-0.5082329201211734,-2.471464644451531,-0.7711474111128822,2.638390895893732,-7.614122331879484,-0.491344737942282,1.0952118054940019,7.708162390299187
276,1791285913.4733176,-0.30226124043367336,-2.5193650350765306,-0.6992968251753822,2.632029271709386,-7.620821256010795,-0.5131355530853806,1.0920723611254315,7.71575315532063
277,1791285913.4933176,-0.3549516701211734,-2.557685347576531,-0.34004389548788216,2.604491289328506,-7.633728755094074,-0.5595309514577274,1.0849262673262483,7.730715012049259
278,1791285913.5182393,-0.4651225685586734,-2.7492869100765307,-0.22508295798788214,2.7974237890740383,-7.648932829235664,-0.6185910195039173,1.0763010370646828,7.749016208394232
279,1791285913.5382392,-0.42201221699617336,-2.787607222576531,-0.10533198142538212,2.821337123593326,-7.660634791889769,-0.6671834112819024,1.0699218263072912,7.763709927181108
280,1791285913.5634341,-0.3549516701211734,-2.557685347576531,-0.13886225486288212,2.5859287985470703,-7.674633224746923,-0.7293158974112928,1.062629638883475,7.7820998812685405
281,1791285913.583434,-0.29268116230867336,-2.6486960897640306,-0.31609370017538213,2.6834992949490757,-7.68504996909805,-0.7790487067065276,1.0570268784751786,7.7964232656246955
282,1791285913.5931573,-0.2783110451211734,-2.8163474569515308,-0.43105463767538216,2.8627046890615966,-7.689770930771064,-0.8035854077583591,1.0541667674863504,7.803178458100677
283,1791285913.6131573,-0.37411182637117335,-2.658276167889031,-0.26340327048788215,2.6973641071055425,-7.699003676308877,-0.8546972139568412,1.0481244740002653,7.816887478297326
284,1791285913.639037,-0.24478077168367338,-2.600795699139031,-0.3975243642378821,2.6423628658851657,-7.710359887256715,-0.921122030226795,1.0401958044761315,7.834546744849778
285,1791285913.6590369,-0.40285206074617336,-2.6295359335140307,-0.5891259267378821,2.7246684873657037,-7.71879108153997,-0.972601110407901,1.0335075914767553,7.848173457694965
286,1791285913.6837835,-0.5609233498086734,-2.744496871014031,-0.46937495017538217,2.840283599082763,-7.729447220812821,-1.036717604969224,1.0245087943158182,7.865669456658766
287,1791285913.7037835,-0.43159229512117336,-2.461884566326531,-0.18197260642538213,2.5060450029107577,-7.738256343206632,-1.0885726903995956,1.0173499526896317,7.880393560076748
288,1791285913.7133114,-0.4268022560586734,-2.241542769451531,-0.22987299705038214,2.293363413816078,-7.742436887011214,-1.1129317776518435,1.014156769977921,7.887487562281873
289,1791285913.7333114,-0.5513432716836734,-2.294233199139031,-0.33046381736288216,2.382580892613851,-7.7513631468421105,-1.1631975984737495,1.0076188998392954,7.9026549421463725
290,1791285913.7589157,-0.5848735451211734,-2.3804539022640308,-0.07659174705038212,2.4524486009502606,-7.763258436657208,-1.2268728273902545,0.9997228336105529,7.922931542867209
291,1791285913.7789156,-0.6040337013711734,-2.342133589764031,0.08626958107461788,2.4203076055146164,-7.772939693613884,-1.2762339777865825,0.994494743822914,7.939545606777926
292,1791285913.8036084,-0.5465532326211734,-2.3038132772640307,-0.01911127830038212,2.367834726822158,-7.785230468275532,-1.3366398340184527,0.9891325313071965,7.960829269274697
293,1791285913.8236084,-0.7333647560586734,-2.3133933553890307,0.06710942482461789,2.4277801294778336,-7.795612048520614,-1.3851526451301046,0.9855128603411288,7.978812609608553
294,1791285913.8484664,-0.7237846779336734,-2.284653121014031,-0.03348139548788212,2.396794765351118,-7.809296470541993,-1.44497714387959,0.981751495742173,8.002306311966946
295,1791285913.8684664,-0.7860551857461734,-2.581635542889031,-0.2969335439253821,2.7149391081301397,-7.820919783661283,-1.4931895796088208,0.9786835372292465,8.022108379295332
296,1791285913.8788996,-0.7333647560586734,-2.615165816326531,-0.30172358298788216,2.732755611620412,-7.827262622569453,-1.5186339621671483,0.976854726686582,8.03284099374376
297,1791285913.8988996,-0.7381547951211734,-2.370873824139031,-0.15802241111288212,2.4881491663407043,-7.83980500209817,-1.5675724147236574,0.9731852212186269,8.05399995164666
298,1791285913.9239366,-0.7189946388711734,-2.5720554647640306,-0.00474116111288212,2.6706637907375574,-7.855887247021079,-1.6289283581248726,0.9689749558213627,8.081292254263598
299,1791285913.9439366,-0.6758842873086733,-2.6726462850765307,-0.06701166892538213,2.75759828451069,-7.868899296380999,-1.678455664052177,0.9660085856216731,8.103700521383363
300,1791285913.954206,-0.8052153419961734,-2.6055857382015306,-0.052641551737882125,2.7276766522215574,-7.875719156870321,-1.7041371819175894,0.9646217556207506,8.11551174628594
301,1791285913.974206,-0.8435356544961734,-2.5768455038265308,0.00483891701211788,2.7114034310878834,-7.889481886895488,-1.7544240393112756,0.9622542915569132,8.139278928442309
302,1791285913.9986296,-0.7668950294961734,-2.567265425701531,-0.10054194236288212,2.6812475518762717,-7.906717593653689,-1.8160448240942295,0.9596215485634996,8.169153898989762
303,1791285914.0186296,-0.8291655373086734,-2.548105269451531,-0.24903315330038214,2.691165818731683,-7.921108551827808,-1.8666088624665458,0.9572646723929998,8.19417750529545
304,1791285914.0436537,-0.8100053810586734,-2.5289451132015306,-0.06222162986288212,2.6562273310378957,-7.939490163260772,-1.9299138323347869,0.9541739003866073,8.226209290124503
305,1791285914.0636537,-0.8722758888711734,-2.3996140585140306,0.11979985451211789,2.5560447690260233,-7.954500990967738,-1.980312414830519,0.9521605751379612,8.252413770315062
306,1791285914.0888298,-0.8962260841836734,-2.370873824139031,0.04315922951211788,2.534980592243442,-7.973901614343984,-2.043245697460626,0.9503140511354614,8.286196759141943
307,1791285914.1088297,-0.9010161232461734,-2.481044722576531,-0.2586132314253821,2.6522243067362714,-7.9896976359676986,-2.0930189104429213,0.9487440155826373,8.313610026983667
308,1791285914.118609,-0.8243754982461734,-2.567265425701531,-0.41189448142538215,2.727655365316479,-7.997528204680823,-2.1174081435113403,0.9475997041483762,8.327173579923473
309,1791285914.138609,-0.8818559669961734,-2.6295359335140307,-0.40231440330038215,2.8024963962994143,-8.013700047280476,-2.1676010737964266,0.9443891447805163,8.355223140029583
310,1791285914.16387,-0.9201762794961734,-2.591215621014031,-0.3783642079878821,2.775658886430544,-8.034476252653329,-2.23137939740243,0.939463222931518,8.391332064508184
311,1791285914.18387,-0.9441264748086734,-2.514574996014031,-0.34004389548788216,2.707414275996969,-8.051254449319252,-2.281958920038985,0.9350706183805783,8.420474557991799
312,1791285914.2083776,-1.0255571388711735,-2.495414839764031,-0.28256342673788215,2.712693266429883,-8.072350532340552,-2.343849751921928,0.9293510179442941,8.456959742786847
313,1791285914.2283776,-0.9537065529336735,-2.481044722576531,-0.25382319236288214,2.670124588388109,-8.089953016350465,-2.3942458702002636,0.9245789584161083,8.487319915266234
314,1791285914.2386699,-0.9105962013711734,-2.471464644451531,0.1677002451371179,2.639213197705822,-8.099091840476822,-2.420113232274098,0.9224250705319418,8.503123232568857
315,1791285914.2586699,-1.0447172951211734,-2.437934371014031,0.6419141123246179,2.7289213897982445,-8.117119586366492,-2.4702029626514745,0.9200818712478646,8.534405878903675
316,1791285914.2837682,-1.1596782326211734,-2.1409519491390308,0.22518071388711788,2.4452474732926923,-8.140498915839624,-2.5322518430862555,0.919214624956679,8.574670694687585
317,1791285914.3037682,-1.2075786232461734,-2.2559128866390306,-0.30172358298788216,2.5765143515913533,-8.159885445759794,-2.58087503873838,0.9185123941288668,8.607456736555443
318,1791285914.3285334,-1.2219487404336735,-2.5289451132015306,-0.4981151845503821,2.852514828517637,-8.184802828300413,-2.6409394981620498,0.9162876634352798,8.648996580717935
319,1791285914.3485334,-1.1357280373086733,-2.730126753826531,-0.5651757314253821,3.010464062911334,-8.20544375239621,-2.690059045429811,0.9131655733532121,8.683294087268624
320,1791285914.3595636,-1.1357280373086733,-2.610375777264031,-0.2777733876753821,2.8602618635636254,-8.216998979382112,-2.717503504395349,0.9110046458980348,8.702518427927371
321,1791285914.3795636,-0.9537065529336735,-2.4331443319515307,0.014418995137117882,2.6134183432120572,-8.237942299670923,-2.767366784478754,0.9072791454997826,8.737572185704822
322,1791285914.4038613,-0.6854643654336734,-2.241542769451531,0.1437500498246179,2.348412114681835,-8.262556607775526,-2.827377107967691,0.9037202291777224,8.779556552581672
323,1791285914.4238613,-0.6902544044961734,-2.0738914022640307,0.19644047951211788,2.1945536113984514,-8.2818416737989,-2.875836693282421,0.9017405057873469,8.813198859442544
324,1791285914.448949,-0.6423540138711734,-2.222382613201531,0.08147954201211788,2.314787695311036,-8.304911485010809,-2.935589763202317,0.9001525883635644,8.854350157635528
325,1791285914.468949,-0.6423540138711734,-2.5193650350765306,-0.08138178611288212,2.601238523129607,-8.322471079529574,-2.983192172427232,0.8990767325372379,8.886579734533816
326,1791285914.4784253,-0.7142045998086733,-2.591215621014031,0.07668950294961789,2.688934340001194,-8.330507124734261,-3.005995643460039,0.8986401093845625,8.901736505308598
327,1791285914.4984252,-0.5944536232461733,-2.514574996014031,0.3832520029496179,2.612153253263361,-8.346886527819555,-3.0545630468690725,0.8985467324956112,8.933546683488714
328,1791285914.5238853,-0.4363823341836734,-2.7828171835140307,0.4263623545121179,2.8489095941769844,-8.366578262808558,-3.117230838043375,0.899991652824919,8.973669533724975
329,1791285914.5438852,-0.5273930763711734,-2.9792087850765308,0.3976221201371179,3.0515458037695855,-8.381172357867117,-3.1677179863042584,0.9021924208772317,9.005134007738013
330,1791285914.5688863,-1.0255571388711735,-3.1756003866390308,0.694604542012118,3.408618595633054,-8.399591153159298,-3.2329036348699236,0.9065788482084305,9.045810226873325
331,1791285914.5888863,-0.9441264748086734,-2.969628706951531,0.1677002451371179,3.1206077660937015,-8.41506991907812,-3.286445808548068,0.9108549467395773,9.079855975151618
332,1791285914.599166,-0.4890727638711734,-3.0654294882015307,-0.7519872548628822,3.1939841807642537,-8.422937331278225,-3.31449049643096,0.9122726431680541,9.09747008310796
333,1791285914.619166,-0.3549516701211734,-3.611493941326531,-1.1591405751753823,3.8095256987422945,-8.437214102384816,-3.370884784366879,0.9117504701186951,9.131305216600692
334,1791285914.6442113,-0.3645317482461734,-3.999487105389031,-1.1974608876753823,4.190786689771367,-8.453762211087161,-3.4452090750351845,0.9067680022350443,9.17375546339597
335,1791285914.6642113,-0.6279838966836734,-3.994697066326531,-1.3842724111128821,4.274128979614452,-8.466483290742836,-3.507649204470793,0.899513471952238,9.208369385525094
336,1791285914.688655,-0.5800835060586734,-4.037807417889031,-1.5279735829878822,4.356040505811422,-8.481913365504376,-3.587241217587001,0.8866381270956358,9.2518798663567
337,1791285914.7086549,-0.6231938576211734,-3.9132664022640307,-1.3363720204878822,4.1818554131399726,-8.494449544349385,-3.654522243910729,0.8733871045571966,9.288380425410157
338,1791285914.7190669,-0.6998344826211734,-3.7935154257015307,-1.034599559550382,3.9938607683196663,-8.50103007292039,-3.6903129487703312,0.8656719137485573,9.307809077479615
339,1791285914.7390668,-0.6758842873086733,-3.5540134725765307,-0.9052685048628821,3.7292549388561413,-8.513837897847914,-3.7597709105856296,0.8501652647613166,9.345806226769522
340,1791285914.764135,-0.7573149513711734,-3.213920699139031,-0.7807274892378822,3.3929850586727213,-8.530177826461333,-3.846495346644636,0.8304747440913656,9.39410179332676
341,1791285914.7841349,-0.9249663185586734,-2.5720554647640306,-0.5651757314253821,2.791138766110118,-8.543782226756482,-3.9139867878647094,0.8151026944500018,9.432915758996215
342,1791285914.808329,-0.8531157326211734,-1.8391794882015307,-0.16760248923788212,2.034325007825873,-8.560997486640693,-3.991389767048217,0.7979666130833735,9.479378721960698
343,1791285914.828329,-0.7237846779336734,-1.2452146444515306,0.08147954201211788,1.4425888834087859,-8.575459066667218,-4.050403239317696,0.7857968315795142,9.516393290826135
344,1791285914.8533585,-0.8052153419961734,-0.8093210897640307,-0.11491205955038213,1.1474219602016353,-8.593712841550612,-4.1170356910712815,0.7727884497170712,9.560286882337936
345,1791285914.8733585,-0.9968169044961734,-0.8045310507015307,-0.22987299705038214,1.3014437165721642,-8.608813852077935,-4.164713231250987,0.7634359790696412,9.593713917582908
346,1791285914.8834002,-1.3512797951211735,-0.5075486288265306,-0.17718256736288213,1.4542889525481908,-8.617026977878421,-4.186048894181106,0.7591380297123359,9.610018201341498
347,1791285914.9034002,-1.5955717873086734,0.043305863360969386,0.03836919044961788,1.5966204686877195,-8.635351551579431,-4.2228651804410315,0.7516536544530981,9.641932895835733
348,1791285914.9292014,-1.7057426857461735,0.44087910554846943,0.12458989357461789,1.7661979326413906,-8.661833722295166,-4.262299185138029,0.7437619935141048,9.682341642356672
349,1791285914.9492013,-1.6626323341836735,0.5127296914859695,0.03836919044961788,1.7403189966153065,-8.684334956444502,-4.2868512048828,0.7388067434162102,9.712909054070582
350,1791285914.9733596,-1.7249028419961734,0.5893703164859695,0.052739307637117885,1.8235757782037165,-8.713575328424644,-4.310062545958353,0.7338841351180838,9.748929175965003
351,1791285914.9933596,-2.0889458107461736,0.9725734414859694,0.3688818857621179,2.333595411583008,-8.739872340851507,-4.324053290651288,0.7310525613335985,9.778406988983729
352,1791285915.0189846,-2.2997075294961733,1.2503957071109695,0.4551025888871179,2.6569272688567693,-8.776945887600803,-4.335017827661307,0.7295523932885538,9.816282665783778
353,1791285915.0389845,-2.3140776466836734,1.0779543008609693,0.2682910654496179,2.566889348107121,-8.8084616779159,-4.3387993360592505,0.7296422498792118,9.84614415000664
354,1791285915.0489333,-2.1799565529336733,0.8240822305484694,0.08147954201211788,2.3319436123437267,-8.825140475139406,-4.33897902525683,0.7299412261854648,9.861169179222493
355,1791285915.0689332,-2.0362553810586737,1.1114845742984694,0.1581201670121179,2.3252388959007617,-8.859964833651773,-4.33638272337113,0.7308115038922168,9.891272791270035
356,1791285915.0935776,-2.1895366310586737,1.6144386758609695,0.3640918466996179,2.7446394607847178,-8.904250061777153,-4.328624990131356,0.7326882405338159,9.927713509447413
357,1791285915.1135776,-2.2422270607461736,1.6527589883609695,0.19644047951211788,2.792451132525214,-8.94144617967752,-4.31837282136696,0.7348236335469207,9.956795136026937
358,1791285915.1238906,-2.1607963966836734,1.3605666055484693,-0.00953120017538212,2.553482602218314,-8.961155040346453,-4.311548511331462,0.7359041557587738,9.971625000427675
359,1791285915.1438906,-2.2805473732461734,1.2312355508609694,0.10063969826211788,2.593639460717358,-9.000305094385403,-4.296411633403947,0.7378219489314252,10.00045128701668
360,1791285915.1684024,-2.2422270607461736,1.6288087930484694,0.22039067482461788,2.7801389040485165,-9.049404389757127,-4.275384878347855,0.7404099936640337,10.035877770582832
361,1791285915.1884024,-2.0889458107461736,1.8204103555484694,0.3784619638871179,2.796573246123081,-9.089953588815655,-4.25562810719562,0.74310319066801,10.06428483229469
362,1791285915.213684,-2.1320561623086736,1.9305812539859695,0.5077930185746179,2.9207295676240808,-9.14152611156283,-4.227287662452549,0.7476774054741852,10.099330776450744
363,1791285915.233684,-2.2039067482461734,1.9832716836734694,0.4886328623246179,3.0048849562619813,-9.182708618428988,-4.202360111746187,0.7522478517305187,10.126590981677824
364,1791285915.2436924,-2.2518071388711736,1.7581398477359695,0.4119922373246179,2.886421438127839,-9.203570359971174,-4.188948664660316,0.754867944124639,10.1401589681408
365,1791285915.2636924,-2.0793657326211736,1.5042677774234694,0.3305615732621179,2.587634895017313,-9.245502504081635,-4.161274607350907,0.7604322171054397,10.167289711008294
366,1791285915.288287,-1.8494438576211734,1.5282179727359695,0.4167822763871179,2.4350770461314672,-9.296579928182076,-4.126754072676649,0.7676269237985983,10.200281791772797
367,1791285915.308287,-1.8686040138711735,1.5282179727359695,0.4263623545121179,2.4513090360445813,-9.337462196240796,-4.098308501080511,0.773864689267029,10.226592755827776
368,1791285915.33333,-1.9787749123086735,1.3845168008609694,0.2635010263871179,2.429376404832227,-9.388200624880515,-4.062562281544717,0.7817994429676332,10.259333976114688
369,1791285915.35333,-1.9596147560586734,1.1114845742984694,0.03836919044961788,2.2532110744096085,-9.428551045874297,-4.034552624279686,0.7876386083838183,10.285697073128112
370,1791285915.3642502,-1.9308745216836734,1.0204738321109694,0.11979985451211789,2.187234616050945,-9.450464579104306,-4.019806869581676,0.7904781824999993,10.300241928549527
371,1791285915.3842502,-1.8494438576211734,1.2503957071109695,0.1533301279496179,2.237731470706723,-9.490248599532022,-3.9934453467715136,0.7953083394361732,10.326903677934993
372,1791285915.4087186,-1.7871733498086735,1.4132570352359695,0.09584965919961788,2.280454162459531,-9.53829402872688,-3.9611436105112645,0.8007885404512401,10.359101021230515
373,1791285915.4287186,-1.9021342873086735,1.2887160196109695,0.10063969826211788,2.299789593641885,-9.577208622181567,-3.9346483005561907,0.804890766518367,10.385192891221868
374,1791285915.4535732,-1.8446538185586734,1.1641750039859693,0.09105962013711788,2.1831955946841646,-9.62529942933216,-3.9020882342672474,0.8095813932119507,10.417682262602554
375,1791285915.4735732,-1.7775932716836735,1.3174562539859693,0.06710942482461789,2.213601702114023,-9.663625738836,-3.87609549641522,0.8130269212844949,10.443696256228316
376,1791285915.4990487,-1.8159135841836735,1.4228371133609694,-0.02869135642538212,2.3071260889499947,-9.711987991681589,-3.842717126452537,0.816830832498058,10.476468788357005
377,1791285915.5190487,-1.8638139748086735,1.3845168008609694,-0.05743159080038212,2.322496004771647,-9.749780053244471,-3.8162324757877166,0.8192400252233276,10.502047210655098
378,1791285915.5291731,-1.8015434669961734,1.2120753946109695,-0.08138178611288212,2.172857248143295,-9.768824801988227,-3.8028647343225606,0.8201712694961897,10.514960727972383
379,1791285915.549173,-1.8590239357461735,0.7953419961734693,0.4455225107621179,2.0705142337473013,-9.806293738616505,-3.777407799110745,0.822281134919487,10.540794696494967
380,1791285915.5742686,-2.2182768654336735,0.5893703164859695,1.111337940449618,2.5501336513123807,-9.853930670995469,-3.747650246742586,0.8274616891735493,10.574947985108246
381,1791285915.5942686,-1.8638139748086735,0.8911427774234694,1.183188526387118,2.3807295250448424,-9.892323661694057,-3.725271337014155,0.8344128485420444,10.603393738039882
382,1791285915.6333349,-1.7680131935586734,0.9342531289859693,0.713764698262118,2.1232427101259117,-9.966709468131116,-3.682766824733387,0.8515120200460723,10.659415641946524
383,1791285915.6533349,-1.7536430763711734,0.4312990274234694,0.4886328623246179,1.8708407106176979,-10.004361458501576,-3.66222235861231,0.860756440365503,10.688312422730839
384,1791285915.648361,-1.4997710060586735,-0.10039530851403063,0.4407324716996179,1.5664090781773221,-10.004361458501576,-3.66222235861231,0.860756440365503,10.688312422730839
385,1791285915.668361,-1.5380913185586735,-0.21535624601403064,0.4167822763871179,1.6080456096868778,-10.04026990968462,-3.6474307068806855,0.8699067446125704,10.71762606014676
386,1791285915.6935656,-1.6961626076211735,-0.09560526945153063,0.3640918466996179,1.737432252455415,-10.084848876907484,-3.632173730126948,0.8811846663673316,10.755154545246079
387,1791285915.7135656,-1.6195219826211735,0.00019551179846938584,0.2970312998246179,1.6465354789659352,-10.11988992485271,-3.622026351804954,0.8897830585173235,10.78531227529038
388,1791285915.7395694,-1.5428813576211735,0.043305863360969386,0.2874512216996179,1.5700275431829205,-10.1647836315804,-3.610726992851238,0.9004256024228227,10.824552737145673
389,1791285915.7595694,-1.6386821388711734,0.20137715242346937,0.3161914560746179,1.6810142612923236,-10.198905189827835,-3.602973023639509,0.9082886184085862,10.85467963113153
390,1791285915.7692723,-1.6578422951211735,0.3642384805484694,0.3305615732621179,1.7292720144391467,-10.215374995135232,-3.5993638749323096,0.9120017804587107,10.869271081492158
391,1791285915.7892723,-1.6817924904336734,0.5127296914859695,0.3640918466996179,1.7955168031081004,-10.249240333014932,-3.591725021929009,0.9195493979706526,10.89921956528811
392,1791285915.8141327,-1.7775932716836735,0.6995412149234693,0.3976221201371179,1.951230150785398,-10.291471463679816,-3.5813937462046845,0.9289442009381373,10.936347808182886
393,1791285915.8341327,-1.8254936623086735,0.8145021524234693,0.3928320810746179,2.0371936361949037,-10.325754508184943,-3.5720579680930062,0.9365542191431016,10.966218039785328
394,1791285915.8741148,-1.9212944435586734,0.9294630899234694,0.3545117685746179,2.163550916534533,-10.395244958866558,-3.5509646882227104,0.9517264939270937,11.026162128822882
395,1791285915.8941147,-2.0362553810586737,1.0108937539859695,0.3928320810746179,2.3070672297658916,-10.430727927876248,-3.539085502483417,0.9592986092851516,11.056467117530909
396,1791285915.8886914,-2.1416362404336735,1.1114845742984694,0.4263623545121179,2.4502629660074136,-10.430727927876248,-3.539085502483417,0.9592986092851516,11.056467117530909
397,1791285915.9086914,-2.0937358498086733,1.1737550821109695,0.4263623545121179,2.437871132545872,-10.468044231799723,-3.524368904783336,0.9670930203843385,11.087668606429183
398,1791285915.9340682,-2.0649956154336735,1.1258546914859695,0.3976221201371179,2.385342539033671,-10.516205567419378,-3.5041200803122226,0.9770676652964516,11.127627702975937
399,1791285915.9540682,-2.0697856544961732,1.0204738321109694,0.4263623545121179,2.346734828421506,-10.55467114055557,-3.4873358490937054,0.9849856820521351,11.15942610547238
400,1791285915.978357,-2.0602055763711733,0.9773634805484694,0.3976221201371179,2.314689987977447,-10.601901809640417,-3.4663704466991736,0.994660309175705,11.198455035658075
401,1791285915.998357,-2.0697856544961732,0.9821535196109694,0.3066113779496179,2.3114170391191915,-10.641153900967172,-3.448757326802266,1.0024880047246687,11.230897811077172
402,1791285916.0089104,-2.0985258888711735,0.8815626992984694,0.3209814951371179,2.2986937201979325,-10.662058406298332,-3.439382386379441,1.0064956098682518,11.248194258268219
403,1791285916.0289104,-2.0745756935586734,0.8719826211734694,0.3449316904496179,2.276663319643341,-10.701992280835286,-3.4216503558687323,1.0139501688782353,11.281330811648193
404,1791285916.053706,-1.9117143654336735,0.9055128946109694,0.3353516123246179,2.1417437104380466,-10.75148820584323,-3.399658598803604,1.0230709650838883,11.322493163098093
405,1791285916.073706,-1.8207036232461735,0.8528224649234694,0.3449316904496179,2.039913162724413,-10.79102156681808,-3.3819434016143277,1.0303446683334667,11.355408304540124
406,1791285916.0990894,-1.8350737404336734,0.7282814492984694,0.3736719248246179,2.00935815862271,-10.840629825890396,-3.359822228479903,1.0395595784013676,11.39685678360565
407,1791285916.1190894,-1.7728032326211733,0.7761818399234693,0.3066113779496179,1.9594131997379287,-10.879265601186702,-3.342750400160856,1.0467514717158959,11.429264582748937
408,1791285916.129176,-1.7440629982461735,0.8671925821109694,0.1820703623246179,1.9562536474488015,-10.89848839097927,-3.3341888827261483,1.0502041626030665,11.445383064675177
409,1791285916.149176,-1.7488530373086735,0.8911427774234694,0.21560063576211788,1.9746154131877978,-10.936126107855603,-3.3171216858517965,1.056619880075715,11.476872226205206
410,1791285916.1740723,-1.7775932716836735,0.9629933633609694,0.28266118263711787,2.041345488050015,-10.982535156333086,-3.2956008346405707,1.0643387021933979,11.515636334756431
411,1791285916.1940722,-1.6530522560586733,0.9390431680484694,0.2635010263871179,1.9193271278305426,-11.01937058491631,-3.2780527114976308,1.0704285838122365,11.546340330170336
412,1791285916.2188847,-1.6003618263711734,0.8145021524234693,0.3066113779496179,1.8216976337188084,-11.064269060299324,-3.2562844465120646,1.077911491885494,11.583752907397157
413,1791285916.2388847,-1.6434721779336734,0.8336623086734694,0.27308110451211787,1.8629457679133843,-11.099896502815977,-3.2388979150559583,1.0839078618718505,11.61348433203437
414,1791285916.2643414,-1.5859917091836735,0.6899611367984694,0.21081059669961788,1.7423711371497277,-11.144608020947922,-3.2171782855446542,1.091319261028812,11.650901329555978
415,1791285916.2843413,-1.4901909279336734,0.24448750398596938,0.2587109873246179,1.5321143939874695,-11.179080680250623,-3.20127222690283,1.0969728813789994,11.680040163833901
416,1791285916.2941213,-1.3560698341836734,-0.13392558195153062,0.2874512216996179,1.3926556148382825,-11.195496869717077,-3.194579817975959,1.0997234012443247,11.694181541797125
417,1791285916.3141212,-1.3081694435586735,-0.27283671476403065,0.1485400888871179,1.344548743627553,-11.228028700179499,-3.1835568671542784,1.1051584844419329,11.722842577386837
418,1791285916.3390536,-1.3033794044961735,-0.45485819913903064,0.07668950294961789,1.3825972418790158,-11.267383728028515,-3.1732373846743447,1.111338810563964,11.75833515111737
419,1791285916.3590536,-1.2937993263711733,-0.8141111288265307,0.07189946388711789,1.5303147257688416,-11.298113461524418,-3.1681045650127504,1.11577570886766,11.786823565186383
420,1791285916.3838968,-1.0878276466836734,-0.9865525350765307,-0.07180170798788213,1.470309619986636,-11.33499661767225,-3.166040211304563,1.120460535441711,11.82207218526943
421,1791285916.4038968,-0.9776567482461734,-1.0152927694515308,-0.05743159080038212,1.4106489686359622,-11.363333645255478,-3.1676303581741774,1.1234724693414715,11.849954599440036
422,1791285916.4135957,-1.0974077248086733,-0.9386521444515307,0.08626958107461788,1.4466561455204192,-11.376523665678004,-3.1697071493359634,1.1247349725347848,11.863277914924105
423,1791285916.4335957,-1.1548881935586734,-1.0871433553890306,0.11500981544961789,1.5902435890257476,-11.403021313442505,-3.176385998190454,1.1272497819867502,11.89071129728216
424,1791285916.459119,-1.0542973732461733,-1.1110935507015307,-0.047851512675382124,1.5324364903347996,-11.435993494242899,-3.187838846485511,1.130106271129369,11.925661570561774
425,1791285916.479119,-1.0303471779336735,-1.1494138632015307,-0.10054194236288212,1.546892439108115,-11.461081717508863,-3.198857822052406,1.1317862577425122,11.952825006429928
426,1791285916.5188396,-1.1548881935586734,-1.3362253866390308,-0.03827143455038212,1.7665587242496037,-11.509943662234285,-3.2248640422342914,1.1342087534447631,12.006872227815768
427,1791285916.5388396,-1.2698491310586735,-1.4463962850765308,0.11021977638711788,1.927881590824624,-11.534493178503805,-3.2401683676295456,1.1353534792958149,12.034627184025563
428,1791285916.5340958,-1.3033794044961735,-1.3937058553890307,-0.03348139548788212,1.9084902114641,-11.534493178503805,-3.2401683676295456,1.1353534792958149,12.034627184025563
429,1791285916.5540957,-1.3464897560586735,-1.3937058553890307,-0.23945307517538214,1.95263628198586,-11.55948586721265,-3.259027983082074,1.1358689837499785,12.06371316208431
430,1791285916.579127,-1.2458989357461734,-1.7864890585140307,-0.31130366111288216,2.200163012984738,-11.590940720714134,-3.2850617919396945,1.1353834311763098,12.100852585820588
431,1791285916.599127,-1.1309379982461734,-2.011620894451531,-0.24424311423788214,2.3206236398269446,-11.615868482737046,-3.3084397682486717,1.1342203496070495,12.130978118430349
432,1791285916.6237516,-1.1357280373086733,-1.7577488241390307,-0.16281245017538212,2.099063361936287,-11.64614270853863,-3.3398673313713005,1.132251363240937,12.168374868008039
433,1791285916.6437516,-1.0590874123086733,-1.6475779257015308,-0.23945307517538214,1.9731996714424491,-11.670335233074116,-3.3666718463158336,1.1302886437448918,12.198719448830907
434,1791285916.6540387,-1.0830376076211734,-2.0738914022640307,-0.22029291892538214,2.35000531446955,-11.68256491261359,-3.3812619968929027,1.1290758358673425,12.214338617878656
435,1791285916.6740386,-1.0111870216836734,-2.1505320272640307,-0.15323237205038212,2.381337303481812,-11.70591655233435,-3.411709756909626,1.126511308045861,12.244887648433645
436,1791285916.7287602,-0.9058061623086734,-1.9924607382015307,-0.13407221580038212,2.1927972902210047,-11.76809232845907,-3.499524535193546,1.119367930365228,12.328327282607685
437,1791285916.7487602,-0.9201762794961734,-2.025991011639031,-0.15802241111288212,2.230770056954211,-11.79014702318659,-3.5328330244203077,1.1167106044915165,12.35862122491721
438,1791285916.75881,-0.9297563576211734,-2.0978415975765308,-0.02869135642538212,2.2948223127277134,-11.800961336630573,-3.5501679547037437,1.1154348804490104,12.37378583731662
439,1791285916.77881,-0.9632866310586734,-1.9541404257015307,0.1533301279496179,2.1840549592614136,-11.822094077209133,-3.585569186971028,1.1134638606576635,12.403951649935193
440,1791285916.7743537,-0.9441264748086734,-1.9541404257015307,-0.01432123923788212,2.17030981698211,-11.822094077209133,-3.585569186971028,1.1134638606576635,12.403951649935193
441,1791285916.7943537,-0.9872368263711734,-2.059521285076531,-0.052641551737882125,2.284520870553842,-11.842691473856766,-3.622150117442043,1.1121165909318245,12.434070778714062
442,1791285916.818677,-1.0159770607461733,-2.0834714803890306,0.09584965919961788,2.319967662431004,-11.86763813314774,-3.6675230380443904,1.1108026889926526,12.47098403125439
443,1791285916.838677,-0.8626958107461734,-1.9589304647640307,0.07189946388711789,2.14168675593955,-11.887891854115727,-3.7052986681830857,1.1101360003448724,12.501344443492952
444,1791285916.8642337,-0.8052153419961734,-1.9685105428890308,-0.11970209861288213,2.130195788387445,-11.913087725768902,-3.7538572038970504,1.1093202401799531,12.539684783294529
445,1791285916.8842337,-0.8483256935586734,-2.179272261639031,-0.3687841298628821,2.3674640033461594,-11.93232793304787,-3.7923792474548446,1.108044880686853,12.569421375542193
446,1791285916.9091659,-0.9489165138711734,-2.3756638632015306,-0.35441401267538214,2.5826015243547946,-11.956075870863451,-3.8417151930657005,1.105341171678373,12.606676999125597
447,1791285916.9291658,-0.8291655373086734,-2.351713667889031,-0.2969335439253821,2.5112232464487394,-11.974935522784852,-3.8824459670909417,1.1025206272890926,12.636772499172135
448,1791285916.9386857,-0.8483256935586734,-2.0978415975765308,-0.3592040517378821,2.2912056655087003,-11.983763702821493,-3.9021022553724696,1.1009109829027868,12.651047367262555
449,1791285916.9586856,-0.8052153419961734,-2.059521285076531,-0.5508056142378821,2.278900282010003,-12.002008909802266,-3.9434394555356302,1.0966715517476973,12.680757907272767
450,1791285916.9838037,-0.9010161232461734,-2.088261519451531,-0.6513964345503821,2.365794484505476,-12.024700346342106,-3.9953816122610952,1.089881092321851,12.717874564655633
451,1791285917.0038037,-1.0399272560586734,-2.198432417889031,-0.48374506736288214,2.4796296263992836,-12.042969363721648,-4.036966192185165,1.0835825865328559,12.747719731552833
452,1791285917.0291417,-1.0782475685586734,-2.413984175701531,0.00483891701211788,2.6438534064425623,-12.066667860144381,-4.090512280992916,1.0758898702130593,12.7864890795254
453,1791285917.0491416,-0.9153862404336734,-2.4091941366390306,0.4503125498246179,2.616281664829062,-12.085558343388497,-4.133672726105386,1.0714113215702874,12.817795945402777
454,1791285917.059333,-0.8579057716836734,-2.035571089764031,0.4119922373246179,2.2470624330861453,-12.095095933800849,-4.155764488241158,1.0701306076690063,12.833818747630891
455,1791285917.079333,-1.0447172951211734,-1.9685105428890308,0.4742627451371179,2.2784628887948917,-12.113859184982447,-4.198621096815132,1.0693236750356072,12.865358782023778
456,1791285917.1036584,-1.1932085060586735,-1.9062400350765307,0.5940137216996179,2.3260158881286204,-12.137340060893287,-4.2499966179160555,1.070438411067936,12.904392019694404
457,1791285917.1236584,-1.3704399513711734,-1.7864890585140307,0.4551025888871179,2.2971214993805464,-12.15759533156614,-4.291439908244108,1.0727911264016747,12.937328222360101
458,1791285917.1494358,-1.3512797951211735,-1.8583396444515308,0.08147954201211788,2.299135105775532,-12.185047652260788,-4.343889156449673,1.076405989933588,12.980886300501677
459,1791285917.1694357,-1.3464897560586735,-1.9733005819515308,-0.08138178611288212,2.3903081067117937,-12.207198925156849,-4.384226540734497,1.078790114960371,13.015411482967703
460,1791285917.1791704,-1.2458989357461734,-1.7960691366390307,-0.01911127830038212,2.1859766107255116,-12.218256094356812,-4.403667018508518,1.0797031106838122,13.03241435822263
461,1791285917.1991704,-1.3033794044961735,-1.5421970663265308,0.07189946388711789,2.020479942082626,-12.241389595317683,-4.442624114991219,1.081376694683595,13.067436772652025
462,1791285917.2237365,-1.5093510841836735,-1.5182468710140307,-0.10533198142538212,2.143433946493645,-12.270724788231352,-4.488936547265973,1.0830624242601496,13.110845219463915
463,1791285917.2437365,-1.5237212013711734,-1.7960691366390307,-0.02869135642538212,2.3555071294795127,-12.295574574718039,-4.525956581043846,1.084027927465729,13.146883799725028
464,1791285917.268478,-1.3225395607461734,-1.8774998007015307,0.28266118263711787,2.3138741831704643,-12.32698593613351,-4.571700248987399,1.0855144325797106,13.192170671256633
465,1791285917.288478,-1.2075786232461734,-1.7098484335140307,0.2491309091996179,2.1080545549938066,-12.3523640595376,-4.608512036539781,1.0873335072423713,13.22881609238938
466,1791285917.2994294,-1.2602690529336735,-1.7098484335140307,-0.023901317362882122,2.1242483433780537,-12.366203054399117,-4.628454530652581,1.0883651728186172,13.248777606796521
467,1791285917.3194294,-1.0878276466836734,-1.9685105428890308,-0.00474116111288212,2.249094312153962,-12.391207393035405,-4.66492868970918,1.0899236580413767,13.285010873824882
468,1791285917.3434968,-1.0207670998086733,-2.045151167889031,0.06710942482461789,2.286725266941783,-12.420589599556287,-4.709481731386005,1.0916303570497796,13.328237731046702
469,1791285917.3634968,-0.9632866310586734,-2.088261519451531,-0.08617182517538212,2.301343714148854,-12.444319767716959,-4.747151838223406,1.0928072885103628,13.363785871756562
470,1791285917.3886573,-0.7716850685586734,-2.2175925741390308,-0.22987299705038214,2.359249089156527,-12.47296897980802,-4.795558728770805,1.0934694204439572,13.40775947225296
471,1791285917.4086573,-0.7094145607461734,-2.2175925741390308,-0.07180170798788213,2.3294079353228874,-12.494547760436731,-4.834918111072351,1.0934642850341725,13.441942605935173
472,1791285917.4193375,-0.8483256935586734,-2.035571089764031,0.028789112324617883,2.2054557254280502,-12.50559033365888,-4.856190531533782,1.0934275002960647,13.459864775333536
473,1791285917.4393375,-0.8770659279336734,-2.0068308553890306,0.023999073262117882,2.1902489994521317,-12.5257552045573,-4.896114060881583,1.093448131158191,13.493039137169578
474,1791285917.463714,-0.7333647560586734,-2.069101363201531,0.12458989357461789,2.1987557750264957,-12.549590200459916,-4.944926483230268,1.0937411594048982,13.532951704924095
475,1791285917.4837139,-0.8195854591836734,-1.9397703085140308,0.1341699716996179,2.1100783767442874,-12.568542039949286,-4.984981343579526,1.0943336553825793,13.565244345573413
476,1791285917.5088356,-0.9872368263711734,-1.8152292928890308,0.01920903419961788,2.066413057474405,-12.592180685412801,-5.034821723112438,1.0952552326931126,13.605588124823923
477,1791285917.5288355,-0.9920268654336734,-1.8870798788265308,-0.09575190330038212,2.134093764997161,-12.611145978367324,-5.074102438102109,1.095764054888854,13.637749715551703
478,1791285917.538624,-0.9393364357461734,-1.9158201132015307,-0.06701166892538213,2.134762330902439,-12.620453659881742,-5.093235550292274,1.0958562401305563,13.653490390776147
479,1791285917.558624,-0.9728667091836735,-1.8439695272640308,0.03357915138711788,2.0851428753742707,-12.639486871883943,-5.132104238820345,1.0959661920818198,13.685622535961986
480,1791285917.584109,-1.1165678810586734,-1.7098484335140307,0.10063969826211788,2.04461092813976,-12.664095731843563,-5.180996194531683,1.0963418256532131,13.726762461400968
481,1791285917.604109,-1.0974077248086733,-1.7577488241390307,0.014418995137117882,2.072243361831003,-12.68383221431878,-5.218811326498037,1.0967649826836086,13.75930538689421
482,1791285917.6297507,-0.9824467873086734,-1.8008591757015306,-0.03348139548788212,2.0516862490267234,-12.709340311022256,-5.26686486622865,1.0971894681511771,13.801123917620293
483,1791285917.6497507,-0.8962260841836734,-1.8343894491390307,-0.01911127830038212,2.0417078846010446,-12.729069738204357,-5.304176387684098,1.0973920056329212,13.833574113936084
484,1791285917.6736152,-0.9632866310586734,-1.9062400350765307,-0.03348139548788212,2.136069570203358,-12.752408389270252,-5.348714441182833,1.0975032953935038,13.872172842905604
485,1791285917.6936152,-1.0016069435586734,-2.025991011639031,-0.07180170798788213,2.261196925059175,-12.771981114411332,-5.386339654423379,1.0974246486243282,13.904693355809819
486,1791285917.7041936,-0.9537065529336735,-2.059521285076531,0.00483891701211788,2.269627178174813,-12.782331968406053,-5.406496641365894,1.0973361635304464,13.922010025115906
487,1791285917.7241936,-1.0063969826211734,-2.002040816326531,0.09584965919961788,2.2428083899511093,-12.80190643715036,-5.444982218484779,1.0973449964829267,13.954956317612512
488,1791285917.7495024,-1.0207670998086733,-1.9733005819515308,0.06231938576211788,2.2225580677732197,-12.826809154039402,-5.493924194109139,1.0976547281624707,13.996966886687423
489,1791285917.7695024,-1.0111870216836734,-1.9685105428890308,0.06710942482461789,2.2140543410646125,-12.846584267722866,-5.532711290075037,1.0980569183413713,14.030372431369946
490,1791285917.7945046,-0.9824467873086734,-1.9637205038265308,0.11021977638711788,2.19853321697642,-12.87133562808749,-5.581299907408487,1.098816806180589,14.072298599761778
491,1791285917.8145046,-0.9872368263711734,-1.8918699178890308,0.03357915138711788,2.13422957925448,-12.891119551008995,-5.62012055416418,1.0995491812867242,14.10587560996528
492,1791285917.8235497,-0.9393364357461734,-1.9349802694515308,-0.03827143455038212,2.151270853562979,-12.900031806900293,-5.637639990042037,1.0998275363907553,14.121027791423815
493,1791285917.8435497,-0.9249663185586734,-1.9445603475765307,-0.04306147361288212,2.1537715585327653,-12.919578521242242,-5.6763864420345,1.100228695503713,14.154411870094313
494,1791285917.868694,-1.0255571388711735,-1.9349802694515308,-0.03827143455038212,2.1902923985073066,-12.94414517900715,-5.725108408862796,1.1005040086731375,14.196438630218184
495,1791285917.888694,-1.0351372169961734,-1.9828806600765307,-0.09096186423788212,2.2386600525452165,-12.963845633741677,-5.7639259157865395,1.1004962970099241,14.230081787463183
496,1791285917.9145122,-0.9872368263711734,-1.9924607382015307,-0.10533198142538212,2.2261246979738156,-12.989378406102084,-5.814216913776406,1.1001077400275316,14.27372785004055
497,1791285917.9345121,-1.0207670998086733,-2.0068308553890306,-0.05743159080038212,2.252250861208658,-13.009202512110795,-5.853330049647213,1.0996077488108165,14.30768883756065
498,1791285917.9445207,-1.0399272560586734,-1.9780906210140308,0.01920903419961788,2.2348736406858167,-13.019181834441321,-5.872958653583497,1.0993663786614052,14.324780815756982
499,1791285917.9645207,-1.0782475685586734,-1.9493503866390307,0.028789112324617883,2.227871980608596,-13.039309393037529,-5.912189820180395,1.0990283984452631,14.359158796315004
500,1791285917.9891062,-1.1261479591836734,-1.8870798788265308,0.01920903419961788,2.197646168526769,-13.064405069623742,-5.960255881036241,1.0987637526116878,14.401757246068653
501,1791285918.0091062,-1.0782475685586734,-1.9254001913265308,0.09584965919961788,2.2088392592109583,-13.085064422465173,-5.999210557477553,1.098753347359487,14.436644248971007
502,1791285918.0339105,-1.1548881935586734,-1.9062400350765307,0.11021977638711788,2.231516571763834,-13.110997585488866,-6.047404135465409,1.0991257347256382,14.480242810294142
503,1791285918.0539105,-1.0303471779336735,-1.8870798788265308,0.00962895607461788,2.1500647648252196,-13.132049063229386,-6.086124200268363,1.099560728137977,14.515531480969596
504,1791285918.0644903,-0.8818559669961734,-1.8966599569515308,0.014418995137117882,2.0916971210600503,-13.143032020176612,-6.106536752862569,1.0997754015995513,14.534049254471807
505,1791285918.0844903,-0.8914360451211734,-1.8487595663265308,0.028789112324617883,2.0526565639710848,-13.163339705010271,-6.144954387299591,1.1001851575479031,14.568609542175983
506,1791285918.109538,-1.0063969826211734,-1.8391794882015307,-0.03827143455038212,2.096874049425189,-13.188523115452897,-6.1927792753669655,1.1006035423805465,14.611604473080655
507,1791285918.129538,-1.0063969826211734,-1.9924607382015307,-0.07659174705038212,2.2335176237540235,-13.208634340616484,-6.230985588916343,1.1007152064958345,14.645981582646053
508,1791285918.1532633,-0.9201762794961734,-2.0307810507015307,0.00483891701211788,2.229533466076184,-13.23234112699019,-6.27666890729174,1.1007001235620817,14.686829645461557
509,1791285918.1732633,-0.9537065529336735,-1.9541404257015307,0.08147954201211788,2.17597332433927,-13.252138687305528,-6.315379973734146,1.100818793679382,14.721243358383147
510,1791285918.1989682,-1.0734575294961735,-1.8870798788265308,0.00962895607461788,2.1710537196253505,-13.277674780725038,-6.365075525748173,1.1011240805972247,14.765612356825947
511,1791285918.2189682,-1.0207670998086733,-2.045151167889031,-0.04306147361288212,2.2861458969364556,-13.297704483741214,-6.403840163415383,1.101275834252771,14.800368976434076
512,1791285918.2285016,-1.0782475685586734,-2.025991011639031,0.06231938576211788,2.295896579592949,-13.307320727569904,-6.4224573246271675,1.1013510898094947,14.817075192361457
513,1791285918.2485015,-1.0495073341836734,-1.9206101522640306,0.09105962013711788,2.190548072036882,-13.32766005845933,-6.461575372770578,1.1017153539296394,14.852348489479086
514,1791285918.2732038,-0.9824467873086734,-1.8822898397640309,-0.047851512675382124,2.1237953051170817,-13.352777835856045,-6.509688955571589,1.1021778268314992,14.895889439505725
515,1791285918.2932038,-0.9632866310586734,-1.9637205038265308,-0.14844233298788212,2.1922943408557116,-13.372982338801991,-6.548569448234584,1.1022016574550848,14.931016942792548
516,1791285918.3183131,-1.0447172951211734,-1.9589304647640307,-0.047851512675382124,2.2206153561054296,-13.398324957679206,-6.597447729993684,1.1018574282590152,14.975163371856011
517,1791285918.338313,-1.0734575294961735,-1.9349802694515308,0.04315922951211788,2.2132154052172206,-13.418660172828782,-6.636381121689003,1.1016173330519832,15.010514847088094
518,1791285918.3489842,-0.9776567482461734,-1.8870798788265308,0.028789112324617883,2.125491001969116,-13.42952425686728,-6.6570972726693185,1.1015660269596004,15.029388330045888
519,1791285918.3689842,-0.9537065529336735,-1.9301902303890308,-0.00953120017538212,2.15297035705898,-13.449728660211882,-6.69582566991404,1.1015131790615522,15.064614622314473
520,1791285918.3932183,-1.0016069435586734,-1.9541404257015307,-0.02869135642538212,2.1960656790450135,-13.474092041079764,-6.742773901642311,1.1013892768848084,15.107257016394293
521,1791285918.4132183,-1.0255571388711735,-2.025991011639031,-0.01432123923788212,2.2708175008628677,-13.494223488050496,-6.781677876977432,1.101237841733314,15.142587201551928
522,1791285918.4382498,-0.9393364357461734,-1.9924607382015307,0.00483891701211788,2.2027882667003573,-13.519329006186192,-6.830609693790297,1.1010589367650991,15.186896205236922
523,1791285918.4582498,-0.9201762794961734,-1.9972507772640307,0.04315922951211788,2.1994539712667946,-13.53916847995381,-6.869825898630664,1.1010094320699608,15.222214450452942
524,1791285918.4688034,-1.0207670998086733,-1.9158201132015307,0.1293799326371179,2.1746428086397365,-13.549603341855663,-6.8905127520726905,1.1011237959872129,15.240846115691602
525,1791285918.4888034,-1.0447172951211734,-1.8343894491390307,0.21560063576211788,2.122004361913266,-13.569510285739016,-6.929460929675954,1.1018254864260195,15.276225239672934
526,1791285918.5137072,-0.9824467873086734,-1.8679197225765307,0.08147954201211788,2.112099594159807,-13.59436632514521,-6.977599235853269,1.103123044922958,15.320266555470315
527,1791285918.5337071,-0.9968169044961734,-1.9972507772640307,-0.052641551737882125,2.232806695918946,-13.614302616547478,-7.016257484084387,1.1040520500745863,15.35565158979506
528,1791285918.5589674,-0.9345463966836735,-2.045151167889031,-0.12449213767538213,2.2520032325499204,-13.639364418755086,-7.065417825302492,1.104713810234154,15.400415039739238
529,1791285918.5789673,-0.9537065529336735,-1.9924607382015307,-0.16281245017538212,2.214941054817335,-13.659063251877077,-7.104558879297534,1.104728214746803,15.43584109197299
530,1791285918.5880647,-0.9872368263711734,-2.0403611288265306,-0.15802241111288212,2.272153421268826,-13.668003860297578,-7.122443863365652,1.1045148783360785,15.451973635376495
531,1791285918.6080647,-0.9728667091836735,-2.0499412069515306,-0.02869135642538212,2.2692623867083546,-13.68765112017615,-7.162000565506325,1.1038361511542278,15.48755950873369
532,1791285918.6334982,-0.8962260841836734,-1.9972507772640307,0.023999073262117882,2.189248230962039,-13.712453687465063,-7.212478534469923,1.103093546357176,15.532805545460178
533,1791285918.6534982,-0.9105962013711734,-1.9876706991390307,4.887794961788039e-05,2.186325742554505,-13.731742154609833,-7.252195793139442,1.102633255205378,15.568265366385651
534,1791285918.679028,-0.9776567482461734,-2.0499412069515306,0.00962895607461788,2.2711592604095965,-13.756286042768872,-7.303020794396629,1.1021523605646055,15.61359209918606
535,1791285918.699028,-1.0686674904336735,-1.9972507772640307,0.21560063576211788,2.2754218304597083,-13.775698963926468,-7.342935246242918,1.1021699834996064,15.649388443251347
536,1791285918.7085292,-1.0638774513711735,-1.8870798788265308,0.2443408701371179,2.180047742923843,-13.785057577092392,-7.36182072972617,1.1025048500453072,15.666516326380659
537,1791285918.7285292,-0.9872368263711734,-1.8679197225765307,0.03836919044961788,2.1131097548659343,-13.804879073318991,-7.401243932079071,1.103528072163068,15.702575335821503
538,1791285918.7538366,-0.9393364357461734,-1.9972507772640307,-0.17239252830038213,2.213838926077482,-13.829855150036341,-7.45098250888325,1.1043742314971678,15.74806896930115
539,1791285918.7738366,-0.8866460060586734,-2.035571089764031,-0.20113276267538213,2.2293822439779936,-13.84937153067729,-7.490443087302267,1.1043823424823225,15.78389970182387
540,1791285918.7981875,-0.8435356544961734,-2.0403611288265306,0.014418995137117882,2.2079025893035515,-13.872729154229626,-7.53872531151734,1.1040497382868315,15.827315607320658
541,1791285918.8181875,-0.8291655373086734,-2.0212009725765308,0.023999073262117882,2.1847985754577324,-13.89154476815102,-7.578524725389708,1.1038751656946677,15.862773825542762
542,1791285918.828749,-0.8339555763711733,-1.9876706991390307,-0.20113276267538213,2.164895170625555,-13.901307771022978,-7.599564666646813,1.103656497201472,15.881366393703834
543,1791285918.848749,-0.8339555763711733,-2.102631636639031,-0.15323237205038212,2.2671616313355543,-13.919524393822028,-7.6395664973289525,1.1027729760698495,15.916414290098993
544,1791285918.8738425,-0.8147954201211735,-2.222382613201531,0.07189946388711789,2.368131244044164,-13.942054982150152,-7.69036728352587,1.1016776511065842,15.960461764240113
545,1791285918.8938425,-0.9632866310586734,-2.1074216757015307,0.00962895607461788,2.3171620507828328,-13.959985768171423,-7.731277694342847,1.1010579002432894,15.995817763849402
546,1791285918.9187326,-1.0207670998086733,-2.1170017538265307,-0.15802241111288212,2.3555536462093887,-13.982657320250846,-7.782440112417729,1.100125291269548,16.040304096101917
547,1791285918.9387326,-0.9441264748086734,-2.1361619100765306,-0.12928217673788212,2.3390759687788143,-14.001089316796714,-7.823763758380675,1.099057363325297,16.076371123227702
548,1791285918.963348,-0.7860551857461734,-2.1601121053890306,0.12458989357461789,2.3020620548689856,-14.023566132370043,-7.87492607229937,1.0979314870860415,16.120803989363292
549,1791285918.983348,-0.8531157326211734,-2.121791792889031,0.2682910654496179,2.302560957155554,-14.04154798342055,-7.916683000375433,1.0977432473675082,16.15685550273555
550,1791285918.993681,-1.0734575294961735,-2.145741988201531,0.4694727060746179,2.444774911788836,-14.050937867539181,-7.938328037448636,1.0982323327221035,16.175661385063236
551,1791285919.013681,-1.2267387794961735,-2.1936423788265307,0.8191455576371179,2.6434739196557446,-14.069836424662816,-7.980447588708442,1.1009699029892683,16.212957023941655
552,1791285919.0390592,-1.2937993263711733,-2.2463328085140306,1.235878956074618,2.8718155542431902,-14.095017458037974,-8.034327615045896,1.1078340456492999,16.261833649406945
553,1791285919.0590591,-0.8818559669961734,-2.155322066326531,0.5940137216996179,2.40331759401213,-14.115148828407722,-8.077022429811889,1.115176930322512,16.3008998943527
554,1791285919.083995,-0.7333647560586734,-2.2894431600765306,-0.33046381736288216,2.4266396896194244,-14.13950441992364,-8.13058209941964,1.1234516580757652,16.349131296325087
555,1791285919.103995,-0.8674858498086734,-2.610375777264031,-0.8142577626753822,2.8687295275473756,-14.15851001309244,-8.174445894743952,1.1273758373272107,16.38767670402136
556,1791285919.1136699,-0.7956352638711734,-2.821137496014031,-1.0202294423628822,3.1036624107005815,-14.167531487013992,-8.196422915442014,1.1276582563413193,16.406459404375173
557,1791285919.1336699,-0.7429448341836734,-3.127699996014031,-1.0968700673628822,3.39670402543157,-14.185691373422271,-8.243962928111054,1.1249788606586282,16.445739324791244
558,1791285919.1590316,-0.6710942482461734,-3.2953513632015308,-0.9100585439253822,3.4839510114745975,-14.207955179362399,-8.307422691070592,1.118273357362162,16.496357096300727
559,1791285919.1790316,-0.5082329201211734,-3.1612302694515306,-0.5124853017378821,3.242579020176511,-14.22464758446861,-8.359644596109728,1.1116448487087898,16.536626347150015
560,1791285919.2033014,-0.04359913105867336,-2.8786179647640306,-0.29214350486288215,2.8937329003770977,-14.242869736034262,-8.42450378771413,1.1033431374637996,16.584600340853527
561,1791285919.2233014,-0.4699126076211734,-2.821137496014031,-0.21071284080038213,2.867757753279697,-14.256403850791196,-8.47848453829707,1.0967738554125452,16.62325671199579
562,1791285919.2333472,-0.33100147480867337,-2.744496871014031,-0.27298334861288215,2.7778309811706015,-14.262785614858036,-8.505724706591614,1.0936046975840403,16.642427031965685
563,1791285919.2533472,-0.3884819435586734,-2.7923972616390307,-0.25382319236288214,2.830693713608303,-14.274664401349481,-8.560127309216691,1.0874514701907894,16.68005917319155
564,1791285919.2784395,-0.37411182637117335,-2.811557417889031,-0.2873534658003821,2.8508572021455407,-14.28876739957101,-8.628689919163003,1.0798710505849138,16.726903030925953
565,1791285919.2984395,-0.27352100605867335,-2.4762546835140307,-0.31130366111288216,2.5106893411576836,-14.299293577262674,-8.683072545549804,1.0738373593781834,16.763611553433904
566,1791285919.3237748,-0.3501616310586734,-1.9349802694515308,-0.45021479392538216,2.0172890649834154,-14.311812747411588,-8.750011136432844,1.0658935735506,16.808533788370955
567,1791285919.3437748,-0.8626958107461734,-1.6763181600765307,-0.3592040517378821,1.919196234486269,-14.322032389825484,-8.800343845676855,1.0593491694389083,16.84306635503594
568,1791285919.3684123,-0.6231938576211734,-1.5757273397640308,-0.30651362205038213,1.7219865951740256,-14.335478947788015,-8.859056037900451,1.0512664497120023,16.884726580357288
569,1791285919.3884122,-0.5369731544961733,-1.4942966757015308,-0.19155268455038213,1.5993608581619958,-14.346497395811022,-8.904172806018764,1.0449422297692827,16.917392977377208
570,1791285919.3990777,-0.7189946388711734,-1.1254636678890306,-0.15323237205038212,1.3442849096482137,-14.3524965015058,-8.926718926353791,1.0417997875655862,16.9341611369808
571,1791285919.4190776,-0.8626958107461734,-0.5602390585140307,-0.23945307517538214,1.0561484932407148,-14.364431221023592,-8.96518453425008,1.0362019105199438,16.964230970958848
572,1791285919.4441168,-0.7860551857461734,-0.5219187460140307,-0.42626459861288213,1.0353663315512587,-14.380228008798046,-9.00815058596853,1.0289946577135756,16.999898957644074
573,1791285919.4641168,-0.7285747169961734,-0.44527812101403064,-0.46458491111288214,0.9720765725669992,-14.393224941852822,-9.038772531475493,1.02276512933327,17.02675487614449
574,1791285919.4736779,-0.7429448341836734,-0.009384566326530615,-0.06222162986288212,0.745604873876329,-14.399561384037508,-9.05154165109571,1.0198560261613545,17.038717106293017
575,1791285919.4936779,-1.0495073341836734,0.11994648836096938,0.23476079201211789,1.0821115626596018,-14.413516529496494,-9.074079858373118,1.0149423227038066,17.062194816043355
576,1791285919.5189123,-1.2315288185586735,0.2875978555484694,-0.01911127830038212,1.2648086805580023,-14.432799996865842,-9.097479998412343,1.0100806796777662,17.090644254986458
577,1791285919.5389123,-1.0638774513711735,0.4744093789859694,-0.19155268455038213,1.1805049433883514,-14.449234013902405,-9.112101224865592,1.0064894861545355,17.112094360610886
578,1791285919.5637226,-1.1309379982461734,0.7522316446109694,-0.023901317362882122,1.358471374745477,-14.470646742843858,-9.125235920314237,1.0023018792499268,17.136923785053103
579,1791285919.5837226,-1.4183403419961735,0.9725734414859694,0.1820703623246179,1.7293750436659778,-14.489142621045875,-9.131648585451348,0.9996697916801113,17.155803667376865
580,1791285919.5940754,-1.3033794044961735,0.9198830117984694,0.09584965919961788,1.5981770191780715,-14.49939406022588,-9.133000712113828,0.9987274770699963,17.16512705151464
581,1791285919.6140754,-1.2842192482461734,0.9150929727359693,0.08147954201211788,1.579003844860178,-14.520108915871706,-9.13246852164671,0.9974461350384616,17.18227118340146
582,1791285919.6386309,-1.2842192482461734,1.1306447305484695,0.3161914560746179,1.7399866727011373,-14.546457278638913,-9.128145573808325,0.9968412911335574,17.202213623124564
583,1791285919.6586308,-1.5093510841836735,1.3366164102359694,0.3688818857621179,2.049575070369938,-14.568888869305407,-9.121451864929895,0.9974501605875419,17.2176744606599
584,1791285919.6838417,-1.3464897560586735,1.3797267617984694,0.21081059669961788,1.9393611597829543,-14.598323341355835,-9.10914370661686,0.9991986321890747,17.23618117081451
585,1791285919.7038417,-1.1932085060586735,1.0923244180484695,0.1724902841996179,1.6268595733310738,-14.621980902971277,-9.097136094477275,1.0009525983528815,17.24998889137171
586,1791285919.7284365,-1.1500981544961735,1.1929152383609694,0.21081059669961788,1.6703932586580208,-14.651032146645937,-9.080369412830574,1.0034930230619101,17.265944801338144
587,1791285919.7484365,-1.2602690529336735,1.3845168008609694,0.3449316904496179,1.903718132687994,-14.674727995419081,-9.064914090904717,1.0060825844080663,17.27809339544351
588,1791285919.7588785,-1.1644682716836734,1.5809084024234694,0.3161914560746179,1.9887772045922274,-14.687142822737158,-9.05573285530067,1.0077495555330178,17.283923773516495
589,1791285919.7788785,-1.1932085060586735,1.4419972696109695,0.3018213388871179,1.895837225371386,-14.71089112241025,-9.036251117497065,1.0113904631219197,17.29413376098293
590,1791285919.8034637,-1.5428813576211735,1.3940968789859693,0.3305615732621179,2.1055307989699186,-14.740750161571444,-9.010665700630442,1.0163607995410873,17.306495918273875
591,1791285919.8234637,-1.7488530373086735,1.4946876992984695,0.3640918466996179,2.3291932374474777,-14.766334416218069,-8.988640955741394,1.0208396218543556,17.317113265679286
592,1791285919.8489802,-1.4614506935586735,1.5521681680484694,0.2491309091996179,2.1464226893891842,-14.800223011539687,-8.958925276849751,1.0268702406921135,17.33099552243625
593,1791285919.8689802,-1.3177495216836734,1.6000685586734695,0.1820703623246179,2.0808250313733643,-14.826969565222395,-8.934399310560552,1.0315348493720307,17.341469997495746
594,1791285919.878445,-1.5333012794961733,1.6575490274234694,0.21560063576211788,2.268251579115095,-14.839752250593408,-8.92222125692001,1.033693485883594,17.34626188085449
595,1791285919.898445,-1.6770024513711734,1.7389796914859694,0.2395508310746179,2.4277092474128987,-14.867527172937901,-8.895252999595249,1.0382534222430084,17.35646451134719
596,1791285919.9239738,-1.5764116310586735,1.6335988321109693,0.11500981544961789,2.2730917342819987,-14.90389160560025,-8.859535621683444,1.0438797261930015,17.369716212595883
597,1791285919.9439738,-1.5524614357461735,1.5090578164859694,-0.07659174705038212,2.1663929234311814,-14.932800391117624,-8.831037041772264,1.0476839716535156,17.38025846926841
598,1791285919.968588,-1.7919633888711735,1.4803175821109693,-0.05743159080038212,2.3250314661490905,-14.969216225687244,-8.79570577535995,1.0514162144811119,17.39388831038513
599,1791285919.988588,-1.9260844826211734,1.6048585977359695,0.07189946388711789,2.508095310355727,-14.99994402729686,-8.766676341519407,1.0540156040224709,17.40585774365968
600,1791285919.9992108,-1.7823833107461735,1.5665382852359695,0.07189946388711789,2.374047598184122,-15.01677116839364,-8.751043844546155,1.0553037076814629,17.412577368342514
601,1791285920.0192108,-1.8063335060586734,1.6000685586734695,0.09584965919961788,2.415004613812217,-15.049083367075383,-8.721276645690788,1.0576167335278197,17.425674439599018
602,1791285920.0429704,-2.0649956154336735,1.6431789102359695,0.19644047951211788,2.646286584025909,-15.088610305291542,-8.685438830691105,1.0604732426128003,17.442121778181825
603,1791285920.0629704,-2.1272661232461734,1.6048585977359695,0.1772803232621179,2.6706292499809456,-15.123180195372662,-8.654924841323217,1.0630776540277944,17.457045492555686
604,1791285920.0884845,-2.0745756935586734,1.4324171914859694,0.1293799326371179,2.524365759104292,-15.168706577505642,-8.616024947044268,1.0664885637705612,17.477498189935694
605,1791285920.1084845,-2.0841557716836734,1.3605666055484693,0.11021977638711788,2.4913841871302944,-15.205278757545262,-8.585916595087685,1.0691206416920733,17.494613022840813
606,1791285920.1181295,-2.2278569435586735,1.2887160196109695,0.11979985451211789,2.5765262555048145,-15.223389339998379,-8.571658390557639,1.070365952901485,17.50344519900937
607,1791285920.1381295,-2.2853374123086736,1.1354347696109695,0.07668950294961789,2.553010083020018,-15.262080336123438,-8.542891051427226,1.0728556377045975,17.52321611240915
608,1791285920.164177,-2.2901274513711734,0.5462599649234694,0.6083838388871179,2.431710218800966,-15.313850428482915,-8.507759784391286,1.0769500966810426,17.551518823326756
609,1791285920.184177,-2.8074516701211736,-0.21535624601403064,2.040605518574618,3.4773889738136297,-15.355284746711089,-8.48433486802286,1.0835958418759117,17.576771255092826
610,1791285920.2086198,-2.0170952248086733,1.1019044961734694,0.9676367685746179,2.4938299020845003,-15.407172188345887,-8.458375249456362,1.0960143711508175,17.61040357867258
611,1791285920.2286198,-1.7967534279336734,0.7043312539859694,0.5125830576371179,1.9967841112923228,-15.448980542213803,-8.437611048397807,1.1068717549342455,17.637727888807465
612,1791285920.2385573,-2.0506254982461734,0.23490742586096938,0.5269531748246179,2.1302408505236534,-15.469505606826086,-8.428141359536815,1.112232100212729,17.65152205167312
613,1791285920.2585573,-1.7440629982461735,-0.20098612882653064,0.6035937998246179,1.8564688634660231,-15.510309573264765,-8.41189081420023,1.1230977862733496,17.68024204489483
614,1791285920.298461,-1.6243120216836735,-0.014174605389030615,0.3257715341996179,1.6567189127063198,-15.589590061018542,-8.384975338435773,1.1443063517816816,17.738448825179503
615,1791285920.318461,-2.0027251076211736,0.34986836336096944,0.22039067482461788,2.0449664490956265,-15.628806151330613,-8.373005108947849,1.1541609921635583,17.76791726303813
616,1791285920.3282824,-2.0075151466836734,0.5558400430484695,0.2539209482621179,2.098463977671961,-15.648129328021652,-8.367341458716998,1.1586238037061167,17.782540979054993
617,1791285920.3482823,-1.9021342873086735,0.7043312539859694,0.2874512216996179,2.048615524483139,-15.687440473278361,-8.355647935652222,1.1671605856052298,17.812212239354537
618,1791285920.3584023,-1.9165044044961734,0.8097121133609694,0.3880420420121179,2.116411931866208,-15.707246393406082,-8.349469439559549,1.1713449232468858,17.827037839038862
619,1791285920.3784022,-2.0027251076211736,1.0396339883609693,0.5077930185746179,2.312920326376311,-15.746396294204564,-8.336316449185787,1.1797177525682494,17.855948649422952
620,1791285920.4042888,-2.0123051857461736,1.2120753946109695,0.5652734873246179,2.416202193168944,-15.797263327497594,-8.317474136194193,1.1910127100782733,17.892803467319695
621,1791285920.4242887,-1.9883549904336735,1.2503957071109695,0.5604834482621179,2.4147850190275384,-15.836669274107805,-8.301406470793802,1.200118871546173,17.920762494845153
622,1791285920.4478478,-2.0697856544961732,1.2839259805484695,0.6083838388871179,2.5104998455495924,-15.883295426481094,-8.280840547014249,1.2113018379093268,17.953234970680715
623,1791285920.4678478,-2.1751665138711735,1.2408156289859693,0.7425049326371179,2.6119506816157103,-15.92330776947492,-8.26221329288964,1.2213976751645577,17.980759469486266
624,1791285920.4939415,-2.1416362404336735,1.2839259805484695,0.7041846201371179,2.5944070014367226,-15.97612893495467,-8.23661496925493,1.2354250128942972,18.01679208018273
625,1791285920.5139415,-2.0745756935586734,1.3605666055484693,0.637124073262118,2.56143180295089,-16.016866082900147,-8.215971000571496,1.24657574385325,18.044282465228484
626,1791285920.5241532,-2.1176860451211734,1.4132570352359695,0.5844336435746179,2.6121738680813,-16.037756681486776,-8.204887150586243,1.2523507020948768,18.058189134281058
627,1791285920.5441532,-2.0745756935586734,1.3174562539859693,0.574853565449618,2.523888252514626,-16.078822786107626,-8.182339195415736,1.2637035189715151,18.085247122440748
628,1791285920.568594,-2.0410454201211734,1.1881251992984694,0.4503125498246179,2.4042232194068824,-16.12902369523708,-8.154325003955279,1.2773752587372411,18.11822588398995
629,1791285920.588594,-1.9787749123086735,1.2072853555484695,0.3401416513871179,2.3428154913079156,-16.169971092489504,-8.131246380632664,1.2880704346521157,18.14508909537572
630,1791285920.6142528,-1.9691948341836734,1.1977052774234693,0.22039067482461788,2.315339775517482,-16.222221836762404,-8.101450899651052,1.3008122412227912,18.17927667668609
631,1791285920.6342528,-1.9404545998086735,1.1545949258609693,0.06710942482461789,2.258972592052154,-16.262704456461776,-8.078181787227802,1.309685433593839,18.205709356152223
632,1791285920.659264,-1.9069243263711735,1.0779543008609693,-0.023901317362882122,2.1906430869090694,-16.312953820940194,-8.049259233609115,1.3191985230499796,18.238512036818854
633,1791285920.679264,-1.9308745216836734,0.9342531289859693,-0.09096186423788212,2.1469465266403027,-16.352864609907773,-8.026582494067595,1.3254922002144491,18.264696467690772
634,1791285920.6890273,-1.9452446388711735,0.7761818399234693,-0.17239252830038213,2.1014647599942813,-16.372263379420744,-8.015920596023102,1.3279108474233727,18.27756379788
635,1791285920.7090273,-1.8207036232461735,0.6755910196109693,-0.27298334861288215,1.961097860408969,-16.411689888672363,-7.995178191986248,1.3314541894661829,18.304076310543785
636,1791285920.733049,-1.8254936623086735,0.5702101602359695,-0.23945307517538214,1.92740875612217,-16.458510271723227,-7.9717573929442835,1.334148441740077,18.33606905421602
637,1791285920.753049,-1.8398637794961734,0.5941603555484695,-0.18676264548788213,1.942422595872757,-16.497142852682437,-7.9534360569301334,1.3354158275774781,18.362902898126755
638,1791285920.7627988,-1.8207036232461735,0.5606300821109694,-0.19155268455038213,1.914669737481625,-16.51582782159018,-7.944999801292718,1.3356643551797096,18.376060234572893
639,1791285920.7827988,-1.8398637794961734,0.3833986367984694,-0.25382319236288214,1.8964491701024189,-16.553897926188323,-7.9288742378907076,1.3354296266831853,18.403313710274357
640,1791285920.8090804,-1.8159135841836735,0.23490742586096938,-0.24424311423788214,1.8472623914322623,-16.603627022185986,-7.909643730455295,1.3341856939813377,18.439711106755983
641,1791285920.8290803,-1.7632231544961734,0.22532734773596938,-0.07659174705038212,1.7792117923129311,-16.641162484439675,-7.896514319917248,1.3328998168743245,18.467805748382894
642,1791285920.8536568,-1.9356645607461735,0.23490742586096938,0.052739307637117885,1.9505794587822733,-16.687186148201402,-7.881952343238162,1.3315127538387606,18.502980313977464
643,1791285920.8736567,-1.8207036232461735,0.1486867227359694,-0.01432123923788212,1.8268208787708269,-16.72465614392148,-7.871304154673543,1.330610922845336,18.53219030918328
644,1791285920.8837051,-1.6434721779336734,-0.028544722576530616,0.04315922951211788,1.644286568673813,-16.74326867038351,-7.866666229133853,1.3302475227961854,18.546995492562843
645,1791285920.9037051,-1.6291020607461735,-0.047704878826530614,0.1533301279496179,1.6369970702259455,-16.779666418902124,-7.858934106284825,1.329927452061083,18.576564737440133
646,1791285920.9292471,-1.6003618263711734,-0.057284956951530616,0.22997075294961788,1.6178152208491645,-16.825364046225868,-7.85074172541146,1.330314274391768,18.61442335920716
647,1791285920.9492471,-1.4662407326211735,-0.14350566007653062,0.28266118263711787,1.5001176969295744,-16.8603788815115,-7.845590314204303,1.3313406786127884,18.64398378590221
648,1791285920.9738808,-1.3321196388711734,-0.03812480070153062,0.3832520029496179,1.3866788851279486,-16.902207032828485,-7.840532708890869,1.333645543189605,18.67985990778983
649,1791285920.9938807,-1.2650590919961735,-0.15308573820153062,0.3928320810746179,1.333464207770237,-16.93496892177439,-7.837329208445165,1.3364002837570477,18.708363563429007
650,1791285921.0040681,-1.1884184669961735,-0.3494773397640306,0.4024121591996179,1.3024624407551173,-16.951028242207055,-7.836326192220239,1.3382005978899847,18.722610595191348
651,1791285921.024068,-1.1117778419961735,-0.6081394491390306,0.5700635263871179,1.3895524400574844,-16.98127717904795,-7.836088854275014,1.342663545526589,18.7502215602972
652,1791285921.0497699,-0.9920268654336734,-0.5650290975765306,0.6083838388871179,1.2936406294907927,-17.018374237517744,-7.838091041233307,1.349810151758313,18.785172884609267
653,1791285921.0697699,-0.8147954201211735,-0.5075486288265306,0.555693409199618,1.1091854454066843,-17.045621673672827,-7.841024218093716,1.3562832645904734,18.811549200545
654,1791285921.0940104,-0.6902544044961734,-0.5985593710140307,0.4407324716996179,1.0143813756006828,-17.07642881728677,-7.84605698663737,1.3647635467831127,18.842176385122055
655,1791285921.1140103,-0.6567241310586734,-0.9099119100765307,0.3784619638871179,1.1842549246353946,-17.10005449248163,-7.851849198037608,1.3719396030724194,18.866521082304587
656,1791285921.1388595,-0.6567241310586734,-1.2021042928890306,0.2587109873246179,1.3940131600022594,-17.12745321359667,-7.861902440133444,1.380705663297019,18.896177171342874
657,1791285921.1588595,-0.6615141701211734,-1.1398337850765308,0.12458989357461789,1.323761570847987,-17.148174764428102,-7.872293034727602,1.3872777094771098,18.919763075133936
658,1791285921.1686165,-0.6231938576211734,-0.8380613241390307,0.11979985451211789,1.0512227986186131,-17.15770758809442,-7.8780491316040715,1.3901818096840795,18.9310114167864
659,1791285921.1886165,-0.5752934669961733,-0.9194919882015307,0.06710942482461789,1.0867068438339624,-17.176114639015857,-7.89071447751192,1.395522073332473,18.953357774162054
660,1791285921.214564,-0.6519340919961734,-1.1877341757015307,-0.01432123923788212,1.354967021860524,-17.198801702345712,-7.908782281623535,1.4015139002747157,18.981882372077735
661,1791285921.234564,-0.8579057716836734,-1.2308445272640307,-0.04306147361288212,1.5009446538409361,-17.215930267917614,-7.924247569433326,1.4053534716459266,19.00413041714193
662,1791285921.2592385,-0.9441264748086734,-1.0679831991390307,-0.13886225486288212,1.4322170365916946,-17.23722717916667,-7.944719622092497,1.4090432259967003,19.032235116049584
663,1791285921.2792385,-0.7046245216836734,-1.4511863241390308,-0.44063471580038216,1.6723027287828545,-17.254373280851674,-7.9626030457722266,1.410716119152783,19.05535527216291
664,1791285921.2887745,-0.6710942482461734,-1.6858982382015308,-0.6226562001753821,1.9184163008108974,-17.262306196850513,-7.972094517290101,1.4106336440331835,19.066499246167577
665,1791285921.3087745,-0.9728667091836735,-1.5900974569515307,-0.3592040517378821,1.8983959300489732,-17.278914234161245,-7.99392905875758,1.409013825740169,19.090549988648203
666,1791285921.3340902,-1.1213579201211734,-1.3841257772640307,0.08626958107461788,1.7834489599997054,-17.300759435343217,-8.0230684025718,1.406752813597747,19.122365363901206
667,1791285921.3540902,-0.8722758888711734,-1.3170652303890307,0.12458989357461789,1.5846288805227047,-17.318419324017714,-8.046687772436613,1.4055507926731559,19.148169756412106
668,1791285921.3786836,-0.8052153419961734,-1.3362253866390308,-0.03348139548788212,1.5604457807717824,-17.339971901643395,-8.076269173544336,1.404462467913322,19.1800225270228
669,1791285921.3986835,-0.9680766701211734,-1.4176560507015308,-0.052641551737882125,1.7174668119916996,-17.357529905971816,-8.100847928798697,1.4035809867219446,19.20618705491841
670,1791285921.4084263,-1.0255571388711735,-1.4703464803890307,-0.11491205955038213,1.7963549200845996,-17.36625684976411,-8.113135451756406,1.4030935624001661,19.219222548671794
671,1791285921.4284263,-0.8195854591836734,-1.6140476522640308,-0.3783642079878821,1.849332209899195,-17.384252099831315,-8.139202388929919,1.4015031478930677,19.24637752077014
672,1791285921.4543314,-0.7046245216836734,-1.7960691366390307,-0.5508056142378821,2.006426396562104,-17.407025679995638,-8.174526747669615,1.3979468805117323,19.281641165967333
673,1791285921.4743314,-0.5896635841836734,-1.9685105428890308,-0.3879442861128821,2.091228746241127,-17.423912044348768,-8.203354868670868,1.3942049921291921,19.308846407556977
674,1791285921.498988,-0.5705034279336734,-1.9589304647640307,-0.22029291892538214,2.0521724335916214,-17.443752755399068,-8.240826744671137,1.3891590768298976,19.342324021893507
675,1791285921.518988,-0.5369731544961733,-1.7912790975765307,-0.11012202048788212,1.8732719592895462,-17.459093578463353,-8.272287853582581,1.3851844388402077,19.36929092258349
676,1791285921.5290942,-0.5226030373086734,-1.7577488241390307,-0.01911127830038212,1.8338920645241559,-17.466485888563753,-8.28849107706987,1.3833792998670742,19.382748822531966
677,1791285921.5490942,-0.5034428810586734,-1.7290085897640308,-0.21071284080038213,1.8130982707080792,-17.480459658993656,-8.320976865676196,1.3799981157708223,19.40900617466938
678,1791285921.5730155,-0.4172221779336734,-2.0403611288265306,-0.31609370017538213,2.1064337419146506,-17.496317910205622,-8.360766280488651,1.3756154805546694,19.440058414579923
679,1791285921.5930154,-0.3357915138711734,-2.241542769451531,-0.18676264548788213,2.2742361825056703,-17.508717325632485,-8.395466054286722,1.3717466135467926,19.465886094122737
680,1791285921.6334715,-0.4363823341836734,-2.2175925741390308,-0.11012202048788212,2.2628020739473653,-17.532379615852275,-8.46865821910753,1.3641937366275059,19.518287106646003
681,1791285921.6534715,-0.6136137794961734,-2.145741988201531,-0.31130366111288216,2.2533620480830243,-17.543897706884028,-8.505959193419407,1.3603878147066413,19.544573250806195
682,1791285921.6486459,-0.6231938576211734,-2.2367527303890307,-0.4166845204878821,2.359037801878927,-17.543897706884028,-8.505959193419407,1.3603878147066413,19.544573250806195
683,1791285921.6686459,-0.5082329201211734,-2.418774214764031,-0.02869135642538212,2.4717590086891112,-17.55549359443601,-8.54548010655506,1.3560417888942071,19.571904223376926
684,1791285921.693815,-0.7333647560586734,-2.5768455038265308,0.6802344248246179,2.7641771811402545,-17.57024133574377,-8.59718535805446,1.3526228000445761,19.60751297631154
685,1791285921.713815,-0.6184038185586734,-2.011620894451531,0.5317432138871179,2.1706664302275755,-17.58223005095571,-8.638991319895387,1.3521314777393874,19.636579236798134
686,1791285921.738353,-0.6088237404336734,-1.7194285116390307,0.2491309091996179,1.8409690283846412,-17.596991226766285,-8.689455855238167,1.3530561776208083,19.672099641746946
687,1791285921.758353,-0.6136137794961734,-2.131371871014031,0.1485400888871179,2.222910722666122,-17.609051441683583,-8.730193941189656,1.3542933167410103,19.700992089598245
688,1791285921.768411,-0.5273930763711734,-2.1696921835140306,0.09584965919961788,2.2349261252611496,-17.615067440735885,-8.750852419751094,1.3550065010912828,19.715579160449145
689,1791285921.788411,-0.6040337013711734,-2.0643113241390307,-0.05743159080038212,2.1516357365926653,-17.626932866915567,-8.792120537495443,1.3562695577849186,19.74460971895802
690,1791285921.8134775,-0.7237846779336734,-1.9876706991390307,-0.10054194236288212,2.117736468591287,-17.64206977983464,-8.84370249899736,1.3573181430266021,19.78120351618465
691,1791285921.8334775,-0.7716850685586734,-2.0212009725765308,-0.06701166892538213,2.1645419331472615,-17.654578719548986,-8.884698287993222,1.3577779552478113,19.810743913573223
692,1791285921.858364,-0.8243754982461734,-1.8631296835140307,-0.03348139548788212,2.0376378931359556,-17.67078823813703,-8.935308876216887,1.3580767204269155,19.847943824211306
693,1791285921.878364,-0.8052153419961734,-1.8008591757015306,0.06710942482461789,1.973820962649526,-17.68430530629183,-8.975376828677264,1.358331248217705,19.87805592010403
694,1791285921.9036298,-0.8579057716836734,-1.8343894491390307,0.1724902841996179,2.0324221663680064,-17.70197133266565,-9.025290046606793,1.3590585823427541,19.91639248754994
695,1791285921.9236298,-0.8914360451211734,-1.7529587850765307,0.1916504404496179,1.975918170381253,-17.716481902027944,-9.064255097055444,1.3600941785753342,19.94703756511161
696,1791285921.933187,-0.8866460060586734,-1.7625388632015306,0.09584965919961788,1.975315554923877,-17.723650372030473,-9.082601939400345,1.3607208987789186,19.961788543713926
697,1791285921.953187,-0.9297563576211734,-1.8391794882015307,0.014418995137117882,2.0608823308910673,-17.73912591179509,-9.12063901595124,1.3620010821581936,19.99294103231468
698,1791285921.978767,-1.0255571388711735,-1.8631296835140307,0.03836919044961788,2.127085296234375,-17.759701373011513,-9.169093809480492,1.3634941048567792,20.033431815831747
699,1791285921.998767,-0.9441264748086734,-1.8870798788265308,0.014418995137117882,2.110131080508358,-17.776329995424806,-9.206921345959477,1.3645655244236077,20.06557619026599
700,1791285922.023451,-0.8147954201211735,-1.9014499960140308,-0.03827143455038212,2.069025946356097,-17.797031053050446,-9.253619183719461,1.365645369944059,20.10544129276929
701,1791285922.043451,-0.8100053810586734,-1.9254001913265308,0.00962895607461788,2.0888674756669783,-17.813725054898825,-9.291520219616002,1.3663460950731032,20.137727030987996
702,1791285922.0537274,-0.8579057716836734,-1.9397703085140308,0.023999073262117882,2.1211523090995184,-17.822301557467036,-9.31105224536331,1.366678050432073,20.154352770920475
703,1791285922.0737274,-0.7285747169961734,-1.9349802694515308,-0.07659174705038212,2.0690181384243593,-17.838869276957706,-9.349175951810135,1.3671483110988745,20.186664968806287
704,1791285922.0988073,-0.5705034279336734,-2.011620894451531,-0.12449213767538213,2.0946577468935192,-17.858972364414363,-9.397235540119146,1.3672713234657121,20.226723921123906
705,1791285922.1188073,-0.5465532326211734,-1.9876706991390307,-0.00474116111288212,2.061450393027491,-17.874274448194434,-9.435810761381498,1.367160855325643,20.2581672561541
706,1791285922.143201,-0.5848735451211734,-1.9158201132015307,-0.02869135642538212,2.003313995324663,-17.892208674730597,-9.482944706513106,1.3669851629247285,20.295960681932403
707,1791285922.163201,-0.5705034279336734,-1.9254001913265308,-0.16281245017538212,2.0147327246998357,-17.90644006183438,-9.52155407487638,1.3665754678383664,20.32653724071466
708,1791285922.1738322,-0.5513432716836734,-2.025991011639031,-0.06222162986288212,2.1005928957548616,-17.913764592307395,-9.542149186379916,1.3662109320587967,20.342617955283284
709,1791285922.1938322,-0.6184038185586734,-1.9206101522640306,0.11021977638711788,2.020721415458954,-17.927231741629825,-9.581002370101727,1.3657000063316025,20.372687128635953
710,1791285922.2194011,-0.7285747169961734,-1.7769089803890308,0.11979985451211789,1.924208577045213,-17.94444931262022,-9.63031405209092,1.3655858948204078,20.41105177866218
711,1791285922.239401,-0.6519340919961734,-1.8535496053890308,-0.00953120017538212,1.964880414610897,-17.957967485239323,-9.668545492413374,1.3656754285559822,20.440998936351942
712,1791285922.263051,-0.5417631935586734,-1.9541404257015307,-0.07180170798788213,2.0291199192077904,-17.973672226161348,-9.713726663800843,1.365621157150366,20.476188613542703
713,1791285922.283051,-0.5992436623086734,-1.9445603475765307,-0.07659174705038212,2.036240213702769,-17.986672577117854,-9.752051725176335,1.365359555945027,20.50578235434992
714,1791285922.2929518,-0.7429448341836734,-1.8918699178890308,-0.09096186423788212,2.0345547113801796,-17.993139582945446,-9.771027108812786,1.3651250594314674,20.520468056075142
715,1791285922.3129518,-0.7094145607461734,-1.8966599569515308,-0.11491205955038213,2.0282487009073074,-18.006422162227313,-9.809291198972923,1.3644136113187744,20.55030553090028
716,1791285922.3390377,-0.6615141701211734,-1.9301902303890308,-0.023901317362882122,2.0405407606151966,-18.023830030007527,-9.859199675212068,1.3633532845796767,20.589341887609645
717,1791285922.3590376,-0.6758842873086733,-1.8822898397640309,0.06710942482461789,2.0010842774880686,-18.037180721776554,-9.897443424339858,1.3627270885308624,20.619318607700205
718,1791285922.3833714,-0.6423540138711734,-1.8295994100765307,4.887794961788039e-05,1.9390855274788295,-18.05339361483443,-9.943768797929739,1.362202052490858,20.6557293105481
719,1791285922.4033713,-0.6710942482461734,-1.9349802694515308,0.01920903419961788,2.0481418701327057,-18.066690412382936,-9.981779425088718,1.3618641394406419,20.685644705503098
720,1791285922.413285,-0.6758842873086733,-1.8822898397640309,0.07189946388711789,2.001250644876076,-18.073294291571884,-10.000632756279508,1.3617895074413715,20.70050948016287
721,1791285922.433285,-0.6902544044961734,-1.8870798788265308,-0.01432123923788212,2.0094095425999225,-18.086667829879104,-10.038616498335328,1.3617478957414766,20.730550685415725
722,1791285922.458884,-0.6950444435586733,-1.9637205038265308,-0.10533198142538212,2.0857564148244894,-18.10387735685666,-10.08733448811934,1.361472898697143,20.769167072398353
723,1791285922.478884,-0.6279838966836734,-1.9828806600765307,-0.052641551737882125,2.0806130393633797,-18.11729053324822,-10.125607403660428,1.3610533164593517,20.799437677241023
724,1791285922.503503,-0.6231938576211734,-1.8439695272640308,0.06231938576211788,1.9474285371989548,-18.133635127609743,-10.172718868388657,1.3606321716400647,20.83660845778541
725,1791285922.523503,-0.7142045998086733,-1.7912790975765307,0.052739307637117885,1.9291320458622059,-18.146927493441016,-10.210703146939746,1.3605139505753798,20.866730324055105
726,1791285922.5482407,-0.7333647560586734,-1.9110300741390307,-0.03348139548788212,2.0471885144110797,-18.163588111028584,-10.257506841963455,1.3604253885789883,20.904141621169625
727,1791285922.5682406,-0.7381547951211734,-1.9876706991390307,-0.047851512675382124,2.1208481975477516,-18.177244771732003,-10.295518968491569,1.3602425284284303,20.934664985572937
728,1791285922.592603,-0.7525249123086734,-1.9254001913265308,0.028789112324617883,2.067435235598411,-18.194108607717467,-10.34202658082832,1.36001836472953,20.97218996147946
729,1791285922.612603,-0.7333647560586734,-1.8391794882015307,-0.047851512675382124,1.9805794158567749,-18.20810499226706,-10.380126367006204,1.359833350160226,21.003124947127414
730,1791285922.6226103,-0.7189946388711734,-1.8774998007015307,-0.10533198142538212,2.0132197144551247,-18.21514792578374,-10.399120310963708,1.3596396884279172,21.018609308953575
731,1791285922.6426103,-0.7285747169961734,-1.9397703085140308,0.03357915138711788,2.072355550441707,-18.229283422046418,-10.437112067754516,1.3592030774904635,21.049644068297756
732,1791285922.668714,-0.7716850685586734,-1.8391794882015307,0.1868604013871179,2.0032463264571843,-18.247902658833873,-10.486658847635702,1.359150269214869,21.090359283029755
733,1791285922.688714,-0.7094145607461734,-1.8248093710140307,-0.08617182517538212,1.9597509645343627,-18.26225003161125,-10.524422026360362,1.3592669106945872,21.121572899302112
734,1791285922.6987584,-0.6710942482461734,-2.0068308553890306,-0.46937495017538217,2.1674986542147394,-18.269414677652314,-10.543429020837952,1.358898195758801,21.13721865544051
735,1791285922.7187583,-0.4890727638711734,-2.179272261639031,-0.6513964345503821,2.326528975459974,-18.28328105039537,-10.581877402783432,1.3565929922910216,21.168250751585926
736,1791285922.7436757,-0.27352100605867335,-2.174482222576531,-0.3687841298628821,2.2224284941242636,-18.29939052339098,-10.630730122189814,1.352245291415932,21.20633593496439
737,1791285922.7636757,-0.33100147480867337,-1.9301902303890308,0.3161914560746179,1.9837271331282846,-18.31128806668376,-10.670217112626585,1.3492001639958595,21.23622247421115
738,1791285922.7887263,-0.6279838966836734,-1.6811081991390306,0.6419141123246179,1.905922946844386,-18.3257565642643,-10.719041964432684,1.3477582461165667,21.27316776077132
739,1791285922.8087263,-1.0399272560586734,-1.7050583944515307,0.5988037607621179,2.0850033022242935,-18.338077108819068,-10.757254961176232,1.3486408000250485,21.303108654753576
740,1791285922.8182876,-1.1357280373086733,-1.9493503866390307,0.5221631357621179,2.315707115541099,-18.344643788718816,-10.775403595757952,1.3498032733740295,21.318002891060516
741,1791285922.8382876,-1.0159770607461733,-1.7816990194515308,0.2587109873246179,2.067266833004259,-18.35954689458227,-10.81326842142936,1.353041460070534,21.350186353306533
742,1791285922.8628864,-1.0590874123086733,-1.6188376913265308,-0.00474116111288212,1.934508748075023,-18.378955682873386,-10.859127956288056,1.3568953795957825,21.390367856472903
743,1791285922.8828864,-0.9058061623086734,-1.6619480428890308,-0.01911127830038212,1.8928606240020212,-18.395316219090855,-10.89574214691518,1.3595230020786175,21.423192071341557
744,1791285922.9090915,-0.9632866310586734,-1.7769089803890308,0.10542973732461788,2.0239669186219156,-18.41721069093363,-10.943278625245275,1.3626190764428008,21.466385989529677
745,1791285922.9290915,-1.4901909279336734,-1.9158201132015307,0.1341699716996179,2.430851145000291,-18.43509448221836,-10.97965600485452,1.3649869888377335,21.500435903324195
746,1791285922.9387233,-1.7201128029336734,-2.0499412069515306,0.1629102060746179,2.680967501111774,-18.444734393486065,-10.997412093512722,1.3661709133889182,21.517846606140157
747,1791285922.9587233,-1.7967534279336734,-2.174482222576531,0.4072021982621179,2.850001657431496,-18.467023860358005,-11.035087720242696,1.3691156747506419,21.556405288993126
748,1791285922.9838004,-1.4997710060586735,-2.5433152303890307,0.2778711435746179,2.965632783096134,-18.496979529498656,-11.084114725366566,1.373542610696366,21.60746330005396
749,1791285923.0038004,-1.1500981544961735,-2.806767378826531,-0.13407221580038212,3.036222034514255,-18.521261533908778,-11.125375667955439,1.3767593666440041,21.649632304365493
750,1791285923.0288932,-1.1213579201211734,-3.027109175701531,-0.22508295798788214,3.2359690796748137,-18.551431794317825,-11.180357404970243,1.3795139487369363,21.70389531989267
751,1791285923.0488932,-0.8626958107461734,-3.0989597616390308,-0.3783642079878821,3.238974396321023,-18.574847723995422,-11.226795716146713,1.3804749626135084,21.747910730553194
752,1791285923.0584512,-0.4890727638711734,-2.7684470663265306,-0.3783642079878821,2.83666191170165,-18.58532860903201,-11.249865632583868,1.3803228810706745,21.768766788977796
753,1791285923.0784512,-0.27352100605867335,-2.504994917889031,-0.23945307517538214,2.5312350848185097,-18.605114011077045,-11.298808404412743,1.379125660745311,21.810899255026822
754,1791285923.1042066,-0.04359913105867336,-2.428354292889031,-0.19634272361288213,2.436669021664079,-18.62738379323393,-11.361910975754217,1.376973369152759,21.86249079269684
755,1791285923.1242065,-0.09628956074617337,-2.428354292889031,-0.2586132314253821,2.443983849122075,-18.642292906838286,-11.41084719857678,1.3748703050723905,21.90052024426339
756,1791285923.148601,-0.2974712013711734,-2.1361619100765306,-0.39273432517538215,2.1922401948413373,-18.658470615225372,-11.469933882468405,1.3714982181020086,21.94490638689722
757,1791285923.168601,-0.4555424904336734,-2.0403611288265306,-0.34004389548788216,2.118070430244321,-18.670874013757945,-11.517374834650125,1.3680491206785252,21.980059552149605
758,1791285923.178953,-0.42201221699617336,-1.9541404257015307,-0.25382319236288214,2.0152382806100793,-18.677012290156984,-11.541348066700186,1.3660705957444377,21.997719248957534
759,1791285923.198953,-0.4747026466836734,-1.7433787069515307,-0.15323237205038212,1.8133372765331504,-18.688437697794452,-11.586263412686085,1.3622108602767427,22.03076988850705
760,1791285923.223672,-0.7668950294961734,-1.5086667928890307,-0.19634272361288213,1.7037470303269011,-18.702742585817898,-11.63947865943458,1.357507896383007,22.070633687856397
761,1791285923.243672,-0.9010161232461734,-1.1206736288265307,-0.20592280173788213,1.4526333456768667,-18.715082342706545,-11.680020357838686,1.3536701319731064,22.102253402764354
762,1791285923.2682734,-0.9345463966836735,-0.9721824178890307,-0.12449213767538213,1.3542576983535983,-18.731371150034253,-11.72627080719767,1.34904785567223,22.140226338521604
763,1791285923.2882733,-1.0734575294961735,-1.1110935507015307,-0.22987299705038214,1.5619479955541056,-18.74563896738408,-11.761355484182157,1.3453222450449227,22.170664290088897
764,1791285923.3133364,-1.3369096779336733,-1.3218552694515306,-0.22029291892538214,1.8929230862499833,-18.765367597203525,-11.803300266443971,1.3405076092446355,22.20931964037744
765,1791285923.3333364,-1.4375004982461734,-1.2500046835140308,0.1389600107621179,1.910033841547321,-18.782910921792844,-11.835608738603025,1.337119895325012,22.241116575472894
766,1791285923.3442059,-1.2698491310586735,-0.8284812460140307,0.21081059669961788,1.53079688343303,-18.793222202228886,-11.852228185037587,1.3358400636990433,22.258593449908993
767,1791285923.3642058,-1.2937993263711733,-0.6272996053890307,-0.19155268455038213,1.4505564183437312,-18.81319459074889,-11.880404792399942,1.333867284332006,22.29034568311748
768,1791285923.388168,-1.4806108498086734,-0.9769724569515307,-0.32088373923788216,1.8026785748769405,-18.838520496325756,-11.911982913293736,1.3309372766760692,22.328380717184427
769,1791285923.408168,-1.5189311623086734,-0.8524314413265307,-0.14365229392538212,1.7476919692967718,-18.86098722535988,-11.937130060272265,1.3281617843809232,22.36058869789734
770,1791285923.4339435,-1.2890092873086734,-0.12913554288903062,-0.08617182517538212,1.2983245028340624,-18.891026750349205,-11.966575200212958,1.3246770659063853,22.40144153918893
771,1791285923.4539435,-1.0016069435586734,0.3929787149234694,-0.45021479392538216,1.1663370440987988,-18.9142750038049,-11.985599746235678,1.321574168089396,22.431026692469626
772,1791285923.4641423,-1.4327104591836735,0.014565628985969387,-0.3783642079878821,1.4819011071216415,-18.926214016294537,-11.99353421435636,1.3195954243636994,22.44521713028239
773,1791285923.4841423,-1.6386821388711734,0.11515644929846938,0.20123051857461788,1.655002683283699,-18.95072171564822,-12.00656524738298,1.3160314431902551,22.47263672431589
774,1791285923.509093,-1.1979985451211734,0.7809718789859694,0.6083838388871179,1.5541069735698216,-18.982018162481186,-12.01870652348755,1.3137672065150818,22.505383895668217
775,1791285923.529093,-1.0063969826211734,1.3749367227359695,0.3209814951371179,1.7338728322392591,-19.006648329825296,-12.023745022501823,1.3136185341101625,22.52884193102135
776,1791285923.5539892,-1.2411088966836734,1.3797267617984694,0.06710942482461789,1.8570139755937614,-19.03690576118349,-12.023932656056505,1.31418587332896,22.554507797494065
777,1791285923.5739892,-1.6913725685586734,0.9582033242984694,0.11979985451211789,1.9476259346985825,-19.06196534235582,-12.020553887216318,1.3148536366190928,22.573902599116003
778,1791285923.5838196,-1.5812016701211735,0.7857619180484694,0.27308110451211787,1.7866711513568343,-19.074847946506104,-12.017856452045486,1.315422290649115,22.5833795895795
779,1791285923.6038196,-0.9872368263711734,1.1929152383609694,0.11021977638711788,1.5523632681701989,-19.10097867614875,-12.010223725090912,1.3169806231443069,22.60148885085147
780,1791285923.629175,-0.8243754982461734,1.6335988321109693,-0.052641551737882125,1.8305767504675463,-19.132582280519845,-11.996623634410861,1.3187693804740386,22.62109272394778
781,1791285923.649175,-1.2171587013711733,1.4324171914859694,-0.11491205955038213,1.8832150955794253,-19.156833834576727,-11.982906167533763,1.3197173576909862,22.63439808542947
782,1791285923.6739013,-1.0830376076211734,1.3126662149234694,-0.11012202048788212,1.7053415818303488,-19.18658479502434,-11.96340015688583,1.320296239939737,22.649308191899244
783,1791285923.6939013,-0.6854643654336734,1.4707375039859694,0.03836919044961788,1.6230842235343264,-19.209692040757236,-11.945814207465125,1.3205866061581455,22.659626968782426
784,1791285923.70407,-0.7668950294961734,1.7773000039859694,0.1389600107621179,1.9406785346948812,-19.220786047496237,-11.935736870926391,1.3208473366610436,22.663739069764773
785,1791285923.72407,-0.9010161232461734,1.7725099649234695,0.1389600107621179,1.9932213912893797,-19.24183465334396,-11.913565068721347,1.3217001004044864,22.66998289872966
786,1791285923.748272,-0.9537065529336735,1.5282179727359695,0.1389600107621179,1.806741886903847,-19.26685141968905,-11.884768302208652,1.3230817003398467,22.676195148466412
787,1791285923.768272,-0.8387456154336734,1.3222462930484693,0.1820703623246179,1.5763816427904278,-19.287112482259367,-11.860265058687407,1.3245337149343874,22.680674256459934
788,1791285923.7935765,-0.9297563576211734,1.2360255899234693,0.3114014170121179,1.5777125802882495,-19.312258470402487,-11.829057981469617,1.327031807580004,22.68591971631152
789,1791285923.8135765,-1.1117778419961735,1.3509865274234694,0.3066113779496179,1.7762953313910266,-19.33221422435379,-11.804212080010151,1.3296370823515529,22.690127025138686
790,1791285923.8235698,-1.1500981544961735,1.2982960977359694,0.2539209482621179,1.752933076400318,-19.34238503087462,-11.791673987495045,1.3311637031620855,22.692365035724816
791,1791285923.8435698,-1.2554790138711733,1.0300539102359694,0.22997075294961788,1.6401601017813956,-19.363295314561018,-11.76685246988363,1.3344865290784838,22.697508162421688
792,1791285923.8688512,-1.4614506935586735,0.9725734414859694,0.28266118263711787,1.7780985835877616,-19.390914204943858,-11.736385502013968,1.3390287835948844,22.705578531248058
793,1791285923.8888512,-1.7009526466836735,1.0492140664859695,0.3401416513871179,2.027260813654862,-19.414229567467153,-11.712865929731572,1.343017333774138,22.713591383684797
794,1791285923.9139383,-1.6530522560586733,1.0108937539859695,0.3066113779496179,1.9617590270460539,-19.4453991632774,-11.6839131159268,1.3484868278117925,22.725663709658683
795,1791285923.9339383,-1.6051518654336734,0.8911427774234694,0.2682910654496179,1.8554320404313676,-19.471408166394568,-11.661440537910394,1.3530555174849923,22.7366596191031
796,1791285923.958449,-1.7871733498086735,0.7618117227359694,0.574853565449618,2.0260311707558794,-19.504737908215404,-11.634992178070567,1.3593646825691388,22.75204861528198
797,1791285923.9784489,-2.3955083107461737,0.6516408242984694,1.422690479512118,2.8613185826189986,-19.5341286399996,-11.614528048677304,1.3667368824471462,22.767244304557497
798,1791285923.9892073,-2.3667680763711734,0.9342531289859693,1.566391651387118,2.9879763790707985,-19.55140962140302,-11.603891558866342,1.3725195219265174,22.77699996338169
799,1791285924.0092072,-1.8446538185586734,1.0875343789859695,0.857465870137118,2.3066699924890637,-19.58503344853797,-11.584051534147848,1.3852927952356757,22.796552837099647
800,1791285924.033281,-1.8590239357461735,0.7809718789859694,0.3976221201371179,2.055234881921384,-19.62612243285669,-11.560378769357513,1.4006277401030318,22.820797468687168
801,1791285924.053281,-1.9117143654336735,0.2588576211734694,0.2778711435746179,1.949069381904227,-19.660793934652684,-11.542102265528717,1.41246990465966,22.842110543475794
802,1791285924.078378,-1.8925542091836736,-0.17703593351403063,0.27308110451211787,1.92033237906764,-19.704935865824766,-11.522454189341355,1.4261380214086568,22.871058516777154
803,1791285924.098378,-1.9260844826211734,-0.009384566326530615,0.2539209482621179,1.9427725940638403,-19.740564416254365,-11.509424723255858,1.436186951072488,22.895837479572833
804,1791285924.1092215,-1.9165044044961734,0.28280781648596937,0.2443408701371179,1.9526064258672708,-19.760108866037818,-11.503197730653387,1.4412232169662138,22.909879632798116
805,1791285924.1292214,-1.9260844826211734,0.3163380899234694,0.21081059669961788,1.9632402626808954,-19.79651366771575,-11.492536609092598,1.4498015784100928,22.936483508248394
806,1791285924.1538703,-1.8829741310586734,0.3115480508609694,0.29224126076211787,1.9308181480199702,-19.841692274182627,-11.480207484270636,1.4597180694005034,22.96995195962317
807,1791285924.1738703,-1.7440629982461735,0.5558400430484695,0.42157231544961793,1.878413456207421,-19.878291839001246,-11.47040318897688,1.4676280453934907,22.99718608512398
808,1791285924.199146,-1.7536430763711734,0.7474416055484694,0.4455225107621179,1.9576576055595647,-19.924238296243562,-11.457400630379798,1.4777688212147584,23.031089891263946
809,1791285924.219146,-1.8638139748086735,0.8001320352359694,0.4838428232621179,2.0852140619430943,-19.960567233219127,-11.446333986265447,1.4859833703903493,23.05755738524949
810,1791285924.2279372,-2.0602055763711733,0.8480324258609694,0.6035937998246179,2.3082312465195596,-19.976727959818557,-11.441112490682286,1.4897695364911785,23.069203026478824
811,1791285924.2479372,-1.9979350685586734,0.9965236367984694,0.5988037607621179,2.311573023025112,-20.014065942101983,-11.4282486011705,1.4988946232635632,23.095765558140965
812,1791285924.2736053,-1.7823833107461735,0.9629933633609694,0.617963917012118,2.118047659292095,-20.06207537311085,-11.410443133134287,1.5111915672174823,23.12939213908791
813,1791285924.2936053,-1.7632231544961734,0.9869435586734694,0.694604542012118,2.13670048213182,-20.09919037127345,-11.395725688575817,1.5213046705310744,23.155007783426417
814,1791285924.3187234,-1.8638139748086735,1.1162746133609693,0.7712451670121179,2.305361284650594,-20.145644228396336,-11.37605234504737,1.5348620720410202,23.1865769339626
815,1791285924.3387234,-1.7105327248086735,1.2072853555484695,0.6898145029496179,2.2043829478660935,-20.18244579743472,-11.359252054112423,1.5462293331965988,23.21108680665525
816,1791285924.348582,-1.5764116310586735,1.2024953164859693,0.5077930185746179,2.0466857028915997,-20.200295685103953,-11.350431097942424,1.5518776219116142,23.222673317862395
817,1791285924.368582,-1.6578422951211735,1.0444240274234693,0.5892236826371179,2.0460809301522134,-20.235927045053838,-11.331850044513597,1.563262939712773,23.24537286908437
818,1791285924.3939242,-1.6770024513711734,0.9725734414859694,0.6898145029496179,2.0576881127781284,-20.28064207489868,-11.308003761623166,1.5779564721447832,23.27370487634098
819,1791285924.4139242,-1.4375004982461734,0.8192921914859694,0.617963917012118,1.7662182142127396,-20.31530940542839,-11.289319485314342,1.589774802146667,23.295662999823076
820,1791285924.438551,-1.2698491310586735,0.7857619180484694,0.4407324716996179,1.5569790361838955,-20.356594007819012,-11.266799285702048,1.6040997222264448,23.321767121346443
821,1791285924.458551,-1.2650590919961735,0.8480324258609694,0.4263623545121179,1.5815556768254921,-20.3888953803205,-11.248802764852204,1.6152889432600364,23.342060252737316
822,1791285924.4691176,-1.2315288185586735,0.9007228555484694,0.3976221201371179,1.5767270670189713,-20.405380017934466,-11.239334890907902,1.6209668724783959,23.352295734423443
823,1791285924.4891176,-1.0974077248086733,0.8192921914859694,0.23476079201211789,1.3894804924739994,-20.43539430760054,-11.221522723626416,1.631050237342025,23.37067045723571
824,1791285924.513474,-1.1692583107461734,0.7761818399234693,0.11500981544961789,1.4081372459834065,-20.470604075680964,-11.20017002474505,1.6421269328220645,23.39200762375866
825,1791285924.533474,-1.1117778419961735,0.8192921914859694,-0.00953120017538212,1.3810794722825817,-20.498600947369983,-11.182873297669351,1.6500163388072748,23.408798557584596
826,1791285924.5585477,-0.9728667091836735,0.7809718789859694,-0.07180170798788213,1.2496168192188848,-20.532355666403344,-11.161431932263733,1.6582706254661495,23.428722830268107
827,1791285924.5785477,-0.8866460060586734,0.7713918008609694,-0.03348139548788212,1.175715720035733,-20.55803059187943,-11.14456616890841,1.6637090974268465,23.44358984606857
828,1791285924.5882697,-0.9537065529336735,0.6468507852359694,-0.023901317362882122,1.1526245704654665,-20.56998098226416,-11.136563374858627,1.6659143527315994,23.450424986417385
829,1791285924.6082697,-0.7908452248086734,0.6947511758609693,-0.06701166892538213,1.0548013698014644,-20.59349438836661,-11.120557202239153,1.6696341164847115,23.46372693531209
830,1791285924.6336951,-0.5321831154336734,0.3115480508609694,-0.00953120017538212,0.6167429773615123,-20.621425444038593,-11.101342300931384,1.6735076659916892,23.479429638188055
831,1791285924.653695,-0.5657133888711734,0.004985550860969386,0.07189946388711789,0.5702859168634183,-20.64174758265861,-11.08802001097356,1.6761911555446294,23.491180213430503
832,1791285924.6790745,-0.4986528419961734,-0.19619608976403063,-0.047851512675382124,0.5379938008331309,-20.66569355163024,-11.074014198915581,1.6791314123143366,23.50583252615181
833,1791285924.6990745,-0.4699126076211734,-0.3877976522640306,-0.07180170798788213,0.6134821620656968,-20.683186209222242,-11.065508627403288,1.6809214149650606,23.517337641658884
834,1791285924.7237647,-0.42201221699617336,-0.5793992147640307,-0.05743159080038212,0.7190939778534258,-20.703193453983307,-11.058374473169954,1.682560413564815,23.53169935910302
835,1791285924.7437646,-0.4268022560586734,-0.6799900350765307,-0.10533198142538212,0.8097168887278762,-20.718242322655737,-11.055351454654923,1.6834447730556437,23.543583988640144
836,1791285924.7542386,-0.4363823341836734,-0.8236912069515308,-0.14365229392538212,0.9431504267861437,-20.725619308819176,-11.055186989118864,1.6836428514074464,23.55001291612335
837,1791285924.7742386,-0.23520069355867337,-0.9290720663265307,-0.2777733876753821,0.9978237948552783,-20.738600049318894,-11.057549192399533,1.6833322085716997,23.562523919825736
838,1791285924.7992315,-0.14418995137117335,-1.1063035116390307,-0.27298334861288215,1.148572205201386,-20.75309936258018,-11.063873579187439,1.6819698660444002,23.578156296870397
839,1791285924.8192315,-0.24478077168367338,-1.2452146444515306,-0.3783642079878821,1.3242494518892216,-20.763545125730353,-11.071702646315005,1.680066192023349,23.59088866673401
840,1791285924.8434634,-0.2878911232461734,-1.0392429647640307,-0.4981151845503821,1.1878661438626563,-20.775270844320165,-11.08391722532468,1.6765127718726631,23.606689619405785
841,1791285924.8634634,-0.3262114357461734,-1.0775632772640307,-0.3592040517378821,1.181771580342195,-20.784418217174515,-11.095661613333272,1.6727338796046818,23.619987000334923
842,1791285924.8739007,-0.3262114357461734,-1.2404246053890307,-0.19634272361288213,1.2975428962395952,-20.78898655388671,-11.10268573715515,1.6706227465934567,23.627157528512527
843,1791285924.8939006,-0.23520069355867337,-1.3122751913265307,-0.24424311423788214,1.3553745765928262,-20.797269486532677,-11.117955535266626,1.6665232973402635,23.6413335766028
844,1791285924.9185383,-0.2878911232461734,-1.1781540975765308,-0.3496239736128821,1.262206520108803,-20.806909155316795,-11.138546473471946,1.6611333869644573,23.659121925138898
845,1791285924.9385383,-0.46033252949617337,-1.1925242147640307,-0.22508295798788214,1.297953149573392,-20.814682849992657,-11.156310210999868,1.6565522954888428,23.674003573065704
846,1791285924.9640079,-0.3980620216836734,-1.4128660116390308,-0.22029291892538214,1.4843088324470552,-20.824737255374586,-11.180515542103823,1.6507426990681164,23.693850700152943
847,1791285924.9840078,-0.28310108418367336,-1.8439695272640308,-0.16760248923788212,1.8730884751508774,-20.83246994547129,-11.201556960487839,1.6462831642181126,23.7102705725769
848,1791285925.0087337,-0.6279838966836734,-2.0499412069515306,-0.10533198142538212,2.1465594687226592,-20.842285416676205,-11.230889422031566,1.6410907099846939,23.732402266068476
849,1791285925.0287337,-0.7381547951211734,-1.9349802694515308,-0.19155268455038213,2.0798349876097286,-20.851083123597288,-11.25703395477953,1.637075378363074,23.752231404242117
850,1791285925.0392838,-0.5609233498086734,-2.164902144451531,-0.21071284080038213,2.246293881193996,-20.856055705210515,-11.272000584177553,1.6349567052900955,23.763546456215586
851,1791285925.0592837,-0.5705034279336734,-2.3660837850765306,0.10063969826211788,2.4359710565095893,-20.865765510064286,-11.302913826593159,1.6313776305814351,23.786496679123236
852,1791285925.0838232,-0.5657133888711734,-2.490624800701531,0.2443408701371179,2.565725238024721,-20.87798330420227,-11.344092707423114,1.6282798346111507,23.81658920636959
853,1791285925.1038232,-0.6040337013711734,-2.4523044882015306,0.1677002451371179,2.5311612725120027,-20.888201932231006,-11.380034209472253,1.6267518640228606,23.842577046064456
854,1791285925.1140897,-0.5992436623086734,-2.634325972576531,0.1629102060746179,2.706530256962163,-20.89358712291871,-11.399633168116747,1.6263397339214978,23.856625917357924
855,1791285925.1340897,-0.5848735451211734,-2.5960056600765307,0.19644047951211788,2.6683161943298517,-20.90428043296231,-11.439931840966661,1.6261963286090773,23.885256863703088
856,1791285925.1582553,-0.4651225685586734,-2.471464644451531,0.11979985451211789,2.517703020155013,-20.917165929330974,-11.490504596828798,1.6266222066042526,23.920815751305938
857,1791285925.1782553,-0.4699126076211734,-2.4427244100765306,-0.10054194236288212,2.489543951120198,-20.92763314103238,-11.53345268299141,1.6269506891480572,23.950643586788182
858,1791285925.2042367,-0.4076420998086734,-2.4235642538265307,-0.2873534658003821,2.4743499728756366,-20.9409011675444,-11.59035894485815,1.6265575477105583,23.989653011986853
859,1791285925.2242367,-0.21125049824617337,-2.284653121014031,-0.3783642079878821,2.325387307580117,-20.95051094719534,-11.634655768567125,1.6253017346163388,24.019382371954343
860,1791285925.234229,-0.16814014668367336,-1.9397703085140308,-0.46937495017538217,2.0028212108352474,-20.954876313203272,-11.656633452733224,1.624133102566125,24.03376277422822
861,1791285925.254229,-0.3166313576211734,-1.7002683553890308,-0.42147455955038216,1.7801148000380582,-20.96303025817503,-11.699484095387723,1.6208086382194706,24.061454368868045
862,1791285925.2787693,-0.5226030373086734,-1.9589304647640307,-0.27298334861288215,2.0457376197852875,-20.973079110232376,-11.750910360823813,1.6160631990887753,24.094928967225265
863,1791285925.2987692,-0.5082329201211734,-2.1936423788265307,-0.2681933095503821,2.2676629464199927,-20.981586610769078,-11.792764277513118,1.6119640763967393,24.122493531842586
864,1791285925.3236015,-0.6040337013711734,-2.2607029257015308,-0.10054194236288212,2.3421663290299692,-20.992636691117248,-11.845231567294876,1.6069512394115586,24.157454303256532
865,1791285925.3436015,-0.7716850685586734,-1.9780906210140308,0.06231938576211788,2.1241996271117847,-21.002265075031886,-11.88750849120641,1.603462152488508,24.18634092385352
866,1791285925.3692555,-0.7381547951211734,-1.8487595663265308,-0.00474116111288212,1.990680013023927,-21.01566791177837,-11.940966066580135,1.5997687870551451,24.22404236607518
867,1791285925.3892555,-0.6471440529336734,-1.9828806600765307,-0.2586132314253821,2.1017830384750082,-21.026627409437417,-11.982137828300276,1.5969263027075815,24.25367726279808
868,1791285925.399315,-0.6040337013711734,-2.2463328085140306,-0.13886225486288212,2.3302683375148656,-21.032256934161232,-12.002930936464624,1.5954111630947256,24.268735434493493
869,1791285925.419315,-0.5178129982461734,-2.2367527303890307,-0.01911127830038212,2.2959874387752537,-21.043453189779893,-12.04479439823268,1.5926137273181358,24.298979664393258
870,1791285925.443409,-0.6375639748086734,-2.2367527303890307,-0.09575190330038212,2.327814216354532,-21.057005859266706,-12.095745980055998,1.5895416178672956,24.335800975644204
871,1791285925.463409,-0.7956352638711734,-2.327763472576531,-0.23466303611288214,2.4711505413257644,-21.068718054994783,-12.138542812981276,1.5868783981653771,24.367053271867043
872,1791285925.4885461,-0.8387456154336734,-2.413984175701531,-0.11491205955038213,2.5581279462483346,-21.084311841976373,-12.193203578990806,1.5833741467971498,24.407570404633987
873,1791285925.508546,-0.7333647560586734,-2.428354292889031,0.1581201670121179,2.5415999733312717,-21.09721590033204,-12.237433514041083,1.5810690748399865,24.440684875330607
874,1791285925.5192523,-0.8626958107461734,-2.2607029257015308,0.2778711435746179,2.4356178174307077,-21.104368998304217,-12.26132386903247,1.580370321637963,24.45878214857403
875,1791285925.5392523,-0.8626958107461734,-2.1601121053890306,0.21560063576211788,2.335982021306726,-21.118315240712203,-12.30588975558102,1.5800010025028615,24.493153419895147
876,1791285925.5636475,-0.6279838966836734,-2.078681441326531,0.1341699716996179,2.175610693647931,-21.135502089391796,-12.35985105946017,1.5802580481189765,24.535129555014958
877,1791285925.5836475,-0.5705034279336734,-2.002040816326531,-0.00474116111288212,2.0817454383594005,-21.149276593618445,-12.403575446658422,1.5806313151738118,24.569065502147875
878,1791285925.6091008,-0.7812651466836734,-1.9254001913265308,-0.07180170798788213,2.0791095717765526,-21.166757930643303,-12.45837255209877,1.5808889830364734,24.61182435168156
879,1791285925.6291008,-0.8818559669961734,-1.9110300741390307,-0.04306147361288212,2.1051271176107864,-21.18092819252744,-12.500725544268894,1.5808887818104715,24.645467485332766
880,1791285925.6386485,-0.8339555763711733,-1.8343894491390307,0.10063969826211788,2.01757153611451,-21.187906829565875,-12.52059347367977,1.580929930673524,24.66154894156521
881,1791285925.6586485,-0.6471440529336734,-1.7960691366390307,0.12458989357461789,1.9131603201027425,-21.202554148733867,-12.561414598545934,1.5813410415197158,24.69489985070094
882,1791285925.6843712,-0.5944536232461733,-1.8727097616390307,0.014418995137117882,1.9648472889640514,-21.220962152822302,-12.613118798927294,1.5820586518588575,24.73707561748743
883,1791285925.7043712,-0.5992436623086734,-2.0499412069515306,-0.13886225486288212,2.140241725740486,-21.234918420669338,-12.653173721118895,1.5823462508977415,24.769505146591563
884,1791285925.7289999,-0.6519340919961734,-2.0930515585140306,-0.16281245017538212,2.198269951765933,-21.251837810155664,-12.702752656338415,1.582090048225574,24.80934389051772
885,1791285925.7489998,-0.7285747169961734,-2.1265818319515306,-0.12449213767538213,2.2513706266573186,-21.26558722502919,-12.74330409240967,1.581482247178277,24.841861550920246
886,1791285925.759056,-0.7237846779336734,-2.174482222576531,-0.10054194236288212,2.2939803570403607,-21.27255900336174,-12.763879370529503,1.581052753228956,24.858360986706828
887,1791285925.779056,-0.8387456154336734,-2.208012496014031,0.03357915138711788,2.3621898631082137,-21.286688505275258,-12.805235370339371,1.5802262547031893,24.89165071718751
888,1791285925.8042998,-0.9153862404336734,-2.078681441326531,0.1581201670121179,2.276807082496578,-21.30516855997898,-12.85772052105276,1.5797024777009596,24.934446941624202
889,1791285925.8242998,-0.7525249123086734,-2.088261519451531,0.06231938576211788,2.220588575830507,-21.320115505437965,-12.899316168953467,1.5796804079277784,24.968681843121622
890,1791285925.849149,-0.6088237404336734,-2.1696921835140306,-0.10533198142538212,2.255953311668601,-21.338437969543072,-12.951180456728316,1.5795769381705498,25.01113898858625
891,1791285925.869149,-0.6423540138711734,-2.145741988201531,-0.09575190330038212,2.241873276091473,-21.35284962035576,-12.993135343214758,1.5792045262128205,25.045152023739735
892,1791285925.8790731,-0.6950444435586733,-1.9445603475765307,0.03836919044961788,2.0653992153248493,-21.35992357735534,-13.013875446879629,1.5790047404285874,25.061934190075053
893,1791285925.8990731,-0.6088237404336734,-1.9254001913265308,-0.02869135642538212,2.019568131460144,-21.373996976885326,-13.055207918142992,1.578677026637209,25.09538646262055
894,1791285925.9229608,-0.5130229591836734,-2.035571089764031,-0.22508295798788214,2.111256629618785,-21.390294519679774,-13.104266061347808,1.577889668163208,25.134761276967218
895,1791285925.9429607,-0.4938628029336734,-2.2032224569515306,-0.2777733876753821,2.274917079332278,-21.403403231220924,-13.145537189659127,1.57657504920748,25.16736789512827
896,1791285925.9686975,-0.6184038185586734,-2.121791792889031,-0.09575190330038212,2.2121464965424065,-21.419888706491598,-13.199028590901264,1.5744160975532913,25.209220019472045
897,1791285925.9886975,-0.6854643654336734,-1.9876706991390307,-0.00953120017538212,2.102566776174306,-21.43273368958083,-13.240525556875212,1.572832116561361,25.241778687280448
898,1791285925.9980812,-0.5992436623086734,-2.0930515585140306,-0.023901317362882122,2.1772756064372754,-21.43876050160267,-13.259946739420025,1.572176885307589,25.25704613639588
899,1791285926.0180812,-0.46033252949617337,-2.198432417889031,-0.02869135642538212,2.246293464280944,-21.45126836582986,-13.301568433078405,1.570910943686262,25.28945231664209
900,1791285926.0437114,-0.5321831154336734,-2.1505320272640307,0.023999073262117882,2.215532176285976,-21.4668008886505,-13.355266237335513,1.5695229513076048,25.33081283649937
901,1791285926.0637114,-0.5705034279336734,-2.059521285076531,-0.00953120017538212,2.1370991855185713,-21.478757305032744,-13.397197909329188,1.568624027619802,25.36301457891506
902,1791285926.0893118,-0.6088237404336734,-2.0930515585140306,-0.08138178611288212,2.1813193641978663,-21.494030465161238,-13.4507934590613,1.5674714252704787,25.404215338889042
903,1791285926.1093118,-0.6615141701211734,-2.131371871014031,-0.08617182517538212,2.2333321815786857,-21.506078121751692,-13.492720246504255,1.5664547087818228,25.436561799582456
904,1791285926.1342227,-0.6471440529336734,-2.0738914022640307,-0.10533198142538212,2.175066849534305,-21.521278153003443,-13.544965557444545,1.565020505080005,25.47706408659803
905,1791285926.1542227,-0.6040337013711734,-2.035571089764031,-0.09575190330038212,2.125458727160076,-21.53352788737483,-13.586783554791593,1.5637401347569555,25.50958239270401
906,1791285926.1637752,-0.5800835060586734,-2.0068308553890306,-0.08138178611288212,2.0905716804868746,-21.539349387635987,-13.60665697803579,1.5630934241353207,25.525045488953783
907,1791285926.1837752,-0.6231938576211734,-2.078681441326531,-0.04306147361288212,2.1705163922905113,-21.551514483043196,-13.648152801284507,1.5617558466267274,25.5573655278572
908,1791285926.2095246,-0.6663042091836734,-2.078681441326531,-0.01432123923788212,2.1829069910521914,-21.567317674524006,-13.70159259131404,1.5601812474216132,25.599160078740734
909,1791285926.2295246,-0.6327739357461734,-2.078681441326531,0.00483891701211788,2.172865113943545,-21.579699679781992,-13.743109994608362,1.5591274613127695,25.63176523445287
910,1791285926.2543852,-0.6231938576211734,-2.0738914022640307,-0.06222162986288212,2.1663950848781535,-21.595124036842265,-13.794719009073457,1.557907062009494,25.672372876688947
911,1791285926.2743852,-0.5752934669961733,-2.1361619100765306,-0.12928217673788212,2.216046967113372,-21.607469122323007,-13.836324932225907,1.5567852832207905,25.705061562274683
912,1791285926.2834253,-0.6423540138711734,-2.1409519491390308,-0.10533198142538212,2.237719543188918,-21.613037745913346,-13.85521007131052,1.556195219345906,25.71987539408258
913,1791285926.3034253,-0.8004253029336734,-2.054731246014031,-0.00474116111288212,2.20513574129384,-21.625673736142,-13.89701718454873,1.5549204918483386,25.752953789918443
914,1791285926.3289452,-0.7668950294961734,-2.0068308553890306,0.01920903419961788,2.1484569009878434,-21.64237849574918,-13.950134736025557,1.553565620671765,25.79558823218162
915,1791285926.3489451,-0.6710942482461734,-2.0164109335140306,0.00962895607461788,2.125176053793922,-21.655663312067027,-13.99155371900892,1.5527063335195244,25.82909649824534
916,1791285926.373751,-0.6615141701211734,-2.054731246014031,-0.00953120017538212,2.158613521312757,-21.672148017389773,-14.04279364131189,1.5518006146273076,25.870642398048002
917,1791285926.393751,-0.7189946388711734,-2.045151167889031,-0.02869135642538212,2.1680451527071303,-21.685516132531124,-14.08405937560195,1.551122570518243,25.904214322355347
918,1791285926.4044158,-0.6998344826211734,-2.078681441326531,-0.07659174705038212,2.19466424158622,-21.69271024898835,-14.106062029904862,1.5507310271419505,25.92218028362253
919,1791285926.4244158,-0.6615141701211734,-2.0499412069515306,-0.10054194236288212,2.1563785918532727,-21.706219738614365,-14.147327332558245,1.549841204163509,25.95590209863037
920,1791285926.4492283,-0.7142045998086733,-2.0643113241390307,-0.07659174705038212,2.185711725976858,-21.72302603070109,-14.198499209460355,1.548573224452632,25.99779449805416
921,1791285926.4692283,-0.8531157326211734,-2.0738914022640307,-0.03827143455038212,2.242832295186819,-21.736891654971334,-14.239766355771758,1.5475321875040011,26.031870093373865
922,1791285926.4943178,-0.7525249123086734,-2.112211714764031,-0.00474116111288212,2.2422654950385073,-21.754697991955812,-14.291646757989383,1.5463411873934088,26.07506899020948
923,1791285926.5143178,-0.5752934669961733,-2.0738914022640307,4.887794961788039e-05,2.1522054093283476,-21.768754821030495,-14.333078696270828,1.5455271587728203,26.10947118518748
924,1791285926.5236337,-0.6231938576211734,-1.9780906210140308,0.00962895607461788,2.073958969197684,-21.775157707471227,-14.35231391209737,1.5452116231150979,26.125353333052498
925,1791285926.5436337,-0.7525249123086734,-1.9589304647640307,-0.01432123923788212,2.0985488813270723,-21.788905412546203,-14.393320285655163,1.5446287882453034,26.159318531181462
926,1791285926.5687232,-0.6806743263711734,-1.9876706991390307,-0.047851512675382124,2.1015332769342523,-21.8062615265391,-14.444471950755752,1.5438903173321719,26.20189704986914
927,1791285926.5887232,-0.5896635841836734,-2.0212009725765308,-0.03827143455038212,2.1058065478004373,-21.81992707579101,-14.48514426910926,1.5432607646580152,26.235668008981193
928,1791285926.613896,-0.7094145607461734,-1.9637205038265308,0.023999073262117882,2.0880716442844705,-21.836999642426527,-14.536180537092651,1.5425602977100734,26.27802485466438
929,1791285926.6338959,-0.8004253029336734,-1.9733005819515308,0.01920903419961788,2.1295456884747965,-21.8507940824519,-14.576552583136783,1.54215206075909,26.311809520083752
930,1791285926.6439188,-0.6950444435586733,-2.0643113241390307,-0.023901317362882122,2.178311110576748,-21.857794306370888,-14.596785111623909,1.541974635679092,26.328824381495323
931,1791285926.6639187,-0.5657133888711734,-2.1409519491390308,-0.08617182517538212,2.216107504234481,-21.87155864634272,-14.637409754055827,1.5415085922703322,26.362759541986133
932,1791285926.6881583,-0.5369731544961733,-2.1601121053890306,-0.07659174705038212,2.227171024464451,-21.887743059971726,-14.687079692658953,1.540732584441741,26.403739565724702
933,1791285926.7081583,-0.6854643654336734,-2.1265818319515306,-0.04306147361288212,2.234740695198311,-21.900927374134557,-14.72834488302957,1.5400088650624044,26.437594257894393
934,1791285926.74903,-0.8483256935586734,-2.0978415975765308,-0.03348139548788212,2.263121042878191,-21.92853092528288,-14.812974317765145,1.5385170905285352,26.507578378978828
935,1791285926.76903,-0.7621049904336734,-2.112211714764031,-0.00953120017538212,2.2455140142531063,-21.942427816448003,-14.85448962648992,1.5378320923799673,26.54224798482377
936,1791285926.793502,-0.5465532326211734,-2.1840623007015307,0.06231938576211788,2.252272691144677,-21.95928334093019,-14.905553457263176,1.5372165400068638,26.584745313909913
937,1791285926.813502,-0.6567241310586734,-2.164902144451531,0.11021977638711788,2.2650024897276455,-21.972797296764362,-14.947549452409042,1.5370477422133642,26.61945851137382
938,1791285926.808198,-0.9632866310586734,-2.1074216757015307,0.22997075294961788,2.3285261003487228,-21.972797296764362,-14.947549452409042,1.5370477422133642,26.61945851137382
939,1791285926.828198,-0.9105962013711734,-2.2894431600765306,0.08626958107461788,2.4653960869993305,-21.987437463174455,-14.98993405754166,1.5378338883674665,26.655402122546683
940,1791285926.8536093,-0.9153862404336734,-2.5528953085140307,-0.023901317362882122,2.7121537010980634,-22.006728664084047,-15.044937542231793,1.5388017784644896,26.702325049659617
941,1791285926.8736093,-1.0447172951211734,-2.667856246014031,-0.09096186423788212,2.8665598261447482,-22.022574462207746,-15.089565514963041,1.5392769939131372,26.74057118009705
942,1791285926.898554,-1.0016069435586734,-2.754076949139031,-0.12928217673788212,2.9334059031075097,-22.043201835985734,-15.147021720956332,1.5393687501205808,26.790010644752932
943,1791285926.918554,-0.8052153419961734,-2.892988081951531,-0.23945307517538214,3.01248893184864,-22.059969716889878,-15.194648978954207,1.5388781800473972,26.830724320389834
944,1791285926.9286067,-0.6279838966836734,-3.1947605428890307,-0.16281245017538212,3.259964201463988,-22.06821417750882,-15.219587082244704,1.5383653006845224,26.85160099019761
945,1791285926.9486067,-0.6471440529336734,-2.950468550701531,-0.02869135642538212,3.02074217500596,-22.084068988849047,-15.2709774830921,1.5372107203150007,26.893714380724756
946,1791285926.9732883,-0.6040337013711734,-2.667856246014031,0.07668950294961789,2.7364566398265655,-22.10301625016278,-15.33528453090031,1.5360884530763332,26.945757490453015
947,1791285926.9932883,-0.6519340919961734,-2.533735152264031,0.04315922951211788,2.616618925487123,-22.117950551364856,-15.38737983245333,1.5354952392650574,26.9876442160226
948,1791285927.018211,-0.5800835060586734,-2.6199558553890308,4.887794961788039e-05,2.683405590025042,-22.1360720230116,-15.452193053207086,1.5349476645416327,27.039453010266683
949,1791285927.0382109,-0.4794926857461734,-2.5624753866390306,-0.023901317362882122,2.6070605316690694,-22.15002223934154,-15.504176497796864,1.5345383792224625,27.080579427247642
950,1791285927.048065,-0.6710942482461734,-2.3900339803890307,-0.17718256736288213,2.4887795361623803,-22.15671492020948,-15.529607279336663,1.5342183588261145,27.100600441289465
951,1791285927.068065,-0.6375639748086734,-2.2271726522640307,-0.26340327048788215,2.3315589479724386,-22.170223933912194,-15.580405564817822,1.5330053903479806,27.14070692467046
952,1791285927.0935664,-0.4842827248086734,-2.2702830038265307,-0.11491205955038213,2.3242029722986413,-22.187010853875737,-15.64406336164737,1.5309671873782367,27.190881368982254
953,1791285927.1135664,-0.5082329201211734,-2.025991011639031,-0.18197260642538213,2.096676968401734,-22.199690241501457,-15.69294377827774,1.529163139492726,27.22926864890029
954,1791285927.138531,-0.5561333107461733,-1.8727097616390307,-0.11012202048788212,1.956643291470356,-22.215135870392327,-15.752105373992572,1.5267021519236512,27.27584838119698
955,1791285927.158531,-0.9584965919961734,-1.6906882772640308,-0.12928217673788212,1.9477824439521936,-22.227925736289485,-15.797737405714251,1.5246672010788553,27.312520933666107
956,1791285927.168877,-0.9441264748086734,-1.5565671835140307,-0.20592280173788213,1.8321245584029033,-22.235025805962195,-15.82032162513672,1.5235123270252453,27.331301445872846
957,1791285927.1888769,-0.5273930763711734,-1.4128660116390308,-0.2873534658003821,1.5352217553684302,-22.248899603391347,-15.861885160364595,1.520874775404241,27.366512282072833
958,1791285927.213095,-0.4986528419961734,-1.3170652303890307,-0.42626459861288213,1.4713996690094682,-22.265043144570093,-15.90962376634226,1.5168638394232632,27.407100366939222
959,1791285927.233095,-0.6327739357461734,-1.3889158163265307,-0.2681933095503821,1.5496508154707895,-22.278072309059063,-15.947193047257704,1.5130066603438588,27.43929046182524
960,1791285927.2581985,-0.9920268654336734,-1.1063035116390307,-0.047851512675382124,1.486712658475851,-22.295032282278356,-15.991973732850214,1.508296386588835,27.4788399742384
961,1791285927.2781985,-0.9537065529336735,-0.6560398397640307,-0.11491205955038213,1.1632494323645102,-22.309436070011646,-16.024942452426806,1.504862472814414,27.50953161047299
962,1791285927.2880285,-0.6423540138711734,-0.6416697225765307,-0.27298334861288215,0.9480920950138504,-22.316630312371817,-16.039672705785716,1.5031418925766953,27.523853737386027
963,1791285927.3080285,-0.7381547951211734,-0.8141111288265307,-0.32088373923788216,1.1448212986081605,-22.331142785529746,-16.06733085298845,1.4992755239186808,27.55153146276507
964,1791285927.3331287,-0.8626958107461734,-0.7710007772640307,-0.14844233298788212,1.166499629937199,-22.349637752637353,-16.099819482034803,1.4942675187651606,27.585201294278363
965,1791285927.3531287,-1.0159770607461733,-0.4309080038265306,-0.023901317362882122,1.1038398292759146,-22.36498210368968,-16.123626370593943,1.4906171620093407,27.611332661799374
966,1791285927.3787405,-0.8914360451211734,-0.09560526945153063,-0.21550287986288214,0.9220846389119461,-22.385348451559896,-16.150551682075996,1.4861838580795879,27.64331541970281
967,1791285927.3987405,-0.9489165138711734,-0.13392558195153062,-0.2969335439253821,1.0032687283607338,-22.401627220791738,-16.168767758791958,1.4824725813605089,27.66694196928084
968,1791285927.40898,-1.1692583107461734,-0.028544722576530616,-0.22987299705038214,1.1919821278898821,-22.410337964038842,-16.176819678992988,1.4804529704662703,27.678592514556403
969,1791285927.4289799,-1.1357280373086733,0.07204609773596939,-0.16760248923788212,1.150286663978474,-22.428257521359445,-16.19012269186048,1.4765036826767148,27.700665539782072
970,1791285927.453083,-1.1453081154336735,0.033725785235969384,-0.08138178611288212,1.148691038956489,-22.4507375698576,-16.2035588972392,1.472007991452191,27.726480950416594
971,1791285927.473083,-1.1884184669961735,0.1822169961734694,-0.08138178611288212,1.2050578747524703,-22.470093354878113,-16.21271155115058,1.46859303125041,27.747321973646144
972,1791285927.513903,-1.0734575294961735,0.1917970742984694,-0.04306147361288212,1.0913072325661521,-22.51059738815722,-16.227444961750347,1.4622876168740677,27.78840135439264
973,1791285927.533903,-1.1117778419961735,0.28280781648596937,0.07189946388711789,1.1494345409489333,-22.53074368191101,-16.232868980058996,1.459704900067604,27.80775403694113
974,1791285927.5434446,-1.2075786232461734,0.43608906648596946,0.1916504404496179,1.2981331582523652,-22.54057330680469,-16.234554088708208,1.4588461490016222,27.816657303584936
975,1791285927.5634446,-1.1453081154336735,0.41692891023596945,0.27308110451211787,1.2490531154079654,-22.561615507456988,-16.23627682353972,1.4580132585691608,27.834672300192434
976,1791285927.573994,-1.3464897560586735,0.30675801179846945,0.42157231544961793,1.4439038604169767,-22.573021198839726,-16.236476625101645,1.458189443907841,27.844043810033483
977,1791285927.593994,-1.4375004982461734,0.35944844148596944,0.5509033701371179,1.580855903545014,-22.595577209466228,-16.23579929234486,1.4599320749734281,27.862029534005444
978,1791285927.618333,-1.2746391701211734,0.4839894571109694,0.5700635263871179,1.477810283060272,-22.62386037715695,-16.233559002644075,1.463780939812788,27.883869008750885
979,1791285927.638333,-1.0063969826211734,0.49835957429846944,0.4790527841996179,1.2209376404933054,-22.64703662058005,-16.2305207252903,1.4680428951528275,27.901132963555092
980,1791285927.6640255,-1.2123686623086734,0.38818867586096945,0.536533252949618,1.3814471227432172,-22.676618889198245,-16.225494816322147,1.4746536230918854,27.922577416645073
981,1791285927.6840255,-1.4231303810586735,0.3115480508609694,0.5413232920121179,1.5541535239358792,-22.700145893365782,-16.221119708903977,1.4806445400630994,27.939464140256934
982,1791285927.6936972,-1.2363188576211734,0.24448750398596938,0.3928320810746179,1.3200664760671819,-22.711745703295897,-16.218917998349095,1.483784703776519,27.947778283353994
983,1791285927.7136972,-1.2506889748086734,0.23490742586096938,0.28266118263711787,1.3035726886531536,-22.735865266543495,-16.21432894687415,1.4903174271823014,27.965068901213588
984,1791285927.7384841,-1.3943901466836734,0.30196797273596937,0.29224126076211787,1.456335638587005,-22.76619119038957,-16.20849656463546,1.4982680565921294,27.986775973173035
985,1791285927.7584841,-1.4039702248086734,0.2971779336734694,0.4551025888871179,1.5055117013240074,-22.79118758405377,-16.203597741461877,1.5048419638744872,28.004631056217697
986,1791285927.7830868,-1.4518706154336734,0.20137715242346937,1.020327198262118,1.7859307469751906,-22.822593749760358,-16.1975555316053,1.5144381927013402,28.027220941533795
987,1791285927.8030868,-1.4327104591836735,0.21095723054846938,1.317309620137118,1.9576687279212412,-22.848621705267036,-16.192761973749214,1.5245754637810152,28.046200892699556
988,1791285927.813551,-1.2698491310586735,0.3833986367984694,0.9436865732621179,1.627899161159742,-22.862318088013296,-16.190163682647384,1.530858260027938,28.056202797968048
989,1791285927.833551,-1.4422905373086734,0.21095723054846938,0.6610742685746179,1.600538701719608,-22.888637251681097,-16.185051001137406,1.5434723447474896,28.07539666732178
990,1791285927.858403,-1.4614506935586735,-0.10039530851403063,0.637124073262118,1.5974493520624897,-22.92184817534886,-16.179444845839896,1.559215215474845,28.100119419345663
991,1791285927.878403,-1.1692583107461734,-0.3207371053890306,0.656284229512118,1.3786755520892664,-22.94851209738064,-16.1762416651512,1.5719242035959644,28.12073874553885
992,1791285927.9035509,-1.1836284279336735,-0.23451640226403064,0.5652734873246179,1.3324820125674264,-22.981447925992928,-16.173865406081266,1.587811382203247,28.147149339402226
993,1791285927.9235508,-1.4566606544961733,0.028935746173469386,0.4503125498246179,1.5249521081966426,-23.00767296723843,-16.172567426270838,1.6000744883273044,28.168514176166028
994,1791285927.9331353,-1.4710307716836735,-0.057284956951530616,0.4024121591996179,1.5261548556437192,-23.020459955341284,-16.172059087402104,1.6056826897813723,28.178986649312996
995,1791285927.9531353,-1.3225395607461734,-0.17703593351403063,0.5700635263871179,1.4510082824059902,-23.047330702152067,-16.17150892319884,1.6170887190603946,28.201278858817258
996,1791285927.978782,-1.3704399513711734,-0.03812480070153062,0.7233447763871179,1.550092521841611,-23.08179936908162,-16.171323114342975,1.632008995170557,28.230207345029147
997,1791285927.998782,-1.4231303810586735,0.10078633211096938,0.7425049326371179,1.6083443478381856,-23.10883738075828,-16.171105958173143,1.6440977178046092,28.252895255291705
998,1791285928.023928,-1.4375004982461734,0.12473652742346938,0.8622559091996179,1.6809081285666156,-23.14312808367017,-16.170448557033335,1.6600435119376502,28.281505060628415
999,1791285928.043928,-1.5237212013711734,0.2588576211734694,0.9676367685746179,1.8234731924119774,-23.170752176312696,-16.169428729654786,1.6735685185617892,28.304328528439008
1000,1791285928.0534713,-1.6003618263711734,0.4025587930484694,0.953266651387118,1.9057620170980236,-23.184192471683986,-16.16854167902379,1.680429101895454,28.31523198840008
1001,1791285928.0734713,-1.7775932716836735,0.3115480508609694,0.977216846699618,2.0522799012327435,-23.21320100849478,-16.165890389374567,1.6955457911917038,28.338376606151666
1002,1791285928.09772,-1.7871733498086735,0.38818867586096945,0.9005762216996179,2.0385574707188923,-23.249579279249275,-16.161885486425444,1.7145395834913546,28.36704293932988
1003,1791285928.11772,-1.5668315529336734,0.46003926179846943,0.6610742685746179,1.7617083828591193,-23.280114022759125,-16.157805425485055,1.7301980488882827,28.39070218168049
1004,1791285928.143296,-1.3943901466836734,0.5127296914859695,0.4072021982621179,1.54046397165572,-23.318985099630975,-16.151504482962043,1.7492677572432231,28.420170668496784
1005,1791285928.163296,-1.5668315529336734,0.38818867586096945,0.3497217295121179,1.6516527635759843,-23.349263834196567,-16.145964983437754,1.763078434497639,28.44272758389231
1006,1791285928.1880178,-1.6003618263711734,0.3115480508609694,0.2491309091996179,1.6493290675968746,-23.38694951630337,-16.138847332029886,1.7786993944852645,28.470608922547353
1007,1791285928.2080178,-1.4518706154336734,0.21095723054846938,0.047949268574617884,1.4678999861834165,-23.417442414030976,-16.133169122973186,1.7898867650294563,28.493147418222158
1008,1791285928.2187257,-1.4231303810586735,0.1726369180484694,0.06231938576211788,1.4349171728037988,-23.433628134553494,-16.130276998991363,1.7950665170693623,28.5051403682464
1009,1791285928.2387257,-1.3512797951211735,0.23011738679846938,0.1293799326371179,1.3768261558304526,-23.463486487231847,-16.125081279993736,1.8035775333911115,28.527291079628807
1010,1791285928.2637975,-1.1548881935586734,0.06246601961096939,-0.00474116111288212,1.1565860200763072,-23.500014777234757,-16.118994784683444,1.812880859150887,28.554495695220737
1011,1791285928.2837975,-1.0447172951211734,-0.13392558195153062,-0.31130366111288216,1.0983079065765853,-23.528082203269555,-16.114975023461536,1.8187149159442586,28.575702898022943
1012,1791285928.3090694,-1.1405180763711733,-0.26325663663903065,-0.3783642079878821,1.230140241253083,-23.562370080962165,-16.111410388939497,1.8236738313959204,28.602248422044845
1013,1791285928.3290694,-1.2315288185586735,-0.41653788663903063,-0.32088373923788216,1.3390793165654964,-23.588993035663012,-16.110032209114888,1.8259607408140628,28.623554336285203
1014,1791285928.3384964,-1.0686674904336735,-0.4979685507015306,-0.25382319236288214,1.2060054293322535,-23.601285854459025,-16.110126623908137,1.8264706578804137,28.63377147506663
1015,1791285928.3584964,-1.0159770607461733,-0.6368796835140307,-0.25382319236288214,1.2256636293113419,-23.626580650572127,-16.111999154308396,1.826628730445142,28.655687088347946
1016,1791285928.383137,-1.0351372169961734,-0.8715915975765307,-0.30172358298788216,1.3864407998568267,-23.65686053385669,-16.116747832892074,1.8257675941758613,28.683271053618
1017,1791285928.403137,-1.0016069435586734,-0.9721824178890307,-0.27298334861288215,1.4222781133299534,-23.68080630558575,-16.122789693541108,1.8243114205655377,28.70632416287448
1018,1791285928.4286044,-0.9680766701211734,-0.8668015585140307,-0.26340327048788215,1.3258577087979555,-23.71048658266732,-16.1328417541325,1.8217107809277215,28.73629042204432
1019,1791285928.4486043,-0.9632866310586734,-0.7614206991390307,-0.2681933095503821,1.2568254715517688,-23.733195789142933,-16.141994031842543,1.819177409097518,28.760006261049437
1020,1791285928.4586372,-0.9105962013711734,-0.8859617147640307,-0.27298334861288215,1.2994743208694564,-23.744288991613544,-16.14713614850611,1.8176899660576826,28.771952702733955
1021,1791285928.4786372,-1.0399272560586734,-1.0152927694515308,-0.27298334861288215,1.4787792310599253,-23.766011374020902,-16.15870095873279,1.814350656064411,28.796159146785605
1022,1791285928.502851,-1.0974077248086733,-1.1685740194515306,-0.23945307517538214,1.6208660427739865,-23.792247071087935,-16.17456813271858,1.8099836131152787,28.826441258875395
1023,1791285928.522851,-1.0159770607461733,-1.3170652303890307,-0.32088373923788216,1.6940592029706132,-23.81383666603411,-16.189436590926793,1.8060771014078474,28.85235845445602
1024,1791285928.548169,-0.8626958107461734,-1.3505955038265307,-0.12928217673788212,1.6078140931269145,-23.840634636092883,-16.21050070073121,1.8010188531684894,28.88598036642598
1025,1791285928.5681689,-0.8052153419961734,-1.3410154257015308,0.04315922951211788,1.5647865151667022,-23.86113028841145,-16.22868183852298,1.797493253166735,28.91288008572878
1026,1791285928.5933597,-0.9345463966836735,-1.3458054647640307,0.014418995137117882,1.6385289817284072,-23.88636011869893,-16.25322301386392,1.7938274891912174,28.947249871439336
1027,1791285928.6133597,-0.8770659279336734,-1.6619480428890308,-0.19155268455038213,1.8889172480983103,-23.90610383749587,-16.274296205245673,1.791087955075638,28.975205154200815
1028,1791285928.6234152,-0.8435356544961734,-1.7864890585140307,-0.2586132314253821,1.9924799522366377,-23.915839150373873,-16.285902756976437,1.7895776855243637,28.989663315892013
1029,1791285928.6434152,-0.6040337013711734,-2.1601121053890306,-0.30651362205038213,2.263822347434276,-23.934469104093157,-16.311444786961165,1.7861767216585676,29.019174171810395
1030,1791285928.6690173,-0.5178129982461734,-2.471464644451531,-0.34004389548788216,2.547920257932967,-23.95689430014601,-16.348130181814845,1.781234673200899,29.057992737127368
1031,1791285928.6890173,-0.6710942482461734,-2.6055857382015306,-0.32567377830038213,2.710259754898183,-23.973568154055105,-16.38010512151436,1.7769545412008063,29.089472000544806
1032,1791285928.6986651,-0.6710942482461734,-2.610375777264031,-0.46458491111288214,2.735007921046967,-23.981376190775126,-16.396990138912845,1.7746277201015606,29.105274318652867
1033,1791285928.7186651,-0.6327739357461734,-2.797187300701531,-0.43105463767538216,2.900080645366103,-23.99709013933625,-16.434853714317065,1.7691842878214348,29.139230683233638
1034,1791285928.7438948,-0.5657133888711734,-2.916938277264031,-0.29214350486288215,2.9856169176821274,-24.016207434205793,-16.486265845782473,1.761979042050939,29.183552751596952
1035,1791285928.7638948,-0.6040337013711734,-2.926518355389031,-0.11012202048788212,2.9902329769129046,-24.030843450884838,-16.529672958765772,1.7565206877635928,29.219803045387362
1036,1791285928.788669,-0.6088237404336734,-2.8881980428890306,0.057529346699617886,2.9522303276667556,-24.048507427280573,-16.586180882242694,1.7506758146897679,29.26596951318342
1037,1791285928.808669,-0.6758842873086733,-2.754076949139031,0.1533301279496179,2.8399418197820094,-24.062555401298553,-16.633419682127318,1.7469813870323665,29.304081059282172
1038,1791285928.818218,-0.6758842873086733,-2.6918064413265306,0.07668950294961789,2.776422656452078,-24.069224565922095,-16.65649071066064,1.74564681472455,29.322577253728394
1039,1791285928.838218,-0.6663042091836734,-2.667856246014031,-0.07659174705038212,2.750869779594844,-24.08311101126378,-16.705603724642238,1.7432710121254942,29.36175106507363
1040,1791285928.8637936,-0.7046245216836734,-2.557685347576531,-0.08138178611288212,2.654217973128158,-24.100834778517456,-16.76901137544596,1.7403855757835824,29.41222401457646
1041,1791285928.8837936,-0.7812651466836734,-2.4858347616390306,-0.09096186423788212,2.607302006354705,-24.11484450011869,-16.818723360174584,1.7382091271140805,29.451936297985053
1042,1791285928.9089303,-0.6902544044961734,-2.447514449139031,-0.16760248923788212,2.5485032305393363,-24.132585428988637,-16.881131840606937,1.7353965434379803,29.501964220545798
1043,1791285928.9289303,-0.6950444435586733,-2.4235642538265307,-0.12449213767538213,2.52433134974205,-24.146661584774407,-16.930645374904795,1.7330562485154557,29.541690920814325
1044,1791285928.9539351,-0.8004253029336734,-2.318183394451531,-0.14844233298788212,2.456967651824128,-24.164424975522206,-16.99215629670296,1.7300573473349838,29.591314746632854
1045,1791285928.9739351,-0.8243754982461734,-2.538525191326531,-0.08138178611288212,2.6702674218547755,-24.17893891906328,-17.041260603650148,1.7276737572853496,29.63124207361082
1046,1791285928.9834943,-0.7860551857461734,-2.643906050701531,0.07189946388711789,2.7592193629506645,-24.18598999509367,-17.06492541268167,1.7266985911511954,29.650552767323635
1047,1791285929.0034943,-0.7381547951211734,-2.2894431600765306,0.1485400888871179,2.4100802150111487,-24.200815929256912,-17.114410884742057,1.7252950164048466,29.691062535166772
1048,1791285929.0284493,-0.7237846779336734,-2.069101363201531,0.2587109873246179,2.207255328723087,-24.219276372509107,-17.175052252029566,1.7245686214522857,29.74104747311402
1049,1791285929.0484493,-0.6567241310586734,-2.1696921835140306,0.23476079201211789,2.2790268504304216,-24.233922842231227,-17.2227208288171,1.724813990288116,29.780532439358442
1050,1791285929.0740445,-0.6375639748086734,-2.2271726522640307,0.07668950294961789,2.31790144847215,-24.25233978728972,-17.28301493510087,1.72567877382434,29.83046358398581
1051,1791285929.0940444,-0.6998344826211734,-2.222382613201531,0.01920903419961788,2.330047589539963,-24.26657817319814,-17.329735805682237,1.7263969992241404,29.86916480134005
1052,1791285929.103606,-0.6519340919961734,-2.112211714764031,-0.052641551737882125,2.2111597683710364,-24.273333540089226,-17.35182997315293,1.7266648864772163,29.887490630627095
1053,1791285929.123606,-0.6040337013711734,-2.0499412069515306,-0.22508295798788214,2.1489015804188503,-24.28722822709041,-17.397355628074106,1.726724591542062,29.92522373549603
1054,1791285929.1487472,-0.5992436623086734,-2.174482222576531,-0.24903315330038214,2.269247323356626,-24.304343642632006,-17.453965501037942,1.7258943966327918,29.97199931734448
1055,1791285929.1687472,-0.6663042091836734,-2.164902144451531,-0.07659174705038212,2.26641322135725,-24.317815051162803,-17.49875299179752,1.7248445991920285,30.00895822953314
1056,1791285929.1940336,-0.7860551857461734,-2.0403611288265306,-0.00474116111288212,2.1865449388643774,-24.335046805651192,-17.554860177720485,1.7235621621372752,30.055586592500603
1057,1791285929.2140336,-0.7908452248086734,-2.025991011639031,-0.05743159080038212,2.175631893603945,-24.348997003137313,-17.59868036774812,1.72260672508838,30.092433927389003
1058,1791285929.2240863,-0.8435356544961734,-2.1361619100765306,0.023999073262117882,2.296805621289172,-24.35618931964182,-17.62054013685284,1.7221733183034829,30.111015821903994
1059,1791285929.2440863,-0.9584965919961734,-2.0643113241390307,0.11500981544961789,2.2788866179533094,-24.371055216751266,-17.66380766790458,1.7216489017506604,30.148341723012944
1060,1791285929.2838633,-0.8291655373086734,-1.9685105428890308,0.11979985451211789,2.1393693582144184,-24.40151949300707,-17.74898357576322,1.721462864552095,30.22290531921689
1061,1791285929.3038633,-0.7477348732461734,-2.0164109335140306,0.052739307637117885,2.151232653162702,-24.416904719069883,-17.791363586439047,1.7216421641327735,30.26023638483887
1062,1791285929.3141942,-0.7525249123086734,-2.025991011639031,-0.08138178611288212,2.1627658953289983,-24.424822252247125,-17.81310326569021,1.7216986954554494,30.279412748696803
1063,1791285929.3341942,-0.7764751076211734,-2.059521285076531,-0.10054194236288212,2.2033270748149714,-24.440144405322517,-17.855005143568967,1.7215188349447905,30.316422848498494
1064,1791285929.3436017,-0.8387456154336734,-2.054731246014031,-0.09575190330038212,2.221392159827082,-24.44741015010002,-17.87466122068633,1.7213084252412811,30.333847093574
1065,1791285929.3636017,-0.7812651466836734,-2.069101363201531,-0.07180170798788213,2.212851365522563,-24.462969823980615,-17.916366737442846,1.720676871430545,30.370937071078504
1066,1791285929.38817,-0.7381547951211734,-2.078681441326531,-0.01911127830038212,2.205936145275742,-24.482016248096137,-17.96755654716068,1.7198499131889995,30.416444426845096
1067,1791285929.40817,-0.7716850685586734,-2.0164109335140306,-0.06701166892538213,2.160069781651392,-24.49746012868883,-18.009119833753786,1.7191485173161305,30.453397537348653
1068,1791285929.4338505,-0.8435356544961734,-2.0930515585140306,-0.02869135642538212,2.2568208659390376,-24.5174269325577,-18.06239799720659,1.7181986690569058,30.50092869846994
1069,1791285929.4538505,-0.8483256935586734,-2.0978415975765308,4.887794961788039e-05,2.2628733621798878,-24.533182330345667,-18.10395336518962,1.7175269256210641,30.538173839363395
1070,1791285929.4631832,-0.6471440529336734,-2.0930515585140306,-0.03348139548788212,2.191068519168045,-24.540478277407814,-18.123369228069706,1.7172370853840473,30.55553124179462
1071,1791285929.4831831,-0.5752934669961733,-2.069101363201531,-0.11491205955038213,2.1506621784466806,-24.555601928949187,-18.164979588544174,1.7164865343621634,30.592325762646524
1072,1791285929.5089462,-0.6998344826211734,-2.121791792889031,-0.07659174705038212,2.235539087368665,-24.574625106528064,-18.218637781013694,1.715294704570869,30.6394059610448
1073,1791285929.5289462,-0.7812651466836734,-2.102631636639031,0.028789112324617883,2.2432707910117387,-24.589399378677225,-18.260381279235865,1.7144365604532916,30.676039167190055
1074,1791285929.5536683,-0.6806743263711734,-1.9876706991390307,0.06231938576211788,2.1019124750185156,-24.607633227930304,-18.311824829208238,1.7137038463197913,30.721251968772986
1075,1791285929.5736682,-0.5944536232461733,-1.9924607382015307,-0.00953120017538212,2.0792704843867416,-24.622084300708934,-18.35316982864072,1.7132791826219862,30.75745769122915
1076,1791285929.59867,-0.5992436623086734,-2.1265818319515306,-0.09096186423788212,2.2112705206620626,-24.639678004123077,-18.404825782452356,1.7126395073770788,30.802345337839427
1077,1791285929.61867,-0.7573149513711734,-2.0834714803890306,-0.01911127830038212,2.2169223229791015,-24.65367570277321,-18.446264392756763,1.7120394497641342,30.83827937454593
1078,1791285929.6277223,-0.6471440529336734,-2.0212009725765308,4.887794961788039e-05,2.122274440118617,-24.660014443468057,-18.46499349016555,1.7117956524663673,30.854538423053942
1079,1791285929.6477222,-0.5465532326211734,-2.0738914022640307,-0.052641551737882125,2.145347784729249,-24.67370900848627,-18.506308971201186,1.7112589173682984,30.890189301059497
1080,1791285929.6735308,-0.6040337013711734,-2.1361619100765306,-0.16760248923788212,2.2262378607985056,-24.690957228364613,-18.55977565241392,1.7102438773894162,30.935959258458677
1081,1791285929.6935308,-0.6136137794961734,-2.188852339764031,-0.15802241111288212,2.278720587981769,-24.704145018011516,-18.60148141550403,1.7090868385119036,30.971452496514587
1082,1791285929.718774,-0.6854643654336734,-2.155322066326531,-0.06222162986288212,2.2625530131018476,-24.720752887863277,-18.654449639706773,1.707428544131079,31.01643801174581
1083,1791285929.738774,-0.7429448341836734,-2.0643113241390307,-0.052641551737882125,2.1945658802091628,-24.734080000694426,-18.696450314674372,1.7061394780495465,31.052260461492953
1084,1791285929.748793,-0.6375639748086734,-2.1170017538265307,-0.11491205955038213,2.213908089580178,-24.740792022651043,-18.717476111170303,1.7054646912990203,31.07023192210789
1085,1791285929.7687929,-0.5896635841836734,-2.1409519491390308,-0.08617182517538212,2.222342002142921,-24.754021848307328,-18.759539692387992,1.7040180848650188,31.10603807575475
1086,1791285929.793202,-0.7285747169961734,-2.1170017538265307,-0.01432123923788212,2.2389110392876197,-24.770159553743614,-18.810970803823764,1.702333425249167,31.149821283451157
1087,1791285929.813202,-0.8147954201211735,-2.025991011639031,4.887794961788039e-05,2.1836966726818168,-24.78371390800926,-18.853005110269034,1.7011387150441515,31.185928712958095
1088,1791285929.838713,-0.7716850685586734,-2.0978415975765308,0.00483891701211788,2.2352764099047584,-24.801445261238396,-18.906469771698433,1.6998527387075166,31.232287550028136
1089,1791285929.858713,-0.7237846779336734,-2.059521285076531,-0.01432123923788212,2.1830477048356376,-24.815504245369787,-18.9483334780444,1.6989815690472518,31.268756465825536
1090,1791285929.8682864,-0.6519340919961734,-2.0212009725765308,-0.03827143455038212,2.124084775745482,-24.822212237403015,-18.96829666287649,1.6985893520995905,31.286158352163298
1091,1791285929.8882864,-0.7046245216836734,-2.0643113241390307,-0.03348139548788212,2.1815127694722305,-24.83615872917677,-19.00987436922877,1.6977852472825041,31.322397397080167
1092,1791285929.9137933,-0.7381547951211734,-2.1505320272640307,-0.04306147361288212,2.274096478243268,-24.85403745730033,-19.06300966585211,1.6967671312794042,31.368782796708082
1093,1791285929.9337933,-0.6471440529336734,-2.121791792889031,-0.09096186423788212,2.2201508728832597,-24.868031285771863,-19.10483195845832,1.6958875386689727,31.40524826736562
1094,1791285929.958677,-0.5465532326211734,-2.054731246014031,-0.04306147361288212,2.1266159079497027,-24.88505837725621,-19.156856118845077,1.6947071912655285,31.4503306701489
1095,1791285929.978677,-0.5992436623086734,-2.0499412069515306,-0.01911127830038212,2.1358176794223995,-24.898409574617837,-19.198554789856953,1.6938075469727647,31.48625556287604
1096,1791285929.9882822,-0.6471440529336734,-2.121791792889031,-0.047851512675382124,2.2188027413188385,-24.904757683907672,-19.21858228998597,1.693392054932852,31.503467066067987
1097,1791285930.0082822,-0.7333647560586734,-2.112211714764031,-0.08617182517538212,2.2375629101478824,-24.91806382806151,-19.26037953349898,1.6924556496392043,31.539444047728065
1098,1791285930.0338035,-0.5944536232461733,-2.0738914022640307,-0.07180170798788213,2.1586005058475153,-24.935037980400978,-19.313727740666994,1.6911375961243027,31.585378653637733
1099,1791285930.0538034,-0.4938628029336734,-2.0930515585140306,-0.052641551737882125,2.1511709433908055,-24.94797710945362,-19.355513933969632,1.6900729625253734,31.62109783231085
1100,1791285930.0783741,-0.5705034279336734,-2.0978415975765308,-0.047851512675382124,2.174558184338107,-24.96345028827285,-19.406872402138973,1.688776023717016,31.66468871134303
1101,1791285930.0983741,-0.7046245216836734,-2.059521285076531,-0.052641551737882125,2.177359587484484,-24.976068564763878,-19.448642348855117,1.687727957953992,31.700191100772983
1102,1791285930.108768,-0.6231938576211734,-2.0978415975765308,-0.10054194236288212,2.190757548172164,-24.982677641125182,-19.470334607349553,1.6871455734681047,31.71867859840007
1103,1791285930.128768,-0.5800835060586734,-2.145741988201531,-0.17239252830038213,2.229444939384281,-24.995292227033243,-19.51217939578044,1.6857836358700438,31.754238217202982
1104,1791285930.1538851,-0.6854643654336734,-2.2128025350765306,-0.11491205955038213,2.3193881169288204,-25.011142071137776,-19.56505845101699,1.6837885737302827,31.799117658440995
1105,1791285930.173885,-0.7764751076211734,-2.1265818319515306,-0.04306147361288212,2.264314061973593,-25.02406258857194,-19.607357519968783,1.6822013007417556,31.835231718472844
1106,1791285930.2130601,-0.6998344826211734,-2.179272261639031,0.08147954201211788,2.2903350866590344,-25.04991206734822,-19.69043410199216,1.6796714628195135,31.906622916406935
1107,1791285930.2330601,-0.5178129982461734,-2.231962691326531,0.04315922951211788,2.291647982504805,-25.06295590360631,-19.733101984162648,1.678760599054787,31.943157478439996
1108,1791285930.2278466,-0.46033252949617337,-2.2367527303890307,0.00962895607461788,2.2836509215311818,-25.06295590360631,-19.733101984162648,1.678760599054787,31.943157478439996
1109,1791285930.2478466,-0.5992436623086734,-2.174482222576531,-0.06222162986288212,2.2563992187423914,-25.07521657243326,-19.77624398187897,1.67809091592176,31.97940433008931
1110,1791285930.273132,-0.6902544044961734,-2.2175925741390308,0.06710942482461789,2.3235041731624304,-25.090837722901213,-19.830935020373452,1.6773805209086265,32.025454357919116
1111,1791285930.293132,-0.9537065529336735,-2.1409519491390308,0.047949268574617884,2.344254800568335,-25.103806103680355,-19.8742428142988,1.6770754946531536,32.06242646069777
1112,1791285930.3183646,-0.9920268654336734,-2.2702830038265307,-0.11491205955038213,2.480223175570272,-25.121395381501127,-19.929033427352845,1.6766216660454087,32.11015321472799
1113,1791285930.3383646,-0.7860551857461734,-2.495414839764031,-0.25382319236288214,2.628574554874615,-25.135912964889794,-19.973096167613168,1.6757628047483681,32.148823805498964
1114,1791285930.3630319,-0.7812651466836734,-2.5193650350765306,-0.20592280173788213,2.645747457650561,-25.154032226662395,-20.028567334897364,1.6740118585427357,32.19737819219183
1115,1791285930.3830318,-0.8243754982461734,-2.581635542889031,-0.05743159080038212,2.7106706598254298,-25.168927970849303,-20.07444799654813,1.6724101244600906,32.23748366718954
1116,1791285930.3930845,-0.7237846779336734,-2.720546675701531,-0.03348139548788212,2.8153791003213082,-25.176459255918754,-20.09804760651829,1.6716572566903933,32.25802312979917
1117,1791285930.4130845,-0.6806743263711734,-2.8163474569515308,0.09105962013711788,2.898865707699776,-25.191302019933325,-20.14626199372095,1.6704704571233164,32.29959816046113
1118,1791285930.4384115,-0.6327739357461734,-2.667856246014031,0.22039067482461788,2.7507147894148223,-25.2097736531652,-20.208577190497326,1.6697845963267273,32.352858611044574
1119,1791285930.4584115,-0.5848735451211734,-2.5289451132015306,0.2587109873246179,2.6085574220881145,-25.223998664582304,-20.258199632908838,1.6700428841947506,32.394965723591795
1120,1791285930.483832,-0.6136137794961734,-2.524155074139031,0.2587109873246179,2.6105195045530443,-25.241651883161307,-20.32144408835318,1.6713084120275252,32.44834897856714
1121,1791285930.5038319,-0.6854643654336734,-2.687016402264031,0.27308110451211787,2.7864837756493186,-25.255406139150818,-20.37155574935008,1.672952424777719,32.490530816191736
1122,1791285930.5140035,-0.6806743263711734,-2.7923972616390307,0.08626958107461788,2.875455171969961,-25.26239423524463,-20.397398902289194,1.6739372635360925,32.51222093979869
1123,1791285930.5340035,-0.6519340919961734,-2.6918064413265306,-0.02869135642538212,2.769776736816057,-25.276072421089207,-20.448817120827552,1.675669601689891,32.555211983509245
1124,1791285930.558589,-0.6710942482461734,-2.3996140585140306,-0.16281245017538212,2.4970028061216483,-25.292804087435833,-20.511931329641573,1.6771265782779905,32.6079441093257
1125,1791285930.578589,-0.5992436623086734,-2.284653121014031,-0.22987299705038214,2.3730938550654055,-25.30627894128223,-20.562598941550394,1.6775449978644525,32.65030453617384
1126,1791285930.6031842,-0.42201221699617336,-2.318183394451531,-0.19634272361288213,2.3644489900863945,-25.32224805434556,-20.62405237193201,1.6771961551748547,32.70138788658572
1127,1791285930.6231842,-0.6423540138711734,-2.0930515585140306,-0.14844233298788212,2.1944289990695314,-25.33488228407763,-20.673145178615727,1.676437861708796,32.74210799304718
1128,1791285930.633238,-0.5226030373086734,-1.7433787069515307,-0.23466303611288214,1.8350885512622974,-25.34115918903315,-20.697014868321514,1.675824973527825,32.762007918400556
1129,1791285930.653238,-0.41243213887117336,-1.6044675741390306,-0.23945307517538214,1.6738441507047137,-25.353175290265003,-20.742397629706623,1.6740774741301216,32.79989469673878
1130,1791285930.6789463,-0.3501616310586734,-1.4080759725765308,-0.2586132314253821,1.4738289981817063,-25.36777444462915,-20.797791341280533,1.6712078281339706,32.84608105320693
1131,1791285930.6989462,-0.3693217873086734,-1.1015134725765308,-0.16760248923788212,1.1738062477458597,-25.37850760799688,-20.838185756318012,1.6686709029125415,32.87982811095881
1132,1791285930.723812,-0.5082329201211734,-0.8668015585140307,-0.16760248923788212,1.0186933971200471,-25.391487005081164,-20.884545375556886,1.6653647424279812,32.91907179126141
1133,1791285930.743812,-0.3884819435586734,-0.8380613241390307,-0.3879442861128821,1.0018811170076134,-25.40170566781203,-20.91879723157792,1.6622711086472193,32.948533710753644
1134,1791285930.7534325,-0.3501616310586734,-0.8045310507015307,-0.49332514548788214,1.0066047280731496,-25.40641671302289,-20.933986922569503,1.6603703547959563,32.961714888415095
1135,1791285930.7734325,-0.40285206074617336,-0.5219187460140307,-0.19634272361288213,0.687923996822339,-25.41587098596595,-20.962817864622906,1.6559770861185577,32.98709582413051
1136,1791285930.798221,-0.4699126076211734,-0.16745585538903063,-0.08617182517538212,0.5062458945605973,-25.427453823072653,-20.994473408364307,1.650823465785983,33.01588314333266
1137,1791285930.818221,-0.4076420998086734,-0.13871562101403062,-0.16281245017538212,0.46034986584319093,-25.43671363997075,-21.016641972553067,1.6469156474035256,33.036918315030775
1138,1791285930.8434334,-0.5657133888711734,-0.13392558195153062,-0.22029291892538214,0.6216885634928703,-25.44847628805054,-21.040911647810102,1.6420039069049248,33.06117186647673
1139,1791285930.8634334,-0.8674858498086734,0.21095723054846938,-0.09096186423788212,0.8973899450543154,-25.458557329631756,-21.057160505276048,1.6382251675143356,33.079086014437905
1140,1791285930.8733177,-1.0159770607461733,0.30196797273596937,-0.06222162986288212,1.0617276372702644,-25.46418849150514,-21.063606170985494,1.6365242145082355,33.0874388848994
1141,1791285930.8933177,-0.7573149513711734,0.23969746492346938,-0.25382319236288214,0.8339106806141443,-25.47653339244982,-21.073879494112507,1.6331246997485844,33.10331172124498
1142,1791285930.9186885,-0.5752934669961733,0.1630568399234694,-0.26340327048788215,0.6533998692363027,-25.492380128963323,-21.084190457615048,1.6284749485367835,33.121842680481436
1143,1791285930.9386885,-0.9249663185586734,0.34986836336096944,-0.23945307517538214,1.0175010257291222,-25.505248781541102,-21.090330035254176,1.6246050522125615,33.13546556153879
1144,1791285930.9636812,-0.9105962013711734,0.3833986367984694,-0.2586132314253821,1.021303461327148,-25.522358423202,-21.095476964653834,1.6195608815633797,33.151665196453116
1145,1791285930.9836812,-0.8004253029336734,0.34028828523596943,-0.30651362205038213,0.9221861976562781,-25.536562894479253,-21.097892365616698,1.6152821580620362,33.163929851345955
1146,1791285931.008267,-0.7285747169961734,0.38818867586096945,-0.40231440330038215,0.918350938049115,-25.554224432923416,-21.099072944215212,1.609504315671903,33.17800129024804
1147,1791285931.028267,-0.8962260841836734,0.5845802774234694,-0.33525385642538214,1.1213163884345008,-25.568873835464952,-21.098430112132892,1.60440283173726,33.18863014432754
1148,1791285931.0388293,-1.0590874123086733,0.6851710977359694,-0.16281245017538212,1.2718622071653465,-25.57699896338321,-21.09713566916818,1.601718199989537,33.19393785931961
1149,1791285931.0588293,-1.0063969826211734,0.8049220742984694,-0.09575190330038212,1.2922472129231306,-25.59317440268766,-21.092817153902853,1.597009497751123,33.20343281695844
1150,1791285931.0984683,-0.9872368263711734,0.7905519571109694,0.03357915138711788,1.265202160780359,-25.626351424363104,-21.080798704374345,1.588892105510038,33.22099546163932
1151,1791285931.1184683,-1.1165678810586734,0.8959328164859693,0.23476079201211789,1.4507005459895899,-25.643735763994535,-21.073114624897233,1.5858133074909282,33.22938681007889
1152,1791285931.1283548,-1.2171587013711733,0.9150929727359693,0.3401416513871179,1.5603098397698678,-25.652770689627275,-21.068543099645105,1.5849459511440807,33.23342001757044
1153,1791285931.1483548,-1.2698491310586735,0.9007228555484694,0.4072021982621179,1.6092333915337944,-25.672036881756874,-21.057958575398843,1.5845755341969538,33.24157000872664
1154,1791285931.1584222,-1.3608598732461734,0.9342531289859693,0.3353516123246179,1.68440767260197,-25.682266603203253,-21.0520442841495,1.5849777172650104,33.24574470190174
1155,1791285931.1784222,-1.3991801857461734,0.8911427774234694,0.23476079201211789,1.675396452009156,-25.703680633938824,-21.039319281984138,1.586512014017265,33.25431061308311
1156,1791285931.2039943,-1.3991801857461734,0.7043312539859694,0.2443408701371179,1.5853990564982396,-25.732320683155656,-21.02242960890227,1.589098379962704,33.2659000789579
1157,1791285931.2239943,-1.6051518654336734,0.8384523477359694,0.3880420420121179,1.8520506140216835,-25.755866720212175,-21.00888739419213,1.591766336866485,33.275692932264526
1158,1791285931.2479558,-1.6722124123086735,0.8815626992984694,0.4072021982621179,1.9337168290479083,-25.785735020877297,-20.992005388917363,1.595912441039465,33.288366696711
1159,1791285931.2679558,-1.6434721779336734,0.7139113321109694,0.3257715341996179,1.8212076439146865,-25.81189919026193,-20.977634912930974,1.5999534348919964,33.29977713652582
1160,1791285931.2785401,-1.8350737404336734,0.07683613679846939,1.029907276387118,2.1057322770719162,-25.826430124454205,-20.970542846450467,1.602847391219724,33.306715238937485
1161,1791285931.29854,-2.2949174904336735,0.06246601961096939,1.892114307637118,2.975003335236705,-25.85596385958914,-20.958943022453596,1.61187852630931,33.322759671287926
1162,1791285931.3237166,-1.6386821388711734,0.6276906289859694,1.872954151387118,2.5665603307092635,-25.894992632502838,-20.945227991093518,1.6286512215465083,33.34525039398728
1163,1791285931.3437166,-1.3943901466836734,0.7474416055484694,1.3700000498246179,2.0928193833660957,-25.92589569497168,-20.933904472983343,1.644841101018647,33.36294241097663
1164,1791285931.3688123,-1.5428813576211735,0.3450783242984694,1.077807667012118,1.9134344254940383,-25.964384388963246,-20.91977085077841,1.6667159223830847,33.385086657261226
1165,1791285931.3888123,-1.2554790138711733,-0.17224589445153063,0.9436865732621179,1.5800128325369829,-25.994654405747593,-20.909937398964157,1.6845663006329379,33.40337263397337
1166,1791285931.3983743,-1.3129594826211735,-0.3782175741390306,0.9101562998246179,1.6417355531579718,-26.00879767689336,-20.9063359868636,1.693149930876584,33.41256047778483
1167,1791285931.4183743,-1.5333012794961733,-0.10518534757653063,0.7999854013871179,1.7326434755834523,-26.03821190705159,-20.900658261871985,1.7109756866765768,33.43281969706533
1168,1791285931.4436498,-1.4039702248086734,0.10557637117346938,0.5988037607621179,1.5299819300247735,-26.075376990200546,-20.89455846046385,1.7327758930664514,33.45908502536215
1169,1791285931.4636497,-1.4758208107461734,0.21095723054846938,0.5125830576371179,1.5764807038238018,-26.104693471520086,-20.88998100565302,1.7491055347505975,33.47992977636397
1170,1791285931.5031998,-1.5716215919961734,0.30196797273596937,0.5077930185746179,1.6789975684020448,-26.16301043238897,-20.88076538919851,1.7795803887801889,33.52128256025081
1171,1791285931.5231998,-1.5859917091836735,0.37860859773596944,0.574853565449618,1.7289218587284636,-26.19281349093511,-20.875783335205046,1.7943035014807416,33.542232088588904
1172,1791285931.5181568,-1.4949809669961733,0.44087910554846943,0.675444385762118,1.6986958514247326,-26.19281349093511,-20.875783335205046,1.7943035014807416,33.542232088588904
1173,1791285931.5381567,-1.5045610451211735,0.6181105508609693,0.7520850107621179,1.792036956927737,-26.22277374587786,-20.86955047239981,1.8086763708270943,33.562528362176955
1174,1791285931.5632265,-1.4279204201211735,0.8528224649234694,0.536533252949618,1.7476071682154057,-26.26020904955371,-20.860143892231072,1.8264130402572236,33.586901719635726
1175,1791285931.5832264,-1.4806108498086734,0.6803810586734694,0.4982129404496179,1.7039198947146101,-26.28995703679653,-20.85146540795559,1.8399925428892028,33.60552072522703
1176,1791285931.6085513,-1.6099419044961734,0.5797902383609694,0.4838428232621179,1.7782501325667581,-26.327845049396128,-20.839731182804133,1.856473521237716,33.6288018616722
1177,1791285931.6285512,-1.6051518654336734,0.6229005899234694,0.4407324716996179,1.7772908506045548,-26.35810105723856,-20.830050226521703,1.8689236934137645,33.64718947482569
1178,1791285931.6385636,-1.4901909279336734,0.5606300821109694,0.3832520029496179,1.637637685334723,-26.373300185661684,-20.825041971509222,1.8748403305876937,33.656327221836634
1179,1791285931.6585636,-1.3369096779336733,0.3833986367984694,0.27308110451211787,1.4173550336077412,-26.40334735649025,-20.815122438699497,1.8858706579104558,33.674360898224926
1180,1791285931.6836991,-1.2794292091836734,0.4217189492984694,0.06231938576211788,1.34858061655636,-26.440377789431366,-20.80300801514105,1.8982862057090013,33.696620166489446
1181,1791285931.703699,-1.3800200294961735,0.34986836336096944,-0.10054194236288212,1.4272252224738757,-26.46941186930843,-20.793657248877494,1.9066259186367482,33.71410934437537
1182,1791285931.72888,-1.5285112404336734,0.10078633211096938,-0.05743159080038212,1.532906678338356,-26.505976666672996,-20.782799103279586,1.915252617696662,33.73662298172545
1183,1791285931.74888,-1.5189311623086734,-0.07165507413903062,0.00962895607461788,1.5206508614002539,-26.535233322461465,-20.775424893620123,1.921004940340555,33.755401745035314
1184,1791285931.773736,-1.3848100685586735,-0.13871562101403062,0.04315922951211788,1.3924093035407605,-26.57155278468467,-20.768027064692088,1.927180014960355,33.779763000339855
1185,1791285931.793736,-1.4901909279336734,-0.09560526945153063,0.06231938576211788,1.4945544737762122,-26.60070548241245,-20.76331890159415,1.9315615907150268,33.8000573098637
1186,1791285931.8032181,-1.4997710060586735,-0.17703593351403063,0.08147954201211788,1.5123801467011972,-26.614580117561815,-20.76161544336549,1.9334295929381846,33.810038459652155
1187,1791285931.823218,-1.4422905373086734,-0.25367655851403065,0.09584965919961788,1.4675629279585756,-26.643868227606777,-20.759207480851398,1.9370446184271433,33.831827488577794
1188,1791285931.848823,-1.4375004982461734,-0.25367655851403065,0.07189946388711789,1.4614817863062044,-26.68127017055924,-20.757561414046325,1.9413006732261358,33.860525425281686
1189,1791285931.868823,-1.4087602638711734,-0.13871562101403062,-0.023901317362882122,1.41577497419165,-26.710371947206987,-20.75705712344517,1.9441984062209963,33.88331886676481
1190,1791285931.8937764,-1.2363188576211734,-0.14829569913903062,-0.10054194236288212,1.2492336107658,-26.746185207296623,-20.75705945603642,1.9470386113691667,33.91172215854875
1191,1791285931.9137764,-1.1836284279336735,-0.14829569913903062,-0.09575190330038212,1.1967189715139972,-26.77421363105485,-20.75750593183443,1.9486791179654237,33.93419983403615
1192,1791285931.9231763,-1.2411088966836734,-0.21056620695153064,-0.01432123923788212,1.2589259385804348,-26.787120287036956,-20.75793729172303,1.9492568927041871,33.944681119625315
1193,1791285931.9431763,-1.2267387794961735,-0.42611796476403063,-0.047851512675382124,1.299520804096542,-26.814164128326823,-20.759672444327798,1.9502085565581573,33.96714164174997
1194,1791285931.9676914,-1.0590874123086733,-0.6129294882015306,-0.09575190330038212,1.2274025954850014,-26.846543773304123,-20.763390721535423,1.9509360558567155,33.99502108134542
1195,1791285931.9876914,-0.9968169044961734,-0.7566306600765307,-0.11970209861288213,1.257164463890667,-26.8720812277854,-20.76802349179473,1.9511173581157917,34.01803063396785
1196,1791285932.013227,-1.1309379982461734,-0.8715915975765307,-0.15802241111288212,1.4365457706794447,-26.903871100490054,-20.7761695878958,1.9507822295043349,34.0480991282001
1197,1791285932.033227,-1.1548881935586734,-1.1158835897640307,-0.14365229392538212,1.6123271712267022,-26.92846353228437,-20.78457395574475,1.9501066103483038,34.07262212573485
1198,1791285932.0432813,-1.0686674904336735,-1.4799265585140307,-0.11491205955038213,1.8290537458300942,-26.940648861671924,-20.79012266727139,1.9496229341026596,34.085609737736476
1199,1791285932.0632813,-1.1836284279336735,-1.7098484335140307,-0.14365229392538212,2.084512869366162,-26.964630365092326,-20.804289135750007,1.9484172838658085,34.113136283285534
1200,1791285932.0881634,-1.1548881935586734,-1.7337986288265308,-0.2586132314253821,2.099215383997138,-26.99435458559842,-20.8256964071755,1.946391631435173,34.14957175016668
1201,1791285932.1081634,-1.0638774513711735,-1.8631296835140307,-0.2586132314253821,2.161010933011537,-27.017990972962004,-20.845717713791597,1.9442318221289767,34.180342605016705
1202,1791285932.1339169,-0.9920268654336734,-2.0403611288265306,-0.2873534658003821,2.286867475844616,-27.047832587626694,-20.875171169386437,1.940813316048352,34.221700357627086
1203,1791285932.1539168,-0.9968169044961734,-2.1505320272640307,-0.30651362205038213,2.390059108449019,-27.070514415810795,-20.900899843194928,1.93766594716728,34.25514434818072
1204,1791285932.1634886,-1.1884184669961735,-2.164902144451531,-0.18676264548788213,2.476695385689973,-27.08131016353843,-20.9144642885491,1.9360314775199226,34.27186009735558
1205,1791285932.1834886,-1.1596782326211734,-2.0164109335140306,-0.11970209861288213,2.3291833866019696,-27.10400609853344,-20.94482739233292,1.9326688801842784,34.30813533382994
1206,1791285932.2085257,-0.9584965919961734,-2.0212009725765308,-0.13886225486288212,2.2412612106218672,-27.132133754035852,-20.984717773649283,1.9286052955844408,34.35448413923225
1207,1791285932.2285256,-1.0159770607461733,-2.088261519451531,-0.14365229392538212,2.3267319448390427,-27.154193945050178,-21.017967254263294,1.9254223783541118,34.39204046929682
1208,1791285932.2538748,-1.1548881935586734,-2.069101363201531,-0.047851512675382124,2.37007108713831,-27.182087477437538,-21.061692150652046,1.921629211683154,34.44057802515949
1209,1791285932.2738748,-1.1692583107461734,-2.1840623007015307,0.047949268574617884,2.4778200626662743,-27.204280032436735,-21.097395272427622,1.9190855334973904,34.47978869786134
1210,1791285932.2839348,-1.0734575294961735,-2.418774214764031,0.12458989357461789,2.649207883730591,-27.215460677436017,-21.116133130856305,1.9181281568030044,34.50002310015218
1211,1791285932.3039348,-1.0207670998086733,-2.557685347576531,0.09584965919961788,2.7555229932679155,-27.237495592340395,-21.155261929524258,1.9168409955495542,34.541287654801756
1212,1791285932.3285394,-1.0782475685586734,-2.5433152303890307,0.052739307637117885,2.7629425645137005,-27.26441078698555,-21.205591799163948,1.9157692152308061,34.593285342683046
1213,1791285932.3485394,-1.1021977638711735,-2.6055857382015306,0.03836919044961788,2.8293796395283524,-27.28627791903336,-21.248089469823288,1.915165354594029,34.63654323294662
1214,1791285932.3735778,-1.0063969826211734,-2.6965964803890308,-0.11012202048788212,2.880380933847439,-27.3135072319127,-21.303269684147455,1.9143880208424038,34.69181255047952
1215,1791285932.3935778,-0.8291655373086734,-2.8019773397640306,-0.2969335439253821,2.937135003761247,-27.334748031709207,-21.348982379944882,1.913249663996958,34.73655168396846
1216,1791285932.4182842,-0.7429448341836734,-2.873827925701531,-0.34004389548788216,2.9877221798622347,-27.359964412067594,-21.4074988296002,1.910874060162268,34.79224192895221
1217,1791285932.4382842,-0.7956352638711734,-2.983998824139031,-0.30172358298788216,3.1029536857822286,-27.379623196678764,-21.456549628870974,1.9082768015810467,34.83774976544503
1218,1791285932.4483678,-0.7956352638711734,-3.070219527264031,-0.32567377830038213,3.188314104441588,-27.389251537977295,-21.4821493311913,1.9066892438919483,34.86099975002105
1219,1791285932.4683678,-0.7573149513711734,-2.9121482382015307,-0.29214350486288215,3.0231574759287967,-27.407813300948206,-21.53428119779129,1.9030860686532973,34.90752402032953
1220,1791285932.4937203,-0.7956352638711734,-2.7157566366390307,-0.28256342673788215,2.843978142091487,-27.430766089471785,-21.60115341156747,1.898110946191299,34.96654947416801
1221,1791285932.5137203,-0.8770659279336734,-2.5097849569515307,-0.2777733876753821,2.6730924463966845,-27.448666022249306,-21.65383256197341,1.8939343970223372,35.01292216486918
1222,1791285932.5389843,-0.9537065529336735,-2.538525191326531,-0.21550287986288214,2.7203139207336395,-27.47135452631007,-21.719960876100917,1.888515283194674,35.07133459029512
1223,1791285932.5589843,-1.0495073341836734,-2.533735152264031,-0.13407221580038212,2.7457703519000596,-27.48962627839389,-21.772066534829307,1.884344437635356,35.1177047667191
1224,1791285932.5688336,-0.9920268654336734,-2.361293746014031,-0.07180170798788213,2.5622218760242275,-27.498782839752387,-21.797493708094432,1.8824464593660624,35.140537763310576
1225,1791285932.5888336,-0.9105962013711734,-2.145741988201531,-0.02869135642538212,2.3311407756324365,-27.51744106613357,-21.848141749572918,1.8790197949940908,35.18638339084517
1226,1791285932.6136267,-1.1069878029336735,-2.0834714803890306,-0.01911127830038212,2.359372934997063,-27.540853091476897,-21.90937425073057,1.8753201968406235,35.2425324700931
1227,1791285932.6336267,-1.2267387794961735,-2.318183394451531,0.023999073262117882,2.622868322838191,-27.560406663724763,-21.957962178744424,1.872790815216174,35.287894014103664
1228,1791285932.6582038,-1.0303471779336735,-2.2463328085140306,-0.10533198142538212,2.4736049037777668,-27.58499140034084,-22.017127408758686,1.869998881766819,35.34377661920413
1229,1791285932.6782038,-0.9968169044961734,-2.1074216757015307,-0.01911127830038212,2.331359110318326,-27.60503738136494,-22.064582564855552,1.8678810394725704,35.38888062888546
1230,1791285932.6883404,-0.9872368263711734,-2.174482222576531,0.09105962013711788,2.3898329109091105,-27.615181679719857,-22.088281832706052,1.8670233584965017,35.41152679207943
1231,1791285932.7083404,-1.1069878029336735,-2.1696921835140306,0.1533301279496179,2.440593430947246,-27.63533590105229,-22.13454386064457,1.8659515357597922,35.456051633206314
1232,1791285932.7330446,-1.0495073341836734,-2.1170017538265307,0.21560063576211788,2.372687443459622,-27.66049201738063,-22.191058220367662,1.8655097575810404,35.5109280396747
1233,1791285932.7530446,-0.8435356544961734,-1.9972507772640307,0.1389600107621179,2.1725268588164957,-27.68064253274598,-22.23611943802216,1.8657375923914878,35.55480214332961
1234,1791285932.7938273,-0.8674858498086734,-1.9924607382015307,0.047949268574617884,2.1736445489660228,-27.720802239984316,-22.32642585120978,1.8667041904579753,35.64262550167371
1235,1791285932.8138273,-1.0016069435586734,-1.9972507772640307,0.00483891701211788,2.2343344762556416,-27.740346174189572,-22.370054019862017,1.8671862924152745,35.68518610524544
1236,1791285932.809073,-0.9824467873086734,-2.088261519451531,-0.02869135642538212,2.3079993625321213,-27.740346174189572,-22.370054019862017,1.8671862924152745,35.68518610524544
1237,1791285932.829073,-0.8866460060586734,-2.112211714764031,-0.04306147361288212,2.2911642801326835,-27.759799969263536,-22.413085098766352,1.86739657010576,35.72730115651207
1238,1791285932.8537345,-0.8818559669961734,-2.002040816326531,-0.01911127830038212,2.187739156691774,-27.783460861493243,-22.465796467766353,1.8675019699307276,35.77876845254634
1239,1791285932.8737345,-0.9201762794961734,-1.9685105428890308,0.00483891701211788,2.1729660738102967,-27.802474112091357,-22.508087910608115,1.8675532168574964,35.82009691727492
1240,1791285932.8990073,-0.8387456154336734,-2.059521285076531,-0.06701166892538213,2.224772504069722,-27.82623015949805,-22.5611480091876,1.8674904148473501,35.871883207205265
1241,1791285932.9190073,-0.8052153419961734,-2.121791792889031,-0.12449213767538213,2.2728551321411246,-27.844675795416926,-22.60311127595914,1.8671609151328965,35.91257299871827
1242,1791285932.928553,-0.8962260841836734,-2.188852339764031,-0.11491205955038213,2.3680161614084865,-27.853377256752122,-22.623221790127563,1.86685584018245,35.93196264470231
1243,1791285932.948553,-0.8052153419961734,-2.145741988201531,-0.08617182517538212,2.2934702985587427,-27.871425724158385,-22.665538201688932,1.8660109110389584,35.97255885518314
1244,1791285932.9733627,-0.7094145607461734,-2.145741988201531,-0.07180170798788213,2.2611132621343235,-27.893274491932083,-22.718142254902766,1.8648260656798188,36.022580774446276
1245,1791285932.9933627,-0.6327739357461734,-2.251122847576531,-0.05743159080038212,2.33907146454798,-27.910258941742136,-22.760782790071506,1.8638203385476357,36.062579132201506
1246,1791285933.0186322,-0.6710942482461734,-2.1936423788265307,-0.047851512675382124,2.2944986693127847,-27.930970586837105,-22.815000588948156,1.8625406988152964,36.11277374629658
1247,1791285933.0386322,-0.8052153419961734,-2.088261519451531,-0.02869135642538212,2.2383098790251448,-27.947118744447526,-22.857898295588793,1.8615650109392243,36.15232198486958
1248,1791285933.0481744,-0.8914360451211734,-2.054731246014031,-0.00474116111288212,2.2397770412468176,-27.954881786859804,-22.878260250359848,1.8611453990249065,36.17117733772033
1249,1791285933.0681744,-0.7764751076211734,-2.131371871014031,0.00962895607461788,2.2684250840837237,-27.971213923532037,-22.920815302833343,1.8604051698006854,36.210684747715185
1250,1791285933.0933619,-0.6471440529336734,-2.1601121053890306,-0.023901317362882122,2.2550944561297945,-27.991386281593734,-22.97447606529952,1.8595858156583247,36.26020292064307
1251,1791285933.1133618,-0.6902544044961734,-2.0978415975765308,-0.14365229392538212,2.2131485474316546,-28.007007458811085,-23.017080652026767,1.8587814726232916,36.29922226581132
1252,1791285933.1384146,-0.8770659279336734,-2.121791792889031,-0.11491205955038213,2.298793125912707,-28.026584950560856,-23.07037216568434,1.8574392210653048,36.34806207095694
1253,1791285933.1584146,-0.9489165138711734,-2.078681441326531,-0.023901317362882122,2.2851543400357985,-28.042608553669098,-23.11283471087932,1.8563201941194134,36.387318498755015
1254,1791285933.1839962,-0.8914360451211734,-2.0978415975765308,-0.023901317362882122,2.2795106632861826,-28.06356065582688,-23.167013955362577,1.8550118517179237,36.43782432118104
1255,1791285933.2039962,-0.9010161232461734,-2.1074216757015307,-0.07180170798788213,2.2930790781907606,-28.08017283203598,-23.20932609495641,1.8539988520472448,36.47747573232595
1256,1791285933.2131257,-0.9441264748086734,-2.0978415975765308,-0.11012202048788212,2.303137214399836,-28.087881837509652,-23.22862282699115,1.853481237176681,36.495662992376026
1257,1791285933.2331257,-1.0063969826211734,-2.112211714764031,-0.00953120017538212,2.3397358950087064,-28.105162471785572,-23.270870127353778,1.8523379127221866,36.535800385273326
1258,1791285933.2587082,-1.0686674904336735,-2.102631636639031,0.10542973732461788,2.3609797614586774,-28.127932413834266,-23.324890889489218,1.8512788220513245,36.58768030581853
1259,1791285933.2787082,-1.0782475685586734,-2.0499412069515306,0.07668950294961789,2.317489601038859,-28.14628374629592,-23.367017337474365,1.850848219251099,36.62862851797122
1260,1791285933.303816,-0.9968169044961734,-2.078681441326531,0.00962895607461788,2.305353160016869,-28.169773711787062,-23.419744408217856,1.8505512748100499,36.68030969253452
1261,1791285933.323816,-0.9058061623086734,-2.1265818319515306,-0.047851512675382124,2.3119526074139185,-28.188532186049095,-23.461752644637784,1.8502928864369619,36.72153002977535
1262,1791285933.348741,-0.9872368263711734,-2.069101363201531,-0.03827143455038212,2.292876295234526,-28.211942092412528,-23.51409582867306,1.8498581761710935,36.77292964311661
1263,1791285933.368741,-1.0447172951211734,-2.0978415975765308,-0.023901317362882122,2.343703238086988,-28.2309566458511,-23.55604667893891,1.8494684248796134,36.8143284840957
1264,1791285933.3784664,-0.9632866310586734,-2.078681441326531,0.00483891701211788,2.2910393019783757,-28.240280512372024,-23.57643245423427,1.8492934260283405,36.83451502140461
1265,1791285933.3984663,-0.8722758888711734,-2.0834714803890306,0.04315922951211788,2.259110744295758,-28.25933207094977,-23.61831022877613,1.849059523334102,36.875919626224295
1266,1791285933.4237576,-0.9201762794961734,-2.078681441326531,-0.023901317362882122,2.273370227841133,-28.283210152731787,-23.671218633955316,1.8488446358422104,36.92810304696934
1267,1791285933.4437575,-0.9537065529336735,-2.1601121053890306,-0.10533198142538212,2.3636275771085127,-28.30207109970741,-23.713140250232524,1.8485063451968844,36.96940931051407
1268,1791285933.4538689,-0.9584965919961734,-2.2894431600765306,-0.11012202048788212,2.484430027085855,-28.311626371553793,-23.734529630732677,1.8481975813556166,36.99043009880145
1269,1791285933.4738688,-0.9058061623086734,-2.1409519491390308,-0.03827143455038212,2.3249999472905643,-28.3304879138929,-23.77713676237215,1.8474558728036283,37.03217346116398
1270,1791285933.5134647,-1.0447172951211734,-2.0068308553890306,0.028789112324617883,2.2626606289621094,-28.368021033542874,-23.86115472619123,1.846179547639716,37.114790867643215
1271,1791285933.5334647,-1.1069878029336735,-2.0164109335140306,-0.01432123923788212,2.300334790097336,-28.387362967488436,-23.903261653761152,1.8456532750505301,37.15662430775711
1272,1791285933.559003,-0.9441264748086734,-2.1409519491390308,-0.07659174705038212,2.3411356954847995,-28.412285081168957,-23.956926821874003,1.84490793349542,37.21015952082598
1273,1791285933.579003,-0.8435356544961734,-2.164902144451531,-0.06222162986288212,2.324268750958012,-28.43155628729141,-23.999108484644385,1.844203567735964,37.252002466637954
1274,1791285933.57353,-0.9345463966836735,-2.0499412069515306,-0.02869135642538212,2.253099889806456,-28.43155628729141,-23.999108484644385,1.844203567735964,37.252002466637954
1275,1791285933.59353,-1.1117778419961735,-1.9828806600765307,0.00962895607461788,2.2733144082713883,-28.450816269598835,-24.041007883175592,1.8435501559545266,37.293668143840456
1276,1791285933.6197207,-1.1261479591836734,-2.0164109335140306,0.00962895607461788,2.30959195434249,-28.476650688047194,-24.09550228581816,1.8428606663479126,37.348480561469955
1277,1791285933.6397207,-1.0495073341836734,-2.0499412069515306,0.028789112324617883,2.3031616116659417,-28.496682857767393,-24.136973215569643,1.8424707571980394,37.39049489370835
1278,1791285933.663572,-0.9489165138711734,-2.0068308553890306,0.06231938576211788,2.2207422944323496,-28.520564062219094,-24.186268660287528,1.8422384919038806,37.440512934464486
1279,1791285933.683572,-0.8339555763711733,-1.9972507772640307,-0.03827143455038212,2.1647072026823615,-28.5402595984032,-24.227409903200783,1.8421090176597925,37.48209137968292
1280,1791285933.7086143,-0.9345463966836735,-2.0978415975765308,-0.12928217673788212,2.3002239493794887,-28.564543080605457,-24.27888775776613,1.8416565238788214,37.53384087606698
1281,1791285933.7286143,-1.0447172951211734,-2.164902144451531,-0.05743159080038212,2.404482045971232,-28.58399683607008,-24.320227653084654,1.8410692777025983,37.57536273022029
1282,1791285933.7391706,-1.0255571388711735,-2.0978415975765308,-0.03827143455038212,2.3354167757200477,-28.594363636019327,-24.34214926118668,1.840730046011878,37.59742211249445
1283,1791285933.7591705,-0.9489165138711734,-2.1170017538265307,-0.08138178611288212,2.321370709540583,-28.614020279383148,-24.383774587639902,1.8400042597487738,37.63929111135965
1284,1791285933.7837565,-1.0111870216836734,-2.0978415975765308,-0.06222162986288212,2.3296587931640853,-28.638173919777984,-24.435041022633936,1.8389810853805069,37.69082231352405
1285,1791285933.8037565,-1.0542973732461733,-2.0978415975765308,0.028789112324617883,2.348044107921457,-28.657973197870515,-24.47678275993521,1.8382234618961755,37.732895298171755
1286,1791285933.8288596,-1.0207670998086733,-2.045151167889031,0.06710942482461789,2.286725266941783,-28.683003490014816,-24.52911643099815,1.8375957179443254,37.7858306791881
1287,1791285933.8488595,-0.9920268654336734,-2.0307810507015307,-0.03348139548788212,2.2603782828266574,-28.702973361185208,-24.5706710394339,1.8372210474910546,37.8279517853971
1288,1791285933.859105,-0.9010161232461734,-2.121791792889031,-0.04306147361288212,2.30557688165685,-28.71312362429099,-24.5919563525255,1.8369990853430729,37.84946962835659
1289,1791285933.879105,-0.9537065529336735,-2.0499412069515306,0.09105962013711788,2.2627653425589767,-28.732747565081418,-24.6335316759787,1.8367027910266769,37.891359735600716
1290,1791285933.903673,-0.9824467873086734,-1.9397703085140308,0.07668950294961789,2.175727882697745,-28.756805128059177,-24.68429329258939,1.8367025125200993,37.942609987285294
1291,1791285933.923673,-0.9201762794961734,-1.9972507772640307,-0.06222162986288212,2.1999105854220504,-28.77630595031332,-24.725323867112028,1.8367240215934004,37.98408850572981
1292,1791285933.9492111,-0.9153862404336734,-2.1840623007015307,-0.07180170798788213,2.3692225703362984,-28.80098742430315,-24.777866161133836,1.8364906633275888,38.036984976078465
1293,1791285933.969211,-0.9920268654336734,-2.1361619100765306,-0.00953120017538212,2.3552910333079335,-28.820278225292974,-24.819322250452682,1.8362133247943555,38.07858812153182
1294,1791285933.9789865,-1.0063969826211734,-2.011620894451531,-0.04306147361288212,2.2497350510966156,-28.829757837609154,-24.839586353775204,1.8360595445585208,38.09896457717724
1295,1791285933.9989865,-0.9010161232461734,-2.131371871014031,-0.09575190330038212,2.3159759355151035,-28.849104546230844,-24.88104127956201,1.8355838920063332,38.140613740463316
1296,1791285934.0239356,-0.8004253029336734,-2.174482222576531,0.00962895607461788,2.3171418425881742,-28.872802274465144,-24.933054486950862,1.8349183885914302,38.19244483824531
1297,1791285934.0439355,-0.9010161232461734,-2.045151167889031,0.06231938576211788,2.2357005746989462,-28.891501766899193,-24.974825073614983,1.834572845379314,38.233838668506856
1298,1791285934.0690396,-0.9728667091836735,-2.011620894451531,-0.07659174705038212,2.2358341961219033,-28.914980837889377,-25.027029176261788,1.8341773053393244,38.285669807806556
1299,1791285934.0890396,-0.8914360451211734,-2.1409519491390308,-0.15323237205038212,2.3241802062034003,-28.933676870970356,-25.068609657898413,1.833564717275397,38.32694622620278
1300,1791285934.0990875,-0.8435356544961734,-2.2367527303890307,-0.11012202048788212,2.3930612271117107,-28.9429682264028,-25.08966505880536,1.8331046575507355,38.34771147282631
1301,1791285934.1190875,-0.8674858498086734,-2.1409519491390308,-0.09096186423788212,2.311813359440187,-28.96125472692003,-25.13185507568815,1.8320246606048476,38.3890704401657
1302,1791285934.1440825,-0.9728667091836735,-2.1170017538265307,-0.00953120017538212,2.3298619923332926,-28.984130318345986,-25.184655299562447,1.8306890007109025,38.44083889675101
1303,1791285934.1640825,-1.0159770607461733,-2.054731246014031,0.023999073262117882,2.292314515250088,-29.00267202505448,-25.2268240660862,1.8298022761714983,38.48240914267227
1304,1791285934.188992,-1.0063969826211734,-2.088261519451531,0.028789112324617883,2.3182967612537135,-29.026079512110282,-25.279206214580164,1.828962160690099,38.53435689443711
1305,1791285934.208992,-0.9345463966836735,-2.1170017538265307,-0.04306147361288212,2.3145037662031913,-29.044965831945802,-25.321263348026175,1.8283673985612998,38.576149951273194
1306,1791285934.2190387,-0.9345463966836735,-2.112211714764031,-0.10054194236288212,2.311909162946275,-29.054438395615268,-25.34240788583857,1.82800523768814,38.59714537483091
1307,1791285934.2390387,-0.9393364357461734,-2.1265818319515306,-0.08138178611288212,2.3262257462717533,-29.073277674303316,-25.38454459103975,1.8271195425368563,38.63895630894226
1308,1791285934.263522,-1.0638774513711735,-2.0978415975765308,-0.05743159080038212,2.3528860974727053,-29.096559025852272,-25.43614645500925,1.8259430491059645,38.690326460811406
1309,1791285934.283522,-1.1117778419961735,-2.0834714803890306,-0.07180170798788213,2.3626381155009977,-29.115987979802433,-25.47824832288866,1.824932297709073,38.73257377884925
1310,1791285934.308318,-0.9920268654336734,-2.145741988201531,-0.07659174705038212,2.365204489550417,-29.140375268398785,-25.530481664009347,1.8235911687501103,38.785209159293814
1311,1791285934.3283179,-0.9824467873086734,-2.1361619100765306,-0.023901317362882122,2.3513742086121954,-29.160056743726265,-25.57271535530433,1.8225209599382557,38.82775119151465
1312,1791285934.3384116,-1.0638774513711735,-2.131371871014031,0.07668950294961789,2.383372099347589,-29.17004886814593,-25.594063493590195,1.8221018214827407,38.8492971896764
1313,1791285934.3584116,-1.0207670998086733,-2.179272261639031,0.10063969826211788,2.408593243216338,-29.190004758830817,-25.636484395965223,1.821661894036758,38.892212100384825
1314,1791285934.3836806,-0.8435356544961734,-2.3469236288265307,-0.08138178611288212,2.4952406527350224,-29.214969269959386,-25.690619625985565,1.8212259377740845,38.94662026579671
1315,1791285934.4036806,-0.8674858498086734,-2.4762546835140307,-0.09096186423788212,2.625384356239878,-29.234330914532908,-25.734274382777205,1.8206741287799493,38.98991967562496
1316,1791285934.4286199,-1.0399272560586734,-2.5097849569515307,-0.01432123923788212,2.7167396500083014,-29.258420448012604,-25.789871109962338,1.8198923282204198,39.04464914770611
1317,1791285934.4486198,-1.0495073341836734,-2.6726462850765307,-0.00953120017538212,2.8713402190293444,-29.277975334504067,-25.835542505672706,1.8193236317682442,39.089449148425714
1318,1791285934.4581666,-0.8291655373086734,-3.003158980389031,0.03836919044961788,3.115758582516852,-29.28725462867981,-25.858137020723202,1.8191135384597144,39.111324548440315
1319,1791285934.4781666,-0.6519340919961734,-2.993578902264031,0.023999073262117882,3.0638388762963102,-29.30599998712193,-25.90736634718158,1.818832975981901,39.157903668184105
1320,1791285934.5034688,-0.6136137794961734,-3.070219527264031,0.00962895607461788,3.1309523363947966,-29.328559266377535,-25.971811819867998,1.8185950896576113,39.21742834440042
1321,1791285934.5234687,-0.7956352638711734,-2.7397068319515308,0.07668950294961789,2.8539289195808473,-29.3458302313984,-26.0238262250863,1.8185647365289628,39.26479926173687
1322,1791285934.549021,-0.8579057716836734,-2.615165816326531,0.11021977638711788,2.7544950461160385,-29.36775490656804,-26.09057463299669,1.8188899706290678,39.32545579719931
1323,1791285934.569021,-0.8291655373086734,-2.481044722576531,0.06710942482461789,2.6167923262241364,-29.384872046155465,-26.14262680540046,1.8193723431456503,39.37280479186585
1324,1791285934.5940638,-0.7764751076211734,-2.548105269451531,0.028789112324617883,2.6639412286967614,-29.406105867241124,-26.207472702376883,1.8200658586939071,39.43175531790597
1325,1791285934.6140637,-0.8962260841836734,-2.4570945272640308,0.00483891701211788,2.615446066161545,-29.423029239857858,-26.259000349598402,1.8205870853512967,39.47865608585337
1326,1791285934.6241384,-1.0447172951211734,-2.514574996014031,-0.13886225486288212,2.7265003875169116,-29.431741916182002,-26.284819597415453,1.820708992265973,39.502331003675444
1327,1791285934.6441383,-1.1884184669961735,-2.538525191326531,-0.18197260642538213,2.8088365258922035,-29.449793453794793,-26.335966838182447,1.8204334471001664,39.549809882075806
1328,1791285934.6694155,-1.3081694435586735,-2.4762546835140307,-0.22987299705038214,2.8099797411117944,-29.473918843154497,-26.400420210367784,1.8193566637565086,39.61065687320533
1329,1791285934.6894155,-1.2411088966836734,-2.3804539022640308,-0.36399409080038214,2.709133398776999,-29.4939681394936,-26.4510529859958,1.8177416799483168,39.65925548338549
1330,1791285934.7138796,-1.2602690529336735,-2.370873824139031,-0.45979487205038216,2.7241020722678138,-29.519403477603692,-26.512415008868498,1.8145510423857643,39.7189618036708
1331,1791285934.7338796,-1.1692583107461734,-2.394824019451531,-0.45500483298788214,2.7035858557540413,-29.540722635623,-26.5622036662816,1.8109616884094586,39.767883268797696
1332,1791285934.743848,-0.8339555763711733,-2.241542769451531,-0.3975243642378821,2.4244631386770448,-29.551252443487126,-26.586763580239165,1.808803629810349,39.79201288225378
1333,1791285934.763848,-0.8674858498086734,-1.9972507772640307,-0.3496239736128821,2.2053977622698615,-29.57176179013171,-26.635005431494893,1.8040026264346531,39.83926499302214
1334,1791285934.7889447,-1.2075786232461734,-1.7481687460140307,-0.46937495017538217,2.1759257661311735,-29.59754302904463,-26.693510429579856,1.7973402737437063,39.89722401959638
1335,1791285934.8089447,-1.1261479591836734,-1.8391794882015307,-0.3879442861128821,2.191184881501885,-29.618507323210565,-26.738521589669695,1.791541348544758,39.94263553222115
1336,1791285934.8338006,-0.8387456154336734,-1.7721189413265308,-0.2777733876753821,1.9801661052846384,-29.64431640645981,-26.792802383915554,1.7841744870406053,39.997787856205996
1337,1791285934.8538005,-0.7333647560586734,-1.5613572225765306,-0.31130366111288216,1.752874841893505,-29.66432650922147,-26.834927557664287,1.7782523596292534,40.04057674066792
1338,1791285934.8634894,-0.9537065529336735,-1.2835349569515306,-0.22508295798788214,1.614831419313413,-29.67379213733977,-26.854341003488212,1.7754239926831619,40.06047554504902
1339,1791285934.8834894,-1.2554790138711733,-1.0679831991390307,-0.047851512675382124,1.6489710231473125,-29.69371422564261,-26.891930949461628,1.7700519620257589,40.100195743325415
1340,1791285934.9087906,-1.2890092873086734,-1.0009226522640307,0.08626958107461788,1.6342685027871233,-29.719964901811576,-26.936277461166302,1.7643483042561385,40.14912554674858
1341,1791285934.9287906,-1.2937993263711733,-0.7997410116390307,0.1485400888871179,1.5282560455049785,-29.74147703932623,-26.968775042496965,1.7608682092657046,40.18670104181207
1342,1791285934.9533591,-1.3177495216836734,-0.6081394491390306,0.2443408701371179,1.4717336213853502,-29.76875140308405,-27.005302089177743,1.757958355814534,40.23127289320019
1343,1791285934.973359,-1.5476713966836735,-0.4979685507015306,0.3257715341996179,1.6581274143127085,-29.79192177132272,-27.032235797982207,1.7568000777199366,40.26644659737683
1344,1791285934.9829857,-1.5045610451211735,-0.26325663663903065,0.3114014170121179,1.5588389390016428,-29.803605213998193,-27.04380484343024,1.7567862260181262,40.282856924569394
1345,1791285935.0029857,-1.3177495216836734,-0.20098612882653064,0.2778711435746179,1.3616429775494348,-29.828470859515477,-27.06493137271382,1.7576456728307328,40.31547472544374
1346,1791285935.0432677,-1.3991801857461734,-0.19619608976403063,0.20123051857461788,1.4271271209773857,-29.879248778346206,-27.102299665735995,1.7605644730713916,40.37825828330759
1347,1791285935.0632677,-1.4422905373086734,-0.24888651945153065,0.1437500498246179,1.4706497102979414,-29.904940491325632,-27.118737613266262,1.762313747789284,40.40837964175942
1348,1791285935.0728307,-1.3129594826211735,-0.23451640226403064,0.11500981544961789,1.338688837476984,-29.917358414171197,-27.125765139589745,1.76321028797527,40.42232525980889
1349,1791285935.0928307,-1.1740483498086733,-0.18182597257653063,0.12458989357461789,1.1945596902511004,-29.94316412541499,-27.138882407784443,1.765163456693323,40.45031295569834
1350,1791285935.1031172,-1.2890092873086734,0.00019551179846938584,0.20123051857461788,1.3046220535460402,-29.95634608760753,-27.144757136749426,1.7662687103364,40.464060795856135
1351,1791285935.1231172,-1.3943901466836734,0.1582668008609694,0.28266118263711787,1.4315270188135103,-29.98215620478593,-27.15422824839443,1.7688211322241123,40.48963485451416
1352,1791285935.1485481,-1.3321196388711734,0.21095723054846938,0.29224126076211787,1.380018347660196,-30.015252490934962,-27.1637605403078,1.7726763504312133,40.52070643793292
1353,1791285935.168548,-1.2027885841836734,0.3546584024234694,0.1724902841996179,1.2657945563144906,-30.04117895596605,-27.169284235639882,1.7759505718140143,40.54375956142812
1354,1791285935.1929617,-1.2458989357461734,0.45524922273596946,0.22039067482461788,1.3446516509657074,-30.07256328874657,-27.17353254630623,1.780067205603873,40.570045268119905
1355,1791285935.2129617,-1.3560698341836734,0.5270998086734694,0.27308110451211787,1.4803151330470488,-30.098320182774746,-27.175017262804523,1.7836739602610732,40.59029359163423
1356,1791285935.2388108,-1.3896001076211735,0.43608906648596946,0.4072021982621179,1.512275028980801,-30.131939379635806,-27.174781036780224,1.7889551510533277,40.61530322067628
1357,1791285935.2588108,-1.4231303810586735,0.3546584024234694,0.3401416513871179,1.5055826137778454,-30.158268553117786,-27.173439559733396,1.7935494063824018,40.63414572870447
1358,1791285935.2683566,-1.5476713966836735,0.4121388711734694,0.23476079201211789,1.6187210478371779,-30.171077121924316,-27.172346349313983,1.795824874979682,40.6430226214264
1359,1791285935.2883565,-1.4566606544961733,0.35944844148596944,0.20123051857461788,1.513789009753249,-30.198394212198405,-27.169242086690964,1.8005312107134175,40.66143924163667
1360,1791285935.3130689,-1.5045610451211735,0.43608906648596946,0.1916504404496179,1.5781658669890357,-30.23257306340013,-27.164507289397395,1.8062023315504885,40.68391939294996
1361,1791285935.3330688,-1.6674223732461735,0.42650898836096945,0.1772803232621179,1.7302125883747697,-30.260843185779514,-27.15995625444861,1.8106569774809587,40.70209248611183
1362,1791285935.357998,-1.6961626076211735,0.4025587930484694,0.11500981544961789,1.7470685249876876,-30.297083792816245,-27.153584408742084,1.8159230988045756,40.72502927306967
1363,1791285935.3779979,-1.5285112404336734,0.3833986367984694,0.057529346699617886,1.5769117770384926,-30.326634529155204,-27.148060290557932,1.8197730585571967,40.743508849746455
1364,1791285935.4035473,-1.4854008888711734,0.34986836336096944,0.07668950294961789,1.5279741333552785,-30.364497502974444,-27.140656830565536,1.8242107322921788,40.76696832729256
1365,1791285935.4235473,-1.6674223732461735,0.2971779336734694,0.1341699716996179,1.6990037305345187,-30.39441987466251,-27.134760172123944,1.8274797459938859,40.785483340742466
1366,1791285935.433288,-1.6482622169961734,0.2732277383609694,0.1677002451371179,1.6791501139582607,-30.409229620933377,-27.131902323334348,1.8290536057196234,40.79469091578221
1367,1791285935.453288,-1.5141411232461734,0.23969746492346938,0.1485400888871179,1.5401760853235305,-30.43981962878542,-27.12614533400085,1.83227471232717,40.81381641473583
1368,1791285935.4780846,-1.5285112404336734,0.1870070352359694,0.1341699716996179,1.5457424832958788,-30.47771549069459,-27.119284763350056,1.8361950470614545,40.837707573494484
1369,1791285935.4980845,-1.5859917091836735,0.09120625398596938,0.1341699716996179,1.5942678142869784,-30.508367899400806,-27.1141639713019,1.8392852611001336,40.857329452859936
1370,1791285935.5079608,-1.8494438576211734,-0.20577616788903064,0.6898145029496179,1.9845983125669058,-30.52377866630247,-27.112099428625513,1.8411926916949533,40.867554245697754
1371,1791285935.5279608,-1.9835649513711735,-0.5075486288265306,1.2885693857621179,2.419203709664645,-30.55605471549345,-27.10961571904629,1.847443523544132,40.89030192824793
1372,1791285935.5540268,-1.4662407326211735,-0.25367655851403065,1.106547901387118,1.8543629473221344,-30.598554621599366,-27.1083524045696,1.8590505963357236,40.92175929919278
1373,1791285935.5740268,-1.5285112404336734,-0.19619608976403063,0.6419141123246179,1.6693990671413128,-30.630764688867753,-27.10820329391574,1.8692432844949367,40.946214742094064
1374,1791285935.598475,-1.6722124123086735,-0.3638474569515306,0.27308110451211787,1.7329895018293813,-30.67010136754466,-27.109075263258084,1.8815117189915647,40.976788135152304
1375,1791285935.618475,-1.2363188576211734,-0.9961326132015307,0.19644047951211788,1.5997979131078977,-30.701816852655654,-27.111721553811517,1.890746835679869,41.002706340704535
1376,1791285935.6288624,-1.2219487404336735,-1.0919333944515308,0.2635010263871179,1.6597921716507005,-30.717733284096848,-27.114516522082763,1.8951821442882484,41.016677823773584
1377,1791285935.6488624,-1.3560698341836734,-0.6895701132015307,0.3257715341996179,1.5558147154139148,-30.747649034462007,-27.121763001341442,1.9033248489542298,41.04425166729237
1378,1791285935.673506,-1.2890092873086734,-0.4404880819515306,0.3209814951371179,1.3995012730718797,-30.783870323210913,-27.13144130643429,1.9130485409821987,41.078236746005885
1379,1791285935.693506,-1.2027885841836734,-0.5458689413265306,0.3497217295121179,1.3663742413557347,-30.812594618756094,-27.13959724464735,1.9207623083068903,41.10551123129938
1380,1791285935.718712,-1.1692583107461734,-0.5985593710140307,0.3784619638871179,1.3669937000538814,-30.847850053889275,-27.15049786557067,1.9304023569116426,41.13958969842995
1381,1791285935.738712,-1.1309379982461734,-0.5506589803890306,0.3209814951371179,1.2981814930049682,-30.87507800550048,-27.159573501519425,1.937953151315367,41.166352000716174
1382,1791285935.7483234,-1.0830376076211734,-0.4979685507015306,0.2443408701371179,1.2168178162029604,-30.887796125586434,-27.164036655290264,1.941445040626379,41.179000057693464
1383,1791285935.7683234,-1.1405180763711733,-0.5219187460140307,0.29224126076211787,1.287860867664707,-30.913626467176126,-27.173460630576432,1.9484261473401614,41.204922381254626
1384,1791285935.79293,-1.1165678810586734,-0.5123386678890306,0.3784619638871179,1.2854758658704786,-30.944804631913502,-27.18522470252448,1.956964592623709,41.236477616920986
1385,1791285935.8129299,-1.1788383888711733,-0.4740183553890306,0.3976221201371179,1.331336433342242,-30.9697879416846,-27.194831735737793,1.9640277130361523,41.261895777406764
1386,1791285935.8386009,-1.2794292091836734,-0.4500681600765306,0.4119922373246179,1.4174759446434277,-31.00177816645169,-27.207092356469843,1.9732924810169186,41.294430704285034
1387,1791285935.8586009,-1.4135503029336733,-0.2680466757015306,0.4311523935746179,1.501954015861885,-31.027002361375573,-27.216288818376448,1.9806925585764552,41.31978213386039
1388,1791285935.868432,-1.4135503029336733,-0.10997538663903063,0.4119922373246179,1.4764676251804603,-31.03962621755533,-27.220410069574783,1.9844061868575793,41.33215440786743
1389,1791285935.888432,-1.3416997169961735,-0.12913554288903062,0.4934229013871179,1.4353746126493037,-31.065588119311226,-27.22789515702438,1.992185872686393,41.35695642128339
1390,1791285935.913627,-1.4039702248086734,-0.11955546476403063,0.5796436045121179,1.5236182624122292,-31.09857595952813,-27.236379996205613,2.002543916308303,41.387824346599736
1391,1791285935.933627,-1.4662407326211735,-0.047704878826530614,0.5892236826371179,1.5809244730985021,-31.125139471714284,-27.24235594289643,2.0112861970685096,41.412142381427806
1392,1791285935.9592457,-1.4901909279336734,0.024145707110969385,0.6227539560746179,1.6152629837504167,-31.159742330785992,-27.248907818557438,2.0231334947566793,41.44304029101657
1393,1791285935.9792457,-1.3896001076211735,0.05767598054846939,0.5796436045121179,1.5067520320493366,-31.187023597546627,-27.253132745542402,2.0327986572424366,41.46680546775906
1394,1791285936.0029893,-1.4087602638711734,0.033725785235969384,0.5604834482621179,1.5165370438693395,-31.21953650846608,-27.257233375668246,2.0445821296735915,41.49453635340525
1395,1791285936.0229893,-1.4854008888711734,-0.06207499601403062,0.5796436045121179,1.5956991615092158,-31.247156367360652,-27.26021187205026,2.054729059123715,41.5177774436658
1396,1791285936.0333502,-1.5237212013711734,-0.18661601163903063,0.4503125498246179,1.599791620129828,-31.26165682891244,-27.261716677046344,2.059997518568884,41.52994068915515
1397,1791285936.0533502,-1.4614506935586735,-0.20098612882653064,0.3832520029496179,1.524177040716956,-31.289926557542,-27.264767124070943,2.0698922135777553,41.5537180536474
1398,1791285936.0783825,-1.4375004982461734,-0.028544722576530616,0.4119922373246179,1.4956470463517495,-31.325444510640498,-27.268443338353823,2.081911920733234,41.5834802912397
1399,1791285936.0983825,-1.4279204201211735,0.043305863360969386,0.3545117685746179,1.4719071703264344,-31.353863676098506,-27.27091779619548,2.091224528228884,41.60698192483669
1400,1791285936.123394,-1.4566606544961733,-0.014174605389030615,0.2874512216996179,1.4848196478534885,-31.389484091736882,-27.273493477381074,2.1023279864876585,41.63607739651899
1401,1791285936.143394,-1.6051518654336734,-0.03333476163903062,0.22039067482461788,1.6205541542905573,-31.418287490542905,-27.275315394835758,2.1106366095535933,41.65940956883279
1402,1791285936.1529474,-1.4949809669961733,0.038515824298469385,0.052739307637117885,1.4964066943756456,-31.432203551242253,-27.276051419799085,2.1142057868806097,41.670568357673375
1403,1791285936.1729474,-1.3943901466836734,-0.047704878826530614,-0.07180170798788213,1.3970522974829351,-31.461300725008634,-27.27737493288015,2.120528413868021,41.693707766189
1404,1791285936.1984806,-1.4470805763711734,-0.07644511320153062,-0.05743159080038212,1.450235993714466,-31.4983172603226,-27.27904890497642,2.1271420079820462,41.723077936726504
1405,1791285936.2184806,-1.4710307716836735,-0.12434550382653063,-0.01911127830038212,1.4764005474533028,-31.527340002933354,-27.280464619904677,2.131430519487479,41.74613651103339
1406,1791285936.2427213,-1.3656499123086734,-0.15787577726403063,0.01920903419961788,1.3748794241788227,-31.562397405279867,-27.282436228656273,2.1358488594302254,41.77413203035873
1407,1791285936.2627213,-1.3560698341836734,-0.09560526945153063,0.023999073262117882,1.3596476448871877,-31.591065676965293,-27.284199135689633,2.139012245730936,41.79710906832778
1408,1791285936.2885466,-1.2650590919961735,-0.07165507413903062,-0.03827143455038212,1.2676646475289106,-31.627608096828848,-27.286458023486443,2.1424566543921983,41.82638528381374
1409,1791285936.3085465,-1.1213579201211734,-0.13871562101403062,-0.19155268455038213,1.1460270675207678,-31.655242481419705,-27.288260536294537,2.1443792679012885,41.84855914005611
1410,1791285936.3191142,-1.2458989357461734,-0.28241679288903065,-0.22987299705038214,1.2980234966178763,-31.669530035748622,-27.289403870987076,2.144908752581144,41.860140108173646
1411,1791285936.3391142,-1.3608598732461734,-0.4500681600765306,-0.07180170798788213,1.4351503156799434,-31.696424262712807,-27.2923418561882,2.145308011983839,41.88242568790893
1412,1791285936.3637192,-1.1979985451211734,-0.5506589803890306,0.08147954201211788,1.3210089865561248,-31.729270019967622,-27.29726087096811,2.145743382796249,41.91051469169183
1413,1791285936.3837192,-1.0255571388711735,-0.6081394491390306,0.08147954201211788,1.1950899340448213,-31.755298970666427,-27.302397687149814,2.1462886253342304,41.93359616163311
1414,1791285936.393781,-0.9105962013711734,-0.6416697225765307,0.047949268574617884,1.1149998238474719,-31.76789066545213,-27.305537459264002,2.1466194552812135,41.94519314959918
1415,1791285936.413781,-0.9920268654336734,-0.7326804647640307,0.1485400888871179,1.242176365575995,-31.79201910736507,-27.312903837444523,2.1474731483461387,41.96830751745208
1416,1791285936.4381602,-1.0926176857461734,-0.8763816366390307,0.08626958107461788,1.4033177191435373,-31.820830706504776,-27.323478363683815,2.148787012503486,41.99708349835544
1417,1791285936.4581602,-0.8722758888711734,-1.0105027303890306,-0.01432123923788212,1.3349854277567939,-31.84386876260596,-27.333682447993347,2.1498111101964144,42.02123108319573
1418,1791285936.4836307,-0.9058061623086734,-1.0823533163265306,0.07189946388711789,1.4132031127713598,-31.872204038329283,-27.348726295451737,2.1510296839001937,42.05255222867509
1419,1791285936.5036306,-1.0207670998086733,-1.0584031210140308,0.1437500498246179,1.477446011009753,-31.894005943452804,-27.361978266873795,2.1521664806118297,42.077752914790324
1420,1791285936.5136755,-0.8387456154336734,-1.2164744100765308,0.08626958107461788,1.4801171029344418,-31.904714169357998,-27.36934940326812,2.152825072589756,42.09069646346776
1421,1791285936.5336754,-0.6950444435586733,-1.2643748007015307,0.11979985451211789,1.447785350220103,-31.925137605155015,-27.385545688973878,2.1542487868222158,42.116781828939445
1422,1791285936.5582309,-0.8483256935586734,-1.0679831991390307,0.1293799326371179,1.3700305700838313,-31.94929401430547,-27.406743659114582,2.1561934895612502,42.14897574524651
1423,1791285936.5782309,-0.8052153419961734,-1.0631931600765308,0.03357915138711788,1.3341210597346154,-31.968498050904923,-27.424615990640945,2.157784265412753,42.17523518370578
1424,1791285936.6026716,-0.7094145607461734,-1.3697556600765308,0.08626958107461788,1.5449731479637985,-31.991222330983522,-27.447640315312693,2.159656347217749,42.20752753534937
1425,1791285936.6226716,-0.7812651466836734,-1.5326169882015308,0.1677002451371179,1.7284135599345551,-32.009264416139644,-27.468008636448417,2.1613394441346307,42.23453438960966
1426,1791285936.6482713,-0.8291655373086734,-1.4320261678890307,0.01920903419961788,1.6548665870015642,-32.031986000211326,-27.49586119912329,2.1635294970258676,42.269981903044254
1427,1791285936.6682713,-0.7668950294961734,-1.5757273397640308,-0.14844233298788212,1.7587153725855276,-32.04946879246756,-27.51886885352191,2.164789993888887,42.29826129493187
1428,1791285936.693581,-0.6902544044961734,-1.7625388632015306,-0.24903315330038214,1.9091914253591342,-32.07104047735334,-27.549954255303042,2.165391367577318,42.33486195258118
1429,1791285936.713581,-0.7429448341836734,-1.9589304647640307,-0.22987299705038214,2.1076568001441203,-32.08767945532283,-27.576415769624056,2.1650769372586907,42.364672047249066
1430,1791285936.7231307,-0.7621049904336734,-1.9397703085140308,-0.2777733876753821,2.102539160428929,-32.095510485439036,-27.58994774978993,2.164585735669168,42.379386989008324
1431,1791285936.7431307,-0.7333647560586734,-2.011620894451531,-0.32088373923788216,2.1650424620617166,-32.111694286198784,-27.61996411378416,2.1628133264067153,42.41109629639275
1432,1791285936.7684407,-0.7046245216836734,-2.174482222576531,-0.37357416892538214,2.316123121197922,-32.13183250727431,-27.66019832998124,2.159588528495591,42.45238573439468
1433,1791285936.7884407,-0.7285747169961734,-2.2175925741390308,-0.32567377830038213,2.356820178332465,-32.14750853471166,-27.693810535263417,2.1563736588944202,42.48599056523456
1434,1791285936.7974834,-0.8674858498086734,-2.1505320272640307,-0.22029291892538214,2.32934511612927,-32.15461555262308,-27.709690756891284,2.1547678528503296,42.501638646988816
1435,1791285936.8174834,-0.8195854591836734,-2.145741988201531,-0.22987299705038214,2.3084130045573077,-32.170507062278645,-27.74598933364042,2.1510737544583844,42.53714338132884
1436,1791285936.8434198,-0.7525249123086734,-2.327763472576531,-0.2777733876753821,2.4620996289361208,-32.191082330996835,-27.79470311558346,2.1460142748255833,42.58423041681271
1437,1791285936.8634198,-0.9249663185586734,-2.4091941366390306,-0.21071284080038213,2.5892429356400752,-32.207084619981686,-27.833737980945262,2.141965311570214,42.62160584851943
1438,1791285936.8880796,-0.9345463966836735,-2.370873824139031,-0.06222162986288212,2.54917460931276,-32.22729489885464,-27.883488988169027,2.1372170239159476,42.669136284419935
1439,1791285936.9080796,-0.8147954201211735,-2.461884566326531,-0.00474116111288212,2.5932199430777,-32.24385143931983,-27.92503538990305,2.1338432127550453,42.708627278629386
1440,1791285936.9184058,-0.7956352638711734,-2.581635542889031,-0.07659174705038212,2.7025439580401875,-32.25236468611583,-27.947174522909414,2.1322995871887955,42.729454632486174
1441,1791285936.9384058,-0.9297563576211734,-2.5960056600765307,0.052739307637117885,2.757983630527277,-32.26896816872989,-27.99138873456668,2.1297225306410326,42.770782878287946
1442,1791285936.9629765,-0.8339555763711733,-2.361293746014031,0.10063969826211788,2.506255854295774,-32.28955662655065,-28.046695010770843,2.1273140714053826,42.822401069122904
1443,1791285936.9829764,-0.6519340919961734,-2.342133589764031,-0.10533198142538212,2.4334548771076108,-32.306030205687556,-28.09201546368359,2.125640667677614,42.86442894418074
1444,1791285937.0081103,-0.7716850685586734,-2.5624753866390306,-0.18676264548788213,2.6826588001303646,-32.326310688139,-28.14967167595575,2.1233025456238255,42.91739498001303
1445,1791285937.0281103,-0.8722758888711734,-2.610375777264031,-0.10054194236288212,2.7540943351684395,-32.34249390084854,-28.19642834301247,2.1212901346655824,42.9601600889067
1446,1791285937.0381758,-0.7764751076211734,-2.4331443319515307,-0.11012202048788212,2.55640994213751,-32.350661530701274,-28.22023765228567,2.1202702186484568,42.98188758565129
1447,1791285937.0581758,-0.6998344826211734,-2.351713667889031,-0.09575190330038212,2.455502780651525,-32.36667051967315,-28.26762710639578,2.118238844843468,43.02495832141066
1448,1791285937.082978,-0.7237846779336734,-2.3469236288265307,0.052739307637117885,2.4565618685727997,-32.38619367977435,-28.326320329033354,2.1160175736407734,43.078109229849225
1449,1791285937.102978,-0.6710942482461734,-2.3038132772640307,0.1724902841996179,2.405758924886364,-32.40166760339909,-28.373526065174186,2.1148329091250604,43.12073240432959
1450,1791285937.1287012,-0.6184038185586734,-2.2607029257015308,0.2635010263871179,2.3585236466888504,-32.42107203542107,-28.43393921621574,2.114378921535595,43.175055408201246
1451,1791285937.1487012,-0.6040337013711734,-2.088261519451531,0.1629102060746179,2.1799616100421244,-32.43572970823836,-28.480388553632604,2.1147185060525597,43.2166765060853
1452,1791285937.1588247,-0.5800835060586734,-2.025991011639031,0.1293799326371179,2.1113681867956267,-32.44293520925002,-28.50349711982755,2.1150865366305394,43.23733322152336
1453,1791285937.1788247,-0.5513432716836734,-2.088261519451531,-0.01911127830038212,2.1599029649063284,-32.45673226440827,-28.548473805996863,2.1158699588392627,43.27738129344113
1454,1791285937.2034767,-0.6615141701211734,-2.222382613201531,-0.11970209861288213,2.3218342036295136,-32.47343004585118,-28.603566334219693,2.11643410694884,43.326284854669375
1455,1791285937.2234766,-0.7046245216836734,-2.1936423788265307,-0.10533198142538212,2.3064382560677106,-32.48699401604999,-28.64818208717556,2.1164855918097225,43.3659155139053
1456,1791285937.2485473,-0.5657133888711734,-2.0978415975765308,-0.15323237205038212,2.17817611012396,-32.50383510206939,-28.703789644657295,2.116054270588759,43.415256788176784
1457,1791285937.2685473,-0.5657133888711734,-2.0643113241390307,-0.13407221580038212,2.1446184370107355,-32.516951888377434,-28.747739386448224,2.115330842693679,43.45410572680389
1458,1791285937.278379,-0.6519340919961734,-2.0643113241390307,-0.08138178611288212,2.1663384542555755,-32.523330551102575,-28.76914796417956,2.1148696906659423,43.47302127215955
1459,1791285937.298379,-0.6902544044961734,-2.025991011639031,0.014418995137117882,2.140396839277538,-32.53637320909239,-28.812301089132365,2.113971866330613,43.51129913831349
1460,1791285937.3235865,-0.6184038185586734,-1.8822898397640309,0.023999073262117882,1.9814172400593195,-32.552820179377505,-28.865920775867174,2.1130826404391194,43.559070262286966
1461,1791285937.3435864,-0.6327739357461734,-1.9014499960140308,0.057529346699617886,2.0048003807943435,-32.56578880225993,-28.907757566319887,2.112605237860654,43.59646945244029
1462,1791285937.3683276,-0.5992436623086734,-1.9254001913265308,0.09105962013711788,2.018551638674837,-32.581711437217855,-28.958850044020654,2.1123789685430765,43.64223941271748
1463,1791285937.3883276,-0.5561333107461733,-1.8391794882015307,0.023999073262117882,1.921572638403291,-32.594385151996676,-28.999603218592416,2.112396083807684,43.67874938099056
1464,1791285937.4128258,-0.5657133888711734,-1.8679197225765307,-0.08617182517538212,1.9536072562806854,-32.609641957523905,-29.048845727564828,2.1122996696508434,43.72283152537324
1465,1791285937.4328258,-0.5992436623086734,-2.0738914022640307,-0.13407221580038212,2.1628901669413088,-32.621976503539805,-29.088929154227532,2.111902399500029,43.75864808334674
1466,1791285937.4440696,-0.6088237404336734,-2.112211714764031,-0.06701166892538213,2.1992260544733053,-32.628889471355215,-29.111613617586055,2.1115429875396856,43.778865784094556
1467,1791285937.4640696,-0.5369731544961733,-1.9876706991390307,-0.023901317362882122,2.0590644112890435,-32.64106015902459,-29.152060987489968,2.1108632087978214,43.81480584927489
1468,1791285937.4887664,-0.4842827248086734,-1.9397703085140308,-0.052641551737882125,2.0000024350760435,-32.65572634278495,-29.20178984980779,2.1100079246054966,43.858786198994316
1469,1791285937.5087664,-0.4651225685586734,-2.035571089764031,-0.06701166892538213,2.0891096737696437,-32.66724587121232,-29.241983563483256,2.1092397127396376,43.894093540054584
1470,1791285937.533406,-0.5417631935586734,-2.0499412069515306,-0.00953120017538212,2.120343640457738,-32.68116963539501,-29.291623694496906,2.1082938043917023,43.93748934751636
1471,1791285937.553406,-0.4794926857461734,-1.9876706991390307,0.08626958107461788,2.0465068982338446,-32.69230815516421,-29.331929087921313,2.1077562867151607,43.97262458729577
1472,1791285937.563137,-0.44117237324617337,-1.9062400350765307,0.00962895607461788,1.9566493939996814,-32.6975866431663,-29.351440086899675,2.1076039749613353,43.98955787431264
1473,1791285937.583137,-0.3597417091836734,-2.0212009725765308,-0.15802241111288212,2.059038258820033,-32.70800944050822,-29.39141662099342,2.107115298988014,44.02396151452539
1474,1791285937.6085749,-0.4172221779336734,-2.0834714803890306,-0.11012202048788212,2.1276876215155527,-32.72075994008541,-29.44246665481158,2.1060754110781765,44.06747698034842
1475,1791285937.6285748,-0.4842827248086734,-1.9924607382015307,0.014418995137117882,2.0505212650064046,-32.730633295240786,-29.482697045578046,2.1052369044620853,44.101653068935754
1476,1791285937.6542697,-0.44117237324617337,-1.9493503866390307,-0.01432123923788212,1.9987008507274688,-32.74319877249086,-29.534226238980345,2.1043214167553534,44.145393349874425
1477,1791285937.6742697,-0.3789018654336734,-2.035571089764031,-0.13886225486288212,2.075186500278432,-32.75274233590024,-29.574295877214432,2.1034859453418595,44.17924580928408
1478,1791285937.6833239,-0.3453715919961734,-2.045151167889031,-0.08617182517538212,2.0758974973562387,-32.75690655738311,-29.592485872390508,2.103011640783896,44.19448840385001
1479,1791285937.7033238,-0.4268022560586734,-2.0068308553890306,0.028789112324617883,2.0519159487919287,-32.76588348939142,-29.632717069169765,2.1020350205220355,44.2280407995803
1480,1791285937.7285278,-0.4794926857461734,-1.9301902303890308,-0.01432123923788212,1.9889074033415048,-32.777212462642105,-29.68325359849584,2.101016244112775,44.27025491536979
1481,1791285937.7485278,-0.40285206074617336,-2.025991011639031,-0.11970209861288213,2.0691200918511012,-32.78617733682445,-29.723274601469736,2.10012804767912,44.30369076287805
1482,1791285937.7731214,-0.3884819435586734,-2.102631636639031,-0.05743159080038212,2.1389895762925812,-32.79700731101085,-29.77272102459913,2.0988729528030903,44.34482916236249
1483,1791285937.7931213,-0.5321831154336734,-1.9828806600765307,0.01920903419961788,2.0531447994364918,-32.80587437877234,-29.813028450704888,2.097948051860932,44.378411927272
1484,1791285937.8040657,-0.5513432716836734,-1.9254001913265308,-0.01432123923788212,2.0028355893293908,-32.81088815959995,-29.834984910715228,2.097521859156159,44.39685016297912
1485,1791285937.8240657,-0.4459624123086734,-2.035571089764031,-0.13407221580038212,2.0881588765524812,-32.82017206798303,-29.875031530665385,2.096637260187804,44.43058733947901
1486,1791285937.8486466,-0.3693217873086734,-2.1409519491390308,-0.17239252830038213,2.1794019856182762,-32.831373923982596,-29.92456761787089,2.0951481373536267,44.47210931100916
1487,1791285937.8686466,-0.4651225685586734,-2.025991011639031,-0.08617182517538212,2.080481715007084,-32.840372699492676,-29.965076771061405,2.0937304262625687,44.50595029920208
1488,1791285937.8933907,-0.5705034279336734,-1.9206101522640306,-0.047851512675382124,2.0041225724812985,-32.85175793110205,-30.015001218029656,2.091990808615538,44.547892462218456
1489,1791285937.9133906,-0.4794926857461734,-1.9924607382015307,-0.09575190330038212,2.0515802338549456,-32.86115496096284,-30.05517059363298,2.090580227840915,44.58182713247442
1490,1791285937.9239562,-0.38369190449617335,-2.1265818319515306,-0.11012202048788212,2.163722862327466,-32.866058555775965,-30.076472035995323,2.0897836903338063,44.599766490376254
1491,1791285937.9439561,-0.4890727638711734,-2.069101363201531,-0.01911127830038212,2.126202685663175,-32.87525761490742,-30.117039702927936,2.088308206958328,44.633840019446176
1492,1791285937.9682062,-0.5321831154336734,-1.9206101522640306,0.014418995137117882,1.9930303893200219,-32.88659582766548,-30.166106144100247,2.0867789994398076,44.67523689497181
1493,1791285937.9882061,-0.41243213887117336,-1.9637205038265308,-0.06701166892538213,2.007682507294104,-32.89596116942246,-30.206329651217608,2.085628091110249,44.70924352740277
1494,1791285938.0135796,-0.34058155293367337,-2.069101363201531,-0.11970209861288213,2.1003582641572067,-32.90749349353542,-30.257380094448234,2.0840316645501016,44.752154877568024
1495,1791285938.0335796,-0.4651225685586734,-2.0834714803890306,-0.01911127830038212,2.13484370723839,-32.91642859952594,-30.29781227464242,2.08275385358862,44.78600857401562
1496,1791285938.0588248,-0.5369731544961733,-1.9589304647640307,0.00483891701211788,2.031199682342443,-32.92791262484345,-30.348846673749247,2.0813558394926264,44.82891886256745
1497,1791285938.0788248,-0.4747026466836734,-1.9685105428890308,-0.052641551737882125,2.025622742072947,-32.93716342200457,-30.38910413739755,2.0803427199459614,44.862926904002386
1498,1791285938.0886755,-0.42201221699617336,-2.0307810507015307,-0.04306147361288212,2.0746132838898315,-32.94169882966967,-30.408912899783477,2.079847864565394,44.87965321469201
1499,1791285938.1086755,-0.4890727638711734,-2.045151167889031,-0.00474116111288212,2.102821425249218,-32.95089246714741,-30.449211901685544,2.0789221605682684,44.91366982517641
1500,1791285938.13366,-0.5609233498086734,-2.0068308553890306,-0.03827143455038212,2.0840992752756753,-32.96262222814547,-30.49959603886219,2.077858606148183,44.95639352835536
1501,1791285938.15366,-0.4890727638711734,-2.002040816326531,-0.12928217673788212,2.0649633119791924,-32.97217836765984,-30.539891641662006,2.076883613825845,44.99069874250244
1502,1791285938.1788378,-0.40285206074617336,-2.035571089764031,-0.16760248923788212,2.081809318532631,-32.98408820031496,-30.590634451503096,2.075279703527275,45.03380703870723
1503,1791285938.1988378,-0.4794926857461734,-2.025991011639031,-0.07180170798788213,2.083196654230272,-32.99345323003849,-30.630988312138747,2.0738376380328907,45.06801752429365
1504,1791285938.208347,-0.5226030373086734,-1.9924607382015307,-0.00474116111288212,2.059863152368996,-32.99795276993359,-30.65016314899498,2.0732002416969,45.084315979162305
1505,1791285938.228347,-0.4842827248086734,-1.9780906210140308,-0.00953120017538212,2.0365321274825425,-33.00750700194007,-30.690398155758015,2.0720393487906597,45.118614833625095
1506,1791285938.253193,-0.4076420998086734,-2.0499412069515306,-0.07180170798788213,2.0913121523972213,-33.01925783157513,-30.740390263893726,2.070661946095709,45.16116276425505
1507,1791285938.273193,-0.4459624123086734,-2.078681441326531,-0.052641551737882125,2.126633522889378,-33.02857837281376,-30.780788720029225,2.0695328369003665,45.19543018623884
1508,1791285938.298663,-0.5561333107461733,-2.045151167889031,-0.01432123923788212,2.119465181769372,-33.04058189733325,-30.832396669036623,2.0681826866123885,45.23929835990396
1509,1791285938.318663,-0.5321831154336734,-1.9828806600765307,-0.04306147361288212,2.053506481842203,-33.05022613228899,-30.87288447713676,2.067195453754492,45.273896898523034
1510,1791285938.3291776,-0.4651225685586734,-2.011620894451531,-0.09096186423788212,2.0666958381731515,-33.05532239677306,-30.89412762051274,2.0666485908764476,45.292079843889994
1511,1791285938.3491776,-0.5369731544961733,-2.0307810507015307,-0.052641551737882125,2.101233679890782,-33.06506506221409,-30.93453664362509,2.065549030625284,45.326709319364355
1512,1791285938.373549,-0.6471440529336734,-1.9685105428890308,0.01920903419961788,2.072244717620863,-33.07732076099433,-30.983701819375575,2.064349012990122,45.36915762944159
1513,1791285938.393549,-0.5561333107461733,-1.8966599569515308,-0.00953120017538212,1.9765358826496588,-33.08767449909936,-31.023794180713786,2.063526471026639,45.40405434123992
1514,1791285938.418962,-0.4268022560586734,-1.9637205038265308,-0.047851512675382124,2.010136351144076,-33.10073055977867,-31.074453938207665,2.062528710232239,45.448147111069204
1515,1791285938.438962,-0.4747026466836734,-2.002040816326531,-0.03827143455038212,2.0579054243838395,-33.11081663327654,-31.114291285975206,2.061732076476873,45.4827004421038
1516,1791285938.4477344,-0.5609233498086734,-1.9637205038265308,-0.00953120017538212,2.0422840314917243,-33.11525835322864,-31.131752878994075,2.061403619836518,45.497865422497675
1517,1791285938.4677343,-0.6088237404336734,-1.9349802694515308,-0.00953120017538212,2.02852306712523,-33.12562058217915,-31.171439749199994,2.060738510073858,45.532538235852805
1518,1791285938.4937482,-0.5465532326211734,-1.9733005819515308,-0.03827143455038212,2.0479502741818343,-33.13933114142184,-31.222942353001233,2.059909906754777,45.577742665731
1519,1791285938.5137482,-0.5082329201211734,-1.9685105428890308,-0.09575190330038212,2.0353139525748376,-33.1498731337946,-31.26251188110679,2.05916738183505,45.61248631909286
1520,1791285938.5384245,-0.4459624123086734,-2.0212009725765308,-0.12928217673788212,2.073849012333967,-33.16269494509895,-31.311394070711177,2.057972186720004,45.65526239322661
1521,1791285938.5584245,-0.46033252949617337,-2.0307810507015307,-0.11970209861288213,2.0857387914149474,-33.172887573593115,-31.35114789933694,2.056775318230228,45.689881475946386
1522,1791285938.5686269,-0.5082329201211734,-2.025991011639031,-0.05743159080038212,2.0895546578060364,-33.178048252783135,-31.371489431847433,2.056120813505182,45.70755810406251
1523,1791285938.5886269,-0.5896635841836734,-1.9828806600765307,0.028789112324617883,2.0689001105916915,-33.18829418982663,-31.4113972542491,2.0549872671059597,45.74234057591167
1524,1791285938.6137438,-0.5752934669961733,-1.9397703085140308,0.047949268574617884,2.0238504280993532,-33.20142593167735,-31.461387031368332,2.0539217975604624,45.7861567789294
1525,1791285938.6337438,-0.4699126076211734,-1.9493503866390307,-0.01911127830038212,2.0052805363961785,-33.21188174763176,-31.501055483748097,2.0532439085735206,45.82097114157387
1526,1791285938.658367,-0.4747026466836734,-2.0164109335140306,-0.02869135642538212,2.071733295937712,-33.224568058977475,-31.549891645382413,2.0524462289634986,45.86371246490828
1527,1791285938.678367,-0.5369731544961733,-1.9493503866390307,-0.00474116111288212,2.021961813968802,-33.23484428155974,-31.589557079395043,2.0518453571408006,45.898421108590455
1528,1791285938.6884704,-0.5369731544961733,-1.9206101522640306,-0.052641551737882125,1.994957307462645,-33.24007066058263,-31.609521823507478,2.0515438618877067,45.91593404961475
1529,1791285938.7084703,-0.5178129982461734,-2.0068308553890306,-0.11970209861288213,2.0760127590423156,-33.250446689356664,-31.649005450456315,2.0507780538777096,45.95059783801545
1530,1791285938.7335634,-0.5130229591836734,-2.035571089764031,-0.10054194236288212,2.1016305337301318,-33.263452289981544,-31.69872075843395,2.049546857595874,45.99420396409238
1531,1791285938.7535634,-0.5321831154336734,-1.9685105428890308,-0.00474116111288212,2.039184911778884,-33.273831092979826,-31.738407853190353,2.048554825919605,46.02902286095594
1532,1791285938.7784872,-0.5561333107461733,-1.9158201132015307,0.028789112324617883,1.9951139763074852,-33.286859344210654,-31.787707828647687,2.0475489563730975,46.07239770979451
1533,1791285938.7984872,-0.5609233498086734,-1.9637205038265308,-0.00474116111288212,2.0422672939941053,-33.29742121488984,-31.827153576848424,2.0468989464879637,46.10722025521843
1534,1791285938.8237312,-0.4842827248086734,-2.035571089764031,-0.08617182517538212,2.094159736621181,-33.31073162727384,-31.877045631059364,2.0460294442440565,46.15124176222798
1535,1791285938.8437312,-0.4555424904336734,-2.0499412069515306,-0.12449213767538213,2.1036340472837467,-33.321104951792215,-31.916772538654048,2.045127902512155,46.18613377010644
1536,1791285938.853557,-0.5417631935586734,-1.9924607382015307,-0.09575190330038212,2.067020942843862,-33.32617184411995,-31.93634164810045,2.0445891079934775,46.20328984248344
1537,1791285938.873557,-0.5273930763711734,-2.002040816326531,-0.08617182517538212,2.0721333139293208,-33.33654186749436,-31.976190143019995,2.0433840478752674,46.238265301726926
1538,1791285938.898133,-0.4890727638711734,-1.9828806600765307,-0.11012202048788212,2.0452713120421118,-33.34924668316248,-32.025156043770295,2.0417635800478915,46.28122375736267
1539,1791285938.918133,-0.4555424904336734,-1.9924607382015307,-0.08617182517538212,2.0456892083889864,-33.35945193929102,-32.06499035779732,2.0403482092102503,46.316084259685965
1540,1791285938.9429936,-0.5034428810586734,-1.9972507772640307,0.01920903419961788,2.0598141636480984,-33.37202265491537,-32.11451739569062,2.0387279051605036,46.35936297135218
1541,1791285938.9629936,-0.5561333107461733,-1.9780906210140308,0.19644047951211788,2.064150097802029,-33.3822080204228,-32.154347571316784,2.0379433962153146,46.39425711596214
1542,1791285938.9737988,-0.5034428810586734,-2.0212009725765308,0.08626958107461788,2.0847423214037177,-33.38774399270546,-32.17587928827463,2.03781223914505,46.41315907819753
1543,1791285938.9937987,-0.3789018654336734,-2.231962691326531,0.06710942482461789,2.2648902300118166,-33.39777739349829,-32.21613542149514,2.0378359547050806,46.448290514292
1544,1791285939.017886,-0.6136137794961734,-2.1409519491390308,0.4119922373246179,2.2649359201808643,-33.40984167040492,-32.26524573201769,2.0387257484598647,46.491074468831584
1545,1791285939.037886,-0.6902544044961734,-1.9062400350765307,0.4503125498246179,2.076772401295936,-33.42031205912898,-32.30597703130569,2.0406471929358574,46.52695617642368
1546,1791285939.063223,-0.5944536232461733,-1.9924607382015307,-0.04306147361288212,2.079694495346565,-33.43402810820751,-32.35724601746271,2.0434901364400306,46.57253973440511
1547,1791285939.0832229,-0.5896635841836734,-2.538525191326531,-0.41189448142538215,2.6384598449361363,-33.44500713935114,-32.398441692356315,2.044715191419177,46.60910197438136
1548,1791285939.0934935,-0.5848735451211734,-3.0079490194515306,-0.32088373923788216,3.081038906198576,-33.4507042341151,-32.42069605390522,2.044685473653456,46.628659481740634
1549,1791285939.1134934,-0.4938628029336734,-2.940888472576531,-0.2777733876753821,2.994976382403655,-33.461752220507016,-32.4664549246186,2.04373829970157,46.66836640891306
1550,1791285939.1388874,-0.4459624123086734,-2.969628706951531,-0.19634272361288213,3.0093400597902717,-33.47546564000885,-32.52709679094158,2.0418130909509453,46.72031491932683
1551,1791285939.1588874,-0.6854643654336734,-2.658276167889031,-0.07180170798788213,2.7461698902864984,-33.48634322473177,-32.576135326510574,2.040122044041492,46.76218422326158
1552,1791285939.1832507,-0.7812651466836734,-2.643906050701531,0.08147954201211788,2.758124969997794,-33.500286390529936,-32.63660019640002,2.0383887496046085,46.81422742416773
1553,1791285939.2032506,-0.6854643654336734,-2.538525191326531,0.12458989357461789,2.6323932428229115,-33.512215616006756,-32.68656445367973,2.0374884112977374,46.85756556101116
1554,1791285939.212791,-0.6088237404336734,-2.495414839764031,0.07189946388711789,2.569616917429026,-33.517978581192644,-32.710425064141,2.0372639494025915,46.878323780246326
1555,1791285939.232791,-0.7573149513711734,-2.4858347616390306,0.028789112324617883,2.5987937991944916,-33.53029686844428,-32.76041437472065,2.0370150113880037,46.922009635628655
1556,1791285939.2580824,-0.8914360451211734,-2.413984175701531,0.01920903419961788,2.5733920824611163,-33.54666508642192,-32.82344151395861,2.036838476744463,46.97771559176933
1557,1791285939.2780824,-0.8818559669961734,-2.481044722576531,-0.01432123923788212,2.633146019468901,-33.560327139958446,-32.87314859038469,2.0367271482928295,47.0222044726014
1558,1791285939.3041854,-0.9537065529336735,-2.3756638632015306,-0.21071284080038213,2.568605629774337,-33.57907707000517,-32.93780070379666,2.036163087625343,47.08077200084747
1559,1791285939.3241854,-0.7094145607461734,-2.145741988201531,-0.4071044423628821,2.2963474749961814,-33.5937829229577,-32.98668846636511,2.034869009599666,47.12541309037045
1560,1791285939.348778,-0.7812651466836734,-1.9445603475765307,-0.33046381736288216,2.1215316423225152,-33.61190278663012,-33.04532972399926,2.03215604843891,47.1792696394392
1561,1791285939.368778,-1.0159770607461733,-1.9110300741390307,-0.37357416892538214,2.1963157769124533,-33.6271242409429,-33.09164964307664,2.0292246224587447,47.2224365464589
1562,1791285939.3787873,-1.0638774513711735,-1.9972507772640307,-0.5220653798628822,2.3223690834294994,-33.63516071406117,-33.11428784672972,2.027305254361661,47.243942071456715
1563,1791285939.3987873,-0.9920268654336734,-1.8727097616390307,-0.5412255361128822,2.187254954051071,-33.65189388031035,-33.15854197686878,2.0224504249024124,47.28667014587331
1564,1791285939.4228487,-0.8291655373086734,-1.4320261678890307,-0.5172753408003822,1.7337209152512048,-33.67229195943166,-33.209760545075824,2.01557563763204,47.336814282474656
1565,1791285939.4428487,-0.7285747169961734,-1.1063035116390307,-0.46458491111288214,1.4037691112660478,-33.68904029829883,-33.24975517928129,2.009245647043429,47.376520806964166
1566,1791285939.4682276,-0.9345463966836735,-1.1350437460140308,-0.43584467673788213,1.5335129132683398,-33.71027077763765,-33.297159861816915,2.000704184375603,47.42452981315071
1567,1791285939.4882276,-0.9824467873086734,-0.9290720663265307,-0.18197260642538213,1.3643645494553978,-33.727367416900584,-33.33200987082431,1.9940559945047351,47.460872876639726
1568,1791285939.4984705,-0.8291655373086734,-0.5746091757015306,-0.01911127830038212,1.0089878264969543,-33.73620173449005,-33.34833612087553,1.9910073923581,47.47848923394179
1569,1791285939.5184705,-1.0399272560586734,-0.40695780851403063,0.00962895607461788,1.1167614215217818,-33.7536674963849,-33.376904793210755,1.9859334699981033,47.510754306565424
1570,1791285939.5430403,-1.2554790138711733,-0.3925876913265306,-0.08617182517538212,1.3182481682544018,-33.77613533013051,-33.40820998725223,1.9804941543796408,47.54848230477143
1571,1791285939.5630403,-1.3321196388711734,-0.30636698820153063,0.028789112324617883,1.3671986968668386,-33.795562377580154,-33.43091870357396,1.9766445794223213,47.57807778352591
1572,1791285939.5889285,-1.4662407326211735,-0.052494917889030615,0.1772803232621179,1.4778517907481699,-33.82237032099027,-33.456600734669614,1.9728091931400553,47.61500648915042
1573,1791285939.6089284,-1.5285112404336734,0.014565628985969387,0.1293799326371179,1.5340462628776972,-33.84446639251922,-33.473522224585075,1.970750603458366,47.64250679230876
1574,1791285939.6181161,-1.5476713966836735,0.10078633211096938,0.10542973732461788,1.5545288888809732,-33.855214140321614,-33.480050200131345,1.9701085724286442,47.654701905242305
1575,1791285939.6381161,-1.6147319435586733,0.11036641023596938,0.1341699716996179,1.624050976836325,-33.87984428160968,-33.49181217417367,1.969280022648098,47.680429895963066
1576,1791285939.6637645,-1.6626323341836735,0.24927754304846939,0.20602055763711788,1.6937916171449312,-33.912996943841165,-33.503941565589635,1.969031256438351,47.71249884707629
1577,1791285939.6837645,-1.5764116310586735,0.3546584024234694,0.1868604013871179,1.6265832356670806,-33.939829417705226,-33.511075143177806,1.9694556926096767,47.736599521538935
1578,1791285939.7085683,-1.5189311623086734,0.4744093789859694,0.22997075294961788,1.6078254513206478,-33.97387353086217,-33.51705280936947,1.9706785458414346,47.76505506799002
1579,1791285939.7285683,-1.6195219826211735,0.6468507852359694,0.3114014170121179,1.7715073336203724,-34.001914226754565,-33.51946787012136,1.9723287176706608,47.786765719707596
1580,1791285939.7384686,-1.6674223732461735,0.5893703164859695,0.2970312998246179,1.7932881346376481,-34.016153393763446,-33.5195661170234,1.973474827797919,47.797014627249474
1581,1791285939.7584686,-1.5812016701211735,0.5941603555484695,0.2491309091996179,1.7074224607923196,-34.045476578020576,-33.517959523700114,1.9762620704509324,47.81687670507192
1582,1791285939.7830436,-1.4518706154336734,0.6037404336734694,0.3066113779496179,1.6020116517366987,-34.08169316453361,-33.514073655677784,1.9801974756844412,47.8401099915366
1583,1791285939.8030436,-1.3512797951211735,0.6181105508609693,0.3736719248246179,1.532203787095733,-34.11095105024135,-33.50955279522309,1.9839402532226205,47.85794739660448
1584,1791285939.8281758,-1.3896001076211735,0.5702101602359695,0.3784619638871179,1.5489872640039364,-34.147368264629286,-33.50248409823051,1.9893556909449475,47.87918896783335
1585,1791285939.8481758,-1.5189311623086734,0.5989503946109694,0.3449316904496179,1.6687933731032865,-34.1763644983406,-33.49594892993049,1.9941039069565258,47.895500158487614
1586,1791285939.8580754,-1.4758208107461734,0.6037404336734694,0.20123051857461788,1.6071848986005097,-34.19078771953357,-33.49230639850867,1.9965071530270468,47.90334637147889
1587,1791285939.8780754,-1.5524614357461735,0.1965871133609694,0.1293799326371179,1.5701981306790087,-34.22009822255196,-33.484850819892564,2.0011300104516963,47.91925373073222
1588,1791285939.9039488,-1.7536430763711734,0.07683613679846939,0.1868604013871179,1.7652435075165185,-34.2587442000899,-33.47612192562775,2.0068270704001137,47.94100174419783
1589,1791285939.9239488,-1.6913725685586734,0.2780177774234694,0.19644047951211788,1.725289515480576,-34.28930383629289,-33.46985437540241,2.0111452417038085,47.95865109311856
1590,1791285939.9631073,-1.6386821388711734,0.49835957429846944,0.2491309091996179,1.7308112628097219,-34.34994246324043,-33.4571435213914,2.019640316754764,47.99351984224508
1591,1791285939.9831073,-1.7296928810586734,0.30196797273596937,0.7664551279496179,1.9158485280688529,-34.38132017381133,-33.450424845998505,2.0248516761034216,48.01152073807014
1592,1791285939.9781387,-1.8733940529336734,0.20137715242346937,1.3747900888871178,2.332424880588374,-34.38132017381133,-33.450424845998505,2.0248516761034216,48.01152073807014
1593,1791285939.9981387,-1.5859917091836735,0.5223097696109694,1.197558643574618,2.0548294094232475,-34.41377357485301,-33.443843309256785,2.0352054876995975,48.0306207364899
1594,1791285940.023246,-1.4758208107461734,0.48877949617346944,0.8622559091996179,1.777761995954673,-34.454169015229134,-33.43491644743473,2.050132417448549,48.05399508163697
1595,1791285940.043246,-1.5141411232461734,0.1774269571109694,0.737714893574618,1.6936135717502536,-34.48600534334551,-33.42787284082747,2.062639261292358,48.07246330204029
1596,1791285940.0693476,-1.1932085060586735,-0.20098612882653064,0.637124073262118,1.367504679202802,-34.52662193383945,-33.42010535690029,2.079204746928659,48.09692460655098
1597,1791285940.0893476,-1.1692583107461734,-0.17703593351403063,0.5461133310746179,1.3025922191467267,-34.55661924523461,-33.41561342159458,2.091768714030684,48.11588771242373
1598,1791285940.0978909,-1.3369096779336733,0.06246601961096939,0.4982129404496179,1.4280916023106538,-34.56911673895444,-33.41405586109076,2.096999692973433,48.124010316180886
1599,1791285940.1178908,-1.3129594826211735,0.12473652742346938,0.4407324716996179,1.3905635245787873,-34.59795995752584,-33.410675710780545,2.1088170907060584,48.142903882042226
1600,1791285940.1438715,-1.2650590919961735,-0.052494917889030615,0.3880420420121179,1.3242759716219628,-34.6348315058959,-33.406802645490465,2.1234805512737482,48.16736640183046
1601,1791285940.1638715,-1.2458989357461734,-0.09560526945153063,0.3018213388871179,1.2854962645795436,-34.66272413531133,-33.40449052899617,2.134110101717308,48.186293257613634
1602,1791285940.1880832,-1.1932085060586735,-0.04291483976403062,0.3832520029496179,1.2539817862184592,-34.69585464688306,-33.40236290558462,2.146291871981889,48.20919773397757
1603,1791285940.2080832,-1.3560698341836734,0.1822169961734694,0.6419141123246179,1.511351102980019,-34.72294084452181,-33.400660061352966,2.156382937561598,48.22796596166613
1604,1791285940.2337303,-1.3800200294961735,0.47919941804846944,0.7233447763871179,1.6301273047204445,-34.757727919262784,-33.39753169268931,2.170008380713423,48.25146329020554
1605,1791285940.2537303,-1.3369096779336733,0.5127296914859695,0.7425049326371179,1.6129267802583187,-34.784861598980605,-33.393970190362715,2.181238651484426,48.26905472028428
1606,1791285940.2630107,-1.4662407326211735,0.5079396524234694,0.8191455576371179,1.7546692056049127,-34.79751472940848,-33.39185504563252,2.1867550466795853,48.276960471493155
1607,1791285940.2830107,-1.5476713966836735,0.6037404336734694,0.857465870137118,1.8695018004310737,-34.82521369025214,-33.38631298949026,2.199374934531119,48.2936709487545
1608,1791285940.3088403,-1.5189311623086734,0.6708009805484694,0.852675831074618,1.8665963420718352,-34.86156109362908,-33.377760095466165,2.216541420462489,48.31476344497562
1609,1791285940.3288403,-1.5524614357461735,0.5845802774234694,0.8814160654496179,1.8785007028649885,-34.89009059187597,-33.37024785105889,2.2304408533889943,48.330805182108016
1610,1791285940.3530123,-1.4806108498086734,0.7187013711734693,0.6610742685746179,1.7736288614220432,-34.924898012821174,-33.36016769238827,2.2475163219561827,48.34977372529975
1611,1791285940.3730123,-1.4327104591836735,0.7761818399234693,0.29224126076211787,1.6554523439148308,-34.953747716576565,-33.35083609060857,2.260955307476172,48.364808138553855
1612,1791285940.3828661,-1.6003618263711734,0.5318898477359695,0.21081059669961788,1.699560499985664,-34.96807119909805,-33.34596140754749,2.2669551757613613,48.3720811144998
1613,1791285940.4028661,-1.6386821388711734,0.2971779336734694,0.1389600107621179,1.6711983009531948,-34.99764083485176,-33.33630793496429,2.277830888716981,48.387320697654246
1614,1791285940.428457,-1.4518706154336734,0.1678468789859694,0.00962895607461788,1.4615722956939798,-35.03573294010037,-33.32491615151119,2.2899446573092987,48.40760751874466
1615,1791285940.448457,-1.3081694435586735,0.21574726961096938,-0.00474116111288212,1.325849409252007,-35.06517750907647,-33.31677322082497,2.297999142357227,48.42370134189658
1616,1791285940.4735844,-1.1836284279336735,0.07204609773596939,0.06231938576211788,1.1874555155682622,-35.10131776701861,-33.30753489234682,2.3067091650385225,48.44393973200559
1617,1791285940.4935844,-1.0399272560586734,-0.06207499601403062,-0.04306147361288212,1.0426678730706036,-35.129103837705294,-33.301269732094276,2.312630829492742,48.46005327652353
1618,1791285940.503686,-1.0542973732461733,-0.15308573820153062,-0.18197260642538213,1.0807831530717602,-35.14261947801041,-33.29874300434653,2.3150026085894346,48.46822904257519
1619,1791285940.523686,-1.1309379982461734,-0.014174605389030615,-0.21550287986288214,1.1513744684264073,-35.1686428978687,-33.294741646014685,2.318397880318347,48.48451539702279
1620,1791285940.5487413,-0.8770659279336734,-0.12913554288903062,-0.2969335439253821,0.9349278902073075,-35.20012744130869,-33.29075007815653,2.321050407575156,48.504745001341426
1621,1791285940.5687413,-0.6567241310586734,-0.4309080038265306,-0.3687841298628821,0.8677384551322237,-35.223790247614964,-33.28888188154549,2.321851560023689,48.520676530714695
1622,1791285940.5927174,-0.8866460060586734,-0.6129294882015306,-0.18676264548788213,1.093939661643374,-35.25067758336367,-33.28885525322822,2.321668934245778,48.54017203097739
1623,1791285940.6127174,-0.9968169044961734,-0.5698191366390306,-0.12449213767538213,1.1549182143824601,-35.27256694763966,-33.29061049395517,2.321072563697288,48.55724563833814
1624,1791285940.623436,-0.7429448341836734,-0.6799900350765307,-0.22508295798788214,1.0319960331416793,-35.28393701795097,-33.292414790617066,2.3205198716507236,48.56671603631395
1625,1791285940.643436,-0.5609233498086734,-0.9147019491390307,-0.22508295798788214,1.0963471156964386,-35.30392607815254,-33.29766849291164,2.3189680378775335,48.58476650511143
1626,1791285940.6687324,-0.7189946388711734,-0.9817624960140308,-0.11012202048788212,1.221858317769095,-35.32784462306458,-33.30691478526534,2.316663698987268,48.60837488456619
1627,1791285940.6887324,-0.8243754982461734,-1.1015134725765308,-0.04306147361288212,1.3765105095443142,-35.346233665937355,-33.3162534860075,2.3148853381241485,48.62805440113363
1628,1791285940.7133625,-0.6663042091836734,-1.3937058553890307,-0.03348139548788212,1.5451531685775899,-35.36823659503223,-33.33063834842955,2.3128823931706632,48.65380804747578
1629,1791285940.7333624,-0.5848735451211734,-1.5709373007015308,-0.09575190330038212,1.679014441124217,-35.38530005816384,-33.34501392181807,2.3113060856187144,48.675985346718456
1630,1791285940.7439647,-0.7094145607461734,-1.6379978475765307,-0.07659174705038212,1.7866651234577406,-35.39401795310502,-33.354043131323756,2.310458766505081,48.68846803692478
1631,1791285940.7639647,-0.7142045998086733,-1.5613572225765306,-0.10054194236288212,1.7198933888627708,-35.410131947683155,-33.37331989953768,2.308834446073431,48.71331072888174
1632,1791285940.7884438,-0.6423540138711734,-1.5565671835140307,-0.12449213767538213,1.6884958893264135,-35.429386937253426,-33.399099083195004,2.3067314118719584,48.74486935181197
1633,1791285940.8084438,-0.6519340919961734,-1.7146384725765307,-0.19634272361288213,1.8448722495235754,-35.44470033922639,-33.42190870186077,2.3047896703486948,48.77153697432159
1634,1791285940.8330536,-0.6950444435586733,-1.8535496053890308,-0.15323237205038212,1.9855007121640134,-35.46320306284568,-33.45235161589379,2.3021135454731114,48.805720227103194
1635,1791285940.8530536,-0.5992436623086734,-1.8774998007015307,-0.17239252830038213,1.9783370926778876,-35.477925822073445,-33.478977569612354,2.2997764925159276,48.83455878431464
1636,1791285940.8789222,-0.5848735451211734,-1.7194285116390307,-0.22987299705038214,1.8306701136995562,-35.49640966505108,-33.51522922225636,2.2964266373471984,48.87268423393825
1637,1791285940.8989222,-0.6471440529336734,-1.7337986288265308,-0.2586132314253821,1.8686181830530435,-35.51040463122747,-33.54423238881345,2.293492499886011,48.9026018886036
1638,1791285940.9086444,-0.7908452248086734,-1.9685105428890308,-0.22029291892538214,2.1328382257444214,-35.51723582031026,-33.558915963976446,2.2919309253283284,48.91756155369194
1639,1791285940.9286444,-0.6567241310586734,-2.222382613201531,-0.27298334861288215,2.333407588141244,-35.531351969916365,-33.590877525245126,2.288460492557572,48.949576884300996
1640,1791285940.9532316,-0.6375639748086734,-2.1840623007015307,-0.34483393455038214,2.301201077206639,-35.54848942645867,-33.63240156596134,2.283694768610757,48.99029288944192
1641,1791285940.9732316,-0.8147954201211735,-2.188852339764031,-0.2969335439253821,2.3543864745298295,-35.56251709732507,-33.66767137159043,2.2794370143494196,49.02448929856725
1642,1791285940.9987128,-0.7621049904336734,-2.490624800701531,-0.19155268455038213,2.6116485876304085,-35.580722007800226,-33.71480982577011,2.273892524335377,49.06981523703174
1643,1791285941.0187128,-0.5513432716836734,-2.7828171835140307,-0.22508295798788214,2.8458238206305735,-35.59483771662152,-33.75416874343389,2.269568524666416,49.106896877332694
1644,1791285941.0282526,-0.6615141701211734,-2.8163474569515308,-0.25382319236288214,2.904107471931737,-35.60142862697977,-33.77413270474157,2.2674727345557915,49.12530094402865
1645,1791285941.0482526,-0.8818559669961734,-2.7397068319515308,-0.24903315330038214,2.8888892299656246,-35.61548867136457,-33.818042524347376,2.2629837562364354,49.16547700327594
1646,1791285941.073671,-0.8435356544961734,-2.7397068319515308,-0.22987299705038214,2.875828145112483,-35.63396683801298,-33.87592367514419,2.2572213848300056,49.21841978199765
1647,1791285941.093671,-0.5848735451211734,-2.821137496014031,-0.20113276267538213,2.888139232000486,-35.64846770405651,-33.92297602410535,2.2527209852118624,49.261103355653745
1648,1791285941.1181693,-0.5800835060586734,-2.9217283163265306,0.052739307637117885,2.9792238356651937,-35.66570610428859,-33.98251752927866,2.247762626071068,49.31436430056036
1649,1791285941.1381693,-0.5321831154336734,-3.017529097576531,0.5030029795121179,3.105110742062478,-35.67933669716991,-34.03274387595556,2.245155498507951,49.358722087275375
1650,1791285941.1482666,-0.3262114357461734,-2.4331443319515307,0.3353516123246179,2.4777138545054314,-35.68583610830765,-34.058425485309876,2.244671572604654,49.38110768053162
1651,1791285941.1682665,-0.4268022560586734,-2.0164109335140306,0.1437500498246179,2.066092276592766,-35.69790818313391,-34.10833794931198,2.244575475833373,49.424260089379665
1652,1791285941.194122,-0.5800835060586734,-2.1409519491390308,0.1868604013871179,2.226002904789231,-35.71312624021679,-34.171246651935895,2.2451109871977226,49.47870255920154
1653,1791285941.214122,-0.6567241310586734,-2.1936423788265307,0.1485400888871179,2.294649783410332,-35.72498730208757,-34.21911092508898,2.245966185459383,49.52036585430371
1654,1791285941.2381737,-0.7333647560586734,-2.121791792889031,0.01920903419961788,2.2450374751427042,-35.73961918801717,-34.275822135188804,2.24714296482231,49.570172626811924
1655,1791285941.2581737,-0.7621049904336734,-2.045151167889031,-0.06701166892538213,2.183560825746318,-35.75220436934008,-34.322156654343864,2.247903021610617,49.611325548376016
1656,1791285941.268226,-0.8004253029336734,-1.9589304647640307,-0.13886225486288212,2.1207008174616915,-35.75875901447512,-34.344970383575415,2.2480725208717223,49.63184126106018
1657,1791285941.288226,-0.7716850685586734,-1.9972507772640307,-0.18676264548788213,2.1492763428809734,-35.772202195513344,-34.38948653908156,2.247870736014057,49.6723278816706
1658,1791285941.3126397,-0.7094145607461734,-2.0307810507015307,-0.10054194236288212,2.153473792982213,-35.788862633671314,-34.44305146521002,2.2471353010887323,49.721384734420866
1659,1791285941.3326397,-0.7764751076211734,-1.9589304647640307,0.04315922951211788,2.107649135323053,-35.80269256457485,-34.48633468481191,2.246537124541714,49.761300263540825
1660,1791285941.3577025,-0.8674858498086734,-1.8008591757015306,0.057529346699617886,1.9997337562931614,-35.82051396175708,-34.53950598554639,2.246089230153013,49.810958744435325
1661,1791285941.3777025,-0.8052153419961734,-1.8727097616390307,0.052739307637117885,2.0391652784642478,-35.83511118445154,-34.581082187079616,2.245950828233796,49.850283188306996
1662,1791285941.3881052,-0.6854643654336734,-1.9685105428890308,0.057529346699617886,2.0852349458697312,-35.842727855051685,-34.60246054399543,2.2459756704762213,49.87059075750386
1663,1791285941.4081051,-0.5561333107461733,-1.9110300741390307,0.03357915138711788,1.9905898027954447,-35.85703735800099,-34.6432162061966,2.246152930106585,49.90916509207289
1664,1791285941.4332948,-0.5465532326211734,-1.8391794882015307,-0.03348139548788212,1.9189639469655793,-35.87443976928808,-34.69393259571685,2.2463428819729163,49.95688585230081
1665,1791285941.4532948,-0.6040337013711734,-1.9397703085140308,-0.052641551737882125,2.032322980029048,-35.88791018792601,-34.733828493578415,2.246341892396868,49.99426958537848
1666,1791285941.4788117,-0.6519340919961734,-1.9972507772640307,0.04315922951211788,2.1014022572274755,-35.90492213142862,-34.784629085276386,2.2463226722065235,50.04178073781825
1667,1791285941.4988117,-0.5321831154336734,-1.9254001913265308,0.047949268574617884,1.9981701372680387,-35.918032040421146,-34.82435753942006,2.246446529905319,50.078812143478466
1668,1791285941.5084372,-0.4459624123086734,-1.9014499960140308,-0.01911127830038212,1.9531410091163934,-35.924101190688745,-34.84337234225629,2.2465180161475162,50.096391943300965
1669,1791285941.5284371,-0.5130229591836734,-2.0068308553890306,-0.09096186423788212,2.073363619709932,-35.93625871097975,-34.88281779539702,2.246479162181084,50.13254767230017
1670,1791285941.553806,-0.6950444435586733,-1.9972507772640307,-0.052641551737882125,2.115388517216857,-35.95166526557383,-34.93296555872977,2.2461640407280354,50.17847716893297
1671,1791285941.573806,-0.6567241310586734,-1.9206101522640306,-0.03348139548788212,2.0300618082064026,-35.964017009381855,-34.972446883626624,2.245823690258893,50.21480144864581
1672,1791285941.5984454,-0.5513432716836734,-1.8966599569515308,-0.03827143455038212,1.9755412165370743,-35.97918388739812,-35.02084484035445,2.245334688219562,50.25935509333075
1673,1791285941.6184454,-0.4747026466836734,-1.9876706991390307,-0.03348139548788212,2.04384402898757,-35.991187374178764,-35.060063602767684,2.24488967109214,50.295259797208885
1674,1791285941.6431558,-0.4842827248086734,-1.9349802694515308,-0.01432123923788212,1.9947138889094196,-36.005570630174404,-35.10852067610292,2.244333725174636,50.3393124142432
1675,1791285941.6631558,-0.6758842873086733,-1.7769089803890308,-0.02869135642538212,1.9013280328106106,-36.01720610341455,-35.1474254357266,2.2438867331669585,50.3747523857645
1676,1791285941.6731577,-0.6902544044961734,-1.8535496053890308,-0.06701166892538213,1.9790371007983565,-36.02317692121036,-35.16668647296353,2.243624934438465,50.3924494922699
1677,1791285941.6931577,-0.6375639748086734,-1.9828806600765307,-0.08617182517538212,2.084641244323212,-36.03531710146678,-35.205178631984246,2.242950186449944,50.42796353861695
1678,1791285941.7179065,-0.5609233498086734,-2.011620894451531,-0.052641551737882125,2.0890248347791207,-36.050311032158874,-35.25308008550013,2.2419828097217267,50.472082064733264
1679,1791285941.7379065,-0.5705034279336734,-1.9014499960140308,0.01920903419961788,1.9852846736981353,-36.062307520823836,-35.291853255755576,2.241268168684762,50.507704491059705
1680,1791285941.7640002,-0.6615141701211734,-1.9254001913265308,0.06231938576211788,2.036823654584047,-36.07802253170512,-35.34234134679348,2.240635196544867,50.55418130832984
1681,1791285941.7840002,-0.7429448341836734,-2.0212009725765308,-0.00474116111288212,2.1534258465972815,-36.09036750220239,-35.3811540877389,2.240309184286586,50.59011441245758
1682,1791285941.7940557,-0.6950444435586733,-2.0403611288265306,-0.052641551737882125,2.156138086375136,-36.096727742543415,-35.40080422789975,2.2401265833098054,50.608387257554845
1683,1791285941.8140557,-0.6231938576211734,-1.8918699178890308,0.00962895607461788,1.991892338251567,-36.109457773874325,-35.439923260918476,2.239753357732121,50.64481806232969
1684,1791285941.8388054,-0.6088237404336734,-1.8535496053890308,0.03357915138711788,1.9512662673149863,-36.12513496637146,-35.48802359352805,2.2394409788340894,50.68964678128108
1685,1791285941.8588054,-0.6615141701211734,-1.9254001913265308,-0.03827143455038212,2.0362297504785385,-36.13780873999611,-35.526730919511316,2.2392193752206553,50.72577188930952
1686,1791285941.8837154,-0.6471440529336734,-1.9637205038265308,-0.12928217673788212,2.071643676798264,-36.15367104370809,-35.57497523465328,2.2386717373475844,50.77084245933339
1687,1791285941.9037154,-0.5752934669961733,-1.9349802694515308,-0.11012202048788212,2.0216918844699183,-36.16633003732623,-35.61374794741638,2.237938892132852,50.806995991849696
1688,1791285941.913724,-0.6184038185586734,-1.8966599569515308,-0.02869135642538212,1.9951354513027078,-36.17261076790075,-35.63311668785245,2.23752296629699,50.825026155240344
1689,1791285941.933724,-0.7189946388711734,-1.8774998007015307,0.052739307637117885,2.0111539540596635,-36.185284949150464,-35.67167654369093,2.236852570634986,50.86105448879015
1690,1791285941.9581435,-0.8435356544961734,-1.8343894491390307,0.11021977638711788,2.022049814081174,-36.201300337268115,-35.71849338324057,2.2364552667804953,50.90527131680961
1691,1791285941.9781435,-0.6184038185586734,-1.8822898397640309,-0.00953120017538212,1.9812948209349444,-36.214642564563405,-35.756660546980605,2.2363297112689624,50.94153786575932
1692,1791285942.0033631,-0.4363823341836734,-1.9876706991390307,-0.07659174705038212,2.036450501612957,-36.23093836504234,-35.804889476711914,2.2360322366986383,50.98696740751119
1693,1791285942.023363,-0.5848735451211734,-1.9733005819515308,-0.03827143455038212,2.058508429231079,-36.243454857683425,-35.84334089875099,2.2356594215804746,51.02285056574469
1694,1791285942.0338216,-0.7812651466836734,-1.8535496053890308,0.03836919044961788,2.0118383543009246,-36.25008983456062,-35.86343371808473,2.235493787391896,51.04167242105846
1695,1791285942.0538216,-0.7189946388711734,-1.8487595663265308,0.06231938576211788,1.9846281592910848,-36.26312521319691,-35.901647558305,2.2353755858279567,51.07777845245876
1696,1791285942.0782838,-0.5800835060586734,-1.9206101522640306,-0.052641551737882125,2.006990623782373,-36.27906076101279,-35.94829194144039,2.235270453707407,51.1218776768763
1697,1791285942.0982838,-0.5369731544961733,-1.9780906210140308,-0.11012202048788212,2.052634778276345,-36.291810728525576,-35.98655542839021,2.234953247178571,51.157821626539175
1698,1791285942.1237953,-0.6040337013711734,-1.9445603475765307,-0.04306147361288212,2.036670309173488,-36.30781791229819,-36.03554768266303,2.2343162236066334,51.20361810779736
1699,1791285942.1437953,-0.6327739357461734,-1.8391794882015307,-0.01911127830038212,1.945083361848335,-36.32033975586642,-36.07387003154052,2.233798474081901,51.23944803232036
1700,1791285942.153361,-0.6663042091836734,-1.9685105428890308,-0.03348139548788212,2.0784888887085646,-36.32636249555998,-36.092181691173984,2.233550252014635,51.25659897140871
1701,1791285942.173361,-0.6998344826211734,-2.0212009725765308,-0.023901317362882122,2.1390635679150916,-36.33911505667665,-36.130708949963584,2.2330230484006957,51.29274611739998
1702,1791285942.1985555,-0.7094145607461734,-1.9110300741390307,0.08626958107461788,2.040281207059778,-36.35543292056881,-36.17939279170166,2.2325763879746097,51.33858551758467
1703,1791285942.2185555,-0.6327739357461734,-1.9014499960140308,0.1389600107621179,2.0087869040026294,-36.368456717617065,-36.2179610406318,2.232612846889497,51.37499300326964
1704,1791285942.2440925,-0.4651225685586734,-2.011620894451531,0.08147954201211788,2.066300206297018,-36.38469453370324,-36.26731470282238,2.233074619225617,51.42130622922254
1705,1791285942.2640924,-0.5465532326211734,-2.0499412069515306,0.047949268574617884,2.122092957531171,-36.39702155603318,-36.30626176064371,2.2335761639841003,51.45752310073855
1706,1791285942.2884946,-0.8435356544961734,-1.9733005819515308,0.07189946388711789,2.147239418426318,-36.41234989828357,-36.354016621638365,2.2343156544739315,51.50209623001007
1707,1791285942.3084946,-0.7860551857461734,-2.045151167889031,0.07189946388711789,2.1921896787147714,-36.425472917486985,-36.39331317117944,2.2350465257360517,51.53914777923987
1708,1791285942.3181841,-0.5992436623086734,-2.241542769451531,-0.17239252830038213,2.326655569247702,-36.431883791114494,-36.412610985506724,2.2352744736178844,51.55731613770759
1709,1791285942.338184,-0.7860551857461734,-2.4331443319515307,0.057529346699617886,2.557612895040607,-36.44520937312619,-36.45348029607283,2.2355021049617445,51.595610100167086
1710,1791285942.363273,-0.7189946388711734,-2.404404097576531,0.4119922373246179,2.5431967990668842,-36.46225009158737,-36.506160815133114,2.236628301980546,51.64492197073246
1711,1791285942.383273,-0.44117237324617337,-2.318183394451531,0.4598926279496179,2.404185629785872,-36.475537010145715,-36.54894063486496,2.238699231125878,51.68463636281904
1712,1791285942.4083545,-0.3070512794961734,-2.394824019451531,0.3593018076371179,2.441016255856057,-36.4911079735638,-36.603408404708276,2.2424477856264,51.73431201873106
1713,1791285942.4283545,-0.43159229512117336,-2.773237105389031,0.3497217295121179,2.828324811616841,-36.50276972077494,-36.64807798748084,2.246052038134646,51.774304121083176
1714,1791285942.438709,-0.7046245216836734,-2.4570945272640308,0.1916504404496179,2.5633062875499935,-36.508784049782335,-36.67179743544718,2.2480585760533263,51.79542264815954
1715,1791285942.458709,-0.6040337013711734,-2.4570945272640308,0.06710942482461789,2.531140830377342,-36.52062132266478,-36.71811115202424,2.2517410367767146,51.836722562895396
1716,1791285942.4830713,-0.5321831154336734,-2.308603316326531,-0.01432123923788212,2.3691925287742777,-36.53495369928432,-36.774772127435526,2.2556503092002265,51.88713390765627
1717,1791285942.5030713,-0.6615141701211734,-2.1696921835140306,-0.07659174705038212,2.269588390917881,-36.54674534822249,-36.821027483461755,2.25824182259593,51.92833828089427
1718,1791285942.5289168,-0.7573149513711734,-2.088261519451531,-0.09575190330038212,2.223405166895585,-36.56244799863943,-36.88008970995959,2.260754360689803,51.98138735112076
1719,1791285942.5489168,-0.7860551857461734,-1.9972507772640307,-0.21550287986288214,2.1571589912543354,-36.57509152339981,-36.92506635308313,2.261940109444069,52.02224733883934
1720,1791285942.558474,-0.8052153419961734,-1.8966599569515308,-0.39273432517538215,2.09760124653385,-36.581367725600735,-36.94612624858488,2.261985760397216,52.04161113025072
1721,1791285942.578474,-0.8195854591836734,-1.9014499960140308,-0.4981151845503821,2.129636388993842,-36.59496873910558,-36.98928376418923,2.2607306891851078,52.08176027797881
1722,1791285942.6035244,-0.9872368263711734,-1.9972507772640307,-0.5460155751753821,2.293857063323542,-36.61284358591269,-37.042555916363796,2.2574327941744707,52.13201767708268
1723,1791285942.6235244,-1.2123686623086734,-1.9445603475765307,-0.43105463767538216,2.331729147945047,-36.62827341947351,-37.084620771181754,2.253729135853101,52.17258673337817
1724,1791285942.6481943,-1.2746391701211734,-1.6954783163265308,-0.3496239736128821,2.149788049568027,-36.649052719557844,-37.135459507757595,2.248401513088549,52.22308615408796
1725,1791285942.6681943,-1.1644682716836734,-1.5182468710140307,-0.45979487205038216,1.9678595583693679,-36.66703036394138,-37.17531299341774,2.2435161285606093,52.2638343071754
1726,1791285942.6783483,-1.0159770607461733,-1.5517771444515307,-0.5124853017378821,1.9242824321034446,-36.67644906025191,-37.194849576134956,2.2406674208303765,52.28421694117003
1727,1791285942.6983483,-0.9968169044961734,-1.7098484335140307,-0.49332514548788214,2.0397537365697747,-36.69523716153512,-37.23245043011234,2.234389360237574,52.32387878574392
1728,1791285942.7234638,-1.0878276466836734,-1.7769089803890308,-0.2969335439253821,2.104505652875423,-36.71921852154625,-37.27915380444829,2.2261995196524254,52.373583813885396
1729,1791285942.7434638,-1.1165678810586734,-1.7098484335140307,-0.27298334861288215,2.0602974074686746,-36.73875743412953,-37.315996164043014,2.219801167482492,52.41323673216373
1730,1791285942.7685163,-0.9584965919961734,-1.5853074178890307,-0.40231440330038215,1.8957247176700545,-36.76346010803338,-37.36141489096751,2.2117197779041216,52.462548795745164
1731,1791285942.7885163,-0.9920268654336734,-1.4799265585140307,-0.33525385642538214,1.8129244519795724,-36.7831484594507,-37.396832662058294,2.2051296133142846,52.50129236843124
1732,1791285942.7981067,-1.0878276466836734,-1.2212644491390308,-0.14365229392538212,1.6417953055025536,-36.79266926682431,-37.41321156703408,2.202099048770479,52.51950258483192
1733,1791285942.8181067,-1.0542973732461733,-1.0488230428890306,-0.08138178611288212,1.4893608433283416,-36.81275909716287,-37.445650049888116,2.1963894992967994,52.55644648220668
1734,1791285942.8432775,-1.1021977638711735,-0.7183103475765307,-0.08617182517538212,1.318421499207362,-36.838321450674336,-37.483687458686646,2.189965341370011,52.60118535736735
1735,1791285942.8632774,-1.2267387794961735,-0.7326804647640307,0.028789112324617883,1.429173715667566,-36.85907928325509,-37.51155383961566,2.1855404872374296,52.635396686004206
1736,1791285942.8889616,-1.3608598732461734,-0.5458689413265306,0.1533301279496179,1.474253242782116,-36.88672255075143,-37.54443499518826,2.1810612402720313,52.678002313848694
1737,1791285942.9089615,-1.4087602638711734,-0.3877976522640306,0.2778711435746179,1.4873482687640236,-36.909173696170626,-37.56759910290237,2.178743286261594,52.71013685808371
1738,1791285942.9191465,-1.4949809669961733,-0.18182597257653063,0.2539209482621179,1.5272539487428238,-36.921110063550195,-37.57806111065644,2.178146152428688,52.72592688443094
1739,1791285942.9391465,-1.5237212013711734,-0.009384566326530615,0.3066113779496179,1.5542924135056804,-36.94556133158842,-37.59581026344376,2.1779902626140837,52.75569251801237
1740,1791285942.963589,-1.3991801857461734,0.10078633211096938,0.3401416513871179,1.44345398954502,-36.97631962949404,-37.61408060619913,2.1790139399637565,52.79029621950145
1741,1791285942.983589,-1.5093510841836735,0.23969746492346938,0.3928320810746179,1.5779456942298693,-37.00207515911038,-37.626277106739245,2.180825378448865,52.817102290118775
1742,1791285943.0086794,-1.6051518654336734,0.1486867227359694,0.3928320810746179,1.6591977870478793,-37.03540027201596,-37.63855193372554,2.184235447947362,52.84933632003589
1743,1791285943.0286794,-1.5764116310586735,0.12473652742346938,0.3880420420121179,1.6282534993604858,-37.06275197033098,-37.64645858151465,2.187717243171858,52.874280459218
1744,1791285943.0541565,-1.5045610451211735,0.1870070352359694,0.3401416513871179,1.5538249298850306,-37.09825494911822,-37.65442407211252,2.1928786687153012,52.905055423163176
1745,1791285943.0741565,-1.5093510841836735,0.30675801179846945,0.2970312998246179,1.5685881442253995,-37.12646565144921,-37.65899850561261,2.197278457603994,52.928278385322734
1746,1791285943.0840583,-1.6195219826211735,0.34986836336096944,0.3209814951371179,1.6876873063735947,-37.14066103008033,-37.66043591104461,2.199588956195543,52.939355174930526
1747,1791285943.1040583,-1.6961626076211735,0.45524922273596946,0.3497217295121179,1.7906771720181476,-37.17000609401238,-37.66169606619109,2.204561823107262,52.96104980495546
1748,1791285943.1290963,-1.6147319435586733,0.5510500039859695,0.2682910654496179,1.7271350416923974,-37.207450015695876,-37.66114733837478,2.2110140667651748,52.98721486091446
1749,1791285943.1490963,-1.6291020607461735,0.39776875398596945,0.22997075294961788,1.692654735374936,-37.23773895727982,-37.65935154339798,2.216142320685834,53.00742634862856
1750,1791285943.1737592,-1.8446538185586734,0.37860859773596944,0.2539209482621179,1.9001494753226718,-37.27591262360026,-37.65603314895178,2.2224127055162985,53.03215640223276
1751,1791285943.1937592,-1.9883549904336735,0.5845802774234694,0.3640918466996179,2.104246312000601,-37.30797492614724,-37.65230102496673,2.2276618486130073,53.05226897010633
1752,1791285943.2041051,-1.8781840919961734,0.6708009805484694,0.3832520029496179,2.0308696503461694,-37.32507302927066,-37.64968589296008,2.230549808824884,53.062560029917464
1753,1791285943.2241051,-1.6961626076211735,0.5031496133609694,0.2587109873246179,1.7880320186954233,-37.35852939042577,-37.64362789959191,2.2362581207789134,53.08204300929827
1754,1791285943.2483814,-1.7153227638711734,0.3259181680484694,0.2587109873246179,1.7650739960356308,-37.399259076702876,-37.635868114415345,2.243089705476043,53.10550441939913
1755,1791285943.2683814,-1.8925542091836736,0.39776875398596945,0.21081059669961788,1.945359227502016,-37.433192747636426,-37.62934862444583,2.248577954955736,53.12502141177259
1756,1791285943.2931118,-1.9308745216836734,0.44087910554846943,0.11979985451211789,1.9841881990722294,-37.47595019015133,-37.62094083791404,2.254959562161533,53.149476712489985
1757,1791285943.3131118,-1.7728032326211733,0.24927754304846939,0.07189946388711789,1.7916863921924557,-37.51089764571694,-37.61412599742428,2.259633899037276,53.16950123985781
1758,1791285943.323078,-1.7632231544961734,0.20616719148596938,0.12458989357461789,1.7796020468007963,-37.52834306865583,-37.61089906902141,2.261760634464868,53.17961849643582
1759,1791285943.343078,-1.8638139748086735,0.3259181680484694,0.1820703623246179,1.90083529054813,-37.56354158515142,-37.604596528006674,2.265848356494606,53.20018237965168
1760,1791285943.3685846,-1.8925542091836736,0.33070820711096943,0.1916504404496179,1.9307664913898637,-37.60888404024496,-37.59650820906999,2.270994529309995,53.22671325959752
1761,1791285943.3885846,-1.9308745216836734,0.05767598054846939,0.4790527841996179,1.990249860512189,-37.64483947090696,-37.59053484963103,2.275430455923123,53.24809698788701
1762,1791285943.4125125,-2.1655864357461736,-0.3686374960140306,1.403530323262118,2.6068286446315523,-37.688755396320886,-37.58501836405156,2.283319991015882,53.275598907296875
1763,1791285943.4325125,-1.9021342873086735,0.043305863360969386,1.2167187998246178,2.2584053849128534,-37.726057752979536,-37.581587084394606,2.292855609103116,53.299984129521825
1764,1791285943.442948,-1.7823833107461735,0.21574726961096938,0.6706543466996179,1.9165631749353242,-37.7454855752682,-37.579862515798865,2.2985619637855006,53.31276709307523
1765,1791285943.462948,-1.9979350685586734,-0.17703593351403063,0.3209814951371179,2.031284170211592,-37.78280475557263,-37.576995056868405,2.3093452986646317,53.33764119653304
1766,1791285943.4885573,-1.6674223732461735,-0.7614206991390307,0.3114014170121179,1.859308929252056,-37.83046277171449,-37.57567661884588,2.322296433757629,53.37104503016968
1767,1791285943.5085573,-1.6243120216836735,-0.8620115194515307,0.3449316904496179,1.8709439528028813,-37.86703680264943,-37.5772365568397,2.3318781793741556,53.39849098341018
1768,1791285943.5331438,-1.8398637794961734,-0.3925876913265306,0.3257715341996179,1.9092802086068488,-37.911641790537466,-37.581180034051854,2.3431271469520967,53.43339705495645
1769,1791285943.5531437,-1.8063335060586734,-0.22972636320153064,0.3305615732621179,1.8506447230026482,-37.947952638534666,-37.584840171912184,2.3518896026782343,53.462124021664536
1770,1791285943.5636997,-1.6434721779336734,-0.30636698820153063,0.3209814951371179,1.702319197836348,-37.96697396959475,-37.58690664282446,2.3563365262524605,53.47727540936653
1771,1791285943.5836997,-1.5859917091836735,-0.2584665975765306,0.3832520029496179,1.651985708602539,-38.00245124653596,-37.5910818603704,2.364554466374286,53.50576468010584
1772,1791285943.608693,-1.7105327248086735,-0.052494917889030615,0.536533252949618,1.7934731251307503,-38.04631490543367,-37.59609971708702,2.37500778150711,53.54091383029238
1773,1791285943.6286929,-1.8063335060586734,0.06246601961096939,0.7281348154496179,1.9485694876462853,-38.08142559698406,-37.59949783067975,2.384014968621478,53.56865445378048
1774,1791285943.6537638,-1.8398637794961734,0.22532734773596938,0.7041846201371179,1.9828633639202997,-38.125692558328595,-37.60257742698418,2.396305473077241,53.602840802748815
1775,1791285943.6737638,-1.8254936623086735,0.3354982461734694,0.617963917012118,1.9562376100677459,-38.16120696099867,-37.603824390272905,2.406622592220513,53.62944301217422
1776,1791285943.697945,-1.9644047951211734,0.33070820711096943,0.7041846201371179,2.1128488106306302,-38.20457880256697,-37.60389767205518,2.4196234405886408,53.660949853745535
1777,1791285943.717945,-2.0554155373086735,0.38818867586096945,0.7520850107621179,2.222848474927981,-38.2410997991693,-37.602870846317344,2.4309476993100123,53.686749915147864
1778,1791285943.727718,-2.1320561623086736,0.3929787149234694,0.776035206074618,2.3026780909820124,-38.259338242760364,-37.601871773471885,2.4367713464021024,53.699307055465944
1779,1791285943.747718,-2.1224760841836736,0.40734883211096945,0.7089746591996179,2.274529152668975,-38.297445476414445,-37.59893341422722,2.4491289874202535,53.7249695830854
1780,1791285943.7737274,-2.0458354591836736,0.38818867586096945,0.694604542012118,2.1951329444714345,-38.3477002275523,-37.59413350583511,2.4655270499430424,53.75819761144127
1781,1791285943.7937274,-2.0649956154336735,0.4312990274234694,0.7425049326371179,2.2364121529376417,-38.38671353674811,-37.58976700154286,2.478400669509713,53.78357397255474
1782,1791285943.81832,-2.0745756935586734,0.5175197305484694,0.5796436045121179,2.215327896286058,-38.43512500715213,-37.58345313644438,2.4942946576731377,53.81446171628979
1783,1791285943.83832,-2.0075151466836734,0.41692891023596945,0.3257715341996179,2.076071740776242,-38.4747132018525,-37.57768692270608,2.506639707000137,53.839291906993246
1784,1791285943.8478572,-2.0602055763711733,0.2540675821109694,0.1868604013871179,2.084205883015674,-38.493669179411576,-37.574869732307214,2.512010234721072,53.85112438671249
1785,1791285943.8678572,-2.0649956154336735,0.24927754304846939,0.11021977638711788,2.0829053229408685,-38.533645784944966,-37.569093106201734,2.52202875779606,53.87614725792122
1786,1791285943.892808,-2.0218852638711735,0.21574726961096938,-0.03348139548788212,2.0336390801830615,-38.58368508385479,-37.562097324525794,2.5327960765445234,53.90757800191533
1787,1791285943.912808,-1.9021342873086735,0.08641621492346938,-0.023901317362882122,1.9042462766482322,-38.623664973217814,-37.55687756129933,2.5400462268213504,53.93290630915593
1788,1791285943.9385576,-1.8207036232461735,0.1534767617984694,-0.00953120017538212,1.8271857168582157,-38.67460711069236,-37.55070196009494,2.547915954281173,53.96547348603896
1789,1791285943.9585576,-1.6674223732461735,0.10078633211096938,-0.052641551737882125,1.6712948239349203,-38.713471378571306,-37.54624342363306,2.5530183023980397,53.99047289900828
1790,1791285943.9676147,-1.5620415138711734,-0.16266581632653063,-0.03348139548788212,1.5708452701338664,-38.730624903267646,-37.544569255866804,2.5549238211630936,54.00170017451433
1791,1791285943.9876146,-1.5859917091836735,-0.3255271444515306,-0.01432123923788212,1.6191178836846396,-38.76754394467073,-37.54215914828303,2.5584287571408306,54.02667613986957
1792,1791285944.0136194,-1.6147319435586733,-0.4931785116390306,-0.023901317362882122,1.688536516295381,-38.814589603389734,-37.541092256322734,2.5622278810750108,54.05988332943259
1793,1791285944.0336194,-1.4422905373086734,-0.7278904257015307,-0.07180170798788213,1.6171524204935273,-38.84993005891703,-37.54222640396874,2.564567909204614,54.086161238439864
1794,1791285944.0579712,-1.1405180763711733,-1.0009226522640307,-0.12928217673788212,1.5229384490407838,-38.89122301394111,-37.546557677438805,2.5666224735203245,54.11893173249931
1795,1791285944.0779712,-0.9920268654336734,-1.2452146444515306,-0.14844233298788212,1.598972150702318,-38.92324838526357,-37.55295053641727,2.5676401757681417,54.14643233790888
1796,1791285944.088159,-0.9537065529336735,-1.3841257772640307,-0.09575190330038212,1.683605887190061,-38.93860159442596,-37.557727598454726,2.567894238884745,54.16079465177055
1797,1791285944.108159,-0.9584965919961734,-1.2739548788265307,-0.10054194236288212,1.5974308849926184,-38.96708903493094,-37.56968596208897,2.5680237409167557,54.18957535430715
1798,1791285944.1336622,-0.8818559669961734,-1.3601755819515307,-0.047851512675382124,1.621738982552144,-39.00148626239122,-37.58768585483227,2.5678802686259714,54.226783674408054
1799,1791285944.1536622,-0.7333647560586734,-1.4655564413265307,-0.01911127830038212,1.6389157358146749,-39.02683771420502,-37.60392287968525,2.5676841882786894,54.25626304863751
1800,1791285944.177924,-0.6040337013711734,-1.5853074178890307,-0.06222162986288212,1.6976241789126767,-39.05541176752471,-37.62621670099996,2.567334009492616,54.29225152337867
1801,1791285944.197924,-0.6615141701211734,-1.5900974569515307,-0.10533198142538212,1.7254291484108601,-39.07733169286408,-37.64660090193689,2.566837311905447,54.322123168094464
1802,1791285944.2077909,-0.6615141701211734,-1.5805173788265308,-0.15323237205038212,1.7202082263167964,-39.08750279301321,-37.65749525602662,2.566437680637492,54.33697107789575
1803,1791285944.2277908,-0.6710942482461734,-1.6475779257015308,-0.18197260642538213,1.7882937512548944,-39.107025709317234,-37.681107509602874,2.565246340406279,54.36732301453159
1804,1791285944.2539496,-0.7285747169961734,-1.6667380819515307,-0.18676264548788213,1.8285833964638183,-39.13147634626498,-37.71386083575501,2.5631984416979714,54.40751534878719
1805,1791285944.2739496,-0.7189946388711734,-1.5421970663265308,-0.18197260642538213,1.7112682757536568,-39.149537581486456,-37.73995983597562,2.561314459032699,54.4385083651575
1806,1791285944.2981937,-0.7189946388711734,-1.6092576132015308,-0.14365229392538212,1.7684171843551513,-39.17076211140114,-37.772581872783775,2.5587811668863676,54.476269207648066
1807,1791285944.3181937,-0.7812651466836734,-1.6763181600765307,-0.18197260642538213,1.8583680563102332,-39.187895175961465,-37.800384860287465,2.5565163811739837,54.5077609145267
1808,1791285944.3280206,-0.9201762794961734,-1.7002683553890308,-0.16281245017538212,1.9401403968828779,-39.19630468243764,-37.81448520272926,2.5553163953600326,54.5235291758183
1809,1791285944.3480206,-1.0063969826211734,-1.6188376913265308,-0.18197260642538213,1.9148327308090547,-39.21374251446921,-37.84385665922424,2.552723310063223,54.556314805279335
1810,1791285944.3732774,-0.8914360451211734,-1.6715281210140307,-0.22987299705038214,1.908273061344969,-39.23605559830817,-37.88161733814677,2.549159700511276,54.59838098557523
1811,1791285944.3932774,-0.8531157326211734,-1.7721189413265308,-0.27298334861288215,1.9856313615759416,-39.25369099192472,-37.912198893541586,2.546006809941524,54.632126373675376
1812,1791285944.4182444,-1.0111870216836734,-1.8727097616390307,-0.14365229392538212,2.133114395832919,-39.275894795508485,-37.95147389883328,2.5418811291985928,54.67514465236146
1813,1791285944.4382443,-1.0351372169961734,-1.8727097616390307,-0.06222162986288212,2.1406593471572006,-39.29408283457204,-37.98383434869749,2.5387631452331347,54.71052856578059
1814,1791285944.4637487,-0.8962260841836734,-1.9541404257015307,-0.13407221580038212,2.154033740771436,-39.31749186625087,-38.02623110292172,2.535007974331953,54.75660402157388
1815,1791285944.4837487,-1.0255571388711735,-2.0643113241390307,-0.15802241111288212,2.3104371383944198,-39.33597788242033,-38.060518429160595,2.5320668149798444,54.79355419589294
1816,1791285944.49344,-1.0686674904336735,-2.078681441326531,-0.11491205955038213,2.3401221166971737,-39.345114038510644,-38.07765193016679,2.530657035598092,54.81194942939143
1817,1791285944.51344,-0.8866460060586734,-2.174482222576531,-0.21071284080038213,2.3577349252278834,-39.36407328649664,-38.11408657352439,2.5276956199632528,54.850734782553026
1818,1791285944.5384035,-0.8435356544961734,-2.3229734335140306,-0.18676264548788213,2.478434638833125,-39.38742756013373,-38.1611625385354,2.5238095100391633,54.90003087922869
1819,1791285944.5584035,-0.9680766701211734,-2.299023238201531,-0.12449213767538213,2.4976345972472713,-39.40604901221243,-38.200153807249926,2.520696224751787,54.94035273920178
1820,1791285944.5835962,-1.0638774513711735,-2.2367527303890307,-0.10533198142538212,2.4791112993873035,-39.429826145359854,-38.2504716071167,2.516928611550377,54.992223974447384
1821,1791285944.6035962,-0.9537065529336735,-2.318183394451531,-0.11491205955038213,2.50932963574927,-39.448897256641175,-38.291258305279065,2.5140558717114434,55.03413880758671
1822,1791285944.6138263,-0.8770659279336734,-2.3900339803890307,-0.09096186423788212,2.5475048832341853,-39.4585936281748,-38.312603873022496,2.512648909432829,55.055877353709015
1823,1791285944.6338263,-0.9105962013711734,-2.3660837850765306,-0.08617182517538212,2.536722985153828,-39.477388229399246,-38.35520940371735,2.5100451656159706,55.09888017511018
1824,1791285944.6579282,-0.9201762794961734,-2.404404097576531,-0.04306147361288212,2.5748277107992963,-39.49994958581232,-38.40747509458236,2.5071444518772705,55.15130038109036
1825,1791285944.6779282,-0.7956352638711734,-2.361293746014031,0.03836919044961788,2.4920304618635956,-39.518436632744546,-38.45148849670718,2.505091436252742,55.19510199838965
1826,1791285944.703151,-0.6902544044961734,-2.2271726522640307,0.014418995137117882,2.331728344670521,-39.54106504575173,-38.50734954412101,2.50299052679226,55.25012900838058
1827,1791285944.723151,-0.7956352638711734,-2.164902144451531,-0.01911127830038212,2.306556309549902,-39.55854527705766,-38.55158762214688,2.501567489457942,55.29341057060418
1828,1791285944.733268,-0.8770659279336734,-2.3133933553890307,0.20602055763711788,2.4826352790672623,-39.567330553706604,-38.57400693559042,2.5010974415343963,55.31530662145255
1829,1791285944.753268,-0.7381547951211734,-2.222382613201531,0.3640918466996179,2.3698987011798596,-39.584515541584786,-38.6184824257455,2.5011627739551887,55.35862056402237
1830,1791285944.7786496,-0.6663042091836734,-1.9637205038265308,0.3066113779496179,2.0962275767227108,-39.605726842096686,-38.67442765596555,2.5025100115004095,55.412882162588794
1831,1791285944.7986495,-0.8004253029336734,-1.8295994100765307,0.11021977638711788,2.000065765427647,-39.62213377153143,-38.71758844843124,2.504037606105552,55.45480451867105
1832,1791285944.822996,-0.8579057716836734,-1.9637205038265308,0.07668950294961789,2.1443138319983723,-39.64213843818632,-38.76917433631819,2.5059595321449826,55.50520562838148
1833,1791285944.842996,-0.7812651466836734,-1.9828806600765307,0.1868604013871179,2.139417619618656,-39.658565568839336,-38.811114383252644,2.507696852830577,55.54631370445338
1834,1791285944.8530462,-0.7142045998086733,-1.8727097616390307,0.12458989357461789,2.008146584118529,-39.666709464520096,-38.8319348089871,2.5086736911417753,55.5667206558089
1835,1791285944.8730462,-0.7716850685586734,-1.8104392538265308,-0.07180170798788213,1.9693510662404372,-39.682713620902256,-38.872677084251194,2.510405186287356,55.606698501298816
1836,1791285944.8984923,-0.8195854591836734,-1.8727097616390307,-0.08617182517538212,2.0460175365078093,-39.703058413726055,-38.923767523737375,2.511976248465446,55.657008097081096
1837,1791285944.9184923,-0.9489165138711734,-1.8343894491390307,-0.00474116111288212,2.0652965114042865,-39.719303035129876,-38.96346047164506,2.5128894682960503,55.69639933605939
1838,1791285944.9433105,-0.9824467873086734,-1.7960691366390307,-0.00474116111288212,2.047214818256527,-39.740032404654386,-39.01208515442531,2.513835058542821,55.745244912195616
1839,1791285944.9633105,-0.9393364357461734,-1.7912790975765307,0.00962895607461788,2.022653322181041,-39.757114301564684,-39.050773156790655,2.514490101606575,55.78452905781206
1840,1791285944.972869,-0.9441264748086734,-1.6954783163265308,0.09105962013711788,1.9427592171928092,-39.765403772262765,-39.06898913782036,2.5148283843300026,55.80320430965275
1841,1791285944.992869,-0.9537065529336735,-1.6284177694515307,0.1581201670121179,1.893753576416443,-39.78299360252799,-39.10637267036618,2.5158038000800733,55.84195763198889
1842,1791285945.0184512,-0.9537065529336735,-1.6667380819515307,0.11500981544961789,1.9237461580431685,-39.80577783727458,-39.153340220545445,2.517388367495836,55.891155327556476
1843,1791285945.0384512,-0.8483256935586734,-1.7529587850765307,0.047949268574617884,1.9480298039007595,-39.82362148482381,-39.189680682922265,2.518685784163714,55.92938117193216
1844,1791285945.0630999,-0.7525249123086734,-1.7337986288265308,-0.00474116111288212,1.8900724609322874,-39.845273354996394,-39.23419563041131,2.520124794727524,55.97605688578619
1845,1791285945.0830998,-0.7525249123086734,-1.7721189413265308,-0.00474116111288212,1.9252848528106534,-39.86246404551059,-39.27015609728159,2.521103045084767,56.013544435684686
1846,1791285945.1081476,-0.7573149513711734,-1.7673289022640308,0.00483891701211788,1.9227586430610466,-39.883600439391856,-39.315086299634615,2.52214460717106,56.06013564179325
1847,1791285945.1281476,-0.7094145607461734,-1.8295994100765307,0.03357915138711788,1.9626081065151428,-39.90014584944869,-39.3509759159683,2.5229091447404626,56.097112357937014
1848,1791285945.138173,-0.7381547951211734,-1.7960691366390307,0.07668950294961789,1.9433522905048157,-39.90828403304312,-39.36899410061527,2.523317814516273,56.11555901663441
1849,1791285945.158173,-0.7429448341836734,-1.7673289022640308,0.03836919044961788,1.9175220129619763,-39.92430538830299,-39.404892163365716,2.5241833731858723,56.15217884326866
1850,1791285945.183837,-0.7094145607461734,-1.8535496053890308,0.014418995137117882,1.9847224153662604,-39.94457560259138,-39.45101613791359,2.5252290569358062,56.19900867608832
1851,1791285945.203837,-0.6998344826211734,-1.9158201132015307,4.887794961788039e-05,2.03964090261061,-39.9601166597783,-39.487223153131055,2.5259434297359613,56.2355057416441
1852,1791285945.2286396,-0.7668950294961734,-1.7960691366390307,0.03357915138711788,1.9532331886544136,-39.97922713519407,-39.53229437633534,2.5267590158036435,56.280773023374664
1853,1791285945.2486396,-0.8674858498086734,-1.7002683553890308,0.01920903419961788,1.908877462528823,-39.99477719633708,-39.56843110034657,2.5273972080511364,56.31723252588663
1854,1791285945.258684,-0.8914360451211734,-1.8200193319515308,0.014418995137117882,2.026656482643109,-40.0027403197638,-39.58650923646947,2.5276949754004043,56.33560320532837
1855,1791285945.278684,-0.8243754982461734,-1.8870798788265308,-0.01911127830038212,2.05937628230949,-40.018791577077494,-39.62266702560163,2.5281919065777,56.372432764851936
1856,1791285945.3038385,-0.7285747169961734,-1.8487595663265308,-0.03827143455038212,1.9875104414901725,-40.038881299733816,-39.668370287123935,2.528614903449414,56.41884002973207
1857,1791285945.3238385,-0.8579057716836734,-1.7481687460140307,-0.00474116111288212,1.9473363233496996,-40.05483806124265,-39.70465286784501,2.5288362545039345,56.45568637675517
1858,1791285945.3489034,-1.0351372169961734,-1.7433787069515307,0.09105962013711788,2.0295739031338798,-40.075394856371936,-39.74986695130386,2.5292343187497193,56.50209041955547
1859,1791285945.3689034,-1.0590874123086733,-1.7290085897640308,0.1485400888871179,2.033027547377329,-40.09247857801896,-39.78574141060966,2.5298637000376947,56.53947531116271
1860,1791285945.3781033,-0.8914360451211734,-1.7577488241390307,0.08626958107461788,1.9727598921111038,-40.10050405661402,-39.802173946039616,2.5302718007164273,56.556748066086804
1861,1791285945.3981032,-0.8147954201211735,-1.7242185507015308,-0.03348139548788212,1.9073390341199288,-40.11789330529759,-39.83776180043238,2.5311050929435437,56.594161549710726
1862,1791285945.423738,-0.9010161232461734,-1.7577488241390307,-0.03827143455038212,1.9755950206999036,-40.14013735123489,-39.88322846175038,2.5318749944506873,56.64197145311684
1863,1791285945.443738,-1.0016069435586734,-1.8104392538265308,0.023999073262117882,2.069174404611258,-40.15774267291873,-39.91873246773084,2.5323641547922113,56.67947041590193
1864,1791285945.4688172,-1.0063969826211734,-1.7816990194515308,0.1341699716996179,2.0506798540604585,-40.18028458476423,-39.963331702736,2.5331830427930084,56.726891034357244
1865,1791285945.4888172,-0.8866460060586734,-1.6954783163265308,0.10063969826211788,1.9159635200231593,-40.198404194020085,-39.99877908001703,2.534090340648807,56.764739420633205
1866,1791285945.4978828,-0.8100053810586734,-1.7337986288265308,-0.00953120017538212,1.9137024968478116,-40.20653908107181,-40.01476822559539,2.5345018597218307,56.781785465964404
1867,1791285945.5178828,-0.7429448341836734,-1.9062400350765307,-0.052641551737882125,2.0465798862830034,-40.22412315031607,-40.05021133240497,2.535180286607993,56.819245419731665
1868,1791285945.5433648,-0.9393364357461734,-1.8391794882015307,0.03357915138711788,2.0654446709484735,-40.24638149054936,-40.095753672104024,2.535878580680604,56.86713783718003
1869,1791285945.5633647,-0.9297563576211734,-1.7864890585140307,0.06710942482461789,2.015066677712584,-40.26403452366825,-40.13157521974545,2.536495472288869,56.90491731847238
1870,1791285945.5884905,-0.7477348732461734,-1.8056492147640308,0.014418995137117882,1.9544012983180288,-40.286046343615645,-40.17659621758569,2.537307851593308,56.95228129552516
1871,1791285945.6084905,-0.6854643654336734,-1.8679197225765307,-0.01911127830038212,1.9898117316037833,-40.303089256131486,-40.212567605838174,2.537850465998565,56.98973839235951
1872,1791285945.6186886,-0.7908452248086734,-1.8583396444515308,0.047949268574617884,2.020188490240394,-40.31160516961223,-40.23100839972736,2.538107703115775,57.00878475219636
1873,1791285945.6386886,-0.9537065529336735,-1.7625388632015306,0.06710942482461789,2.0051441614768413,-40.3284177920084,-40.26718001648362,2.538709098301614,57.04622785051153
1874,1791285945.6634157,-0.9489165138711734,-1.7864890585140307,0.03357915138711788,2.0231444006535093,-40.34961470469349,-40.311774666700224,2.5395278365963363,57.0927297055315
1875,1791285945.6834157,-0.8291655373086734,-1.8870798788265308,-0.01432123923788212,2.0612595797777735,-40.366854787004634,-40.34794401424235,2.540119609271019,57.13048012401924
1876,1791285945.7081347,-0.7668950294961734,-1.9158201132015307,-0.01432123923788212,2.0636617431901896,-40.38792547851916,-40.39299232092802,2.5406882000755266,57.177210929066575
1877,1791285945.7281346,-0.8291655373086734,-1.7673289022640308,0.00962895607461788,1.9521935492755969,-40.40481050183796,-40.42949808564738,2.541072198289723,57.21494625588423
1878,1791285945.7390509,-0.8962260841836734,-1.7194285116390307,0.023999073262117882,1.9391316500242715,-40.414056753705815,-40.44928925206347,2.5412778824101268,57.23547044940296
1879,1791285945.7590508,-0.9010161232461734,-1.7673289022640308,0.023999073262117882,1.9838995586079424,-40.431151916013256,-40.48534040966927,2.5416701939675233,57.27303834019499
1880,1791285945.7979245,-0.8962260841836734,-1.7864890585140307,0.06231938576211788,1.999661985437368,-40.46463529729596,-40.555262951105476,2.542570008365828,57.346148301554834
1881,1791285945.8179245,-0.8866460060586734,-1.7385886678890308,0.09584965919961788,1.9539751414336455,-40.48195233927718,-40.591128637601386,2.5432007627375253,57.38376128656435
1882,1791285945.8427181,-0.8100053810586734,-1.6954783163265308,0.057529346699617886,1.8799109192217431,-40.503354787354695,-40.63530711231047,2.544150619196095,57.43015440964158
1883,1791285945.862718,-0.7908452248086734,-1.7625388632015306,4.887794961788039e-05,1.9318331750664908,-40.520430852260446,-40.6707855228556,2.544888264530276,57.46733478923383
1884,1791285945.8729656,-0.8435356544961734,-1.7960691366390307,0.03836919044961788,1.9846634321136971,-40.52912390330862,-40.688972008156554,2.545239048834294,57.48635115630493
1885,1791285945.8929656,-0.8866460060586734,-1.7098484335140307,0.06231938576211788,1.9270720047501986,-40.54614046385263,-40.72440125198815,2.5459720132990165,57.52345901751652
1886,1791285945.903515,-0.8435356544961734,-1.7577488241390307,0.03357915138711788,1.9499643300779406,-40.55513888984704,-40.743029787734244,2.5463765188366194,57.543008263686275
1887,1791285945.923515,-0.7860551857461734,-1.8727097616390307,0.023999073262117882,2.031132827240505,-40.57208371828272,-40.77849428137496,2.547114723435248,57.580095228419104
1888,1791285945.9488509,-0.8195854591836734,-1.8535496053890308,0.1389600107621179,2.0314222478682646,-40.593380448808006,-40.82376203582075,2.5482192537818893,57.62721149235257
1889,1791285945.9688509,-0.8818559669961734,-1.7816990194515308,0.20602055763711788,1.998640991426527,-40.610222436928055,-40.859588976375235,2.5494778495974817,57.66451261391782
1890,1791285945.993528,-0.8147954201211735,-1.8343894491390307,0.11979985451211789,2.0107780168144274,-40.631026019927624,-40.903855956869236,2.5514008547858613,57.710617341128355
1891,1791285946.0135279,-0.8626958107461734,-1.9349802694515308,0.09584965919961788,2.1207498348967047,-40.64787381924655,-40.94000547900614,2.5530490848540195,57.74817533287191
1892,1791285946.0230744,-0.9297563576211734,-2.088261519451531,0.20123051857461788,2.294728040479921,-40.65599280913628,-40.95755292756439,2.5539305230822835,57.76636957804697
1893,1791285946.0430744,-0.8483256935586734,-2.2128025350765306,0.1485400888871179,2.3744927246886895,-40.67311783901257,-40.99525217562623,2.5560248015828013,57.80524611551875
1894,1791285946.0689797,-0.7716850685586734,-2.318183394451531,0.06710942482461789,2.4441717963857448,-40.695119665959396,-41.04556153283044,2.5587495449160436,57.856530188093146
1895,1791285946.0889797,-0.8387456154336734,-2.447514449139031,0.052739307637117885,2.587779476834065,-40.71197365551914,-41.08572478105388,2.5607173869276822,57.89696756521798
1896,1791285946.1137402,-0.9010161232461734,-2.404404097576531,0.00483891701211788,2.5676862218562113,-40.732940273624564,-41.13699962393015,2.562895114444339,57.94819749363683
1897,1791285946.1337402,-0.7525249123086734,-2.4427244100765306,-0.05743159080038212,2.556656933350811,-40.74981578437078,-41.17947444684664,2.5643114035287162,57.99027759161804
1898,1791285946.1430233,-0.7812651466836734,-2.361293746014031,-0.01911127830038212,2.4872572495312806,-40.757541561528214,-41.19957676854665,2.5648168815769874,58.01000435858535
1899,1791285946.1630232,-0.9393364357461734,-2.1936423788265307,0.11979985451211789,2.389303628851965,-40.77427059841489,-41.24322234308283,2.565893591095699,58.05280649541892
1900,1791285946.1889393,-0.9728667091836735,-2.0834714803890306,0.21081059669961788,2.3090613138488068,-40.796413313392165,-41.2996085768875,2.5677221269496275,58.10850372159369
1901,1791285946.2089393,-0.8531157326211734,-2.0738914022640307,0.19644047951211788,2.251093259645495,-40.813677070278075,-41.34283185783652,2.5695324535319313,58.15142714544535
1902,1791285946.2332833,-0.8195854591836734,-2.059521285076531,0.09584965919961788,2.2186787522661504,-40.83459250532109,-41.39509828639352,2.57193911552288,58.203376001996325
1903,1791285946.2532833,-0.9297563576211734,-2.011620894451531,0.057529346699617886,2.2168389957916776,-40.85182227187957,-41.437703910475065,2.573849814339485,58.245852995489834
1904,1791285946.2635908,-1.0495073341836734,-1.9733005819515308,0.10542973732461788,2.2375201140432033,-40.860900240329045,-41.45944882050612,2.574812814848374,58.26773314607147
1905,1791285946.2835908,-1.0926176857461734,-1.8774998007015307,0.028789112324617883,2.172475022141348,-40.8790854899335,-41.50108834900741,2.5766023954598265,58.310195030969496
1906,1791285946.3090048,-0.9680766701211734,-1.8487595663265308,-0.052641551737882125,2.0875477255109964,-40.90265508305891,-41.553165454652756,2.5784898496904427,58.36387034844749
1907,1791285946.3290048,-0.9968169044961734,-1.9062400350765307,-0.01911127830038212,2.151222966913514,-40.921368646247316,-41.59363348418754,2.579644780708554,58.40585009648979
1908,1791285946.3532865,-1.1213579201211734,-1.9062400350765307,-0.052641551737882125,2.2122309529785604,-40.94453804734412,-41.64233850041731,2.580705969310936,58.45681820791981
1909,1791285946.3732865,-1.1213579201211734,-1.9493503866390307,-0.07180170798788213,2.250014666658464,-40.9641233376257,-41.68222093932702,2.5812622574888984,58.498973137115996
1910,1791285946.3833408,-0.9968169044961734,-1.8295994100765307,-0.16281245017538212,2.089876990727883,-40.97408959877782,-41.70211273165731,2.5813230481821896,58.52012861752445
1911,1791285946.4033408,-0.8387456154336734,-1.6427878866390306,-0.16281245017538212,1.8516895371063842,-40.99369398248619,-41.74095452614321,2.5809373967396687,58.56151866993521
1912,1791285946.4287486,-0.8291655373086734,-1.4847165975765306,-0.21550287986288214,1.7141587892050159,-41.018041771722764,-41.78885686826932,2.579800046145387,58.612657996558944
1913,1791285946.4487486,-0.8818559669961734,-1.4942966757015308,-0.32567377830038213,1.7654053108031165,-41.03689905345256,-41.82537614484833,2.5782272971792883,58.65182375320671
1914,1791285946.4735045,-0.9297563576211734,-1.5326169882015308,-0.27298334861288215,1.8132516719090113,-41.060102962383056,-41.869419198041,2.5754610376011,58.699346834687894
1915,1791285946.4935045,-1.0686674904336735,-1.2452146444515306,-0.22987299705038214,1.6569403461317738,-41.07903478485723,-41.90383043008554,2.572807155565054,58.73701933388006
1916,1791285946.5181038,-0.9968169044961734,-0.9530222616390307,-0.22029291892538214,1.3965759350631715,-41.1026381843586,-41.94386203780076,2.5692020637090294,58.781929430774255
1917,1791285946.5381038,-0.9297563576211734,-0.7518406210140307,-0.15323237205038212,1.2054838712267955,-41.12183977332542,-41.974084194220445,2.566150385540358,58.81678823335871
1918,1791285946.5478902,-0.8147954201211735,-0.5602390585140307,-0.11970209861288213,0.9960361297400085,-41.13110657948816,-41.98761726113555,2.5646808006928175,58.832860880041046
1919,1791285946.5678902,-0.9105962013711734,-0.5746091757015306,-0.05743159080038212,1.0782669123987183,-41.149792113876096,-42.01282793987267,2.561862271816999,58.86379397235898
1920,1791285946.5938797,-1.1548881935586734,-0.3494773397640306,-0.11012202048788212,1.2116220574197605,-41.1744574094555,-42.042475794196726,2.558422450317559,58.902047836242254
1921,1791285946.6138797,-1.2075786232461734,-0.22014628507653064,-0.22508295798788214,1.2479474572796305,-41.194134894988494,-42.062723153390294,2.555669625565923,58.93013555100909
1922,1791285946.6388655,-1.2650590919961735,-0.08123515226403062,-0.28256342673788215,1.29877470961495,-41.219663920329936,-42.08478853437254,2.5517951129927914,58.96356313848832
1923,1791285946.6588655,-1.2027885841836734,0.05288594148596939,-0.28256342673788215,1.2366646235658547,-41.240735281691876,-42.09984403613166,2.548311259114681,58.988888824205915
1924,1791285946.6676245,-1.2219487404336735,0.09599629304846938,-0.15802241111288212,1.2358580399626882,-41.25017215548459,-42.10535077414048,2.546724931350575,58.99934808577542
1925,1791285946.6876245,-1.4614506935586735,0.11036641023596938,0.00962895607461788,1.465643746278948,-41.272512846521515,-42.11572900573372,2.543423510545825,59.02223267129668
1926,1791285946.713894,-1.4854008888711734,0.41692891023596945,0.1389600107621179,1.5490498382688767,-41.303261067368446,-42.12627692278788,2.540030383514536,59.051116302096965
1927,1791285946.7338939,-1.2937993263711733,0.5414699258609694,0.11979985451211789,1.4076428462758266,-41.32732824517423,-42.13166529733841,2.5382226971628987,59.07171789504447
1928,1791285946.7582428,-1.2698491310586735,0.5079396524234694,0.11979985451211789,1.3729062281509496,-41.356915406107994,-42.13532495835304,2.5367895953079125,59.09496901348577
1929,1791285946.7782428,-1.5285112404336734,0.5318898477359695,0.19644047951211788,1.6302890186244987,-41.38177012729282,-42.13632032026674,2.536263391305174,59.11305288166314
1930,1791285946.7882988,-1.6051518654336734,0.5750001992984695,0.2539209482621179,1.7238368798308075,-41.394755981192866,-42.135910901207026,2.536378164827747,59.12185741679615
1931,1791285946.8082988,-1.5620415138711734,0.48877949617346944,0.1677002451371179,1.645297073222823,-41.421459719436804,-42.133623098704156,2.5372046238955352,59.138962858813294
1932,1791285946.8330507,-1.4758208107461734,0.41692891023596945,0.12458989357461789,1.5386355719282523,-41.455190364270926,-42.12953507884973,2.5386166284072775,59.159742295618535
1933,1791285946.8530507,-1.5333012794961733,0.5079396524234694,0.2587109873246179,1.6358321671770475,-41.482870764752995,-42.12534006290356,2.5401613654282387,59.17622210029025
1934,1791285946.8784435,-1.5237212013711734,0.5270998086734694,0.2778711435746179,1.6360846189128135,-41.518565251301055,-42.118841638776104,2.5428503340520874,59.196741205409545
1935,1791285946.8984435,-1.4758208107461734,0.6085304727359695,0.22997075294961788,1.6128369256970678,-41.546961349322615,-42.11278762190306,2.5454123102324924,59.21246492486782
1936,1791285946.9244766,-1.3560698341836734,0.5031496133609694,0.1437500498246179,1.4535298433237651,-41.5839083202473,-42.10391885298208,2.5489765926376156,59.23224371602892
1937,1791285946.9444766,-1.3991801857461734,0.46961933992346944,0.1437500498246179,1.4828727502518317,-41.61216802928525,-42.0966682829949,2.551735363735277,59.24705361444158
1938,1791285946.9535363,-1.5189311623086734,0.5893703164859695,0.1293799326371179,1.6343954272930203,-41.62503182529677,-42.09315699372174,2.552983175598491,59.25364852268562
1939,1791285946.9735363,-1.5524614357461735,0.7187013711734693,0.10063969826211788,1.7137084113909185,-41.65377713800064,-42.08460614072146,2.555669657229385,59.26788904017722
1940,1791285946.997394,-1.5380913185586735,0.6995412149234693,0.06710942482461789,1.6910311914634968,-41.6884537431157,-42.07339821336315,2.5586937987666136,59.284440848067156
1941,1791285947.017394,-1.5285112404336734,0.46003926179846943,0.11500981544961789,1.6003780778859484,-41.71776258199976,-42.063672595441375,2.5611218402727856,59.29825977332983
1942,1791285947.0277724,-1.5812016701211735,0.47919941804846944,0.1485400888871179,1.658883649283027,-41.73311067588887,-42.05865173073178,2.562397943845986,59.30555282025118
1943,1791285947.0477724,-1.6626323341836735,0.6181105508609693,0.1341699716996179,1.7788784424644022,-41.76311693852846,-42.048781480224896,2.5649122943282254,59.319783676868745
1944,1791285947.0728612,-1.6243120216836735,0.6564308633609693,0.1629102060746179,1.7594973024708518,-41.801296758784396,-42.03585883175696,2.5681522856497763,59.33765452561844
1945,1791285947.0928612,-1.7440629982461735,0.033725785235969384,1.039487354512118,2.030622350569356,-41.832219691309916,-42.02606730302674,2.5721512753594626,59.35268232728732
1946,1791285947.117849,-2.1368462013711733,-0.30636698820153063,2.217836963887118,3.0949593241524385,-41.872332676965364,-42.01617976970865,2.5825026914923392,59.374413061541084
1947,1791285947.137849,-1.6817924904336734,0.46961933992346944,1.5280713388871179,2.320338406792751,-41.90535060280074,-42.00920812910929,2.5951639031984497,59.393323298691904
1948,1791285947.1484067,-1.5333012794961733,0.2684376992984694,1.005957081074618,1.8533810350474138,-41.92271155448377,-42.0054955384907,2.6028515008842765,59.403284719367704
1949,1791285947.1684067,-1.6291020607461735,-0.03333476163903062,0.6993945810746179,1.773199794354122,-41.95540984703365,-41.99916485225991,2.617788134549878,59.42254688615478
1950,1791285947.1935978,-1.3560698341836734,-0.3973777303890306,0.5892236826371179,1.5310189430482302,-41.99605731530392,-41.993200841956664,2.6362142401088624,59.44785422959314
1951,1791285947.2135978,-1.2746391701211734,-0.6464597616390307,0.5700635263871179,1.5386967412529677,-42.02743398195067,-41.990741833803355,2.6503878738067788,59.468917618718834
1952,1791285947.2383835,-1.4327104591836735,-0.30636698820153063,0.5700635263871179,1.57209809345056,-42.0655188053096,-41.989922765163925,2.6674377367234396,59.49602264238832
1953,1791285947.2583835,-1.5189311623086734,-0.014174605389030615,0.4838428232621179,1.5941946784795669,-42.096067772657165,-41.98984179665248,2.6807127056930002,59.51816493003218
1954,1791285947.2830245,-1.4854008888711734,0.08162617586096939,0.3928320810746179,1.5386343546035794,-42.13361226741625,-41.98963234702977,2.696235014915721,59.54527849120663
1955,1791285947.3030245,-1.5237212013711734,0.11994648836096938,0.517373096699618,1.613625849063745,-42.164028094867824,-41.989185487901935,2.7083092458978806,59.56703704309669
1956,1791285947.3136175,-1.5380913185586735,0.21574726961096938,0.6083838388871179,1.6680535614869128,-42.18015382779598,-41.9887176130771,2.714639448429632,59.57841094777733
1957,1791285947.3336174,-1.6099419044961734,0.2636476602359694,0.6898145029496179,1.7712332068590786,-42.21075511570098,-41.98724765651502,2.7267457146939362,59.599596939910626
1958,1791285947.3591378,-1.7488530373086735,0.34028828523596943,0.8095654795121179,1.9569566496962303,-42.250374541830475,-41.984497371714525,2.74274620047449,59.626460780434364
1959,1791285947.3791378,-1.7775932716836735,0.4312990274234694,0.7999854013871179,1.9964551918397782,-42.28205609622742,-41.981507930637065,2.7558190095238078,59.64741246917521
1960,1791285947.4036303,-1.7057426857461735,0.37860859773596944,0.694604542012118,1.8802601016987066,-42.32143312170081,-41.976908374928165,2.77217238775747,59.672853777401606
1961,1791285947.4236302,-1.7057426857461735,0.2971779336734694,0.6419141123246179,1.8465986466583648,-42.35388151703989,-41.972702193682025,2.7855278687257123,59.69353544988285
1962,1791285947.4329371,-1.7296928810586734,0.24927754304846939,0.5988037607621179,1.8473068776346262,-42.36911427970263,-41.97065702832756,2.7916765919557163,59.70319383776781
1963,1791285947.4529371,-1.7249028419961734,0.2588576211734694,0.5413232920121179,1.8262880355630928,-42.40212031014827,-41.96615913028941,2.8046180296830214,59.72406718599701
1964,1791285947.478687,-1.6961626076211735,0.2636476602359694,0.4598926279496179,1.7770703164147912,-42.44484812205213,-41.96022766811841,2.8207143784641158,59.75100223150467
1965,1791285947.498687,-1.5620415138711734,0.1678468789859694,0.3353516123246179,1.6064267707340407,-42.477944134858916,-41.955664501995805,2.832533981525437,59.771872736971545
1966,1791285947.523497,-1.4231303810586735,0.11036641023596938,0.2443408701371179,1.44816549013569,-42.518396213571066,-41.95033527931716,2.846075582506202,59.79753166178914
1967,1791285947.543497,-1.3081694435586735,0.1870070352359694,0.11979985451211789,1.3268876853108107,-42.550211119189996,-41.9462376104453,2.8559005634943433,59.81775224787491
1968,1791285947.5528636,-1.3081694435586735,0.3163380899234694,0.00962895607461788,1.3459085396088863,-42.56471385399755,-41.94425282796673,2.859902586188719,59.82686899355151
1969,1791285947.5728636,-1.3464897560586735,0.23011738679846938,-0.01911127830038212,1.3661456422490894,-42.595017937208915,-41.939830815350895,2.8671519330589983,59.845680897610734
1970,1791285947.5987852,-1.3464897560586735,0.1343166055484694,0.08147954201211788,1.3556232992478086,-42.633638458053234,-41.934250721119064,2.875259560269903,59.869655329328516
1971,1791285947.6187851,-1.2985893654336733,0.1630568399234694,0.08626958107461788,1.3116265907955849,-42.662934318675326,-41.9301451043642,2.8808283562887396,59.88791368190279
1972,1791285947.6428676,-1.0974077248086733,0.23490742586096938,-0.01432123923788212,1.1223592611493365,-42.69724635294403,-41.92522419375154,2.886657992630935,59.90919849394366
1973,1791285947.6628675,-0.9489165138711734,0.1917970742984694,-0.08138178611288212,0.9715202844602867,-42.724536989050904,-41.92111042555134,2.8906296274017795,59.9259651560395
1974,1791285947.6729264,-0.9153862404336734,0.033725785235969384,-0.08617182517538212,0.9200516187796934,-42.73761027224519,-41.919181640070256,2.8922011072691793,59.93401328461502
1975,1791285947.6929264,-0.9441264748086734,-0.18661601163903063,-0.10533198142538212,0.9681400531667452,-42.76249400699009,-41.91615123629482,2.894569727304504,59.949755312828685
1976,1791285947.7180202,-0.8100053810586734,-0.3494773397640306,-0.2586132314253821,0.9193062230948014,-42.792333529730776,-41.91392829549032,2.896410872926386,59.96957887149143
1977,1791285947.7380202,-0.6854643654336734,-0.4021677694515306,-0.2777733876753821,0.8418778806725273,-42.81479174654773,-41.91354981372234,2.896853592036713,59.985363306571145
1978,1791285947.763713,-0.6998344826211734,-0.3925876913265306,-0.23945307517538214,0.8373954702872998,-42.841984196087715,-41.91466799012144,2.8963403442399724,60.005531328116845
1979,1791285947.7837129,-0.7046245216836734,-0.5123386678890306,-0.18676264548788213,0.8909920947583565,-42.86208319858217,-41.916765237534506,2.8953614227146742,60.0213004013484
1980,1791285947.7931366,-0.6710942482461734,-0.6416697225765307,-0.21550287986288214,0.9531783747702914,-42.871105360910455,-41.9184208340497,2.894685042599219,60.02886706895795
1981,1791285947.8131366,-0.6567241310586734,-0.6512498007015307,-0.15802241111288212,0.9382877861522454,-42.88937265564107,-41.92334683203567,2.892904596339366,60.04526786847677
1982,1791285947.837857,-0.7142045998086733,-0.6704099569515307,-0.11491205955038213,0.9862770919968339,-42.91110637403118,-41.93097258040757,2.890527995830477,60.066002562822426
1983,1791285947.857857,-0.7381547951211734,-0.8045310507015307,-0.13886225486288212,1.1006477360758504,-42.92823096395372,-41.938429137937945,2.8885129711809148,60.08334510858294
1984,1791285947.8827834,-0.7142045998086733,-0.9290720663265307,-0.16760248923788212,1.1837878649550566,-42.94908746927521,-41.9495693608286,2.885805376132444,60.10589286144361
1985,1791285947.9027834,-0.6519340919961734,-0.8811716757015307,-0.15323237205038212,1.1067798978160497,-42.96536094804024,-41.95988242853402,2.8834775268140738,60.12460742041832
1986,1791285947.928282,-0.6136137794961734,-0.8045310507015307,-0.16760248923788212,1.0256133171567254,-42.9854166291279,-41.974282358316756,2.8803412897122618,60.1488386273636
1987,1791285947.948282,-0.6758842873086733,-0.9051218710140307,-0.22987299705038214,1.1527821849732143,-43.000722034788524,-41.98644729559728,2.8776541418608717,60.1681372935816
1988,1791285947.9583085,-0.7573149513711734,-1.0248728475765307,-0.20592280173788213,1.290850297108665,-43.008321789874714,-41.99308240172075,2.8761813701594265,60.178128352859005
1989,1791285947.9783084,-0.8243754982461734,-0.9721824178890307,-0.16760248923788212,1.2856221101707621,-43.02357980616296,-42.00732788986677,2.87312397932111,60.19882770606585
1990,1791285948.0031304,-0.8243754982461734,-1.0105027303890306,-0.12928217673788212,1.3105054793683228,-43.04274543166256,-42.02604703154522,2.8693459328067186,60.22540750775102
1991,1791285948.0231304,-0.7285747169961734,-1.1589939413265307,-0.14844233298788212,1.3769978941525454,-43.05820092704792,-42.04212155978804,2.866341853970608,60.24752748408725
1992,1791285948.0484595,-0.8579057716836734,-1.2021042928890306,-0.09575190330038212,1.4799410363443677,-43.07785239822389,-42.0639109411416,2.862644106407451,60.276601614452396
1993,1791285948.0684595,-0.8914360451211734,-1.0871433553890306,-0.08138178611288212,1.4082478094492892,-43.093665764556576,-42.08196905337235,2.8598966118132894,60.30037443554198
1994,1791285948.078533,-0.8674858498086734,-1.1781540975765308,-0.08617182517538212,1.4656071645255773,-43.101764674588615,-42.09141155619754,2.8585937640639387,60.31269023319023
1995,1791285948.098533,-0.8626958107461734,-1.4224460897640308,-0.12449213767538213,1.6682611403814946,-43.11802772505707,-42.111247690343156,2.8560790729260797,60.338036797753276
1996,1791285948.1230452,-0.9249663185586734,-1.5661472616390308,-0.00474116111288212,1.8189014305937854,-43.13825661484067,-42.13740674167634,2.853221749375768,60.37061458219906
1997,1791285948.1430452,-0.8243754982461734,-1.5948874960140307,-0.06222162986288212,1.7964221715046063,-43.15490994606807,-42.16029034910023,2.851139668639177,60.398388489956965
1998,1791285948.1686692,-0.8052153419961734,-1.5948874960140307,0.00962895607461788,1.7866534607256679,-43.1761775523481,-42.19134123318331,2.848771162912027,60.435147722376264
1999,1791285948.1886692,-0.8195854591836734,-1.6954783163265308,0.1485400888871179,1.8890291697179675,-43.1927245093772,-42.21687714279496,2.847437057325889,60.464734052406364
2000,1791285948.198328,-0.8579057716836734,-1.7290085897640308,0.21081059669961788,1.9416266696372944,-43.20073222776394,-42.229840368798214,2.8471497246238475,60.47949193026978
2001,1791285948.218328,-0.8100053810586734,-1.8727097616390307,0.09584965919961788,2.0426301001039824,-43.21732806784025,-42.258058852508746,2.847103994970207,60.51104844954846
2002,1791285948.2439,-0.8004253029336734,-1.9685105428890308,0.028789112324617883,2.1252160445540986,-43.23845330584089,-42.296094179990995,2.8472933406334993,60.552708498725856
2003,1791285948.2639,-0.7573149513711734,-2.0643113241390307,0.052739307637117885,2.199474622065234,-43.25483370561303,-42.327428812720996,2.8475415077541997,60.586305065044066
2004,1791285948.2884786,-0.6136137794961734,-2.1840623007015307,0.023999073262117882,2.268749867052488,-43.274471672171906,-42.367992086972706,2.8479421996982155,60.62868485098627
2005,1791285948.3084786,-0.6136137794961734,-2.2702830038265307,-0.03827143455038212,2.3520568638010726,-43.289895283055095,-42.40272954191086,2.8481979332637435,60.66398221094098
2006,1791285948.318739,-0.7956352638711734,-2.4091941366390306,-0.01432123923788212,2.537214409352222,-43.29770543364423,-42.42147830901509,2.8482689783076913,60.68266436070233
2007,1791285948.338739,-0.6710942482461734,-2.5193650350765306,0.10542973732461788,2.60934533925803,-43.31284587549408,-42.45993527957928,2.848523352830453,60.72036566978155
2008,1791285948.3629472,-0.4890727638711734,-2.4570945272640308,-0.052641551737882125,2.5058485224052975,-43.33052960622199,-42.50853726377439,2.8488809105321242,60.766986585676364
2009,1791285948.3829472,-0.5321831154336734,-2.481044722576531,-0.24424311423788214,2.5492070301625493,-43.3444796693463,-42.55007460670865,2.848686674422989,60.805984759823446
2010,1791285948.4087923,-0.5944536232461733,-2.6391160116390306,-0.19634272361288213,2.7123530187266796,-43.36198648657794,-42.60562468769148,2.847619300177377,60.8572926013747
2011,1791285948.4287922,-0.5130229591836734,-2.6630662069515307,4.887794961788039e-05,2.7120313754906746,-43.37516308094654,-42.65011688241488,2.8466227776932964,60.897787345853885
2012,1791285948.4385183,-0.5273930763711734,-2.428354292889031,0.1341699716996179,2.48858385635339,-43.38136865910009,-42.67222201578044,2.846308764154841,60.91767520253636
2013,1791285948.4585183,-0.6567241310586734,-2.265492964764031,0.22039067482461788,2.369032926588345,-43.39399145182891,-42.71789994558643,2.8462917459927772,60.95866506564789
2014,1791285948.4836254,-0.6567241310586734,-2.025991011639031,0.2443408701371179,2.1437417345324685,-43.40993393228043,-42.77472181334912,2.8471486928652694,61.00987990394376
2015,1791285948.5036254,-0.7046245216836734,-1.9254001913265308,0.22997075294961788,2.063140363749011,-43.422770565995826,-42.819122835637636,2.8484403961540434,61.0502079990804
2016,1791285948.5278978,-0.8435356544961734,-1.9541404257015307,0.2635010263871179,2.144679461988274,-43.43883089965226,-42.871988475993945,2.8506712235072196,61.09881956502002
2017,1791285948.5478978,-0.8962260841836734,-1.9589304647640307,0.20123051857461788,2.1635904144171167,-43.45268890997307,-42.914884224904846,2.8529307517046223,61.13888022705278
2018,1791285948.558556,-0.8722758888711734,-1.8774998007015307,0.09584965919961788,2.072452143020187,-43.46037995227553,-42.93738172446328,2.8541917421638034,61.16019772245232
2019,1791285948.578556,-0.8722758888711734,-1.8679197225765307,0.023999073262117882,2.0616899068031107,-43.47526402776859,-42.978883470902076,2.8563828010791066,61.20001576303612
2020,1791285948.6037993,-0.9201762794961734,-1.9014499960140308,0.00962895607461788,2.1124225878086667,-43.49462582029458,-43.03054457099887,2.858797124006665,61.25016703912231
2021,1791285948.6237993,-0.9584965919961734,-1.9445603475765307,-0.00953120017538212,2.1679763619587784,-43.51048294579326,-43.07110453462242,2.8604231864031955,61.29000075716961
2022,1791285948.6483617,-1.0926176857461734,-1.9445603475765307,-0.05743159080038212,2.2312388353096906,-43.53081473424493,-43.120609579585704,2.8619972776588734,61.339300862982945
2023,1791285948.6683617,-1.1788383888711733,-1.9493503866390307,-0.023901317362882122,2.2782006386483618,-43.5482938564904,-43.16071363799216,2.8629647310173976,61.379945149886304
2024,1791285948.6935983,-1.0351372169961734,-1.8583396444515308,0.03836919044961788,2.1275355430465983,-43.57123170032386,-43.21093450682727,2.8640297637005445,61.43158600690678
2025,1791285948.7135983,-0.8818559669961734,-1.7912790975765307,0.10542973732461788,1.9993664450154414,-43.589558669385355,-43.2502389120779,2.8649628934586273,61.47227670523111
2026,1791285948.723335,-0.8483256935586734,-1.8295994100765307,0.014418995137117882,2.0167544201327434,-43.59840609396456,-43.26914777755787,2.8654365555695596,61.49187661784588
2027,1791285948.743335,-0.8626958107461734,-1.8966599569515308,-0.023901317362882122,2.083778857545604,-43.616419838433735,-43.30775120976604,2.8662493253381607,61.531851748216624
2028,1791285948.7683337,-0.9153862404336734,-1.9110300741390307,0.04315922951211788,2.119393930474277,-43.638892163815406,-43.355904242624845,2.867148954578192,61.581717133484545
2029,1791285948.7883337,-0.8962260841836734,-1.8152292928890308,0.08626958107461788,2.0262578859445313,-43.656891562542995,-43.39423940627507,2.867954877581311,61.621500790978764
2030,1791285948.8137057,-0.8626958107461734,-1.7673289022640308,0.06231938576211788,1.9676328967819556,-43.679647590596325,-43.442393939810664,2.869106664475587,61.6715897144911
2031,1791285948.8337057,-0.7094145607461734,-1.8439695272640308,0.00962895607461788,1.9757493143797638,-43.69725294276263,-43.480075795368904,2.869986317007215,61.71064517062361
2032,1791285948.8437488,-0.7094145607461734,-1.9206101522640306,-0.00953120017538212,2.0474626296357967,-43.7058362192072,-43.4989953101364,2.8703618562814004,61.730071195467026
2033,1791285948.8637488,-0.8818559669961734,-1.8535496053890308,0.028789112324617883,2.0528382545035124,-43.722751995067334,-43.53668151952864,2.8710264167148294,61.76863664061646
2034,1791285948.888374,-0.8674858498086734,-1.8487595663265308,0.023999073262117882,2.0423074179025007,-43.74368650048581,-43.58296079927062,2.871819424291699,61.81611381742857
2035,1791285948.908374,-0.7668950294961734,-1.8104392538265308,-0.047851512675382124,1.9667506312004135,-43.76059012621506,-43.62039831824439,2.8723310954522887,61.854496065838184
2036,1791285948.9330864,-0.6902544044961734,-1.8248093710140307,-0.047851512675382124,1.9515814486544782,-43.781044294154995,-43.66645565833791,2.8726911124529284,61.9014664081225
2037,1791285948.9530864,-0.7908452248086734,-1.8104392538265308,0.07668950294961789,1.9771210740016165,-43.79733667482614,-43.7035920711099,2.872982030569659,61.93920152434989
2038,1791285948.9631524,-0.8147954201211735,-1.8056492147640308,0.09105962013711788,1.9830664431248683,-43.80551884813533,-43.72220925525823,2.8732331299222187,61.9581353200192
2039,1791285948.9831524,-0.8100053810586734,-1.7912790975765307,0.00483891701211788,1.9659127493041106,-43.821774481917636,-43.75904620920958,2.8738010458580603,61.9956512695444
2040,1791285949.0238917,-0.7621049904336734,-1.8966599569515308,-0.052641551737882125,2.044723487838066,-43.85472334124546,-43.83409481828955,2.874638289462818,62.071959636950595
2041,1791285949.0438917,-0.8100053810586734,-1.9158201132015307,-0.01911127830038212,2.080105926257076,-43.87083063877356,-43.871130349981065,2.874880031282899,62.10950647296477
2042,1791285949.0534499,-0.8435356544961734,-1.7912790975765307,0.014418995137117882,1.9800103821045087,-43.878559174161595,-43.888832558861296,2.874974868859528,62.127474269253355
2043,1791285949.0734499,-0.8195854591836734,-1.8200193319515308,0.00483891701211788,1.9960496258110567,-43.89479963872679,-43.92573421997285,2.875172431509884,62.165023756116895
2044,1791285949.0830092,-0.8387456154336734,-1.8248093710140307,-0.00474116111288212,2.008344075739646,-43.90258667463588,-43.94333960332814,2.875252766280581,62.18296624227046
2045,1791285949.1030092,-0.8483256935586734,-1.8008591757015306,-0.01911127830038212,1.9907575176345498,-43.91896538493806,-43.98008670327916,2.875359851309117,62.22050498980108
2046,1791285949.128635,-0.8291655373086734,-1.7625388632015306,0.01920903419961788,1.9479290848362543,-43.94002734963285,-44.026956326357315,2.8754766648008303,62.268509319713694
2047,1791285949.148635,-0.8100053810586734,-1.8248093710140307,0.07189946388711789,1.9978006634276313,-43.95645852113851,-44.06343045145825,2.8756908209893988,62.30590458832125
2048,1791285949.1888187,-0.8435356544961734,-1.8248093710140307,0.06231938576211788,2.011309361284006,-43.98950329439837,-44.13672057560743,2.8764610661616627,62.381091137637824
2049,1791285949.2088187,-0.8866460060586734,-1.8248093710140307,0.014418995137117882,2.0288613279426424,-44.00607834863673,-44.17320081334346,2.8769020303395787,62.418612344512226
2050,1791285949.203057,-0.7908452248086734,-1.8056492147640308,-0.01432123923788212,1.971296617527142,-44.00607834863673,-44.17320081334346,2.8769020303395787,62.418612344512226
2051,1791285949.223057,-0.7908452248086734,-1.8727097616390307,0.03836919044961788,2.033211798046764,-44.02256515801538,-44.209704148592884,2.8772568234891924,62.45608689972608
2052,1791285949.2482555,-0.8770659279336734,-1.8679197225765307,0.06231938576211788,2.064522326780291,-44.043373627762094,-44.25586622577938,2.877827073864604,62.5034586609077
2053,1791285949.2682555,-0.9297563576211734,-1.8439695272640308,4.887794961788039e-05,2.0651078674985426,-44.060122163073494,-44.29257701210596,2.878305342033788,62.54127744969939
2054,1791285949.2929757,-0.8387456154336734,-1.8583396444515308,-0.02869135642538212,2.0390545935513797,-44.080997155807665,-44.338009834998594,2.8787547113858434,62.58818303056162
2055,1791285949.3129756,-0.8147954201211735,-1.8343894491390307,0.023999073262117882,2.007349541878663,-44.09783311962334,-44.37479290616962,2.8790567025948173,62.62611355343988
2056,1791285949.3534248,-0.9058061623086734,-1.7960691366390307,0.052739307637117885,2.012245159475774,-44.131995424311455,-44.4490399933576,2.8798086528483515,62.702818711279406
2057,1791285949.3734248,-0.9920268654336734,-1.7864890585140307,0.028789112324617883,2.043646072812254,-44.14919991992048,-44.48561842472897,2.880246975352488,62.74087920039628
2058,1791285949.3683248,-0.9345463966836735,-1.8056492147640308,-0.03827143455038212,2.033521762124749,-44.14919991992048,-44.48561842472897,2.880246975352488,62.74087920039628
2059,1791285949.3883247,-0.8435356544961734,-1.8487595663265308,-0.01911127830038212,2.032198212637838,-44.166753667097815,-44.52210792126937,2.8804654994252292,62.779115195553956
2060,1791285949.413073,-0.8100053810586734,-1.8200193319515308,0.028789112324617883,1.9923372954923426,-44.188285961034246,-44.567297460023454,2.8807133073643714,62.82632512111126
2061,1791285949.433073,-0.8818559669961734,-1.8008591757015306,0.03357915138711788,2.0054653516436107,-44.20561459578146,-44.60377012248997,2.8809770825398893,62.864399304223184
2062,1791285949.4583943,-0.8818559669961734,-1.8104392538265308,0.03357915138711788,2.01407244103349,-44.22761232813605,-44.649878515136834,2.8813884851249987,62.91260400958286
2063,1791285949.4783943,-0.7908452248086734,-1.8295994100765307,0.09105962013711788,1.9952849484157862,-44.24489004670708,-44.686294467664176,2.8818516474226765,62.950617768324925
2064,1791285949.4880302,-0.7716850685586734,-1.8295994100765307,0.07189946388711789,1.986982984148593,-44.2530949745719,-44.70385227378746,2.8821590946057323,62.96886265442399
2065,1791285949.5080302,-0.8387456154336734,-1.8679197225765307,-0.03348139548788212,2.0478621294519344,-44.26998599418583,-44.74037454694445,2.8827591290474293,63.00669071394236
2066,1791285949.5331132,-0.7860551857461734,-1.8727097616390307,-0.09096186423788212,2.033026971567814,-44.29104897326674,-44.78634541651276,2.8831646781534377,63.05415445060585
2067,1791285949.5531132,-0.7764751076211734,-1.9110300741390307,4.887794961788039e-05,2.062752903138957,-44.30766814718849,-44.82317766125368,2.883303168683348,63.09199750726103
2068,1791285949.5788615,-0.9249663185586734,-1.8200193319515308,0.08626958107461788,2.043398027738128,-44.32914022477429,-44.870688352890745,2.8836214103314637,63.1408474663436
2069,1791285949.5988615,-0.9776567482461734,-1.7481687460140307,0.08626958107461788,2.004831444922575,-44.34617084556078,-44.90740901018473,2.884090334166027,63.17892235332378
2070,1791285949.6081085,-0.8531157326211734,-1.7912790975765307,-0.01432123923788212,1.9841099658420296,-44.354133585440536,-44.92429496397581,2.8843245198460012,63.1965249998858
2071,1791285949.6281085,-0.8339555763711733,-1.8487595663265308,-0.02869135642538212,2.0283532807126985,-44.37130304619589,-44.96079848335629,2.8846905325328653,63.23454256770433
2072,1791285949.6530228,-0.9632866310586734,-1.8391794882015307,0.04315922951211788,2.0766234715252767,-44.3928413269476,-45.0063416715483,2.8851051219545703,63.282058936956375
2073,1791285949.6730227,-0.9920268654336734,-1.7769089803890308,0.04315922951211788,2.0355307773210956,-44.410470711420125,-45.04284170964095,2.88551749020648,63.320405157231605
2074,1791285949.6975088,-0.8004253029336734,-1.8056492147640308,4.887794961788039e-05,1.9751075299191885,-44.43210864215989,-45.087405000138354,2.8860259745758303,63.36730634926126
2075,1791285949.7175088,-0.6998344826211734,-1.8727097616390307,-0.03348139548788212,1.9994827226679346,-44.44938163430865,-45.12386156820563,2.886328852193829,63.4053728381279
2076,1791285949.7287738,-0.7908452248086734,-1.9062400350765307,-0.02869135642538212,2.063979271907735,-44.45891077448246,-45.144508435023894,2.886421330897742,63.426751589473646
2077,1791285949.7487738,-0.9584965919961734,-1.8343894491390307,0.047949268574617884,2.0702655627570383,-44.4759151363471,-45.181277400723665,2.8865897766343296,63.46485054985367
2078,1791285949.7737966,-0.9153862404336734,-1.7912790975765307,0.06231938576211788,2.0125845275246586,-44.49751545258809,-45.227184320956546,2.8869758550639344,63.512689382853374
2079,1791285949.7937965,-0.8339555763711733,-1.8727097616390307,0.047949268574617884,2.050566479550354,-44.51481431259087,-45.26386859971056,2.8874035523325836,63.5509527322001
2080,1791285949.8186827,-0.9058061623086734,-1.8535496053890308,4.887794961788039e-05,2.0630392496758887,-44.53635784776571,-45.30962306573106,2.887945497918268,63.598658334133255
2081,1791285949.8386827,-0.8962260841836734,-1.8248093710140307,0.03836919044961788,2.033377148806286,-44.55377751401101,-45.34639596649558,2.8883733338209643,63.63707581617596
2082,1791285949.8487654,-0.8866460060586734,-1.7433787069515307,0.047949268574617884,1.9564788749865483,-44.562590336363655,-45.36485202438599,2.8886219427605075,63.65640889501391
2083,1791285949.8687654,-0.8770659279336734,-1.7337986288265308,0.01920903419961788,1.9431086727864182,-44.58009477035107,-45.4011856416786,2.8891418474885944,63.69458099413603
2084,1791285949.8934407,-0.8722758888711734,-1.7816990194515308,-0.01432123923788212,1.9838149409947115,-44.601689167830756,-45.445794823704816,2.889696119368226,63.741519337433104
2085,1791285949.9134407,-0.8531157326211734,-1.7864890585140307,0.00483891701211788,1.9797406457801383,-44.619154615040046,-45.481880394438285,2.8900637589971274,63.779486289134596
2086,1791285949.9382107,-0.8483256935586734,-1.7337986288265308,0.028789112324617883,1.9304255957329726,-44.64070181694673,-45.526408466107526,2.8905132556550996,63.826336205468785
2087,1791285949.9582107,-0.8435356544961734,-1.7625388632015306,0.01920903419961788,1.9540892077121028,-44.658027727906834,-45.56221315471986,2.89089374813462,63.86401157745751
2088,1791285949.9983885,-0.8435356544961734,-1.8487595663265308,4.887794961788039e-05,2.0321083477214508,-44.69269645810347,-45.634233833388464,2.8916014920910755,63.939672922572996
2089,1791285950.0183885,-0.8291655373086734,-1.8679197225765307,0.028789112324617883,2.0438856110945163,-44.70987449203463,-45.670282135634025,2.8919442086662612,63.97742483679645
2090,1791285950.013553,-0.8004253029336734,-1.8631296835140307,0.057529346699617886,2.028606050690779,-44.70987449203463,-45.670282135634025,2.8919442086662612,63.97742483679645
2091,1791285950.033553,-0.7812651466836734,-1.8295994100765307,0.00962895607461788,1.9894476488639095,-44.72673588130153,-45.70662320582039,2.892402614680222,64.01517242310571
2092,1791285950.0584164,-0.7237846779336734,-1.9062400350765307,-0.00953120017538212,2.0390454078114364,-44.74735985240111,-45.75199122546871,2.8928871941355228,64.06199896329834
2093,1791285950.0784163,-0.7381547951211734,-1.9014499960140308,4.887794961788039e-05,2.039702083955202,-44.76365404996105,-45.78872236902808,2.893204293649488,64.09962910327421
2094,1791285950.1037312,-0.8770659279336734,-1.8200193319515308,0.03836919044961788,2.0206897845525944,-44.78425133229429,-45.835306306120415,2.893618395740769,64.1473109256355
2095,1791285950.1237311,-0.9010161232461734,-1.7625388632015306,0.028789112324617883,1.9796974798270939,-44.80075041502244,-45.871963258377995,2.8939972204881945,64.18504086498122
2096,1791285950.133286,-0.8243754982461734,-1.7769089803890308,0.00962895607461788,1.9588499696227117,-44.808686837625984,-45.88938540963839,2.8941785853768818,64.203040263455
2097,1791285950.153286,-0.7142045998086733,-1.8152292928890308,-0.01432123923788212,1.9507308102461465,-44.82511516506264,-45.92577105161266,2.8944942308293595,64.24052843103469
2098,1791285950.1780648,-0.7429448341836734,-1.8200193319515308,0.01920903419961788,1.9659110819954153,-44.84512385249906,-45.97084463181356,2.8948357211753466,64.2867308498489
2099,1791285950.1980648,-0.8195854591836734,-1.7385886678890308,0.03836919044961788,1.922467964828862,-44.86119497603342,-46.00710610262555,2.8951563742020023,64.3238879192405
2100,1791285950.2231314,-0.8483256935586734,-1.7625388632015306,0.07668950294961789,1.9575701792043645,-44.88145172649502,-46.05231871807427,2.895714286060251,64.3703808409993
2101,1791285950.2431314,-0.7716850685586734,-1.8391794882015307,0.11021977638711788,1.9975553644303516,-44.897619711766005,-46.08838413645573,2.896373021217819,64.4074870241799
2102,1791285950.2536895,-0.6950444435586733,-1.8727097616390307,0.10063969826211788,2.000064243649736,-44.90603606827884,-46.10750673807734,2.896835580544351,64.42705882894326
2103,1791285950.2736895,-0.6663042091836734,-1.8535496053890308,0.047949268574617884,1.9702554583531935,-44.92162953701331,-46.14388604085816,2.8978032455071774,64.4640076543651
2104,1791285950.2978978,-0.8291655373086734,-1.9110300741390307,0.09105962013711788,2.0851482649787103,-44.94038814965327,-46.188150091117606,2.8990512192553544,64.50882260476445
2105,1791285950.3178978,-0.9968169044961734,-1.9110300741390307,0.11979985451211789,2.158710700972756,-44.95630012397293,-46.22496705664558,2.900243882265415,64.54632378998292
2106,1791285950.343739,-0.8962260841836734,-1.9589304647640307,0.06231938576211788,2.15511333010438,-44.977444399583455,-46.272901763226955,2.901906692660291,64.59545653341092
2107,1791285950.363739,-0.8579057716836734,-2.011620894451531,0.09105962013711788,2.188815385203067,-44.993985623812655,-46.3103920371613,2.903230661784403,64.63389127405961
2108,1791285950.3737943,-1.0351372169961734,-1.9206101522640306,0.1581201670121179,2.187522434674942,-45.002482163520675,-46.32937901934019,2.9039843794415696,64.65344450585533
2109,1791285950.3937943,-0.8770659279336734,-2.035571089764031,0.1533301279496179,2.2217795641247413,-45.01971512751699,-46.36741359826466,2.905725826056279,64.69277422194484
2110,1791285950.418602,-0.7716850685586734,-2.0403611288265306,0.08626958107461788,2.183120203214076,-45.04095195017818,-46.41509810109169,2.9080076754801762,64.74183495200671
2111,1791285950.438602,-0.7716850685586734,-2.1170017538265307,0.06231938576211788,2.2541246586164614,-45.05781997517914,-46.454010931364074,2.9097942432346686,64.78154965007326
2112,1791285950.4633436,-0.9489165138711734,-2.088261519451531,0.03357915138711788,2.2939935229479866,-45.07874984869775,-46.502731980210065,2.9118508085469563,64.83113946766595
2113,1791285950.4833436,-1.0399272560586734,-2.179272261639031,0.03836919044961788,2.414984157922941,-45.09611402449623,-46.54260950020885,2.9133717966776684,64.8718870885145
2114,1791285950.4938633,-0.8866460060586734,-2.2032224569515306,0.07668950294961789,2.3761758383457225,-45.10539739437806,-46.56389602463195,2.9141425935952547,64.89364771804178
2115,1791285950.5138633,-0.8291655373086734,-2.1265818319515306,0.08626958107461788,2.2841427750614667,-45.122973104819636,-46.60478990850797,2.9156326456067956,64.93527591347072
2116,1791285950.538319,-0.8147954201211735,-2.0643113241390307,0.1581201670121179,2.2249213035150293,-45.1442561308949,-46.654980730588825,2.9176296195246816,64.98618046308141
2117,1791285950.558319,-0.8004253029336734,-2.0643113241390307,0.1677002451371179,2.220402053855146,-45.1614734586847,-46.69606287343379,2.9195065088868026,65.02772094341456
2118,1791285950.5829923,-0.8147954201211735,-2.102631636639031,0.09584965919961788,2.257019834475199,-45.18251672504822,-46.746853036053395,2.9219623363957377,65.07892093665161
2119,1791285950.6029923,-0.8147954201211735,-2.0499412069515306,0.11021977638711788,2.2086871502580814,-45.199460032763454,-46.78807658479222,2.9239635186260355,65.12038744061662
2120,1791285950.613201,-0.9537065529336735,-2.0212009725765308,0.1820703623246179,2.2423111241506968,-45.20816520687103,-46.8090791409138,2.925055554585101,65.14156922725677
2121,1791285950.633201,-0.9872368263711734,-2.025991011639031,0.10542973732461788,2.25618961084788,-45.22557299685297,-46.85012463839303,2.9273053280561445,65.18324744909772
2122,1791285950.6575894,-0.9201762794961734,-2.112211714764031,0.028789112324617883,2.304124893820269,-45.24710535071026,-46.90023824691275,2.929882755988848,65.23432457839424
2123,1791285950.6775894,-0.9058061623086734,-2.121791792889031,0.03357915138711788,2.307295554421993,-45.26485339941352,-46.941520821490556,2.9317728984981275,65.27640172859712
2124,1791285950.7031136,-0.9105962013711734,-1.9110300741390307,-0.01432123923788212,2.1169379972282485,-45.28758323175355,-46.994023280273794,2.9338601471643857,65.33001572327257
2125,1791285950.7231135,-1.0255571388711735,-1.8008591757015306,-0.06222162986288212,2.0733385509898805,-45.305626334987394,-47.034559611947934,2.9351355147477585,65.37174157069185
2126,1791285950.748831,-1.1740483498086733,-1.7577488241390307,-0.12928217673788212,2.117730940812052,-45.329589976506924,-47.085729492738025,2.9361601098141388,65.42521444742846
2127,1791285950.768831,-1.0399272560586734,-1.6667380819515307,-0.20592280173788213,1.9753148437646004,-45.34875157315855,-47.12469093870572,2.9363345887843666,65.46653974458918
2128,1791285950.778883,-0.8962260841836734,-1.5038767538265307,-0.14365229392538212,1.756559838497126,-45.35839723977347,-47.14372593550898,2.9361455839963844,65.48691507571489
2129,1791285950.798883,-0.8866460060586734,-1.2260544882015307,-0.17239252830038213,1.5228492807604805,-45.37738439209379,-47.18001300323884,2.9353518704492307,65.52615456332664
2130,1791285950.8238177,-0.9728667091836735,-1.1685740194515306,-0.15323237205038212,1.5282391935227821,-45.400983110903184,-47.222945662696326,2.9339017958226625,65.57334553190051
2131,1791285950.8438177,-1.2794292091836734,-1.1063035116390307,-0.11970209861288213,1.6956341449704115,-45.42045064556112,-47.255628530609094,2.9325037651172767,65.61029906197042
2132,1791285950.869067,-1.2315288185586735,-0.9913425741390307,-0.16760248923788212,1.5898156888897077,-45.446096121278956,-47.294672613040376,2.9304594802300605,65.65608351862352
2133,1791285950.889067,-1.1021977638711735,-0.9386521444515307,-0.2586132314253821,1.47064222788357,-45.46686347003674,-47.32385547063312,2.9284437670739645,65.69139025249237
2134,1791285950.8979492,-0.9297563576211734,-0.9051218710140307,-0.37357416892538214,1.350277803125424,-45.47605672050976,-47.33610019393418,2.927261695413684,65.70652157473131
2135,1791285950.9179492,-0.9584965919961734,-0.9769724569515307,-0.30651362205038213,1.402548216287994,-45.4964842457447,-47.36235875697234,2.923979173778066,65.73943078515464
2136,1791285950.9436066,-1.2602690529336735,-0.8763816366390307,-0.06701166892538213,1.5364938732688165,-45.523028845137766,-47.394558596492736,2.919680999950194,65.78080933625778
2137,1791285950.9636066,-1.2458989357461734,-0.7422605428890307,-0.047851512675382124,1.4510357124787412,-45.544375904017336,-47.41832139345738,2.91666083916856,65.81256939757323
2138,1791285951.003292,-1.0974077248086733,-0.6416697225765307,-0.05743159080038212,1.2725337460999033,-45.587355242289654,-47.46251970072996,2.9112535649301585,65.87391844765432
2139,1791285951.023292,-1.0830376076211734,-0.5841892538265306,-0.10533198142538212,1.2350475173527495,-45.60903687035254,-47.48329161765362,2.9086931178110103,65.90377624037878
2140,1791285951.033857,-1.2554790138711733,-0.5123386678890306,-0.08617182517538212,1.3587288354706015,-45.62062523037723,-47.49348737921843,2.90739169588905,65.91908461381905
2141,1791285951.053857,-1.3416997169961735,-0.40695780851403063,0.023999073262117882,1.402265575422714,-45.64316757688259,-47.51127210436219,2.9052043466859745,65.94740279739706
2142,1791285951.0631464,-1.2890092873086734,-0.20098612882653064,0.06710942482461789,1.306309320815319,-45.65389996427232,-47.5187169607809,2.9044042688919802,65.96015924559119
2143,1791285951.0831463,-1.2698491310586735,-0.17703593351403063,0.047949268574617884,1.2830267611248385,-45.67737924437124,-47.5329085850309,2.903112660192543,65.98657769808032
2144,1791285951.108467,-1.4279204201211735,-0.18661601163903063,0.00962895607461788,1.4400954755828428,-45.7077693083426,-47.54887126588037,2.9018320609345105,66.0190575751714
2145,1791285951.128467,-1.4662407326211735,0.06246601961096939,0.09105962013711788,1.4703930576628244,-45.73251397870049,-47.55977459499934,2.901123318535865,66.04401192272114
2146,1791285951.138017,-1.3560698341836734,0.23011738679846938,0.21560063576211788,1.3922510696820891,-45.74457852961985,-47.563990361574575,2.90105530387302,66.05539921796435
2147,1791285951.158017,-1.3800200294961735,0.2732277383609694,0.27308110451211787,1.4330673286562736,-45.77015912737587,-47.57073995640792,2.9016672508547376,66.078002689096
2148,1791285951.197689,-1.5524614357461735,0.23969746492346938,0.3257715341996179,1.6042812959903825,-45.82201507468076,-47.58059406533287,2.9044808669750477,66.12114643758746
2149,1791285951.217689,-1.6099419044961734,0.2636476602359694,0.19644047951211788,1.6431712894861625,-45.84897956734847,-47.58406165162176,2.9064698523290677,66.14241768815967
2150,1791285951.2436533,-1.5524614357461735,0.3546584024234694,0.06710942482461789,1.5938703732703388,-45.88489261223803,-47.586684031587396,2.9091778779475956,66.16932206910005
2151,1791285951.2636533,-1.4854008888711734,0.39776875398596945,0.01920903419961788,1.5378572005559246,-45.912963307745216,-47.587272383544786,2.9110804232385017,66.18929733600898
2152,1791285951.2579942,-1.4470805763711734,0.4744093789859694,-0.00474116111288212,1.5228686522445982,-45.912963307745216,-47.587272383544786,2.9110804232385017,66.18929733600898
2153,1791285951.2779942,-1.4135503029336733,0.5223097696109694,-0.00953120017538212,1.5069913065879732,-45.94127423777842,-47.5850903644779,2.9124520502102595,66.2074307048013
2154,1791285951.3033605,-1.5237212013711734,0.6612209024234694,-0.047851512675382124,1.6616946616556971,-45.977383454764066,-47.58048636214781,2.91382158973098,66.22924450770769
2155,1791285951.3233604,-1.5380913185586735,0.7330714883609694,-0.023901317362882122,1.7040217088537948,-46.006175833709456,-47.57530941661261,2.9146317981865497,66.2455535069911
2156,1791285951.347816,-1.5141411232461734,0.7713918008609694,0.01920903419961788,1.699422736853781,-46.04169983228034,-47.56716926193821,2.9154652914406336,66.26442222569572
2157,1791285951.367816,-1.4470805763711734,0.8815626992984694,0.11500981544961789,1.6983586914886049,-46.07083574703373,-47.55903130053893,2.916246012476927,66.27886431948794
2158,1791285951.3931808,-1.4758208107461734,0.8767726602359693,0.1485400888871179,1.7230326523822304,-46.10780493078658,-47.54691351416826,2.9175890044886126,66.29593491201686
2159,1791285951.4131808,-1.5380913185586735,0.7234914102359694,0.01920903419961788,1.6998628509105296,-46.13710318879294,-47.536391567795384,2.9187407246895676,66.30882189692453
2160,1791285951.4232392,-1.6626323341836735,0.5797902383609694,0.057529346699617886,1.7617640661857663,-46.152042245053636,-47.530910449573334,2.919290954878766,66.31531279601879
2161,1791285951.4432392,-1.7392729591836735,0.44087910554846943,0.10542973732461788,1.7973759322326226,-46.1823940083022,-47.52011565824589,2.9204653524592152,66.3287571599683
2162,1791285951.4688182,-1.8590239357461735,0.46003926179846943,0.1629102060746179,1.9220160902855492,-46.22229269401688,-47.50665221692464,2.9222568384468866,66.34698133133901
2163,1791285951.4888182,-1.8015434669961734,0.40734883211096945,0.1581201670121179,1.853778282782141,-46.25430051299733,-47.496403229467596,2.923929018900704,66.36202224608903
2164,1791285951.5139267,-1.7632231544961734,0.24927754304846939,0.3976221201371179,1.8246091462124305,-46.2951695184097,-47.48422985471015,2.926759970866698,66.38193074595154
2165,1791285951.5339267,-1.9931450294961734,-0.07644511320153062,1.384370167012118,2.4279521665903667,-46.32847478763342,-47.47572851504499,2.931349677866513,66.39928602866577
2166,1791285951.543796,-2.0697856544961732,0.1774269571109694,1.9687549326371179,2.8620777357456233,-46.34545197285495,-47.47208790491593,2.935756801877194,66.40872470255725
2167,1791285951.563796,-1.5428813576211735,0.6468507852359694,1.4514307138871179,2.2148476108459954,-46.38011425690114,-47.46458051984528,2.9484783691866037,66.4281184973776
2168,1791285951.5882502,-1.5524614357461735,0.35944844148596944,0.895786182637118,1.82805157929675,-46.42181584241986,-47.454932475450285,2.966004839968285,66.45113081857829
2169,1791285951.6082501,-1.5668315529336734,-0.11955546476403063,0.6658643076371179,1.7066428743614022,-46.45548483596187,-47.44786552032435,2.9805313445397914,66.47026087563408
2170,1791285951.634143,-1.3704399513711734,-0.4500681600765306,0.5461133310746179,1.542370506527635,-46.4982400625699,-47.441194866280604,2.998870699170334,66.49621436388038
2171,1791285951.654143,-1.3943901466836734,-0.3159470663265306,0.4407324716996179,1.4961255099420343,-46.53045816919242,-47.43796428237497,3.0123916360313867,66.51705417454745
2172,1791285951.6630356,-1.4231303810586735,-0.08123515226403062,0.3736719248246179,1.4736111898522284,-46.54451357736926,-47.43700823442485,3.018044805295705,66.52646156856363
2173,1791285951.6830356,-1.4710307716836735,-0.028544722576530616,0.3257715341996179,1.5069417456962324,-46.57572473223996,-47.43534521405401,3.0299012109810954,66.54765518978239
2174,1791285951.7083688,-1.4183403419961735,0.06246601961096939,0.2587109873246179,1.443094835519253,-46.61481832144452,-47.4334902555264,3.043777045146893,66.57433337002301
2175,1791285951.7283688,-1.4135503029336733,0.1726369180484694,0.2970312998246179,1.4547011918166066,-46.6453001574116,-47.43189281962582,3.0539221253945663,66.59500674656823
2176,1791285951.7530398,-1.5572514748086734,0.1391066446109694,0.4886328623246179,1.638030795959667,-46.68275799314879,-47.4296410445296,3.0660132018524457,66.62020099349564
2177,1791285951.7730398,-1.6913725685586734,0.1917970742984694,0.6514941904496179,1.822627763305448,-46.713441819707185,-47.4275930693231,3.0760549321310102,66.64071086759175
2178,1791285951.7829165,-1.6817924904336734,0.2540675821109694,0.7712451670121179,1.8675640349927392,-46.72882039149345,-47.426403132203305,3.081323963046337,66.65088841571402
2179,1791285951.8029165,-1.6578422951211735,0.3546584024234694,0.8239355966996179,1.8849651257811013,-46.7602996849315,-47.423441905115816,3.092785872987049,66.67138661531382
2180,1791285951.8275003,-1.7344829201211736,0.5318898477359695,0.7712451670121179,1.9713337916132356,-46.79944438875872,-47.418713370505564,3.1077026001191523,66.69617821330897
2181,1791285951.8475003,-1.8638139748086735,0.5893703164859695,0.7041846201371179,2.077747790730274,-46.83191082898729,-47.41376164735153,3.120230826155518,66.71602885255214
2182,1791285951.8731549,-1.9883549904336735,0.4839894571109694,0.7808252451371179,2.190317197581324,-46.874721550985285,-47.40629744404084,3.1367478915356584,66.74155935524979
2183,1791285951.8931549,-1.9883549904336735,0.4648293008609694,0.7999854013871179,2.1930796814876334,-46.9090551240797,-47.399928064876185,3.1500641343279008,66.76178201066658
2184,1791285951.9032087,-1.9021342873086735,0.4648293008609694,0.6850244638871179,2.074473340879079,-46.926659103362155,-47.396505492554475,3.156873789429976,66.77204444699368
2185,1791285951.9232087,-1.8925542091836736,0.47919941804846944,0.5269531748246179,2.0221456835289033,-46.962117506337805,-47.3893022607933,3.17020612534424,66.79248952031269
2186,1791285951.9480474,-1.8686040138711735,0.42650898836096945,0.4886328623246179,1.9779668733201037,-47.00655566497054,-47.38001095853611,3.1861722779412265,66.81791232670845
2187,1791285951.9680474,-1.8015434669961734,0.4312990274234694,0.4790527841996179,1.913392088564816,-47.04247504925263,-47.3723651356752,3.1985512886872622,66.83835850508041
2188,1791285951.992922,-1.7728032326211733,0.4121388711734694,0.4551025888871179,1.8761151662773747,-47.08711643872302,-47.36270864221397,3.2133808337238414,66.86365620293026
2189,1791285952.012922,-1.7201128029336734,0.37860859773596944,0.3832520029496179,1.8025023225673884,-47.12286485061935,-47.354923032829625,3.224773246641145,66.88387167073395
2190,1791285952.0235858,-1.6243120216836735,0.4744093789859694,0.20123051857461788,1.704097275469263,-47.141741185833396,-47.35071229139145,3.2304038568965283,66.89446334049539
2191,1791285952.0435858,-1.4614506935586735,0.6803810586734694,-0.12449213767538213,1.6168657356279603,-47.17646219067192,-47.34226740772361,3.239495197195105,66.91340073008513
2192,1791285952.0678678,-1.4949809669961733,0.4935695352359694,-0.22029291892538214,1.5896880033272345,-47.21767785022882,-47.331414475577894,3.2482494199421907,66.93521511223436
2193,1791285952.0878677,-1.5716215919961734,0.20616719148596938,-0.11491205955038213,1.589246400248844,-47.25113312244871,-47.32276665745899,3.2538755057917834,66.95298000297578
2194,1791285952.113376,-1.5907817482461735,0.10557637117346938,-0.052641551737882125,1.5951501727651483,-47.29345195126466,-47.31279517412278,3.259654185664283,66.97608924134937
2195,1791285952.133376,-1.5620415138711734,0.12952656648596939,-0.02869135642538212,1.5676651480517516,-47.32638467624009,-47.30579699879837,3.263383402794058,66.9945877474338
2196,1791285952.1727877,-1.4901909279336734,0.1965871133609694,-0.00474116111288212,1.503109434952798,-47.390569113341385,-47.29311108432091,3.2695310277425613,67.03129291653023
2197,1791285952.1927876,-1.4279204201211735,0.07204609773596939,0.08147954201211788,1.4320566616459398,-47.42263176263581,-47.28723615867139,3.272297868161188,67.04995630243532
2198,1791285952.1877358,-1.3896001076211735,-0.047704878826530614,0.047949268574617884,1.3912452504578305,-47.42263176263581,-47.28723615867139,3.272297868161188,67.04995630243532
2199,1791285952.2077358,-1.4375004982461734,-0.13392558195153062,-0.08617182517538212,1.446295034705267,-47.45363000886258,-47.28323293529644,3.2744045981595433,67.06916462357329
2200,1791285952.2329493,-1.4375004982461734,-0.3446873007015306,-0.16281245017538212,1.4871869121448775,-47.49228357964766,-47.279848247750586,3.276191283082516,67.09422090808822
2201,1791285952.2529492,-1.4039702248086734,-0.5554490194515306,-0.22987299705038214,1.5272516492483839,-47.522607637341046,-47.27891635289818,3.276806913248907,67.11506262906802
2202,1791285952.278641,-1.4614506935586735,-0.6799900350765307,-0.31609370017538213,1.6426015356126615,-47.56123981089136,-47.280279360746704,3.2764271071263904,67.1433639562964
2203,1791285952.298641,-1.4231303810586735,-0.8189011678890307,-0.34483393455038214,1.6777394454085297,-47.59112921824708,-47.28342958466842,3.2751844025398804,67.16669655734773
2204,1791285952.322416,-1.3177495216836734,-0.9051218710140307,-0.31609370017538213,1.6296087354257935,-47.62621810520259,-47.28968686717418,3.272750199127126,67.19584830081097
2205,1791285952.342416,-1.2554790138711733,-0.9673923788265307,-0.24903315330038214,1.6043980429822642,-47.65516765968266,-47.29696979993203,3.270161973660949,67.22136800350113
2206,1791285952.3531384,-1.2027885841836734,-0.9482322225765307,-0.23945307517538214,1.5502201461037526,-47.670336930019396,-47.30182915654981,3.268589682341656,67.2354649205946
2207,1791285952.3731384,-1.1309379982461734,-0.9147019491390307,-0.27298334861288215,1.479939296138766,-47.6978878578649,-47.31232789309749,3.265328216192368,67.2622274766818
2208,1791285952.3981795,-1.2794292091836734,-1.1015134725765308,-0.13407221580038212,1.6935897940852123,-47.7317357442633,-47.327287770911994,3.2610927236316596,67.2965488763207
2209,1791285952.4181795,-1.3129594826211735,-1.2404246053890307,0.03836919044961788,1.8066510452865963,-47.75860308421956,-47.34095668404557,3.258073764588003,67.3250725433861
2210,1791285952.4278238,-1.1165678810586734,-1.2739548788265307,0.023999073262117882,1.6941844119856662,-47.771372845917355,-47.34837802521894,3.2568814602572496,67.33929196278241
2211,1791285952.4478238,-1.1309379982461734,-1.1829441366390308,-0.09575190330038212,1.6393736649316315,-47.79725339907418,-47.36514499075158,3.25467215266619,67.36933488844586
2212,1791285952.4730687,-1.2602690529336735,-1.1350437460140308,-0.21550287986288214,1.7096911657890432,-47.8295483838283,-47.38752327190621,3.251712440365394,67.40783852224645
2213,1791285952.4930687,-1.3416997169961735,-1.2835349569515306,-0.12449213767538213,1.8609455684267517,-47.855198818999554,-47.40622070083005,3.2492093741208454,67.43906269143024
2214,1791285952.5177226,-1.1021977638711735,-1.5326169882015308,-0.03827143455038212,1.888178870210418,-47.88659401840435,-47.431018908880134,3.246285723824979,67.47863226547153
2215,1791285952.5377226,-1.0542973732461733,-1.5565671835140307,-0.03827143455038212,1.8804013004486908,-47.911477163752856,-47.45275216342188,3.2441549209124587,67.5114647526391
2216,1791285952.547356,-1.1309379982461734,-1.4895066366390308,0.00483891701211788,1.8702069916420025,-47.92324354301885,-47.46385088156659,3.2432583817127996,67.52757316179546
2217,1791285952.5673559,-1.1453081154336735,-1.5182468710140307,0.047949268574617884,1.9023941161018578,-47.947422153889015,-47.487948524348724,3.2417554323921602,67.56159800165982
2218,1791285952.5930023,-1.1596782326211734,-1.7337986288265308,-0.00953120017538212,2.0859055904601504,-47.97820984079519,-47.520469610812555,3.2401911516031925,67.60623114963933
2219,1791285952.6130023,-1.1261479591836734,-1.9349802694515308,-0.02869135642538212,2.239013412883853,-48.00204647795775,-47.547529674879854,3.2390969199293025,67.64211552806647
2220,1791285952.6384315,-1.0686674904336735,-2.025991011639031,0.07189946388711789,2.2916935478504112,-48.03199372116847,-47.584329018921736,3.237996741726781,67.68918238471194
2221,1791285952.6584315,-1.0734575294961735,-1.9876706991390307,0.11021977638711788,2.261701632610875,-48.055227263013485,-47.61495063560204,3.2375344282267586,67.72717342769184
2222,1791285952.668486,-1.1117778419961735,-2.025991011639031,0.11979985451211789,2.3140962716224527,-48.06680330281733,-47.63106255613958,3.2375103286839315,67.74671337494497
2223,1791285952.688486,-1.0590874123086733,-2.1265818319515306,0.06710942482461789,2.3766615471701686,-48.089632004017915,-47.66453294131708,3.2377499455815024,67.78645463148133
2224,1791285952.7127686,-1.0686674904336735,-2.2607029257015308,-0.03348139548788212,2.500789660733002,-48.117066379097125,-47.707064611070265,3.238058474333793,67.83583944655271
2225,1791285952.7327685,-1.0399272560586734,-2.3900339803890307,-0.04306147361288212,2.606830530705375,-48.1394358897317,-47.74381684579857,3.238159659044647,67.87755897764896
2226,1791285952.7582574,-0.9824467873086734,-2.4091941366390306,0.028789112324617883,2.6019698097590327,-48.167534372595796,-47.79280421924736,3.23824198618612,67.93194913908775
2227,1791285952.7782574,-1.0111870216836734,-2.2559128866390306,0.11021977638711788,2.4746293750847554,-48.18926531633707,-47.83247437271365,3.2385054080306372,67.97528090138708
2228,1791285952.7884216,-0.9584965919961734,-2.0978415975765308,0.1437500498246179,2.310913058125578,-48.200154210337814,-47.85293009728544,3.2388128075612173,67.99740945946732
2229,1791285952.8084216,-0.8818559669961734,-2.078681441326531,0.1437500498246179,2.2625760888568323,-48.221126687609164,-47.89340759342211,3.239758190801692,68.04080821879603
2230,1791285952.8335133,-0.8722758888711734,-2.0499412069515306,0.22039067482461788,2.2386818058432385,-48.24679270921135,-47.944342181872095,3.241451610584956,68.09493345706282
2231,1791285952.8535132,-0.8674858498086734,-1.8152292928890308,0.2682910654496179,2.0296721856449573,-48.26679148014249,-47.984648911907854,3.243331950868702,68.13757328471671
2232,1791285952.877899,-0.9537065529336735,-1.6140476522640308,0.2539209482621179,1.8918725805016554,-48.29084889079406,-48.03269441494362,3.246235809628593,68.18859044066373
2233,1791285952.897899,-1.0111870216836734,-1.6523679647640308,0.1916504404496179,1.9466763919882666,-48.31056735844198,-48.071087970082644,3.248928531611779,68.22972925144512
2234,1791285952.9236531,-1.0016069435586734,-1.6811081991390306,0.21081059669961788,1.9681926618799979,-48.33603815236561,-48.11955066129055,3.2526532442753258,68.28208764558204
2235,1791285952.943653,-1.0303471779336735,-1.5469871053890307,0.1389600107621179,1.8638922436414678,-48.35589898337499,-48.15638232127315,3.255636528652018,68.32224596695933
2236,1791285952.9529939,-1.1357280373086733,-1.4942966757015308,0.06710942482461789,1.8781119254831296,-48.365300851535,-48.173134450497265,3.2569652047002933,68.34077137104765
2237,1791285952.9729939,-1.2171587013711733,-1.6044675741390306,0.11021977638711788,2.016913458702176,-48.38594137194709,-48.20827109989952,3.259649359490406,68.38027521762204
2238,1791285952.9974835,-1.1644682716836734,-1.6092576132015308,0.10542973732461788,1.989173660321639,-48.41179863658755,-48.25074442532973,3.2628391450732495,68.42866872966776
2239,1791285953.0174835,-1.1453081154336735,-1.6188376913265308,0.057529346699617886,1.9838537687716122,-48.43321264535654,-48.285070288568,3.265297838169794,68.46814054649238
2240,1791285953.0437202,-1.2746391701211734,-1.5853074178890307,0.047949268574617884,2.034749064523196,-48.46185250389485,-48.329650801352784,3.2682469944564225,68.51998053930498
2241,1791285953.0637202,-1.3273295998086734,-1.6140476522640308,0.11500981544961789,2.092888183338288,-48.48431250450979,-48.36333554668917,3.270402323717817,68.55972808869352
2242,1791285953.0735445,-1.1884184669961735,-1.6188376913265308,0.1293799326371179,2.012389895255423,-48.49554393158352,-48.37978206688943,3.2714823143532867,68.57932407506645
2243,1791285953.0935445,-1.0926176857461734,-1.5565671835140307,0.11500981544961789,1.905240683390915,-48.51840040872006,-48.413004323046884,3.2737177206488206,68.61903084071308
2244,1791285953.1180255,-1.1117778419961735,-1.5374070272640308,0.10542973732461788,1.9002067695245248,-48.546228783198636,-48.45325106751283,3.27644828461605,68.66723368131164
2245,1791285953.1380255,-1.1213579201211734,-1.5278269491390308,0.1341699716996179,1.8999211438477754,-48.56890288999591,-48.48579680752301,3.278703825047107,68.70633681670593
2246,1791285953.178532,-1.0495073341836734,-1.4703464803890307,0.1485400888871179,1.812580639559058,-48.614531904353846,-48.550933399670186,3.2834456543926995,68.78478655650534
2247,1791285953.1985319,-0.9393364357461734,-1.4847165975765306,0.08626958107461788,1.7590277869489,-48.636665059884315,-48.582702954694305,3.2857879515066735,68.82296576720377
2248,1791285953.1933317,-0.9297563576211734,-1.5853074178890307,0.00483891701211788,1.8378438205867296,-48.636665059884315,-48.582702954694305,3.2857879515066735,68.82296576720377
2249,1791285953.2133317,-1.0495073341836734,-1.5613572225765306,0.00962895607461788,1.8813279187298277,-48.65800824850027,-48.61429072754536,3.287618126184732,68.86043466750004
2250,1791285953.2386816,-1.1692583107461734,-1.5278269491390308,0.10063969826211788,1.926537965530595,-48.68522116124467,-48.65419572059371,3.2897995483467692,68.90794077467014
2251,1791285953.2586815,-1.0638774513711735,-1.5517771444515307,0.1581201670121179,1.8880809105528582,-48.706820238967765,-48.68557599427626,3.291650581379619,68.94544663163381
2252,1791285953.283514,-0.9824467873086734,-1.5517771444515307,0.11021977638711788,1.839935432302478,-48.73342665953781,-48.724474334018566,3.2941038938981775,68.99182845504806
2253,1791285953.303514,-0.9632866310586734,-1.5661472616390308,0.03836919044961788,1.8390787295522621,-48.75455965145302,-48.75578049184775,3.2960062816036584,69.02895679049992
2254,1791285953.3132892,-1.0063969826211734,-1.5757273397640308,0.047949268574617884,1.8703076400062297,-48.764783290617636,-48.77108989632597,3.2968599018943308,69.04703168326013
2255,1791285953.3332891,-1.1021977638711735,-1.5230369100765306,0.1341699716996179,1.8848031519084314,-48.78572611059218,-48.802362623595975,3.2986176115417267,69.0839963228087
2256,1791285953.3578172,-1.0495073341836734,-1.4416062460140306,0.11979985451211789,1.7871894746201678,-48.81151606931347,-48.840416395289566,3.300917125518246,69.12920098279494
2257,1791285953.3778172,-1.0063969826211734,-1.4703464803890307,0.023999073262117882,1.7819454577901237,-48.832474531662974,-48.87115878208537,3.3027265801440544,69.16580609269657
2258,1791285953.4029655,-0.8914360451211734,-1.5709373007015308,-0.023901317362882122,1.8063979346335546,-48.85845465555274,-48.90975273550169,3.304660723502473,69.21151122807592
2259,1791285953.4229655,-0.9537065529336735,-1.5086667928890307,0.11021977638711788,1.7882337878984194,-48.87878459066057,-48.94046114481952,3.306097656673329,69.24763246381242
2260,1791285953.4336722,-1.0351372169961734,-1.3745456991390308,0.1724902841996179,1.7293460715471194,-48.88963243558709,-48.95674972225202,3.3069785256752238,69.26684351133166
2261,1791285953.4536722,-1.0063969826211734,-1.4559763632015308,0.10063969826211788,1.7728029799435832,-48.90991888546984,-48.98685841945011,3.3087868594576353,69.30252905682309
2262,1791285953.4780717,-0.8914360451211734,-1.6332078085140307,-0.03348139548788212,1.8609532428775037,-48.93442850529759,-49.02373364826479,3.3107849636800815,69.34598799521008
2263,1791285953.4980717,-0.7668950294961734,-1.7146384725765307,-0.00474116111288212,1.8783331857032748,-48.953992694380275,-49.0544476526856,3.3121197778120273,69.38157084308544
2264,1791285953.5236356,-0.8626958107461734,-1.5853074178890307,0.1341699716996179,1.8098191214590644,-48.97837299105854,-49.0941444457473,3.313818165594294,69.42692151136887
2265,1791285953.5436356,-0.9058061623086734,-1.5134568319515307,0.1533301279496179,1.7704650558523252,-48.99723859444033,-49.1251908828811,3.315378840118948,69.46225958039032
2266,1791285953.5680916,-0.8674858498086734,-1.5421970663265308,0.04315922951211788,1.7699622058384508,-49.020099738785795,-49.163064677294365,3.317361378292173,69.50526593991653
2267,1791285953.5880916,-0.8483256935586734,-1.6236277303890307,0.023999073262117882,1.8320478827687556,-49.038564797248945,-49.19414041579469,3.3188402266861714,69.54034073164424
2268,1791285953.59822,-0.9489165138711734,-1.5278269491390308,0.07668950294961789,1.800160830780283,-49.04787854778599,-49.209911289951904,3.319553300904465,69.55809940848619
2269,1791285953.61822,-1.0016069435586734,-1.4703464803890307,0.07668950294961789,1.7807348263118845,-49.06643681655066,-49.2408788677582,3.3209802149708065,69.59316261767403
2270,1791285953.643494,-0.9393364357461734,-1.4942966757015308,0.057529346699617886,1.7659516188912583,-49.09005007542982,-49.279761889824265,3.322767333433359,69.63740899170585
2271,1791285953.6634939,-0.9441264748086734,-1.5038767538265307,0.10542973732461788,1.778801709198306,-49.10875831673236,-49.31041313706388,3.3242138461093136,69.67235739411878
2272,1791285953.6880693,-0.9249663185586734,-1.5278269491390308,0.09105962013711788,1.7883259578172488,-49.13174333713649,-49.348015010520875,3.3260868300435837,69.71526118738879
2273,1791285953.7080693,-0.8914360451211734,-1.5517771444515307,0.08147954201211788,1.7914545610620243,-49.15036773346356,-49.3786453569214,3.327641267640211,69.7501430968096
2274,1791285953.7178004,-0.8866460060586734,-1.5086667928890307,0.08147954201211788,1.7518149296636258,-49.1593679247975,-49.393546756444,3.3284030689889166,69.76707090695642
2275,1791285953.7378004,-0.9489165138711734,-1.4751365194515307,0.07668950294961789,1.755662718513911,-49.17784444475113,-49.42405494471734,3.329971176127643,69.80176430037008
2276,1791285953.7623985,-0.9920268654336734,-1.5661472616390308,0.06710942482461789,1.8551113771905678,-49.200740956900844,-49.46155959062954,3.331875797286127,69.84454298063665
2277,1791285953.7823985,-0.9249663185586734,-1.6140476522640308,0.07668950294961789,1.8618791029789432,-49.2194404300496,-49.492249677601464,3.333407796337874,69.87952276549926
2278,1791285953.8082821,-0.8579057716836734,-1.5853074178890307,0.10542973732461788,1.805634888845052,-49.24347196658738,-49.532221359295725,3.3354466265933875,69.92485744218004
2279,1791285953.828282,-0.9105962013711734,-1.4990867147640308,0.10542973732461788,1.7571459386874964,-49.26190824611428,-49.5631007077439,3.3371019866285163,69.9597942069851
2280,1791285953.838339,-0.9441264748086734,-1.5278269491390308,0.04315922951211788,1.7965223923019193,-49.27118727989257,-49.578582331619295,3.337921600129983,69.97733520642248
2281,1791285953.858339,-0.9297563576211734,-1.6619480428890308,0.057529346699617886,1.9052106989861661,-49.2896830825757,-49.60953663003908,3.3394580812276877,70.01236293187237
2282,1791285953.8831959,-0.9489165138711734,-1.6188376913265308,0.11021977638711788,1.8796878518157367,-49.31272466617061,-49.64835346210805,3.3413939713500334,70.05618266200166
2283,1791285953.9031959,-0.9824467873086734,-1.4320261678890307,0.1293799326371179,1.7414476168926991,-49.33138023142491,-49.67947723196277,3.3430773580918745,70.09145240184937
2284,1791285953.92809,-0.9058061623086734,-1.4655564413265307,0.06231938576211788,1.7240139768087206,-49.35464342963528,-49.71781635366137,3.345216307166654,70.13510221839398
2285,1791285953.94809,-0.9489165138711734,-1.5613572225765306,0.07668950294961789,1.8287045159489212,-49.37331167710735,-49.74853805785071,3.3468854836197135,70.17009752949379
2286,1791285953.9581764,-1.0016069435586734,-1.5182468710140307,0.1485400888871179,1.8249258036247489,-49.38278967584574,-49.76403710693838,3.3477713862323455,70.18779722005837
2287,1791285953.9781764,-1.0111870216836734,-1.3266453085140306,0.10063969826211788,1.6711119999240251,-49.401783587749364,-49.79442736388955,3.3496383029996775,70.22279754402709
2288,1791285954.0029497,-1.0351372169961734,-1.3745456991390308,0.052739307637117885,1.7215302412685733,-49.42558375891477,-49.83144313462857,3.351888899859849,70.26589652161441
2289,1791285954.0229497,-1.1021977638711735,-1.3362253866390308,0.09584965919961788,1.734798360545088,-49.44512192059508,-49.860910263276956,3.353656188507966,70.30062207303564
2290,1791285954.0480008,-1.1117778419961735,-1.2979050741390308,0.11021977638711788,1.7125291093982424,-49.470083375426356,-49.897232227107345,3.3559249440874432,70.34404854234552
2291,1791285954.0680008,-1.1357280373086733,-1.3074851522640307,0.11500981544961789,1.7356908871598256,-49.49039376904968,-49.92578882230293,3.3578023924810756,70.37867789218359
2292,1791285954.0785358,-1.1021977638711735,-1.3314353475765308,0.11021977638711788,1.731966626285183,-49.50125574551995,-49.940659772574776,3.3588209570337897,70.39691397444102
2293,1791285954.0985358,-1.0159770607461733,-1.3553855428890307,0.11021977638711788,1.6974768796486897,-49.521960616794985,-49.96868676052429,3.3607952399677363,70.43145025162963
2294,1791285954.1234262,-0.9680766701211734,-1.4176560507015308,0.06710942482461789,1.7179711267142563,-49.5475669354233,-50.003511604301075,3.363214758191478,70.47427740311667
2295,1791285954.1434262,-0.9680766701211734,-1.4751365194515307,0.047949268574617884,1.7650777100766177,-49.56796009825457,-50.03163591247165,3.365039860002685,70.50865729568027
2296,1791285954.1682918,-0.9776567482461734,-1.5134568319515307,0.10063969826211788,1.804575475960575,-49.59314003336993,-50.06693089844664,3.367245716491797,70.55150920904885
2297,1791285954.1882918,-0.9680766701211734,-1.5757273397640308,0.1820703623246179,1.8582891877610832,-49.613273498602204,-50.095694935827446,3.3691778679888964,70.58616661823149
2298,1791285954.1980164,-0.8531157326211734,-1.5948874960140307,0.1437500498246179,1.814424607144713,-49.62292287156351,-50.10989549128449,3.3702140555698916,70.60307672647811
2299,1791285954.2180164,-0.8147954201211735,-1.6811081991390306,0.11500981544961789,1.8716953842740194,-49.642293182636024,-50.13963402720886,3.372413595083612,70.63790304269752
2300,1791285954.2436452,-0.9105962013711734,-1.8152292928890308,0.1629102060746179,2.037346942216101,-49.6667082941402,-50.17874651310314,3.375343595934259,70.68296441712168
2301,1791285954.2636452,-0.9728667091836735,-1.8439695272640308,0.1772803232621179,2.0923961298788822,-49.68572840778105,-50.21017922435522,3.3777973962297914,70.71876144562793
2302,1791285954.2887766,-0.9441264748086734,-1.8870798788265308,0.052739307637117885,2.1107407950946153,-49.709656830851515,-50.25078463859579,3.380851826221385,70.76454972729228
2303,1791285954.3087766,-0.9872368263711734,-1.9733005819515308,0.03836919044961788,2.2068130715693695,-49.72874006912461,-50.28404242110032,3.383054634301413,70.80167773243967
2304,1791285954.3333788,-0.9824467873086734,-2.1265818319515306,0.08626958107461788,2.344140443424466,-49.75232776511566,-50.326381491570324,3.3855878548080347,70.84843680142275
2305,1791285954.3533788,-0.9537065529336735,-2.1936423788265307,0.04315922951211788,2.39238077955505,-49.77153097622108,-50.36211791465842,3.3875324409587266,70.88740080300194
2306,1791285954.3636703,-0.9584965919961734,-2.1601121053890306,0.03836919044961788,2.3635296104538797,-49.78140628392849,-50.381109279766115,3.3884459173855848,70.90787085789798
2307,1791285954.3836703,-0.9920268654336734,-2.174482222576531,0.1389600107621179,2.394117817200009,-49.80064444303272,-50.41898176241202,3.390220823063924,70.94837211754007
2308,1791285954.408637,-0.9105962013711734,-2.0978415975765308,0.1485400888871179,2.2917654697810277,-49.824620462294185,-50.46716768390976,3.392642496489593,70.99956226172466
2309,1791285954.428637,-0.9249663185586734,-2.1074216757015307,0.12458989357461789,2.3048452119970153,-49.84369921549781,-50.50628564919149,3.3947011227026413,71.04085611305103
2310,1791285954.4539714,-0.9776567482461734,-2.1505320272640307,0.12458989357461789,2.365612681581784,-49.86785665380113,-50.556494841854054,3.3973911294568744,71.0936323760784
2311,1791285954.4739714,-0.9537065529336735,-2.1074216757015307,0.10542973732461788,2.315577193236627,-49.886963937276384,-50.59657338202739,3.399541219938734,71.13564007857144
2312,1791285954.4835365,-1.0063969826211734,-2.025991011639031,0.10542973732461788,2.2646390209884406,-49.8961375338003,-50.61583126353822,3.400566537069474,71.15582033863376
2313,1791285954.5035365,-0.9872368263711734,-1.9301902303890308,0.04315922951211788,2.1684403602416107,-49.91543212359722,-50.655992371167535,3.402611706254101,71.19801748375275
2314,1791285954.5286434,-0.9920268654336734,-1.9206101522640306,-0.00474116111288212,2.1616852539929394,-49.93974729987832,-50.70609718910574,3.4048663348227746,71.25082292356174
2315,1791285954.5486434,-1.0303471779336735,-1.9349802694515308,-0.11491205955038213,2.1952149625202346,-49.959244757979015,-50.745806735290586,3.406213472889333,71.2928140013144
2316,1791285954.5729973,-1.1213579201211734,-1.9541404257015307,-0.13886225486288212,2.2572973030163856,-49.98335570189907,-50.79401157755265,3.4071442905397022,71.34406836997506
2317,1791285954.5929973,-1.0016069435586734,-1.9254001913265308,-0.12449213767538213,2.1739090731877853,-50.003370481019104,-50.833479654204424,3.407399004638411,71.38620371747807
2318,1791285954.6036534,-0.7285747169961734,-1.8008591757015306,-0.14365229392538212,1.9479606953181767,-50.013817660086055,-50.85433223196981,3.4073000575403753,71.40836615816114
2319,1791285954.6236534,-0.7046245216836734,-1.7242185507015308,-0.03348139548788212,1.862940238167894,-50.03263411432151,-50.89288650505973,3.4068765043717195,71.44898306309544
2320,1791285954.648656,-0.8435356544961734,-1.6044675741390306,-0.03348139548788212,1.8130056813793192,-50.05553168714815,-50.94009642768438,3.4063008663804255,71.49861930231366
2321,1791285954.6686559,-0.8435356544961734,-1.5709373007015308,-0.047851512675382124,1.7837281660631537,-50.073631082225546,-50.97695906352336,3.4057874724931025,71.53753052371009
2322,1791285954.6938648,-0.8722758888711734,-1.6236277303890307,-0.10533198142538212,1.8461113345367954,-50.096266472997705,-51.02249287813408,3.4049478122033263,71.58578325084294
2323,1791285954.7138648,-0.8579057716836734,-1.5565671835140307,-0.14844233298788212,1.7835186671587844,-50.11412621358839,-51.05796948687955,3.4040009152424253,71.62352348569262
2324,1791285954.7238953,-0.8722758888711734,-1.4176560507015308,-0.16281245017538212,1.6724598046974906,-50.12304136247219,-51.07533053145294,3.4033631026398794,71.64210734428237
2325,1791285954.7438953,-0.9968169044961734,-1.3410154257015308,-0.17718256736288213,1.6802856826254557,-50.14095464107868,-51.108892515547,3.40177212807562,71.67849245133297
2326,1791285954.7835088,-1.1405180763711733,-1.3314353475765308,-0.21550287986288214,1.7663360548137024,-50.1774630309088,-51.17333650565006,3.397926930558973,71.74980190052189
2327,1791285954.8035088,-1.2171587013711733,-1.2739548788265307,-0.15323237205038212,1.7685916706390055,-50.19666698599766,-51.20490049225699,3.395723675618173,71.78564027858387
2328,1791285954.8134577,-1.3033794044961735,-1.0009226522640307,0.03836919044961788,1.6438114924333083,-50.206667781328065,-51.219944194048686,3.394706362081804,71.80331610887387
2329,1791285954.8334577,-1.4375004982461734,-0.5889792928890306,0.09584965919961788,1.556435494030749,-50.22786763783319,-51.248034491101585,3.393169388052673,71.8381049662423
2330,1791285954.843008,-1.4566606544961733,-0.3398972616390306,4.887794961788039e-05,1.4957908988946236,-50.23854545306248,-51.260101379899254,3.392614236092591,71.85415279628528
2331,1791285954.863008,-1.4806108498086734,-0.30636698820153063,-0.10533198142538212,1.5156398141847012,-50.26195830439272,-51.282550331447815,3.391468118370198,71.88648327111233
2332,1791285954.8882904,-1.7440629982461735,-0.3542673788265306,-0.052641551737882125,1.7804584383021762,-50.29323002495129,-51.30792446236601,3.389937066188282,71.92637744451778
2333,1791285954.9082904,-1.8638139748086735,-0.29199687101403066,0.03357915138711788,1.8868471757887468,-50.31966907557114,-51.32595553332479,3.3888789864978985,71.9576772003443
2334,1791285954.9334118,-1.7536430763711734,-0.18182597257653063,0.047949268574617884,1.7636960781168607,-50.35471274531431,-51.346099368310114,3.3879029227318864,71.99650618062901
2335,1791285954.9534118,-1.7153227638711734,0.11994648836096938,0.04315922951211788,1.7200529245976268,-50.38363065652678,-51.35982375976508,3.3873790714087004,72.02649562307508
2336,1791285954.9785013,-1.8207036232461735,0.29238789461096937,0.052739307637117885,1.844785569974685,-50.421119751643005,-51.373682250323334,3.3870009396865366,72.06258613408312
2337,1791285954.9985013,-1.9931450294961734,0.20137715242346937,0.06231938576211788,2.0042613532085216,-50.452242139361374,-51.382331750448415,3.3869173154992995,72.09052615915576
2338,1791285955.0081234,-1.9165044044961734,0.1391066446109694,0.07668950294961789,1.9230759399698218,-50.467790740404205,-51.385623160209,3.386983435040872,72.10375736790336
2339,1791285955.0281234,-1.7201128029336734,0.3450783242984694,0.052739307637117885,1.755177637530464,-50.50071638441411,-51.39071203086142,3.387294395760406,72.13044711979475
2340,1791285955.0537703,-1.5907817482461735,0.5127296914859695,0.052739307637117885,1.6722020636437727,-50.54297375311906,-51.39460886587693,3.3878362316589006,72.16283981813284
2341,1791285955.0737703,-1.6817924904336734,0.6085304727359695,0.047949268574617884,1.7891434960573176,-50.5758927741197,-51.39550998210387,3.3883464186052645,72.18656570077474
2342,1791285955.1133652,-1.8015434669961734,0.6899611367984694,0.08147954201211788,1.9308661656198063,-50.64163256073007,-51.393170344104185,3.389589307177548,72.23103364970932
2343,1791285955.1333652,-1.7344829201211736,0.7234914102359694,0.023999073262117882,1.8794804538474845,-50.6751618370356,-51.390045648556274,3.39028115659444,72.25235515394088
2344,1791285955.1282248,-1.8111235451211734,0.7905519571109694,0.023999073262117882,1.9762886550556604,-50.6751618370356,-51.390045648556274,3.39028115659444,72.25235515394088
2345,1791285955.1482248,-1.9308745216836734,0.9055128946109694,4.887794961788039e-05,2.132657971448527,-50.70952037484554,-51.38331355771918,3.3908782872690173,72.27169864045563
2346,1791285955.172809,-2.0218852638711735,0.9965236367984694,-0.06222162986288212,2.2549835720422102,-50.752707091573235,-51.37277272934676,3.3913875489536753,72.29454035078541
2347,1791285955.1928089,-1.9260844826211734,1.0013136758609693,-0.01432123923788212,2.1708605688881977,-50.78849284803332,-51.3624869463411,3.39162489148881,72.31237231962702
2348,1791285955.2183552,-1.7536430763711734,0.8480324258609694,0.047949268574617884,1.9485179411473312,-50.83439639504245,-51.34777617513377,3.391947009272722,72.33419163503282
2349,1791285955.2383552,-1.7536430763711734,0.7857619180484694,0.1629102060746179,1.9285293791910554,-50.87020417646017,-51.335536093702466,3.392477653861209,72.35070036713206
2350,1791285955.2483099,-2.0027251076211736,0.8911427774234694,0.1533301279496179,2.1973969679116476,-50.88815805660373,-51.32910564399134,3.392938261806384,72.35878486164853
2351,1791285955.2683098,-2.0458354591836736,0.8576125039859693,0.1293799326371179,2.2220893546425047,-50.92489137860382,-51.31550100328901,3.394148923249379,72.37503334751803
2352,1791285955.2944267,-2.0602055763711733,0.7378615274234693,0.1293799326371179,2.192173765359799,-50.97370692114975,-51.297275143270014,3.3959995670232526,72.39656101961502
2353,1791285955.3144267,-2.0458354591836736,0.7618117227359694,0.11021977638711788,2.18585183076485,-51.01164099930206,-51.283162055182586,3.3975635876501924,72.4133528166727
2354,1791285955.3382497,-2.0649956154336735,0.4744093789859694,0.5030029795121179,2.1776783848925483,-51.05739340506362,-51.266664054444426,3.400242787852135,72.4340383770437
2355,1791285955.3582497,-2.5535795998086734,-0.11476542570153063,2.040605518574618,3.270781368103448,-51.09696993736624,-51.25435170248427,3.4059700601317004,72.45349913753356
2356,1791285955.3677285,-2.1607963966836734,0.4025587930484694,1.930434620137118,2.925349974345929,-51.11626483123602,-51.249187079837604,3.4111003444194683,72.46369651212218
2357,1791285955.3877285,-1.9644047951211734,0.8240822305484694,1.039487354512118,2.370344211710907,-51.15705749537438,-51.238084509572296,3.4247562487032526,72.4852729260099
2358,1791285955.443503,-2.2709672951211735,0.5702101602359695,0.4598926279496179,2.3861964109412104,-51.27147001164609,-51.20593435307628,3.463398460226823,72.54520300489195
2359,1791285955.463503,-1.7823833107461735,-0.057284956951530616,0.5317432138871179,1.8608929787159794,-51.31242282586161,-51.19536563788553,3.4766640110705564,72.56733005769654
2360,1791285955.4584365,-1.7919633888711735,-0.44527812101403064,0.6323340341996179,1.9517304432004972,-51.31242282586161,-51.19536563788553,3.4766640110705564,72.56733005769654
2361,1791285955.4784365,-1.8925542091836736,-0.06207499601403062,0.5221631357621179,1.9642477135478382,-51.3520952929545,-51.1891315374233,3.4894643127344436,72.59160584890068
2362,1791285955.5033011,-1.8494438576211734,0.1822169961734694,0.5030029795121179,1.9252681926384274,-51.40099742517525,-51.18231960715489,3.504902808427982,72.62215034249779
2363,1791285955.5233011,-1.6147319435586733,0.1822169961734694,0.4455225107621179,1.6849488392348992,-51.43962808438124,-51.177115638199616,3.5168808988091147,72.64641046714922
2364,1791285955.5329282,-1.5476713966836735,0.2971779336734694,0.4551025888871179,1.6403413799532653,-51.45771726641295,-51.17464028346586,3.5224320429106384,72.65774564290543
2365,1791285955.5529282,-1.7919633888711735,0.4121388711734694,0.4407324716996179,1.890829539592942,-51.49466942550376,-51.16920521375045,3.533578260427336,72.68063508783742
2366,1791285955.577615,-1.8638139748086735,0.40734883211096945,0.4838428232621179,1.9682071743941323,-51.54020799430289,-51.1619854993695,3.546984628046843,72.70847887478666
2367,1791285955.597615,-1.9069243263711735,0.47919941804846944,0.6083838388871179,2.058184482543577,-51.57722314299719,-51.15568399456785,3.5578549410102913,72.7308207287384
2368,1791285955.6085472,-1.9452446388711735,0.6612209024234694,0.5461133310746179,2.1258950014608353,-51.597579546613844,-51.15182114582852,3.5638520877766195,72.74283513382966
2369,1791285955.6285472,-1.9500346779336735,0.7282814492984694,0.5269531748246179,2.147256100932981,-51.635077415695136,-51.14373002254752,3.5747874696044337,72.76428688441122
2370,1791285955.6677077,-1.9739848732461736,0.5654201211734694,0.536533252949618,2.1223063220829435,-51.70901094931521,-51.12646413565902,3.596110969407772,72.80569457450099
2371,1791285955.6877077,-2.0889458107461736,0.5797902383609694,0.5700635263871179,2.2416118631131425,-51.74720067009677,-51.117251017258134,3.607027620266656,72.82689597261445
2372,1791285955.6978328,-2.1560063576211737,0.6612209024234694,0.5700635263871179,2.3260586665046827,-51.766858021597294,-51.112344022983656,3.6125910680842392,72.83769707491614
2373,1791285955.7178328,-2.1464262794961733,0.6516408242984694,0.6275439951371179,2.329290235895224,-51.80631604651605,-51.102135966531485,3.623728418504845,72.85913868763792
2374,1791285955.7427747,-2.0793657326211736,0.6229005899234694,0.6467041513871179,2.264948841441574,-51.85604779462611,-51.08893087989536,3.6379180385019074,72.88595886029168
2375,1791285955.7627747,-2.0266753029336733,0.6755910196109693,0.713764698262118,2.252397845360694,-51.89610315298666,-51.0779827847985,3.649630140346518,72.90737718496621
2376,1791285955.7730613,-2.0027251076211736,0.7666017617984694,0.7041846201371179,2.2570915127939353,-51.91672319260441,-51.07208385946137,3.6558443702117085,72.91823568123802
2377,1791285955.7930613,-1.8398637794961734,0.7905519571109694,0.5892236826371179,2.0874040510103393,-51.95656454747769,-51.05999933836037,3.668054358055191,72.93876030467769
2378,1791285955.8178532,-1.6865825294961734,0.7618117227359694,0.4263623545121179,1.899132061507249,-52.00510081751225,-51.04437991244137,3.6828079005778775,72.9631571803045
2379,1791285955.8378532,-1.7344829201211736,0.7857619180484694,0.2587109873246179,1.9216618243098242,-52.04351400444479,-51.03134822589431,3.693952096790022,72.98199184577457
2380,1791285955.8627665,-1.7919633888711735,0.8049220742984694,0.1581201670121179,1.9707953521265344,-52.090775688346916,-51.01457786781536,3.706530606467407,73.00461927838369
2381,1791285955.8827665,-1.7057426857461735,0.7378615274234693,0.10542973732461788,1.861481445822279,-52.12827198477012,-51.000820180933424,3.715509071925115,73.02222543109484
2382,1791285955.9077978,-1.5620415138711734,0.6181105508609693,0.11500981544961789,1.6838235067228255,-52.1742965355607,-50.98363867335193,3.7254744970574425,73.04360198938545
2383,1791285955.9277978,-1.4662407326211735,0.5606300821109694,0.11500981544961789,1.5739743430612148,-52.21009644964531,-50.97020177256544,3.732587527629687,73.06016595702967
2384,1791285955.938626,-1.3608598732461734,0.5654201211734694,0.08626958107461788,1.4761713818721056,-52.228867561057626,-50.96310360571361,3.7360244167354444,73.06880602746729
2385,1791285955.958626,-1.2363188576211734,0.5366798867984695,0.014418995137117882,1.3478566414958624,-52.26223331319968,-50.950306583819994,3.741571245029998,73.08402101177934
2386,1791285955.982226,-1.2650590919961735,0.4648293008609694,-0.05743159080038212,1.3489770838687154,-52.30012641359468,-50.93569857212655,3.7470585549785462,73.10122474844698
2387,1791285956.0022259,-1.2554790138711733,0.3738185586734694,-0.02869135642538212,1.3102637379600997,-52.33120322691471,-50.92391783022231,3.7508821131165524,73.1154522312649
2388,1791285956.01278,-1.0255571388711735,0.1870070352359694,-0.12449213767538213,1.0498749300085037,-52.34694825585359,-50.91818966996996,3.7524759116047517,73.12281522503919
2389,1791285956.03278,-1.0542973732461733,0.08162617586096939,-0.2777733876753821,1.0933269587457015,-52.37542935059138,-50.90856008256148,3.754439725878163,73.13660442619559
2390,1791285956.0582223,-1.1165678810586734,-0.04291483976403062,-0.34483393455038214,1.1693912770759518,-52.41036839390938,-50.89807372804157,3.7553751559612922,73.15438105111998
2391,1791285956.0782223,-1.1596782326211734,-0.19140605070153063,-0.2969335439253821,1.2122950997874289,-52.43712820133137,-50.89141847523298,3.755037537895386,73.16890866573829
2392,1791285956.10304,-1.1357280373086733,-0.3159470663265306,-0.4071044423628821,1.247170698196901,-52.46962570490007,-50.8853431747115,3.7533709885300737,73.1878922049133
2393,1791285956.12304,-1.1979985451211734,-0.43569804288903063,-0.48853510642538217,1.3651739262452383,-52.495386892500775,-50.882309095753186,3.7508859538590436,73.20412672348442
2394,1791285956.1336284,-1.3081694435586735,-0.6129294882015306,-0.43584467673788213,1.5089567365595176,-52.508969851132186,-50.88177648388446,3.749033590763203,73.21340277468161
2395,1791285956.1536283,-1.2602690529336735,-0.8428513632015306,-0.3592040517378821,1.5581091287255613,-52.53463032438248,-50.88310502985875,3.744866998158449,73.23251866236106
2396,1791285956.178023,-1.2411088966836734,-0.8715915975765307,-0.36399409080038214,1.5596521742141647,-52.56581107251257,-50.88761919258229,3.739223999199348,73.25773731775055
2397,1791285956.198023,-1.3321196388711734,-0.9338621053890307,-0.31609370017538213,1.6572737828851523,-52.59139985740246,-50.89347315771079,3.7342714285764482,73.27991356516533
2398,1791285956.2377746,-1.3177495216836734,-0.9530222616390307,-0.23466303611288214,1.643101327853775,-52.6425308421279,-50.90898858055518,3.724262342917767,73.32687980378246
2399,1791285956.2577746,-1.3896001076211735,-0.9147019491390307,-0.07659174705038212,1.6653931699679054,-52.668458339739544,-50.918425429278514,3.719515014744147,73.35180532220583
2400,1791285956.2529216,-1.2794292091836734,-1.0200828085140308,-0.06701166892538213,1.6376808606411684,-52.668458339739544,-50.918425429278514,3.719515014744147,73.35180532220583
2401,1791285956.2729216,-1.1788383888711733,-1.0871433553890306,-0.11491205955038213,1.6077143414403612,-52.694281363778025,-50.930871236926,3.7156290906254803,73.37879007544647
2402,1791285956.2984152,-1.3129594826211735,-1.0823533163265306,-0.07180170798788213,1.7030874286535835,-52.727024464298765,-50.9485041446869,3.7110617689498775,73.41431170346078
2403,1791285956.3184152,-1.3943901466836734,-1.0152927694515308,-0.01432123923788212,1.7249198203865548,-52.75291965899392,-50.96340881245864,3.7078869446499225,73.44309358903912
2404,1791285956.3427808,-1.3752299904336733,-1.0631931600765308,0.01920903419961788,1.7383918457058531,-52.784796485034605,-50.982641493935596,3.7046082138142986,73.47917116900234
2405,1791285956.3627808,-1.3704399513711734,-1.2068943319515306,0.04315922951211788,1.8266259354074208,-52.81115552649399,-50.99946531142418,3.7024141874965633,73.50966930214332
2406,1791285956.3879378,-1.3369096779336733,-1.3984958944515307,0.1341699716996179,1.9393606768872007,-52.84444604186498,-51.02236865377735,3.7004029749751095,73.54937499864118
2407,1791285956.4079378,-1.2411088966836734,-1.6044675741390306,0.1772803232621179,2.0361964057788904,-52.87080934097883,-51.042350172190645,3.6995110604733794,73.58213352137344
2408,1791285956.41832,-1.2794292091836734,-1.6667380819515307,0.11021977638711788,2.1040682817453082,-52.88440460909574,-51.05371404219492,3.6993413752880238,73.59977646006593
2409,1791285956.43832,-1.3273295998086734,-1.7433787069515307,-0.00953120017538212,2.191178684214737,-52.910575910210156,-51.07743664278761,3.6992145620582764,73.63503083128464
2410,1791285956.4636447,-1.3608598732461734,-1.7625388632015306,-0.11012202048788212,2.22948642030035,-52.943850080917926,-51.109628423936364,3.698850807492064,73.68125186449835
2411,1791285956.4836447,-1.2650590919961735,-1.8343894491390307,-0.13886225486288212,2.2326311569940036,-52.970125158974035,-51.13663343082663,3.6982331511658653,73.71883318688984
2412,1791285956.507746,-1.1836284279336735,-1.9206101522640306,-0.00953120017538212,2.2560608272316562,-53.001465070984125,-51.17108229443441,3.6973322479017576,73.76520337263297
2413,1791285956.527746,-1.1069878029336735,-1.8870798788265308,0.1293799326371179,2.191627621628515,-53.02700680955968,-51.20109256143827,3.6968765626585895,73.80435100307835
2414,1791285956.5379577,-1.1357280373086733,-1.7912790975765307,0.3066113779496179,2.14302811862835,-53.039809517759004,-51.21693412914611,3.6970127123447076,73.82454631262348
2415,1791285956.5579576,-1.3033794044961735,-1.6092576132015308,0.3353516123246179,2.097848574516428,-53.06478154152269,-51.24840725048033,3.698202311714456,73.86438239164383
2416,1791285956.58368,-1.2746391701211734,-1.3697556600765308,0.2682910654496179,1.890215775544945,-53.09705432667979,-51.28856060494873,3.7006673078321226,73.9155502287654
2417,1791285956.60368,-1.2890092873086734,-1.2452146444515306,0.2443408701371179,1.808813675961106,-53.1222290534158,-51.319020625129895,3.703065384226992,73.95489024240345
2418,1791285956.6279533,-1.3943901466836734,-1.2500046835140308,0.3497217295121179,1.9050304139484164,-53.15308495360648,-51.35498635853849,3.7066207822371884,74.00218984323568
2419,1791285956.6479533,-1.4662407326211735,-1.3314353475765308,0.4311523935746179,2.0269371863130923,-53.17898596691554,-51.38404728108237,3.7102821315922734,74.04114435197448
2420,1791285956.6728158,-1.5045610451211735,-1.3601755819515307,0.7329248545121179,2.1566085399522352,-53.21189411440925,-51.419773769074645,3.716321570019343,74.08987687746357
2421,1791285956.6928158,-1.4183403419961735,-0.9626023397640308,0.795195362324618,1.8896106092302694,-53.2387797130788,-51.44768624983474,3.722743270143522,74.12888035883562
2422,1791285956.7028952,-1.4422905373086734,-0.7901609335140307,0.6610742685746179,1.7724490072871977,-53.252459315247584,-51.46096824510609,3.726595033484084,74.14811653973084
2423,1791285956.7228951,-1.3608598732461734,-0.9817624960140308,0.3593018076371179,1.7160696320844884,-53.279736182785,-51.48602766610697,3.7346220164871293,74.18550218302988
2424,1791285956.76339,-1.3033794044961735,-1.1973142538265307,0.11500981544961789,1.773580151030885,-53.33477225685947,-51.53577393925977,3.749877281529327,74.26032256081362
2425,1791285956.78339,-1.3321196388711734,-1.2500046835140308,0.07189946388711789,1.828175039207278,-53.36182994028977,-51.560328666044434,3.75656188714336,74.29713415697046
2426,1791285956.777912,-1.3560698341836734,-1.1877341757015307,0.06710942482461789,1.8039239291645923,-53.36182994028977,-51.560328666044434,3.75656188714336,74.29713415697046
2427,1791285956.797912,-1.3848100685586735,-1.1589939413265307,0.028789112324617883,1.8060439349588158,-53.3889178708109,-51.58469765904624,3.7617125985321205,74.33376127753363
2428,1791285956.8230603,-1.2698491310586735,-1.2164744100765308,0.03836919044961788,1.758919839218738,-53.42287668935827,-51.61522386626413,3.767344387605683,74.37962067842082
2429,1791285956.8430603,-1.2219487404336735,-1.1829441366390308,0.1677002451371179,1.708987690673971,-53.449570099654096,-51.63945830735524,3.771460507197035,74.41581896661667
2430,1791285956.8679266,-1.2985893654336733,-1.0392429647640307,0.21081059669961788,1.6765444782378462,-53.48248098692685,-51.66921408803061,3.776516420552062,74.4603621618001
2431,1791285956.8879266,-1.2985893654336733,-1.0631931600765308,0.1581201670121179,1.685739013865103,-53.50887642326677,-51.69271040875089,3.780526313437719,74.49582904223573
2432,1791285956.8979812,-1.2315288185586735,-1.1350437460140308,0.1629102060746179,1.682714257249091,-53.52206367922813,-51.70440854371256,3.7824819096317395,74.51351778526617
2433,1791285956.9179811,-1.1979985451211734,-1.0871433553890306,0.20602055763711788,1.6308052181202013,-53.548004567161904,-51.727520662288555,3.7863417661947683,74.54838409357183
2434,1791285956.9579291,-1.2506889748086734,-1.0105027303890306,0.1724902841996179,1.6171244781942178,-53.59938328473668,-51.773044965677734,3.7940290520737308,74.61726830948838
2435,1791285956.977929,-1.3033794044961735,-1.0919333944515308,0.11979985451211789,1.7045434623747107,-53.625078748794635,-51.79557161873736,3.7977388340935594,74.65154472868034
2436,1791285956.9879816,-1.1692583107461734,-1.1637839803890306,0.07189946388711789,1.651280619145754,-53.63792080539835,-51.80689632325862,3.799468289835721,74.66871509715779
2437,1791285957.0079815,-1.1788383888711733,-1.1158835897640307,0.11500981544961789,1.6272932712424022,-53.663160529951035,-51.82946736509845,3.8026733873945413,74.70266936531986
2438,1791285957.0335715,-1.3129594826211735,-1.1350437460140308,0.19644047951211788,1.7466470079444714,-53.69539296074354,-51.85833511724946,3.80675691656835,74.74606039493625
2439,1791285957.0535715,-1.2890092873086734,-1.1829441366390308,0.21560063576211788,1.7627777532399553,-53.72070865042189,-51.88098960310295,3.810087759385453,74.78013365082339
2440,1791285957.0636146,-1.1500981544961735,-1.1494138632015307,0.1629102060746179,1.6341412818782364,-53.73335147152493,-51.89241612433189,3.8117945843937635,74.79723049376136
2441,1791285957.0836146,-1.1165678810586734,-1.0823533163265306,0.08626958107461788,1.5574514358379477,-53.75815191215088,-51.915105391551556,3.8150574885164867,74.83095434689099
2442,1791285957.1079922,-1.1500981544961735,-1.1781540975765308,0.09584965919961788,1.6492301233546993,-53.78799055538635,-51.94274549718644,3.818770986912684,74.87175535288524
2443,1791285957.1279922,-1.2075786232461734,-1.2021042928890306,0.09584965919961788,1.7066013065364865,-53.81233538197175,-51.96559102113746,3.821648185654627,74.90524069978581
2444,1791285957.1529908,-1.2602690529336735,-1.1446238241390307,0.12458989357461789,1.7070338093165969,-53.842827370744835,-51.99426299737325,3.825118351058076,74.94721458677066
2445,1791285957.1729908,-1.2554790138711733,-1.0775632772640307,0.1772803232621179,1.66397069799767,-53.867336629240576,-52.01709424139684,3.8279309922043034,74.98080490717183
2446,1791285957.183279,-1.1788383888711733,-1.1254636678890306,0.21560063576211788,1.644023129081718,-53.87993167896035,-52.028777110503775,3.8294639750809942,74.99803650550032
2447,1791285957.203279,-1.1213579201211734,-1.2116843710140308,0.1437500498246179,1.6571924079004017,-53.90419366112507,-52.051587259702195,3.8325360565685065,75.03144782779663
2448,1791285957.2284071,-1.1644682716836734,-1.2068943319515306,0.06231938576211788,1.6782324005025229,-53.934412046806955,-52.08050535226239,3.8362052352788583,75.07340615150592
2449,1791285957.2484071,-1.2267387794961735,-1.1637839803890306,0.10542973732461788,1.6942244879714834,-53.95844256169222,-52.103625384040924,3.838939175878055,75.10684892764444
2450,1791285957.2735643,-1.2267387794961735,-1.1637839803890306,0.1724902841996179,1.6997158833973287,-53.98876476897746,-52.132736553552455,3.8423866345373217,75.14900449700819
2451,1791285957.2935643,-1.2123686623086734,-1.2404246053890307,0.1916504404496179,1.7450561212543243,-54.01291365456005,-52.156014732271686,3.8452624648758182,75.18264931240242
2452,1791285957.3037288,-1.2075786232461734,-1.2212644491390308,0.1533301279496179,1.7243094600996163,-54.02519058747542,-52.16794734842215,3.846767791121169,75.19982427505795
2453,1791285957.3237288,-1.2506889748086734,-1.1398337850765308,0.12458989357461789,1.6967517823449592,-54.049410985035934,-52.19144612707181,3.8497023079806865,75.23367653201878
2454,1791285957.3473084,-1.3512797951211735,-1.1494138632015307,0.1341699716996179,1.779075854180609,-54.07828456846848,-52.219043513905476,3.8531006956639717,75.2737387961189
2455,1791285957.3673084,-1.3129594826211735,-1.2404246053890307,0.1533301279496179,1.8127398966196,-54.103097667829175,-52.24252492373203,3.8559820523467643,75.30800213290381
2456,1791285957.3933244,-1.2602690529336735,-1.1829441366390308,0.1341699716996179,1.7336771606896355,-54.135553921387036,-52.273216347180494,3.8597288835947916,75.35280255378294
2457,1791285957.4133244,-1.2506889748086734,-1.1158835897640307,0.1437500498246179,1.6822851049798933,-54.16052868237875,-52.29671969628071,3.8625941057102993,75.3871964684428
2458,1791285957.4233768,-1.3369096779336733,-1.1015134725765308,0.1868604013871179,1.7422905116044454,-54.1731495064431,-52.30843278293001,3.864067470500476,75.40446462292749
2459,1791285957.4433768,-1.3129594826211735,-1.2116843710140308,0.1868604013871179,1.7963736881760102,-54.19846775634568,-52.33171092466952,3.867119702071774,75.4389587032388
2460,1791285957.4685547,-1.2123686623086734,-1.1829441366390308,0.11021977638711788,1.6974519147426856,-54.23032860251708,-52.36114191803972,3.870946775971928,75.48246122272701
2461,1791285957.4885547,-1.1453081154336735,-1.1542039022640307,0.09105962013711788,1.628560463016116,-54.25537734017978,-52.3845192425971,3.8738327089544766,75.51682200980312
2462,1791285957.5137537,-1.2171587013711733,-1.1637839803890306,0.12458989357461789,1.6886062592903743,-54.28666830542905,-52.41393613661429,3.8773309760607018,75.55988851589629
2463,1791285957.5337536,-1.3416997169961735,-1.2500046835140308,0.11979985451211789,1.8376675010827581,-54.31161644467624,-52.437402364881756,3.8800575997808875,75.59423056416244
2464,1791285957.5433087,-1.3560698341836734,-1.2547947225765308,0.1485400888871179,1.8535100077947897,-54.3236809989631,-52.44872683798608,3.881357161549146,75.61082063843966
2465,1791285957.5633087,-1.1932085060586735,-1.1685740194515306,0.1533301279496179,1.6771469542067337,-54.34896959633023,-52.472509853752804,3.8841220851819567,75.64562902711306
2466,1791285957.5884893,-1.1548881935586734,-1.1637839803890306,0.1533301279496179,1.6467149178799583,-54.380467318523756,-52.502366616043545,3.8876601801693957,75.6891513213284
2467,1791285957.6084893,-1.2411088966836734,-1.3026951132015308,0.1772803232621179,1.8079806869550448,-54.40532614276625,-52.526223313660864,3.8905447441513696,75.72370822076518
2468,1791285957.6330638,-1.3464897560586735,-1.2931150350765308,0.1820703623246179,1.8757214009412329,-54.43605832101818,-52.55592398732344,3.8942197500004374,75.76657930216928
2469,1791285957.6530638,-1.3129594826211735,-1.1542039022640307,0.1581201670121179,1.7552923512117051,-54.461307176722926,-52.58014108103976,3.897272304471948,75.80167509306521
2470,1791285957.6632693,-1.1740483498086733,-1.1542039022640307,0.11500981544961789,1.6503949325357672,-54.474162064085405,-52.59241175486861,3.898805359828675,75.81950138329658
2471,1791285957.6832693,-1.1644682716836734,-1.2835349569515306,0.08626958107461788,1.7351918574305607,-54.49908306588136,-52.616508427024165,3.901660989636726,75.85426799166277
2472,1791285957.708712,-1.2554790138711733,-1.3553855428890307,0.1341699716996179,1.8523766100470505,-54.53064845990541,-52.64760030305329,3.9051694896412683,75.89869424351558
2473,1791285957.728712,-1.2842192482461734,-1.2356345663265307,0.1724902841996179,1.790464955593989,-54.555548857309674,-52.67226129557156,3.9079737322845,75.93383488145119
2474,1791285957.7528973,-1.2554790138711733,-1.1589939413265307,0.1581201670121179,1.7159535242886037,-54.58574998723375,-52.70195320775157,3.9114558229307477,75.97630854572736
2475,1791285957.7728972,-1.2171587013711733,-1.2116843710140308,0.1293799326371179,1.7223221203515948,-54.61068758959015,-52.72637993735879,3.9143346659019786,76.01131729014574
2476,1791285957.7985065,-1.2554790138711733,-1.2643748007015307,0.1437500498246179,1.78760601580565,-54.64257871626264,-52.75772160457934,3.917992581529137,76.05615861676274
2477,1791285957.8185065,-1.2985893654336733,-1.2308445272640307,0.1677002451371179,1.7970631492889435,-54.66757984296084,-52.78226971457627,3.920887960968291,76.09129808664878
2478,1791285957.828446,-1.2363188576211734,-1.1829441366390308,0.1293799326371179,1.715977947144884,-54.680030641752964,-52.79443885774053,3.9223325059221934,76.10875913831312
2479,1791285957.848446,-1.1405180763711733,-1.3218552694515306,0.07189946388711789,1.7473558220389558,-54.70489121269542,-52.81900964035078,3.925105113239268,76.14380705041144
2480,1791285957.8732247,-1.1836284279336735,-1.2931150350765308,0.09584965919961788,1.7556508498338728,-54.735391150004304,-52.849744871831945,3.9283366982629655,76.18720631823047
2481,1791285957.8932247,-1.2458989357461734,-1.2021042928890306,0.1677002451371179,1.7393798496288075,-54.75996048404726,-52.874574171648995,3.9309491114570094,76.22221609848728
2482,1791285957.9180672,-1.1979985451211734,-1.1302537069515308,0.21560063576211788,1.6610712177179985,-54.79045440530741,-52.90513474769501,3.9344214777712994,76.26550235182735
2483,1791285957.9380672,-1.0926176857461734,-1.2356345663265307,0.1533301279496179,1.6565374480654893,-54.814757636539476,-52.92959649945212,3.937351050078882,76.30008239601668
2484,1791285957.9480581,-1.0878276466836734,-1.3601755819515307,0.06231938576211788,1.7427938227077497,-54.82671100278459,-52.94192841695995,3.9387565807371296,76.3172970386902
2485,1791285957.968058,-1.1836284279336735,-1.2787449178890307,0.08626958107461788,1.7445937237817157,-54.85045733335991,-52.966870064361935,3.9413710328348217,76.35179369020878
2486,1791285957.9934714,-1.2698491310586735,-1.1829441366390308,0.1533301279496179,1.742235280952655,-54.88078123627138,-52.99850063846429,3.944651487575257,76.39569028673807
2487,1791285958.0134714,-1.2842192482461734,-1.2021042928890306,0.1629102060746179,1.7665824474933167,-54.904897239931834,-53.02323719849595,3.9473202786021586,76.43031310492783
2488,1791285958.0378258,-1.1932085060586735,-1.2931150350765308,0.1485400888871179,1.7657738221183206,-54.93438411275284,-53.053398885583874,3.950651542207797,76.4725920756469
2489,1791285958.0578258,-1.1357280373086733,-1.2356345663265307,0.1868604013871179,1.688664491791226,-54.95846004425534,-53.07824557260058,3.9534799427277236,76.50727081238001
2490,1791285958.0836086,-1.1453081154336735,-1.0631931600765308,0.2491309091996179,1.582459031011666,-54.98925261936134,-53.10991712305825,3.957422303652816,76.55156687974129
2491,1791285958.1036086,-1.2219487404336735,-1.0871433553890306,0.1581201670121179,1.6431802660176702,-55.013106680090466,-53.13402535868088,3.960632587451064,76.58559373605937
2492,1791285958.1134002,-1.2794292091836734,-1.3410154257015308,0.1677002451371179,1.8610171534676587,-55.024870342044025,-53.14584102394427,3.962207800622889,76.60232284308636
2493,1791285958.1334002,-1.2506889748086734,-1.2931150350765308,0.11979985451211789,1.8029757099833799,-55.049089328421694,-53.17030631559804,3.965373901034639,76.63685731916519
2494,1791285958.1580837,-1.1261479591836734,-1.2691648397640307,0.06231938576211788,1.6979023300262528,-55.07889636952964,-53.20071504615934,3.9690324447693572,76.67955480606066
2495,1791285958.1780837,-1.0255571388711735,-1.3553855428890307,0.11021977638711788,1.7032280569756493,-55.10265260595731,-53.22559494492357,3.971810962623156,76.71402455729135
2496,1791285958.1886332,-1.1548881935586734,-1.3122751913265307,0.21560063576211788,1.7613394197409333,-55.115029062536735,-53.23886069493952,3.9733145223478687,76.73219627348708
2497,1791285958.2086332,-1.1788383888711733,-1.2452146444515306,0.29224126076211787,1.739432209752587,-55.13847359503852,-53.26407391708425,3.9764991842448647,76.76669451264445
2498,1791285958.2335675,-0.9537065529336735,-1.3122751913265307,0.21081059669961788,1.6358678047325712,-55.16730597573376,-53.295575270575675,3.980814740389049,76.80948429744289
2499,1791285958.2535675,-0.9058061623086734,-1.3889158163265307,0.00483891701211788,1.658190388235383,-55.18975290908688,-53.32110440265352,3.9840805230782923,76.84348962989066
2500,1791285958.2929437,-1.0016069435586734,-1.5086667928890307,-0.047851512675382124,1.811513656756786,-55.23295069529512,-53.37238441341057,3.989418760599917,76.9103746092112
2501,1791285958.3129437,-1.1213579201211734,-1.4463962850765308,0.052739307637117885,1.8309252396184057,-55.25478499829203,-53.39895621602999,3.991730779271176,76.94461452748429
2502,1791285958.3225658,-1.1453081154336735,-1.2835349569515306,0.06710942482461789,1.7215389452159051,-55.2653496635667,-53.41179255080086,3.9927627447708103,76.96116300616895
2503,1791285958.3425658,-1.1165678810586734,-1.3314353475765308,0.11021977638711788,1.7411468395557337,-55.28740775468028,-53.438393788923605,3.9948519787971013,76.99557279029003
2504,1791285958.3529124,-1.0974077248086733,-1.4272361288265307,0.1293799326371179,1.805005775300089,-55.29882546972994,-53.45223195940527,3.9959566132255824,77.01343304273936
2505,1791285958.3729124,-1.0542973732461733,-1.3218552694515306,0.1389600107621179,1.6965123604623595,-55.32081281133398,-53.47909228989181,3.9981740836784816,77.04797880710964
2506,1791285958.397883,-1.0686674904336735,-1.2787449178890307,0.09584965919961788,1.6692590953190916,-55.34812271388272,-53.512468155657274,4.000967120259467,77.0908987751385
2507,1791285958.417883,-1.1979985451211734,-1.3362253866390308,0.047949268574617884,1.7952709907888325,-55.37011534162228,-53.539112958226546,4.00308432289133,77.12529399227256
2508,1791285958.4432304,-1.2123686623086734,-1.3841257772640307,0.07668950294961789,1.8416088674030482,-55.398389561436296,-53.57298811790326,4.005602064536799,77.16923914216777
2509,1791285958.4632304,-1.0255571388711735,-1.3026951132015308,0.08147954201211788,1.659946059007726,-55.42070933573714,-53.599737659677935,4.00752791106164,77.20393241552206
2510,1791285958.473776,-0.9537065529336735,-1.2595847616390308,0.047949268574617884,1.5806356611245758,-55.4322783827835,-53.6137532266977,4.008493432978278,77.22201785347153
2511,1791285958.493776,-1.1213579201211734,-1.3362253866390308,0.09584965919961788,1.7470343517188762,-55.45404057225744,-53.64024038586384,4.010265576854552,77.25612101600582
2512,1791285958.5186844,-1.2075786232461734,-1.3170652303890307,0.1389600107621179,1.7922658388229804,-55.481428851242704,-53.6732364696209,4.012580228643775,77.29881021458644
2513,1791285958.5386844,-1.0159770607461733,-1.2979050741390308,0.12458989357461789,1.6529638867861605,-55.50345675474375,-53.69967883614497,4.014555309117565,77.33308394963173
2514,1791285958.563496,-1.0159770607461733,-1.3553855428890307,0.10542973732461788,1.6971725861995781,-55.53046640691563,-53.732499773445774,4.017066070909926,77.37539047456234
2515,1791285958.583496,-1.0447172951211734,-1.4032859335140306,0.08147954201211788,1.7513664818335852,-55.55206334481527,-53.75912532883819,4.019066704953576,77.40948388386894
2516,1791285958.5936277,-1.1644682716836734,-1.2643748007015307,0.1677002451371179,1.7270649566898306,-55.56304153511323,-53.772617189603096,4.02011750877742,77.42678663638763
2517,1791285958.6136277,-0.9728667091836735,-1.2739548788265307,0.1916504404496179,1.6143607274857512,-55.58466803107099,-53.79906290845472,4.022419696313912,77.46079234145186
2518,1791285958.6381788,-0.9872368263711734,-1.2691648397640307,0.1437500498246179,1.6143357825004263,-55.61084286789342,-53.83133977192238,4.0254394415176025,77.50214931738996
2519,1791285958.6581788,-1.0255571388711735,-1.3266453085140306,0.07189946388711789,1.6783696710198173,-55.63198632891591,-53.8575829898507,4.027853881192071,77.53567408166111
2520,1791285958.682895,-0.8626958107461734,-1.4176560507015308,0.052739307637117885,1.6603536293632455,-55.65769647477477,-53.890236974407905,4.030621141913538,77.57694712236128
2521,1791285958.702895,-0.7477348732461734,-1.4942966757015308,-0.01911127830038212,1.6710461503619196,-55.67779578930054,-53.917064605181245,4.032574930856382,77.61010539979515
2522,1791285958.713075,-0.9920268654336734,-1.4607664022640308,0.01920903419961788,1.7658779036842955,-55.68782007065489,-53.93092777658536,4.0334203127938375,77.62697182348772
2523,1791285958.733075,-1.1165678810586734,-1.4799265585140307,0.11500981544961789,1.8574535550739333,-55.7077229086045,-53.95848947688481,4.035033378026167,77.66048205265488
2524,1791285958.7585142,-0.9824467873086734,-1.4272361288265307,0.1293799326371179,1.7375108127116965,-55.733246057462814,-53.99383505723232,4.03724365737105,77.7034637364274
2525,1791285958.7785141,-0.8579057716836734,-1.4368162069515307,0.06231938576211788,1.6746124421753563,-55.75306262523716,-54.021751088996716,4.039008242336427,77.73716723933795
2526,1791285958.8037007,-0.8435356544961734,-1.4895066366390308,0.04315922951211788,1.7123215644528003,-55.777488858911454,-54.05716101236682,4.041096353198998,77.77940202816411
2527,1791285958.8237007,-0.8100053810586734,-1.5469871053890307,0.06710942482461789,1.7475072235857079,-55.79645597406588,-54.08561613965326,4.042671153766467,77.81286244914325
2528,1791285958.8479195,-0.9584965919961734,-1.4368162069515307,0.1389600107621179,1.7327626536885743,-55.819191147840144,-54.12032480850114,4.044666402354282,77.85339417188639
2529,1791285958.8679194,-1.1165678810586734,-1.2260544882015307,-0.02869135642538212,1.658540513519191,-55.83826232014566,-54.14868228579418,4.046232336867849,77.88686236038266
2530,1791285958.893121,-1.3656499123086734,-1.2739548788265307,0.07189946388711789,1.868991773438787,-55.86338051070263,-54.183780361946575,4.047991226466179,77.92936269061082
2531,1791285958.913121,-1.2794292091836734,-1.2164744100765308,0.1293799326371179,1.7701661669607711,-55.884291872260114,-54.211191788564676,4.049479623243561,77.96348939355886
2532,1791285958.9388547,-1.0590874123086733,-1.1733640585140308,0.19644047951211788,1.5928082818450406,-55.9116756903524,-54.245783674408386,4.051736301106521,78.00728871078368
2533,1791285958.9588547,-1.2123686623086734,-1.0919333944515308,0.3640918466996179,1.6717413628009874,-55.93317293578919,-54.272033414220445,4.054067886094963,78.04107195576076
2534,1791285958.9530506,-1.4614506935586735,-0.9099119100765307,0.1916504404496179,1.73219736321436,-55.93317293578919,-54.272033414220445,4.054067886094963,78.04107195576076
2535,1791285958.9730506,-1.5045610451211735,-1.0392429647640307,0.11979985451211789,1.8325069941063732,-55.95656282540991,-54.296474931087786,4.05692820198639,78.07498177785483
2536,1791285958.9985998,-1.3369096779336733,-1.1589939413265307,0.07189946388711789,1.7708088479255963,-55.98740531638631,-54.327226765021095,4.0604013819110145,78.11865322329598
2537,1791285959.0185997,-1.3273295998086734,-1.0775632772640307,0.1724902841996179,1.7183420442913908,-56.01192373845952,-54.351043342968566,4.063078960812963,78.15292780180442
2538,1791285959.043634,-1.3800200294961735,-1.0392429647640307,0.20602055763711788,1.7398062224831998,-56.04309343580682,-54.38035752729345,4.0666384601506635,78.19583847633076
2539,1791285959.063634,-1.3800200294961735,-1.1206736288265307,0.1677002451371179,1.7856337912284517,-56.06839991938033,-54.40350380204578,4.069616192439969,78.23022735114955
2540,1791285959.0734367,-1.2794292091836734,-1.2308445272640307,0.11021977638711788,1.778782097592339,-56.080898368319886,-54.414875869974395,4.071061105747876,78.24716874283234
2541,1791285959.0934367,-1.3129594826211735,-1.2787449178890307,0.12458989357461789,1.8370013090939314,-56.10646167657662,-54.438361616850415,4.073919079185454,78.2819715774704
2542,1791285959.1180608,-1.3656499123086734,-1.2643748007015307,0.11500981544961789,1.8646368486350038,-56.13816121194224,-54.46763670751379,4.077352516378044,78.32522835142285
2543,1791285959.1380608,-1.2794292091836734,-1.3649656210140306,0.1677002451371179,1.878348641781293,-56.164013540777674,-54.491791641051925,4.080146956210823,78.36070043360223
2544,1791285959.163042,-1.1692583107461734,-1.3793357382015308,0.1581201670121179,1.8151402323635761,-56.1960489241079,-54.52257875249904,4.083724281106078,78.40525691882709
2545,1791285959.183042,-1.1788383888711733,-1.3122751913265307,0.1293799326371179,1.7687468139382334,-56.221371446992414,-54.547567085420354,4.0865899342527765,78.44093255188814
2546,1791285959.208385,-1.4375004982461734,-1.2595847616390308,0.21560063576211788,1.9233941583441185,-56.25361865866463,-54.57936980706692,4.0903321722441,78.48635574423318
2547,1791285959.228385,-1.5620415138711734,-1.1973142538265307,0.20602055763711788,1.9788834184060056,-56.27974931907576,-54.60438834092397,4.093474887634789,78.52264607207363
2548,1791285959.2384307,-1.3943901466836734,-1.2021042928890306,0.1533301279496179,1.8474005359660908,-56.29313315861738,-54.61687769125098,4.095087402310478,78.5410078264053
2549,1791285959.2584307,-1.1788383888711733,-1.2547947225765308,0.11500981544961789,1.7255135468990244,-56.3196418466591,-54.64169818270079,4.098218695398662,78.57743082145558
2550,1791285959.2833993,-1.2602690529336735,-1.2212644491390308,0.1772803232621179,1.7638574924094974,-56.352339592621455,-54.672673666783005,4.1020888781678,78.62260843167866
2551,1791285959.3033993,-1.4327104591836735,-1.1829441366390308,0.1533301279496179,1.864276325655615,-56.37864144416994,-54.69736975372813,4.105219822199341,78.6587967035786
2552,1791285959.3285685,-1.4710307716836735,-1.2308445272640307,0.12458989357461789,1.9220906386320635,-56.41225760020703,-54.728343364536386,4.109093584754348,78.7046315350436
2553,1791285959.3485684,-1.3560698341836734,-1.2739548788265307,0.028789112324617883,1.8608372420653279,-56.43920360135401,-54.7530210604917,4.1119401077960855,78.74125392610814
2554,1791285959.358123,-1.3848100685586735,-1.2356345663265307,0.10542973732461788,1.8589263398517892,-56.45210972195334,-54.76484034401041,4.113192181707919,78.75878858824628
2555,1791285959.378123,-1.4710307716836735,-1.1302537069515308,0.2395508310746179,1.8705051654530338,-56.47935658350035,-54.78941853185468,4.115937393834775,78.79555218268918
2556,1791285959.403714,-1.3991801857461734,-1.1494138632015307,0.23476079201211789,1.8259162222212497,-56.514499500860104,-54.82052552184487,4.119833479847413,78.84257542867073
2557,1791285959.423714,-1.4135503029336733,-1.2021042928890306,0.08626958107461788,1.8575848918757134,-56.542063965517926,-54.844717109812635,4.122903187452163,78.87931492494847
2558,1791285959.4484222,-1.4279204201211735,-1.2500046835140308,0.08626958107461788,1.8997133667016273,-56.576275066475404,-54.87466481029067,4.126446430972423,78.92484588890196
2559,1791285959.4684222,-1.4518706154336734,-1.1733640585140308,0.1341699716996179,1.8715536538069508,-56.604132946341295,-54.89890471820707,4.129214940952619,78.96181369430698
2560,1791285959.47842,-1.4087602638711734,-1.1685740194515306,0.1437500498246179,1.835983332392771,-56.61811501552435,-54.910960543497794,4.130599700310383,78.98029114662037
2561,1791285959.49842,-1.3416997169961735,-1.2021042928890306,0.08626958107461788,1.8035119356934233,-56.646015320656964,-54.935015859246384,4.133299325577888,79.01715751960823
2562,1791285959.52325,-1.3081694435586735,-1.2356345663265307,0.052739307637117885,1.8002448469948764,-56.68039270457252,-54.96494066001058,4.136407057533452,79.06276925486897
2563,1791285959.54325,-1.3033794044961735,-1.2068943319515306,0.057529346699617886,1.777273593539615,-56.7078465745247,-54.98909252957366,4.138700175777071,79.09936156184084
2564,1791285959.5688956,-1.3752299904336733,-1.1925242147640307,0.11021977638711788,1.8236008139101043,-56.74292156570772,-55.02003155738379,4.141522175277808,79.14616368666194
2565,1791285959.5888956,-1.3560698341836734,-1.2931150350765308,0.1916504404496179,1.8835609309094425,-56.77026915629946,-55.04426899419166,4.143845638030213,79.18274095947575
2566,1791285959.59806,-1.3177495216836734,-1.2595847616390308,0.2778711435746179,1.8439712432904887,-56.78275840289209,-55.0554636354719,4.145073304771247,79.19954141697986
2567,1791285959.6180599,-1.2985893654336733,-1.2787449178890307,0.3401416513871179,1.853973907058244,-56.80985065811014,-55.08003736359067,4.148277664366951,79.23621555420227
2568,1791285959.6434648,-1.3225395607461734,-1.2883249960140308,0.3449316904496179,1.8782625099196504,-56.84409667194096,-55.111461094710656,4.1530427632870515,79.28286217485129
2569,1791285959.6634648,-1.2219487404336735,-1.4511863241390308,0.3209814951371179,1.9240918875760724,-56.87082949134161,-55.13659788735663,4.157230249598569,79.31972161432167
2570,1791285959.6883886,-1.2411088966836734,-1.5278269491390308,0.3018213388871179,1.9914071910461848,-56.903750723298074,-55.16879297609651,4.162830093175417,79.36599850819802
2571,1791285959.7083886,-1.2937993263711733,-1.4032859335140306,0.22039067482461788,1.9213797536318782,-56.93000793951582,-55.19514921221536,4.167432942165119,79.40338656429898
2572,1791285959.7175758,-1.4758208107461734,-1.4607664022640308,0.3640918466996179,2.108186049723323,-56.9421686444624,-55.20741364791855,4.169632890875652,79.4207462195581
2573,1791285959.7375758,-1.3896001076211735,-1.7385886678890308,0.20602055763711788,2.235200994403421,-56.9689688727654,-55.23490671978855,4.174558831565915,79.45933095746565
2574,1791285959.7635841,-1.2554790138711733,-2.1936423788265307,-0.01911127830038212,2.5275798071303166,-57.00375224824617,-55.27296668855669,4.180368343378759,79.51103128761476
2575,1791285959.783584,-1.0255571388711735,-2.787607222576531,-0.17239252830038213,2.975271526476914,-57.029909436824816,-55.30531589006237,4.183878389195406,79.5524567467756
2576,1791285959.808196,-0.9489165138711734,-2.8786179647640306,-0.13886225486288212,3.034166551655534,-57.06091476157045,-55.34961270553943,4.186975384215662,79.60564290895745
2577,1791285959.828196,-0.9776567482461734,-2.687016402264031,-0.00474116111288212,2.859351734578297,-57.08522063896213,-55.38855787744021,4.188899137929585,79.65024566898259
2578,1791285959.8382597,-1.0782475685586734,-2.308603316326531,0.03357915138711788,2.5482140119433505,-57.09716813770657,-55.40898550196493,4.189743704045956,79.67305840751996
2579,1791285959.8582597,-0.9249663185586734,-2.208012496014031,0.20123051857461788,2.402368746597388,-57.12035522759119,-55.45026771498754,4.191522598675844,79.71847986938289
2580,1791285959.8837557,-0.7525249123086734,-2.025991011639031,0.4072021982621179,2.1992605469013493,-57.14868802382207,-55.50309661199933,4.194613620927178,79.77569216117115
2581,1791285959.9037557,-0.4459624123086734,-1.9014499960140308,0.3736719248246179,1.9884730996259576,-57.16937722481582,-55.544212516125384,4.197845933339005,79.81929056806908
2582,1791285959.928767,-0.6231938576211734,-2.045151167889031,0.1772803232621179,2.1453303234491763,-57.193375032948424,-55.595321175906314,4.202315323454477,79.87228141470234
2583,1791285959.948767,-1.0303471779336735,-1.9924607382015307,-0.03348139548788212,2.243353762605062,-57.21216646279847,-55.63611574040584,4.205568830804366,79.91430519773935
2584,1791285959.9740915,-1.1117778419961735,-1.8008591757015306,-0.15802241111288212,2.122289995046858,-57.2364602316622,-55.68722757748361,4.208706835566385,79.96744905488009
2585,1791285959.9940915,-1.1261479591836734,-1.7337986288265308,-0.18676264548788213,2.075848548676888,-57.25612513202498,-55.72684011026274,4.210296150414438,80.0091942684282
2586,1791285960.0031447,-1.2315288185586735,-1.6379978475765307,-0.24424311423788214,2.0638204569338123,-57.265292295591344,-55.744370957257885,4.210615009833748,80.02798181811738
2587,1791285960.0231447,-1.3896001076211735,-1.5469871053890307,-0.34483393455038214,2.107858630401528,-57.286437910768,-55.782067521471625,4.210330143261389,80.069356843861
2588,1791285960.0481057,-1.4997710060586735,-1.4895066366390308,-0.26340327048788215,2.1300996160061803,-57.31427921296793,-55.827742211392504,4.2088892790455406,80.12102190490963
2589,1791285960.0681057,-1.5093510841836735,-1.1302537069515308,-0.18197260642538213,1.894393878498702,-57.3377545434205,-55.86277914163363,4.207239898071911,80.16214229340683
2590,1791285960.0932217,-1.5428813576211735,-0.7183103475765307,-0.22508295798788214,1.7167163356556745,-57.368562288825956,-55.90366073381221,4.204712530434665,80.21253536693423
2591,1791285960.1132216,-1.5668315529336734,-0.6943601522640307,-0.22508295798788214,1.7285136604311953,-57.394079372647276,-55.93345083656213,4.202326609101547,80.25142253224806
2592,1791285960.1228392,-1.7153227638711734,-0.5889792928890306,0.01920903419961788,1.8137248354426825,-57.40687687929569,-55.94655314663015,4.201202870468215,80.26964823382595
2593,1791285960.1428392,-1.8063335060586734,-0.16745585538903063,0.1437500498246179,1.8197654451711274,-57.434780194486756,-55.97084740373941,4.199460991695458,80.3064456174127
2594,1791285960.16817,-1.7775932716836735,0.2875978555484694,0.00483891701211788,1.8007147972871758,-57.471628541888634,-55.996773364360216,4.197868046578386,80.35078599872458
2595,1791285960.18817,-1.7680131935586734,0.28280781648596937,-0.15802241111288212,1.7974487464395277,-57.50167659402381,-56.013317176525454,4.196569214895091,80.38374030497182
2596,1791285960.21328,-1.8302837013711735,0.23490742586096938,-0.13886225486288212,1.8505141588367255,-57.54051965706529,-56.02999735308653,4.194624024333851,80.42304941058576
2597,1791285960.23328,-1.8829741310586734,0.45524922273596946,-0.052641551737882125,1.9379408055993976,-57.57238708033549,-56.04025493708581,4.193019835418591,80.45291382468235
2598,1791285960.2434793,-1.8302837013711735,0.6612209024234694,-0.11491205955038213,1.94945025346552,-57.58904113444522,-56.043847260752656,4.192196296191337,80.46729139443676
2599,1791285960.2634792,-1.8350737404336734,0.5558400430484695,-0.12449213767538213,1.9214453098197575,-57.622297777898574,-56.048009277462924,4.190464533096035,80.49390373298166
2600,1791285960.2882855,-1.9308745216836734,0.4935695352359694,-0.08617182517538212,1.994821517844206,-57.66436559514784,-56.05044476015562,4.188246858344223,80.52560356215008
2601,1791285960.3082855,-1.8877641701211734,0.5414699258609694,-0.09096186423788212,1.9659901585081236,-57.69892305207305,-56.050561263581486,4.1864613629306575,80.55034201091178
2602,1791285960.3324015,-1.7967534279336734,0.6181105508609693,-0.11012202048788212,1.903289361414441,-57.741006315695294,-56.04858333512207,4.184267649376147,80.57900222753383
2603,1791285960.3524015,-1.8015434669961734,0.6516408242984694,-0.06222162986288212,1.916785371029259,-57.776069273976134,-56.04528441990306,4.182462732002339,80.60174365957418
2604,1791285960.36245,-1.9021342873086735,0.6851710977359694,-0.04306147361288212,2.0222335598633756,-57.79383435401812,-56.04286813469457,4.181612585056936,80.61275483392163
2605,1791285960.3824499,-1.9404545998086735,0.6276906289859694,-0.07659174705038212,2.040888501450207,-57.82965340384314,-56.0368109441617,4.179994816765616,80.63414506441136
2606,1791285960.4084814,-1.9596147560586734,0.6851710977359694,0.06710942482461789,2.0770298746613873,-57.87689578296909,-56.02754645325057,4.178186502786223,80.66150426006126
2607,1791285960.4284813,-2.0027251076211736,0.9438332071109694,0.2443408701371179,2.2274270897968766,-57.91369113428152,-56.019052731858395,4.1774727502433455,80.68197548616862
2608,1791285960.4532151,-1.9739848732461736,1.1162746133609693,0.3257715341996179,2.2910286739221895,-57.95974685006795,-56.00630267534499,4.177780040728447,80.70620818967414
2609,1791285960.473215,-1.8925542091836736,1.0923244180484695,0.3066113779496179,2.2065685137905713,-57.99720159487388,-55.99422643128531,4.17893982060212,80.7247937408248
2610,1791285960.4832609,-1.9212944435586734,1.0779543008609693,0.2491309091996179,2.2170755565638087,-58.01606620709922,-55.98743537471025,4.17985369770482,80.7336858747208
2611,1791285960.5032609,-1.8877641701211734,1.0396339883609693,0.2874512216996179,2.1741942407717905,-58.05370349508798,-55.97276680624484,4.18220508183268,80.75069010719575
2612,1791285960.5281856,-1.8063335060586734,1.0348439492984693,0.27308110451211787,2.0995990150863166,-58.10047837698997,-55.953350407078865,4.185743745154498,80.7710558313591
2613,1791285960.5481856,-1.7919633888711735,0.8959328164859693,0.3305615732621179,2.0305416401612324,-58.137778727802186,-55.93721124712784,4.18906276137437,80.7868873291169
2614,1791285960.5730362,-1.9356645607461735,0.8001320352359694,0.4455225107621179,2.1413777978524275,-58.18412109676844,-55.91700472620448,4.194014608371454,80.80651659296434
2615,1791285960.5930362,-1.8542338966836736,0.8480324258609694,0.3593018076371179,2.0703719781463574,-58.22150816359813,-55.9007094581823,4.198609339180063,80.8224081004463
2616,1791285960.6176317,-1.6195219826211735,0.9438332071109694,0.1389600107621179,1.8796229567734064,-58.266997134389435,-55.880370469147365,4.204331380746555,80.84141983653697
2617,1791285960.6376317,-1.5620415138711734,0.9486232461734694,0.1629102060746179,1.8347750514656864,-58.303210665389614,-55.86347382952535,4.208739161861806,80.85607934798381
2618,1791285960.647634,-1.7967534279336734,0.7091212930484694,0.7520850107621179,2.072874273191501,-58.32112477991239,-55.85504744193688,4.211299324839468,80.86331035975786
2619,1791285960.667634,-2.2901274513711734,0.4121388711734694,1.6909326670121179,2.8764206015505938,-58.35770183099937,-55.83904410889582,4.2193150875060255,80.87906298788764
2620,1791285960.6930583,-1.7584331154336734,0.7282814492984694,1.422690479512118,2.376242641512115,-58.404944348933256,-55.81957743221222,4.2339134832239935,80.90048684956199
2621,1791285960.7130582,-1.4039702248086734,0.8959328164859693,0.675444385762118,1.797234854453742,-58.44127677863,-55.804124670492904,4.2468219367729425,80.91673904896939
2622,1791285960.7384672,-1.6865825294961734,0.4839894571109694,0.2635010263871179,1.774327820416325,-58.486401130398114,-55.784807816991396,4.262550877573898,80.93684723504124
2623,1791285960.7584672,-1.5285112404336734,-0.12434550382653063,0.1820703623246179,1.5443309338645583,-58.5214143979135,-55.7713443320128,4.27374274596748,80.95346607027376
2624,1791285960.7680023,-1.3225395607461734,-0.4788083944515306,0.21081059669961788,1.4222550671439997,-58.537642084482286,-55.76631970912862,4.2785591115538635,80.96199122293596
2625,1791285960.7880023,-1.3512797951211735,-0.3303171835140306,0.1820703623246179,1.402931268189707,-58.57058498177584,-55.75857504892797,4.287735480089781,80.98096561625812
2626,1791285960.813439,-1.2267387794961735,-0.29678691007653063,0.04315922951211788,1.2628670643439142,-58.6111163814856,-55.751398976912725,4.298085350042215,81.00589477959738
2627,1791285960.8334389,-1.1165678810586734,-0.3542673788265306,-0.01911127830038212,1.1715777608297075,-58.64171955196684,-55.747579597376586,4.305038515657559,81.02578145009564
2628,1791285960.8580737,-1.0926176857461734,-0.4931785116390306,0.08626958107461788,1.2018655882279863,-58.67784222856899,-55.745146529133955,4.312442434786823,81.05064891725914
2629,1791285960.8780737,-1.0590874123086733,-0.5123386678890306,0.3209814951371179,1.219502430397516,-58.70599728272218,-55.74497579422989,4.318162599730027,81.07122159864107
2630,1791285960.8884888,-0.9441264748086734,-0.4931785116390306,0.4263623545121179,1.1473380940778786,-58.72002464182583,-55.74568566035598,4.3212783537171315,81.08203383173215
2631,1791285960.9084888,-0.9105962013711734,-0.4788083944515306,0.4311523935746179,1.1154977844146465,-58.745702845082874,-55.748302316537746,4.327650306283623,81.10277042809538
2632,1791285960.932564,-0.9297563576211734,-0.3398972616390306,0.3449316904496179,1.0483104998439794,-58.77529980487865,-55.752457970941315,4.335571420277071,81.12748989396424
2633,1791285960.952564,-0.9584965919961734,-0.2584665975765306,0.3976221201371179,1.069403595165737,-58.799031130730086,-55.756289898681516,4.342278491923472,81.14767592284946
2634,1791285960.9778779,-1.0159770607461733,-0.21056620695153064,0.42157231544961793,1.1199422898640539,-58.82831085167074,-55.76130291627383,4.351049499383852,81.17280759175044
2635,1791285960.9978778,-1.0159770607461733,-0.13871562101403062,0.4072021982621179,1.1032973496502396,-58.85102211438033,-55.76519342256388,4.35818299114266,81.19232328457863
2636,1791285961.007941,-1.1117778419961735,-0.028544722576530616,0.4455225107621179,1.1980630529051552,-58.86234128229762,-55.766983572205554,4.361877463550731,81.20195596771887
2637,1791285961.027941,-1.2267387794961735,0.004985550860969386,0.4982129404496179,1.3240577868313013,-58.88497082610604,-55.77004305845869,4.369534236140411,81.22087368019689
2638,1791285961.0529177,-1.2794292091836734,-0.023754683514030615,0.5509033701371179,1.3931970103074605,-58.9136870507458,-55.77332589935692,4.379627254663708,81.24449235904477
2639,1791285961.0729177,-1.2267387794961735,0.1343166055484694,0.5030029795121179,1.3326443565497483,-58.93699150568354,-55.775394466071226,4.388077752896941,81.26326859013444
2640,1791285961.0983744,-1.3369096779336733,0.36902851961096944,0.517373096699618,1.4802649953395284,-58.96709945987795,-55.77667145610564,4.399168579220813,81.28658303571316
2641,1791285961.1183743,-1.4183403419961735,0.5845802774234694,0.5604834482621179,1.6332682334087432,-58.99133844832493,-55.77609381930278,4.40819182572634,81.3042607053092
2642,1791285961.1285553,-1.4087602638711734,0.7139113321109694,0.555693409199618,1.6742371505275861,-59.00398512827601,-55.77485239029808,4.4129483819992075,81.31284359558178
2643,1791285961.1485553,-1.4279204201211735,0.6708009805484694,0.5652734873246179,1.6758474862516433,-59.02935736423195,-55.770702405996595,4.422572250476747,81.32893349235022
2644,1791285961.1880496,-1.4231303810586735,0.5989503946109694,0.6131738779496179,1.661331953974465,-59.08038988775655,-55.75997552941673,4.442216638325767,81.35969904683951
2645,1791285961.2080495,-1.4518706154336734,0.5941603555484695,0.6706543466996179,1.7060867694265518,-59.10666891192155,-55.75356856988103,4.452598142759041,81.37496143385164
2646,1791285961.2181253,-1.3943901466836734,0.6803810586734694,0.637124073262118,1.6772505331345882,-59.12007305243645,-55.74986181482769,4.458032003017891,81.38245621408669
2647,1791285961.2381253,-1.4039702248086734,0.7809718789859694,0.574853565449618,1.7063135965074916,-59.14688616296065,-55.74141572049377,4.469018020590529,81.39675479629085
2648,1791285961.2480278,-1.4854008888711734,0.7139113321109694,0.5413232920121179,1.7346804020483335,-59.160316507842,-55.736750905150664,4.474470517239099,81.40361992676061
2649,1791285961.2680278,-1.5045610451211735,0.6516408242984694,0.4551025888871179,1.7016045571166833,-59.1878578634762,-55.726694301436765,4.485325676467346,81.41735148392401
2650,1791285961.2933993,-1.5285112404336734,0.5750001992984695,0.3832520029496179,1.6774546012009566,-59.22332701726563,-55.7135162124861,4.498625984224461,81.43485732472844
2651,1791285961.3133993,-1.3560698341836734,0.6564308633609693,0.1724902841996179,1.5164365373133912,-59.25141967767291,-55.70283920565682,4.5083713504878045,81.4485263318182
2652,1791285961.3383205,-1.2890092873086734,0.5989503946109694,0.03836919044961788,1.4218856187290205,-59.28611793685465,-55.68918422346275,4.519087280981904,81.4650303464655
2653,1791285961.3583205,-1.3848100685586735,0.5175197305484694,0.09105962013711788,1.4811540945856898,-59.31379808187144,-55.67819477286053,4.526591296711687,81.47808321769159
2654,1791285961.3835304,-1.3704399513711734,0.5989503946109694,4.887794961788039e-05,1.4956093199455243,-59.34866466534032,-55.66430947666241,4.534803526460697,81.49444024040085
2655,1791285961.4035304,-1.3512797951211735,0.5989503946109694,-0.07180170798788213,1.479815578096586,-59.376259086266444,-55.65314925108006,4.54023371190733,81.50721984463199
2656,1791285961.4131737,-1.3943901466836734,0.5318898477359695,0.04315922951211788,1.49301487279437,-59.38955422277384,-55.6477574506008,4.542438510709429,81.51334742043333
2657,1791285961.4331737,-1.3560698341836734,0.6324806680484694,0.10542973732461788,1.500024206521452,-59.41711760376695,-55.63650581357555,4.546548183807089,81.52598201721693
2658,1791285961.4589639,-1.2842192482461734,0.5845802774234694,0.11500981544961789,1.4156907981505786,-59.452436438362035,-55.62181894145373,4.5514791242669395,81.54198245708757
2659,1791285961.4789639,-1.3081694435586735,0.5462599649234694,0.04315922951211788,1.4182982625071776,-59.479605925828494,-55.610441623731546,4.554966676582926,81.55423017908444
2660,1791285961.5030127,-1.2698491310586735,0.5270998086734694,-0.023901317362882122,1.3751081037233972,-59.51202505508593,-55.59687717296517,4.5585659520377435,81.56883228955793
2661,1791285961.5230126,-1.1309379982461734,0.4121388711734694,-0.09096186423788212,1.207126035571611,-59.53854315758799,-55.58587967182851,4.56093796779253,81.58082063429502
2662,1791285961.5335512,-1.1836284279336735,0.30196797273596937,-0.12928217673788212,1.2283626472638671,-59.55224976826412,-55.580389575812795,4.561826290487755,81.58713389355836
2663,1791285961.5535512,-1.2123686623086734,0.24927754304846939,-0.09575190330038212,1.2414288114112904,-59.57795415890873,-55.570706528398766,4.562921710188002,81.59936458306373
2664,1791285961.5784729,-1.1932085060586735,0.1774269571109694,-0.08138178611288212,1.2090698322062923,-59.60967583614069,-55.559652958054365,4.563750862517662,81.61504954384543
2665,1791285961.5984728,-1.1596782326211734,0.11994648836096938,-0.08138178611288212,1.1687017405636133,-59.63484369308826,-55.55166684883606,4.564072312886969,81.6280161957915
2666,1791285961.6230085,-1.0447172951211734,0.014565628985969387,0.00483891701211788,1.0448300337331944,-59.66514435977668,-55.54309167696113,4.564266658310031,81.64433240976658
2667,1791285961.6430085,-1.1069878029336735,-0.11955546476403063,0.12458989357461789,1.1203741100988542,-59.689366292607815,-55.537307694868325,4.564595457167553,81.65811978055325
2668,1791285961.6681066,-1.2554790138711733,-0.14350566007653062,0.057529346699617886,1.2649628668370545,-59.7196500976929,-55.531633271525024,4.565288990247259,81.67643947405206
2669,1791285961.6881065,-1.2985893654336733,-0.3207371053890306,-0.06222162986288212,1.3390586850521369,-59.74399368539755,-55.528486110561374,4.565751710813691,81.69212715982138
2670,1791285961.6986024,-1.3369096779336733,-0.5458689413265306,-0.13886225486288212,1.450718137297273,-59.756927426342415,-55.527764422739565,4.565799827713401,81.70109867860508
2671,1791285961.7186024,-1.4183403419961735,-0.7422605428890307,-0.03348139548788212,1.6011748946031963,-59.7820087976232,-55.52852771298279,4.5656192463851415,81.71995377478844
2672,1791285961.7433493,-1.4422905373086734,-0.7326804647640307,-0.08138178611288212,1.619767159985626,-59.8136973600867,-55.53206801469246,4.565216133019896,81.74552078379375
2673,1791285961.7633493,-1.3848100685586735,-0.7662107382015307,-0.21550287986288214,1.597253678207068,-59.83970659859444,-55.536748374544786,4.564493886019086,81.76769233785967
2674,1791285961.7733853,-1.3464897560586735,-1.0248728475765307,-0.20592280173788213,1.7046416682535224,-59.85285616813693,-55.54009283617507,4.563868619120561,81.77955245969022
2675,1791285961.7933853,-1.2794292091836734,-1.1302537069515308,-0.10533198142538212,1.7104114621052544,-59.87906912160553,-55.54899071231126,4.56234259670137,81.80469581873727
2676,1791285961.8185549,-1.2315288185586735,-0.9626023397640308,-0.09096186423788212,1.5657396195425788,-59.911849354360285,-55.56245958276501,4.560339648062727,81.83772544280326
2677,1791285961.8385549,-1.2123686623086734,-0.9913425741390307,-0.14844233298788212,1.5730966273155653,-59.93765552439884,-55.574487601763906,4.558627716496953,81.86468902168825
2678,1791285961.8623526,-1.2315288185586735,-1.1254636678890306,-0.02869135642538212,1.6685787043505862,-59.96811796777035,-55.59043094665148,4.5565801059853905,81.89770209043175
2679,1791285961.8823526,-1.0447172951211734,-1.2883249960140308,-0.02869135642538212,1.6589269772998996,-59.99329325785401,-55.605440795305775,4.55503131620331,81.92623872883901
2680,1791285961.8929808,-0.9393364357461734,-1.3793357382015308,-0.03827143455038212,1.6692467525512311,-60.00624645699865,-55.61434717990528,4.5542783508104705,81.94172732742312
2681,1791285961.9129808,-1.0255571388711735,-1.4224460897640308,-0.01911127830038212,1.753706236612302,-60.0299126077296,-55.632795728484396,4.552987898728657,81.97150765397019
2682,1791285961.9375603,-1.1884184669961735,-1.4751365194515307,0.07668950294961789,1.8958500688555966,-60.058716383056755,-55.65740924101423,4.551745996133019,82.00923733711647
2683,1791285961.9575603,-1.1788383888711733,-1.6236277303890307,0.1485400888871179,2.0119371540809152,-60.082188875062705,-55.679080873608065,4.551224900735886,82.04110625196112
2684,1791285961.983632,-1.0303471779336735,-1.8343894491390307,0.21081059669961788,2.1144836404827845,-60.11251742290053,-55.70985592094836,4.551350168526098,82.08421033309565
2685,1791285962.003632,-1.0399272560586734,-1.8870798788265308,0.19644047951211788,2.163586843405327,-60.13539841597572,-55.73550484186492,4.552042724820586,82.11841289013248
2686,1791285962.0278876,-0.9345463966836735,-1.9254001913265308,0.06231938576211788,2.1411274063344403,-60.162577414666444,-55.76888082187462,4.55322738015174,82.16103497933526
2687,1791285962.0478876,-0.9010161232461734,-2.088261519451531,0.06710942482461789,2.2753395137587424,-60.184379724823785,-55.79829356151513,4.554251813618828,82.19702145954348
2688,1791285962.0584369,-0.7860551857461734,-2.222382613201531,-0.02869135642538212,2.357475435382614,-60.19548951018047,-55.81489121786784,4.554741510534314,82.2164503567288
2689,1791285962.0784369,-0.9297563576211734,-2.2559128866390306,-0.19155268455038213,2.447505315132021,-60.215966407997314,-55.848355425129284,4.5552002809583785,82.25418690705216
2690,1791285962.1030924,-1.0638774513711735,-2.222382613201531,-0.16760248923788212,2.4695971949682853,-60.24110996000303,-55.89170245862709,4.555016871141899,82.30201644937544
2691,1791285962.1230924,-0.9153862404336734,-2.2702830038265307,0.023999073262117882,2.4479977210276056,-60.26141529206438,-55.9283291616892,4.554675005444877,82.34173449852833
2692,1791285962.147758,-0.6567241310586734,-2.3373435507015308,0.22997075294961788,2.43871851707675,-60.28560942093222,-55.97524826089999,4.554786455229556,82.39131750843241
2693,1791285962.167758,-0.6231938576211734,-2.1361619100765306,0.20123051857461788,2.2342900464900213,-60.30420433731069,-56.01429602390858,4.555510069773515,82.43149332509991
2694,1791285962.1778066,-0.7908452248086734,-1.9924607382015307,0.22518071388711788,2.1554680041197507,-60.31321130059502,-56.034083562909224,4.55614046531591,82.45156392734468
2695,1791285962.1978066,-0.8579057716836734,-1.8248093710140307,0.2778711435746179,2.0354714259994533,-60.33092214992537,-56.07328546024252,4.557961527693393,82.49126331348147
2696,1791285962.222774,-0.8195854591836734,-1.6954783163265308,0.21081059669961788,1.8949427837588155,-60.35285662960375,-56.12147519571743,4.560808972318545,82.54022207371999
2697,1791285962.242774,-0.7860551857461734,-1.6332078085140307,0.11979985451211789,1.8164808025329577,-60.37019997619507,-56.15927995348719,4.563243673714796,82.57874401373292
2698,1791285962.2680376,-0.7573149513711734,-1.7098484335140307,0.06231938576211788,1.8710936125705937,-60.391745884218345,-56.20620529992808,4.56620289037101,82.62657377622347
2699,1791285962.2880375,-0.9201762794961734,-1.7529587850765307,0.057529346699617886,1.9806308371971015,-60.40876048162539,-56.242975835934686,4.568373936866954,82.66414406642679
2700,1791285962.298454,-0.9441264748086734,-1.7816990194515308,0.07668950294961789,2.0178472380762273,-60.41774934223495,-56.26201563505154,4.569439920369801,82.68372645258428
2701,1791285962.318454,-1.0974077248086733,-1.6571580038265308,0.1724902841996179,1.9950511928918881,-60.435481670985396,-56.298247312334766,4.571553399657491,82.72145547396238
2702,1791285962.343712,-1.2554790138711733,-1.4895066366390308,0.3114014170121179,1.9727717600827033,-60.45897397419113,-56.343101785176735,4.574738816214291,82.76932335124701
2703,1791285962.363712,-1.0542973732461733,-1.4224460897640308,0.22039067482461788,1.7842275300724437,-60.478250170720706,-56.37765909052834,4.577680453707331,82.80709116118236
2704,1791285962.3874278,-0.8291655373086734,-1.4799265585140307,4.887794961788039e-05,1.6963779382097073,-60.50102910646686,-56.417652470998135,4.581037479461013,82.85114324901075
2705,1791285962.4074278,-0.7860551857461734,-1.5278269491390308,-0.052641551737882125,1.7189848965372854,-60.519780400154254,-56.45083227167098,4.583364983776034,82.88755949128752
2706,1791285962.418452,-0.8626958107461734,-1.4895066366390308,-0.023901317362882122,1.7214660482979025,-60.52992916985865,-56.468872805428006,4.584392203546859,82.90731314606482
2707,1791285962.438452,-1.0686674904336735,-1.4128660116390308,0.08626958107461788,1.7736073445307383,-60.548476177252475,-56.501045862887665,4.586069785655778,82.94286097709886
2708,1791285962.463354,-0.9728667091836735,-1.3649656210140306,0.1293799326371179,1.6811721944397229,-60.57191811354535,-56.54028395134552,4.588247998237948,82.98682421292044
2709,1791285962.483354,-0.7908452248086734,-1.3649656210140306,0.21081059669961788,1.5915427810253007,-60.590566845387514,-56.57116561027194,4.590245289486768,83.02158707810784
2710,1791285962.5077317,-0.7285747169961734,-1.3697556600765308,0.1724902841996179,1.5610267725766307,-60.612665816919254,-56.60816044377763,4.593015375964376,83.06307769704809
2711,1791285962.5277317,-0.8147954201211735,-1.4176560507015308,0.11021977638711788,1.6388375922732328,-60.630391837251366,-56.638140322238854,4.595371191735186,83.09657507918173
2712,1791285962.5382109,-0.9297563576211734,-1.4942966757015308,0.08626958107461788,1.762047638450342,-60.639657535015594,-56.65378099127172,4.596574823184137,83.11406298982192
2713,1791285962.5582108,-0.8914360451211734,-1.4607664022640308,0.10063969826211788,1.7142418304868683,-60.65742067209978,-56.68358678003507,4.598807787422022,83.14746373707077
2714,1791285962.5833244,-0.7716850685586734,-1.4080759725765308,0.052739307637117885,1.6065357836518273,-60.679512290341954,-56.72080285950417,4.601479985523946,83.1890996878658
2715,1791285962.6033244,-0.6327739357461734,-1.4847165975765306,0.028789112324617883,1.6141917611818526,-60.69657332078034,-56.75033449714235,4.603411152745156,83.2217872474728
2716,1791285962.628166,-0.7764751076211734,-1.4511863241390308,0.09584965919961788,1.6486486882571885,-60.717211383998425,-56.78698294616195,4.605682231388105,83.26195709442194
2717,1791285962.648166,-1.0351372169961734,-1.3266453085140306,0.1485400888871179,1.6892486467715355,-60.73405218520229,-56.81622957048611,4.607602998260098,83.29429177819227
2718,1791285962.6578202,-0.9824467873086734,-1.2979050741390308,0.12458989357461789,1.6325691142949847,-60.74242296585025,-56.83013003958563,4.6085888687719105,83.3099316974863
2719,1791285962.6778202,-0.7812651466836734,-1.3937058553890307,0.052739307637117885,1.5986158623441638,-60.75980842725026,-56.85864443675035,4.610590856780602,83.34217009023452
2720,1791285962.7183337,-0.7333647560586734,-1.4607664022640308,0.03357915138711788,1.6348669385672576,-60.79434539122377,-56.91641462152651,4.614300211701924,83.40696884170195
2721,1791285962.7383337,-0.8339555763711733,-1.4224460897640308,0.1293799326371179,1.6539570576694977,-60.81118851662616,-56.944980536749256,4.616101142361423,83.43883895939533
2722,1791285962.7483459,-0.9920268654336734,-1.3170652303890307,0.1533301279496179,1.655985582962278,-60.819726699722565,-56.95919294263679,4.617079758724594,83.4548155710855
2723,1791285962.7683458,-0.9201762794961734,-1.3889158163265307,0.06710942482461789,1.6674277210990898,-60.83709228520078,-56.987383657686486,4.619072045123393,83.48682243578581
2724,1791285962.7931728,-0.8531157326211734,-1.5278269491390308,-0.00474116111288212,1.7498811726428565,-60.85871747386779,-57.022560101438934,4.621290334718231,83.52671535170072
2725,1791285962.8131728,-0.8243754982461734,-1.5038767538265307,0.052739307637117885,1.7158151670207644,-60.876041288981675,-57.0511942877593,4.622881278252884,83.55897440724296
2726,1791285962.8230326,-0.7812651466836734,-1.4128660116390308,0.09105962013711788,1.6170520865720313,-60.88448804083834,-57.06535009959959,4.6236542874305115,83.57483619460186
2727,1791285962.8430326,-0.8674858498086734,-1.4368162069515307,0.11979985451211789,1.6826540099848168,-60.90152481126424,-57.094031661946836,4.625303376502698,83.60692320063637
2728,1791285962.8686807,-0.9632866310586734,-1.4703464803890307,0.10542973732461788,1.760952962313621,-60.92361736499076,-57.130888128352524,4.627534213094286,83.64830903289972
2729,1791285962.8886807,-0.8866460060586734,-1.4463962850765308,0.11979985451211789,1.7007514100197332,-60.9410355606198,-57.15969229601561,4.629350691470229,83.68076915516808
2730,1791285962.9128466,-0.7333647560586734,-1.3984958944515307,0.09584965919961788,1.5820245855850241,-60.96186109799805,-57.19443182481398,4.631607158154461,83.71979052268567
2731,1791285962.9328465,-0.7525249123086734,-1.4224460897640308,0.08147954201211788,1.6112993321219562,-60.978740088468875,-57.22310147896119,4.633460510196993,83.75177038097813
2732,1791285962.9429,-0.8818559669961734,-1.4511863241390308,0.057529346699617886,1.6990942644911122,-60.98718430134976,-57.23751788723097,4.634357204813153,83.76781822155624
2733,1791285962.9629,-0.9249663185586734,-1.4032859335140306,0.04315922951211788,1.681260485694709,-61.00417343644239,-57.26617729448903,4.636024520548245,83.7998625413104
2734,1791285962.9880273,-0.8243754982461734,-1.4176560507015308,0.028789112324617883,1.6401745191252446,-61.02561313761097,-57.302099356136786,4.637940664333585,83.84012489880848
2735,1791285963.0080273,-0.7621049904336734,-1.5374070272640308,0.047949268574617884,1.7166023174519993,-61.04249791486828,-57.330835065870225,4.639352141462121,83.87213356848152
2736,1791285963.0331147,-0.8387456154336734,-1.4942966757015308,0.06710942482461789,1.7149112039176106,-61.06351277845774,-57.36717777981724,4.6410735665578375,83.91236644926796
2737,1791285963.0531147,-1.0111870216836734,-1.3937058553890307,0.11021977638711788,1.7254169360690745,-61.08052800891143,-57.396136748299895,4.642506052025531,83.94462625993428
2738,1791285963.0624602,-1.0447172951211734,-1.3697556600765308,0.1629102060746179,1.7303769907971696,-61.08872722503401,-57.40957578093185,4.643266455296896,83.95982318166264
2739,1791285963.0824602,-0.9920268654336734,-1.4320261678890307,0.1533301279496179,1.7488071292735938,-61.10669711786813,-57.438224714466564,4.6451240264914855,83.99259055551221
2740,1791285963.1080215,-0.9728667091836735,-1.4320261678890307,0.06231938576211788,1.7323545495072827,-61.129985746262406,-57.4748383779156,4.6475554348897825,84.03470696935963
2741,1791285963.1280215,-0.9680766701211734,-1.4368162069515307,0.00483891701211788,1.732523208187796,-61.14838564304593,-57.5034921550984,4.649273220303731,84.06778466368173
2742,1791285963.1528819,-1.0111870216836734,-1.4128660116390308,0.028789112324617883,1.7376761414759423,-61.171516765188784,-57.53908011170169,4.65115087653215,84.10905663441282
2743,1791285963.1728818,-1.0399272560586734,-1.4128660116390308,0.11500981544961789,1.7580859826493864,-61.190410917897744,-57.567654401072616,4.652650550376198,84.14242912280599
2744,1791285963.1835558,-0.9920268654336734,-1.3745456991390308,0.1820703623246179,1.704887913500704,-61.200608844645444,-57.58284845907736,4.6535686980839275,84.16029147551801
2745,1791285963.2035558,-0.9632866310586734,-1.3553855428890307,0.1677002451371179,1.6712613427193277,-61.219783576459484,-57.61114222264763,4.655555644712526,84.19370408592133
2746,1791285963.22842,-0.9632866310586734,-1.4655564413265307,0.11021977638711788,1.757249332165723,-61.24363878099698,-57.646301607867635,4.658173578930969,84.23525367263953
2747,1791285963.24842,-0.9537065529336735,-1.4799265585140307,0.08147954201211788,1.762491907348887,-61.262824390332945,-57.674758769933156,4.6602510442630125,84.26879251090708
2748,1791285963.2735734,-0.9680766701211734,-1.4176560507015308,0.08626958107461788,1.7188262151661378,-61.28695965262531,-57.71064636206762,4.662788356741042,84.31104152037211
2749,1791285963.2935734,-1.1117778419961735,-1.3745456991390308,0.1389600107621179,1.773340275741315,-61.3063913054361,-57.739089374593924,4.664841049436969,84.34474968081362
2750,1791285963.3043556,-0.9584965919961734,-1.4416062460140306,0.1581201670121179,1.7383746065307344,-61.31696994202956,-57.75440059553521,4.666021926341683,84.36298567285546
2751,1791285963.3243556,-0.7908452248086734,-1.4751365194515307,0.1389600107621179,1.6795159437210667,-61.33627291879413,-57.78291637236704,4.668329393521607,84.39666521487196
2752,1791285963.3478026,-0.8914360451211734,-1.4320261678890307,0.08147954201211788,1.6887853871427019,-61.35846667367626,-57.81644467059603,4.671016433665924,84.43589936405195
2753,1791285963.3678026,-1.0399272560586734,-1.4128660116390308,0.1389600107621179,1.7598150327035826,-61.377455023151214,-57.84502128244811,4.673295297878987,84.46939186017029
2754,1791285963.3932695,-0.8914360451211734,-1.4320261678890307,0.19644047951211788,1.6982184871362023,-61.401695910371274,-57.881384835790996,4.6764024366473045,84.51208026624431
2755,1791285963.4132695,-0.9105962013711734,-1.4416062460140306,0.2970312998246179,1.730792189598098,-61.42058052451943,-57.909969116433906,4.679216758221605,84.54553391224002
2756,1791285963.4386735,-1.0447172951211734,-1.4607664022640308,0.3257715341996179,1.8252122619584479,-61.44469513176245,-57.946360593005,4.6834419220147705,84.58821368279791
2757,1791285963.4586735,-1.1261479591836734,-1.5374070272640308,0.3114014170121179,1.931010211255117,-61.464088582590996,-57.97521051322233,4.68722510072363,84.62227424553119
2758,1791285963.4682806,-1.0207670998086733,-1.7050583944515307,0.23476079201211789,2.001075268451339,-61.47355386911873,-57.989326264768856,4.689163303594184,84.63892744139086
2759,1791285963.4882805,-0.9058061623086734,-1.9445603475765307,0.23476079201211789,2.1579880394732225,-61.493192808569255,-58.01977889448816,4.693297288068123,84.67428502320735
2760,1791285963.512999,-0.9584965919961734,-2.0212009725765308,0.1772803232621179,2.2439691177528522,-61.51728047605954,-58.059122628414144,4.698404075386759,84.71902099532913
2761,1791285963.532999,-0.9345463966836735,-2.1505320272640307,0.1485400888871179,2.3495167856070687,-61.53668615533241,-58.092438587779476,4.702404961242274,84.75616659850967
2762,1791285963.557682,-0.8243754982461734,-2.2559128866390306,0.1724902841996179,2.4080055673432184,-61.56029942486025,-58.135545297313634,4.707196303723447,84.80312370034633
2763,1791285963.577682,-0.8579057716836734,-2.164902144451531,0.1629102060746179,2.3343828613537823,-61.57908607091057,-58.17186550608498,4.710999357345007,84.84187228445371
2764,1791285963.5881586,-0.8866460060586734,-2.0164109335140306,0.1293799326371179,2.2065342417066423,-61.5888216991715,-58.191322720016124,4.712922353034902,84.86238645774192
2765,1791285963.6081586,-0.8339555763711733,-1.9876706991390307,0.10542973732461788,2.1581084636988837,-61.60720025225052,-58.228901356664714,4.716394943016975,84.90168701141104
2766,1791285963.633414,-0.8339555763711733,-1.9828806600765307,0.11979985451211789,2.1544487973974316,-61.63008629372045,-58.27675751254345,4.720548893266126,84.9513483389224
2767,1791285963.653414,-0.9632866310586734,-1.9158201132015307,0.10063969826211788,2.1467221964171763,-61.64818724375189,-58.314818571259906,4.723675665997722,84.99076518797317
2768,1791285963.6784897,-1.1309379982461734,-1.7529587850765307,0.06231938576211788,2.0870479064688037,-61.67141629394643,-58.36228067759332,4.727314394530662,85.04038390656618
2769,1791285963.6984897,-1.1692583107461734,-1.6284177694515307,-0.00953120017538212,2.004744440793209,-61.690614655373096,-58.39952954114496,4.729860442666089,85.08001273502428
2770,1791285963.7082663,-1.0782475685586734,-1.6619480428890308,0.03357915138711788,1.981367375267204,-61.70023965256757,-58.41741929368673,4.730935972866427,85.09933140335495
2771,1791285963.7282662,-1.0830376076211734,-1.6379978475765307,0.047949268574617884,1.9642572490750756,-61.72021796063416,-58.45347672412774,4.7329284462661425,85.1386801514083
2772,1791285963.753449,-1.1644682716836734,-1.5757273397640308,0.023999073262117882,1.9594588438023472,-61.74584495430945,-58.49813757106484,4.7351968135197,85.18804820670336
2773,1791285963.773449,-1.2650590919961735,-1.5805173788265308,-0.052641551737882125,2.0251372358396464,-61.7667891367209,-58.53302092282749,4.736685145922611,85.22726655703507
2774,1791285963.7974086,-1.2698491310586735,-1.5517771444515307,-0.14365229392538212,2.010264933595231,-61.79267145562044,-58.57417078308632,4.737847958580899,85.27435096104246
2775,1791285963.8174086,-1.1836284279336735,-1.5182468710140307,-0.12449213767538213,1.9291314390418348,-61.814715845143596,-58.60797270807485,4.7382707880636445,85.31356732681684
2776,1791285963.8278317,-1.1021977638711735,-1.3984958944515307,-0.17718256736288213,1.7894201126783236,-61.826268113808496,-58.625226608976924,4.738222264676689,85.33378799786112
2777,1791285963.8478317,-1.0686674904336735,-1.4176560507015308,-0.2681933095503821,1.79547390248036,-61.84836590563012,-58.65759156714972,4.737475060917611,85.37199238396677
2778,1791285963.8733492,-1.2411088966836734,-1.5182468710140307,-0.24424311423788214,1.9761274133071174,-61.87675128412861,-58.698309905241636,4.7356840176537895,85.42043454774017
2779,1791285963.8933492,-1.2602690529336735,-1.3937058553890307,-0.22508295798788214,1.892447208009931,-61.899413964150945,-58.729804785100825,4.733786818683653,85.4583884521942
2780,1791285963.9174285,-1.0878276466836734,-1.1158835897640307,-0.2873534658003821,1.5846568048323555,-61.926846864145865,-58.766567960531155,4.730919843852806,85.50336528443813
2781,1791285963.9374285,-1.0878276466836734,-0.9865525350765307,-0.33525385642538214,1.5063366295763239,-61.94947795072663,-58.795676385900194,4.72796185168695,85.539599036435
2782,1791285963.9474854,-1.2554790138711733,-0.9961326132015307,-0.26340327048788215,1.6241579419066228,-61.960918461908015,-58.80961344544323,4.726245990661555,85.55736935770007
2783,1791285963.9674854,-1.3991801857461734,-0.8763816366390307,-0.24424311423788214,1.6689531641347584,-61.984239120107425,-58.83598097262171,4.722584085361943,85.59218046499734
2784,1791285963.9926677,-1.2842192482461734,-0.7805808553890307,-0.22029291892538214,1.518899114324089,-62.014266025590686,-58.86733017988445,4.717787589349783,85.63521047407129
2785,1791285964.0126677,-1.2746391701211734,-0.5889792928890306,-0.08617182517538212,1.406779017796794,-62.038374816122335,-58.890547681696724,4.7140898832156255,85.66842591937191
2786,1791285964.038474,-1.3943901466836734,-0.3255271444515306,0.047949268574617884,1.4326866144764963,-62.069982573682374,-58.917782049294445,4.7099603554811,85.70980985193935
2787,1791285964.058474,-1.5428813576211735,-0.052494917889030615,0.1389600107621179,1.550015640143718,-62.095210087029706,-58.936289721502185,4.707520392737611,85.74066777286751
2788,1791285964.0675247,-1.6530522560586733,0.00019551179846938584,0.1820703623246179,1.6630488316109515,-62.10708326574086,-58.94344422030733,4.706799772153798,85.75414492854148
2789,1791285964.0875247,-1.6243120216836735,-0.028544722576530616,0.1437500498246179,1.6309103046451248,-62.13430099733401,-58.956925218932206,4.705934942559095,85.78307650919069
2790,1791285964.1129158,-1.6674223732461735,-0.004594527264030614,0.1533301279496179,1.6744636779039812,-62.1699408308608,-58.97153598084141,4.705567424654433,85.81891378734862
2791,1791285964.1329157,-1.7392729591836735,0.1774269571109694,0.09105962013711788,1.750669188075436,-62.19891263741318,-58.981059006453606,4.70568794641022,85.84645335625875
2792,1791285964.158325,-1.6674223732461735,0.1917970742984694,-0.09096186423788212,1.6808799925208775,-62.23669119781605,-58.990639227530544,4.705818283297209,85.88041670509287
2793,1791285964.178325,-1.7201128029336734,0.014565628985969387,-0.04306147361288212,1.7207133703420243,-62.26704815837503,-58.99673930958454,4.705704450089363,85.90660155012573
2794,1791285964.2029057,-1.8207036232461735,0.06246601961096939,0.03357915138711788,1.8220843138328318,-62.30528919814376,-59.002969940299856,4.705568049475177,85.9385937429075
2795,1791285964.2229056,-1.8446538185586734,0.21574726961096938,0.1341699716996179,1.8620677151955456,-62.337234669704976,-59.00686171478973,4.705725338477864,85.96443687162372
2796,1791285964.2332282,-1.6913725685586734,0.2732277383609694,0.03357915138711788,1.7136283500486602,-62.35398702343369,-59.0081905129853,4.705924212850482,85.97750850095854
2797,1791285964.2532282,-1.6099419044961734,0.1822169961734694,-0.052641551737882125,1.621075908931047,-62.38652802296768,-59.009695711063344,4.706223140509629,86.00216045496234
2798,1791285964.2782707,-1.7009526466836735,0.043305863360969386,0.03836919044961788,1.7019363968249202,-62.427380181201855,-59.01087413169136,4.7065144856125,86.03262369983793
2799,1791285964.2982707,-1.8590239357461735,0.2588576211734694,0.1724902841996179,1.8848687380982383,-62.460452399673144,-59.01122085113651,4.7070285525132824,86.05689059051353
2800,1791285964.3227105,-1.7919633888711735,0.48877949617346944,0.2587109873246179,1.8753585144970895,-62.50149648930702,-59.01021057791506,4.708352896039817,86.08606509096802
2801,1791285964.3427105,-1.6530522560586733,0.5606300821109694,0.2443408701371179,1.7625522151266289,-62.53521369009131,-59.00793373343241,4.710028667539085,86.10907945625463
2802,1791285964.3527722,-1.8542338966836736,0.5845802774234694,0.2539209482621179,1.9607124450896805,-62.552278693011516,-59.00609588844658,4.711121271910495,86.12027395058251
2803,1791285964.3727722,-2.0314653419961735,0.6516408242984694,0.3161914560746179,2.1567253502749497,-62.586939699457766,-59.001136396607805,4.713822467822274,86.14220358972034
2804,1791285964.3980858,-1.9979350685586734,0.6899611367984694,0.3353516123246179,2.1401522404626987,-62.631878941577995,-58.99325376825853,4.717965462921031,86.16968984525792
2805,1791285964.4180858,-1.9691948341836734,0.5750001992984695,0.3976221201371179,2.0896068708231414,-62.66800968853847,-58.986062554341316,4.721847253137431,86.19124581690056
2806,1791285964.4426367,-2.0506254982461734,0.5702101602359695,0.4024121591996179,2.1661348311601927,-62.71311081725014,-58.976450437643976,4.727370688786446,86.21777083774417
2807,1791285964.4626367,-2.1751665138711735,0.7139113321109694,0.4119922373246179,2.326103255833386,-62.75067922993822,-58.96786846337131,4.732416930380932,86.23950965152235
2808,1791285964.4727623,-2.3619780373086736,0.7953419961734693,0.3497217295121179,2.516707060366518,-62.77029203102323,-58.96302913533276,4.7351669928516715,86.25062418860648
2809,1791285964.4927623,-2.5008891701211735,0.6995412149234693,0.3209814951371179,2.6166455000298443,-62.810514356831014,-58.95266204008416,4.740790140662735,86.27312540148212
2810,1791285964.5330012,-2.5152592873086737,0.6229005899234694,0.4024121591996179,2.6223024183322643,-62.89443899672404,-58.930941704343496,4.752589724176541,86.32006404052143
2811,1791285964.5530012,-2.4673588966836735,0.7426515664859694,0.4455225107621179,2.6149343360482153,-62.937369130452375,-58.91971704005202,4.758846675291677,86.34403344077431
2812,1791285964.5633366,-2.5344194435586735,0.9150929727359693,0.574853565449618,2.7552012061461406,-62.960103656224916,-58.913501514775554,4.762386037012279,86.35656103562471
2813,1791285964.5833366,-2.6158501076211733,0.9150929727359693,0.6323340341996179,2.8425188240536987,-63.005223336104855,-58.90053279625306,4.7700184421220015,86.38103962822582
2814,1791285964.5931182,-2.6206401466836735,0.9390431680484694,0.4934229013871179,2.8271934863892874,-63.02782200884687,-58.893781230688454,4.774017250747939,86.39314241036445
2815,1791285964.6131182,-2.5535795998086734,0.8671925821109694,0.3880420420121179,2.724585908610013,-63.07485881848509,-58.87933795918956,4.782289198317892,86.41807995703581
2816,1791285964.6384933,-2.6206401466836735,0.9055128946109694,0.4455225107621179,2.8082376481189666,-63.13543261826806,-58.86038800318311,4.792796415738066,86.44997990320091
2817,1791285964.6584933,-2.7068608498086735,0.9438332071109694,0.4455225107621179,2.901104460488814,-63.18400508099063,-58.844918525690765,4.801172257906221,86.47539643979623
2818,1791285964.683439,-2.7691313576211734,0.9150929727359693,0.4646826670121179,2.9532039559659826,-63.2457465519851,-58.82503994515786,4.811755212470001,86.5075879313028
2819,1791285964.703439,-2.6685405373086737,0.7234914102359694,0.4311523935746179,2.798292480501282,-63.29597853977192,-58.80903524482022,4.8203110202407835,86.5339177667672
2820,1791285964.7130876,-2.4625688576211733,0.6708009805484694,0.3449316904496179,2.5754994088733296,-63.32028996919747,-58.80146332062911,4.824381058295291,86.5467842442813
2821,1791285964.7330875,-2.3907182716836735,0.7187013711734693,0.3832520029496179,2.5256578575202324,-63.370404662364166,-58.786037951992405,4.832644410171568,86.5734422161903
2822,1791285964.7580845,-2.4673588966836735,0.7043312539859694,0.5317432138871179,2.6204376134341616,-63.432752976466105,-58.76698258603794,4.8431385847821,86.60674560213229
2823,1791285964.7780845,-2.2565971779336733,0.6085304727359695,0.6275439951371179,2.4199900052560417,-63.482240812115855,-58.75205410161914,4.8520144034567645,86.6333700340602
2824,1791285964.8174653,-2.1128960060586737,0.5893703164859695,0.6419141123246179,2.2855503997888493,-63.577973422896974,-58.723530448529964,4.870619148724701,86.68526209104951
2825,1791285964.8374653,-2.1320561623086736,0.7474416055484694,0.6706543466996179,2.3567158686804723,-63.62566690483059,-58.70921208051696,4.880619336071474,86.71111530422849
2826,1791285964.847587,-2.2039067482461734,0.9055128946109694,0.6706543466996179,2.4752647959397898,-63.64947517331983,-58.70179781721415,4.885939431892258,86.72386730851123
2827,1791285964.867587,-2.2757573341836737,1.0252638711734694,0.6610742685746179,2.5821031424394834,-63.69618155117101,-58.68644911896026,4.896872325221301,86.74838449770444
2828,1791285964.8780005,-2.2182768654336735,1.0683742227359694,0.5844336435746179,2.530560889460444,-63.720362271582175,-58.67802109824977,4.902683647497261,86.7607689856179
2829,1791285964.8980005,-2.3188676857461736,1.1929152383609694,0.536533252949618,2.662341458459512,-63.76664322805605,-58.660870346780484,4.913852132742258,86.7838028735687
2830,1791285964.9232183,-2.5439995216836735,1.3030861367984694,0.5125830576371179,2.9039126083991813,-63.82544243585508,-58.637768151204035,4.927806255457773,86.8122009303896
2831,1791285964.9432182,-2.7499712013711735,1.3366164102359694,0.4311523935746179,3.0878434906853727,-63.87302152519549,-58.61823478450469,4.9386287098944175,86.83461511139205
2832,1791285964.968545,-2.8266118263711735,1.4803175821109693,0.2970312998246179,3.204575190873784,-63.93482778395705,-58.59185854324604,4.951661047493421,86.86303608811555
2833,1791285964.988545,-2.6637504982461735,1.6048585977359695,0.20123051857461788,3.1163490749977947,-63.984549348218,-58.569526338534345,4.961156096162387,86.885125543014
2834,1791285964.9975805,-2.7403911232461735,1.7006593789859694,0.1772803232621179,3.2300795879846813,-64.00730528617889,-58.55871043824993,4.965058821725574,86.89481864468158
2835,1791285965.0175805,-2.9367827248086735,1.7102394571109694,0.1629102060746179,3.402374392778836,-64.05863514300457,-58.533244545569886,4.972911880559358,86.91593240590517
2836,1791285965.0583932,-2.8793022560586734,1.6958693399234694,0.11500981544961789,3.343588126173256,-64.16547174539981,-58.47864692189567,4.987384047158585,86.95880582068322
2837,1791285965.0783932,-2.6733305763711734,1.7293996133609695,0.03357915138711788,3.1841242049678242,-64.21830200954054,-58.450767131329684,4.993635113093202,86.97941643212033
2838,1791285965.0881162,-2.5631596779336734,1.6862892617984695,-0.03348139548788212,3.0683024643743475,-64.24395139095985,-58.43675569329504,4.9962182853956945,86.98909071508442
2839,1791285965.1081161,-2.5631596779336734,1.6671291055484694,-0.12928217673788212,3.0603628658010438,-64.29648724720907,-58.407227422694625,5.000490660046604,87.00831796085996
2840,1791285965.1184554,-2.4002983498086734,1.7198195352359695,-0.21071284080038213,2.960339727658242,-64.32342138549346,-58.39162574962102,5.002104375260592,87.01784612710523
2841,1791285965.1384554,-2.2278569435586735,1.6144386758609695,-0.24903315330038214,2.762566978467861,-64.37464917090307,-58.36097183616658,5.004068054378445,87.0352755302787
2842,1791285965.163364,-2.2134868263711733,1.5569582071109693,-0.28256342673788215,2.7209345599148076,-64.43717668043644,-58.3225965564529,5.005153735518662,87.05588188944346
2843,1791285965.183364,-2.1464262794961733,1.5090578164859694,-0.30651362205038213,2.641657030598717,-64.48639132672305,-58.29180655716306,5.005011093957648,87.07169180676128
2844,1791285965.2080832,-1.9452446388711735,1.5090578164859694,-0.31609370017538213,2.48216587395867,-64.54568041432186,-58.25386413586486,5.003706960801945,87.09015231504165
2845,1791285965.2280831,-1.7967534279336734,1.3940968789859693,-0.32567377830038213,2.297366404965101,-64.59206786345689,-58.223415539725536,5.001847428395666,87.10407467900639
2846,1791285965.2383404,-1.7296928810586734,1.1258546914859695,-0.30651362205038213,2.0864651565814527,-64.61500256833986,-58.20820340114162,5.000550458778504,87.11084321131344
2847,1791285965.2583404,-1.6674223732461735,0.9869435586734694,-0.26340327048788215,1.9554376087496799,-64.6581093831178,-58.17982216088984,4.997546033924684,87.12369529601688
2848,1791285965.282583,-1.4997710060586735,0.9342531289859693,-0.21071284080038213,1.7794779798897449,-64.70828148636191,-58.147087479564206,4.9935884985012295,87.13886275001931
2849,1791285965.302583,-1.3896001076211735,0.8240822305484694,-0.17239252830038213,1.624752032040679,-64.74779838028373,-58.1214950095176,4.990238646573332,87.1509498455697
2850,1791285965.328041,-1.3704399513711734,0.6708009805484694,-0.17239252830038213,1.5355125527434839,-64.79582438352935,-58.090950454067396,4.985955888832704,87.16603202121499
2851,1791285965.348041,-1.2842192482461734,0.49835957429846944,-0.15323237205038212,1.3860236299230635,-64.83187637210895,-58.06880018102248,4.982607583402152,87.17788783127354
2852,1791285965.3578184,-1.1261479591836734,0.39776875398596945,-0.12449213767538213,1.2008028564106972,-64.84862478759574,-58.05893881675961,4.98101258722725,87.18368539907411
2853,1791285965.3778183,-0.8674858498086734,0.30675801179846945,-0.13886225486288212,0.9305454869303436,-64.8807360124647,-58.04073589281489,4.977844306929395,87.19527431256039
2854,1791285965.403408,-0.6998344826211734,0.12952656648596939,-0.052641551737882125,0.7136641839553544,-64.91866705271224,-58.0201017280133,4.97403106154938,87.20955521862943
2855,1791285965.423408,-0.6519340919961734,-0.14350566007653062,0.07668950294961789,0.6719324479763834,-64.94589339512636,-58.00641482177681,4.971533883806036,87.220578870614
2856,1791285965.4483032,-0.33100147480867337,-0.3303171835140306,0.01920903419961788,0.4680175264293429,-64.97653541275824,-57.992818129964775,4.969070809229705,87.23421790563457
2857,1791285965.4683032,-0.06754932637117336,-0.4883884725765306,0.00962895607461788,0.49313175565351985,-64.99805751243657,-57.98476152107132,4.967432125772556,87.24480174182118
2858,1791285965.4777458,-0.14418995137117335,-0.42611796476403063,0.07189946388711789,0.4555620647928402,-65.00684448801346,-57.98217597394096,4.966832244331285,87.2495958930765
2859,1791285965.4977458,-0.10586963887117336,-0.4644382772640306,0.2539209482621179,0.5398028730833381,-65.02303926138036,-57.97885690170016,4.9662409743219476,87.25942374225187
2860,1791285965.5232978,0.22464305644132665,-0.7422605428890307,0.3832520029496179,0.8650417990491058,-65.04039856021606,-57.97756503445298,4.96681995715293,87.27153483629557
2861,1791285965.5432978,0.7946577048788267,-0.8955417928890307,0.1629102060746179,1.208311096521694,-65.05041889832681,-57.9791622454482,4.968024401841463,87.28013244713307
2862,1791285965.5678914,0.7132270408163267,-0.9626023397640308,0.1581201670121179,1.2084279306134649,-65.05811112010772,-57.98425907898782,4.969875468673277,87.28935665720985
2863,1791285965.5878913,0.4880952048788267,-0.8955417928890307,0.2491309091996179,1.0499039202494824,-65.06162628152543,-57.9905694089825,4.9717658693278155,87.2962760410449
2864,1791285965.6124816,0.8425580955038267,-0.9003318319515307,0.1389600107621179,1.2408913878801975,-65.06284584758707,-58.00047632558653,4.974457246136503,87.30391966386985
2865,1791285965.6324816,1.1395405173788267,-1.0919333944515308,0.06710942482461789,1.5796755374337914,-65.06071582528746,-58.01031367068534,4.976626979919061,87.3089918162349
2866,1791285965.6433392,1.1539106345663268,-1.0488230428890306,-0.047851512675382124,1.5600734902963995,-65.05786533137933,-58.01659634865549,4.977643880614211,87.31110027917946
2867,1791285965.6633391,1.0437397361288268,-1.0344529257015307,-0.17718256736288213,1.480161867649627,-65.05010577042553,-58.029558203316704,4.97889851628854,87.31400412563366
2868,1791285965.6884112,1.0389496970663268,-1.2500046835140308,-0.23945307517538214,1.642944295176246,-65.03792114804153,-58.047665615046526,4.979451967648804,87.31699498100724
2869,1791285965.7084112,1.1108002830038266,-1.3074851522640307,-0.18676264548788213,1.725767938589053,-65.02643481686265,-58.0637794668084,4.979187909014583,87.319138928388
2870,1791285965.732243,1.0581098533163267,-1.0296628866390307,-0.052641551737882125,1.4773534630467726,-65.01092415170807,-58.0842778427778,4.978492547811256,87.32118288035704
2871,1791285965.752243,1.1299604392538267,-0.8045310507015307,-0.04306147361288212,1.387780636963682,-64.99657781733598,-58.10165124986571,4.977852970986547,87.32202486272746
2872,1791285965.7636478,1.2018110251913268,-0.7374705038265307,-0.09096186423788212,1.4129708224274187,-64.9876296180962,-58.11139114388697,4.977428328803386,87.32182188219078
2873,1791285965.7836478,1.1012202048788267,-0.6081394491390306,-0.08138178611288212,1.2606119642234923,-64.97083684217988,-58.12792789361957,4.976536839725751,87.32028149345454
2874,1791285965.8088722,0.9814692283163267,-0.45485819913903064,4.887794961788039e-05,1.0817475813908262,-64.94889421244308,-58.14766696591554,4.97542725942388,87.31703676495192
2875,1791285965.8288722,0.9670991111288267,-0.44527812101403064,0.01920903419961788,1.0648578697623616,-64.93118315562691,-58.162320291498936,4.974708346046952,87.31358296856627
2876,1791285965.8528576,0.9048286033163266,-0.5937693319515306,-0.047851512675382124,1.0833127841075556,-64.90976144263968,-58.17912674322572,4.973923975152865,87.3088073384084
2877,1791285965.8728576,0.8186079001913267,-0.6560398397640307,-0.08617182517538212,1.0525838441983255,-64.89199334624035,-58.19291326716856,4.973167006297751,87.30474411531846
2878,1791285965.8829865,0.7419672751913267,-0.6033494100765306,0.00962895607461788,0.9563674319473799,-64.88315897632047,-58.199804839582384,4.972782997388766,87.30275008756065
2879,1791285965.9029865,0.7419672751913267,-0.3542673788265306,0.1581201670121179,0.8372710435524463,-64.86610589551812,-58.212807746706765,4.972390118770576,87.2987247518362
2880,1791285965.9274662,0.8186079001913267,-0.2680466757015306,0.3209814951371179,0.91923720270165,-64.84549895078766,-58.22747832961172,4.972860990955066,87.29322604439228
2881,1791285965.9474661,0.9239887595663266,-0.3255271444515306,0.11979985451211789,0.9869524581867211,-64.82857447596007,-58.23855673955303,4.973849161584039,87.2881019107039
2882,1791285965.972977,0.9144086814413267,-0.27283671476403065,-0.10054194236288212,0.9595268582966273,-64.80670737664127,-58.2517129121203,4.974957391928284,87.2807056527913
2883,1791285965.992977,0.9623090720663267,-0.057284956951530616,-0.02869135642538212,0.9644394799092485,-64.78932041513083,-58.26097515853115,4.975502049258979,87.2740103749086
2884,1791285966.0186906,0.9527289939413267,0.2732277383609694,0.1389600107621179,1.000827566315652,-64.76662617690023,-58.27068079144902,4.976309924495045,87.26369099861586
2885,1791285966.0386906,1.0533198142538267,0.23011738679846938,0.07189946388711789,1.080558270392637,-64.74861335566072,-58.276342420729435,4.977160320727008,87.25415257898717
2886,1791285966.0632565,1.2113911033163267,-0.17224589445153063,0.1724902841996179,1.2356738855752436,-64.72563440569101,-58.28214683806768,4.978498454369789,87.24105590909258
2887,1791285966.0832565,1.4652631736288266,-0.4788083944515306,0.4024121591996179,1.5931695429117934,-64.70571766109288,-58.287140159642426,4.980286815121725,87.22971891957317
