imu_index,t_imu,ax,ay,az,mag,vx,vy,vz,velocity
0,1790595023.423487,-0.20437499999999997,-1.2130539119944854,0.3257696174172794,1.272554430137401,0.0,0.0,0.0,0.0
1,1790595023.443487,-0.08462402343749996,-0.8681710994944853,0.3066094611672794,0.9246035069247269,-0.0006940759982331653,-0.004668476802815754,0.0013639235793437418,0.004912912036668478
2,1790595023.4538043,-0.252275390625,-1.2034738338694855,0.14374813304227937,1.2380047121383082,-0.0012591117020003726,-0.008318579697421155,0.0023104724497805726,0.008724815952308493
3,1790595023.4738042,-0.3432861328125,-1.4621359432444854,0.04794735179227937,1.502659586883435,-0.003083469387204473,-0.01833130981099511,0.00415765557389741,0.019048118088663583
4,1790595023.4987268,-0.16126464843749996,-1.3136447323069853,0.17248836741727938,1.334698844851467,-0.005958954919922704,-0.03412539006724574,0.006526251431102532,0.035251146771719546
5,1790595023.5187268,0.6626220703125001,-1.5579367244944855,0.09584774241727938,1.69570682469592,-0.007168319564460631,-0.049206072637834844,0.008544400293127637,0.050454228427232024
6,1790595023.543912,0.15487792968750005,-0.8059005916819854,0.02399715647977937,0.8209986603501709,-0.0069186229781996,-0.06981296685912153,0.010930935499512294,0.07100142981998159
7,1790595023.563912,-0.16605468749999996,-0.6957296932444853,0.4311504767922794,0.8351674676021559,-0.006766842548635182,-0.08597509299951556,0.01322457095150978,0.08724904613349584
8,1790595023.5742464,-0.49177734375,-1.0789328182444853,0.2970293830422794,1.2223614181171092,-0.00721005508379923,-0.094449280152585,0.014796375723597033,0.09587274977910437
9,1790595023.5942464,-0.18521484374999997,-1.1076730526194853,0.3353496955422794,1.1720510006586766,-0.008954616076206767,-0.11166901451162546,0.01833052348678639,0.11351723235865781
10,1790595023.6187098,0.011176757812500045,-1.0885128963694854,0.2108086799172794,1.1087946360829635,-0.011087746843749075,-0.13360177142000076,0.023007030688079917,0.13602093558609077
11,1790595023.6387098,0.39916992187500006,-0.5903488338694853,0.4982110236672794,0.8695186003095927,-0.011954571076189259,-0.1513614541026771,0.02732033225271823,0.1542711966379058
12,1790595023.6642013,0.5093408203125,-0.3556369198069853,0.5317412971047794,0.817712967374912,-0.011156732723922995,-0.17241068779298624,0.033962440080461134,0.17607772512882638
13,1790595023.6842012,-0.29538574218749997,-0.7196798885569854,2.0549737189797797,2.197295807209089,-0.010303730829139445,-0.18806116289119337,0.0422720572413432,0.19302874055539687
14,1790595023.6944284,1.3188574218750002,-0.6909396541819853,-0.20592471852022065,1.5030593782860098,-0.00914792398602934,-0.19594574649440044,0.04730218184491455,0.20178185371779933
15,1790595023.7144284,2.7846093750000005,-1.8597091854319854,0.2587090705422794,3.358496391080217,-0.001071510644665286,-0.21287772256531448,0.055742591923439305,0.22005751396850712
16,1790595023.7386775,1.108095703125,-2.5063644588694856,0.7041827033547794,2.8294190512669313,0.014331521764399585,-0.2382680868808121,0.06619235945008821,0.24770648395125905
17,1790595023.7586775,1.6972705078125003,-2.2716525448069853,-0.03827335133272063,2.8359473391514856,0.029337969948166794,-0.26323519685017777,0.07451710464816964,0.27514774981194673
18,1790595023.784287,1.8457617187500002,-2.0800509823069855,-0.20592471852022065,2.788521723260703,0.05247620019390402,-0.2987678808860672,0.08310876063260886,0.3145203718836511
19,1790595023.804287,2.3151855468750004,-1.3998654354319855,-0.043063390395220634,2.7058384669762545,0.0740771357336017,-0.3275749041931647,0.0884385549888963,0.3472954331749548
20,1790595023.81435,2.0277832031250003,-1.7782785213694854,-0.06222354664522063,2.697786312552764,0.08659304237123218,-0.3422935583059207,0.09063851295048612,0.364525136409974
21,1790595023.8343499,2.3774560546875003,-2.1231613338694855,-0.29693546070772064,3.201293802423391,0.11434485075912056,-0.3730109165276088,0.09381631065895095,0.4012647366634017
22,1790595023.8586774,2.6744384765625004,-1.8070187557444854,-0.23945499195772063,3.2365532039043896,0.15225551627698014,-0.4119410851346853,0.09612322209146867,0.44957410255035557
23,1790595023.8786774,2.7175488281250004,-2.4345138729319853,0.23954891429227937,3.6564071317456524,0.18683533046553064,-0.44550764416072386,0.09773542464426935,0.49288610747940326
24,1790595023.9042666,2.7989794921875,-2.6356955135569855,0.36887996897977937,3.862285524062811,0.2350296501451021,-0.49174343330381204,0.10065645648062846,0.5542402573577513
25,1790595023.9242666,2.7510791015625005,-1.6920578182444854,0.5221612189797794,3.271719459541522,0.2753722127481923,-0.5289514068096559,0.1039335794186837,0.6053277089730236
26,1790595023.9343548,2.03736328125,-2.9087277401194855,0.7472930549172794,3.6290485138468425,0.2962920608478281,-0.5483853184996211,0.10629913169968719,0.6323092188696061
27,1790595023.9543548,4.283891601562501,-3.1338595760569854,-0.48374698414522066,5.329804334218227,0.3410266938258043,-0.5901979476805266,0.11068072440722969,0.6905671915920808
28,1790595023.97843,3.95337890625,-3.0715890682444855,-0.35441592945772066,5.018911717852273,0.4016727556953194,-0.6441854659951695,0.11365054492921924,0.7676147234322658
29,1790595023.99843,3.2013427734375,-3.0667990291819853,0.16769832835477938,4.4364371479561235,0.45522811018800446,-0.6915146034195424,0.11546751283017362,0.8359173557039088
30,1790595024.024087,3.1678125,-2.6788058651194855,0.00962703929227937,4.148629843459204,0.5258819664661749,-0.7541793827694887,0.11778999461022918,0.9269373586597834
31,1790595024.044087,3.5510156250000002,-2.8464572323069857,-0.12928409352022063,4.552883165773555,0.5827746078924347,-0.8039882105547393,0.11914935813663152,1.0001099218883713
32,1790595024.0541303,3.5510156250000002,-2.2764425838694855,-0.40710635914522064,4.237645383264744,0.6124085314757249,-0.82910766151572,0.1193255564398346,1.0376426707821897
33,1790595024.0741303,3.3402539062500005,-2.0321505916819853,-0.5076971794577206,3.942675311450482,0.6729054405531759,-0.8780891142269119,0.11825159541346018,1.1125761386384732
34,1790595024.0985358,3.3833642578125005,-2.7793966854319856,-0.36878604664522063,4.394110010483767,0.7479618677370201,-0.9377014445939841,0.11553332216622628,1.205022366312369
35,1790595024.1185358,3.3258837890625004,-3.2392404354319857,-0.16281436695772064,4.645502135934734,0.8103073520018333,-0.9882532081771794,0.112842470417192,1.2829558960894039
36,1790595024.1443918,3.2971435546875005,-3.1769699276194854,-0.03827335133272063,4.578838104873126,0.8916610545566065,-1.0562459457651228,0.10949559278539224,1.3866161036846798
37,1790595024.1643918,3.407314453125,-3.4068918026194854,0.16290828929227938,4.8211246248101185,0.9552066961689608,-1.1108260385422475,0.10748201802905184,1.468981519457982
38,1790595024.188724,3.6516064453125003,-3.5984933651194857,0.18685848460477938,5.130136472212562,1.0338026873804496,-1.1800528501392424,0.10603803072878734,1.5724238580985817
39,1790595024.208724,3.6420263671875004,-3.5745431698069856,0.5173711799172794,5.129267771320947,1.0996549677928207,-1.2391783692827696,0.10608551866813105,1.6601380112390718
40,1790595024.218474,3.5989160156250004,-3.4979025448069856,0.5988018439797794,5.054313242058004,1.1322371019393977,-1.2688499189063522,0.10692138854136714,1.7039287411873763
41,1790595024.238474,13.255634765625002,-4.508600786994486,10.90696590647978,17.748274264875608,1.214329369332155,-1.3325952097183582,0.1256374529923747,1.807260517961192
42,1790595024.263684,-0.35765624999999995,-3.4404220760569855,-2.227321202895221,4.114046887852755,1.326672647078175,-1.4159236578478842,0.16210157527994778,1.9470945118475849
43,1790595024.283684,-1.401884765625,-1.7351681698069854,-2.2943817497702206,3.200043294594847,1.3997899081873697,-1.4798780029095107,0.17990792032833922,2.0449492781865066
44,1790595024.308447,2.1092138671875005,-1.5531466854319853,4.35419246897978,5.081342324713485,1.478053852774274,-1.5532921304172143,0.2024732378837105,2.1536840636862307
45,1790595024.3284469,3.8671582031250002,-0.5280783260569853,-0.34962589039522063,3.918675484099542,1.5407474672262933,-1.60681357670631,0.22397142248286844,2.2373904053921754
46,1790595024.3385851,3.9246386718750004,-1.3615451229319855,-5.934811437270221,7.244210144833601,1.5736853576495222,-1.6313115520944017,0.22845599556666163,2.278125353615886
47,1790595024.3585851,2.928310546875,-3.1051193416819856,-0.9914911247702207,4.38176031242297,1.6391954396573172,-1.6790900549453818,0.2255863400533402,2.3573702082677834
48,1790595024.3846638,1.6924804687500004,-1.5531466854319853,-2.0596698357077208,3.085286793102523,1.7208410842575055,-1.7411562748390055,0.21643799568954866,2.4575932569605365
49,1790595024.4046638,4.901806640625001,-2.2285421932444853,-1.4800751091452207,5.584329053508356,1.7839550426653379,-1.7872880545775267,0.20516483071294356,2.5335719433337744
50,1790595024.4283302,4.168930664062501,-2.6692257869944855,-0.9340106560202207,5.037571348306271,1.8635368273013364,-1.8423818557133642,0.18954108059616495,2.6273686894312553
51,1790595024.4483302,4.3509521484375,-2.5590548885569855,-1.0346014763327207,5.1526640425579995,1.933481653316007,-1.889799128328096,0.17536534710294543,2.709325571817416
52,1790595024.4585323,3.9629589843750006,-2.0608908260569856,-0.7088788200827206,4.522700972906152,1.9701707079914166,-1.9138939176659913,0.16788480766317856,2.751862615638793
53,1790595024.4785323,1.4098681640625002,-1.2417941463694855,-0.8238397575827207,2.0514611593126593,2.039365304408944,-1.958997345032826,0.1531208292824294,2.831982950342884
54,1790595024.5041473,2.1475341796875003,-0.12092500574448532,-1.7099969841452207,2.7478383496352397,2.121527349132556,-2.0107165814249703,0.13218039522781738,2.925975242687011
55,1790595024.5241473,2.7510791015625005,0.08504667394301468,-0.9675409294577206,2.9174997189337675,2.183404041621284,-2.0450950904058542,0.11426647904284745,2.9937808814278872
56,1790595024.549407,3.244453125,0.3389187442555147,1.3077276252297794,3.514469168639714,2.261189542405395,-2.08119859010021,0.09567965599592226,3.074657755700644
57,1790595024.569407,3.004951171875,0.5017800723805147,2.7878496955422793,4.129602972602368,2.32291384653266,-2.104235460423885,0.08931394929813377,3.135556185568632
58,1790595024.5794988,3.2492431640625004,0.2383279239430147,1.6142901252297794,3.6359749651162687,2.354121167437407,-2.1135558244645223,0.08991559804535577,3.164978595326771
59,1790595024.5994987,3.3115136718750002,0.11378690831801469,-0.20113467945772065,3.319567052915211,2.4165321932116526,-2.1287281547333006,0.09304882902209617,3.2217649638303762
60,1790595024.623985,3.5510156250000002,-0.4418576229319853,-0.21550479664522065,3.5848838817058417,2.4940842537988313,-2.145120019668573,0.09554433796153787,3.291067438437973
61,1790595024.643985,4.489863281250001,-1.2034738338694855,0.5556914924172794,4.68145432401839,2.5599872432866566,-2.1589683128815222,0.0977871620738251,3.350259869156922
62,1790595024.6695035,3.9581689453125004,-0.9064914119944854,0.6562823127297794,4.113336182912597,2.6476297919796385,-2.178025477587531,0.10253915457234937,3.4299056509791854
63,1790595024.6895034,3.2540332031250006,-0.22151582605698533,-0.13407413258272063,3.264318798962728,2.716834225606722,-2.1924130818002334,0.10648817164455411,3.492735756019495
64,1790595024.6985707,3.6324462890625004,0.2574880801930147,-0.5316473747702206,3.680165089430837,2.7481860116101244,-2.1979330331652136,0.10755724469942171,3.5206539923110496
65,1790595024.7185707,3.6037060546875,0.5688406192555148,1.0682256721047794,3.8014974766860035,2.8178206860489476,-2.2070427207615073,0.11036648210010898,3.5809679906923035
66,1790595024.7438798,2.2385449218750004,1.0286843692555148,0.6562823127297794,2.5495061037002666,2.903811982855314,-2.2138090471053333,0.11666163132687556,3.653311438276702
67,1790595024.7638798,2.6648583984375005,0.8801931583180147,-0.10054385914522064,2.80825913107828,2.9689269959947793,-2.215490640415101,0.12172365781803358,3.7064461326432494
68,1790595024.803838,3.3019335937500003,0.3628689395680147,0.14374813304227937,3.324921480364784,3.097388741152513,-2.2146210742805956,0.13044960416716345,3.8099055914410083
69,1790595024.823838,4.3126318359375,-0.4035373104319853,2.4046465705422797,4.9541861937631175,3.163463827932394,-2.2143121252816997,0.13798459211357927,3.863899756265292
70,1790595024.8487878,3.0145312500000006,-0.7771603573069854,2.0837139533547795,3.746096730945624,3.247238510497186,-2.216193887774852,0.1543732186400412,3.934450963336547
71,1790595024.8687878,1.146416015625,-0.5903488338694853,0.06710750804227937,1.2912338456562413,3.3105612996670226,-2.2195273220443927,0.16876613075706265,3.9893106746711604
72,1790595024.8638752,0.06386718750000005,0.017986127068014685,-1.1878827263327207,1.1897343778868141,3.3105612996670226,-2.2195273220443927,0.16876613075706265,3.9893106746711604
73,1790595024.8838751,0.3847998046875001,0.6263210880055147,-1.0154413200827206,1.253582892950956,3.3585281243010465,-2.2216990301584305,0.17443103980333705,4.0306431161757414
74,1790595024.9092417,-0.4390869140625,2.1591335880055147,-1.8441180778952206,2.87322582721485,3.4101368784871555,-2.218741001412716,0.1750979746945306,4.072162136029231
75,1790595024.9292417,-0.8797705078125,2.9207497989430147,-3.075158116957721,4.331440058310086,3.442745409040622,-2.209138791386534,0.16816602946988124,4.0940285739778
76,1790595024.9533062,-0.8510302734375,3.174621869255515,-3.477521398207721,4.784937994797327,3.4729717673158365,-2.1883170150161235,0.1492498825495219,4.1076197222020205
77,1790595024.9733062,-0.8606103515625,3.3470632755055147,-2.7973358513327207,4.446186074896731,3.491757203260185,-2.163825308419032,0.1264746168124522,4.109805854364895
78,1790595024.9835868,-0.9851513671875,3.3470632755055147,-2.1746307732077206,4.111249783981887,3.498541887761971,-2.1479627601678604,0.11268989070343184,4.10685261130221
79,1790595025.0035868,-1.114482421875,3.3039529239430148,-1.3842743278952208,3.751585185914046,3.506611573604639,-2.111755984153726,0.0845571572470971,4.0942628124717135
80,1790595025.0293221,-0.49656738281249996,2.959070111443015,-0.6561883903952207,3.071360983961036,3.512328256562276,-2.0600660606184413,0.04984844408201339,4.072199261251244
81,1790595025.0493221,-0.79833984375,2.805788861443015,-1.3267938591452206,3.2047120909345246,3.514162159054094,-2.0172740379809073,0.023946486137428964,4.052073994714047
82,1790595025.0889235,-0.5061474609375,3.3566433536305147,-1.3267938591452206,3.6446703280750725,3.513374266215015,-1.9269495471454536,-0.02752942977112147,4.007204906321798
83,1790595025.1089234,-0.7743896484375,2.9542800723805147,-1.3890643669577207,3.3551378346088,3.5111152372058094,-1.8787088410975639,-0.05370069895440256,3.98250685920629
84,1790595025.1037211,-0.7648095703125,2.7674685489430146,-0.9340106560202207,3.0193031901068945,3.5111152372058094,-1.8787088410975639,-0.05370069895440256,3.98250685920629
85,1790595025.1237211,-0.022353515624999955,3.0836111270680147,0.01920711741727937,3.083751964084976,3.5063398681114575,-1.8277830972990692,-0.07694356276817982,3.954886930536891
86,1790595025.1483028,-0.06546386718749996,2.8105789005055146,0.2778692267922794,2.8250399255713305,3.5011890325935795,-1.763713174299845,-0.10067819655645599,3.9216252883739746
87,1790595025.1683028,0.3847998046875001,2.992600384880515,-0.11012393727022064,3.0192474616755813,3.498105864816041,-1.7106994786606624,-0.1168407759899468,3.8957527019414586
88,1790595025.1934216,0.3752197265625001,3.212942181755515,-0.8477899528952206,3.344029771209522,3.4962462353348633,-1.6424139475968675,-0.13589978262185187,3.865194699400096
89,1790595025.2134216,0.03512695312500005,2.9973904239430147,1.4035284064797795,3.309905624663157,3.4956031900263267,-1.5868840032460363,-0.14796497842236253,3.841788143133342
90,1790595025.2230697,1.5391992187500003,1.9866921817555148,0.9436846564797794,2.684515001061543,3.496478705575227,-1.5605077695833938,-0.1512137811551053,3.831894237199453
91,1790595025.2430696,1.2134765625000001,2.456116009880515,-0.8334198357077207,2.8634978338178083,3.5021503790288127,-1.5073684795960058,-0.15677279424633575,3.815991970592579
92,1790595025.2841432,0.33689941406250007,2.8776394473805147,-1.9255487419577206,3.4787997875662593,3.516826970623962,-1.3981763227065112,-0.17497581287757286,3.788612609620755
93,1790595025.3041432,0.5093408203125,2.815368939568015,-2.050089757582721,3.5197440746830613,3.524170841320145,-1.3444431495316052,-0.1884733334798987,3.7766161704052776
94,1790595025.3136203,1.3954980468750002,2.973440228630515,-1.7483172966452207,3.7209373767666505,3.5284827281700224,-1.3186859670919502,-0.19660970047762472,3.7719727487246377
95,1790595025.3336203,1.2853271484375002,3.4237039005055148,-2.4189227653952208,4.384632438619503,3.5402385759455366,-1.2628873177799258,-0.21745547762010653,3.765031266373394
96,1790595025.3439612,1.0554052734375001,3.1602517520680147,-2.1890008903952207,3.986577018671496,3.5472205534328545,-1.233258058447115,-0.23019075205664377,3.7625372922741427
97,1790595025.3639612,2.0948437500000003,2.729148236443015,-1.3220038200827207,3.685690509756264,3.563423953471065,-1.1757149073098943,-0.2563934251434696,3.7611212960896205
98,1790595025.3886466,2.6313281250000005,3.9553982364430147,-2.212951085707721,5.240822017394553,3.5891734750070694,-1.1029688801530422,-0.2904280582066447,3.766039702562104
99,1790595025.4086466,0.77279296875,3.548244916130515,-4.066696202895221,5.452088495616876,3.6120124716995754,-1.0416157108366302,-0.32328601466828155,3.773077156917822
100,1790595025.4340224,0.21235839843750007,2.317204877068015,-3.7026532341452207,4.373119653522048,3.6385186724816276,-0.9642848359414262,-0.3735090125628333,3.782614487003627
101,1790595025.4540224,1.6924804687500004,2.216614056755515,-1.8345379997702207,3.338172806537625,3.659133169963135,-0.9056780078409394,-0.41546057612142806,3.792375996617733
102,1790595025.4782546,2.3678759765625004,3.773376752068015,-1.8728583122702207,4.832474212168011,3.687742704452205,-0.8344344745653716,-0.4654029839727425,3.809504834499411
103,1790595025.4982545,1.5918896484375002,3.7829568301930148,4.32066219554228,5.9592782146745495,3.713753271186249,-0.7731193207009882,-0.4967682121104302,3.8257620809259842
104,1790595025.5084305,3.0576416015625005,3.284792767693015,-1.0202313591452208,4.6021633735100425,3.7285507717227038,-0.7412077887513443,-0.507814108631191,3.835277696900776
105,1790595025.5284305,2.1906445312500002,2.8441091739430147,-1.4417547966452207,3.8686609245644483,3.7611439745697592,-0.6787028737959555,-0.5299604163691589,3.858458193535271
106,1790595025.5537848,0.4758105468750001,2.8249490176930148,-2.792545812270221,4.000630543140689,3.8013356593757623,-0.6005697657839204,-0.5618763017297281,3.889285515009279
107,1790595025.5737848,-0.8175,4.295491009880515,-4.837892491957721,6.521100599569463,3.827771441724237,-0.5375012725720318,-0.5947213837390563,3.910810063448837
108,1790595025.5978732,1.5679394531250002,3.735056439568015,-0.7376190544577207,4.1174218395645985,3.8561910308073464,-0.45842622837456826,-0.6384196535088791,3.935472465527761
109,1790595025.6178732,1.5966796875000002,3.217732220818015,0.31139950022977936,3.605572952820243,3.8809946171282816,-0.3921911307510185,-0.66989832442447,3.9578651905143474
110,1790595025.6285796,1.7020605468750003,3.8021169864430147,0.07189754710477937,4.166326072345589,3.894929659945554,-0.35641579432291814,-0.6839140783706139,3.970547536670472
111,1790595025.6485796,2.8037695312500004,4.118259564568015,-1.0633417107077208,5.094298874158504,3.923814879521751,-0.2877300835899973,-0.7076558796649731,3.9974852912529157
112,1790595025.6733444,2.4205664062500003,4.142209759880515,-0.8621600700827207,4.874460319703144,3.963920151762391,-0.2000954481681631,-0.7362205668953862,4.036672129495454
113,1790595025.6933444,0.9260742187500001,5.042737103630515,-3.094318273207721,5.98845694072125,3.9964707010241463,-0.12616052666305297,-0.761763742614932,4.070378181716662
114,1790595025.7186255,1.2038964843750002,4.899035931755515,-2.3710223747702206,5.574196525723069,4.035483306647732,-0.027870539610595713,-0.799571423582197,4.114026828621801
115,1790595025.7386255,0.6769921875000001,3.644045697380515,-1.2597333122702208,3.914628396741737,4.064538118863109,0.051037799931143935,-0.8304407990569661,4.148819940350683
116,1790595025.749042,0.36084960937500005,4.578103314568015,-1.4657049919577207,4.820532493707984,4.07821154388195,0.09239413558922024,-0.8462359495141227,4.1661086585917735
117,1790595025.769042,1.5056689453125003,6.034275189568015,-0.3113055778952206,6.227072120920331,4.103326667898583,0.1758071934758396,-0.8746795171313243,4.199197800825131
118,1790595025.7931244,4.489863281250001,8.932248822380515,-2.4716131950827207,10.298194652235999,4.139861116235782,0.2882130466904709,-0.9088180770176232,4.248231057642414
119,1790595025.8131244,3.2109228515625,7.6437283145680155,-5.412697179457721,9.90120693966774,4.177202257819646,0.39242522292376836,-0.9447432269559647,4.300646000684024
120,1790595025.8390603,-0.7169091796875,4.640373822380515,-0.8765301872702207,4.776539872391994,4.223213847834362,0.5311907678854983,-0.9965764208158838,4.371597350963707
121,1790595025.8590603,-0.654638671875,5.258288861443015,-0.35441592945772066,5.310721626308737,4.251315367212458,0.6369942603675832,-1.032397516305833,4.421005391414094
122,1790595025.8684776,-1.0330517578125,3.917077923943015,-0.08617374195772064,4.051928097876888,4.261370580189183,0.6858211030786255,-1.047045575402652,4.441388774257456
123,1790595025.8884776,1.0122949218750001,4.415241986443015,-2.409342687270221,5.130695371234358,4.279490989469914,0.7864611758377514,-1.0772313392634436,4.482520682422513
124,1790595025.928542,1.9271923828125004,4.808025189568015,-3.8655145622702207,6.463232901189173,4.319177905353011,0.9855389411101827,-1.1474845703817935,4.576385650466806
125,1790595025.9485419,-1.478525390625,3.1842019473805148,-2.1315204216452206,4.107135093993779,4.3366907436440485,1.0819993773856242,-1.1862897640316084,4.624380246359183
126,1790595025.9589334,-1.6174365234374999,3.6727859317555147,-3.530211827895221,5.344890359741921,4.342012208982372,1.1299440427093768,-1.2078401449960718,4.64636647053055
127,1790595025.9789333,-3.3083203125,3.371013470818015,-5.704889562270221,7.406381034502365,4.34332925876415,1.2189450481542563,-1.2569482380162598,4.682975010984866
128,1790595025.9882185,-5.861411132812501,1.8717312442555147,-2.1123602653952207,6.505504147212665,4.3374632781754885,1.257717790695396,-1.2817712267935202,4.694505214438293
129,1790595026.0082185,1.6876904296875002,4.305071088005515,-3.8655145622702207,6.026951044297847,4.320462875115712,1.3379707049286096,-1.3361856117156934,4.7161379381286475
130,1790595026.0333953,2.6935986328125003,4.678694134880515,-3.731393468520221,6.562693777662497,4.310545215737788,1.4408060641680616,-1.4087546533616044,4.758288751729068
131,1790595026.0533953,2.61216796875,5.196018353630515,-3.8559344841452208,6.977840566697474,4.31180720506681,1.5250551390439429,-1.4691360760450263,4.803731399727442
132,1790595026.0790074,3.081591796875,5.593591595818015,-4.770831945082721,7.97153137054575,4.3241180932052075,1.6374874573499907,-1.5514334490487798,4.8771208928824565
133,1790595026.0990074,1.4769287109375002,5.124167767693015,-4.540910070082721,7.004161476810353,4.33912719151406,1.7281907772272889,-1.620025743347427,4.9435970260265485
134,1790595026.109084,-0.49656738281249996,4.731384564568015,-3.793663976332721,6.08477324383007,4.346295774814879,1.77448293973829,-1.655699338102782,4.977993266748149
135,1790595026.1290839,-0.9180908203125,3.610515423943015,-6.485665929457721,7.479476915493567,4.356267822563327,1.865094743639145,-1.7313028226624223,5.045102299102553
136,1790595026.1537251,-2.6951953125,3.428493939568015,-5.9731317497702205,7.395738730261477,4.360033403053426,1.972997189395287,-1.8335040151325188,5.12487523346768
137,1790595026.1737251,-1.1863330078125,4.233220502068015,-2.7111151482077207,5.165044740502816,4.356808985197965,2.058931506795439,-1.9170388425428415,5.186137426543444
138,1790595026.2137275,-1.4593652343749999,3.984138470818015,-3.127848546645221,5.271294221792702,4.343389587875022,2.229682076714481,-2.076574432023997,5.305532644986622
139,1790595026.2337275,0.629091796875,3.797326947380515,-2.9841473747702207,4.870378218223471,4.336441274964124,2.31391893073057,-2.1535410015779366,5.366254056106837
140,1790595026.2436619,3.0959619140625003,3.897917767693015,-3.621222570082721,6.1556474882094205,4.336283073690822,2.355218453590947,-2.1909588663672626,5.3991393400639485
141,1790595026.2636619,1.8218115234375003,3.9985085880055147,2.8405401252297797,5.232182752764274,4.343389009686041,2.437735636509994,-2.2561600740684766,5.467891860927111
142,1790595026.2732692,-1.06658203125,3.337483197380515,6.06423641429228,7.003667225861829,4.34683462308071,2.476714271885036,-2.276366138082138,5.496446817679511
143,1790595026.2932692,-0.999521484375,3.136301556755515,3.1854229377297796,4.580649511242842,4.349832426203632,2.555396985020708,-2.298245955589713,5.543737941090828
144,1790595026.3341298,1.5344091796875003,3.505134564568015,0.3784600471047794,3.8449462744872296,4.356677538903637,2.7123887704318803,-2.325320302139147,5.6342529697816115
145,1790595026.3541298,3.9342187500000003,3.9122878848805147,0.2922393439797794,5.556030732564764,4.367728366892679,2.7888309767150026,-2.3355784756889713,5.684149551141821
146,1790595026.3636756,4.920966796875,3.9985085880055147,-0.29214542164522067,6.34738797393765,4.378551394150875,2.825506969700385,-2.3397401188596008,5.712231242767327
147,1790595026.3836756,4.154560546875,3.806907025505515,0.5317412971047794,5.660005587059099,4.411439246210875,2.9025308318783885,-2.3467921360280415,5.7786602930728925
148,1790595026.3932724,2.7175488281250004,3.495554486443015,0.3880401252297794,4.444608862399908,4.4297993464909275,2.9392022362368797,-2.3490063865114195,5.812044652232359
149,1790595026.4132724,2.0996337890625,3.438074017693015,0.4167803596047794,4.050002576228938,4.469548517736112,3.0145630390464735,-2.3517215191445886,5.881755551907093
150,1790595026.4540393,2.6744384765625004,3.495554486443015,1.0730157111672793,4.530219095035212,4.553014650129247,3.1663326749253002,-2.3518706667452594,6.023860941762181
151,1790595026.4740393,1.5344091796875003,2.992600384880515,-0.08138370289522064,3.3640291172035375,4.594133628151175,3.2393534458927706,-2.3504454153001175,6.092952337827056
152,1790595026.4840934,0.533291015625,3.097981244255515,-0.9723309685202207,3.2904885062021965,4.61326294006053,3.2751478859481096,-2.350630967508472,6.126520592830494
153,1790595026.5040934,0.3752197265625001,6.259407025505515,-5.1348749138327205,8.104807618621063,4.646970481729853,3.349706946162296,-2.3601055083512645,6.195560450337523
154,1790595026.5136635,2.2098046875,4.970886517693015,-3.5254217888327206,6.482402974041005,4.662535794007853,3.388093040443012,-2.3701751007290413,6.231865249603744
155,1790595026.5336635,0.3943798828125001,1.4502078067555149,-1.6237762810202208,2.2125296801502348,4.6940916689788015,3.4659122043612594,-2.395786113992294,6.307680644192033
156,1790595026.5584002,-0.539677734375,1.9148415958180147,-2.572204015395221,3.2517847239431936,4.726997059402197,3.553967140983176,-2.43049577034748,6.393941924076425
157,1790595026.5784001,0.6147216796875,2.901589642693015,-3.453571202895221,4.552390498576362,4.7497234902952545,3.6217065607785166,-2.463388251413567,6.461030360851981
158,1790595026.6031797,2.9666308593750004,3.576985150505515,-0.9052704216452206,4.73447314482179,4.780313252095847,3.7050853433847406,-2.506129145975584,6.5467347194029415
159,1790595026.6231797,4.5138134765625,4.247590619255515,-3.7218133903952206,7.2296910779721335,4.81251997435174,3.774024101632174,-2.542392100416018,6.62324422133842
160,1790595026.6341403,3.560595703125,3.7925369083180147,-3.410460851332721,6.220323237625171,4.834160187229066,3.812746835942167,-2.565147332021092,6.6697918997336405
161,1790595026.6541402,1.7834912109375003,3.308742963005515,-3.261969640395221,4.976853105084572,4.875740528671411,3.883458151245846,-2.610449593782732,6.757850249679051
162,1790595026.6789248,-0.12294433593749995,3.174621869255515,-2.749435460707721,4.20151575923399,4.922625668980675,3.969993116054657,-2.6693427599388704,6.864290173679058
163,1790595026.6989248,2.3630859375,3.011760541130515,-2.0548797966452206,4.34481388367577,4.958144870117073,4.038627888405237,-2.7169446442694865,6.948057568421367
164,1790595026.7234583,5.0071875,3.361433392693015,-2.706325109145221,6.6102463426152145,5.008741260388302,4.121918423280373,-2.7753386276843677,7.055508840616055
165,1790595026.7434583,3.0528515625000003,2.504016400505515,0.7377129767922794,4.016742614704982,5.055891019944162,4.188431027119109,-2.8187544349612135,7.144953816442732
166,1790595026.7537796,2.1379541015625003,2.307624798943015,-1.3651141716452206,3.4292151659980923,5.080591907283403,4.22133208812615,-2.838284843548276,7.18943110264734
167,1790595026.7737796,2.5403173828125003,2.3124148380055147,-4.105016515395221,5.352722240142388,5.128293280006752,4.282452333924695,-2.8786578882718312,7.274988741971297
168,1790595026.7986195,3.4887451171875004,2.1495535098805147,-3.5254217888327206,5.405600944734616,5.189883508360018,4.35528932848735,-2.935494979829953,7.383804354246524
169,1790595026.8186195,3.3594140625000004,1.7328201114430148,-1.9878192497702207,4.270802471632372,5.242307026482353,4.410961265173096,-2.982663157873647,7.472258143031494
170,1790595026.84402,3.3546240234375,1.3975173770680147,-1.5854559685202207,3.9648742459184576,5.311689603882348,4.477023511809427,-3.040389253347572,7.582991018401488
171,1790595026.8640199,3.3546240234375,1.4262576114430148,0.47905086741727937,3.6765748797483213,5.368189848594128,4.525473320999768,-3.080683789611521,7.667332237565092
172,1790595026.8888361,3.5510156250000002,1.2586062442555148,-1.1926727653952207,3.951742650070801,5.440633161763366,4.5815701039226395,-3.1245103497547566,7.768773310102538
173,1790595026.9088361,4.9640771484375,0.9999441348805147,-1.1256122185202206,5.18738403002933,5.5030318977017965,4.623386111551879,-3.158010443417204,7.850610751040097
174,1790595026.918391,6.13763671875,0.8418728458180147,0.24912899241727937,6.20011287274166,5.536326556777307,4.641686715393698,-3.172242331372044,7.890455545536566
175,1790595026.938391,3.8527880859375006,0.12336698644301469,1.2071368049172795,4.039353254454465,5.610549938090141,4.67569495368429,-3.1953792674779,7.971878233562002
176,1790595026.978983,2.9522607421875002,-0.2742062557444853,1.9064825080422794,3.5250117892032757,5.7593143951219625,4.733905382667491,-3.2258150859974695,8.123142584182316
177,1790595026.998983,3.1821826171875003,-0.16882539636948532,3.0321416877297795,4.398712475038394,5.83081887336552,4.757619468103085,-3.2311537322669857,8.189856297812062
178,1790595027.0090466,2.1858544921875005,-0.20235566980698533,3.0321416877297795,3.7433662514624593,5.865453381723403,4.767481954185491,-3.2288599393150808,8.219365186215331
179,1790595027.0290465,1.7787011718750003,-0.11613496668198532,3.8272881721047796,4.222013730632442,5.929906435866394,4.783664390005536,-3.2146960223376095,8.269311086805839
180,1790595027.0386183,1.4338183593750002,0.2622781192555147,2.4812871955422793,2.8777440897833664,5.9584322518298585,4.790352342924542,-3.204405292546207,8.289668494451815
181,1790595027.0586183,2.5642675781250004,1.0813747989430147,0.36887996897977937,2.807296225824169,6.015092665131242,4.804245962601542,-3.181853189937464,8.329844462029534
182,1790595027.0833778,4.5473437500000005,1.8382009708180147,-2.998517491957721,5.748775968791685,6.087921357672736,4.82428750512125,-3.1630051836168738,8.386962392956349
183,1790595027.1033778,3.0193212890625003,2.283674603630515,-2.735065343520221,4.670337586853697,6.1492757888134815,4.844230908359597,-3.1586644401776467,8.441405502997522
184,1790595027.1290264,2.2912353515625004,2.566286908318015,-1.7195770622702207,3.846106239450498,6.226371808655269,4.875300141741437,-3.1625018906761078,8.516905281862135
185,1790595027.1490264,1.1320458984375001,2.580657025505515,-3.812824132582721,4.741196733469865,6.282606255391922,4.903613354149614,-3.1733439610702106,8.578267726210514
186,1790595027.1597965,0.06865722656250005,2.480066205193015,-5.106134679457721,5.676975740802539,6.309316264557671,4.9206609613930326,-3.185511034626022,8.612076205823628
187,1790595027.1797965,0.6578320312500001,2.446535931755515,-4.320568273207721,5.008551811667568,6.352566280196768,4.954959569481433,-3.2188561330702323,8.675699250486527
188,1790595027.2038674,-0.003193359374999955,2.1591335880055147,-2.409342687270221,3.2352434580878384,6.397993639618818,4.998362370198241,-3.265118419389404,8.750939794619352
189,1790595027.2238674,-1.1096923828125,1.6657595645680148,-1.9159686638327207,2.7707594684870873,6.428407112407423,5.034752671836919,-3.3042788421460694,8.808598704452002
190,1790595027.248216,-1.3204541015625,1.1244851505055147,-1.3938544060202207,2.225060896520053,6.455441561692204,5.077505167203049,-3.3508467138517006,8.87028512389131
191,1790595027.268216,0.7775830078125001,0.9712039005055148,0.7808233283547794,1.4688626281919273,6.4735025561052515,5.110498249334566,-3.3842796854224755,8.914974856359166
192,1790595027.2782779,2.7989794921875,0.8897732364430148,2.1411944221047796,3.634652137857087,6.483925108259236,5.126011613939294,-3.3963716822758827,8.936029346411111
193,1790595027.2982779,2.1762744140625,0.5017800723805147,0.2155987189797794,2.243754971909142,6.508997163303514,5.154309187338701,-3.4132662488167074,8.97687772869212
194,1790595027.3240855,1.6110498046875004,0.0706765567555147,0.47905086741727937,1.6822503923113516,6.543827453067772,5.186454699948847,-3.430452085461368,9.027125323201798
195,1790595027.3440855,1.7403808593750003,-0.06344453699448532,0.7760332892922794,1.906614384463493,6.571797987812863,5.207640426255292,-3.439890107969454,9.063161234177382
196,1790595027.3690693,2.8660400390625003,-0.029914263556985315,1.5999200080422795,3.2825027647829246,6.610129021167065,5.229960835282242,-3.4454595111946724,9.105903978098112
197,1790595027.3890693,2.9091503906250002,-0.21193574793198533,0.6658623908547794,2.991896635928441,6.644873690947849,5.2447857155102,-3.445850474534549,9.13980355714064
198,1790595027.3986182,1.7930712890625002,-0.42748750574448535,0.5317412971047794,1.9184887339451777,6.6623416558682775,5.250344143756196,-3.4451514536308427,9.155434370134897
199,1790595027.4186182,1.5918896484375002,-0.44664766199448536,1.1975567267922795,2.0415065272129422,6.698517443272925,5.258928654348807,-3.4413130368358984,9.185265480477922
200,1790595027.4441485,2.0708935546875002,-0.3029464901194853,1.6813506721047795,2.684644627005433,6.74478304161112,5.2668078908378,-3.4316357385109457,9.21995051392478
201,1790595027.4641485,2.3535058593750002,-0.19756563074448533,1.1065459846047794,2.608153757854181,6.782226684933196,5.271303700643166,-3.421010037946622,9.24600190298303
202,1790595027.4884982,2.61216796875,-0.04907441980698532,-0.39752628102022064,2.642698798528629,6.830044164312771,5.275505826273166,-3.408719065093662,9.278999443595096
203,1790595027.5084982,2.6600683593750003,0.013196088005514686,-0.18676456227022065,2.6666493610909257,6.871336771656089,5.27838576564661,-3.4010144326050904,9.308250345327094
204,1790595027.5191238,2.3870361328125003,-0.15445527918198532,-0.4214764763327207,2.428876355997046,6.894006175654766,5.279573740765151,-3.3980198289295442,9.324578209867799
205,1790595027.5391238,2.0613134765625003,-0.48496797449448537,-0.23945499195772063,2.1310903026659704,6.93694765460155,5.280515257699664,-3.394220134798154,9.355523206798756
206,1790595027.5635374,2.0708935546875002,-0.6621994198069854,0.3161895392922794,2.19706258700038,6.989068954044852,5.27939167010671,-3.3901371519077683,9.39212921331106
207,1790595027.5835373,1.9271923828125004,-0.7675802791819853,-0.004743077895220631,2.074433045954373,7.031359854711194,5.276464611555875,-3.386826867196724,9.420811877530051
208,1790595027.6084523,1.9271923828125004,-0.8106906307444853,0.4455205939797794,2.137703997004148,7.0833435613648765,5.270415991280984,-3.3824980003521814,9.45475189795407
209,1790595027.6284523,3.2300830078125005,-0.7867404354319854,-0.14365421070772064,3.327616757133672,7.1265489786941965,5.263892753672803,-3.3790915297083157,9.482327079047781
210,1790595027.6540966,4.063549804687501,-0.6909396541819853,-1.8728583122702207,4.527409069074343,7.18766587639439,5.253941126466124,-3.379257276496801,9.52291015665973
211,1790595027.6740966,3.9246386718750004,-0.7196798885569854,-1.5423456169577208,4.277798247804453,7.240163434669828,5.245228119680516,-3.384489953479811,9.55966300836086
212,1790595027.6842208,1.5200390625000002,-1.4908761776194854,1.3699981330422795,2.531822547703235,7.266886269584444,5.239800584727927,-3.386872331599661,9.577789432501914
213,1790595027.7042208,0.12134765625000005,-1.4621359432444854,3.5063555549172793,3.800933575807932,7.3142197906595054,5.226257467071864,-3.383558159996055,9.605209215851339
214,1790595027.7289333,-1.210283203125,-2.0369406307444855,5.75767391429228,6.226132143495352,7.361915194517202,5.205547998801389,-3.3629069924831834,9.623131961018755
215,1790595027.7489333,-1.286923828125,-0.7675802791819853,-0.11970401539522063,1.503223694493517,7.390979465021151,5.187095000564707,-3.340243930407626,9.627552207693952
216,1790595027.7735784,5.2131591796875,-0.12092500574448532,-8.06637882008272,9.60510899255461,7.428679067381179,5.166124713492596,-3.3316372526582434,9.64229868987714
217,1790595027.7935784,2.5642675781250004,-2.5734250057444856,3.4057647346047797,4.979680501788406,7.466350077130499,5.147618057945741,-3.3326913504313,9.661841790362503
218,1790595027.8040452,3.0576416015625005,-2.1519015682444853,3.0321416877297795,4.813910649096799,7.487520910743253,5.135676123313973,-3.328106427606521,9.670285984699241
219,1790595027.8240452,1.5008789062500003,-2.1998019588694855,-0.14365421070772064,2.666908825161873,7.528743916896067,5.109752729979714,-3.3163269633036334,9.68450217901103
220,1790595027.849127,-0.14689453124999996,-2.3961935604319855,0.2251787971047794,2.4112293696437153,7.575233877215174,5.073473181996549,-3.303616923484588,9.697328663094822
221,1790595027.869127,-0.8701904296875,-2.5015744198069854,0.9341045783547794,2.808497342896328,7.605218201605895,5.041536996649823,-3.2932633933724027,9.700619720448444
222,1790595027.894883,-0.18042480468749997,-2.6644357479319853,1.6621905158547794,3.1455759847763933,7.636010359707811,4.996599680323969,-3.2769149093971035,9.69602155022397
223,1790595027.914883,0.6051416015625001,-2.4345138729319853,0.7568731330422794,2.620288361032266,7.656971575521509,4.959290712591434,-3.2624956187900107,9.688532176907088
224,1790595027.923997,0.6434619140625001,-2.7793966854319856,-1.9303387810202208,3.4446040381079963,7.665944314941466,4.941275234724586,-3.2577124816048566,9.684812532924422
225,1790595027.943997,2.3391357421875,-2.7554464901194855,0.8383037971047794,3.710363140789746,7.6871546535488,4.899369519070019,-3.2504287623292507,9.677884866588702
226,1790595027.969068,1.9607226562500002,-2.8416671932444855,0.15332821116727938,3.455866796077911,7.717839969685088,4.844193493179628,-3.240803178792684,9.67130134163471
227,1790595027.989068,2.0661035156250005,-3.1003293026194854,-0.16760440602022064,3.7294660152462042,7.744686987055939,4.797867314234939,-3.2342977762831286,9.667491370471843
228,1790595028.0136647,3.2971435546875005,-3.2488205135569856,0.2922393439797794,4.638037751430635,7.782645654942642,4.737727156898175,-3.2272673657780824,9.665965376196226
229,1790595028.0336647,2.525947265625,-3.2488205135569856,0.6083819221047794,4.159972701974256,7.817615386386842,4.6864148820694425,-3.2210573724598004,9.66709911881697
230,1790595028.0442905,1.6350000000000002,-3.0524289119944856,0.3832500861672794,3.4838811534446847,7.836723684835624,4.6582206259391885,-3.2174626790106755,9.667746562835388
231,1790595028.0642905,0.20277832031250007,-2.7937668026194853,0.8622539924172794,2.930824788698055,7.870051183359795,4.604344136810888,-3.209843374897261,9.66647738580397
232,1790595028.0885632,0.32731933593750007,-2.5063644588694856,0.7041827033547794,2.6239043481168935,7.905396510909639,4.539117065636922,-3.199131756478297,9.660917230033935
233,1790595028.1085632,0.32252929687500004,-1.9315597713694854,0.6275420783547794,2.0563942612790616,7.93112627448011,4.486776761331083,-3.1896320191064134,9.65441257172482
234,1790595028.1344638,-0.98994140625,-2.7171261776194853,3.2237432502297794,4.330736565102449,7.958152519236347,4.420131494073078,-3.171693634298604,9.639989338903586
235,1790595028.1544638,-1.7515576171874998,-1.6728976619944853,0.4551006721047794,2.46447911242607,7.971779079174679,4.369803525800206,-3.1544014293155116,9.622613622011992
236,1790595028.1633384,3.3306738281250006,-0.40832734949448535,-4.16249698414522,5.346634503752814,7.977969710561225,4.349435904079645,-3.150346912921842,9.617186649851694
237,1790595028.1833384,3.5174853515625,-0.5089181698069853,-0.08617374195772064,3.555154963685754,8.000100500338673,4.309044520676658,-3.148953220622839,9.616931895483278
238,1790595028.208437,5.33291015625,-1.1316232479319854,1.7005108283547794,5.710712651433829,8.04036710573795,4.262871297132655,-3.144427767618345,9.628447480083151
239,1790595028.228437,3.2252929687500003,-2.0656808651194853,-0.10054385914522064,3.8314046038497147,8.080478137308006,4.2268008827153745,-3.138962598945045,9.644327805876983
240,1790595028.2537417,1.2661669921875003,-2.9518380916819855,5.66666317210478,6.513647094961355,8.132139898381366,4.178486236587314,-3.1225213443260813,9.661344942706874
241,1790595028.2737417,1.7547509765625002,-2.4872043026194857,1.3556280158547795,3.3321259805244905,8.171378097311273,4.137869475791042,-3.100942537867165,9.670016981942466
242,1790595028.2984037,2.1475341796875003,-3.4835324276194854,5.99717586741728,7.260373241916339,8.219722962844585,4.084253774675091,-3.0647248741138284,9.676647820184131
243,1790595028.3184037,2.8037695312500004,-2.4584640682444854,1.1544463752297793,3.903577281481212,8.260474918884247,4.038382496685054,-3.0290319473031264,9.68085810312448
244,1790595028.3286107,0.5189208984375001,-0.7005197323069854,-3.9421551872702207,4.037399449485788,8.280696511736487,4.0160654869397625,-3.015682572269933,9.684681620557598
245,1790595028.3486106,2.5786376953125005,-0.03470430261948532,-1.1735126091452206,2.833321124780898,8.319022559692351,3.977792953086733,-3.001122252371482,9.697201034317894
246,1790595028.373287,1.6829003906250002,0.6454812442555147,-3.2571796013327208,3.722635990368842,8.367103732066816,3.9387852147756726,-2.9940521830704223,9.720432207790488
247,1790595028.393287,-0.07983398437499996,0.8801931583180147,-2.9410370232077208,3.070962753419449,8.402632354908915,3.9142005583461454,-2.998478795194909,9.742487956777413
248,1790595028.4191375,-0.3624462890625,1.1963357364430147,-4.785202062270221,4.945780553512358,8.440808343781127,3.891216609638133,-3.01832164284002,9.772362955764857
249,1790595028.4391375,-0.281015625,1.1149050723805147,-4.833102452895221,4.967983738107014,8.46494867502308,3.879568625090675,-3.045798258552997,9.797106502399952
250,1790595028.4481916,0.39916992187500006,0.6502712833180148,-2.9362469841452206,3.0337659303808615,8.474318185684051,3.8762851108932463,-3.061647231728848,9.80883982664112
251,1790595028.4681916,0.9548144531250001,0.05151640050551469,-0.47416690602022066,1.0673138405278115,8.49394119621682,3.8711727202867046,-3.09652061362329,9.834706664953213
252,1790595028.493267,1.4290283203125003,-0.49454805261948537,1.2358770392922793,1.9529699876994375,8.519336768713213,3.864891218796367,-3.1322529058952697,9.865469648139795
253,1790595028.513267,-0.15168457031249996,-1.1172531307444853,0.8574639533547794,1.416512336103025,8.538469804258419,3.8582149522960467,-3.1533377363258497,9.886092660687043
254,1790595028.5389183,-1.4066748046875,-1.3902853573069853,0.8383037971047794,2.1481109461862347,8.556330177702495,3.846112529213703,-3.173061561210229,9.90311503358751
255,1790595028.5589182,-0.7839697265625,-1.3902853573069853,1.1783965705422794,1.9839658223806422,8.564880925912513,3.8339209660496762,-3.1831082017098726,9.90900161836539
256,1790595028.5837097,0.5572412109375001,-1.5723068416819854,3.4536651252297794,3.8354229713025787,8.573468756424388,3.815566933054049,-3.1850810580656415,9.909977743892727
257,1790595028.6037097,0.84943359375,-1.4525558651194854,0.9580547736672794,1.9363173605663713,8.581467603619158,3.7984439374835466,-3.1798163092594796,9.908632314240105
258,1790595028.6136694,0.030336914062500046,-1.5579367244944855,-0.25382510914522066,1.5787698856755614,8.585510584730711,3.7889472168069847,-3.1770617630055225,9.907614973252858
259,1790595028.6336694,0.33210937500000004,-1.6106271541819854,0.6610723517922794,1.7724088470371127,8.59295512707176,3.7679846368307537,-3.1717492197457036,9.90437171920657
260,1790595028.6587257,0.9308642578125,-1.6010470760569855,0.8191436408547794,2.02505711291713,8.603256207817637,3.7396261952849583,-3.1633102494180063,9.899866321920069
261,1790595028.6787257,0.4518603515625001,-1.7160080135569855,1.0299053596047794,2.051722771148341,8.612319264441245,3.7154102726244274,-3.154811092466405,9.89591580581292
262,1790595028.688059,0.7057324218750001,-1.7016378963694854,-0.10533389820772064,1.8451896953316087,8.616724613577274,3.703412212149522,-3.150792540272601,9.893972847707037
263,1790595028.708059,-1.2246533203125,-2.8081369198069854,4.90504696116728,5.783156093915489,8.623970220761073,3.6747940578747866,-3.1362735091576113,9.884997989914284
264,1790595028.7334387,-3.241259765625,-3.3685714901194856,6.29894832835478,7.844092604985533,8.623284846086767,3.632168266694586,-3.099286235064257,9.85693984059919
265,1790595028.7534387,0.6817822265625001,-1.2753244198069853,-3.3529803825827207,3.6515417053892607,8.618986550875519,3.5966505172971646,-3.0700922070084466,9.8309862306526
266,1790595028.778804,-3.32748046875,-2.6069552791819857,10.66746395335478,11.474455511861603,8.609319685907336,3.5509757161438884,-3.0247051281685455,9.791764657259911
267,1790595028.798804,-0.9468310546875,-0.6238791073069854,-0.38794620289522064,1.198422481012278,8.596429444404711,3.5155179933506515,-2.9788672233187015,9.753518128776044
268,1790595028.808356,-1.440205078125,0.2383279239430147,-2.390182531020221,2.8007076602141563,8.589486442868594,3.5008473506104,-2.9622490977465525,9.737049308779303
269,1790595028.828356,0.7584228515625001,0.5544705020680147,-0.6609784294577207,1.148710252258656,8.576107102851546,3.4759267651072117,-2.937250059326255,9.708713500097813
270,1790595028.8686898,-1.2342333984374998,0.6598513614430147,-5.168405187270221,5.354544619369467,8.551733084891863,3.436881609734901,-2.9120311263528813,9.665620478552636
271,1790595028.8886898,-1.0043115234375,0.9807839786305147,-5.791110265395221,5.9588200975372265,8.538102039680286,3.4228856962714502,-2.91784103561868,9.650343477766615
272,1790595028.8986957,-0.07504394531249996,1.1580154239430147,-3.161378820082721,3.3676323077030843,8.531495394110198,3.41853894174492,-2.927030081308032,9.645741405036324
273,1790595028.9186957,0.7871630859375001,1.3975173770680147,-4.967223546645221,5.219769181239381,8.521338964726846,3.4149871564510152,-2.9548350453729464,9.643982848173339
274,1790595028.9282498,0.5572412109375001,0.8562429630055147,-4.387628820082721,4.504992390857508,8.518178277455286,3.415159905058588,-2.9728286204426757,9.646781242992606
275,1790595028.9482498,-1.14322265625,0.3245486270680147,-4.124176671645221,4.291983582452022,8.511675399739907,3.4172384675728846,-3.017612828433621,9.655678331278676
276,1790595028.9737198,-2.1922412109375,-0.30773652918198535,-2.0979901482077206,3.0499485176478545,8.498264610938277,3.419520578633755,-3.0779765979549936,9.663724040078142
277,1790595028.9937198,-2.858056640625,-0.9879220760569853,2.6441485236672797,4.016963928714479,8.481738129861123,3.4191002894002924,-3.1174472065761116,9.66170821223175
278,1790595029.01834,-1.7084472656249998,-1.0454025448069855,3.3818145392922796,3.930436123164847,8.456013272645214,3.414905935245446,-3.1476207375108554,9.647448332120518
279,1790595029.03834,-0.95162109375,-0.9448117244944854,1.5568096564797795,2.054728256320256,8.434260504405268,3.40902447129813,-3.161047227432618,9.630701826769403
280,1790595029.063258,-1.0905322265625,-1.0501925838694854,0.9341045783547794,1.7789649697757375,8.407407667738426,3.399067606565638,-3.1706108891078144,9.606817251081639
281,1790595029.083258,-0.22832519531249998,-1.1124630916819853,0.6946026252297794,1.3312322607814286,8.38710926543862,3.3890306403767094,-3.1746925569801707,9.586855758963091
282,1790595029.0933042,-0.017563476562499954,-1.3902853573069853,2.3663262580422795,2.744576799791099,8.37825727329834,3.382859457892258,-3.174128976612055,9.576744113194
283,1790595029.1133041,0.054287109375000045,-1.3902853573069853,1.6717705939797796,2.1750074445578362,8.363333255275759,3.368245896497193,-3.167118161544061,9.556205366527752
284,1790595029.1385965,-0.13731445312499996,-1.2705343807444853,0.7568731330422794,1.4852507570144602,8.347133515209203,3.347489983855928,-3.154975074461939,9.53069749982763
285,1790595029.1585965,0.28899902343750006,-1.1316232479319854,-0.3017254997702207,1.2062876472962631,8.336472579064045,3.3299359108106605,-3.1461305219776183,9.51227551603255
286,1790595029.183632,1.2134765625000001,-1.1268332088694855,-0.052643468520220636,1.6568191763514077,8.32795042136962,3.3070176953293036,-3.137385258550498,9.493909127360633
287,1790595029.2036319,1.9990429687500002,-1.1555734432444853,0.06710750804227937,2.3099840240305505,8.32698232425123,3.2880317416046494,-3.131425193345665,9.484493191716258
288,1790595029.2139993,0.5859814453125001,-1.5914669979319853,2.2034649299172795,2.7805393644277965,8.328565763881207,3.2775302786795284,-3.127033607495097,9.480799100991383
289,1790595029.2339993,0.34168945312500004,-1.2130539119944854,0.2155987189797794,1.2785672776227728,8.332553721718492,3.2561036765381974,-3.1162038912742274,9.473351538377687
290,1790595029.258273,1.1128857421875,-0.8298507869944853,-0.7184588982077207,1.5631219377430032,8.339315907304096,3.230280187756396,-3.1059470947990717,9.467090748953314
291,1790595029.2782729,1.3619677734375002,-1.0454025448069855,0.36887996897977937,1.7561022544503913,8.34776406518002,3.209381889386981,-3.099288138840329,9.465246112351878
292,1790595029.3037748,1.7212207031250002,-0.8825412166819854,0.15332821116727938,1.9403580206622686,8.362817523754915,3.183044113559589,-3.091072131750489,9.466953770256469
293,1790595029.3237748,0.9117041015625001,-1.2417941463694855,0.5700616096047794,1.6426281714096458,8.376801762819532,3.1623004670303514,-3.0845101375792403,9.470224643913465
294,1790595029.334334,1.5631494140625002,-1.2130539119944854,0.5700616096047794,2.0591032326802496,8.385037263316596,3.151047448224455,-3.0806624686995177,9.472509233261455
295,1790595029.3543339,1.9559326171875002,-1.2226339901194854,0.3066094611672794,2.3269111797511153,8.403574929276731,3.12927670694871,-3.073152766840544,9.479278043657116
296,1790595029.3784623,1.2805371093750002,-1.2513742244944854,0.03836727366727937,1.790861464743802,8.428441377614698,3.102474645989324,-3.0648275901276514,9.489844105258094
297,1790595029.3984623,1.4673486328125003,-1.4286056698069853,0.028787195542279372,2.048134485977073,8.450083160919327,3.079570961944488,-3.058861254009349,9.499699727222103
298,1790595029.4234385,0.6578320312500001,-1.5579367244944855,0.24912899241727937,1.7093785636101666,8.477036664968237,3.0496644414541665,-3.052007439337073,9.511853301773247
299,1790595029.4434385,0.5955615234375001,-1.5723068416819854,0.2203887580422794,1.6957044368847405,8.497262544707468,3.0246133309390633,-3.04663814273584,9.520176496691414
300,1790595029.4539566,0.9452343750000001,-1.7255880916819855,-0.10533389820772064,1.9703343665347643,8.507519354002648,3.0108134565386027,-3.0441472057670405,9.52416481583466
301,1790595029.4739566,1.0937255859375001,-1.8740793026194855,1.0442754767922795,2.408094716009071,8.527155502035892,2.98310972121934,-3.0387127831415497,9.531269587162154
302,1790595029.4990203,0.13092773437500005,-1.8357589901194855,0.9820049689797794,2.0860217881254406,8.550374214204503,2.946625725474957,-3.0291150145054897,9.5376642916422
303,1790595029.5190203,0.6961523437500001,-1.6297873104319853,0.2874493049172794,1.7954001965721096,8.567363381586862,2.9166814229011453,-3.020700959459161,9.541036637668341
304,1790595029.5435896,0.77279296875,-1.7064279354319853,0.3018194221047794,1.8974193619049453,8.587810205768296,2.879266100201341,-3.0108292016079417,9.544933204969109
305,1790595029.5635896,0.4853906250000001,-1.7878585994944853,0.10063778147977938,1.8553087057644733,8.603845056280125,2.8481362464061326,-3.0033950446968714,9.547691429087875
306,1790595029.5738745,0.6865722656250001,-1.8501291073069854,0.18206844554227938,1.9817941640069916,8.611758043007528,2.831722890970053,-2.999927439660375,9.548853112587706
307,1790595029.5938745,1.2374267578125002,-1.8740793026194855,0.4407305549172794,2.2885894423191737,8.627723469545694,2.799006834413032,-2.9932616135866574,9.551526925754429
308,1790595029.6184597,1.0937255859375001,-1.8788693416819855,0.2587090705422794,2.1893643012590838,8.648703725284443,2.7579026399599473,-2.985006973064032,9.555959906178341
309,1790595029.6384597,0.791953125,-1.9028195369944854,0.06231746897977937,2.061988217596119,8.666039477730942,2.7238077562310905,-2.9788175897037323,9.559954139807585
310,1790595029.6633515,1.3332275390625004,-1.8453390682444855,0.5030010627297794,2.331476359908323,8.688346529436098,2.68074121984309,-2.9712144245409835,9.565660147628627
311,1790595029.6833515,0.8733837890625001,-1.9555099666819855,-0.11012393727022064,2.1445152725848433,8.706891127176897,2.645627500569596,-2.965432499496454,9.570950207860852
312,1790595029.7083106,1.3859179687500003,-1.8213888729319854,0.3018194221047794,2.3085322189876925,8.730791794184695,2.601310097477742,-2.958940410995265,9.578562936707327
313,1790595029.7283106,2.0661035156250005,-1.9938302791819855,0.4072002814797794,2.8999922394203255,8.752248900334875,2.5654020706041414,-2.9534550300994016,9.586764063650076
314,1790595029.7389288,1.7499609375000003,-1.7351681698069854,0.15811825022977938,2.4694479628740775,8.76497092491808,2.5462280525685834,-2.9505294180995714,9.59237282727363
315,1790595029.7589288,2.4109863281250004,-1.8644992244944854,0.7137627814797795,3.130282693427538,8.79158057659539,2.5101305387220783,-2.944537629661442,9.605360285209855
316,1790595029.783863,2.0565234375,-1.6968478573069854,0.06710750804227937,2.667036692186624,8.82813361278804,2.465217724520705,-2.936727797463263,9.624843462151604
317,1790595029.803863,1.8505517578125004,-1.6202072323069854,0.2682891486672794,2.474185189361421,8.85891576284772,2.4296209796783383,-2.9309000271417855,9.642283005970354
318,1790595029.8288093,1.8649218750000003,-1.6345773494944853,0.34013973460477936,2.503092437444319,8.898502986411707,2.3857911837794776,-2.9235829875888317,9.665541498389874
319,1790595029.8488092,1.8745019531250002,-1.7207980526194855,0.4072002814797794,2.5769585909373216,8.931089444586787,2.3508896309434086,-2.917475668490154,9.685179657617034
320,1790595029.8580155,1.8792919921875002,-1.6776877010569855,0.3784600471047794,2.547470592849403,8.946431370096787,2.3348872135836096,-2.914543593945907,9.69458080171697
321,1790595029.8780155,2.2529150390625,-1.4573459041819854,0.2108086799172794,2.6914537999375843,8.980959473479894,2.300635230532792,-2.9082454376859013,9.71640093111013
322,1790595029.9037879,2.2720751953125005,-1.5387765682444854,0.3066094611672794,2.7611896678442616,9.027525442020814,2.257326890248144,-2.9003467779472447,9.746986802500524
323,1790595029.9237878,2.3439257812500003,-1.3950753963694853,0.36887996897977937,2.7525071954635147,9.065165348623443,2.224359006234662,-2.894123419369729,9.772458552127237
324,1790595029.948863,1.2709570312500003,-1.5723068416819854,0.4359405158547794,2.0682177624823566,9.11207637279608,2.1836446573887858,-2.885977628008678,9.804443211257729
325,1790595029.968863,1.2757470703125002,-1.5100363338694853,0.2826592658547794,1.9969067523523691,9.14770022901621,2.1514184420896725,-2.879377207652269,9.82852145019047
326,1790595029.9784245,1.9894628906250003,-1.4286056698069853,0.2203887580422794,2.4591559441503636,9.16451807756617,2.1362154654620134,-2.876334279185737,9.839974948877417
327,1790595029.9984245,2.1714843750000004,-1.4429757869944855,0.10542782054227938,2.609336800427609,9.200660867361282,2.1048778918495414,-2.870435365457644,9.86519490547755
328,1790595030.0237024,1.8553417968750003,-1.4669259823069853,0.14374813304227937,2.369562944205494,9.247123633832135,2.065694924922505,-2.8636257072779348,9.898320221815945
329,1790595030.0437024,1.8649218750000003,-1.5627267635569855,0.3257696174172794,2.4548267517327997,9.283951388117819,2.0347989319850424,-2.85834176711751,9.924831370264721
330,1790595030.0686336,1.7834912109375003,-1.6106271541819854,0.2826592658547794,2.419681175248763,9.329795164653046,1.9961285958538766,-2.8516053629896545,9.95797471034147
331,1790595030.0886335,1.8601318359375003,-1.5914669979319853,0.2251787971047794,2.4583659498212254,9.366520368730859,1.9649570819224955,-2.8462502137694146,9.98468329147349
332,1790595030.0982642,1.7834912109375003,-1.5100363338694853,0.24912899241727937,2.3501310354872036,9.384183945048493,1.9499582284446537,-2.8437157352052975,9.997597940997583
333,1790595030.1182642,1.7930712890625002,-1.4573459041819854,0.3161895392922794,2.332152987446177,9.420728358582757,1.9190313275402069,-2.838393921049891,10.024434352787146
334,1790595030.1441057,1.7834912109375003,-1.5866769588694853,0.36887996897977937,2.4154620888793,9.467795535611902,1.8791657815111336,-2.831221425195957,10.059136697403195
335,1790595030.1641057,1.7834912109375003,-1.6297873104319853,0.2634991096047794,2.4303249489520833,9.504109455759243,1.84811527835585,-2.825554383965377,10.085999415322734
336,1790595030.1885228,1.8409716796875002,-1.5196164119944855,0.1964385627297794,2.3952033053462816,9.54843094593012,1.810125765607167,-2.818831245212925,10.119036436612902
337,1790595030.2085228,1.8505517578125004,-1.4860861385569855,0.24912899241727937,2.3864322899292563,9.584826218890495,1.7791677416347151,-2.8134820372555276,10.146428567390782
338,1790595030.2182019,1.7787011718750003,-1.4956662166819854,0.2060186408547794,2.333075003280639,9.602432410900239,1.7642682638706908,-2.810951174627688,10.159763639915518
339,1790595030.2382019,1.7403808593750003,-1.4812960994944855,0.2251787971047794,2.296490618470277,9.638633906699313,1.7336339217075951,-2.80585926365937,10.187325280432152
340,1790595030.263636,1.9271923828125004,-1.4669259823069853,0.2012286017922794,2.4303158782588556,9.684762312797591,1.6948955808073722,-2.7995417257871495,10.222755301759316
341,1790595030.283636,1.8745019531250002,-1.4142355526194854,0.2539190314797794,2.3618413674736947,9.721296581002221,1.6646815508442292,-2.7946364303986155,10.251086023423944
342,1790595030.3088462,1.7212207031250002,-1.4812960994944855,0.2874493049172794,2.288987974223789,9.767239218282192,1.6268345130644377,-2.788357141689885,10.286908574963633
343,1790595030.3288462,1.7308007812500004,-1.5339865291819854,0.2682891486672794,2.328253655291884,9.803397796362999,1.5967901574507808,-2.783289214915645,10.315185214746865
344,1790595030.3390932,1.7739111328125003,-1.4717160213694853,0.02399715647977937,2.305056315622434,9.821838226265365,1.5813959575125882,-2.7808575159098683,10.32968962946889
345,1790595030.3590932,1.7739111328125003,-1.3998654354319855,-0.047853429457720635,2.260237574934143,9.857753030680913,1.5515492754071343,-2.7768590585071586,10.358259805523724
346,1790595030.3832927,1.5966796875000002,-1.4477658260569854,0.2155987189797794,2.1660781886163036,9.90080814969892,1.5156842449522019,-2.7724422772994193,10.392773303045635
347,1790595030.4032927,1.5583593750000002,-1.3232248104319855,0.2108086799172794,2.055200267643429,9.935786649167063,1.4863328087443473,-2.768699906297423,10.420880036122078
348,1790595030.4278994,1.5056689453125003,-1.2417941463694855,0.19164852366727939,1.9610764471228102,9.978021345386843,1.45090373941264,-2.7640434513752625,10.454949441825509
349,1790595030.4478993,1.3140673828125002,-1.4190255916819854,0.4311504767922794,1.9814886954152207,10.011429544093838,1.4224357049006948,-2.7598922582713437,10.481843832465612
350,1790595030.4736836,1.2470068359375002,-1.5148263729319853,0.4742608283547794,2.0185758153502413,10.05299196618836,1.3855659873333845,-2.7535923470457213,10.514975577299817
351,1790595030.4936836,1.2757470703125002,-1.4717160213694853,0.4359405158547794,1.9958764411481702,10.084178883519519,1.356777365391825,-2.7480734110007377,10.539611759752338
352,1790595030.5041258,1.0649853515625,-1.4142355526194854,0.6658623908547794,1.891462059067135,10.099852713070865,1.341740891677877,-2.7447612291909755,10.551824849351672
353,1790595030.5241258,1.0649853515625,-1.4765060604319853,0.5796416877297794,1.910562333892645,10.12856464484208,1.3129254192930548,-2.7375007461959715,10.57381223858237
354,1790595030.5639293,1.1272558593750002,-1.4238156307444854,0.2203887580422794,1.8293517779582487,10.18367961697702,1.2555214862525466,-2.7228302447890687,10.615906427885145
355,1790595030.5839293,1.1368359375000001,-1.4238156307444854,0.19164852366727939,1.8320414994665566,10.210615227016548,1.2267329580062003,-2.7159464526464636,10.636630208768365
356,1790595030.608323,1.108095703125,-1.5196164119944855,0.2826592658547794,1.9018428924232003,10.242647560691495,1.1915017040333498,-2.7079420055764345,10.661353350715807
357,1790595030.628323,1.0122949218750001,-1.5579367244944855,0.2874493049172794,1.8800358904233574,10.268151406961417,1.1623327947976352,-2.7015085618578776,10.681015838951707
358,1790595030.622784,1.0554052734375001,-1.5483566463694853,0.3545098517922794,1.9070830686087137,10.268151406961417,1.1623327947976352,-2.7015085618578776,10.681015838951707
359,1790595030.6427839,1.108095703125,-1.5244064510569855,0.2922393439797794,1.907116920767569,10.292459499496202,1.1326885973535132,-2.6950717787585203,10.699584940548155
360,1790595030.668534,1.0506152343750002,-1.6154171932444854,0.3257696174172794,1.9543517908920411,10.323230895591207,1.0941826738399991,-2.686833936473745,10.723124938636474
361,1790595030.688534,1.0122949218750001,-1.7255880916819855,0.36887996897977937,2.0343224185273856,10.346640208551408,1.063749966709914,-2.680353426624245,10.74098794750764
362,1790595030.7138915,0.9164941406250001,-1.7639084041819855,0.3257696174172794,2.0143138315009397,10.37553648072742,1.0243164527182338,-2.6720483267082042,10.762937504161163
363,1790595030.7338915,0.8638037109375001,-1.7974386776194855,0.3066094611672794,2.0176600339277106,10.39757935728118,0.9925377024993665,-2.665531913250682,10.779603330475581
364,1790595030.7438996,0.9931347656250001,-1.6920578182444854,0.31139950022977936,1.9865412081602205,10.408349005409258,0.9764015440185974,-2.662296310519609,10.787720363384107
365,1790595030.7638996,1.0362451171875,-1.6106271541819854,0.2874493049172794,1.936633903343821,10.429686644940217,0.9440382704621282,-2.655901968771166,10.803859821168729
366,1790595030.789141,0.9596044921875001,-1.6249972713694854,0.2778692267922794,1.907529349861449,10.456355148713435,0.9031948919176759,-2.6479721718970373,10.824180367674646
367,1790595030.809141,0.8638037109375001,-1.6585275448069854,0.2682891486672794,1.889139892968622,10.477051408795964,0.8707617270377123,-2.641812242761344,10.840018640843331
368,1790595030.8336549,1.0554052734375001,-1.5052462948069854,0.2922393439797794,1.8614646205070817,10.502142245063922,0.8311546725696581,-2.634363997798943,10.859359258178628
369,1790595030.8536549,0.9835546875000001,-1.5866769588694853,0.2682891486672794,1.8859752549816646,10.522600719119646,0.7990500226878361,-2.628357983914718,10.875287238706983
370,1790595030.8637507,0.9356542968750001,-1.6393673885569855,0.34971981272977937,1.9197078802100473,10.532832107095174,0.7828320510861518,-2.625313014479913,10.883273709709792
371,1790595030.8837507,0.9835546875000001,-1.6537375057444854,0.4646807502297794,1.9794331918110613,10.552939154452991,0.7505835862955983,-2.6189641090948075,10.898939100771695
372,1790595030.9091747,0.9596044921875001,-1.6776877010569855,0.2874493049172794,1.953996905473939,10.578370461509609,0.7093860744696157,-2.610669820541804,10.918825355113901
373,1790595030.9291747,0.8206933593750001,-1.8118087948069854,0.34971981272977937,2.0195278276067197,10.598045773047586,0.6766047558185333,-2.604168018730301,10.93426080139786
374,1790595030.9688942,0.8015332031250001,-1.8980294979319854,0.2060186408547794,2.070607430468513,10.636091910291443,0.6102156500809524,-2.5915369048247787,10.964254547977239
375,1790595030.9888942,0.6865722656250001,-1.8788693416819855,0.24433895335477937,2.01525010933245,10.65460781584667,0.5761357651867006,-2.5854552514163167,10.978942525876727
376,1790595030.9834192,0.609931640625,-1.8213888729319854,0.2060186408547794,1.9318172048761764,10.65460781584667,0.5761357651867006,-2.5854552514163167,10.978942525876727
377,1790595031.0034192,0.6386718750000001,-1.7351681698069854,0.19164852366727939,1.8588812490450235,10.671511502001623,0.5414603931498307,-2.5798905512657755,10.992277850892114
378,1790595031.02887,0.6722021484375,-1.6154171932444854,0.2730791877297794,1.7708756815104323,10.692297871489568,0.4975575483383432,-2.5729843213031605,11.008771303112836
379,1790595031.04887,0.9021240234375001,-1.4765060604319853,0.3976202033547794,1.7753872046039254,10.708543634528187,0.46359471932042423,-2.567365250050258,11.021759894115892
380,1790595031.0737603,0.7488427734375,-1.6249972713694854,0.33055965647977936,1.8195195293757827,10.7288109176247,0.421877915042603,-2.560061866472016,11.038083232224146
381,1790595031.0937603,0.6626220703125001,-1.6537375057444854,0.33055965647977936,1.8119562446326472,10.744770657325159,0.3884672606249322,-2.5540819810322235,11.050988103193607
382,1790595031.1343527,0.609931640625,-1.3567550838694853,0.2155987189797794,1.5030914048942334,10.776178284910955,0.3216626264447765,-2.5421028599774482,11.076631808638549
383,1790595031.1543527,0.3656396484375001,-1.6824777401194855,0.15332821116727938,1.7285639238532162,10.790795056816668,0.28912620934848804,-2.5365326516151137,11.088681157642727
384,1790595031.148877,0.46144042968750004,-1.6345773494944853,0.3976202033547794,1.7443830450180653,10.790795056816668,0.28912620934848804,-2.5365326516151137,11.088681157642727
385,1790595031.168877,0.4518603515625001,-1.6393673885569855,0.35929989085477937,1.7380447702940778,10.803780150477866,0.2564784943668227,-2.5306703384561975,11.099177407352052
386,1790595031.194186,0.32731933593750007,-1.6537375057444854,0.14853817210477938,1.6923502220748479,10.81922642435113,0.21511048789266943,-2.5234006477104653,11.11168231062447
387,1790595031.214186,0.47102050781250004,-1.7207980526194855,0.2251787971047794,1.7982524148029149,10.830799116299069,0.18226201057214841,-2.517957058621165,11.121130189292034
388,1790595031.2383149,0.31294921875000004,-1.9555099666819855,0.2251787971047794,1.993153765762785,10.844085403681072,0.14192366106352636,-2.5115597699030086,11.132037686142363
389,1790595031.2583148,0.3752197265625001,-2.2093820369944854,0.004837000229779369,2.241022584706982,10.854478486495104,0.10725601589740233,-2.5067075480340155,11.140681747456119
390,1790595031.2840433,0.38958984375000005,-1.8692892635569853,0.6706524299172794,2.0238076190578287,10.867318717982258,0.061477959864845305,-2.5000983858638834,11.15136258924244
391,1790595031.3040433,0.5285009765625001,-1.7399582088694854,0.3736700080422794,1.856447447613355,10.877179986504714,0.02581641923794596,-2.4941649251984255,11.15950579642356
392,1790595031.3136091,0.42791015625000006,-1.8022287166819855,0.11021785960477938,1.8556086402124115,10.88187523219079,0.00877698815869199,-2.4914055284187193,11.16343975267139
393,1790595031.333609,0.2937890625000001,-1.7543283260569853,0.18206844554227938,1.7880516792622956,10.891301969525394,-0.026839589443665518,-2.4860632176054502,11.17146764202806
394,1790595031.3586025,0.19319824218750006,-1.8022287166819855,0.2587090705422794,1.8309244362338895,10.902228112019555,-0.07133906771643118,-2.4795622607045464,11.180871883435673
395,1790595031.3786025,0.31773925781250006,-1.7543283260569853,0.34971981272977937,1.8168461847324595,10.910426243484237,-0.10694148141549817,-2.474227807890365,11.187968561820991
396,1790595031.4036207,0.33689941406250007,-1.8980294979319854,0.2730791877297794,1.9469436132016655,10.920371454858865,-0.1516498040537698,-2.467387217769889,11.196674062308865
397,1790595031.4236207,0.30815917968750006,-1.9794601619944854,0.09105770335477938,2.0053718154719222,10.9280968553206,-0.18784552867899906,-2.462192802827615,11.203614605126722
398,1790595031.4340882,0.33689941406250007,-2.0944210994944856,0.3784600471047794,2.1548394289268744,10.932040070193501,-0.207146196231987,-2.4595133594631933,11.20721266008224
399,1790595031.4540882,0.4853906250000001,-2.0369406307444855,0.4311504767922794,2.1379012899696384,10.939677554832086,-0.24468883761393787,-2.453947345478779,11.214199713101783
400,1790595031.479276,0.4949707031250001,-2.0800509823069855,0.07189754710477937,2.1393403991015543,10.949705306966566,-0.2926547943019662,-2.4470387433046494,11.223622042338814
401,1790595031.499276,0.2937890625000001,-2.4153537166819854,0.08626766429227938,2.434684312151486,10.957656487639355,-0.3317716126188286,-2.4421386649912766,11.231400151498917
402,1790595031.5234327,0.08302734375000005,-2.4009835994944853,0.3976202033547794,2.435101150048509,10.96650239051273,-0.3806575452907265,-2.436231235343987,11.240297926655408
403,1790595031.5434327,0.22193847656250007,-2.1902218807444855,0.15811825022977938,2.207108958643982,10.973185007302817,-0.42194707239901896,-2.431240365434314,11.247211132139318
404,1790595031.5541523,0.6913623046875,-1.9842502010569854,0.18206844554227938,2.109118208066983,10.976963741291467,-0.44411391852927784,-2.428693122677829,11.251200844105556
405,1790595031.5741522,0.6865722656250001,-2.1710617244944856,0.4119903205422794,2.3140065928408555,10.9850232891922,-0.48550101063753615,-2.4237623942453075,11.25971012234253
406,1790595031.599671,0.4518603515625001,-2.2189621151194854,0.5892217658547794,2.3399044713421,10.99594306799982,-0.5387891921630922,-2.4164985837830386,11.271225450398482
407,1790595031.6196709,0.6626220703125001,-2.4967843807444856,0.5413213752297794,2.639323603364223,11.004889313599287,-0.5813622542667005,-2.4099637752034218,11.280669141192405
408,1790595031.6292427,1.0122949218750001,-2.8656173885569856,0.3257696174172794,3.056571587593896,11.009731056277516,-0.6025306235227627,-2.406682934307873,11.2858027552378
409,1790595031.6492426,0.9356542968750001,-2.0944210994944856,0.04315731272977937,2.2943215247454742,11.021252156893143,-0.6475667672648336,-2.4003026052803347,11.298176597168373
410,1790595031.6738765,0.5572412109375001,-1.7399582088694854,0.19164852366727939,1.8370360618134982,11.0360722566472,-0.7018011307912236,-2.3931889631868617,11.314361188093532
411,1790595031.6938765,0.14529785156250005,-2.0321505916819853,0.23954891429227937,2.0513729975995907,11.047353499387947,-0.7448867314054612,-2.387633002768461,11.32694428956778
412,1790595031.7190259,0.29857910156250006,-2.3914035213694853,0.3018194221047794,2.4287970778696,11.060248676481635,-0.7992824097845488,-2.380673395036983,11.341761722503328
413,1790595031.7390258,0.32252929687500004,-2.5830050838694856,0.2203887580422794,2.612376622026332,11.069896978646486,-0.8435133881356327,-2.3751856581408552,11.353221607299343
414,1790595031.7490807,0.5668212890625001,-2.6452755916819854,0.14374813304227937,2.709138766367661,11.074690662811378,-0.8663573453928453,-2.3725659805475035,11.359067640388844
415,1790595031.7690806,0.6051416015625001,-2.6165353573069856,0.16290828929227938,2.690537631162099,11.084553424700593,-0.9128729876519859,-2.3676768323518584,11.371304028082356
416,1790595031.793522,0.43749023437500006,-2.4153537166819854,0.3066094611672794,2.473730107255087,11.096709647236045,-0.9704152085810223,-2.3617375413788544,11.386679713000849
417,1790595031.8135219,0.41833007812500006,-2.1423214901194854,0.3736700080422794,2.214536225985513,11.10644857626854,-1.017274918854534,-2.3565860790159014,11.399190593443008
418,1790595031.8383954,0.38000976562500005,-1.8788693416819855,0.2587090705422794,1.9342925860023645,11.118233149903837,-1.0743130492742294,-2.3499606308401724,11.414533361901407
419,1790595031.8583953,0.31294921875000004,-1.9267697323069854,0.24912899241727937,1.9678526544722337,11.127326845945143,-1.119004656534856,-2.344670660358704,11.426594184768492
420,1790595031.8838446,0.2842089843750001,-1.9842502010569854,0.2203887580422794,2.0165799790401504,11.13830233777463,-1.1748078340409556,-2.3380528868488337,11.441522788348673
421,1790595031.9038446,0.3560595703125001,-1.9267697323069854,0.3832500861672794,1.9965221379921338,11.146594311063474,-1.2179505902515393,-2.3327267912122376,11.4530163126648
422,1790595031.9134958,0.4422802734375001,-2.0369406307444855,0.2730791877297794,2.1022157872637264,11.150573346492573,-1.2385157884897586,-2.330067079530087,11.458552260602508
423,1790595031.9334958,0.5428710937500001,-2.127951372931985,0.2634991096047794,2.2118584608321923,11.159059905165325,-1.2809874877927716,-2.3245772897280608,11.470362090486482
424,1790595031.958567,0.5476611328125001,-2.1375314510569856,0.3545098517922794,2.2348715076417784,11.170153109340067,-1.334262670019095,-2.3175657190427206,11.48580376903541
425,1790595031.978567,0.6147216796875,-2.2572824276194856,0.34013973460477936,2.364085814976806,11.17941864779993,-1.376979172710742,-2.3117694118505425,11.498684740370255
426,1790595032.004055,0.6434619140625001,-2.3818234432444854,0.2203887580422794,2.4770339832770585,11.191860670472558,-1.4321198549753273,-2.3044190679390257,11.51603489865179
427,1790595032.024055,0.6434619140625001,-2.2668625057444856,0.2155987189797794,2.3662611145908783,11.202089588463199,-1.4758704047880287,-2.2988625822542703,11.53038480588456
428,1790595032.034251,0.5811914062500001,-2.4009835994944853,0.23954891429227937,2.4819124436770443,11.207458566601803,-1.4983982854332571,-2.29610674458501,11.537956106972077
429,1790595032.054251,0.6913623046875,-2.2812326229319853,0.2634991096047794,2.3982151481955216,11.218319220090343,-1.542982873416993,-2.2907572996825527,11.553313432844947
430,1790595032.078977,0.8063232421875001,-2.0656808651194853,0.2874493049172794,2.236028110357733,11.232509673433285,-1.5978963275264784,-2.2841140561600803,11.573233051262857
431,1790595032.098977,0.8206933593750001,-1.9794601619944854,0.3640899299172794,2.173559661042831,11.244706565404812,-1.6417187075104802,-2.278569315739239,11.590105443147458
432,1790595032.123921,0.81111328125,-1.9842502010569854,0.2874493049172794,2.1628177727936895,11.260689420879867,-1.6955906724160352,-2.27147236908912,11.611965410103295
433,1790595032.143921,0.7775830078125001,-1.9459298885569853,0.2874493049172794,2.1151608846883403,11.273965268972868,-1.7382013323600072,-2.265773235310524,11.63001999618548
434,1790595032.1683679,0.8302734375,-2.0129904354319854,0.3257696174172794,2.2017289383098277,11.290706875622808,-1.7897324477964927,-2.258727501990058,11.652684408074306
435,1790595032.1883678,0.8542236328125001,-1.9459298885569853,0.2874493049172794,2.1445205172560633,11.304875434078502,-1.831504643028012,-2.252908196948395,11.671769924966052
436,1790595032.198701,0.7823730468750001,-1.9555099666819855,0.2970293830422794,2.1270527188246953,11.312365963769148,-1.8528726694357573,-2.2498996579586072,11.681815325464914
437,1790595032.218701,0.77279296875,-2.0417306698069853,0.3066094611672794,2.2045141102422567,11.327022152828748,-1.8940232667986985,-2.2440445430467433,11.70147387712445
438,1790595032.2438226,0.6674121093750001,-1.9986203182444855,0.2778692267922794,2.125354889762699,11.345383695940026,-1.9455711730864995,-2.2366919642693657,11.726285402491024
439,1790595032.2638226,0.6865722656250001,-1.9459298885569853,0.24433895335477937,2.077913889272449,11.35984002688461,-1.9863707419456647,-2.230933122605888,11.746007694464003
440,1790595032.27337,0.7536328125000001,-1.9650900448069855,0.3018194221047794,2.126178793948393,11.366737216437132,-2.0057264257370684,-2.2282052868623405,11.755447768708693
441,1790595032.29337,0.81111328125,-2.0273605526194856,0.31139950022977936,2.205689283213092,11.381365292170246,-2.0461793300822024,-2.2224283449895745,11.775462348174965
442,1790595032.3342834,0.8350634765625001,-2.1135812557444855,0.3449297736672794,2.2985937621261496,11.41185215921812,-2.129226081886791,-2.2103693432463696,11.817347673873423
443,1790595032.3542833,0.7823730468750001,-2.0321505916819853,0.2922393439797794,2.1970770232105306,11.426945969771257,-2.1699515928873225,-2.204402930952138,11.83820832700355
444,1790595032.364336,0.7871630859375001,-2.0896310604319854,0.3736700080422794,2.264025831896595,11.434577993011436,-2.1904587553782306,-2.201351781779561,11.848781924924547
445,1790595032.384336,0.7009423828125001,-2.0896310604319854,0.16290828929227938,2.2100717869483573,11.449716583871332,-2.2314070908735557,-2.1953871486044325,11.869916267119853
446,1790595032.3938925,0.7584228515625001,-2.127951372931985,0.3161895392922794,2.2810870417617077,11.456911153146027,-2.2510612894894426,-2.1926212064597537,11.880053781660111
447,1790595032.4138925,0.7823730468750001,-2.1519015682444853,0.3257696174172794,2.3127718840218003,11.472020665585168,-2.292443647648435,-2.1867379720250955,11.901444407615122
448,1790595032.4540963,0.77279296875,-2.2045919979319852,0.2922393439797794,2.3543234026074056,11.502527008543437,-2.376288247258317,-2.174822030226899,11.945071129109675
449,1790595032.4740963,0.7680029296875001,-2.2620724666819854,0.2587090705422794,2.402858865541244,11.517737657703188,-2.418441515335158,-2.1689570108398906,11.967101346175783
450,1790595032.4835835,0.7296826171875,-2.2572824276194856,0.2634991096047794,2.386879230423657,11.524936315385393,-2.438653581883722,-2.166220639385039,11.977633331531779
451,1790595032.5035834,0.84943359375,-2.1806418026194856,0.2682891486672794,2.355571091861847,11.540204228711954,-2.4815283700610906,-2.1605196664565303,12.00008924637416
452,1790595032.5285184,0.9404443359375001,-2.0848410213694852,0.2634991096047794,2.302266147547758,11.559731525461117,-2.5349414354934847,-2.15348361337741,12.0287494235771
453,1790595032.5485184,1.108095703125,-2.3770334041819856,0.23475887522977937,2.6331113955509435,11.576117492151667,-2.5780497606212354,-2.1479392447893972,12.052654469437238
454,1790595032.5592082,1.0362451171875,-2.4105636776194856,0.3353496955422794,2.6451995397424395,11.585281052008515,-2.6014728453157523,-2.14496328624133,12.065954811711585
455,1790595032.5792081,0.9164941406250001,-2.4009835994944853,0.3736700080422794,2.5969815227975284,11.60278305097426,-2.6459401047111406,-2.1391670636608553,12.091385747380064
456,1790595032.604348,0.81111328125,-2.4153537166819854,0.18685848460477938,2.5547513430818305,11.624740316274792,-2.7025319665974363,-2.1319172624457803,12.123668490404208
457,1790595032.624348,0.6769921875000001,-2.4728341854319855,0.32097957835477936,2.583845045721186,11.641820363964149,-2.7481326605929395,-2.126253062116857,12.149286670055542
458,1790595032.6485877,0.5428710937500001,-2.4393039119944855,0.23954891429227937,2.5104374682193407,11.661633776282612,-2.8040402965760656,-2.1193988192013413,12.17982740730713
459,1790595032.6685877,0.5811914062500001,-2.3003927791819856,0.2682891486672794,2.387795941135692,11.677215527080508,-2.85035930634577,-2.1138300049491643,12.2045150633274
460,1790595032.6790013,0.7153125000000001,-2.1950119198069853,0.23954891429227937,2.3210198153160193,11.68512430470807,-2.8743702092520396,-2.1109687234098033,12.217214210593562
461,1790595032.6990013,0.7440527343750001,-2.2524923885569854,0.2682891486672794,2.3873239200683853,11.700224206327478,-2.9202385794360834,-2.105536005831859,12.241581667048287
462,1790595032.7236063,0.7823730468750001,-2.2620724666819854,0.2682891486672794,2.408538664063711,11.718831232293676,-2.976534900223951,-2.09886474185662,12.271756136260278
463,1790595032.7436063,0.8206933593750001,-2.2572824276194856,0.2922393439797794,2.4195589230956274,11.734091699544928,-3.022209888259399,-2.0934146747927693,12.29654608508665
464,1790595032.783705,0.8254833984375001,-2.1710617244944856,0.3449297736672794,2.348171288774108,11.765049223250653,-3.113366775892584,-2.082210475440628,12.34686342237482
465,1790595032.803705,0.8877539062500001,-2.1710617244944856,0.3161895392922794,2.3667682257426406,11.780743637710476,-3.1585262671195893,-2.0764687341130514,12.372305009224808
466,1790595032.7992313,0.8925439453125001,-2.2524923885569854,0.2970293830422794,2.4410209153572677,11.780743637710476,-3.1585262671195893,-2.0764687341130514,12.372305009224808
467,1790595032.8192313,0.8973339843750001,-2.247702349494485,0.3066094611672794,2.4395457554869986,11.797037544087804,-3.203544311315985,-2.070633015220733,12.39839957635276
468,1790595032.843598,0.8733837890625001,-2.2716525448069853,0.2970293830422794,2.4518219718641276,11.817147203967702,-3.2584233017110313,-2.0634865007539505,12.430618125908659
469,1790595032.8635979,0.8829638671875001,-2.2429123104319855,0.31139950022977936,2.4304835880518527,11.833811733305277,-3.3034828514626424,-2.057587912607325,12.457357950517805
470,1790595032.8885322,0.8877539062500001,-2.247702349494485,0.3018194221047794,2.4354399630343644,11.854782644785951,-3.359630607691684,-2.050190365650978,12.49104759060124
471,1790595032.9085321,0.84943359375,-2.2764425838694855,0.3066094611672794,2.449027894802897,11.871686209005338,-3.40469787154654,-2.0442341398801553,12.5182983771858
472,1790595032.9188557,0.8829638671875001,-2.3866134823069856,0.32097957835477936,2.564873680010186,11.880443984902099,-3.428081580971725,-2.0411349247699047,12.532474790930541
473,1790595032.9388556,0.8877539062500001,-2.5398947323069856,0.2730791877297794,2.7043935534670362,11.897521688833944,-3.473977825195756,-2.035140289088883,12.560308127689332
474,1790595032.9640768,0.8973339843750001,-2.3722433651194854,0.24912899241727937,2.5484921262838114,11.919203890721015,-3.53246564337245,-2.027726849841921,12.595928353549633
475,1790595032.9840767,0.9260742187500001,-2.2045919979319852,0.36887996897977937,2.419485847756438,11.93655362639805,-3.5787538964230534,-2.02180289820964,12.624439745440132
476,1790595033.008617,0.9069140625000001,-2.2812326229319853,0.3353496955422794,2.4776954645375002,11.95802232806801,-3.6352868645179948,-2.0143283156339655,12.659665364814147
477,1790595033.028617,0.8781738281250001,-2.3003927791819856,0.2922393439797794,2.479596750499175,11.975572199206816,-3.68132197983329,-2.008208985952164,12.688552492261593
478,1790595033.0391738,0.8638037109375001,-2.3291330135569854,0.32097957835477936,2.504804450569196,11.984825549674957,-3.705642085762914,-2.004977896482119,12.703848357458492
479,1790595033.0591738,0.86859375,-2.3243429744944852,0.32097957835477936,2.5020098431744318,12.002324944530109,-3.7517853036599824,-1.9988118895899407,12.73290799498743
480,1790595033.0840642,0.8733837890625001,-2.2620724666819854,0.3161895392922794,2.445352103946537,12.024088465821007,-3.809159465339052,-1.9910997606702174,12.769216010515793
481,1790595033.1040642,0.8446435546875001,-2.2237521541819856,0.3257696174172794,2.400962769668942,12.041529836405996,-3.8550743448946743,-1.9848694930236404,12.798427478016855
482,1790595033.129107,0.7871630859375001,-2.1375314510569856,0.31139950022977936,2.2990511253262262,12.063157887830457,-3.912133813543254,-1.9770417657205022,12.834845668927924
483,1790595033.149107,0.7201025390625001,-2.2668625057444856,0.2587090705422794,2.3925182695008367,12.080100725842076,-3.9574745299505008,-1.970872845454995,12.863700011064042
484,1790595033.1586888,0.7105224609375,-2.3866134823069856,0.36887996897977937,2.517307790664598,12.088028405779864,-3.97928264925683,-1.9679096864791075,12.877413935870651
485,1790595033.1786888,0.8159033203125001,-2.6356955135569855,0.2108086799172794,2.7671337820585853,12.10438328786702,-4.025507949396833,-1.961782934180901,12.906176866566447
486,1790595033.2188442,0.7584228515625001,-2.7171261776194853,0.16290828929227938,2.8256891190641276,12.13703596589436,-4.120517207547973,-1.9502014714826577,12.964936940628954
487,1790595033.2388442,0.7440527343750001,-2.7123361385569855,0.2826592658547794,2.8267079899817555,12.153113343386789,-4.16888401375405,-1.9446300535705456,12.994589023997253
488,1790595033.2493947,0.7967431640625001,-2.7362863338694856,0.2778692267922794,2.8634374233776043,12.161541597744908,-4.194882953261921,-1.9416883093887805,13.01039163576809
489,1790595033.2693946,0.7632128906250001,-2.8895675838694856,0.2587090705422794,2.999837515824208,12.177461947730684,-4.245213730601746,-1.9361434201223002,13.04074654497208
490,1790595033.2940564,0.6051416015625001,-2.9326779354319856,0.12458797679227937,2.997051616985005,12.196679444665234,-4.308735778447048,-1.9296227150116467,13.078518161729106
491,1790595033.3140564,0.5285009765625001,-2.9278878963694854,0.11500789866727938,2.9774263437892645,12.211627010089165,-4.361313961396806,-1.9247684357768826,13.109142887114205
492,1790595033.323935,0.4231201171875001,-3.1482296932444855,-0.12449405445772063,3.1789746152793286,12.21860768574544,-4.387890293462452,-1.9227374317781825,13.12420947094264
493,1790595033.343935,0.6003515625000001,-3.2584005916819856,0.14853817210477938,3.316573533489335,12.232155823557095,-4.443235009444879,-1.9192062437260884,13.154897416813846
494,1790595033.3685474,0.6626220703125001,-3.0620089901194856,0.2778692267922794,3.1451833604475135,12.248658933882675,-4.512794241161879,-1.9147253990776418,13.193222915403224
495,1790595033.3885474,0.42791015625000006,-2.6644357479319853,0.15332821116727938,2.7029307236811553,12.261693550077563,-4.569428971906106,-1.9109836512547873,13.224245474153589
496,1790595033.413617,0.35126953125000004,-2.5207345760569853,0.2203887580422794,2.554616270829183,12.277046352211109,-4.639519868351636,-1.9062943255302167,13.262163088980559
497,1790595033.4336169,0.30336914062500003,-2.1471115291819856,0.5269512580422794,2.2315461865222725,12.28843927263739,-4.694051309653048,-1.9019934150918292,13.291254132172973
498,1790595033.4432573,0.28899902343750006,-1.7639084041819855,0.4598907111672794,1.8456415578626346,12.293535479425506,-4.719221718481142,-1.8995177267529453,13.304519375247136
499,1790595033.4632573,0.19319824218750006,-1.9794601619944854,0.3018194221047794,2.011636909898811,12.303245428331042,-4.769222277975239,-1.8940095325401305,13.330513917919177
500,1790595033.4885192,0.10218750000000006,-1.9890402401194853,0.06710750804227937,1.9927937122558557,12.314229979234371,-4.830423305928557,-1.8873967810809082,13.361718299124812
501,1790595033.5085192,0.14529785156250005,-1.8549191463694854,0.24912899241727937,1.8772058385003034,12.321993261454054,-4.877374476931205,-1.8824723750764938,13.385215798277786
502,1790595033.534106,0.14529785156250005,-1.8118087948069854,0.24433895335477937,1.8339749449583895,12.330993036716158,-4.935467646395323,-1.8761703981942925,13.413882567072738
503,1790595033.554106,0.18361816406250006,-1.8309689510569853,0.2251787971047794,1.8538792896448129,12.337465890840937,-4.979529102518995,-1.8712790678712297,13.435418119297598
504,1790595033.5636582,0.33210937500000004,-1.8501291073069854,0.4646807502297794,1.9362857615294145,12.340463155839311,-5.000053963440267,-1.8687991037342795,13.44544460507202
505,1790595033.5836582,0.30815917968750006,-1.9267697323069854,0.34971981272977937,1.9823490179016805,12.346757746845798,-5.042247103894583,-1.8631639478124093,13.466182183991792
506,1790595033.608984,0.31294921875000004,-2.0273605526194856,0.2778692267922794,2.0701061158868064,12.354712661530074,-5.0951721477768395,-1.8559065042093736,13.492371663900274
507,1790595033.628984,0.29857910156250006,-1.9411398494944854,0.2634991096047794,1.9815663440692202,12.360969707590712,-5.136650947986586,-1.850222877063377,13.513033699663277
508,1790595033.6533864,0.3752197265625001,-2.051310747931985,0.3018194221047794,2.107073940644367,12.368692075569657,-5.186975597633983,-1.8432937413732178,13.538352607599482
509,1790595033.6733863,0.44707031250000007,-2.1040011776194856,0.3353496955422794,2.176959402020012,12.375305317917329,-5.228267362386789,-1.8375107875547032,13.559476657255313
510,1790595033.6834404,0.5093408203125,-1.8884494198069854,0.33055965647977936,1.9836680591515257,12.37885234714559,-5.248921880225033,-1.8345375960324093,13.570287194027744
511,1790595033.7034404,0.41833007812500006,-2.0321505916819853,0.2922393439797794,2.0952422093178735,12.386241342793799,-5.289726444324865,-1.8285761806746386,13.59205176955469
512,1790595033.728318,0.46623046875000007,-2.0704709041819855,0.3976202033547794,2.159241172535136,12.395704131628046,-5.340523716988189,-1.8209860441868326,13.619495756587213
513,1790595033.748318,0.6195117187500001,-2.051310747931985,0.4742608283547794,2.1946739820669543,12.403799106333658,-5.381418518550939,-1.8144915312064873,13.642077446595392
514,1790595033.788529,0.7201025390625001,-1.9555099666819855,0.5317412971047794,2.1506547151050333,12.421673193621196,-5.4633902652104736,-1.8003586959018627,13.68896963080251
515,1790595033.808529,0.7296826171875,-1.9411398494944854,0.4407305549172794,2.1200717108529057,12.431404495056269,-5.503890420028723,-1.7929250523999343,13.713030581126569
516,1790595033.8188095,0.5811914062500001,-1.8740793026194855,0.17727840647977938,1.9701229191625582,12.43666710039178,-5.524527711278998,-1.789200584870969,13.725608683463166
517,1790595033.8388095,0.514130859375,-1.9555099666819855,0.01920711741727937,2.0220580317374024,12.447012310296133,-5.564397851340752,-1.782747088761732,13.750230037463282
518,1790595033.8484075,0.39916992187500006,-2.0273605526194856,-0.06701358570772063,2.0673698888966836,12.451889728692318,-5.583528597741504,-1.7801490173409795,13.76205943677219
519,1790595033.8684075,0.6578320312500001,-1.8453390682444855,0.2203887580422794,1.9714437508585796,12.462114101651427,-5.623221972896674,-1.7753172570518998,13.786829389030444
520,1790595033.9087071,0.46144042968750004,-1.8453390682444855,-0.24424503102022063,1.917774538916835,12.483008734759826,-5.702361261245605,-1.7671138277402383,13.837092263406912
521,1790595033.9287071,0.5428710937500001,-2.0465207088694854,0.2778692267922794,2.135454832924153,12.493329381097992,-5.7415831190299365,-1.7636028614048591,13.862155344321145
522,1790595033.9538658,0.8254833984375001,-1.9890402401194853,0.4455205939797794,2.1991344928336236,12.506946609587535,-5.791135523745674,-1.7584838208926648,13.894359628921496
523,1790595033.9738657,0.8542236328125001,-1.9411398494944854,0.4934209846047794,2.177426508105201,12.518667485024604,-5.830513915810089,-1.7536164155487537,13.920743466350833
524,1790595033.968892,0.629091796875,-2.0608908260569856,0.4167803596047794,2.194705755670575,12.518667485024604,-5.830513915810089,-1.7536164155487537,13.920743466350833
525,1790595033.988892,0.4327001953125001,-1.8453390682444855,0.3353496955422794,1.924828603827676,12.5306197293665,-5.869926727575294,-1.7478110155738662,13.947304898626584
526,1790595034.0136852,0.38958984375000005,-1.6633175838694854,0.3449297736672794,1.7428087043404197,12.544742963221575,-5.917980691729983,-1.7404288385277882,13.979347768153037
527,1790595034.0336852,0.33689941406250007,-1.7112179744944853,0.3257696174172794,1.7742305416886683,12.555516611406015,-5.955991779705725,-1.7343610334226816,14.00438658611899
528,1790595034.0582767,0.38000976562500005,-1.7495382869944853,0.3257696174172794,1.8197300578003777,12.568098792079203,-6.002101466239438,-1.7268176711879837,14.034394483839458
529,1790595034.0782766,0.4758105468750001,-1.7160080135569855,0.3976202033547794,1.8246043421041105,12.578080540469337,-6.03917525182058,-1.7205178865710187,14.058446912897113
530,1790595034.0888715,0.6722021484375,-1.8261789119944853,0.5604815314797794,2.0250739971930094,12.583487361678717,-6.058683554515064,-1.7169198907085312,14.07123358154465
531,1790595034.1088715,0.8638037109375001,-1.9890402401194853,0.5413213752297794,2.2350540841609705,12.594466896272992,-6.095708471890906,-1.7094940149919264,14.096121025405962
532,1790595034.1333857,0.791953125,-1.8213888729319854,0.2203887580422794,1.9983038766186518,12.608950189292152,-6.1412887668810665,-1.7003568800489994,14.127712699294253
533,1790595034.1533856,0.42791015625000006,-1.6393673885569855,-0.06701358570772063,1.6956188714317424,12.620823784165891,-6.178088691612601,-1.6937904428109236,14.15354722098162
534,1790595034.193539,0.5476611328125001,-1.7255880916819855,0.08147762522977937,1.812243245803728,12.64402418448893,-6.251021875698565,-1.68254115822622,14.204843076131752
535,1790595034.213539,0.7871630859375001,-1.9507199276194853,0.3018194221047794,2.12509503868276,12.655848943411174,-6.287414592232788,-1.677203520666216,14.230780245046253
536,1790595034.2080646,0.8542236328125001,-1.8932394588694854,0.34971981272977937,2.106266272552347,12.655848943411174,-6.287414592232788,-1.677203520666216,14.230780245046253
537,1790595034.2280645,0.8302734375,-2.0369406307444855,0.2682891486672794,2.2159558166823685,12.669011840998857,-6.324504637984788,-1.6715893532389015,14.258240806955184
538,1790595034.2533934,0.8398535156250001,-2.0848410213694852,0.3353496955422794,2.272526222157388,12.686354095966712,-6.372261270338635,-1.6643991124677269,14.294037860286101
539,1790595034.2733934,0.9021240234375001,-2.0656808651194853,0.3161895392922794,2.2761460882249436,12.700606663124958,-6.410539871881446,-1.6585959297888928,14.323106210550424
540,1790595034.2989018,0.9548144531250001,-2.1135812557444855,0.3257696174172794,2.3420124269873184,12.719610553207064,-6.460033490411768,-1.6510765003894747,14.361287509573664
541,1790595034.3189018,0.9308642578125,-1.9123996151194853,0.2778692267922794,2.14499227541269,12.735104142647518,-6.4990572996959255,-1.645159746356991,14.391913489867921
542,1790595034.3289416,0.8350634765625001,-1.7686984432444854,0.3353496955422794,1.9844607860384682,12.743044854001038,-6.518480267231914,-1.642173368752249,14.407376947883792
543,1790595034.3489416,0.8206933593750001,-1.6872677791819854,0.2922393439797794,1.8988980970440894,12.758974160971169,-6.556552309377997,-1.6361752779219274,14.438035509238187
544,1790595034.4187195,0.8542236328125001,-1.7782785213694854,0.2730791877297794,1.9916186274461747,12.814979000434578,-6.6875938847472,-1.6154290332309635,14.545006349613358
545,1790595034.4387195,0.8781738281250001,-1.9938302791819855,0.2826592658547794,2.1969170933743025,12.831222035562138,-6.725177660321852,-1.6095410252801303,14.575969806529077
546,1790595034.4187195,0.9308642578125,-1.9363498104319854,0.32097957835477936,2.172322891412235,12.831222035562138,-6.725177660321852,-1.6095410252801303,14.575969806529077
547,1790595034.4387195,0.9979248046875001,-1.8644992244944854,0.3161895392922794,2.1382673122668705,12.848157330636294,-6.763044181125185,-1.6035615479782788,14.607714503877355
548,1790595034.4487338,0.9931347656250001,-1.8597091854319854,0.3018194221047794,2.1297722602740383,12.85686055658834,-6.781957623383706,-1.6005524654636993,14.623801857643972
549,1790595034.4687338,0.9883447265625,-1.7543283260569853,0.3353496955422794,2.041311488340304,12.874607122214318,-6.819485596955687,-1.594488579673796,14.656168878297215
550,1790595034.5089226,1.0506152343750002,-1.8309689510569853,0.2730791877297794,2.1285703918843537,12.911064453039177,-6.894390977441178,-1.5822974085564039,14.721816373989945
551,1790595034.5289226,1.0554052734375001,-1.8213888729319854,0.3161895392922794,2.1286882210408353,12.929645045923932,-6.931554719527011,-1.5762566027392593,14.754889248010693
552,1790595034.538452,1.0362451171875,-1.8788693416819855,0.3066094611672794,2.1674785599135054,12.938665051664593,-6.949250535105508,-1.5733649740191575,14.770802742583127
553,1790595034.558452,1.0075048828125002,-1.9267697323069854,0.2826592658547794,2.19257929179287,12.957822003804957,-6.986527616653855,-1.56732252160039,14.804499961406151
554,1790595034.569147,1.031455078125,-1.9411398494944854,0.31139950022977936,2.220111065291257,12.968165277833325,-7.006574421802354,-1.5640994223674356,14.822678664954827
555,1790595034.589147,1.0075048828125002,-1.9794601619944854,0.2778692267922794,2.238423536557012,12.987664284250343,-7.044319587643476,-1.5580924240428777,14.856968533826452
556,1790595034.6287146,1.0601953125,-2.0034103573069855,0.2730791877297794,2.283032939574686,13.02659021090736,-7.119611987932827,-1.5463559682764447,14.925553395510951
557,1790595034.6487145,1.0458251953125002,-2.0177804744944856,0.3066094611672794,2.2932940814642393,13.046473586027522,-7.157992805817579,-1.5404439212842589,14.960625037533415
558,1790595034.6583166,1.0506152343750002,-1.9650900448069855,0.2682891486672794,2.2444042243305837,13.05609752249091,-7.176523855838389,-1.537617267488915,14.977598072838344
559,1790595034.6783166,1.0362451171875,-2.0129904354319854,0.2874493049172794,2.282227319732418,13.07626650755601,-7.21529926685899,-1.5317792116231743,15.01318210241013
560,1790595034.7181015,1.0506152343750002,-2.0273605526194856,0.2970293830422794,2.3026527387795364,13.116596358058905,-7.292918941191426,-1.5201638679014824,15.084517389969955
561,1790595034.7381015,1.1320458984375001,-2.0369406307444855,0.36887996897977937,2.3593913369471866,13.137103182756093,-7.332182064211789,-1.5142017998465822,15.120753319454291
562,1790595034.7482069,1.1512060546875,-2.1135812557444855,0.3161895392922794,2.4274424668241794,13.147640910299222,-7.35219043154863,-1.5111220024852134,15.139308285199952
563,1790595034.7682068,1.108095703125,-2.2189621151194854,0.35929989085477937,2.5061455199544747,13.16875718401165,-7.392348757147895,-1.5049277123465759,15.17655406665667
564,1790595034.7788472,1.07935546875,-2.2285421932444853,0.3161895392922794,2.4962740954769647,13.180051964433385,-7.41405825869669,-1.501587490951469,15.196604707680425
565,1790595034.7988472,1.031455078125,-2.2620724666819854,0.2587090705422794,2.499560322515026,13.201263682575732,-7.4554791270934615,-1.495388521031864,15.234622366841034
566,1790595034.8384707,0.9835546875000001,-2.2716525448069853,0.2778692267922794,2.490983021786663,13.242972352796789,-7.53870503591787,-1.4833548705471788,15.310412536162755
567,1790595034.8584707,0.9787646484375001,-2.2189621151194854,0.2970293830422794,2.443358254484389,13.263810430352471,-7.581148022777486,-1.4773296310112543,15.34877764886357
568,1790595034.8683307,1.0122949218750001,-2.1950119198069853,0.2587090705422794,2.4309974743157405,13.274015063743944,-7.602197989923759,-1.4743937718492655,15.367717045318406
569,1790595034.8883307,1.0122949218750001,-2.1471115291819856,0.2922393439797794,2.3917008094178187,13.2946460551785,-7.645004038419285,-1.4685055485983363,15.40617437997456
570,1790595034.8989654,1.0649853515625,-2.1375314510569856,0.3449297736672794,2.412925828131202,13.305627554646177,-7.667768667808902,-1.465336021854016,15.426652605893945
571,1790595034.9189653,1.069775390625,-2.1566916073069855,0.3161895392922794,2.4281091203183442,13.326384113839921,-7.710600280881488,-1.459277712681275,15.465295395945821
572,1790595034.9591775,1.0601953125,-2.1806418026194856,0.31139950022977936,2.444623165381914,13.368281254398733,-7.796881300841167,-1.4470311990449773,15.543365176406452
573,1790595034.9791775,1.0649853515625,-2.1710617244944856,0.3353496955422794,2.4413443486956057,13.38918134642879,-7.839884785175362,-1.4408837725369128,15.582365565546876
574,1790595034.9882457,1.0266650390625,-2.1806418026194856,0.3353496955422794,2.4334541688852624,13.398658833976345,-7.859418047297289,-1.438058392823176,15.600080850195742
575,1790595035.0082457,0.9883447265625,-2.2716525448069853,0.2682891486672794,2.491828575593548,13.419448513938741,-7.902714916586509,-1.4318562788601912,15.639204387512908
576,1790595035.0182889,0.9883447265625,-2.3387130916819854,0.24433895335477937,2.550706911398313,13.429811170253236,-7.924668186607014,-1.4288228756742694,15.658918505009533
577,1790595035.0382888,0.9931347656250001,-2.367453326056985,0.2587090705422794,2.580326005940365,13.450324207079028,-7.968887628143478,-1.4229336768130274,15.698379902210384
578,1790595035.0789812,1.021875,-2.3530832088694855,0.2634991096047794,2.578887528422096,13.491949637191933,-8.059768586599487,-1.4111550052033655,15.779224731613716
579,1790595035.0989811,1.031455078125,-2.2908127010569856,0.2874493049172794,2.528705105861749,13.512419433479495,-8.104701648673492,-1.4054078223977566,15.819192106664042
580,1790595035.108328,1.0362451171875,-2.2093820369944854,0.3353496955422794,2.463256451648739,13.522000487187315,-8.12570587584017,-1.4026881796135282,15.837901606127781
581,1790595035.128328,0.9787646484375001,-2.0656808651194853,0.33055965647977936,2.3096076203640736,13.542448742005856,-8.170320344245356,-1.3967429089927308,15.877749941703549
582,1790595035.1386523,0.9931347656250001,-1.9938302791819855,0.31139950022977936,2.249143279922223,13.552947916838209,-8.193039660242086,-1.3936371590235275,15.898129469904315
583,1790595035.1586523,0.9787646484375001,-1.9315597713694854,0.3257696174172794,2.1897555185536404,13.573193796600101,-8.236337564898228,-1.3875674510907843,15.937195165848467
584,1790595035.19912,1.021875,-1.9219796932444855,0.2634991096047794,2.1926391033710217,13.614086393714556,-8.322500591292808,-1.3753398004767592,16.015583785624813
585,1790595035.21912,1.0170849609375001,-1.9603000057444855,0.3018194221047794,2.2289757499458647,13.634323291986286,-8.364519999533439,-1.3693551425960417,16.05413030841437
586,1790595035.2283974,1.0170849609375001,-2.0369406307444855,0.3066094611672794,2.297302399036807,13.643717824738914,-8.383869009504213,-1.3665721215969775,16.07195741075584
587,1790595035.2483974,1.0601953125,-2.0944210994944856,0.2874493049172794,2.365003371150259,13.664048465355794,-8.425521545594608,-1.360581372892478,16.110456711438474
588,1790595035.2584553,1.0266650390625,-2.0848410213694852,0.3018194221047794,2.343437251214085,13.674313258700973,-8.446479036474145,-1.3575760422492587,16.129874888577767
589,1790595035.2784553,1.0266650390625,-2.0656808651194853,0.33055965647977936,2.330310757269515,13.6947428831373,-8.48812732481421,-1.3515478416865658,16.168517856806325
590,1790595035.3187156,1.0458251953125002,-2.051310747931985,0.3161895392922794,2.324134666599501,13.735957232033005,-8.571821607424294,-1.3392803241161952,16.24642479243697
591,1790595035.3387156,1.0554052734375001,-1.9938302791819855,0.3066094611672794,2.2766749515598153,13.756511900914358,-8.613229360804688,-1.333166147161677,16.28516722903895
592,1790595035.3490143,1.0506152343750002,-2.0129904354319854,0.31139950022977936,2.291918958555221,13.76713530551222,-8.634448272322205,-1.3300126409267297,16.305111011971487
593,1790595035.3690143,0.9979248046875001,-2.0800509823069855,0.23475887522977937,2.318960485714664,13.787744034493809,-8.675613621950106,-1.3239879506208638,16.34383986006578
594,1790595035.3788464,0.9883447265625,-2.1231613338694855,0.31139950022977936,2.3625429090083663,13.79782042870648,-8.695914736992068,-1.3210676912373676,16.362884878306055
595,1790595035.3988464,0.9787646484375001,-2.1758517635569854,0.24433895335477937,2.3983353931699245,13.818193387881374,-8.73746430618687,-1.3151848943413749,16.40169083701683
596,1790595035.4388602,1.108095703125,-2.1040011776194856,0.3449297736672794,2.4028469762909226,13.85910213112529,-8.820966977901184,-1.3034122666465606,16.479777117516775
597,1790595035.4588602,1.0649853515625,-2.0321505916819853,0.32097957835477936,2.3166479482297166,13.879741957013321,-8.862647570677547,-1.297411765903323,16.5189901642206
598,1790595035.468905,1.108095703125,-1.9267697323069854,0.3257696174172794,2.2464290623677883,13.8901903156753,-8.883423718852178,-1.2943628867236852,16.538681303443543
599,1790595035.488905,1.0937255859375001,-1.9363498104319854,0.3161895392922794,2.246255121408113,13.911175994365667,-8.92438023952027,-1.288239982681757,16.57784492805791
600,1790595035.4984524,1.0937255859375001,-1.9986203182444855,0.2826592658547794,2.295782022407088,13.921257657284881,-8.94381675911139,-1.2853266925641762,16.596545956544475
601,1790595035.5184524,1.0554052734375001,-2.1614816463694853,0.2778692267922794,2.4213827673438915,13.942432500937722,-8.984665074419329,-1.2792985709583535,16.63587194517772
602,1790595035.5578525,1.069775390625,-2.127951372931985,0.3066094611672794,2.4013758126597518,13.984169825993465,-9.06574112543954,-1.2674773069644438,16.713801680030244
603,1790595035.5778525,1.098515625,-2.0752609432444853,0.3066094611672794,2.3680063181086366,14.005430686716913,-9.107027867594987,-1.2614569519814913,16.75354645868408
604,1790595035.5887313,1.1224658203125002,-2.0608908260569856,0.33055965647977936,2.369909323410431,14.0170727561974,-9.129491500117496,-1.2581535711574752,16.77524646948191
605,1790595035.6087313,1.184736328125,-2.1135812557444855,0.34971981272977937,2.448086975421685,14.038726276634474,-9.170856461952447,-1.2519710566013813,16.81540588991446
606,1790595035.6183085,1.15599609375,-2.0848410213694852,0.2730791877297794,2.3994710450266687,14.049221345253036,-9.190709138590078,-1.2490072058247925,16.834778700009068
607,1790595035.6383085,1.11767578125,-2.1087912166819853,0.24433895335477937,2.399145904624059,14.07126094932052,-9.232238749172181,-1.2429701446182575,16.87541382621479
608,1790595035.6789258,1.0745654296875,-2.0369406307444855,0.32097957835477936,2.325262541215085,14.115984666191126,-9.316557677416242,-1.2308266400480508,16.95801298120209
609,1790595035.6989257,1.021875,-2.0225705135569854,0.3640899299172794,2.295121233181885,14.137848042653756,-9.357937885035614,-1.2247164796033816,16.998519911826605
610,1790595035.7086985,1.1033056640625,-2.2333322323069855,0.2539190314797794,2.503903177593201,14.148486521536276,-9.378244282224035,-1.2217256897232294,17.0183357097012
611,1790595035.7286985,1.0937255859375001,-2.1614816463694853,0.2874493049172794,2.439439621680335,14.170287957525245,-9.420159967586292,-1.2157110863974714,17.05914499790919
612,1790595035.7388704,1.0889355468750002,-2.127951372931985,0.2970293830422794,2.408772327390356,14.181377977837611,-9.441552732457241,-1.2126650448256981,17.079957724216136
613,1790595035.7588704,1.0841455078125002,-2.1087912166819853,0.3066094611672794,2.39089548900457,14.203172024103418,-9.483660944839123,-1.2066688269035755,17.120921999727752
614,1790595035.7984169,1.0841455078125002,-2.1231613338694855,0.2826592658547794,2.4006419542118396,14.246232997539341,-9.566985286920065,-1.1948430558269143,17.20203511298537
615,1790595035.8184168,1.0554052734375001,-2.0608908260569856,0.31139950022977936,2.336262172117865,14.267953087486031,-9.609080276976705,-1.1888683841684209,17.24303677172209
616,1790595035.8281934,1.0554052734375001,-2.0417306698069853,0.3545098517922794,2.3255583532235757,14.27852564582961,-9.629579204006893,-1.1858976005168518,17.263007947161686
617,1790595035.8481934,1.0170849609375001,-1.9986203182444855,0.2108086799172794,2.2524176552747472,14.300018424083593,-9.67128419244383,-1.1798838896405948,17.303652529254553
618,1790595035.8585117,0.9739746093750001,-1.9507199276194853,0.3066094611672794,2.2018047455204206,14.310984416973284,-9.692629247546899,-1.1768462984592434,17.324442384199582
619,1790595035.8785117,1.108095703125,-1.9842502010569854,0.4455205939797794,2.315947656433295,14.33217465028326,-9.733698955267917,-1.1707134908436216,17.36452405439461
620,1790595035.9186275,1.0410351562500002,-1.9603000057444855,0.2826592658547794,2.23750454069793,14.37476846221552,-9.815587626715777,-1.158066650998645,17.444794271306183
621,1790595035.9386275,0.9404443359375001,-2.0561007869944854,0.23954891429227937,2.2736247882214156,14.395790761418231,-9.85631438270517,-1.1519239575372926,17.484640507062295
622,1790595035.9483497,0.9931347656250001,-2.0321505916819853,0.4455205939797794,2.3053072007059194,14.405886979374362,-9.876123506289238,-1.1488862951440206,17.50392341428505
623,1790595035.9683497,0.8877539062500001,-2.0129904354319854,0.34971981272977937,2.2276762418759466,14.426362231868886,-9.916828808782391,-1.1423818768556826,17.543330847372108
624,1790595035.978585,0.8829638671875001,-2.0752609432444853,0.24433895335477937,2.268487314807205,14.436628277018599,-9.937673997933013,-1.139096419767368,17.56334652483785
625,1790595035.998585,0.8733837890625001,-2.0656808651194853,0.23954891429227937,2.2554867239371115,14.456313828925849,-9.978507501309963,-1.1329137222403594,17.602247441055148
626,1790595036.0386906,0.8781738281250001,-1.9267697323069854,0.3832500861672794,2.1518623334881988,14.495136174994865,-10.060116718105641,-1.1205020546705973,17.679661930254053
627,1790595036.0586905,0.8542236328125001,-1.9459298885569853,0.32097957835477936,2.149271745442069,14.514190813793178,-10.100518337844,-1.114184644249656,17.717889634316016
628,1790595036.0682518,0.8398535156250001,-1.9650900448069855,0.2970293830422794,2.1575818098736534,14.52314859243812,-10.119740346965036,-1.1111743561418799,17.736000061394247
629,1790595036.0882518,0.8254833984375001,-1.9171896541819855,0.3018194221047794,2.109059974196568,14.541573518263084,-10.159740476880334,-1.1049237940873666,17.773534919518717
630,1790595036.1288197,0.7584228515625001,-1.9219796932444855,0.2922393439797794,2.086771429070777,14.578159780512529,-10.240387174624864,-1.0923394953512435,17.848850877450868
631,1790595036.1488197,0.8063232421875001,-1.8357589901194855,0.3161895392922794,2.029813800685703,14.595838384866125,-10.279818807388013,-1.086153397607893,17.885550091428414
632,1790595036.158874,0.7584228515625001,-1.8692892635569853,0.3018194221047794,2.039740801224821,14.60457257206602,-10.299462238220501,-1.0830439885845857,17.903783027351576
633,1790595036.178874,0.77279296875,-1.8644992244944854,0.2587090705422794,2.034821052051218,14.621637234618444,-10.338276202301067,-1.0769457803535643,17.939677880878087
634,1790595036.1891,0.8015332031250001,-1.8405490291819855,0.3161895392922794,2.032252944220388,14.630261068326904,-10.357986569740426,-1.073854544140259,17.957883736350883
635,1790595036.2091,0.8206933593750001,-1.8165988338694854,0.2970293830422794,2.0153896317408884,14.647030888499028,-10.39623930736996,-1.0677957661585609,17.993262444119882
636,1790595036.248459,0.8398535156250001,-1.7686984432444854,0.33055965647977936,1.9856781706346998,14.67998464517623,-10.470810626480029,-1.055808266170795,18.062517971012003
637,1790595036.268459,0.84943359375,-1.7782785213694854,0.3545098517922794,2.0023708859182077,14.696751963744616,-10.50833993945913,-1.0496030205343265,18.09755212916316
638,1790595036.2785046,0.8254833984375001,-1.8213888729319854,0.3018194221047794,2.0223687178890093,14.705172431979447,-10.527074572462565,-1.046459293648071,18.11508963162199
639,1790595036.2985046,0.8206933593750001,-1.8644992244944854,0.2922393439797794,2.0579841550489384,14.721891599555398,-10.564307899514175,-1.0402480973502384,18.14995343709835
640,1790595036.3086045,0.8159033203125001,-1.8597091854319854,0.2922393439797794,2.0517359276102742,14.73030793760901,-10.583111199466297,-1.037139230712379,18.16754998289364
641,1790595036.3286045,0.81111328125,-1.8501291073069854,0.31139950022977936,2.0439794806866436,14.746914717534121,-10.620325391587487,-1.0310009743679325,18.202356114486115
642,1790595036.3684998,0.81111328125,-1.8597091854319854,0.3066094611672794,2.0519338125479414,14.779926312164765,-10.694524360631318,-1.0187440695933005,18.27175176529302
643,1790595036.3884997,0.8254833984375001,-1.8692892635569853,0.3161895392922794,2.06776232113442,14.796447940233683,-10.731735146090308,-1.012587021100347,18.3065655809378
644,1790595036.3985918,0.8302734375,-1.8836593807444855,0.3018194221047794,2.080533971663147,14.804787497391647,-10.750535883454559,-1.0094784217586426,18.324158952278395
645,1790595036.4185917,0.81111328125,-1.8740793026194855,0.3066094611672794,2.0649666702405076,14.821297539354072,-10.78784228355638,-1.0033293510936174,18.35905966196842
646,1790595036.4291239,0.81111328125,-1.8788693416819855,0.3018194221047794,2.068610577583974,14.829969118917063,-10.807505734110784,-1.0000963217733156,18.377441522521455
647,1790595036.4491239,0.8015332031250001,-1.8740793026194855,0.3018194221047794,2.060515389842605,14.846384928549234,-10.844874030740309,-0.9939724147286708,18.412344211167706
648,1790595036.4885883,0.7871630859375001,-1.8453390682444855,0.2970293830422794,2.028084923035165,14.878620489264147,-10.918558563974557,-0.9819286482952644,18.481137753093993
649,1790595036.5085883,0.8063232421875001,-1.8549191463694854,0.2970293830422794,2.0442868352680694,14.894896724772881,-10.955849794218329,-0.9758495066577881,18.515962719091004
650,1790595036.518681,0.7632128906250001,-1.8836593807444855,0.24912899241727937,2.047616134422103,14.903066348686743,-10.974675492639964,-0.972828492165745,18.533517853804252
651,1790595036.538681,0.8398535156250001,-1.7686984432444854,0.3640899299172794,1.9915344807234214,14.919231682818856,-11.011863621078536,-0.9668201335617652,18.568235123067545
652,1790595036.5492294,0.8398535156250001,-1.7926486385569853,0.3449297736672794,2.0094575431668233,14.927807550750007,-11.031352737314187,-0.9635656294549645,18.58651769992284
653,1790595036.5692294,0.8206933593750001,-1.8309689510569853,0.2922393439797794,2.0276559678670028,14.944119447019956,-11.068197294510782,-0.9573648383386477,18.62117732128404
654,1790595036.6083908,0.8015332031250001,-1.8405490291819855,0.32097957835477936,2.0330037123073295,14.97603301779947,-11.140303656085445,-0.945243381002097,18.68907208904013
655,1790595036.6283908,0.7584228515625001,-1.8644992244944854,0.2826592658547794,2.032599035837195,14.99222663159967,-11.177162596700864,-0.9390759986374138,18.72371989796771
656,1790595036.6389604,0.7823730468750001,-1.8740793026194855,0.2970293830422794,2.0524393465760893,15.000722336984156,-11.19668353857273,-0.9358460361316981,18.742016985841847
657,1790595036.6589603,0.7871630859375001,-1.8644992244944854,0.2970293830422794,2.0455340467451677,15.016741037805781,-11.233688668686163,-0.9297599127514153,18.77665374865414
658,1790595036.6685114,0.791953125,-1.8501291073069854,0.31139950022977936,2.036452089945935,15.02437451400323,-11.251370683433308,-0.9268535988974823,18.793196358971016
659,1790595036.6885114,0.8063232421875001,-1.8453390682444855,0.32097957835477936,2.0392305748497397,15.040358808860125,-11.288386233523482,-0.9207320609556147,18.827846514791077
660,1790595036.7285879,0.8254833984375001,-1.8549191463694854,0.3066094611672794,2.0533283328151186,15.072488882795637,-11.36255506978287,-0.9084191677267782,18.89742850813676
661,1790595036.7485878,0.8159033203125001,-1.8597091854319854,0.3066094611672794,2.053831990245149,15.088580165042472,-11.399588566631264,-0.9022763537952104,18.93224692169425
662,1790595036.7591436,0.8446435546875001,-1.8357589901194855,0.2730791877297794,2.0391189389171993,15.097113652024957,-11.419128148760606,-0.8990616389613534,18.95066331637568
663,1790595036.7791436,0.6913623046875,-1.8261789119944853,0.3928301642922794,1.991789846578718,15.113160805286594,-11.456089469278679,-0.8928854904978734,18.98543810275945
664,1790595036.788689,0.7201025390625001,-1.8165988338694854,0.32097957835477936,1.9803047441495072,15.120681229227115,-11.4736916803764,-0.8898689546360495,19.001906966635346
665,1790595036.8086889,0.81111328125,-1.8118087948069854,0.2539190314797794,2.0012572894327487,15.136371734958226,-11.510483377899838,-0.8836342337249035,19.03632806900431
666,1790595036.847986,0.81111328125,-1.8357589901194855,0.3257696174172794,2.03323428764539,15.167358056311544,-11.582680654543783,-0.8715129422143042,19.104103652407996
667,1790595036.867986,0.8254833984375001,-1.8261789119944853,0.32097957835477936,2.0296256180463677,15.183217676275298,-11.619406202109772,-0.8652991311650451,19.138689664686574
668,1790595036.8785439,0.7871630859375001,-1.8501291073069854,0.2778692267922794,2.0297326781537834,15.191611019055633,-11.638796404271977,-0.8620367338638005,19.15697612946567
669,1790595036.8985438,0.7392626953125001,-1.8597091854319854,0.3353496955422794,2.029159186796615,15.207415353274456,-11.675582652775004,-0.8558638963760242,19.191592300221163
670,1790595036.9081645,0.7536328125000001,-1.8405490291819855,0.2730791877297794,2.007524691671454,15.214954607898102,-11.693293688111956,-0.8529009426544678,19.208211812004247
671,1790595036.9281645,0.7392626953125001,-1.8549191463694854,0.3545098517922794,2.028031461113606,15.230516020454514,-11.73013277435667,-0.8467239388216776,19.242701852440884
672,1790595036.9688325,0.791953125,-1.8357589901194855,0.2203887580422794,2.0114104570358577,15.262082605641075,-11.805062100473844,-0.8342941554616511,19.312863676712816
673,1790595036.9888325,0.7248925781250001,-1.8165988338694854,0.4024102424172794,1.9968561731479353,15.277553290906944,-11.841862481933294,-0.8281640775541921,19.34733049639852
674,1790595036.9979908,0.7009423828125001,-1.7686984432444854,0.3736700080422794,1.938876912562695,15.28455433920263,-11.858649000953122,-0.8252449874365813,19.363010787714128
675,1790595037.0179908,0.77279296875,-1.7782785213694854,0.1964385627297794,1.9488641771659778,15.299760448067843,-11.895128986599337,-0.8189713427321579,19.39709971713074
676,1790595037.027994,0.46623046875000007,-1.6345773494944853,0.8766241096047794,1.9125072002509256,15.307154602094352,-11.91319821868394,-0.8154991716493429,19.413869081381826
677,1790595037.047994,0.7248925781250001,-1.7495382869944853,-0.004743077895220631,1.8937729442222548,15.321507451992106,-11.948982564012589,-0.8082904894476162,19.446853432672803
678,1790595037.088045,0.8254833984375001,-1.9555099666819855,0.2587090705422794,2.13831065424773,15.350595476002301,-12.021022858493073,-0.7952572291786789,19.513539045822423
679,1790595037.1080449,0.6817822265625001,-1.9555099666819855,0.2012286017922794,2.0807064147611927,15.365203033819729,-12.05746750431665,-0.7890352441055567,19.5472392808958
680,1790595037.1183746,0.7488427734375,-1.8165988338694854,0.4263604377297794,2.0106168320708626,15.372724298297179,-12.07638956474699,-0.7858174960703785,19.564696430257147
681,1790595037.1383746,0.7201025390625001,-1.8884494198069854,0.2778692267922794,2.040098082233239,15.38730571982313,-12.113087822568989,-0.7794655931033899,19.598562205514025
682,1790595037.1485834,0.7296826171875,-1.9028195369944854,0.3161895392922794,2.0623129580525283,15.394742300923388,-12.13191316389404,-0.7762548036958428,19.6159113744013
683,1790595037.1685834,0.7440527343750001,-1.8788693416819855,0.3545098517922794,2.051692401326572,15.40933645320641,-12.168934046388687,-0.7699020814705887,19.65002175491229
684,1790595037.208081,0.7392626953125001,-1.9028195369944854,0.2874493049172794,2.0615185242791383,15.438228986248113,-12.242281734437075,-0.7573363939692297,19.71765540602618
685,1790595037.228081,0.7344726562500001,-1.8644992244944854,0.3018194221047794,2.026549383676384,15.452875087560983,-12.279501943514523,-0.7510441527696821,19.752002019338427
686,1790595037.2380142,0.7632128906250001,-1.8357589901194855,0.3066094611672794,2.0115949761067635,15.460173891429285,-12.297971596396229,-0.7479345275531275,19.76907909328369
687,1790595037.2580142,0.77279296875,-1.8644992244944854,0.3066094611672794,2.0414641050891063,15.4749692534708,-12.335131404207704,-0.7416928096938071,19.8035413090409
688,1790595037.2680614,0.7440527343750001,-1.8740793026194855,0.2970293830422794,2.0381398770516532,15.48242996979707,-12.353816043754579,-0.7385726909865776,19.820895495220938
689,1790595037.2880614,0.7392626953125001,-1.8453390682444855,0.3018194221047794,2.0106915658623006,15.497278566321796,-12.391009810210198,-0.7323951386897765,19.8554569254419
690,1790595037.3283143,0.7440527343750001,-1.8309689510569853,0.2970293830422794,1.9985715462940297,15.527158899931266,-12.465737740687782,-0.7200189793815062,19.925002089184133
691,1790595037.3483143,0.7632128906250001,-1.8261789119944853,0.2922393439797794,2.0007066674550926,15.542039132570956,-12.50278324176941,-0.7139082641010884,19.959564980194052
692,1790595037.3578868,0.7680029296875001,-1.8261789119944853,0.3066094611672794,2.0046863296534037,15.549192203694194,-12.52047669929915,-0.7109922939674841,19.976116364478816
693,1790595037.3778868,0.7584228515625001,-1.8357589901194855,0.3161895392922794,2.011266296723179,15.564185106573715,-12.557391727229911,-0.7048795730692127,20.01071713445881
694,1790595037.388411,0.7632128906250001,-1.8501291073069854,0.31139950022977936,2.0254484142688174,15.572092220780906,-12.576812502619473,-0.7016500940089149,20.028943599525498
695,1790595037.408411,0.7775830078125001,-1.8501291073069854,0.3066094611672794,2.0301779255574046,15.587175868475969,-12.613733495170527,-0.6955064653396038,20.063650053898858
696,1790595037.4487681,0.7584228515625001,-1.8549191463694854,0.3018194221047794,2.026579686294116,15.617696180379431,-12.688273982587361,-0.6831274603875649,20.133837035373492
697,1790595037.4687681,0.7440527343750001,-1.8692892635569853,0.2970293830422794,2.0337362849619436,15.632806232671731,-12.725259639011204,-0.677014670236565,20.168669079843202
698,1790595037.4785366,0.7392626953125001,-1.8357589901194855,0.2922393439797794,2.0004810013231684,15.640166068828913,-12.743329096443508,-0.6740451580981333,20.185677298420444
699,1790595037.4985366,0.7440527343750001,-1.8070187557444854,0.3018194221047794,1.9773786230014032,15.65519927800197,-12.780239326635837,-0.6679862630042761,20.22043489462096
700,1790595037.5385206,0.7632128906250001,-1.8070187557444854,0.2922393439797794,1.983233353440348,15.685265514365298,-12.853799432082733,-0.6559087918292255,20.289847964919463
701,1790595037.5585206,0.7536328125000001,-1.8070187557444854,0.3161895392922794,1.9832435615543726,15.700324036216792,-12.890496017926715,-0.649861173464949,20.324551212146567
702,1790595037.5684626,0.7536328125000001,-1.8165988338694854,0.3018194221047794,1.9897458890150514,15.70781072865603,-12.908703675334543,-0.6468450056110581,20.341788439715938
703,1790595037.5884626,0.7584228515625001,-1.8165988338694854,0.2922393439797794,1.9901357690262995,15.722880353865953,-12.945286857931773,-0.6407965533692267,20.376457952228474
704,1790595037.5984962,0.7632128906250001,-1.8070187557444854,0.3066094611672794,1.9854017381139277,15.730451537108575,-12.963613824574274,-0.6377666735544129,20.393850428104827
705,1790595037.6184962,0.7632128906250001,-1.7782785213694854,0.3257696174172794,1.9623695522537064,15.745569061532128,-13.00004322280831,-0.6316845675980369,20.42848732185777
706,1790595037.6583633,0.7488427734375,-1.7926486385569853,0.3066094611672794,1.9668157011593814,15.775704632898304,-13.072444798461493,-0.6194884777196018,20.497449491273283
707,1790595037.6783633,0.7440527343750001,-1.8118087948069854,0.3018194221047794,1.9817569336400764,15.790794254553555,-13.108724647466305,-0.613375231155313,20.53202557583949
708,1790595037.6880887,0.7584228515625001,-1.8118087948069854,0.2970293830422794,1.9864749646302144,15.798127108404794,-13.126363155546837,-0.6104116609292273,20.548840167279767
709,1790595037.7080886,0.7536328125000001,-1.8165988338694854,0.2874493049172794,1.9876168751019552,15.813213095928951,-13.162638060726024,-0.6043545915922913,20.5834397904556
710,1790595037.718529,0.7680029296875001,-1.7974386776194855,0.24433895335477937,1.9698517263838862,15.82109845979226,-13.181563676569889,-0.6012505732250187,20.601511587398413
711,1790595037.738529,0.7440527343750001,-1.8070187557444854,0.35929989085477937,1.9869644351904034,15.836206250832625,-13.217786869988394,-0.5952908538436034,20.63612583214247
712,1790595037.7780185,0.7488427734375,-1.7974386776194855,0.3018194221047794,1.9704431640348612,15.865983270444897,-13.289255829843725,-0.5833305772601773,20.704444455513396
713,1790595037.7980185,0.7775830078125001,-1.8118087948069854,0.3018194221047794,1.9945880292778102,15.881091725917063,-13.325436631978919,-0.5772762962841572,20.73908348414
714,1790595037.8082993,0.77279296875,-1.8644992244944854,0.24912899241727937,2.0336252323259627,15.888888599057347,-13.344080009943276,-0.5742061440732933,20.75694979810169
715,1790595037.8282993,0.7680029296875001,-1.8070187557444854,0.3545098517922794,1.9951998693461053,15.904092377264478,-13.380415199458623,-0.5682240101067184,20.791790297618125
716,1790595037.8381565,0.7632128906250001,-1.8405490291819855,0.33055965647977936,2.019748581316731,15.91159371294645,-13.398333721167202,-0.5652114481200359,20.80897943126306
717,1790595037.8581564,0.7967431640625001,-1.8644992244944854,0.24912899241727937,2.042846612568773,15.92687067286064,-13.434794107163016,-0.5591463613950441,20.84398106853275
718,1790595037.8987677,0.7536328125000001,-1.9076095760569853,0.24912899241727937,2.0661563265164182,15.957960612696738,-13.509213281166677,-0.5471605233853906,20.915418595638528
719,1790595037.9187677,0.7584228515625001,-1.8309689510569853,0.34971981272977937,2.012450364337631,15.973243025052781,-13.545973206625309,-0.5412449475507087,20.950676097569193
720,1790595037.928085,0.7201025390625001,-1.8357589901194855,0.3161895392922794,1.9971315833781802,15.980327905120795,-13.563092089285234,-0.5384370991962188,20.967075654163242
721,1790595037.948085,0.7392626953125001,-1.8836593807444855,0.10063778147977938,2.0260330595546985,15.995443611887216,-13.59990533133122,-0.5326888216566535,21.00227127581569
722,1790595037.9583297,0.7488427734375,-1.7686984432444854,0.2060186408547794,1.931709958260992,16.003168313241424,-13.618739951987342,-0.52995042504905,21.020283570751378
723,1790595037.9783297,0.7632128906250001,-1.6872677791819854,0.2634991096047794,1.8705074861770505,16.018254825376463,-13.655178215539964,-0.5247020320070729,21.055253310545705
724,1790595038.018635,0.8015332031250001,-1.6728976619944853,0.24433895335477937,1.8710274149100399,16.048827796661826,-13.727753691340475,-0.5141764937782721,21.125351417758036
725,1790595038.038635,0.8829638671875001,-1.6824777401194855,0.07668758616727937,1.9016407448906958,16.064249594242067,-13.76339760191227,-0.5092554975426172,21.160117432004206
726,1790595038.0486922,0.9835546875000001,-1.5196164119944855,0.3928301642922794,1.8522768154042515,16.07224925985832,-13.781048255548225,-0.5067979539817542,21.177613922699724
727,1790595038.0686922,1.11767578125,-1.4908761776194854,0.4455205939797794,1.9158286793568418,16.088923160194998,-13.815399381664632,-0.5013863747024229,21.212498599323364
728,1790595038.0788212,1.1033056640625,-1.5770968807444854,0.4455205939797794,1.9756028343942198,16.0977881914663,-13.832517574453712,-0.4983798880350463,21.230301684565873
729,1790595038.0988212,1.1224658203125002,-1.6585275448069854,0.35929989085477937,2.034634990906614,16.116005487144324,-13.866101357001504,-0.492126715998582,21.265854988899566
730,1790595038.1386006,1.1033056640625,-1.7112179744944853,0.5317412971047794,2.1043524304716823,16.153444635193267,-13.932932502287343,-0.4788965505774943,21.337519152931165
731,1790595038.1586006,1.15599609375,-1.7782785213694854,0.47905086741727937,2.1744174396611498,16.172833436661588,-13.966727446369873,-0.4717263705491151,21.37410916739811
732,1790595038.1686752,1.1655761718750002,-1.8309689510569853,0.4167803596047794,2.2101404888218728,16.18288934124363,-13.983924614040287,-0.46797941670067855,21.39287404199244
733,1790595038.1886752,1.1128857421875,-1.8213888729319854,0.4119903205422794,2.1738693902406374,16.20327544173201,-14.018421778789893,-0.4604136230703391,21.430685124675676
734,1790595038.198224,1.0937255859375001,-1.7878585994944853,0.4503106330422794,2.1437009342143902,16.2131290110176,-14.035006546242979,-0.45672565446509783,21.44890578571388
735,1790595038.218224,1.1033056640625,-1.6728976619944853,0.4263604377297794,2.048817512303167,16.23396693911284,-14.069723663354885,-0.4488449305477889,21.48721173896361
736,1790595038.2589066,1.108095703125,-1.6297873104319853,0.3353496955422794,1.9991353588062797,16.276743338632354,-14.13982703764698,-0.43289495494110913,21.56512185006843
737,1790595038.2789066,1.0506152343750002,-1.6345773494944853,0.2730791877297794,1.9621946195401743,16.2978563390536,-14.174017616404505,-0.4253173099625778,21.603328249432508
738,1790595038.2879508,0.9596044921875001,-1.5675168026194854,0.15332821116727938,1.8443045432521719,16.307335261375073,-14.189331730654649,-0.4221153953261796,21.620464835345725
739,1790595038.3079507,0.9021240234375001,-1.5675168026194854,0.14853817210477938,1.814662577100687,16.327945021996708,-14.222819635880526,-0.4156440787709958,21.657865708244504
740,1790595038.3186674,0.8877539062500001,-1.7160080135569855,0.2634991096047794,1.9499287888065133,16.33877054270526,-14.240711145769076,-0.4123654828690284,21.67771487209541
741,1790595038.3386674,0.9117041015625001,-1.7591183651194855,0.2299688361672794,1.9946396809736513,16.35864237137594,-14.274305332039651,-0.40642440841199234,21.714652973202792
742,1790595038.3784254,0.9500244140625,-1.7782785213694854,0.3161895392922794,2.0407833573499916,16.397771493072053,-14.341617917655798,-0.3947571235457804,21.788179079987902
743,1790595038.3984253,0.9979248046875001,-1.7255880916819855,0.2060186408547794,2.003983996529142,16.417424511921862,-14.375655688872573,-0.38898503446275806,21.82527464768091
744,1790595038.4087176,1.0649853515625,-1.6872677791819854,0.09584774241727938,1.9975618006547131,16.427613596161528,-14.393179044565844,-0.38622717376146026,21.84443322458773
745,1790595038.4287176,1.0027148437500002,-1.6585275448069854,0.24912899241727937,1.9540255703605627,16.44754465755647,-14.427141409555292,-0.3811544955185959,21.881714129909323
746,1790595038.437987,1.0554052734375001,-1.6393673885569855,0.2251787971047794,1.9626796010886214,16.456827388157116,-14.442813720458348,-0.37882635433606954,21.898985027945876
747,1790595038.457987,1.15599609375,-1.6202072323069854,0.2682891486672794,2.008327043008119,16.47716877954918,-14.476445698461674,-0.3738164012379402,21.936369566363854
748,1790595038.498615,1.146416015625,-1.7495382869944853,0.5652715705422794,2.1667223742335873,16.519307724855125,-14.544785632158566,-0.36262582621737566,22.012946515261067
749,1790595038.518615,1.2517968750000001,-1.7399582088694854,0.5221612189797794,2.2061510200977907,16.540537268681028,-14.57861539745772,-0.3563121985718425,22.05113054758119
750,1790595038.528671,1.4338183593750002,-1.7016378963694854,0.32097957835477936,2.248206953944053,16.55163587156541,-14.595669260054663,-0.35297797478287374,22.070677484492343
751,1790595038.548671,1.3475976562500003,-1.7064279354319853,0.3640899299172794,2.2046490013197864,16.57457049318251,-14.62961139020515,-0.34631377203517033,22.11022048037056
752,1790595038.5581744,1.2374267578125002,-1.6824777401194855,0.4359405158547794,2.133541764370142,16.585676117211875,-14.645735842303639,-0.3430519210942533,22.12916435946365
753,1790595038.5781744,1.223056640625,-1.5531466854319853,0.3736700080422794,2.0119049300490297,16.609233005892847,-14.679433313962734,-0.3360025821357746,22.169016243359135
754,1790595038.6186643,1.2182666015625,-1.4621359432444854,0.3018194221047794,1.9269431731552822,16.657183911695988,-14.746577334579657,-0.3218206301380198,22.249199704051932
755,1790595038.6386642,1.2709570312500003,-1.5196164119944855,0.2922393439797794,2.002490861166797,16.681050279821644,-14.779240863805956,-0.3149751472391136,22.288620600918932
756,1790595038.6485531,1.3092773437500003,-1.5866769588694853,0.3353496955422794,2.084276937684787,16.69299446558327,-14.795272464220442,-0.3116326787852633,22.308143500636717
757,1790595038.668553,1.3236474609375002,-1.5962570369944853,0.4167803596047794,2.1151323828907245,16.717477095685386,-14.827606780797817,-0.3047584481217303,22.347815128160256
758,1790595038.6785963,1.3188574218750002,-1.5579367244944855,0.3880401252297794,2.0777696878026983,16.729917544844355,-14.843784019380237,-0.30121807288322505,22.367807165628253
759,1790595038.6985962,1.2949072265625003,-1.7160080135569855,0.3976202033547794,2.18622278236036,16.75489607883924,-14.876078068741657,-0.2940468067202869,22.40782686573023
760,1790595038.7387102,1.1703662109375002,-1.7591183651194855,0.2826592658547794,2.131701374671981,16.804897454317654,-14.941589440337786,-0.27977426935485195,22.48852923371243
761,1790595038.7587101,1.0362451171875,-1.7639084041819855,0.4311504767922794,2.0907098160378412,16.829397579599767,-14.97463720802292,-0.2726549604632048,22.52870886517042
762,1790595038.7682493,1.1512060546875,-1.6154171932444854,0.46947078929227937,2.0384432566489967,16.840895234363835,-14.990452898837054,-0.2691243623874973,22.54776836694712
763,1790595038.7882493,1.2086865234375002,-1.5196164119944855,0.32097957835477936,1.968040914529786,16.864925407955837,-15.023341092940399,-0.26164669627339887,22.58749533711998
764,1790595038.7987936,1.2757470703125002,-1.3567550838694853,0.2060186408547794,1.8737018507212593,16.877658872081962,-15.040354083287305,-0.25787894392078964,22.608275509263013
765,1790595038.8187935,1.0458251953125002,-1.5579367244944855,0.3161895392922794,1.9028644201405678,16.901670677390708,-15.072155207229764,-0.251021096541461,22.647281202579286
766,1790595038.8589077,0.7775830078125001,-1.6010470760569855,0.18206844554227938,1.789171873423998,16.948093127600046,-15.13587546786439,-0.23783043047211816,22.724197458967865
767,1790595038.8789077,0.7153125000000001,-1.6489474666819854,0.11500789866727938,1.8010903745478877,16.970005841303568,-15.167754467582355,-0.23179474332439515,22.76171352613363
768,1790595038.8888338,0.7488427734375,-1.6776877010569855,0.13895809397977937,1.8424741174545527,16.98033991237293,-15.183679438861882,-0.22905946887215675,22.780002921029713
769,1790595038.9088337,0.8446435546875001,-1.6728976619944853,0.23475887522977937,1.888682358545476,17.000428871429726,-15.215979345203534,-0.22381430365690003,22.816456825912372
770,1790595038.9481375,0.8829638671875001,-1.6872677791819854,0.18685848460477938,1.9134821249996585,17.03907832684927,-15.279838543803526,-0.21380987886928454,22.887755914844742
771,1790595038.9681375,0.86859375,-1.7207980526194855,0.18685848460477938,1.9366251918496957,17.0584226310502,-15.312571526859553,-0.20892211046092377,22.92396732402476
772,1790595038.9789639,1.021875,-1.6968478573069854,0.04794735179227937,1.981368243163345,17.068858353381014,-15.330407683383102,-0.20648249233165478,22.943625699661244
773,1790595038.9989638,0.9643945312500001,-1.6393673885569855,0.2922393439797794,1.9243144443512317,17.08822435997924,-15.363419076116905,-0.20214142294369933,22.980054800636367
774,1790595039.008523,1.0649853515625,-1.6441574276194855,0.3018194221047794,1.982055097467951,17.097547016768264,-15.379184510645576,-0.19995189829341828,22.997508799100682
775,1790595039.028523,1.1799462890625,-1.6633175838694854,0.2587090705422794,2.0556821284096034,17.117493807668012,-15.412182939829675,-0.1952172595190712,23.034367519095106
776,1790595039.068978,1.4817187500000002,-1.6058371151194855,0.4359405158547794,2.228059116756233,17.15986503820509,-15.478837624249289,-0.1849691300137792,23.110378532303333
777,1790595039.088978,1.1368359375000001,-1.6633175838694854,0.46947078929227937,2.068676909427773,17.18159804260393,-15.511750884972852,-0.17930456045878645,23.14851781303651
778,1790595039.0985258,0.9069140625000001,-1.7926486385569853,0.5077911017922794,2.0721809914049216,17.19188030438425,-15.52758110706153,-0.17630620628656188,23.166734929959905
779,1790595039.1185257,1.2038964843750002,-1.7351681698069854,0.3928301642922794,2.148136601936596,17.213354391628116,-15.561059010831633,-0.16961661644945572,23.205061877679686
780,1790595039.1291776,1.1751562500000001,-1.7351681698069854,0.4551006721047794,2.1445086642808433,17.224976371254016,-15.578986967390549,-0.16591081763732943,23.225679157342046
781,1790595039.1491776,0.9739746093750001,-1.7734884823069854,0.3736700080422794,2.057551265823779,17.246748381845972,-15.61286240743675,-0.15875332335998793,23.264500960002046
782,1790595039.1889896,1.0937255859375001,-1.7160080135569855,0.4311504767922794,2.080098529773128,17.289760917720713,-15.680599482745228,-0.14423961434708504,23.341761668660734
783,1790595039.2089896,1.15599609375,-1.6537375057444854,0.5844317267922794,2.1006511252353772,17.311502089909514,-15.714578205426328,-0.1365188077395761,23.38064819820589
784,1790595039.2185388,0.9356542968750001,-1.6633175838694854,0.7089727424172794,2.035857730186653,17.3218235126327,-15.73074371905582,-0.1324590866430508,23.39913274390834
785,1790595039.2385387,0.9979248046875001,-1.6154171932444854,0.5748516486672794,1.983905502289856,17.343098727130183,-15.764440684874252,-0.12330597999347753,23.437488515850102
786,1790595039.2484303,1.1272558593750002,-1.6441574276194855,0.028787195542279372,1.9936870671995601,17.35361919897494,-15.7810246966825,-0.11901029189172846,23.456406443228058
787,1790595039.2684302,0.8733837890625001,-1.8309689510569853,-0.27777530445772064,2.0475364862435215,17.374701100822687,-15.814739392761297,-0.11200101535222284,23.494653958535437
788,1790595039.3085382,0.7392626953125001,-1.7878585994944853,0.16769832835477938,1.941924415058442,17.41548810093901,-15.88309491766237,-0.10038419381451706,23.570787151552416
789,1790595039.3285382,0.7153125000000001,-1.7591183651194855,0.23954891429227937,1.9140410333886553,17.4349577580429,-15.917388246678925,-0.09484946924401035,23.608261203275188
790,1790595039.3384595,0.6913623046875,-1.7782785213694854,0.3161895392922794,1.9339679833608205,17.444213963716543,-15.93448041211408,-0.09210219433709842,23.626611048353343
791,1790595039.3584595,0.81111328125,-1.7782785213694854,0.2203887580422794,1.9669139430223184,17.46232801086925,-15.969102349533983,-0.08658992330390827,23.66331817864727
792,1790595039.368383,0.86859375,-1.7686984432444854,0.3545098517922794,2.0021055218674944,17.4712177003177,-15.986343931431316,-0.0838372638150802,23.681504785648848
793,1790595039.388383,0.9212841796875001,-1.8118087948069854,0.2922393439797794,2.0534895867406155,17.48913153814205,-16.021251428269306,-0.07815153009662452,23.71826989786381
794,1790595039.429055,0.8590136718750001,-1.8788693416819855,0.3545098517922794,2.096123022772865,17.52552738886557,-16.092849345495708,-0.06635052658106183,23.79345104660264
795,1790595039.449055,0.81111328125,-1.7112179744944853,0.3353496955422794,1.923182552321399,17.54324520233023,-16.12816074793616,-0.06038319119712321,23.83037279335198
796,1790595039.4586058,0.7248925781250001,-1.7830685604319854,0.3161895392922794,1.950584160137564,17.551537294052377,-16.144996987428115,-0.057494286696975275,23.84786562150955
797,1790595039.4786057,0.6722021484375,-1.7447482479319854,0.2251787971047794,1.8832704711993122,17.5683924599749,-16.18025640694051,-0.05154012341973279,23.884132125877308
798,1790595039.4882832,0.6626220703125001,-1.6968478573069854,0.19164852366727939,1.8316904256823474,17.576293649710117,-16.197256195240584,-0.048788698014633786,23.90145575173516
799,1790595039.5082831,0.7536328125000001,-1.7878585994944853,0.32097957835477936,1.9665779103772765,17.592297786643236,-16.232346211388002,-0.043186419299963835,23.93699793222005
800,1790595039.5486631,0.7584228515625001,-1.8165988338694854,0.3257696174172794,1.995335156964957,17.624342573860424,-16.30348210124806,-0.031613379269294015,24.008789623641043
801,1790595039.5686631,0.7775830078125001,-1.8165988338694854,0.3353496955422794,2.00427694582236,17.64013743851951,-16.338880108063602,-0.02574945043603985,24.04441962430642
802,1790595039.5786607,0.77279296875,-1.8261789119944853,0.3018194221047794,2.005799928886843,17.648011159182367,-16.35665210347569,-0.022780112414265474,24.062270982645895
803,1790595039.5986607,0.7105224609375,-1.8453390682444855,0.2874493049172794,1.9981855637511583,17.66362464740615,-16.392378972314724,-0.016847131734418,24.09800837999455
804,1790595039.6087122,0.6722021484375,-1.8357589901194855,0.2826592658547794,1.9752880951248775,17.671336935980424,-16.41041612513448,-0.013882846524972261,24.115930403748624
805,1790595039.6287122,0.8063232421875001,-1.8357589901194855,0.14374813304227937,2.0101820232131757,17.686598439388646,-16.44642945513733,-0.008229769760897999,24.151622593691382
806,1790595039.668644,0.7009423828125001,-1.8597091854319854,0.3640899299172794,2.0204949778383843,17.71701285192985,-16.518615245250164,0.0028849938434888887,24.22307169496157
807,1790595039.688644,0.6913623046875,-1.8261789119944853,0.3545098517922794,1.9845877380387993,17.732049505020974,-16.55487542048104,0.008694733362907135,24.258803668659137
808,1790595039.69844,0.7632128906250001,-1.8261789119944853,0.2539190314797794,1.9954694208574482,17.739378503838644,-16.57265527970233,0.01156055893499384,24.276296800970716
809,1790595039.71844,0.8206933593750001,-1.8261789119944853,0.23954891429227937,2.016395469910155,17.754472924411537,-16.60898853960244,0.017274043036882104,24.312139098089872
810,1790595039.728693,0.791953125,-1.7639084041819855,0.2826592658547794,1.9540877337301585,17.762290410856046,-16.62758146492962,0.02016526205451883,24.33055348014618
811,1790595039.748693,0.8302734375,-1.7734884823069854,0.09584774241727938,1.9605616969685218,17.777685589549804,-16.663715692439705,0.025526829083798996,24.366497023953833
812,1790595039.7890954,0.9356542968750001,-1.7830685604319854,-0.09575382008272064,2.015924415379227,17.80947179555488,-16.73653893633396,0.034733482763316406,24.4395218369532
813,1790595039.8090954,0.8829638671875001,-1.7734884823069854,0.13416805491727937,1.9856705805834274,17.825574292519736,-16.772515352091364,0.03866495599013352,24.475903764173914
814,1790595039.818984,0.8350634765625001,-1.7303781307444854,0.3928301642922794,1.961085164704819,17.833615829137614,-16.79023372579537,0.04070807584284133,24.493906573993925
815,1790595039.838984,0.8446435546875001,-1.7255880916819855,0.47905086741727937,1.9800421031389863,17.84995992411303,-16.825878056241102,0.04552830763824195,24.53025304563191
816,1790595039.8485312,0.9691845703125,-1.6441574276194855,0.34971981272977937,1.9403289219985103,17.857890446423905,-16.842753902919277,0.04807758940053457,24.547605212838654
817,1790595039.8685312,1.1320458984375001,-1.5770968807444854,0.4024102424172794,1.982598418900178,17.87516352639481,-16.877635229960543,0.05374508248895785,24.584119479551276
818,1790595039.9081895,1.1895263671875,-1.5531466854319853,0.6610723517922794,2.065007084493133,17.911182174120395,-16.945737510816702,0.0664607210545322,24.657106149900713
819,1790595039.9281895,0.9021240234375001,-1.7303781307444854,0.5748516486672794,2.034328057860219,17.929759448808973,-16.979855608871862,0.07376530805809564,24.69407240029406
820,1790595039.9384341,1.1416259765625,-1.6585275448069854,0.5556914924172794,2.0887356275964444,17.939418230890368,-16.99731435163804,0.07781434570400517,24.713103340203947
821,1790595039.958434,1.0841455078125002,-1.7303781307444854,0.6562823127297794,2.144827832594204,17.95878474466037,-17.031368881763992,0.08635130991827403,24.750614781061287
822,1790595039.9688358,0.7440527343750001,-1.8261789119944853,0.7425030158547794,2.1070962528317776,17.96877240360955,-17.049198071000692,0.09121651145015831,24.770148505991944
823,1790595039.9888358,0.7775830078125001,-1.7495382869944853,0.5509014533547794,1.9922379283124645,17.98737811178076,-17.083700645605024,0.10110802254166558,24.807434811302787
824,1790595040.0282574,0.9596044921875001,-1.7830685604319854,-0.27777530445772064,2.0438525857786325,18.023686644854838,-17.151951439272324,0.11848796596150746,24.880851228307126
825,1790595040.0482574,0.8733837890625001,-1.8453390682444855,-0.11012393727022064,2.0445544261150133,18.042093660758493,-17.18682622511154,0.12540096992516403,24.918263678655897
826,1790595040.0590262,0.8302734375,-1.8453390682444855,-0.10533389820772064,2.0262589883623283,18.05189413943814,-17.205768495149496,0.12839088353682776,24.938440924587393
827,1790595040.0790262,0.6434619140625001,-1.9123996151194853,0.34971981272977937,2.0478328716411123,18.069575970240013,-17.241307740704286,0.13347739894450417,24.975789968887348
828,1790595040.0883555,0.6386718750000001,-1.8453390682444855,0.2778692267922794,1.9724069934736037,18.07748386076246,-17.258028210609304,0.13593330754977678,24.993067805261827
829,1790595040.1083555,0.7536328125000001,-1.8644992244944854,0.33055965647977936,2.0380356868095384,18.093982157578417,-17.294061179906905,0.14132113264864987,25.029916381715346
830,1790595040.1488166,0.8542236328125001,-1.8692892635569853,0.34971981272977937,2.0847648100254745,18.127231745162284,-17.367353838774505,0.15265038193397146,25.104677098961446
831,1790595040.1688166,0.8206933593750001,-1.7830685604319854,0.36887996897977937,1.9972339654726832,18.143714152716832,-17.40362676638549,0.15848833970857312,25.141712480118976
832,1790595040.1784542,0.7536328125000001,-1.8261789119944853,0.2826592658547794,1.9956923849289965,18.151603270039427,-17.421092924946585,0.1613505016916605,25.159515376034694
833,1790595040.1984541,0.84943359375,-1.9028195369944854,0.09584774241727938,2.086012082967267,18.16792367076862,-17.457495393623365,0.16696689788694452,25.196536942013395
834,1790595040.208433,0.7536328125000001,-1.8644992244944854,0.34971981272977937,2.0412309329502505,18.176044870496497,-17.475753105267785,0.1696822675482252,25.21506188377294
835,1790595040.228433,0.7248925781250001,-1.8740793026194855,0.2970293830422794,2.0312235073270304,18.192098053712975,-17.512465078169434,0.1752783347588253,25.252120449670105
836,1790595040.2687345,0.7201025390625001,-1.8022287166819855,0.07189754710477937,1.9420981621115703,18.22396190169335,-17.586458077333678,0.18597850420478038,25.326485802499562
837,1790595040.2887344,0.7584228515625001,-1.8740793026194855,0.3066094611672794,2.044844203345629,18.23962047955554,-17.62318422277953,0.19105980412273482,25.36329791720703
838,1790595040.2987812,0.9739746093750001,-1.8884494198069854,0.11021785960477938,2.1276784831013313,18.247611842013338,-17.641700854356266,0.19354352926441298,25.381930700187095
839,1790595040.3187811,0.9739746093750001,-1.9459298885569853,0.12937801585477937,2.1799101683035254,18.264055890216543,-17.67878427746442,0.19810561625272932,25.41956720570332
840,1790595040.3591106,0.7440527343750001,-1.9890402401194853,0.11979793772977937,2.1270277605686774,18.297437580016208,-17.75424753597143,0.20667873425385694,25.49612212989124
841,1790595040.3791106,0.8015332031250001,-1.8980294979319854,0.2922393439797794,2.080955377921761,18.313827264312568,-17.791887990343046,0.21091059647389437,25.534134616385504
842,1790595040.3876598,0.9739746093750001,-1.8501291073069854,0.2539190314797794,2.1062001633176646,18.320920763254104,-17.80796763075463,0.2127984012409435,25.55044289070173
843,1790595040.4076598,0.9883447265625,-1.8309689510569853,0.6083819221047794,2.167810222644622,18.337969556657047,-17.84546339852398,0.21784572315638398,25.58884812038317
844,1790595040.4183824,0.9164941406250001,-1.8453390682444855,0.5173711799172794,2.124361250917174,18.347270772373594,-17.86550716791913,0.22105117907322974,25.6095207839884
845,1790595040.4383824,0.9931347656250001,-1.8453390682444855,0.4934209846047794,2.1529183002452275,18.364881633474354,-17.90282116031212,0.22764938979420457,25.64823009789012
846,1790595040.4790292,1.2086865234375002,-1.8740793026194855,0.3976202033547794,2.2652148177517435,18.40201649773377,-17.978619401359392,0.2417640821104042,25.727872368954277
847,1790595040.4990292,1.2470068359375002,-1.8788693416819855,0.2826592658547794,2.272679544625884,18.421231200871514,-18.015950432361425,0.24868778401817576,25.767772013722603
848,1790595040.50909,1.2374267578125002,-1.9507199276194853,0.31139950022977936,2.330987530148002,18.43132174970883,-18.034802230040384,0.2520964996440869,25.788200122596614
849,1790595040.52909,1.0937255859375001,-1.9986203182444855,0.3161895392922794,2.3001510077801153,18.451868747717857,-18.072580626320402,0.25879768113838275,25.829374886311538
850,1790595040.5386424,1.1895263671875,-2.0129904354319854,0.3545098517922794,2.3649060671393967,18.461846236776363,-18.090791989435964,0.2619987448600005,25.849277835516453
851,1790595040.5586424,1.2661669921875003,-2.0321505916819853,0.2539190314797794,2.407756165795493,18.483286122828,-18.129269385335405,0.26860813185227894,25.891589844443367
852,1790595040.5987318,1.2709570312500003,-2.0034103573069855,0.2826592658547794,2.3893264941448,18.52744377394284,-18.206960896608965,0.28148253548075575,25.977660216136513
853,1790595040.6187317,1.2422167968750002,-1.9123996151194853,0.3545098517922794,2.3078241036451033,18.549938678807116,-18.245779859806323,0.28789770702432715,26.020983701038826
854,1790595040.628292,1.2709570312500003,-1.8644992244944854,0.35929989085477937,2.2849038371433945,18.560880709699873,-18.264260726073246,0.2910161083490633,26.04177803002339
855,1790595040.648292,1.3140673828125002,-1.8549191463694854,0.33055965647977936,2.2971216364467564,18.584215104962503,-18.302702090647006,0.29759596467737237,26.08544648352186
856,1790595040.658423,1.2949072265625003,-1.8453390682444855,0.3257696174172794,2.2777591720428685,18.59624437110989,-18.322065032342998,0.30092769633940913,26.10764120402045
857,1790595040.678423,1.2517968750000001,-1.8740793026194855,0.2922393439797794,2.2725695771386705,18.620249963651005,-18.360135865207525,0.3074454741208043,26.151535718142487
858,1790595040.7190282,1.2565869140625003,-1.9555099666819855,0.2730791877297794,2.3404277696944322,18.669316094074507,-18.43749835963625,0.3204150002982296,26.240948438546862
859,1790595040.7390282,1.2709570312500003,-1.9219796932444855,0.3257696174172794,2.3271148575350082,18.693649633268773,-18.475703486985797,0.3267431475368874,26.285184363722678
860,1790595040.749178,1.3332275390625004,-1.9842502010569854,0.3640899299172794,2.4181203461317855,18.706128611714604,-18.495157315232472,0.3299980195877118,26.307774334712104
861,1790595040.769178,1.2470068359375002,-2.0177804744944856,0.2874493049172794,2.389370459979673,18.730900273814537,-18.53374399839641,0.33642698397188686,26.352599013782775
862,1790595040.7789452,1.2374267578125002,-2.0465207088694854,0.24912899241727937,2.4044827401428495,18.74300321256494,-18.552739023233517,0.3394887827172362,26.374600420177405
863,1790595040.7989452,1.2422167968750002,-2.0177804744944856,0.3928301642922794,2.4018443229459057,18.767787850028135,-18.591896326847344,0.34578078397819445,26.419841675575423
864,1790595040.8383944,1.2326367187500002,-2.0225705135569854,0.31139950022977936,2.3889651339992994,18.816663932618347,-18.66950134772584,0.35841350877355305,26.509348961623115
865,1790595040.8583944,1.1991064453125002,-1.9603000057444855,0.2299688361672794,2.309441067730446,18.841373879676127,-18.708918242265202,0.36466942338072567,26.55473545825404
866,1790595040.8691452,1.2326367187500002,-1.9698800838694854,0.3449297736672794,2.3492120751431913,18.854624790198645,-18.730097078837098,0.36799134719798965,26.579105142826908
867,1790595040.8891451,1.2182666015625,-1.9459298885569853,0.3161895392922794,2.3174970266259045,18.879254547999654,-18.76946046933423,0.3742359185538723,26.62440517872281
868,1790595040.8982131,1.2038964843750002,-1.8884494198069854,0.2970293830422794,2.259166751404221,18.89039394755862,-18.787238526225046,0.37705957020350683,26.644877347338568
869,1790595040.9182131,1.184736328125,-1.8118087948069854,0.2060186408547794,2.1745562665745624,18.91486014836101,-18.826117786843692,0.38310769770470404,26.689724930471062
870,1790595040.9583187,1.2134765625000001,-1.8980294979319854,0.3640899299172794,2.282017269834725,18.96377614349467,-18.903545943879777,0.39513150364530464,26.77918937865977
871,1790595040.9783187,1.2038964843750002,-1.8836593807444855,0.31139950022977936,2.2571019153995993,18.988136748206106,-18.942038776897334,0.4012413966783644,26.823705278213634
872,1790595040.9883695,1.0122949218750001,-1.9603000057444855,0.16290828929227938,2.2122513944160773,19.000213165225862,-18.961378916901882,0.40420882513193346,26.845956409274525
873,1790595041.0083694,1.0075048828125002,-1.9555099666819855,0.24433895335477937,2.2133203208776897,19.023669040295783,-18.999964741657866,0.40983883498463114,26.889897950896202
874,1790595041.0185564,1.021875,-1.8644992244944854,0.3066094611672794,2.1481608960789758,19.035374606723273,-19.019588804311695,0.4126972492851811,26.91208954583333
875,1790595041.0385563,1.0362451171875,-1.9076095760569853,0.3066094611672794,2.1924387332914317,19.0579961105759,-19.057995727576543,0.4183872174686386,26.95532349586614
876,1790595041.0785716,0.9404443359375001,-1.9411398494944854,0.12458797679227937,2.160551232499149,19.102399661997044,-19.134863045793484,0.4293579378665866,27.041246363042273
877,1790595041.0985715,0.9117041015625001,-1.8357589901194855,0.36887996897977937,2.0826156318737556,19.124042195186508,-19.17318454154661,0.43475891730097166,27.083740706624123
878,1790595041.1091225,0.8350634765625001,-1.7255880916819855,0.35929989085477937,1.950405517735115,19.135129330491857,-19.193186724357606,0.43775703335708965,27.10577839411664
879,1790595041.1291225,0.9021240234375001,-1.7782785213694854,0.2778692267922794,2.013284272134774,19.155598966024332,-19.230670513145427,0.4435434221992956,27.146867054960317
880,1790595041.1387348,0.84943359375,-1.7734884823069854,0.3257696174172794,1.9932196744711244,19.165224044977403,-19.248544097608402,0.44634247912437613,27.166366782851664
881,1790595041.1587348,0.6674121093750001,-1.7686984432444854,0.2251787971047794,1.903795839248896,19.18452185686657,-19.28546790893976,0.45211920568889674,27.20624125305606
882,1790595041.1989596,0.6626220703125001,-1.7830685604319854,0.2778692267922794,1.9223976712596058,19.22152505807876,-19.359306384993907,0.4635124639036263,27.284878835549364
883,1790595041.2189596,0.8206933593750001,-1.8549191463694854,0.4503106330422794,2.077749334236751,19.239388490153186,-19.395969313647804,0.4694198032133698,27.32358047625997
884,1790595041.2285173,0.9500244140625,-1.9986203182444855,0.47905086741727937,2.2641818163274197,19.247913983976442,-19.413624259352638,0.4724855795999158,27.342169669592995
885,1790595041.2485173,1.0170849609375001,-2.0992111385569854,0.4455205939797794,2.374792163888673,19.266028637906796,-19.451173224760016,0.4793254229037339,27.381704697796074
886,1790595041.2590845,1.031455078125,-2.1375314510569856,0.5269512580422794,2.431176240176753,19.27578758451659,-19.4713944720126,0.4831679590737179,27.40300423247061
887,1790595041.2790844,0.9596044921875001,-2.051310747931985,0.4934209846047794,2.3177965471663082,19.29447389454742,-19.510208698475886,0.49088020319390874,27.44386870868143
888,1790595041.319073,0.8877539062500001,-2.0800509823069855,0.3784600471047794,2.2930222620622205,19.331772017367197,-19.588564532613287,0.5066021594195597,27.526095173993443
889,1790595041.339073,0.9021240234375001,-2.0848410213694852,0.3353496955422794,2.2962685505724982,19.3503130704103,-19.628122624463185,0.5143566166445344,27.567415120263657
890,1790595041.3486435,1.0458251953125002,-2.1327414119944854,0.1964385627297794,2.383468979977294,19.35925288710222,-19.64724027023786,0.5178924634425023,27.587369124056075
891,1790595041.3686435,1.0027148437500002,-1.9507199276194853,0.2251787971047794,2.204869788571178,19.378205237939323,-19.68732359024163,0.5248055136068469,27.629349779133342
892,1790595041.3792,1.2517968750000001,-1.1459933651194854,0.33055965647977936,1.7290361175087343,19.388493183872743,-19.70775874451514,0.5283470505244726,27.651194789355678
893,1790595041.3992,1.2470068359375002,-1.5435666073069854,0.35929989085477937,2.0166111007421113,19.408808959044457,-19.744701585011896,0.5350850834549401,27.691901739252067
894,1790595041.4386003,1.3140673828125002,-1.7255880916819855,0.15811825022977938,2.1747249779643627,19.450396089277486,-19.816223398156854,0.5478970112388949,27.772302910100283
895,1790595041.4586003,1.1799462890625,-1.8357589901194855,0.2587090705422794,2.1975474279427343,19.472080620293955,-19.852424784210047,0.5540501879167755,27.81344396342667
896,1790595041.4692316,1.1895263671875,-1.8501291073069854,0.3976202033547794,2.235185119415108,19.483767674937763,-19.87172065627197,0.5573537115341788,27.835465288218497
897,1790595041.4892316,1.1703662109375002,-1.8309689510569853,0.11500789866727938,2.176104589442976,19.50599565884409,-19.908097302359515,0.5634051421298254,27.877116604793205
898,1790595041.4982817,1.0458251953125002,-1.8501291073069854,0.18685848460477938,2.133458259756625,19.516049490579768,-19.924587466921196,0.5659376042636198,27.89597925898411
899,1790595041.5182817,0.9069140625000001,-1.7255880916819855,0.2203887580422794,1.96181512472158,19.537863956393615,-19.960926559951265,0.5713055124219953,27.937306725932554
900,1790595041.558249,0.8925439453125001,-1.8501291073069854,0.3928301642922794,2.091393780710951,19.580312226228767,-20.033370954159945,0.582261657374979,28.01898655021684
901,1790595041.578249,0.8063232421875001,-1.8309689510569853,0.4119903205422794,2.0426307779055444,19.60091578290221,-20.069706625776735,0.5881290539756946,28.059488936138912
902,1790595041.587801,0.8781738281250001,-1.6106271541819854,0.34971981272977937,1.867515207329737,19.61048678640429,-20.08692303206387,0.5910566743094021,28.07855083311888
903,1790595041.607801,0.9835546875000001,-1.5148263729319853,0.4215703986672794,1.8546698801851467,19.630313177927476,-20.122251761476097,0.5974239820609073,28.11780800187103
904,1790595041.6186996,0.9021240234375001,-1.4717160213694853,0.3880401252297794,1.7692797800254865,19.641037917484205,-20.1410568766402,0.6010350296446182,28.138830567224495
905,1790595041.6386995,0.8542236328125001,-1.4046554744944855,0.5125811408547793,1.722061103109498,19.66040124239519,-20.174704274690942,0.6080185925393936,28.17658169814218
906,1790595041.6782923,0.9643945312500001,-1.4046554744944855,0.7185528205422794,1.849170616747276,19.698384083250467,-20.23966464634048,0.6234255839689364,28.249938406062533
907,1790595041.6982923,1.0027148437500002,-1.5148263729319853,0.5173711799172794,1.8888644567082784,19.71764348269504,-20.27193597807095,0.6318947866969002,28.286677850732634
908,1790595041.7087636,1.1033056640625,-1.5770968807444854,0.3449297736672794,1.9553757972237817,19.72786850711869,-20.288726015334074,0.6363410662773522,28.305938053915295
909,1790595041.7287636,0.8973339843750001,-1.6297873104319853,0.5700616096047794,1.945863611742773,19.74746955341479,-20.320794572597478,0.6449319836816271,28.342780087498944
910,1790595041.7680755,0.4853906250000001,-1.6824777401194855,0.46947078929227937,1.812936354876855,19.784294947049112,-20.38413918474269,0.6623502652726436,28.41425988352859
911,1790595041.7880754,0.6003515625000001,-2.0225705135569854,-0.02869327320772063,2.1099850200496046,19.80184828692178,-20.417089418357858,0.670543771285412,28.45031396741866
912,1790595041.7987018,0.8733837890625001,-2.2237521541819856,-0.39752628102022064,2.421962020826908,19.810950234652896,-20.435354572932027,0.6739044273831837,28.469836896241507
913,1790595041.8187017,0.7584228515625001,-2.4009835994944853,-0.01432315602022063,2.5179619972533476,19.827959241118794,-20.47151226997188,0.6786630324976181,28.50774220801704
914,1790595041.8282578,0.86859375,-2.5063644588694856,0.4551006721047794,2.691362949320179,19.8360332448293,-20.48971421072144,0.6809115648392914,28.526483202213086
915,1790595041.8482578,0.8829638671875001,-2.3961935604319855,0.4934209846047794,2.6009292642943542,19.85302403010971,-20.52944883965592,0.6863344289597145,28.566971973741616
916,1790595041.88779,0.9164941406250001,-2.8272970760569853,0.2203887580422794,2.980292178755592,19.886905816854075,-20.61169496218841,0.6975618728200484,28.649914218879253
917,1790595041.90779,0.9404443359375001,-2.9853683651194856,0.15811825022977938,3.133984876400785,19.904261371049582,-20.655782165650347,0.7029577586719326,28.693816532701476
918,1790595041.9178405,0.9260742187500001,-3.0859591854319857,0.19164852366727939,3.227613159814744,19.913081727259165,-20.679190440044966,0.7055262520952885,28.716850600728236
919,1790595041.9378405,0.9356542968750001,-3.1386496151194856,0.2587090705422794,3.2853463672695447,19.930793514163295,-20.728121284087287,0.7105462675817726,28.764499266811868
920,1790595041.9486458,0.9404443359375001,-3.2536105526194854,0.2299688361672794,3.394599069510556,19.940447668464547,-20.755772031358397,0.7132476281069665,28.79118351189289
921,1790595041.9686458,0.8781738281250001,-3.3015109432444856,0.33055965647977936,3.432263606901259,19.958364382622943,-20.80910736298689,0.7183384449699336,28.842178631223216
922,1790595042.0085366,0.8542236328125001,-3.4787423885569857,0.15332821116727938,3.585366949300769,19.99392264805844,-20.91981511947539,0.7284169073943455,28.946954912055144
923,1790595042.0285366,0.81111328125,-3.5697531307444854,0.11979793772977937,3.6627030613147586,20.011574281682904,-20.977567444526677,0.7331216678533486,29.00101564602271
924,1790595042.0387537,0.86859375,-3.7469845760569855,-0.06222354664522063,3.846845498002892,20.020526309267314,-21.008252030572947,0.7352087392348357,29.02944468932164
925,1790595042.0587537,0.8733837890625001,-3.8332052791819855,0.12458797679227937,3.933418884292265,20.038034202800095,-21.070677191041305,0.7387748825010991,29.086801823656536
926,1790595042.0682504,0.8206933593750001,-4.010436724494485,0.07189754710477937,4.094179962895618,20.046307167035536,-21.101459235941686,0.7403541595161024,29.114843932309885
927,1790595042.0882504,0.8446435546875001,-4.082287310431986,0.17727840647977938,4.172519628808613,20.063614569406152,-21.16870112287306,0.7435549804039607,29.17559615205999
928,1790595042.1284788,0.7201025390625001,-4.297839068244485,0.057527429917279375,4.3581277778979555,20.097926198719854,-21.30894897242769,0.7497358861407328,29.301195328820363
929,1790595042.1484787,0.9356542968750001,-4.264308794806985,0.03836727366727937,4.365919205438589,20.114909479184853,-21.38105909622506,0.7524916983063065,29.365379534208117
930,1790595042.1580539,1.1128857421875,-4.269098833869486,-0.11970401539522063,4.413394224382382,20.123291839826848,-21.416531967323508,0.7535547470137239,29.39698217053884
931,1790595042.1780539,0.9021240234375001,-4.642721880744485,-0.06701358570772063,4.730030130588608,20.141196657787667,-21.492879334441064,0.7551620409219952,29.464927194896823
932,1790595042.1881385,0.8590136718750001,-4.800793169806986,0.06710750804227937,4.877501713517815,20.150202643153314,-21.53274417389215,0.7558509935381281,29.50018726962359
933,1790595042.2081385,0.6434619140625001,-4.9444943416819855,0.10063778147977938,4.987203173406446,20.167638033779696,-21.61456353416783,0.757264000832038,29.571885793792237
934,1790595042.24878,0.4039599609375001,-4.992394732306986,0.06231746897977937,5.009098948927563,20.20094627831034,-21.786176235086906,0.7602013487153869,29.720255913703614
935,1790595042.26878,0.6243017578125001,-5.466608599494486,-0.40231632008272067,5.516830674062758,20.216421200762117,-21.873648734408786,0.7609200164411476,29.794952498608684
936,1790595042.3079493,0.9452343750000001,-6.0749435604319855,-0.8765301872702207,6.210210339055487,20.24679308653816,-22.053169569145588,0.7583595153906688,29.94745444088966
937,1790595042.3279493,0.9548144531250001,-6.132424029181986,-0.5843378044577207,6.233758559914194,20.262824945194595,-22.149394948797422,0.7550569251828464,30.029117241731893
938,1790595042.3089504,1.0458251953125002,-6.209064654181986,-0.7376190544577207,6.339583274037939,20.262824945194595,-22.149394948797422,0.7550569251828464,30.029117241731893
939,1790595042.3289504,0.5380810546875001,-6.271335161994486,-0.8334198357077207,6.349312132667058,20.279334633302184,-22.253373750531626,0.7486287542821317,30.11684746885101
940,1790595042.368135,0.21235839843750007,-6.151584185431986,-0.4597967888327206,6.172398007813878,20.309034397052343,-22.463043420791127,0.7341230663692143,30.29165123497856
941,1790595042.388135,0.5764013671875001,-6.290495318244486,-0.8621600700827207,6.375412917717288,20.323102594620433,-22.572670413563575,0.7258469298723272,30.3822448551196
942,1790595042.398218,0.8781738281250001,-6.3144455135569855,-1.0058612419577206,6.454081519020068,20.330231167841568,-22.629180587432213,0.7208877496008693,30.428897327113585
943,1790595042.418218,0.7536328125000001,-6.137214068244486,-0.5124872185202206,6.204514653434327,20.344697729816488,-22.743134845504528,0.7102489955617068,30.523128312053778
944,1790595042.4281352,0.43749023437500006,-5.998302935431986,-0.5747577263327207,6.041637381899433,20.35168110374817,-22.800191062832575,0.7049562450734815,30.570191356250927
945,1790595042.4481351,0.5428710937500001,-6.1084738338694855,-0.5220672966452207,6.1547311773727325,20.365122415801256,-22.91615593154858,0.694238273332072,30.665459078086194
946,1790595042.4884303,0.44707031250000007,-6.582687701056986,-0.37836612477022064,6.60869201569716,20.391132995443208,-23.15310531333593,0.6731620400566153,30.859645779244623
947,1790595042.5084302,0.49976074218750005,-6.582687701056986,-0.6322381950827206,6.631837098753268,20.403526762718407,-23.272819190778606,0.6627543489219121,30.957507341041755
948,1790595042.5184884,0.8159033203125001,-6.410246294806986,-0.8669501091452206,6.519858762268594,20.409817243625124,-23.33379494979844,0.6571744169782509,31.007394358309877
949,1790595042.5384884,-0.6402685546875,-6.065363482306986,-4.095436437270221,7.34650785110486,20.42071266245857,-23.455567598116104,0.6402998241475801,31.10593417432264
950,1790595042.5486355,3.5414355468750003,-7.837677935431985,0.13416805491727937,8.601683685139061,20.42761921415813,-23.518662949464307,0.6300079708872082,31.1578568539707
951,1790595042.5686355,3.6420263671875004,-5.634259966681985,-0.48853702320772063,6.726656662450442,20.449965321247774,-23.644577936357656,0.6122339122506857,31.267266874353403
952,1790595042.6077573,-0.731279296875,-6.769499224494486,-1.9399188591452208,7.079842818914607,20.49566030601383,-23.890328745706338,0.5755558949730487,31.482553319984575
953,1790595042.6277573,0.7967431640625001,-6.937150591681986,-1.1112421013327207,7.070623523348448,20.5156147630686,-24.017677056740116,0.5550411222350089,31.591887106595433
954,1790595042.638479,0.7105224609375,-6.405456255744486,-1.1112421013327207,6.539844877329065,20.525919481966415,-24.086435254790715,0.543905957136621,31.650680364782083
955,1790595042.658479,0.6051416015625001,-6.788659380744486,-0.7711493278952206,6.859064355407739,20.544231833239305,-24.215247371599748,0.5234267847263253,31.76031552873209
956,1790595042.6683953,0.5764013671875001,-6.884460161994486,-0.9723309685202207,6.976636565747726,20.55282819317369,-24.27970339878527,0.5134993066840401,31.814877422505734
957,1790595042.6883953,0.49018066406250005,-6.850929888556986,-0.9819110466452207,6.938275486377584,20.569165204337946,-24.41080642939836,0.4935488091324475,31.925250479266396
958,1790595042.7279365,0.6338818359375,-6.721598833869486,-0.8525799919577207,6.805041492018528,20.599953137282693,-24.671376262305394,0.45458155393285476,32.14407442008037
959,1790595042.7479365,0.7584228515625001,-6.654538286994486,-0.8956903435202207,6.757243981559573,20.615278261209124,-24.803467346087714,0.4352059426059356,32.25509408431481
960,1790595042.7588415,0.7536328125000001,-6.678488482306985,-0.9867010857077206,6.792919096892036,20.623617581702103,-24.87559159880773,0.4246864774661427,32.31577042484224
961,1790595042.7788415,0.7823730468750001,-6.697648638556986,-1.0777118278952207,6.828767652660762,20.638921859463856,-25.008091186305805,0.4051909350818051,32.42736344505229
962,1790595042.7878876,0.6865722656250001,-6.874880083869486,-1.1304022575827206,7.000940430217848,20.645802336249638,-25.06824016273852,0.39619759691008716,32.478035524028
963,1790595042.8078876,0.49976074218750005,-6.932360552619485,-0.8621600700827207,7.003620750539794,20.660512078234454,-25.20198691352698,0.37630788412222665,32.59046657150078
964,1790595042.84848,0.5811914062500001,-6.735968951056986,-0.8909003044577207,6.819440190571764,20.68917991674835,-25.474336439098817,0.33665747548525926,32.81916088043357
965,1790595042.86848,0.590771484375,-6.783869341681986,-0.9771210075827207,6.879292089686474,20.702943860666704,-25.608675308139695,0.31724997885426326,32.932002415351604
966,1790595042.8780324,0.590771484375,-6.774289263556986,-0.9914911247702207,6.871903711752094,20.7093782565568,-25.672927852722523,0.30796052466969864,32.98594264211648
967,1790595042.8980324,0.4853906250000001,-6.654538286994486,-0.8861102653952206,6.7308004928353204,20.722443413510888,-25.807417543456136,0.2886122308794401,33.09872744242989
968,1790595042.9088438,0.5572412109375001,-6.812609576056985,-1.0106512810202206,6.90967314818713,20.729292034536677,-25.88013295658247,0.2781840513111253,33.15964741172463
969,1790595042.9288437,0.533291015625,-6.712018755744485,-0.8861102653952206,6.791228643423138,20.74169676153888,-26.01475927843829,0.2589414007760381,33.27240200995052
970,1790595042.968403,0.6482519531250001,-6.965890826056985,-1.1974628044577207,7.097730817897717,20.766058095462537,-26.28168479772761,0.22040735948439588,33.49633866611912
971,1790595042.988403,0.47102050781250004,-6.836559771369486,-1.0441815544577207,6.931863021220002,20.778205883660377,-26.417095289505365,0.20048552801054662,33.6100722659968
972,1790595042.9988604,0.5764013671875001,-6.750339068244486,-0.9867010857077206,6.84637824728522,20.78442627094781,-26.487932559674395,0.1900387619169344,33.66955689386713
973,1790595043.0188603,0.6147216796875,-6.668908404181986,-0.9388006950827207,6.762659890304608,20.79632519240418,-26.6232187714958,0.17016761586355486,33.783307657490255
974,1790595043.0273764,0.552451171875,-6.731178911994486,-0.9819110466452207,6.824816565015447,20.801377289895584,-26.68074208722923,0.16174881413369285,33.831722660259295
975,1790595043.0473764,0.5428710937500001,-6.678488482306985,-0.9340106560202207,6.765300683509618,20.813105386445912,-26.81568595221346,0.142069126161633,33.945346552239684
976,1790595043.0879695,0.552451171875,-6.721598833869486,-0.9579608513327207,6.8119587618736945,20.836673513994043,-27.089288890967847,0.10235744285976053,34.17611757928632
977,1790595043.1079695,0.5572412109375001,-6.898830279181985,-1.0968719841452206,7.007674731159256,20.848208135295277,-27.224301552638842,0.08264436061483123,34.290191127667214
978,1790595043.118016,0.5572412109375001,-6.712018755744485,-0.9340106560202207,6.799565386860558,20.853972887635265,-27.29220429113361,0.07269710770840004,34.34760377576095
979,1790595043.138016,0.5380810546875001,-6.712018755744485,-0.9483807732077206,6.80001125659873,20.865370597089726,-27.427240792224527,0.0530414484385891,34.46186357444724
980,1790595043.1784496,0.552451171875,-6.874880083869486,-1.0537616325827206,6.977076181553041,20.888263845237987,-27.70049436628324,0.013192999496815176,34.69347386267339
981,1790595043.1984496,0.49976074218750005,-6.850929888556986,-0.9819110466452207,6.938958887389314,20.899467433947578,-27.835970213144865,-0.006614449565320299,34.80846190914885
982,1790595043.2078562,0.5668212890625001,-6.788659380744486,-1.0441815544577207,6.891842836293811,20.904698864241073,-27.89975330228373,-0.01596245403421013,34.86262932902269
983,1790595043.2278562,0.6243017578125001,-6.606637896369485,-0.8813202263327207,6.694336585494963,20.9159400307431,-28.035117988128306,-0.035744851501146126,34.97778817581703
984,1790595043.2385256,0.5380810546875001,-6.759919146369485,-0.9962811638327207,6.854094706398085,20.92196752092339,-28.107195553317265,-0.046217712863057495,35.03919666453518
985,1790595043.2585256,0.5045507812500001,-6.788659380744486,-0.9867010857077206,6.878520677527028,20.933135246656068,-28.242361731225877,-0.06587890505997071,35.15439499468507
986,1790595043.2984083,0.5476611328125001,-6.750339068244486,-0.9962811638327207,6.845406226811465,20.955212081266907,-28.51196822999161,-0.10513640962127704,35.38452061825274
987,1790595043.3184083,0.5476611328125001,-6.759919146369485,-0.9962811638327207,6.854853444039056,20.966265313851345,-28.647153368085846,-0.12485876158164876,35.5001305211091
988,1790595043.328017,0.5093408203125,-6.836559771369486,-1.0154413200827206,6.930302926515951,20.97154088010565,-28.712157586624055,-0.13436257911663943,35.55575302911953
989,1790595043.348017,0.5189208984375001,-6.822189654181986,-1.0202313591452208,6.917544550102024,20.98241690796008,-28.847652447584156,-0.15423042823566568,35.67173472178008
990,1790595043.3580155,0.5380810546875001,-6.783869341681986,-1.0058612419577206,6.879111229257681,20.98783119587538,-28.915432600582147,-0.16419240683518818,35.72979512860144
991,1790595043.3780155,0.5380810546875001,-6.7407589901194855,-0.9867010857077206,6.833808748920845,20.998651043829796,-29.050962269452032,-0.18411903406760938,35.845999138821135
992,1790595043.4183283,0.5285009765625001,-6.726388872931985,-0.9723309685202207,6.816820964678053,21.02041339239895,-29.323881819055572,-0.224182259791369,36.080439046814384
993,1790595043.4383283,0.5189208984375001,-6.735968951056986,-0.9771210075827207,6.826223119111944,21.031161754653116,-29.45916611944221,-0.24400118662931977,36.1968475116598
994,1790595043.4489017,0.5237109375000001,-6.759919146369485,-0.9962811638327207,6.852981553230518,21.03681855081345,-29.53066103566599,-0.2544721214259682,36.25841187922926
995,1790595043.4689016,0.5189208984375001,-6.764709185431986,-1.0010712028952207,6.858040012683592,21.047477543127542,-29.66589810676,-0.27430340712827045,36.37495104832839
996,1790595043.478938,0.5237109375000001,-6.769499224494486,-0.9962811638327207,6.862431715791163,21.052808965310604,-29.733771196713985,-0.2842659256659523,36.43348352854686
997,1790595043.498938,0.5237109375000001,-6.769499224494486,-1.0010712028952207,6.863128765348546,21.063410572894735,-29.86904455815114,-0.30413667711765013,36.55023374614067
998,1790595043.5380394,0.5189208984375001,-6.774289263556986,-1.0058612419577206,6.868189773386533,21.084086049257905,-30.13356165598673,-0.343043614682559,36.77890565975611
999,1790595043.5580394,0.514130859375,-6.779079302619485,-1.0058612419577206,6.872554370089646,21.094624641219415,-30.268895006939992,-0.36297664988138034,36.896083067765574
1000,1790595043.568335,0.5189208984375001,-6.774289263556986,-0.9962811638327207,6.866793289635746,21.100033650606484,-30.338577634732825,-0.3732446406036233,36.9564612012186
1001,1790595043.588335,0.5237109375000001,-6.774289263556986,-1.0010712028952207,6.867853502053364,21.11052886929617,-30.473959357647693,-0.39319501336053636,37.073861821928965
1002,1790595043.5985308,0.514130859375,-6.774289263556986,-0.9962811638327207,6.866432969476437,21.115870264030118,-30.542983160049715,-0.40336722472142433,37.13376499145234
1003,1790595043.6185308,0.5237109375000001,-6.774289263556986,-0.9962811638327207,6.867156932079567,21.126333067773153,-30.678393724412864,-0.42331683151833693,37.251375646282206
1004,1790595043.6583512,0.5285009765625001,-6.783869341681986,-1.0010712028952207,6.877669669336147,21.147182467991534,-30.948050382147716,-0.4630441052727977,37.485991498610645
1005,1790595043.6783512,0.5237109375000001,-6.779079302619485,-0.9962811638327207,6.871882238125803,21.157661728972776,-31.083515554200435,-0.48300034371535144,37.60405401519747
1006,1790595043.6884644,0.5189208984375001,-6.769499224494486,-0.9962811638327207,6.862067822943351,21.162956681301125,-31.152016758236115,-0.49308914048993385,37.66380252311921
1007,1790595043.7084644,0.5189208984375001,-6.779079302619485,-1.0058612419577206,6.872914369327745,21.17341406289379,-31.28748761460136,-0.5130512480542245,37.78205348966242
1008,1790595043.7187014,0.5237109375000001,-6.774289263556986,-0.9962811638327207,6.867156932079567,21.178764281823014,-31.35683310708529,-0.5232733938277214,37.842632757979594
1009,1790595043.7387013,0.5237109375000001,-6.774289263556986,-0.9962811638327207,6.867156932079567,21.189220225660915,-31.492314177660315,-0.5432375863169446,37.96108551018016
1010,1790595043.778311,0.514130859375,-6.774289263556986,-1.0010712028952207,6.867129612885664,21.209905036223073,-31.760633824937088,-0.5827791448583012,38.19604121030111
1011,1790595043.798311,0.5189208984375001,-6.788659380744486,-1.0010712028952207,6.88166539726187,21.22033227883395,-31.896137723139926,-0.6027531065152909,38.31487198184336
1012,1790595043.8083603,0.5189208984375001,-6.774289263556986,-1.0010712028952207,6.867489896493821,21.225567950098178,-31.9642335022104,-0.6127929515925458,38.374633202020135
1013,1790595043.8283603,0.5189208984375001,-6.774289263556986,-1.0010712028952207,6.867489896493821,21.235981641124273,-32.09975066010105,-0.6327800787672271,38.4936529746257
1014,1790595043.8384156,0.5093408203125,-6.774289263556986,-1.0058612419577206,6.867472601740235,21.241207401693583,-32.1678816574736,-0.6428351173673985,38.55353082661962
1015,1790595043.8584156,0.514130859375,-6.779079302619485,-1.0010712028952207,6.871854937717447,21.251577531956485,-32.30339725865849,-0.6628450489743338,38.67270853724125
1016,1790595043.898014,0.5189208984375001,-6.779079302619485,-1.0058612419577206,6.872914369327745,21.272097846084264,-32.57172756219548,-0.7024808488652002,38.90903574367128
1017,1790595043.918014,0.5237109375000001,-6.774289263556986,-1.0010712028952207,6.867853502053364,21.28247135119671,-32.70725425324842,-0.7225072566744392,39.028580352571026
1018,1790595043.9275107,0.5189208984375001,-6.779079302619485,-1.0058612419577206,6.872914369327745,21.287400814334983,-32.771607544347496,-0.7320195493077601,39.085387897415735
1019,1790595043.9475107,0.5189208984375001,-6.774289263556986,-1.0010712028952207,6.867489896493821,21.29778178731244,-32.907136140536124,-0.7520578611731634,39.2051107517669
1020,1790595043.9588015,0.5237109375000001,-6.774289263556986,-1.0010712028952207,6.867853502053364,21.30364610054526,-32.98364381407363,-0.7633688574775568,39.272749183670875
1021,1790595043.9788015,0.5237109375000001,-6.774289263556986,-1.0010712028952207,6.867853502053364,21.314046839158674,-33.11916049437707,-0.7834024776778169,39.392652918484536
1022,1790595044.0185604,0.5189208984375001,-6.769499224494486,-1.0010712028952207,6.862764909461252,21.334730590664172,-33.38853706368107,-0.8232246289839126,39.63133653333927
1023,1790595044.0385604,0.5093408203125,-6.769499224494486,-1.0010712028952207,6.862047170847352,21.345116869742593,-33.52402465736,-0.8432548594561068,39.75154490291224
1024,1790595044.0485353,0.5189208984375001,-6.774289263556986,-0.9962811638327207,6.866793289635746,21.350289252877,-33.59159513606015,-0.8532406590896456,39.81153268324166
1025,1790595044.0685353,0.5237109375000001,-6.779079302619485,-1.0010712028952207,6.872578329166362,21.360668318214678,-33.7270832698081,-0.8732551481375903,39.93190292789837
1026,1790595044.0788386,0.5189208984375001,-6.779079302619485,-1.0010712028952207,6.872214973595133,21.366018883863447,-33.79688901382925,-0.8835664155112127,39.993964039206226
1027,1790595044.0988386,0.514130859375,-6.779079302619485,-1.0010712028952207,6.871854937717447,21.376396689051894,-33.93240304471074,-0.9035828237258591,40.11452073396535
1028,1790595044.1387157,0.5189208984375001,-6.779079302619485,-1.0058612419577206,6.872914369327745,21.397074441449874,-34.202619312985085,-0.9435085741508631,40.35522482840882
1029,1790595044.1587157,0.5189208984375001,-6.774289263556986,-1.0010712028952207,6.867489896493821,21.40744630664428,-34.338144869493824,-0.9635396613091731,40.47610849784251
1030,1790595044.1687646,0.5237109375000001,-6.779079302619485,-1.0058612419577206,6.8732776879254445,21.41266168912944,-34.40623944704771,-0.9736070370851108,40.53688819042916
1031,1790595044.1887646,0.514130859375,-6.774289263556986,-1.0010712028952207,6.867129612885664,21.423041477266114,-34.54176722352815,-0.9936487297802179,40.65793559514872
1032,1790595044.1989772,0.3847998046875001,-6.688068560431986,-0.8525799919577207,6.753164043721502,21.428235239974065,-34.610902976584384,-1.0037673983353845,40.71966870376237
1033,1790595044.2189772,0.49018066406250005,-6.712018755744485,-0.8909003044577207,6.788606352806838,21.438193241857906,-34.74608639675303,-1.0232261422776727,40.840343302965856
1034,1790595044.2582855,0.4039599609375001,-6.745549029181985,-1.1447723747702208,6.853912688762216,21.45746516383411,-35.011599028539834,-1.061735426210212,41.077514042449984
1035,1790595044.2782855,0.4758105468750001,-6.769499224494486,-0.9435907341452207,6.85148734951132,21.467119502908044,-35.14669998522102,-1.0815223905752316,41.19826974867495
1036,1790595044.288327,0.8542236328125001,-7.224552935431985,-1.3794842888327208,7.404514841287755,21.472241281549845,-35.21489515894207,-1.09171626950126,41.25939688266745
1037,1790595044.308327,0.5045507812500001,-6.654538286994486,-0.8334198357077207,6.7254769292955405,21.48295049316998,-35.35116661661172,-1.1122936221058017,41.38187211991759
1038,1790595044.3188727,0.4518603515625001,-6.755129107306986,-0.9819110466452207,6.8410595917024555,21.48850675138289,-35.422848768723945,-1.1229520668982806,41.44629245952727
1039,1790595044.3388727,0.5189208984375001,-6.884460161994486,-1.1447723747702208,6.998255097591212,21.498919750296125,-35.55886157090508,-1.1433237709126163,41.56853829392605
1040,1790595044.3784983,0.4518603515625001,-6.563527544806986,-0.7615692497702207,6.622994740368573,21.519341280774782,-35.827885964342016,-1.1832970857778466,41.810520850924156
1041,1790595044.3984983,0.514130859375,-6.961100786994486,-1.2118329216452206,7.084475544261559,21.529551402837484,-35.96358830504275,-1.2034063256156549,41.932677641268754
1042,1790595044.4080553,0.5476611328125001,-6.745549029181985,-0.9675409294577206,6.8365561411918065,21.5344595480414,-36.02853155992193,-1.2131362832167585,41.99118638514729
1043,1790595044.4280553,0.48060058593750005,-6.831769732306985,-1.0585516716452208,6.929977362157269,21.544732535837856,-36.16441842164717,-1.2334830440130604,42.11368115276354
1044,1790595044.4388573,0.48060058593750005,-6.692858599494485,-0.9340106560202207,6.774784798175517,21.550227447614834,-36.23775928621027,-1.24443825096792,42.17980710825646
1045,1790595044.4588573,0.514130859375,-6.726388872931985,-0.9627508903952207,6.814361825396542,21.56036730736815,-36.37331028049699,-1.2645244397944797,42.302082233015135
1046,1790595044.498957,0.5237109375000001,-6.812609576056985,-1.0441815544577207,6.912035698729442,21.58076929611652,-36.64503925119497,-1.3047918283088276,42.54751446147057
1047,1790595044.518957,0.5189208984375001,-6.755129107306986,-0.9435907341452207,6.840424813473646,21.590982538079768,-36.780588639743286,-1.3248445917522789,42.67010008000888
1048,1790595044.529003,0.5285009765625001,-6.726388872931985,-0.9483807732077206,6.813446018214338,21.59613231966325,-36.848619869391875,-1.334831738683775,42.73166850496179
1049,1790595044.549003,0.5189208984375001,-6.8269796932444855,-1.0968719841452206,6.933978567922634,21.606417979912877,-36.984073255111205,-1.3547999978533016,42.854339984374015
1050,1790595044.5883687,0.514130859375,-6.668908404181986,-0.8477899528952206,6.742211628847086,21.62667638612629,-37.25053880282017,-1.3939493124004645,43.09592634224475
1051,1790595044.6083686,0.533291015625,-6.783869341681986,-1.0202313591452208,6.880854204133556,21.636996046705885,-37.385790262290925,-1.4136578505514268,43.21869202069399
1052,1790595044.6183548,0.5476611328125001,-6.865300005744485,-1.0920819450827206,6.973157094175088,21.64218542982355,-37.45341535637458,-1.423604439254465,43.28012432555441
1053,1790595044.6383548,0.49976074218750005,-6.7407589901194855,-0.9675409294577206,6.82815699969504,21.652590728581345,-37.58894627919384,-1.4436264863284871,43.40331352640713
1054,1790595044.6483972,0.514130859375,-6.721598833869486,-0.9196405388327207,6.803672548315493,21.657795393027893,-37.65693097806788,-1.453593360304021,43.46512953656469
1055,1790595044.6683972,0.5859814453125001,-6.908410357306986,-1.1495624138327207,7.0278731962446415,21.668256098822877,-37.79246155394991,-1.4735692448613624,43.588471858856884
1056,1790595044.7090323,0.5476611328125001,-6.812609576056985,-1.0393915153952207,6.913169799336075,21.6897765993619,-38.06833865061789,-1.5147386017920224,43.83992757270607
1057,1790595044.7290323,0.5237109375000001,-6.7407589901194855,-0.9531708122702207,6.82793083637332,21.700386908780306,-38.20408380888485,-1.534950932623957,43.963790624019495
1058,1790595044.7385793,0.5093408203125,-6.774289263556986,-0.9962811638327207,6.866075972124685,21.705431707735638,-38.26883919963272,-1.5445478946382127,44.02289685499301
1059,1790595044.7585793,0.5045507812500001,-6.764709185431986,-0.9771210075827207,6.853512042579873,21.715935631977484,-38.404455224876415,-1.564596952997559,44.14671001464385
1060,1790595044.7683408,0.5285009765625001,-6.769499224494486,-0.9914911247702207,6.862105193244788,21.72104968129887,-38.470626501764336,-1.5743559058794176,44.20714534115592
1061,1790595044.7883408,0.5428710937500001,-6.7934494198069855,-1.0202313591452208,6.891047530679823,21.73156296287155,-38.606209582833344,-1.5943689094671725,44.33105299203233
1062,1790595044.828492,0.552451171875,-6.788659380744486,-0.9962811638327207,6.883580074531279,21.752801462029648,-38.878472098007606,-1.6345919756044904,44.58017334027253
1063,1790595044.848492,0.5189208984375001,-6.755129107306986,-0.9627508903952207,6.843094141700671,21.7634008990956,-39.01406370964324,-1.6545609669904167,44.70436620542053
1064,1790595044.8581114,0.5285009765625001,-6.7934494198069855,-1.0298114372702207,6.891355447082667,21.768489919901658,-39.07927212947769,-1.6641624060205031,44.764116210154796
1065,1790595044.8781114,0.5189208984375001,-6.803029497931986,-1.0393915153952207,6.901508818428292,21.779054606112986,-39.214906188959006,-1.684234318310762,44.88844764729431
1066,1790595044.8881695,0.5285009765625001,-6.712018755744485,-0.9244305778952207,6.795960635042037,21.784360853536487,-39.28308124978721,-1.6942959403296993,44.95096760925057
1067,1790595044.9081695,0.5189208984375001,-6.8269796932444855,-1.0441815544577207,6.925838992459866,21.794900432255353,-39.41861700615827,-1.7142546831228844,45.07531165337322
1068,1790595044.9479542,0.552451171875,-6.798239458869485,-1.0106512810202206,6.895119872001062,21.815918093608964,-39.688443264413436,-1.7541332384671917,45.32310442189408
1069,1790595044.9679542,0.5237109375000001,-6.750339068244486,-0.9771210075827207,6.840768680914772,21.826513178944875,-39.82406283465237,-1.774154995091333,45.44777534880671
1070,1790595044.9785159,0.5380810546875001,-6.817399615119486,-1.0537616325827206,6.919312271602455,21.8321101003669,-39.89568616470534,-1.784750937246239,45.51364786407704
1071,1790595044.9985158,0.533291015625,-6.841349810431986,-1.0825018669577207,6.946961697606448,21.842725889593925,-40.031458259126104,-1.8050104214973324,45.63858441343034
1072,1790595045.0086002,0.4949707031250001,-6.668908404181986,-0.9100604607077207,6.748892156677622,21.848053383431463,-40.09986661935495,-1.815200406562307,45.70155021496877
1073,1790595045.0286002,0.5237109375000001,-6.750339068244486,-0.9723309685202207,6.840086124799046,21.858562344592794,-40.23531637238224,-1.835201982929729,45.826252276138504
1074,1790595045.0677893,0.5859814453125001,-6.803029497931986,-1.0106512810202206,6.902608247308481,21.879327010876178,-40.5007489544775,-1.8743437221885704,46.07091035253563
1075,1790595045.0877893,0.5237109375000001,-6.798239458869485,-1.0154413200827206,6.893580634236357,21.889999128740804,-40.636293813460014,-1.8943622970743255,46.19598516389383
1076,1790595045.0978403,0.590771484375,-6.788659380744486,-0.9914911247702207,6.88607012635065,21.895398046174876,-40.70443645286715,-1.9044264777221838,46.25890663164217
1077,1790595045.1178403,0.5045507812500001,-6.870090044806986,-1.0441815544577207,6.967282385068499,21.906172596896386,-40.84017899758107,-1.9245022406108192,46.384311219135206
1078,1790595045.1285408,0.9739746093750001,-6.788659380744486,-0.8573700310202207,6.911555982379721,21.912259109204182,-40.91287227893233,-1.9351581599543446,46.45164210752048
1079,1790595045.1485407,0.27941894531250006,-6.7407589901194855,-0.8909003044577207,6.8051164620716875,21.92380892871477,-41.04865526459988,-1.9547097776030016,46.57753092736254
1080,1790595045.1879435,0.20277832031250007,-6.683278521369486,-0.9962811638327207,6.760170633852029,21.944575448123793,-41.315710579264135,-1.9930282621924313,46.82440062533437
1081,1790595045.2079434,0.571611328125,-6.759919146369485,-0.9867010857077206,6.8554230656050965,21.954696577012424,-41.45109419518429,-2.0125349305585987,46.94946441242371
1082,1790595045.2177148,0.5237109375000001,-6.774289263556986,-1.0346014763327207,6.872820991938494,21.95970241424153,-41.51723521991267,-2.0221170250638805,47.01061909495189
1083,1790595045.2377148,0.5572412109375001,-6.817399615119486,-1.0920819450827206,6.9267667965779,21.97003289109674,-41.65269349555587,-2.041977773357144,47.1359617903091
1084,1790595045.2478204,0.5093408203125,-6.889250201056986,-1.1160321403952207,6.997622749362491,21.975278100160008,-41.721259866085866,-2.0521813183722726,47.1994472484193
1085,1790595045.2678204,0.5380810546875001,-6.731178911994486,-0.8813202263327207,6.809921152850159,21.985672891794998,-41.85703505627271,-2.0723420774810735,47.32521313098495
1086,1790595045.3079324,0.5668212890625001,-6.755129107306986,-0.9723309685202207,6.848246720326599,22.00671753164399,-42.12907172532594,-2.1122879087193014,47.5774743041762
1087,1790595045.3279324,0.5476611328125001,-6.803029497931986,-1.0777118278952207,6.909602437920104,22.017308239783596,-42.264701545074836,-2.132292521456942,47.70339118151827
1088,1790595045.337929,0.5859814453125001,-6.712018755744485,-0.8956903435202207,6.796825084051498,22.022657735680877,-42.332457871304776,-2.1422712002288287,47.76634556949138
1089,1790595045.357929,0.5380810546875001,-6.745549029181985,-0.9483807732077206,6.833109761850874,22.03344100736243,-42.46786841858955,-2.1620067223379276,47.89223991119011
1090,1790595045.3679817,0.533291015625,-6.678488482306985,-0.9052704216452206,6.760630314693972,22.03885580745353,-42.53584220009212,-2.1718360762556435,47.95545755088769
1091,1790595045.3879817,0.571611328125,-6.8605099666819855,-1.1160321403952207,6.974156884654863,22.04967007126543,-42.671100430315555,-2.1914903449505503,48.08132061536732
1092,1790595045.4280446,0.590771484375,-6.846139849494485,-1.1878827263327207,6.973500351839574,22.071575880897832,-42.94258586049162,-2.231877792132009,48.33426756175103
1093,1790595045.4480445,0.6051416015625001,-6.7407589901194855,-0.9244305778952207,6.830710066615768,22.082665091092625,-43.07816622250049,-2.252183956852401,48.460755619307534
1094,1790595045.4582763,0.552451171875,-6.7407589901194855,-0.9340106560202207,6.827547873559149,22.088375537495196,-43.14746866556389,-2.262440204550098,48.52544715724316
1095,1790595045.4782763,0.6003515625000001,-6.750339068244486,-0.9244305778952207,6.839742058602189,22.099592623691976,-43.282851023935834,-2.2822685780664314,48.65188523331643
1096,1790595045.487828,0.7248925781250001,-6.850929888556986,-1.1735126091452206,6.988407646350273,22.105095585017043,-43.347553245853256,-2.2918208422771027,48.712401562619746
1097,1790595045.507828,0.5572412109375001,-6.783869341681986,-0.9340106560202207,6.870500485244085,22.11681281331159,-43.483160780499276,-2.3119829990380802,48.8393688111308
1098,1790595045.548769,0.6051416015625001,-6.745549029181985,-0.9244305778952207,6.835437071350108,22.140769905703877,-43.76066019246301,-2.3527715172194688,49.09933407195843
1099,1790595045.568769,0.6578320312500001,-6.7934494198069855,-1.0250213982077208,6.901765489177249,22.152612098461763,-43.896195106522505,-2.3726323609682147,49.226451750406696
1100,1790595045.5778232,0.6769921875000001,-6.779079302619485,-0.9627508903952207,6.88048863745132,22.158075442757948,-43.95756598605771,-2.3816247011028504,49.28407502391086
1101,1790595045.5978231,0.6674121093750001,-6.779079302619485,-1.0010712028952207,6.88501987420591,22.170349930803493,-44.09313213759624,-2.4014542982929523,49.41149360730346
1102,1790595045.608422,0.6482519531250001,-6.774289263556986,-0.9627508903952207,6.872998974103708,22.1769248622144,-44.16497220523754,-2.411947687815314,49.47906888657531
1103,1790595045.628422,0.609931640625,-6.788659380744486,-1.0106512810202206,6.8905245668115445,22.18935792349801,-44.30054368173049,-2.4317385430003773,49.60664398944489
1104,1790595045.6674688,0.6530419921875,-6.831769732306985,-1.0489715935202206,6.942613551310373,22.213689080324933,-44.56541059143917,-2.470612871517288,49.8560701590269
1105,1790595045.6874688,0.6913623046875,-6.798239458869485,-0.9867010857077206,6.904174143879171,22.22629886147061,-44.70117200805179,-2.490591287155957,49.98405930826848
1106,1790595045.6977584,0.6674121093750001,-6.769499224494486,-0.9531708122702207,6.8687766939634685,22.23286186232698,-44.771012582127824,-2.500825123077436,50.04995345167243
1107,1790595045.7177584,0.6243017578125001,-6.822189654181986,-1.0393915153952207,6.929095112979116,22.245642433883454,-44.906786569829194,-2.5207217033286535,50.17810404180313
1108,1790595045.7282841,0.6769921875000001,-6.846139849494485,-1.1112421013327207,6.9687020504931025,22.252387008396223,-44.9783142474019,-2.531320065567126,50.24564718842638
1109,1790595045.748284,0.6338818359375,-6.755129107306986,-0.9244305778952207,6.847492046849362,22.265246428703694,-45.11423994099196,-2.5514909061517175,50.37406028729937
1110,1790595045.788217,0.6578320312500001,-6.831769732306985,-1.0202313591452208,6.938781786653019,22.29093947585355,-45.385618984554135,-2.591548111336245,50.63058872796817
1111,1790595045.808217,0.7009423828125001,-6.764709185431986,-0.9914911247702207,6.872820762830125,22.30391550031307,-45.521543276599374,-2.611618566111838,50.75919720073669
1112,1790595045.8485324,0.7344726562500001,-6.855719927619486,-1.0729217888327207,6.977929992031294,22.330488893244134,-45.795620200466416,-2.652249468417466,51.01885916991272
1113,1790595045.8685324,0.7105224609375,-6.774289263556986,-0.9723309685202207,6.880498870444177,22.343861713954272,-45.931636526315565,-2.672450372157756,51.14787758323432
1114,1790595045.8485324,0.6626220703125001,-6.759919146369485,-0.9292206169577206,6.8555835512739005,22.343861713954272,-45.931636526315565,-2.672450372157756,51.14787758323432
1115,1790595045.8685324,0.6530419921875,-6.879670122931985,-1.1064520622702207,6.998611362979462,22.357247828736714,-46.06762378539988,-2.6925235071762263,51.27691658578341
1116,1790595045.9078436,0.7536328125000001,-6.7934494198069855,-1.0202313591452208,6.910845784832405,22.383759715822357,-46.335134256550845,-2.7323304037419014,51.53099062722816
1117,1790595045.9278436,0.6817822265625001,-6.788659380744486,-0.9483807732077206,6.888406875556692,22.39737781292344,-46.4711914058021,-2.7524976779515495,51.660336884660936
1118,1790595045.9385436,0.7248925781250001,-6.836559771369486,-1.0489715935202206,6.954448947353101,22.40469949640293,-46.5439976061432,-2.7632716172434013,51.72958479163973
1119,1790595045.9585435,0.77279296875,-6.884460161994486,-1.1016620232077208,7.01474589048076,22.41857860640187,-46.68025254460077,-2.7836150420473857,51.85930154814504
1120,1790595045.9980288,0.6865722656250001,-6.831769732306985,-0.9914911247702207,6.9373996426391225,22.446191215463177,-46.94952425235957,-2.823952462270134,52.11587124008575
1121,1790595046.0180287,0.7201025390625001,-6.812609576056985,-0.9531708122702207,6.916554886640564,22.46018957153151,-47.08592317127646,-2.8442363445332464,52.245898947803035
1122,1790595046.058205,0.7248925781250001,-6.817399615119486,-1.0202313591452208,6.931325904055827,22.488445674367256,-47.35989280773996,-2.884817110998357,52.50725478801473
1123,1790595046.0782049,0.7248925781250001,-6.879670122931985,-1.1112421013327207,7.006439128256098,22.502576529304463,-47.49636485681622,-2.905185508444102,52.637541051111846
1124,1790595046.0592065,0.8638037109375001,-6.908410357306986,-1.2549432732077206,7.0744026698333435,22.502576529304463,-47.49636485681622,-2.905185508444102,52.637541051111846
1125,1790595046.0792065,0.6147216796875,-6.7072287166819855,-0.6370282341452207,6.765397606383491,22.51702944380429,-47.63296913725438,-2.925756513628607,52.76813825577721
1126,1790595046.1183908,0.6961523437500001,-6.788659380744486,-0.9292206169577206,6.887232770021499,22.54495082740896,-47.9001231732584,-2.9646170739279865,53.0234435152852
1127,1790595046.1383908,0.9164941406250001,-6.745549029181985,-0.9531708122702207,6.873931030513898,22.559483388340684,-48.03632830004312,-2.9843001750055507,53.1537879631629
1128,1790595046.1484554,0.6386718750000001,-6.932360552619485,-1.1783026482077208,7.060730962598991,22.56687354249583,-48.104914200258044,-2.994328474922478,53.21947533293538
1129,1790595046.1684554,0.8159033203125001,-6.9467306698069855,-1.1830926872702208,7.093833486458943,22.581538013260126,-48.24158033942479,-3.0148092311466086,53.35039838079651
1130,1790595046.2380018,0.6195117187500001,-7.191022661994485,-1.3507440544577207,7.342963379701666,22.632369294249845,-48.71927049718409,-3.0885612171945898,53.80827694733826
1131,1790595046.2580018,0.7057324218750001,-6.803029497931986,-0.8813202263327207,6.896085407124932,22.64678239112164,-48.85702845926077,-3.109937295559439,53.94031602171186
1132,1790595046.2390027,1.3475976562500003,-7.277243365119486,-0.5891278435202206,7.424376206410668,22.64678239112164,-48.85702845926077,-3.109937295559439,53.94031602171186
1133,1790595046.2590027,1.8266015625000003,-7.200602740119486,-0.6705585075827206,7.4588740303905965,22.664575141251802,-48.996227666088,-3.129145859403795,54.07499279380442
1134,1790595046.2674956,0.7632128906250001,-6.055783404181986,-1.3794842888327208,6.257634014379432,22.6726470813499,-49.05491563343765,-3.137385019386981,54.13203172095986
1135,1790595046.2874956,-1.7036572265624998,-6.046203326056985,-0.6370282341452207,6.3138599585942154,22.687393688439045,-49.19054189936874,-3.156901774737062,54.26226380776159
1136,1790595046.2980752,0.84943359375,-7.009001177619486,-1.2357831169577207,7.167621282560911,22.693346447260872,-49.261882821262965,-3.167163166436251,54.33002847959939
1137,1790595046.3180752,0.6530419921875,-6.721598833869486,-0.9771210075827207,6.823570926611324,22.70516544801922,-49.397114048641534,-3.1869712073933503,54.458756870068
1138,1790595046.35819,0.4949707031250001,-6.745549029181985,-0.9579608513327207,6.831187063368723,22.72876940274703,-49.668185081889966,-3.226563537860865,54.71687381563369
1139,1790595046.37819,0.590771484375,-6.788659380744486,-1.0489715935202206,6.894581099568929,22.740400957313636,-49.80336153407525,-3.2463524702658924,54.84559654297142
1140,1790595046.387649,0.571611328125,-6.750339068244486,-0.9867010857077206,6.845976634436131,22.745901568250847,-49.867308563945585,-3.2557519527764693,54.906506193185564
1141,1790595046.407649,0.571611328125,-6.750339068244486,-0.9914911247702207,6.846668656887579,22.757502235446758,-50.00248675510123,-3.2756122221157624,55.03528163932762
1142,1790595046.418478,0.5476611328125001,-6.721598833869486,-0.9579608513327207,6.811571961930316,22.76375027348019,-50.07564159237913,-3.2863358405366028,55.10497446382291
1143,1790595046.438478,0.552451171875,-6.788659380744486,-1.0202313591452208,6.8870872298279675,22.775208993439275,-50.21074990792862,-3.306137719519257,55.23368625786096
1144,1790595046.4780068,0.5572412109375001,-6.731178911994486,-0.9627508903952207,6.822475840148,22.797749250674666,-50.4778106212771,-3.345283307530298,55.488175825321505
1145,1790595046.4980068,0.5620312500000001,-6.759919146369485,-0.9962811638327207,6.856016492748337,22.80912193937415,-50.61290078443399,-3.365057010331177,55.61695225507217
1146,1790595046.508588,0.533291015625,-6.731178911994486,-0.9675409294577206,6.821239205804289,22.81510552160793,-50.68435779548806,-3.375507796591223,55.68507176962246
1147,1790595046.528588,0.40875000000000006,-6.735968951056986,-0.9388006950827207,6.813347269675276,22.826131883925978,-50.819362274518696,-3.395157677355691,55.813680889413334
1148,1790595046.537647,0.6338818359375,-6.783869341681986,-1.0968719841452206,6.901146106013621,22.831085484233867,-50.88052545533866,-3.40410607586237,55.87194531404364
1149,1790595046.557647,0.77279296875,-6.807819536994486,-1.0058612419577206,6.924981780402456,22.84249139552647,-51.01569148269725,-3.4240526917366387,56.00093148732652
1150,1790595046.598592,0.49018066406250005,-6.563527544806986,-0.7615692497702207,6.625719480709725,22.866218018489974,-51.29196465285679,-3.4641906879505697,56.26482188314035
1151,1790595046.618592,0.4135400390625001,-6.9132003963694855,-1.1926727653952207,7.027504778339642,22.877424659006927,-51.42688563152713,-3.4837869498747844,56.393598008096866
1152,1790595046.6278117,0.49976074218750005,-6.750339068244486,-0.9914911247702207,6.84104472914757,22.882447340166674,-51.48920041539108,-3.49297574939966,56.453033889045365
1153,1790595046.6478117,0.6434619140625001,-6.649748247931986,-0.8717401482077207,6.7374420874483745,22.893423427674733,-51.6242019304891,-3.5127136991881587,56.58185414716617
1154,1790595046.6578155,0.6386718750000001,-6.769499224494486,-1.0298114372702207,6.877102086684479,22.899052010607686,-51.69166772678145,-3.522532234226489,56.64630022077046
1155,1790595046.6778154,0.49976074218750005,-6.803029497931986,-1.0585516716452208,6.903006793471046,22.910324600151565,-51.82667461931817,-3.5423499205839466,56.77530641344747
1156,1790595046.7185507,0.43749023437500006,-6.688068560431986,-0.9052704216452206,6.763222110097966,22.93270370185441,-52.10162248027203,-3.5826590392524076,57.03791204054871
1157,1790595046.7385507,0.533291015625,-6.755129107306986,-1.0010712028952207,6.8496943082884,22.94349931214163,-52.23653087102088,-3.6023406981365036,57.16674012597545
1158,1790595046.7481048,0.609931640625,-6.788659380744486,-1.0346014763327207,6.89407811159951,22.948702076537412,-52.30101559944796,-3.611791152314917,57.22835132221888
1159,1790595046.7681048,0.590771484375,-6.702438677619486,-0.9340106560202207,6.792942740783231,22.959760565436444,-52.435991853406286,-3.6315595464318537,57.3574064233377
1160,1790595046.7785497,0.4949707031250001,-6.759919146369485,-0.9914911247702207,6.850150181777253,22.965520048429394,-52.50645481874498,-3.641843263402394,57.424784989435615
1161,1790595046.7985497,0.49018066406250005,-6.779079302619485,-1.0202313591452208,6.8729226171118745,22.976371852269324,-52.64144813039189,-3.6615985214291853,57.55382722713257
1162,1790595046.8386276,0.5572412109375001,-6.731178911994486,-0.9627508903952207,6.822475840148,22.998004262569168,-52.911993783838284,-3.701208453647841,57.81250928872959
1163,1790595046.8586276,0.5859814453125001,-6.7407589901194855,-0.9867010857077206,6.837747074122001,23.00889498480953,-53.04695990188063,-3.720934102704626,57.94164783513147
1164,1790595046.8677473,0.5380810546875001,-6.769499224494486,-1.0058612419577206,6.864940481163532,23.013884954226093,-53.10851214212623,-3.729942436337457,58.000564076697685
1165,1790595046.8877473,0.49976074218750005,-6.731178911994486,-0.9531708122702207,6.816675505117942,23.024743440576135,-53.243501723099726,-3.749673277604856,58.12976290963917
1166,1790595046.8983088,0.5285009765625001,-6.755129107306986,-0.9914911247702207,6.847929408887895,23.03043190689173,-53.31477615558687,-3.760070103225262,58.19797485754534
1167,1790595046.9183087,0.5764013671875001,-6.764709185431986,-1.0010712028952207,6.862628683881242,23.041245547655794,-53.44978089226518,-3.779793918287217,58.327222768474456
1168,1790595046.9584796,0.5572412109375001,-6.716808794806986,-0.9483807732077206,6.8062812345768995,23.063122759278397,-53.72088714469745,-3.819341045885536,58.586932954777986
1169,1790595046.9784796,0.514130859375,-6.750339068244486,-0.9771210075827207,6.8400419253312315,23.073988064211964,-53.855817688509354,-3.8389653010836566,58.7162301128766
1170,1790595046.9879076,0.5237109375000001,-6.774289263556986,-1.0058612419577206,6.868553341896189,23.079075558440604,-53.91944648830776,-3.8482307420197057,58.777200665577126
1171,1790595047.0079076,0.552451171875,-6.731178911994486,-0.9627508903952207,6.822086273240916,23.089863229908772,-54.05443587383345,-3.867890481739742,58.90657347353518
1172,1790595047.01889,0.552451171875,-6.726388872931985,-0.9627508903952207,6.81736010814788,23.095808420243234,-54.12852638579249,-3.878652588146412,58.97760321665799
1173,1790595047.03889,0.5285009765625001,-6.774289263556986,-1.0154413200827206,6.87032964151665,23.10663268870012,-54.26346559728891,-3.8982790480092517,59.10699410708356
1174,1790595047.078109,0.514130859375,-6.731178911994486,-0.9675409294577206,6.819767997228121,23.127741576994083,-54.528109774769916,-3.936825541856589,59.36081014784581
1175,1790595047.098109,0.5380810546875001,-6.726388872931985,-0.9627508903952207,6.81621066049705,23.138469781643124,-54.663009143004324,-3.956429394032953,59.49022344851425
1176,1790595047.1088338,0.533291015625,-6.759919146369485,-1.0010712028952207,6.854418263139855,23.14422150458957,-54.735344604961234,-3.9669445200080418,59.559630513479405
1177,1790595047.1288338,0.5380810546875001,-6.750339068244486,-0.9962811638327207,6.844646441934699,23.15494568710829,-54.870269792832076,-3.9866081996793867,59.689120129625515
1178,1790595047.138461,0.5859814453125001,-6.750339068244486,-0.9771210075827207,6.8458175007794235,23.16014524981583,-54.935224284858926,-3.996078735083274,59.75148400230161
1179,1790595047.158461,0.5380810546875001,-6.731178911994486,-0.9531708122702207,6.8195920232853195,23.171012742148335,-55.07014333898858,-4.015697263983322,59.881068322045756
1180,1790595047.1981685,0.49976074218750005,-6.750339068244486,-1.0010712028952207,6.842439761442239,23.192443115867075,-55.33797701440105,-4.0546246904948475,60.138349654025916
1181,1790595047.2181685,0.5189208984375001,-6.721598833869486,-0.9771210075827207,6.812043397231868,23.20314614711008,-55.47285283762329,-4.074258019304128,60.26792655697244
1182,1790595047.2276227,0.5620312500000001,-6.731178911994486,-0.9771210075827207,6.824911291344036,23.208213158938005,-55.536585700317104,-4.083532501052708,60.32916995091614
1183,1790595047.2476227,0.5572412109375001,-6.716808794806986,-0.9627508903952207,6.808298423991149,23.21900321877624,-55.67135772018615,-4.103119042382476,60.458727796393745
1184,1790595047.2581747,0.5237109375000001,-6.745549029181985,-0.9914911247702207,6.83811081378865,23.22469756109694,-55.74245127266926,-4.11344934917004,60.527084154438796
1185,1790595047.2781746,0.514130859375,-6.726388872931985,-0.9627508903952207,6.814361825396542,23.23542835321562,-55.87719643446229,-4.133023641701085,60.6566409930171
1186,1790595047.3183959,0.5380810546875001,-6.731178911994486,-0.9675409294577206,6.8216153671156805,23.256945697072577,-56.14812622913136,-4.172306901800159,60.917204032045504
1187,1790595047.3383958,0.552451171875,-6.735968951056986,-0.9771210075827207,6.828853891420527,23.26767606006916,-56.28283869361875,-4.191827438000742,61.04681890089114
1188,1790595047.3479276,0.533291015625,-6.731178911994486,-0.9723309685202207,6.821920284272537,23.272799096966633,-56.347038000553326,-4.201128815925397,61.10860293421516
1189,1790595047.3679276,0.5093408203125,-6.731178911994486,-0.9723309685202207,6.820089818239886,23.283500050462944,-56.48173187077361,-4.220634942353143,61.23823290264411
1190,1790595047.40856,0.5189208984375001,-6.731178911994486,-0.9771210075827207,6.821496456612283,23.30511290009351,-56.75535801367735,-4.26026055820389,61.501615999667706
1191,1790595047.42856,0.5476611328125001,-6.726388872931985,-0.9723309685202207,6.818333190644189,23.31575524295682,-56.89002515719393,-4.279763458622502,61.63128897076052
1192,1790595047.4388216,0.5380810546875001,-6.716808794806986,-0.9675409294577206,6.807436158906376,23.321232139221845,-56.95910169907401,-4.289761934163255,61.69782161720725
1193,1790595047.4588215,0.5237109375000001,-6.735968951056986,-0.9819110466452207,6.827276188875384,23.331898238378834,-57.0937179183195,-4.309250289202307,61.82749986209772
1194,1790595047.467866,0.5285009765625001,-6.726388872931985,-0.9675409294577206,6.816139376678462,23.336711903735775,-57.15459467273669,-4.318063747007255,61.886149413305745
1195,1790595047.487866,0.533291015625,-6.721598833869486,-0.9675409294577206,6.811785789423936,23.347352415757083,-57.289191343320496,-4.337532252442311,62.01584068315226
1196,1790595047.5286896,0.533291015625,-6.726388872931985,-0.9771210075827207,6.817878852011749,23.369079434687986,-57.56389249833533,-4.377264402992103,62.280623285564225
1197,1790595047.5486896,0.5189208984375001,-6.731178911994486,-0.9723309685202207,6.820811971932516,23.379705411782222,-57.698471093232605,-4.396734014949517,62.41037943833166
1198,1790595047.5587058,0.514130859375,-6.721598833869486,-0.9675409294577206,6.8103125386587955,23.385004817870993,-57.7658656561876,-4.40647927647861,62.47536110303484
1199,1790595047.5787058,0.5285009765625001,-6.716808794806986,-0.9675409294577206,6.806685619183532,23.395563172319076,-57.90040855848838,-4.425922025449222,62.60509941821995
1200,1790595047.5885508,0.5380810546875001,-6.735968951056986,-0.9771210075827207,6.82770637875391,23.40076847124157,-57.96663636274097,-4.435493030043968,62.66897553554283
1201,1790595047.6085508,0.533291015625,-6.721598833869486,-0.9675409294577206,6.811785789423936,23.411363829696118,-58.10118221734774,-4.454936847904079,62.7987722311405
1202,1790595047.6486807,0.5285009765625001,-6.721598833869486,-0.9675409294577206,6.811412453807144,23.432630171101252,-58.37111374625945,-4.493922812440344,63.05926116724279
1203,1790595047.6686807,0.5285009765625001,-6.721598833869486,-0.9771210075827207,6.812779875290454,23.443224602501267,-58.50562796416412,-4.513355187985158,63.18911028252745
1204,1790595047.6778076,0.533291015625,-6.721598833869486,-0.9675409294577206,6.811785789423936,23.448060930909996,-58.567007286076915,-4.522224039187047,63.24837084168774
1205,1790595047.6978076,0.533291015625,-6.721598833869486,-0.9771210075827207,6.813153135977603,23.458669062616593,-58.701498646464316,-4.541660362247018,63.37824371482869
1206,1790595047.7088614,0.5285009765625001,-6.716808794806986,-0.9723309685202207,6.807368153741023,23.46453288746872,-58.775821846383906,-4.552407457623887,63.45002719467652
1207,1790595047.7288613,0.5237109375000001,-6.721598833869486,-0.9819110466452207,6.813098658690968,23.4751293624916,-58.91028339986936,-4.5718671101610235,63.579911589366105
1208,1790595047.7684093,0.5285009765625001,-6.721598833869486,-0.9675409294577206,6.811412453807144,23.496060752267837,-59.17615858218414,-4.6103569226090375,63.83680761419634
1209,1790595047.7884092,0.5285009765625001,-6.721598833869486,-0.9723309685202207,6.812094514761713,23.50664377580051,-59.31061189252865,-4.629811875538202,63.96675810662454
1210,1790595047.828867,0.5285009765625001,-6.721598833869486,-0.9771210075827207,6.812779875290454,23.52804810037757,-59.58258939595947,-4.669179070606012,64.22970683207706
1211,1790595047.848867,0.5285009765625001,-6.716808794806986,-0.9627508903952207,6.8060063873890675,23.53862751250255,-59.71702956558291,-4.688630628068417,64.3597223617031
1212,1790595047.828867,0.5285009765625001,-6.721598833869486,-0.9723309685202207,6.812094514761713,23.53862751250255,-59.71702956558291,-4.688630628068417,64.3597223617031
1213,1790595047.848867,0.5285009765625001,-6.726388872931985,-0.9723309685202207,6.816820964678053,23.54920431538547,-59.85146850384489,-4.708068595475887,64.48976055044872
1214,1790595047.8887749,0.5285009765625001,-6.716808794806986,-0.9675409294577206,6.806685619183532,23.570307218832394,-60.11972563984146,-4.746843333839518,64.74931130935657
1215,1790595047.9087749,0.5237109375000001,-6.726388872931985,-0.9627508903952207,6.8150913194848055,23.580874951486184,-60.25416261068702,-4.766256034571054,64.87941870870783
1216,1790595047.918689,0.5237109375000001,-6.721598833869486,-0.9723309685202207,6.81172456444594,23.58610651189361,-60.320807335481796,-4.7758744718864845,64.94392346452378
1217,1790595047.938689,0.5285009765625001,-6.716808794806986,-0.9723309685202207,6.807368153741023,23.596655476718897,-60.45524180711122,-4.7952843653059025,65.07405906955093
1218,1790595047.9488244,0.5285009765625001,-6.716808794806986,-0.9675409294577206,6.806685619183532,23.602002986886262,-60.52336182963011,-4.805119887391757,65.140011124389
1219,1790595047.9688244,0.5237109375000001,-6.721598833869486,-0.9675409294577206,6.811042466444374,23.61255060654341,-60.65777617369395,-4.824519489718667,65.27016427734192
1220,1790595048.0082626,0.5285009765625001,-6.721598833869486,-0.9675409294577206,6.811412453807144,23.63334206250992,-60.922834913699035,-4.862759407213792,65.52688837429923
1221,1790595048.0282626,0.5285009765625001,-6.716808794806986,-0.9675409294577206,6.806685619183532,23.643889788040855,-61.05724693018469,-4.882145466932385,65.65711135408607
1222,1790595048.038411,0.5189208984375001,-6.712018755744485,-0.9483807732077206,6.7985219546082964,23.64923626481919,-61.12544015204306,-4.891964974137218,65.72318564249927
1223,1790595048.058411,0.5045507812500001,-6.697648638556986,-0.9196405388327207,6.779292551372065,23.659727664187763,-61.25978905466109,-4.911216229420998,65.85335612569214
1224,1790595048.068491,0.5189208984375001,-6.668908404181986,-0.8813202263327207,6.746876576872253,23.664995980350607,-61.32744996178644,-4.920825095860976,65.91890983010478
1225,1790595048.088491,0.4949707031250001,-6.874880083869486,-1.1495624138327207,6.987879929408796,23.675401777493487,-61.46187505126213,-4.94007667164429,66.04915663098525
1226,1790595048.128103,0.5189208984375001,-6.697648638556986,-1.0058612419577206,6.792608705237787,23.6959322567224,-61.728504244075765,-4.9788905247591515,66.30757718830928
1227,1790595048.148103,0.5620312500000001,-6.525207232306986,-0.8956903435202207,6.610330531978211,23.70636458239364,-61.862765593730586,-4.9984002754609,66.43777159065431
1228,1790595048.158664,0.49018066406250005,-6.769499224494486,-1.0537616325827206,6.868537720079551,23.711880483199337,-61.93355818446143,-5.008701190906782,66.50643572660762
1229,1790595048.178664,0.48060058593750005,-6.659328326056985,-0.9148504997702207,6.73903421228578,23.7222155778941,-62.0676559662697,-5.028235450070327,66.63648085555418
1230,1790595048.1882286,0.5045507812500001,-6.688068560431986,-0.9579608513327207,6.775139965534651,23.727123464363235,-62.131741107070866,-5.0375195349666875,66.69862250417461
1231,1790595048.2082286,0.49976074218750005,-6.683278521369486,-0.9531708122702207,6.769380118666286,23.737353102923965,-62.26570167072288,-5.056887564169298,66.82852421471692
1232,1790595048.2487528,0.49976074218750005,-6.697648638556986,-0.9627508903952207,6.784920586267229,23.758009289507385,-62.537088438738536,-5.0960678686729715,67.09173081324586
1233,1790595048.2687528,0.4949707031250001,-6.692858599494485,-0.9483807732077206,6.777815158350766,23.76816668778973,-62.6710213535375,-5.115370762374629,67.22164594258807
1234,1790595048.2782981,0.4949707031250001,-6.664118365119486,-0.9435907341452207,6.748765298544585,23.772996006657028,-62.73491707606581,-5.124555958986092,67.2836252995494
1235,1790595048.2982981,0.49018066406250005,-6.7072287166819855,-0.9867010857077206,6.797115062571843,23.783074626646798,-62.868770737891566,-5.143809996025375,67.41346863991967
1236,1790595048.308354,0.5045507812500001,-6.659328326056985,-0.9196405388327207,6.741436342927926,23.78813214738028,-62.93605675842803,-5.15347634599085,67.47874324415051
1237,1790595048.328354,0.49976074218750005,-6.7072287166819855,-0.9579608513327207,6.793700526958881,23.79818869755461,-63.069858189516864,-5.172634370404351,67.60855673404123
1238,1790595048.368244,0.4949707031250001,-6.683278521369486,-0.9435907341452207,6.767685813091169,23.818213848085993,-63.33675670752033,-5.210802494764902,67.86755133184212
1239,1790595048.388244,0.49018066406250005,-6.688068560431986,-0.9627508903952207,6.774764012821135,23.8282257126117,-63.47055812342338,-5.229928153072746,67.99741346254531
1240,1790595048.3988225,0.49018066406250005,-6.678488482306985,-0.9483807732077206,6.763276689794517,23.833504786004436,-63.54131920221669,-5.2400431887976495,68.06609470920858
1241,1790595048.4188225,0.4949707031250001,-6.668908404181986,-0.9483807732077206,6.754166224732055,23.843466043267078,-63.67505414541941,-5.259143307078633,68.19590883405627
1242,1790595048.4287643,0.4949707031250001,-6.683278521369486,-0.9579608513327207,6.769704335038338,23.848413085534006,-63.74151672385397,-5.26863507152987,68.26042979994031
1243,1790595048.4487643,0.4853906250000001,-6.6736984432444855,-0.9483807732077206,6.758201022549702,23.8583428085853,-63.87519968875223,-5.2877249999509495,68.39021635091567
1244,1790595048.4888265,0.5093408203125,-6.678488482306985,-0.9483807732077206,6.764692348550209,23.878238432465025,-64.14293311296632,-5.32592749613011,68.65021225506995
1245,1790595048.5088265,0.5045507812500001,-6.668908404181986,-0.9292206169577206,6.7522116191073565,23.88820177470479,-64.27656415343613,-5.344954737479,68.78002198709665
1246,1790595048.5481262,0.49976074218750005,-6.688068560431986,-0.9579608513327207,6.774784930989077,23.907803134747127,-64.53912947386928,-5.3822972251357815,69.03514617493317
1247,1790595048.5681262,0.4949707031250001,-6.721598833869486,-0.9771210075827207,6.810260813205846,23.917774241231555,-64.67282251190616,-5.401353181107951,69.16508159828992
1248,1790595048.5491276,0.514130859375,-6.6210080135569855,-0.8909003044577207,6.700431404665699,23.917774241231555,-64.67282251190616,-5.401353181107951,69.16508159828992
1249,1790595048.5691276,0.5093408203125,-6.683278521369486,-0.9723309685202207,6.77281827438023,23.927800174987183,-64.806383950165,-5.420297678443396,69.29492513043981
1250,1790595048.6079323,0.49976074218750005,-6.659328326056985,-0.9340106560202207,6.743054979696966,23.947271834336554,-65.06548580417417,-5.457089160530977,69.54688413830475
1251,1790595048.6279323,0.5045507812500001,-6.683278521369486,-0.9531708122702207,6.76973543666387,23.95730864058866,-65.1990096420073,-5.476037912611939,69.67675714913365
1252,1790595048.6382747,0.47102050781250004,-6.678488482306985,-0.9292206169577206,6.759254373232767,23.96247705397746,-65.26806455324736,-5.485826977520798,69.74392342503077
1253,1790595048.6582747,0.514130859375,-6.692858599494485,-0.9675409294577206,6.781948261640225,23.97245022434344,-65.40162876425927,-5.5047626372889775,69.87384221917027
