trial,progress_pct,object_area,finger_width,velocity,acceleration_mag
TRIAL_Black_20261007_104137,0.0,5976.0,35.805,0.0,0.13934892181362118
TRIAL_Black_20261007_104137,1.0,5976.0,35.805,0.02144077412188557,0.147426327067997
TRIAL_Black_20261007_104137,2.0,6020.64,33.79186,0.039188927870959504,0.15744629117564352
TRIAL_Black_20261007_104137,3.0,6084.12,31.55782,0.055386130277300036,0.17510254383215385
TRIAL_Black_20261007_104137,4.0,6132.0,30.32272,0.07115313557248415,0.1839316184753618
TRIAL_Black_20261007_104137,5.0,6132.0,30.53295,0.08676894527127042,0.1587214280889978
TRIAL_Black_20261007_104137,6.0,6132.0,29.28474,0.10223871663459018,0.15939943526295827
TRIAL_Black_20261007_104137,7.000000000000001,6123.96,28.63752,0.1170627437496332,0.19741056022705494
TRIAL_Black_20261007_104137,8.0,6090.72,26.781,0.1317269639124341,0.20405254629480796
TRIAL_Black_20261007_104137,9.0,6034.93,24.520049999999998,0.14636592039728247,0.17232045517040565
TRIAL_Black_20261007_104137,10.0,5977.0,22.854399999999995,0.1609782850713079,0.1266091235269874
TRIAL_Black_20261007_104137,11.0,5985.1,18.880539999999996,0.17550575727604983,0.12734730450142726
TRIAL_Black_20261007_104137,12.0,6082.48,17.90116,0.1903992566237624,0.1620329882301362
TRIAL_Black_20261007_104137,13.0,6081.84,17.136029999999998,0.20507167329179793,0.1584925954059638
TRIAL_Black_20261007_104137,14.000000000000002,6048.0,16.643,0.21982917506234126,0.13001697277489704
TRIAL_Black_20261007_104137,15.0,6060.6,17.648300000000003,0.23483870346847538,0.1090793588148355
TRIAL_Black_20261007_104137,16.0,6128.64,23.076920000000005,0.2495822021500044,0.1365057735788621
TRIAL_Black_20261007_104137,17.0,6067.32,22.327059999999996,0.2712319488267652,0.12532342558587894
TRIAL_Black_20261007_104137,18.0,6096.72,19.912959999999998,0.28829756877924345,0.11639559313261794
TRIAL_Black_20261007_104137,19.0,6099.24,18.11473,0.30337966216590423,0.1048806967568193
TRIAL_Black_20261007_104137,20.0,6033.599999999999,16.389599999999987,0.3184200443107703,0.1029374425139653
TRIAL_Black_20261007_104137,21.0,5978.29,11.296240000000003,0.33341279885958053,0.14474239452010557
TRIAL_Black_20261007_104137,22.0,6163.780000000001,20.711680000000012,0.3486204408614485,0.22720633839673515
TRIAL_Black_20261007_104137,23.0,6211.93,26.45611000000001,0.3634461652039868,0.199666364376808
TRIAL_Black_20261007_104137,24.0,6179.04,31.15652,0.3785249765793393,0.18142074214016574
TRIAL_Black_20261007_104137,25.0,6132.0,35.240750000000006,0.39367543134374267,0.1862097095978682
TRIAL_Black_20261007_104137,26.0,6132.0,38.003240000000005,0.40834241110282266,0.1614217727567931
TRIAL_Black_20261007_104137,27.0,6132.0,41.61098000000001,0.423488251882782,0.08082011494078616
TRIAL_Black_20261007_104137,28.000000000000004,6132.0,48.841080000000034,0.4387873528660602,0.19676411520434062
TRIAL_Black_20261007_104137,28.999999999999996,6090.84,53.312129999999996,0.45334844198828983,0.32594442629106735
TRIAL_Black_20261007_104137,30.0,6073.2,59.77230000000001,0.46750389831426314,0.31074268444132985
TRIAL_Black_20261007_104137,31.0,6140.03,72.61882000000001,0.4829457974049344,0.14598186883193887
TRIAL_Black_20261007_104137,32.0,6199.16,80.20204000000001,0.5055413531245414,0.41948220388978064
TRIAL_Black_20261007_104137,33.0,6151.71,84.33455000000001,0.5212504650516122,0.40842093540889646
TRIAL_Black_20261007_104137,34.0,6177.360000000001,91.81922000000004,0.5354358386092356,0.348576034032219
TRIAL_Black_20261007_104137,35.0,6267.8,100.39870000000005,0.54913444568849,0.30698772964980253
TRIAL_Black_20261007_104137,36.0,6364.0,107.68188,0.5626119265679199,0.34098038126226665
TRIAL_Black_20261007_104137,37.0,6364.0,113.81196000000001,0.5757369531030947,0.537560969351082
TRIAL_Black_20261007_104137,38.0,6306.28,120.04734000000002,0.587974289579813,0.5743429321939492
TRIAL_Black_20261007_104137,39.0,6472.900000000001,129.89757000000003,0.6010471623563826,0.5260343759880369
TRIAL_Black_20261007_104137,40.0,6570.0,138.85140000000004,0.6156563350066405,0.4996935406950126
TRIAL_Black_20261007_104137,41.0,6491.19,144.99522000000002,0.6319290829488803,0.5477965470550157
TRIAL_Black_20261007_104137,42.0,6362.5199999999995,149.6395,0.6494475332503028,0.651056355368403
TRIAL_Black_20261007_104137,43.0,6302.58,152.73775,0.6686288137582216,0.4779038721781126
TRIAL_Black_20261007_104137,44.0,6235.599999999999,158.37872000000002,0.6890930002718162,0.5026569616720642
TRIAL_Black_20261007_104137,45.0,6243.25,162.5234,0.7115113781951489,0.5289341187560405
TRIAL_Black_20261007_104137,46.0,6351.100000000001,166.30326000000002,0.739362049607346,0.5144373564435101
TRIAL_Black_20261007_104137,47.0,6541.730000000001,172.91741000000002,0.7750069241969031,0.5033644378370347
TRIAL_Black_20261007_104137,48.0,6735.32,178.80044,0.8004315037975146,0.527105305670514
TRIAL_Black_20261007_104137,49.0,6931.67,183.80234,0.8256493822627559,0.46531281874034364
TRIAL_Black_20261007_104137,50.0,7130.5,189.9115,0.8502893681272449,0.3591749198072315
TRIAL_Black_20261007_104137,51.0,7361.26,195.5383,0.8739057519057647,0.2893606678782247
TRIAL_Black_20261007_104137,52.0,7640.560000000001,199.84816000000004,0.8960128886743453,0.325312073902929
TRIAL_Black_20261007_104137,53.0,7914.34,208.30699,0.915818757678632,0.46309071620883435
TRIAL_Black_20261007_104137,54.0,8205.880000000001,209.96966,0.9325345693810887,0.6235551791533698
TRIAL_Black_20261007_104137,55.00000000000001,8503.500000000002,212.21540000000002,0.9465685939486518,0.7676114234906702
TRIAL_Black_20261007_104137,56.00000000000001,8806.080000000002,215.72144,0.9581365121459228,0.7881325023448537
TRIAL_Black_20261007_104137,57.00000000000001,9095.600000000002,219.17488,0.9673953146513213,0.7601828611391811
TRIAL_Black_20261007_104137,57.99999999999999,9322.399999999998,219.22672,0.9742505376981277,1.0898215732155692
TRIAL_Black_20261007_104137,59.0,9708.779999999999,223.95457000000002,0.9769272210658939,1.2906596055722335
TRIAL_Black_20261007_104137,60.0,10039.199999999999,227.6728,0.9766441220037452,1.37418977119123
TRIAL_Black_20261007_104137,61.0,10360.1,232.15694,0.971471479552918,1.459399936616767
TRIAL_Black_20261007_104137,62.0,10714.86,237.28662,0.9622063170877052,1.5851189174200868
TRIAL_Black_20261007_104137,63.0,11124.27,241.00686,0.9519677882761459,1.7067258014023046
TRIAL_Black_20261007_104137,64.0,11374.560000000001,242.02908,0.9371146421809547,1.726516460020413
TRIAL_Black_20261007_104137,65.0,11470.15,242.64635,0.9200614114600357,1.822838279180289
TRIAL_Black_20261007_104137,66.0,11638.980000000001,240.39473999999998,0.9011703771415219,1.852509238983907
TRIAL_Black_20261007_104137,67.0,11893.590000000002,236.03721,0.8803437277688031,1.8763900037978078
TRIAL_Black_20261007_104137,68.0,12150.68,231.73263999999998,0.8573507767225178,1.9948353426677137
TRIAL_Black_20261007_104137,69.0,12410.690000000002,227.89161999999996,0.8319158182987967,1.894760224971595
TRIAL_Black_20261007_104137,70.0,12534.900000000001,223.83919999999998,0.8063042210250776,1.8071742934202064
TRIAL_Black_20261007_104137,71.0,12599.52,220.23194,0.7810306631816624,1.701809495168333
TRIAL_Black_20261007_104137,72.0,12730.28,216.1096,0.7555805462728903,1.6537692730935358
TRIAL_Black_20261007_104137,73.0,13010.679999999998,211.73991999999998,0.7296875160737314,1.7002883121361223
TRIAL_Black_20261007_104137,74.0,13363.84,212.45595999999998,0.704615345333903,1.6892646019091786
TRIAL_Black_20261007_104137,75.0,13721.5,199.225,0.6797318802093519,1.6590581935559467
TRIAL_Black_20261007_104137,76.0,13948.48,188.24555999999998,0.6461782263314335,1.6705771790661021
TRIAL_Black_20261007_104137,77.0,14179.12,178.41786999999997,0.613958251875125,1.7647319166831357
TRIAL_Black_20261007_104137,78.0,14435.08,167.71695999999997,0.5878954897260422,1.9100649486991148
TRIAL_Black_20261007_104137,79.0,14520.94,155.4227799999999,0.5616937817710087,1.9709603852558197
TRIAL_Black_20261007_104137,80.0,14827.600000000002,146.97419999999997,0.5334030510511757,1.9634491637442006
TRIAL_Black_20261007_104137,81.0,15240.720000000003,136.5698399999999,0.5050089854922539,1.879658224671246
TRIAL_Black_20261007_104137,82.0,15763.440000000004,125.2812599999999,0.47686964821377437,1.819804191001248
TRIAL_Black_20261007_104137,83.0,16214.220000000001,115.81327999999996,0.44872434271937306,1.8401848952425712
TRIAL_Black_20261007_104137,84.0,16319.16,111.94652000000002,0.41985111646823975,1.954483247807415
TRIAL_Black_20261007_104137,85.0,16666.649999999998,117.2828,0.3898785559408057,2.1755091621439684
TRIAL_Black_20261007_104137,86.0,17292.66,117.92384,0.3617837996067896,1.6455427871579857
TRIAL_Black_20261007_104137,87.0,17596.1,114.57485,0.33454135033771726,1.486883717593072
TRIAL_Black_20261007_104137,88.0,17487.68,110.49656,0.3080404712768188,1.6439025474735094
TRIAL_Black_20261007_104137,89.0,17207.960000000003,109.10794999999999,0.2823153550784619,1.662198294245361
TRIAL_Black_20261007_104137,90.0,17567.600000000002,108.2615,0.25622831606935503,1.7275944542100177
TRIAL_Black_20261007_104137,91.0,17484.91,110.89192000000001,0.21875493471482127,1.72712056522426
TRIAL_Black_20261007_104137,92.0,17433.0,111.97624,0.18805851753432068,1.6872032422807388
TRIAL_Black_20261007_104137,93.0,17317.17,112.1638,0.16231870561704864,1.6529116888536823
TRIAL_Black_20261007_104137,94.0,17156.200000000004,112.52242,0.13699478399583886,1.645955228531556
TRIAL_Black_20261007_104137,95.0,17585.500000000004,112.03885,0.11169283796482443,1.6135476914155504
TRIAL_Black_20261007_104137,96.0,17475.96,112.009,0.08649651315498147,1.6712969978358316
TRIAL_Black_20261007_104137,97.0,17652.45,112.34929,0.061115297358136145,1.7005363662981277
TRIAL_Black_20261007_104137,98.0,17818.0,112.73558,0.035618177541305036,1.7161604075014942
TRIAL_Black_20261007_104137,99.0,17773.16,113.15049,0.013017863483140381,1.7398430231556592
TRIAL_Black_20261007_104137,100.0,17582.0,114.018,0.0,1.7865494447690713
TRIAL_Black_20261007_104229,0.0,6035.0,11.0,0.0,0.35651254517310277
TRIAL_Black_20261007_104229,1.0,6023.75,5.4545,0.02199100329405165,0.2964101501013542
TRIAL_Black_20261007_104229,2.0,5985.0,4.9655,0.05271802427500169,0.30325667337706924
TRIAL_Black_20261007_104229,3.0,5971.25,8.526999999999997,0.08331986286047172,0.3292950718719476
TRIAL_Black_20261007_104229,4.0,6035.0,15.133,0.1049353189680833,0.3267683024576891
TRIAL_Black_20261007_104229,5.0,6035.0,12.81475,0.1255439538689062,0.3521005201831062
TRIAL_Black_20261007_104229,6.0,6070.5,13.6695,0.1463920677162332,0.37943357541341977
TRIAL_Black_20261007_104229,7.000000000000001,6106.0,14.72275,0.16685621372944057,0.38655090140733617
TRIAL_Black_20261007_104229,8.0,6106.0,13.0,0.1863129451279046,0.35123593142356196
TRIAL_Black_20261007_104229,9.0,6052.75,11.533750000000001,0.2058752449375519,0.32495377880612986
TRIAL_Black_20261007_104229,10.0,6035.0,13.0225,0.22517499990309708,0.31833132904470207
TRIAL_Black_20261007_104229,11.0,6031.25,15.25775,0.24455936461010247,0.31339107641500147
TRIAL_Black_20261007_104229,12.0,6020.0,16.031,0.2643754936441304,0.2921555151927508
TRIAL_Black_20261007_104229,13.0,5967.5,13.786249999999999,0.28390369247289104,0.28463095261775806
TRIAL_Black_20261007_104229,14.000000000000002,5950.0,13.095500000000001,0.3031174871062492,0.31129156438969463
TRIAL_Black_20261007_104229,15.0,5971.25,13.934499999999998,0.32232364187428486,0.3203108465084433
TRIAL_Black_20261007_104229,16.0,6035.0,16.279,0.3418289211070781,0.25986229497388735
TRIAL_Black_20261007_104229,17.0,6035.0,13.9345,0.36228466842772183,0.2496861563770437
TRIAL_Black_20261007_104229,18.0,5992.5,11.320000000000004,0.3910715203396278,0.34980093493404485
TRIAL_Black_20261007_104229,19.0,5950.0,12.733249999999995,0.42118866168234814,0.4391247384526699
TRIAL_Black_20261007_104229,20.0,5950.0,22.472,0.4456352772954349,0.3965756747406964
TRIAL_Black_20261007_104229,21.0,5950.0,35.287999999999975,0.4722208440334795,0.3187844220534495
TRIAL_Black_20261007_104229,22.0,5950.0,47.511,0.4996295519636665,0.26653871067528856
TRIAL_Black_20261007_104229,23.0,5971.25,57.590750000000014,0.5275508281221071,0.23056695863581753
TRIAL_Black_20261007_104229,24.0,6035.0,63.977,0.5556740995449123,0.20159758396464
TRIAL_Black_20261007_104229,25.0,6088.25,76.39099999999998,0.584172074572432,0.15799627568227054
TRIAL_Black_20261007_104229,26.0,6185.0,83.868,0.6124767259309749,0.09149514789563087
TRIAL_Black_20261007_104229,27.0,6282.0,90.90025000000001,0.640477192446813,0.062132681385116545
TRIAL_Black_20261007_104229,28.000000000000004,6336.0,101.98,0.668062612946218,0.12994735693112247
TRIAL_Black_20261007_104229,28.999999999999996,6402.0,112.08324999999996,0.6953863119382806,0.14907830196245608
TRIAL_Black_20261007_104229,30.0,6505.0,122.581,0.7225043791359522,0.16700659676929658
TRIAL_Black_20261007_104229,31.0,6586.0,134.19525000000002,0.74989261878564,0.17626062119065006
TRIAL_Black_20261007_104229,32.0,6586.0,147.648,0.7780268351337513,0.16936875506552285
TRIAL_Black_20261007_104229,33.0,6586.0,156.27750000000003,0.8064085909846967,0.22374350317962843
TRIAL_Black_20261007_104229,34.0,6668.0,162.96150000000003,0.8452735431057676,0.1863514886798499
TRIAL_Black_20261007_104229,35.0,6787.5,169.17950000000002,0.8843287407255315,0.14290337247452245
TRIAL_Black_20261007_104229,36.0,6900.0,176.411,0.9132812330725556,0.1791098154719789
TRIAL_Black_20261007_104229,37.0,7038.0,181.57399999999998,0.942294325324316,0.2401661168698681
TRIAL_Black_20261007_104229,38.0,7161.0,189.4355,0.9702534824242438,0.23345207250933353
TRIAL_Black_20261007_104229,39.0,7257.25,197.85875000000001,0.9969951846350733,0.22473985234137692
TRIAL_Black_20261007_104229,40.0,7315.0,204.707,1.0223559122195387,0.2798016263170002
TRIAL_Black_20261007_104229,41.0,7503.250000000001,212.78225,1.047495953355342,0.3363063321066701
TRIAL_Black_20261007_104229,42.0,7742.999999999999,219.40149999999997,1.0707941818376931,0.46319605940844344
TRIAL_Black_20261007_104229,43.0,7985.249999999999,224.8955,1.0925164602130006,0.606909449840223
TRIAL_Black_20261007_104229,44.0,8181.0,229.595,1.1129286510276732,0.7138851450199094
TRIAL_Black_20261007_104229,45.0,8318.25,234.095,1.1308701595972093,0.8009783952755438
TRIAL_Black_20261007_104229,46.0,8592.000000000002,238.757,1.1474520198824596,0.8840356476757771
TRIAL_Black_20261007_104229,47.0,8894.0,243.97375000000002,1.1621094266327014,0.9999668487294074
TRIAL_Black_20261007_104229,48.0,9116.0,250.138,1.1742775745972125,1.1856819449452314
TRIAL_Black_20261007_104229,49.0,9391.25,257.01475,1.1835149861909764,1.1060829472155678
TRIAL_Black_20261007_104229,50.0,9725.499999999998,262.3155,1.1938699795790797,1.0930867404118019
TRIAL_Black_20261007_104229,51.0,10069.5,266.3615,1.2028307986828082,1.1341058289200863
TRIAL_Black_20261007_104229,52.0,10374.0,269.474,1.2078856874234474,1.2165527171265742
TRIAL_Black_20261007_104229,53.0,10666.5,272.525,1.2108970999259636,1.282786110724156
TRIAL_Black_20261007_104229,54.0,10975.000000000002,275.123,1.2126944061281129,1.3750111104630465
TRIAL_Black_20261007_104229,55.00000000000001,11287.000000000002,275.75975,1.2131681898700561,1.4917670229979987
TRIAL_Black_20261007_104229,56.00000000000001,11590.0,272.927,1.2122090349919543,1.6315931549837657
TRIAL_Black_20261007_104229,57.00000000000001,12011.500000000002,274.35650000000004,1.2084521041450587,1.7582250561931503
TRIAL_Black_20261007_104229,57.99999999999999,12425.999999999998,276.0895,1.2023336312118875,1.9621213934693398
TRIAL_Black_20261007_104229,59.0,12898.249999999998,277.348,1.1936413581972674,2.05368769631413
TRIAL_Black_20261007_104229,60.0,13493.0,277.354,1.1821630271060246,1.8433294942293055
TRIAL_Black_20261007_104229,61.0,13825.250000000002,274.7725,1.1697338581345784,1.986981085068456
TRIAL_Black_20261007_104229,62.0,14040.0,273.7815,1.1552278685095212,2.129248228790458
TRIAL_Black_20261007_104229,63.0,14299.499999999998,271.75000000000006,1.138836259183091,2.271413392323615
TRIAL_Black_20261007_104229,64.0,14766.0,266.047,1.120750231107526,2.4147590425962298
TRIAL_Black_20261007_104229,65.0,15241.500000000002,261.56350000000003,1.0990974558150262,2.455793465982228
TRIAL_Black_20261007_104229,66.0,15779.500000000004,257.0825,1.0668794332228309,2.6552696718494984
TRIAL_Black_20261007_104229,67.0,16353.250000000004,252.838,1.03211480311319,2.810285210449365
TRIAL_Black_20261007_104229,68.0,16936.0,249.064,1.002822205268353,2.7179376320331614
TRIAL_Black_20261007_104229,69.0,17243.5,240.12324999999998,0.9717975377590143,2.6872102483412914
TRIAL_Black_20261007_104229,70.0,17598.000000000004,231.75849999999994,0.9390643854221832,2.6393543739707725
TRIAL_Black_20261007_104229,71.0,17887.5,223.7255,0.905705660308938,2.61174729659071
TRIAL_Black_20261007_104229,72.0,18000.0,215.78,0.8728042744703557,2.6417663038702073
TRIAL_Black_20261007_104229,73.0,18180.0,208.27175,0.8385336274675628,2.7614117860364686
TRIAL_Black_20261007_104229,74.0,18392.0,200.2115,0.8029885852642147,2.881515547627991
TRIAL_Black_20261007_104229,75.0,18651.0,191.75750000000002,0.7663987479543887,2.89473338935842
TRIAL_Black_20261007_104229,76.0,18972.0,183.068,0.7289937156321615,2.6937211119413997
TRIAL_Black_20261007_104229,77.0,18580.5,181.3925,0.691790158464469,2.6195008919265192
TRIAL_Black_20261007_104229,78.0,18787.500000000004,172.41849999999994,0.6544609363160065,2.552244824112362
TRIAL_Black_20261007_104229,79.0,19086.75,161.90674999999996,0.6180129373239223,2.488801067163517
TRIAL_Black_20261007_104229,80.0,18972.0,155.618,0.583453049625364,2.426017779744574
TRIAL_Black_20261007_104229,81.0,18355.5,149.34799999999998,0.5488253075074487,2.250239076854397
TRIAL_Black_20261007_104229,82.0,18286.0,143.35899999999998,0.5054567357303725,2.1629119327022632
TRIAL_Black_20261007_104229,83.0,18398.25,134.95324999999988,0.4638996709106848,2.101355209475872
TRIAL_Black_20261007_104229,84.0,18327.0,121.433,0.4347064496649348,2.002887769362928
TRIAL_Black_20261007_104229,85.0,18194.25,125.77624999999998,0.4085660404307694,1.7553457956746485
TRIAL_Black_20261007_104229,86.0,18286.0,129.462,0.3832892546186336,1.7604887111116814
TRIAL_Black_20261007_104229,87.0,18559.5,132.01649999999998,0.3591851904615888,1.8993798593516829
TRIAL_Black_20261007_104229,88.0,18972.0,132.966,0.3365629461926963,2.053082584072301
TRIAL_Black_20261007_104229,89.0,19180.5,128.397,0.3134625929847781,2.1595967968905527
TRIAL_Black_20261007_104229,90.0,19250.0,127.343,0.28977118790527895,2.3087660104552765
TRIAL_Black_20261007_104229,91.0,19281.25,127.899,0.26518750726603696,2.409502063460008
TRIAL_Black_20261007_104229,92.0,19375.0,128.16,0.2394103273788901,2.370716794598287
TRIAL_Black_20261007_104229,93.0,19165.75,127.61999999999999,0.21258224658638777,2.404203062803812
TRIAL_Black_20261007_104229,94.0,19034.0,129.18,0.18497829283786954,2.4371438744288247
TRIAL_Black_20261007_104229,95.0,18964.5,130.12949999999998,0.156760752364331,2.460465340318699
TRIAL_Black_20261007_104229,96.0,18942.0,127.758,0.1280919113967681,2.4650935713188096
TRIAL_Black_20261007_104229,97.0,18942.0,121.67025000000004,0.09763829721154914,2.5005937709091657
TRIAL_Black_20261007_104229,98.0,18942.0,121.02699999999999,0.050731730126107356,2.536445020726712
TRIAL_Black_20261007_104229,99.0,18918.5,121.61425,0.010482275826803653,2.5594336596335014
TRIAL_Black_20261007_104229,100.0,18848.0,119.218,0.0,2.5563460264915885
TRIAL_Black_20261007_104325,0.0,6916.0,20.0,0.0,0.10153365476861836
TRIAL_Black_20261007_104325,1.0,7025.2,20.1612,0.012311419928151567,0.06703293080317088
TRIAL_Black_20261007_104325,2.0,7060.9,19.582,0.029664684407500336,0.061717800731937514
TRIAL_Black_20261007_104325,3.0,7010.85,18.139,0.052900100863245855,0.09045253020395395
TRIAL_Black_20261007_104325,4.0,7053.2,17.197,0.06912530691388376,0.07486360914883038
TRIAL_Black_20261007_104325,5.0,7084.0,16.19875,0.08462048081403652,0.059418075053785616
TRIAL_Black_20261007_104325,6.0,7084.0,15.043700000000001,0.09988229799409408,0.05011178016515236
TRIAL_Black_20261007_104325,7.000000000000001,6991.6,13.1038,0.11572548230738718,0.052068317968797184
TRIAL_Black_20261007_104325,8.0,6931.2,12.0128,0.13160988884198135,0.05065989144428403
TRIAL_Black_20261007_104325,9.0,6980.6,13.152899999999999,0.14734921336545215,0.037072772716392546
TRIAL_Black_20261007_104325,10.0,6999.5,10.516,0.16279413230344136,0.035057800551190836
TRIAL_Black_20261007_104325,11.0,6995.45,7.53425,0.17833572150227078,0.03952202931966051
TRIAL_Black_20261007_104325,12.0,6945.4,7.18,0.19449395048938267,0.05401144797101168
TRIAL_Black_20261007_104325,13.0,6964.65,6.13905,0.21033856840585025,0.05432297442231762
TRIAL_Black_20261007_104325,14.000000000000002,7014.7,5.0,0.22602904657471837,0.0494586427891153
TRIAL_Black_20261007_104325,15.0,7064.75,5.0,0.24163836097114239,0.050784161513450415
TRIAL_Black_20261007_104325,16.0,7053.2,4.131200000000001,0.25686749692638616,0.0605403224269087
TRIAL_Black_20261007_104325,17.0,7010.85,2.9907500000000002,0.2719202560537134,0.07308379774325492
TRIAL_Black_20261007_104325,18.0,7060.9,5.106499999999997,0.28770783155489377,0.0558452294758324
TRIAL_Black_20261007_104325,19.0,7051.8,6.477799999999999,0.3033794851503483,0.05804568135399889
TRIAL_Black_20261007_104325,20.0,6992.0,7.211,0.3189517771123236,0.07690815049981323
TRIAL_Black_20261007_104325,21.0,7001.75,9.152549999999996,0.3425468241768967,0.13645760491259007
TRIAL_Black_20261007_104325,22.0,7030.1,8.638600000000004,0.362630450239037,0.15024707500131385
TRIAL_Black_20261007_104325,23.0,7080.15,5.259900000000001,0.37861741846500574,0.11064989671197525
TRIAL_Black_20261007_104325,24.0,6937.6,5.230999999999999,0.39496253409045357,0.2739745826151063
TRIAL_Black_20261007_104325,25.0,6859.0,7.059499999999994,0.411756726851309,0.4372178249773866
TRIAL_Black_20261007_104325,26.0,6908.4,11.413199999999998,0.42922169004221933,0.5732745091153086
TRIAL_Black_20261007_104325,27.0,6916.0,14.4579,0.4483811832956993,0.5301976451782042
TRIAL_Black_20261007_104325,28.000000000000004,6916.0,18.168600000000005,0.46808209642009163,0.44480577454668974
TRIAL_Black_20261007_104325,28.999999999999996,6916.0,23.91329999999998,0.48830798741025816,0.3374870448834466
TRIAL_Black_20261007_104325,30.0,6878.0,32.323499999999974,0.5080239776236839,0.2914013211713447
TRIAL_Black_20261007_104325,31.0,6851.4,41.458049999999986,0.5275854367884592,0.3158657744557015
TRIAL_Black_20261007_104325,32.0,6900.8,50.34159999999999,0.5471416932344744,0.5142644784437798
TRIAL_Black_20261007_104325,33.0,6734.2,57.52685,0.5676713372757666,0.6468619481750112
TRIAL_Black_20261007_104325,34.0,6487.2,64.0305,0.5888756997072531,0.7255857790872228
TRIAL_Black_20261007_104325,35.0,6326.0,70.93675000000002,0.6114116213852423,0.6688520580115622
TRIAL_Black_20261007_104325,36.0,6264.0,78.39739999999998,0.6345872299282747,0.60066346452841
TRIAL_Black_20261007_104325,37.0,6275.65,86.49729999999997,0.6581610935698049,0.5291661621517008
TRIAL_Black_20261007_104325,38.0,6427.099999999999,98.11019999999998,0.6817163669054848,0.5038758961085034
TRIAL_Black_20261007_104325,39.0,6522.55,108.89954999999999,0.7119860962454948,0.4988287813684054
TRIAL_Black_20261007_104325,40.0,6570.0,118.983,0.7480110735892164,0.5111329391738213
TRIAL_Black_20261007_104325,41.0,6676.6,122.46635,0.7727697572052258,0.540149386869019
TRIAL_Black_20261007_104325,42.0,6778.4,128.61069999999995,0.7971009564593581,0.5311784852374164
TRIAL_Black_20261007_104325,43.0,6874.599999999999,137.85954999999996,0.8209334239579673,0.4778890093912129
TRIAL_Black_20261007_104325,44.0,6937.8,146.39139999999998,0.8454529703982396,0.4446553265331645
TRIAL_Black_20261007_104325,45.0,7036.25,155.34875,0.8695489387452906,0.41060627051253534
TRIAL_Black_20261007_104325,46.0,7195.5,165.0825,0.8928755716176322,0.372578511700023
TRIAL_Black_20261007_104325,47.0,7261.8,173.609,0.9151709819414259,0.3164851542718887
TRIAL_Black_20261007_104325,48.0,7361.399999999999,181.77119999999996,0.9364612724170792,0.2963409055330433
TRIAL_Black_20261007_104325,49.0,7573.949999999999,189.60759999999996,0.9559119070042776,0.3644726235060349
TRIAL_Black_20261007_104325,50.0,7761.5,196.635,0.9740525825348124,0.41550810825872525
TRIAL_Black_20261007_104325,51.0,7963.000000000001,203.65490000000003,0.9912343840877209,0.45675352174341227
TRIAL_Black_20261007_104325,52.0,8236.0,211.45880000000002,1.0065298981052053,0.4824615975550567
TRIAL_Black_20261007_104325,53.0,8535.1,220.1528,1.0201045251417258,0.6304541597041664
TRIAL_Black_20261007_104325,54.0,8814.6,228.73680000000002,1.0325006374896433,0.8165403332835842
TRIAL_Black_20261007_104325,55.00000000000001,8922.5,234.54000000000002,1.0426215316703795,0.9132237364603399
TRIAL_Black_20261007_104325,56.00000000000001,9118.400000000001,240.2588,1.05120365992367,1.0087191556261714
TRIAL_Black_20261007_104325,57.00000000000001,9374.050000000003,245.89020000000005,1.0585920670903355,1.1154162497890079
TRIAL_Black_20261007_104325,57.99999999999999,9686.699999999999,251.1058,1.0631965656733386,1.3654433239978196
TRIAL_Black_20261007_104325,59.0,10003.55,256.83065,1.06581846399944,1.5244938354612774
TRIAL_Black_20261007_104325,60.0,10324.0,262.992,1.0667409906767675,1.6055644360001413
TRIAL_Black_20261007_104325,61.0,10593.099999999999,262.7632,1.0603085719081855,1.6060169389373633
TRIAL_Black_20261007_104325,62.0,10856.199999999999,264.81739999999996,1.0534364946436343,1.6638599353744563
TRIAL_Black_20261007_104325,63.0,11112.300000000001,269.53510000000006,1.046051482467119,1.7886585075613999
TRIAL_Black_20261007_104325,64.0,11333.6,268.5642,1.0363303375137765,1.7937290405813882
TRIAL_Black_20261007_104325,65.0,11593.5,267.03325,1.0256584818643988,1.8094180314452308
TRIAL_Black_20261007_104325,66.0,11919.800000000001,265.36469999999997,1.0137769734716084,1.8580602934148343
TRIAL_Black_20261007_104325,67.0,12285.7,263.8859,0.9991736744196257,1.9591533227666575
TRIAL_Black_20261007_104325,68.0,12681.400000000001,261.5534,0.9832258523345404,2.028505229223368
TRIAL_Black_20261007_104325,69.0,13127.950000000003,257.22245,0.9653663132400985,2.004982477055167
TRIAL_Black_20261007_104325,70.0,13568.000000000002,252.12149999999997,0.9468695412040768,2.051675121609114
TRIAL_Black_20261007_104325,71.0,13956.449999999999,247.03540000000004,0.9275322857827119,2.109786062715172
TRIAL_Black_20261007_104325,72.0,14179.4,242.7688,0.9060306520184479,2.1357425956061222
TRIAL_Black_20261007_104325,73.0,14577.399999999998,238.35145,0.8832811728726221,2.2009721990852773
TRIAL_Black_20261007_104325,74.0,15029.8,233.6262,0.8596990589031801,2.2766011269523108
TRIAL_Black_20261007_104325,75.0,15353.5,227.576,0.8345877421143321,2.313425499737064
TRIAL_Black_20261007_104325,76.0,15680.4,221.765,0.8083333194387231,2.353698729690826
TRIAL_Black_20261007_104325,77.0,16008.0,216.0393,0.7800488312074935,2.394257601305949
TRIAL_Black_20261007_104325,78.0,16320.0,209.54319999999998,0.7359768504595231,2.4123777440898286
TRIAL_Black_20261007_104325,79.0,16555.0,202.41429999999997,0.6989086619792064,2.451390158588441
TRIAL_Black_20261007_104325,80.0,16724.0,194.743,0.6678437240140214,2.508310234556824
TRIAL_Black_20261007_104325,81.0,17065.9,190.72274999999996,0.635576610445461,2.469414305459422
TRIAL_Black_20261007_104325,82.0,17329.8,186.19849999999997,0.6029841508053897,2.4470518700584005
TRIAL_Black_20261007_104325,83.0,17502.7,181.08625,0.5700121207485557,2.4439785106364886
TRIAL_Black_20261007_104325,84.0,17676.8,176.70120000000003,0.5368137380514634,2.3890606530146474
TRIAL_Black_20261007_104325,85.0,17813.25,173.3815,0.5033944318717462,2.364467734266566
TRIAL_Black_20261007_104325,86.0,17889.3,171.66940000000002,0.4696518284718644,2.3953073174764916
TRIAL_Black_20261007_104325,87.0,17985.15,168.7913,0.4359295951598197,2.4877103834326357
TRIAL_Black_20261007_104325,88.0,18077.6,167.42079999999999,0.40164880400852443,2.529028944808444
TRIAL_Black_20261007_104325,89.0,18154.3,169.9194,0.36610292450116355,2.430222309755042
TRIAL_Black_20261007_104325,90.0,18249.0,164.988,0.33081240976438336,2.415516259233611
TRIAL_Black_20261007_104325,91.0,18390.350000000002,158.99354999999997,0.2958398078002712,2.415930756702798
TRIAL_Black_20261007_104325,92.0,18669.2,156.88559999999998,0.2616715503078052,2.3826464962754126
TRIAL_Black_20261007_104325,93.0,18669.05,152.8278,0.2268046045073807,2.303044032351344
TRIAL_Black_20261007_104325,94.0,18595.2,148.6172,0.19184743124186507,2.2245185941001084
TRIAL_Black_20261007_104325,95.0,18798.0,148.3325,0.15810191167113496,2.265139072263558
TRIAL_Black_20261007_104325,96.0,18798.8,149.083,0.11450548893483031,2.2500812808493094
TRIAL_Black_20261007_104325,97.0,18666.850000000002,150.48489999999998,0.06601461678903212,2.208687689787398
TRIAL_Black_20261007_104325,98.0,18456.9,151.93959999999998,0.0326721254711317,2.268851524786283
TRIAL_Black_20261007_104325,99.0,18402.0,149.99405000000002,0.011234134160865382,2.2780004028808616
TRIAL_Black_20261007_104325,100.0,18480.0,145.134,0.0,2.243422175057462
TRIAL_Black_20261007_104424,0.0,6643.0,9.0,0.0,0.09292430103318496
TRIAL_Black_20261007_104424,1.0,6702.15,8.5099,0.011792665872970318,0.09164364299244543
TRIAL_Black_20261007_104424,2.0,6684.8,9.0722,0.0268892562996303,0.06957624702073131
TRIAL_Black_20261007_104424,3.0,6578.2,10.8623,0.045840425372261545,0.023257656796213486
TRIAL_Black_20261007_104424,4.0,6570.0,12.8852,0.06492163603099835,0.03385510895053698
TRIAL_Black_20261007_104424,5.0,6570.0,13.768749999999999,0.08381152028818663,0.04738556839909566
TRIAL_Black_20261007_104424,6.0,6570.0,12.7983,0.10237794342474979,0.05802003386791846
TRIAL_Black_20261007_104424,7.000000000000001,6529.85,13.700050000000001,0.1210540557160727,0.08212463545641407
TRIAL_Black_20261007_104424,8.0,6514.8,15.192,0.139490607216741,0.09940134482053696
TRIAL_Black_20261007_104424,9.0,6572.65,17.246,0.15734327410239857,0.09580478644904603
TRIAL_Black_20261007_104424,10.0,6623.0,16.7655,0.17541215990362904,0.10690954448636328
TRIAL_Black_20261007_104424,11.0,6660.0,15.8812,0.1933050181612583,0.1168497503288127
TRIAL_Black_20261007_104424,12.0,6660.0,16.1854,0.21039489902464403,0.10820679911289444
TRIAL_Black_20261007_104424,13.0,6693.3,15.25345,0.22772740678860573,0.12140925950830514
TRIAL_Black_20261007_104424,14.000000000000002,6734.0,14.1133,0.24636185387071474,0.15756864651923636
TRIAL_Black_20261007_104424,15.0,6734.0,14.849749999999998,0.27156387922344843,0.2665912348656142
TRIAL_Black_20261007_104424,16.0,6697.6,13.761800000000001,0.2913292477095477,0.31903336794515536
TRIAL_Black_20261007_104424,17.0,6643.0,11.9275,0.307701578563272,0.33384177036544904
TRIAL_Black_20261007_104424,18.0,6643.0,14.819999999999997,0.32413238432825586,0.3213988193760522
TRIAL_Black_20261007_104424,19.0,6674.85,13.322450000000005,0.3408637132512208,0.2769347520732358
TRIAL_Black_20261007_104424,20.0,6734.0,8.062,0.3578526334524552,0.2050240136446311
TRIAL_Black_20261007_104424,21.0,6674.85,11.296399999999995,0.3739704597979947,0.27881870937809977
TRIAL_Black_20261007_104424,22.0,6670.3,11.047500000000005,0.389989019933778,0.2543345688642047
TRIAL_Black_20261007_104424,23.0,6729.45,6.734750000000001,0.4058917694915123,0.11519178606171748
TRIAL_Black_20261007_104424,24.0,6723.2,19.06959999999997,0.42301876517800624,0.18983050080331015
TRIAL_Black_20261007_104424,25.0,6757.5,32.77274999999998,0.44051001443448196,0.26428897637663523
TRIAL_Black_20261007_104424,26.0,6865.4,46.445499999999996,0.4584208365857603,0.3099548696081874
TRIAL_Black_20261007_104424,27.0,6891.9,54.0347,0.47657654265679267,0.37906885836651016
TRIAL_Black_20261007_104424,28.000000000000004,6848.599999999999,62.51680000000002,0.49513949210001995,0.4108355752897485
TRIAL_Black_20261007_104424,28.999999999999996,6681.55,75.49664999999996,0.5145185593453316,0.34897852786855055
TRIAL_Black_20261007_104424,30.0,6561.5,89.23849999999996,0.5345726824747584,0.3304629546980844
TRIAL_Black_20261007_104424,31.0,6455.85,102.92274999999998,0.5549155698845378,0.3533794551580788
TRIAL_Black_20261007_104424,32.0,6351.2,115.65299999999998,0.5755459490113773,0.47106139346887677
TRIAL_Black_20261007_104424,33.0,6176.8,129.9623,0.6047809677512398,0.5471632403835005
TRIAL_Black_20261007_104424,34.0,5985.6,144.4706,0.6362895338816317,0.5900354764269201
TRIAL_Black_20261007_104424,35.0,5872.5,156.2135,0.6592690471614349,0.5517850760915877
TRIAL_Black_20261007_104424,36.0,5829.0,165.73959999999997,0.6819870392714367,0.5387826330876935
TRIAL_Black_20261007_104424,37.0,5827.95,173.87849999999997,0.704593478599696,0.5450479617069798
TRIAL_Black_20261007_104424,38.0,5814.3,181.99699999999999,0.7278226933205559,0.5931668698186491
TRIAL_Black_20261007_104424,39.0,5862.25,188.35955,0.7509181040645697,0.6375483413364418
TRIAL_Black_20261007_104424,40.0,5963.0,193.217,0.7738988256855726,0.6787262957737688
TRIAL_Black_20261007_104424,41.0,6109.25,198.97275000000002,0.7963099878898505,0.6629362837635501
TRIAL_Black_20261007_104424,42.0,6263.599999999999,205.41459999999998,0.8179841010245813,0.6493954982633025
TRIAL_Black_20261007_104424,43.0,6427.4,212.65689999999998,0.838798323578174,0.638478810358021
TRIAL_Black_20261007_104424,44.0,6580.4,218.9656,0.8572891492883934,0.732680554391806
TRIAL_Black_20261007_104424,45.0,6763.0,225.41,0.8748206684882133,0.7999621676380304
TRIAL_Black_20261007_104424,46.0,6994.4,232.196,0.8911270835171768,0.810155780698948
TRIAL_Black_20261007_104424,47.0,7259.9,236.94205,0.905669747365172,0.8776589933122126
TRIAL_Black_20261007_104424,48.0,7498.4,241.1272,0.918785190531701,1.004615618283621
TRIAL_Black_20261007_104424,49.0,7662.2,244.88485,0.9294109217389641,1.2418975848803508
TRIAL_Black_20261007_104424,50.0,7839.5,247.425,0.9375220973998415,1.2948796921062913
TRIAL_Black_20261007_104424,51.0,8061.350000000001,249.13235,0.9446107783430335,1.3140735460892237
TRIAL_Black_20261007_104424,52.0,8418.2,249.2812,0.950805699106994,1.4049397486329214
TRIAL_Black_20261007_104424,53.0,8612.15,249.8859,0.9532599439643095,1.5341683981632621
TRIAL_Black_20261007_104424,54.0,8772.300000000003,250.7125,0.953548416287538,1.6594110376105955
TRIAL_Black_20261007_104424,55.00000000000001,9144.750000000002,251.64525,0.9510690141117533,1.6689557511895983
TRIAL_Black_20261007_104424,56.00000000000001,9409.6,251.91119999999998,0.9475000389144673,1.6702504314307056
TRIAL_Black_20261007_104424,57.00000000000001,9607.400000000001,251.61449999999996,0.9431520356485011,1.6692134675349255
TRIAL_Black_20261007_104424,57.99999999999999,9807.599999999999,249.567,0.9376274932196332,1.7020720240307057
TRIAL_Black_20261007_104424,59.0,10041.4,248.54255,0.9313103346010173,1.674406519305406
TRIAL_Black_20261007_104424,60.0,10304.0,248.395,0.924313790676903,1.594863247819179
TRIAL_Black_20261007_104424,61.0,10571.8,241.97365000000002,0.916061799595267,1.6321934403751026
TRIAL_Black_20261007_104424,62.0,10807.199999999999,237.93009999999998,0.9070680134510589,1.7172890741338978
TRIAL_Black_20261007_104424,63.0,11004.800000000001,236.66064999999998,0.8972087997338499,1.8581110559627108
TRIAL_Black_20261007_104424,64.0,11275.6,234.3532,0.8865940204036266,1.7670325334316186
TRIAL_Black_20261007_104424,65.0,11524.5,231.838,0.8752708715910773,1.723594481184977
TRIAL_Black_20261007_104424,66.0,11728.6,229.12879999999998,0.8629150736885416,1.7873012486414428
TRIAL_Black_20261007_104424,67.0,11947.0,225.78709999999998,0.849781208211891,1.8033273999214572
TRIAL_Black_20261007_104424,68.0,12189.2,222.1318,0.8364361167209717,1.828518778956081
TRIAL_Black_20261007_104424,69.0,12479.100000000002,218.02964999999998,0.8229340670691767,1.8938376270562147
TRIAL_Black_20261007_104424,70.0,12721.000000000002,210.60149999999996,0.7962178466535754,1.9962712438438244
TRIAL_Black_20261007_104424,71.0,12980.899999999998,202.63905000000005,0.7681545218968306,2.0686745856594264
TRIAL_Black_20261007_104424,72.0,13348.8,196.22160000000002,0.748815020100079,2.003862242214195
TRIAL_Black_20261007_104424,73.0,13663.599999999999,188.25705000000005,0.7287202917845682,2.003078619956174
TRIAL_Black_20261007_104424,74.0,13968.699999999999,179.76130000000003,0.7082294509938981,2.0472569574278814
TRIAL_Black_20261007_104424,75.0,14350.25,172.12574999999998,0.6874061008579301,2.182211421622143
TRIAL_Black_20261007_104424,76.0,14540.6,168.5538,0.6650918460876957,2.2716574271446444
TRIAL_Black_20261007_104424,77.0,14618.199999999999,167.2863,0.6417883066986011,2.3149430240283277
TRIAL_Black_20261007_104424,78.0,14776.800000000001,163.19519999999997,0.6177951366401816,2.1456171572843914
TRIAL_Black_20261007_104424,79.0,15013.800000000001,155.78259999999997,0.5933908855909461,2.0801548196697603
TRIAL_Black_20261007_104424,80.0,15318.0,145.523,0.5686342794067256,2.1037183641659607
TRIAL_Black_20261007_104424,81.0,15318.0,144.89315,0.5427104707916846,2.222146141791195
TRIAL_Black_20261007_104424,82.0,15434.7,144.99200000000002,0.5167921430590032,2.2465976510498913
TRIAL_Black_20261007_104424,83.0,15687.550000000001,145.941,0.4908802096890752,2.161410180547629
TRIAL_Black_20261007_104424,84.0,15707.0,144.18880000000001,0.4643667887349953,2.1227269385233605
TRIAL_Black_20261007_104424,85.0,15798.75,142.238,0.43753309783561206,2.121985226624446
TRIAL_Black_20261007_104424,86.0,16037.3,140.3296,0.41026717336829754,2.175749399129032
TRIAL_Black_20261007_104424,87.0,16199.4,140.1515,0.38342229812028883,2.1558306126792113
TRIAL_Black_20261007_104424,88.0,16279.2,140.9092,0.35240171819255345,2.1326738677777195
TRIAL_Black_20261007_104424,89.0,16205.1,143.0646,0.3118135553275354,2.1323747450231374
TRIAL_Black_20261007_104424,90.0,16117.0,142.79149999999998,0.282087737198498,2.0670804937192218
TRIAL_Black_20261007_104424,91.0,16105.85,141.08694999999997,0.25538955155845494,2.0331478307533986
TRIAL_Black_20261007_104424,92.0,16365.2,137.0394,0.2279211294790789,2.1687489241305453
TRIAL_Black_20261007_104424,93.0,16445.0,137.72675,0.20073594758115612,2.24644849053135
TRIAL_Black_20261007_104424,94.0,16482.5,139.36349999999996,0.17350609037586498,2.273443426440406
TRIAL_Black_20261007_104424,95.0,16726.25,134.64775,0.1453381540920508,2.1630999605870165
TRIAL_Black_20261007_104424,96.0,16808.0,134.41279999999998,0.11774600871299726,2.1223004661113394
TRIAL_Black_20261007_104424,97.0,16790.0,136.7084,0.08984864797317965,2.12284649911779
TRIAL_Black_20261007_104424,98.0,16790.0,135.7646,0.0539702711184938,2.0979590765769323
TRIAL_Black_20261007_104424,99.0,16738.9,137.39434999999997,0.02431716317061516,2.0605538850156484
TRIAL_Black_20261007_104424,100.0,16644.0,141.23,0.0,2.0124191771511426
TRIAL_Black_20261007_104512,0.0,6992.0,22.361,0.0,0.12497710369283191
TRIAL_Black_20261007_104512,1.0,6992.0,20.70636,0.028526062556275957,0.11449538149713859
TRIAL_Black_20261007_104512,2.0,6955.52,21.51556,0.05625643987816663,0.13085549526070983
TRIAL_Black_20261007_104512,3.0,6932.72,22.296219999999998,0.08331200502174185,0.13877579211852226
TRIAL_Black_20261007_104512,4.0,6988.96,19.85496,0.10979127777877688,0.0923817469179068
TRIAL_Black_20261007_104512,5.0,6992.0,21.269299999999998,0.13644419116534254,0.08511687147827787
TRIAL_Black_20261007_104512,6.0,7032.48,22.1696,0.16331189557807127,0.0684104482686591
TRIAL_Black_20261007_104512,7.000000000000001,7067.44,22.472,0.19032918712787686,0.05738742127270955
TRIAL_Black_20261007_104512,8.0,6999.36,22.472,0.21737729090273059,0.08881652662665734
TRIAL_Black_20261007_104512,9.0,6941.84,18.302780000000006,0.24426746371052463,0.09642785932309023
TRIAL_Black_20261007_104512,10.0,6879.6,17.4182,0.2711253576063741,0.10336674269910084
TRIAL_Black_20261007_104512,11.0,6848.38,19.0015,0.2980221394427154,0.10728851356214704
TRIAL_Black_20261007_104512,12.0,6971.96,17.355000000000004,0.32513343559441726,0.09021250046083852
TRIAL_Black_20261007_104512,13.0,6888.46,16.29626,0.3509405119820809,0.25297140319087685
TRIAL_Black_20261007_104512,14.000000000000002,6852.0,15.934840000000001,0.37610322504745386,0.3176180798596156
TRIAL_Black_20261007_104512,15.0,6916.8,15.981700000000004,0.4008707883130406,0.250781938549027
TRIAL_Black_20261007_104512,16.0,7041.12,14.699280000000002,0.4257571226805429,0.24039734272849422
TRIAL_Black_20261007_104512,17.0,7014.06,21.67432,0.45925527661445886,0.21606241530617798
TRIAL_Black_20261007_104512,18.0,6975.0,24.709680000000006,0.4903615024848648,0.19023743294570153
TRIAL_Black_20261007_104512,19.0,6969.42,19.607240000000004,0.5151908160795912,0.17526107129922813
TRIAL_Black_20261007_104512,20.0,6900.6,14.763200000000001,0.5397998766464931,0.24815584745754873
TRIAL_Black_20261007_104512,21.0,6982.44,7.396280000000017,0.5651515026701448,0.30095963546394255
TRIAL_Black_20261007_104512,22.0,7068.0,7.776359999999984,0.5911968116465742,0.33738224481916046
TRIAL_Black_20261007_104512,23.0,7066.48,22.28026,0.6179648036773121,0.35712313289726594
TRIAL_Black_20261007_104512,24.0,7010.24,31.798879999999983,0.6459887134133901,0.30506345189810624
TRIAL_Black_20261007_104512,25.0,6908.5,41.743,0.674479492650948,0.2971764897269877
TRIAL_Black_20261007_104512,26.0,6781.32,49.87368000000001,0.7034010879567125,0.3196245444296299
TRIAL_Black_20261007_104512,27.0,6646.64,53.80086,0.7327533472364283,0.36109783212456503
TRIAL_Black_20261007_104512,28.000000000000004,6577.48,59.62380000000002,0.7626889673085202,0.3688898710278519
TRIAL_Black_20261007_104512,28.999999999999996,6552.0,65.87567999999999,0.7927115190645232,0.33338686887109964
TRIAL_Black_20261007_104512,30.0,6533.8,72.5152,0.8229556130681707,0.3017147219868749
TRIAL_Black_20261007_104512,31.0,6466.46,79.58294000000001,0.8536816324961165,0.35000272089666085
TRIAL_Black_20261007_104512,32.0,6399.12,89.11976,0.8833751359087145,0.38637185452897177
TRIAL_Black_20261007_104512,33.0,6370.0,97.96304,0.9197927073240746,0.4358486921883871
TRIAL_Black_20261007_104512,34.0,6395.92,106.05400000000002,0.9578266501428434,0.4984647860878574
TRIAL_Black_20261007_104512,35.0,6515.8,113.93500000000002,0.9828970823128101,0.5696038562668673
TRIAL_Black_20261007_104512,36.0,6577.44,125.18879999999997,1.0077061263455585,0.6542376898746666
TRIAL_Black_20261007_104512,37.0,6603.0,135.87596,1.0320346850186466,0.7484128294493521
TRIAL_Black_20261007_104512,38.0,6642.839999999999,145.51743999999997,1.0553804664676003,0.8453544649709298
TRIAL_Black_20261007_104512,39.0,6888.52,155.10932000000003,1.0758005046486734,0.9202083116297434
TRIAL_Black_20261007_104512,40.0,7036.400000000001,166.68060000000003,1.09349452146742,0.9172649757510829
TRIAL_Black_20261007_104512,41.0,7162.14,176.98382,1.109939747339216,0.9069791707805305
TRIAL_Black_20261007_104512,42.0,7273.16,185.53016,1.1255722969808597,0.9172662045679304
TRIAL_Black_20261007_104512,43.0,7256.14,196.37263999999996,1.1404472491235902,0.9923565623713481
TRIAL_Black_20261007_104512,44.0,7319.2,203.52248,1.1541883504377712,0.944136867600348
TRIAL_Black_20261007_104512,45.0,7477.0,209.50400000000002,1.1676259037067895,0.8840682683362054
TRIAL_Black_20261007_104512,46.0,7725.96,215.33059999999998,1.1811264883429782,0.8699466821562548
TRIAL_Black_20261007_104512,47.0,7799.22,217.96869999999998,1.1941669190616242,0.9467117732013608
TRIAL_Black_20261007_104512,48.0,7955.679999999999,221.15696,1.2069990453343655,0.9697836558338595
TRIAL_Black_20261007_104512,49.0,8169.44,224.94042,1.220993459516019,1.005075325974499
TRIAL_Black_20261007_104512,50.0,8424.0,229.393,1.237296335321577,1.1048644944169377
TRIAL_Black_20261007_104512,51.0,8857.640000000001,229.68456,1.2470194526752674,1.0151144061521096
TRIAL_Black_20261007_104512,52.0,9102.160000000002,233.32316000000003,1.2567089162818428,1.0581466922739013
TRIAL_Black_20261007_104512,53.0,9311.780000000002,238.57938000000004,1.265922073482282,1.1988748592552587
TRIAL_Black_20261007_104512,54.0,9681.04,243.37384,1.2740525025353582,1.400518886515751
TRIAL_Black_20261007_104512,55.00000000000001,10123.100000000002,245.07080000000002,1.2797035154082035,1.6183849594819115
TRIAL_Black_20261007_104512,56.00000000000001,10535.440000000002,249.13044000000005,1.2830185809827144,1.840877380661634
TRIAL_Black_20261007_104512,57.00000000000001,10926.840000000004,253.60102,1.2838634943819491,2.071933325860965
TRIAL_Black_20261007_104512,57.99999999999999,11324.960000000001,253.96288,1.2816779943317127,2.3217841884507906
TRIAL_Black_20261007_104512,59.0,11797.659999999998,258.39958,1.2754449791620674,2.1376203569662993
TRIAL_Black_20261007_104512,60.0,12229.799999999997,261.5534,1.267385701798059,2.038233213688534
TRIAL_Black_20261007_104512,61.0,12671.16,262.6123,1.2576828406405536,2.0812353856706283
TRIAL_Black_20261007_104512,62.0,13332.720000000001,261.1656,1.245801646750646,2.2340052640844092
TRIAL_Black_20261007_104512,63.0,13716.520000000002,260.34634,1.2315076239813798,2.251693433887414
TRIAL_Black_20261007_104512,64.0,14019.2,259.4318,1.2156491017936577,2.293892641598696
TRIAL_Black_20261007_104512,65.0,14291.0,257.6574,1.1968174579300919,2.3715125480745174
TRIAL_Black_20261007_104512,66.0,14550.0,251.84395999999998,1.1663720594583873,2.3336162830923857
TRIAL_Black_20261007_104512,67.0,14811.320000000002,248.21015999999997,1.1423474166881558,2.3031367130875786
TRIAL_Black_20261007_104512,68.0,15110.080000000002,244.69251999999997,1.119315113262408,2.31025025472122
TRIAL_Black_20261007_104512,69.0,15452.460000000003,240.65107999999998,1.095178128742544,2.375104786392602
TRIAL_Black_20261007_104512,70.0,15741.800000000001,237.8894,1.0701076163197674,2.5655936937537493
TRIAL_Black_20261007_104512,71.0,15942.039999999999,233.03306000000003,1.0430931383149622,2.536783201027909
TRIAL_Black_20261007_104512,72.0,16189.919999999998,226.41140000000004,1.0148789747461788,2.500532349562683
TRIAL_Black_20261007_104512,73.0,16568.1,218.27174,0.9858592772673097,2.5825621421591283
TRIAL_Black_20261007_104512,74.0,16867.8,214.00712,0.9562110877266673,2.559038050228162
TRIAL_Black_20261007_104512,75.0,17023.5,208.63,0.92556746774118,2.5829371888084487
TRIAL_Black_20261007_104512,76.0,17145.36,201.42792000000003,0.8942157806689404,2.6317916902020224
TRIAL_Black_20261007_104512,77.0,17340.72,191.53634,0.8623843842774773,2.685213300278692
TRIAL_Black_20261007_104512,78.0,17537.52,184.03444,0.8289846060071993,2.7551384312838123
TRIAL_Black_20261007_104512,79.0,17790.480000000003,176.28749999999997,0.7949746442803618,2.761457260645636
TRIAL_Black_20261007_104512,80.0,18030.0,168.51479999999995,0.7600901453319533,2.768138527473196
TRIAL_Black_20261007_104512,81.0,18141.0,161.18436,0.7237756190890073,2.8810873710709113
TRIAL_Black_20261007_104512,82.0,18417.920000000002,156.12851999999998,0.6691675334421331,2.8520384807087744
TRIAL_Black_20261007_104512,83.0,18556.18,152.93321999999998,0.623549468710645,2.8220955107784014
TRIAL_Black_20261007_104512,84.0,18592.68,150.70848,0.5858270110389528,2.76727802021207
TRIAL_Black_20261007_104512,85.0,18683.7,147.4177,0.5474384530746716,2.5901552651688866
TRIAL_Black_20261007_104512,86.0,19149.12,140.55060000000003,0.5097489361381478,2.618970690353976
TRIAL_Black_20261007_104512,87.0,19499.76,133.75626000000003,0.47224901907560735,2.649963846198769
TRIAL_Black_20261007_104512,88.0,19659.48,127.63788000000001,0.4349200146820682,2.662718160796126
TRIAL_Black_20261007_104512,89.0,19680.94,121.92063999999999,0.3980806460075348,2.7280811059706593
TRIAL_Black_20261007_104512,90.0,19761.2,117.29659999999998,0.36140514179280625,2.6601081574700776
TRIAL_Black_20261007_104512,91.0,19716.12,115.43310000000001,0.32447802608481824,2.5721125473706143
TRIAL_Black_20261007_104512,92.0,19540.079999999998,116.4548,0.28734984316994516,2.5088721054748913
TRIAL_Black_20261007_104512,93.0,19633.32,116.9617,0.25137607215652363,2.5422328163966994
TRIAL_Black_20261007_104512,94.0,19585.44,119.06404,0.2161123255105753,2.513335598099213
TRIAL_Black_20261007_104512,95.0,19530.0,119.97039999999998,0.1816195408737478,2.4576945435736337
TRIAL_Black_20261007_104512,96.0,19530.0,118.39479999999999,0.14790615438381116,2.3982493273523344
TRIAL_Black_20261007_104512,97.0,19530.0,117.2441,0.11390191159534244,2.445028495251098
TRIAL_Black_20261007_104512,98.0,19610.6,119.05895999999998,0.06894358656464669,2.4489355968346116
TRIAL_Black_20261007_104512,99.0,19677.46,121.13996,0.02721373672622141,2.4348528452992784
TRIAL_Black_20261007_104512,100.0,19656.0,121.396,0.0,2.4210439315185783
TRIAL_Black_20261007_104705,0.0,6020.0,16.492,0.0,0.13574616600700126
TRIAL_Black_20261007_104705,1.0,6020.0,15.715250000000001,0.005998771683984755,0.0987770213624235
TRIAL_Black_20261007_104705,2.0,6020.0,15.2478,0.01643056534883317,0.07690063291664014
TRIAL_Black_20261007_104705,3.0,6020.0,15.1412,0.03203421799135585,0.0726324600361169
TRIAL_Black_20261007_104705,4.0,6020.0,12.5152,0.0547434660568337,0.05176941426944094
TRIAL_Black_20261007_104705,5.0,6037.5,11.657,0.07489154818756594,0.042324102760429985
TRIAL_Black_20261007_104705,6.0,6083.0,13.963199999999999,0.08999435209964446,0.05335981578183673
TRIAL_Black_20261007_104705,7.000000000000001,6051.5,13.5931,0.10573235438249053,0.03142430434300282
TRIAL_Black_20261007_104705,8.0,6020.0,12.6804,0.12145427832813399,0.024768671372750066
TRIAL_Black_20261007_104705,9.0,6020.0,11.6417,0.1368801721361213,0.0659809931450852
TRIAL_Black_20261007_104705,10.0,6055.0,12.981,0.15276895795643863,0.06219396087306407
TRIAL_Black_20261007_104705,11.0,6079.5,14.645950000000001,0.1686889559618955,0.048602828373010984
TRIAL_Black_20261007_104705,12.0,6034.0,15.0184,0.18425010257215424,0.047330715823874374
TRIAL_Black_20261007_104705,13.0,6020.0,14.0152,0.20021458608171694,0.06028695175270156
TRIAL_Black_20261007_104705,14.000000000000002,6020.0,12.5924,0.2162867922714331,0.08039117039322169
TRIAL_Black_20261007_104705,15.0,6020.0,12.2245,0.23196553855924995,0.10502888655747461
TRIAL_Black_20261007_104705,16.0,5985.6,10.937800000000001,0.24769108274754723,0.12083492901820377
TRIAL_Black_20261007_104705,17.0,5939.05,9.2062,0.2634395903984249,0.1301565484783197
TRIAL_Black_20261007_104705,18.0,6004.7,9.026800000000001,0.2791126753466651,0.12790264470750645
TRIAL_Black_20261007_104705,19.0,6029.75,7.698350000000002,0.2950579740223709,0.21836507074683165
TRIAL_Black_20261007_104705,20.0,6020.0,5.385,0.3112365987501899,0.3882986366234188
TRIAL_Black_20261007_104705,21.0,5852.3,6.4347499999999975,0.3275695415605103,0.3565266668693438
TRIAL_Black_20261007_104705,22.0,5767.4,8.253999999999998,0.3470318096146057,0.32373702596654647
TRIAL_Black_20261007_104705,23.0,5779.1,10.971,0.37014495711977186,0.2897601020569065
TRIAL_Black_20261007_104705,24.0,6018.2,16.709599999999988,0.3879977955769452,0.33255887598576295
TRIAL_Black_20261007_104705,25.0,6141.5,21.566999999999997,0.40560053568169313,0.3945503841150514
TRIAL_Black_20261007_104705,26.0,6049.2,24.611599999999996,0.4235044929622927,0.4770135072532312
TRIAL_Black_20261007_104705,27.0,5903.55,27.3493,0.4431041919636051,0.46352068072748626
TRIAL_Black_20261007_104705,28.000000000000004,5796.0,33.084800000000016,0.4631143112842216,0.47425723913235596
TRIAL_Black_20261007_104705,28.999999999999996,5796.0,45.69089999999996,0.4833541638011622,0.5787646203118044
TRIAL_Black_20261007_104705,30.0,5761.5,54.40399999999998,0.5047636928497817,0.6145035792589963
TRIAL_Black_20261007_104705,31.0,5702.1,62.21274999999998,0.526851209412493,0.6335329312729499
TRIAL_Black_20261007_104705,32.0,5594.2,70.89999999999998,0.5500290078238308,0.6656320157417005
TRIAL_Black_20261007_104705,33.0,5591.15,80.5453,0.574304235904777,0.6193693076434413
TRIAL_Black_20261007_104705,34.0,5634.7,91.0731,0.5989806354028097,0.5512471451540395
TRIAL_Black_20261007_104705,35.0,5678.25,104.11275000000002,0.6231808718357759,0.5544490320104881
TRIAL_Black_20261007_104705,36.0,5756.2,114.67039999999997,0.6479450820682309,0.5565127207502593
TRIAL_Black_20261007_104705,37.0,5855.75,123.92739999999996,0.6729805432731107,0.555702612502585
TRIAL_Black_20261007_104705,38.0,5956.5,136.1916,0.6970412126509207,0.5289434262806468
TRIAL_Black_20261007_104705,39.0,6113.599999999999,149.2034,0.7204590287642509,0.4963540016238608
TRIAL_Black_20261007_104705,40.0,6319.0,162.856,0.7433258277937415,0.4587672297372052
TRIAL_Black_20261007_104705,41.0,6577.05,167.6218,0.7746771252301299,0.4245227205769134
TRIAL_Black_20261007_104705,42.0,6765.799999999999,173.11569999999998,0.8000558290871611,0.4178435826925004
TRIAL_Black_20261007_104705,43.0,6873.7,179.45905,0.8184665071016091,0.4433240446299461
TRIAL_Black_20261007_104705,44.0,7095.599999999999,186.01839999999999,0.8342545654232694,0.5982682587838946
TRIAL_Black_20261007_104705,45.0,7300.5,192.85975,0.8489607987642902,0.7241201187091124
TRIAL_Black_20261007_104705,46.0,7463.0,200.1235,0.8622857947619927,0.7861623782394933
TRIAL_Black_20261007_104705,47.0,7584.25,206.82845,0.8743251506641023,0.7183307789734605
TRIAL_Black_20261007_104705,48.0,7717.999999999999,213.31099999999998,0.885757330043759,0.669387098629103
TRIAL_Black_20261007_104705,49.0,7896.749999999999,219.52175,0.8963493059233667,0.7160714508206842
TRIAL_Black_20261007_104705,50.0,8069.0,223.7425,0.9051434288388358,0.8095329910114362
TRIAL_Black_20261007_104705,51.0,8257.75,227.62875000000003,0.912896052600638,0.8961161837796725
TRIAL_Black_20261007_104705,52.0,8508.0,232.39,0.918974865481022,0.9129943638070208
TRIAL_Black_20261007_104705,53.0,8746.550000000001,236.83175,0.9244774730230508,0.9478593214530178
TRIAL_Black_20261007_104705,54.0,8973.6,241.37090000000003,0.9293626733651937,0.9897073106131904
TRIAL_Black_20261007_104705,55.00000000000001,9166.0,247.22675000000004,0.9322606360461666,1.025994294477966
TRIAL_Black_20261007_104705,56.00000000000001,9353.2,251.90660000000003,0.9334004392702081,1.1698256335258996
TRIAL_Black_20261007_104705,57.00000000000001,9552.850000000004,255.67505000000003,0.9332534881597507,1.3537291886011034
TRIAL_Black_20261007_104705,57.99999999999999,9940.899999999998,257.3267,0.9308516809622901,1.211916672129909
TRIAL_Black_20261007_104705,59.0,10301.999999999998,259.3945,0.9264739414548895,1.2019388215152338
TRIAL_Black_20261007_104705,60.0,10640.0,261.819,0.920402545681826,1.3049621130632936
TRIAL_Black_20261007_104705,61.0,10775.199999999999,260.54305,0.9148550124190062,1.2406513225828244
TRIAL_Black_20261007_104705,62.0,10974.599999999999,258.8027,0.9088410123212093,1.2432663903974128
TRIAL_Black_20261007_104705,63.0,11248.900000000001,256.52055,0.902282800915939,1.323961626222903
TRIAL_Black_20261007_104705,64.0,11457.8,253.07080000000002,0.8949350457909779,1.33569163256984
TRIAL_Black_20261007_104705,65.0,11721.75,249.85975000000002,0.8871582542385641,1.3218326240230276
TRIAL_Black_20261007_104705,66.0,12082.500000000002,247.1863,0.8788002768981842,1.2762265555766892
TRIAL_Black_20261007_104705,67.0,12440.500000000002,242.25125,0.8693809702670048,1.5152660644664815
TRIAL_Black_20261007_104705,68.0,12804.0,235.7916,0.859048883032099,1.7153246891659761
TRIAL_Black_20261007_104705,69.0,13181.000000000002,226.82679999999996,0.8470972196032275,1.7112304064361623
TRIAL_Black_20261007_104705,70.0,13555.500000000002,219.37999999999997,0.8335322326407211,1.6763430227371814
TRIAL_Black_20261007_104705,71.0,13931.049999999997,211.80855000000008,0.8193352261273222,1.6441763925401247
TRIAL_Black_20261007_104705,72.0,14312.599999999999,202.30360000000002,0.8046448113112495,1.6518720416519816
TRIAL_Black_20261007_104705,73.0,14648.699999999999,193.17215000000002,0.7889873696848559,1.8016027385479076
TRIAL_Black_20261007_104705,74.0,14978.799999999997,184.53850000000003,0.7724413010082126,2.0078422022421094
TRIAL_Black_20261007_104705,75.0,15387.0,177.72975,0.7533716268693145,2.1776830998546575
TRIAL_Black_20261007_104705,76.0,15792.8,169.4854,0.7331252317185367,2.2173946537291624
TRIAL_Black_20261007_104705,77.0,16192.599999999999,160.80505,0.7110305163440018,2.184316352534627
TRIAL_Black_20261007_104705,78.0,16538.4,157.6597,0.6755813658734796,2.253729868546931
TRIAL_Black_20261007_104705,79.0,16794.600000000002,155.6935,0.6453026992637866,2.3268537807199214
TRIAL_Black_20261007_104705,80.0,16974.0,154.738,0.6194558759633756,2.403158032459214
TRIAL_Black_20261007_104705,81.0,17466.7,154.738,0.591611312441335,2.410022849887041
TRIAL_Black_20261007_104705,82.0,17737.4,151.56339999999997,0.5629696005831965,2.436523537642812
TRIAL_Black_20261007_104705,83.0,17749.1,144.68509999999998,0.5333978823329436,2.4859327407811826
TRIAL_Black_20261007_104705,84.0,17825.0,143.4456,0.5030277208520038,2.431280958979696
TRIAL_Black_20261007_104705,85.0,18000.0,141.01600000000002,0.4721851570295976,2.371401930236133
TRIAL_Black_20261007_104705,86.0,18325.0,135.93040000000002,0.440693208558271,2.3170341043772282
TRIAL_Black_20261007_104705,87.0,18525.149999999998,134.3296,0.4087049837280572,2.333347264068689
TRIAL_Black_20261007_104705,88.0,18652.2,132.673,0.3768689927781743,2.3086539310630925
TRIAL_Black_20261007_104705,89.0,18665.85,129.46525,0.3455785502058535,2.162781040854875
TRIAL_Black_20261007_104705,90.0,18459.5,125.11,0.3140694697753922,2.1115845003656073
TRIAL_Black_20261007_104705,91.0,18287.5,122.85190000000001,0.28080739327731397,2.076460079683251
TRIAL_Black_20261007_104705,92.0,18450.0,128.7318,0.24192063441198625,2.0002330419716468
TRIAL_Black_20261007_104705,93.0,18331.25,128.69375,0.20968495649657995,1.9723037769861727
TRIAL_Black_20261007_104705,94.0,18135.3,126.1609,0.18052760450176003,1.973603257544317
TRIAL_Black_20261007_104705,95.0,18202.25,124.37275,0.1520428471925793,2.017599616372929
TRIAL_Black_20261007_104705,96.0,18178.4,123.2874,0.11514839165620899,2.0418800131638752
TRIAL_Black_20261007_104705,97.0,18123.8,122.6965,0.07418416465971339,2.051815462235693
TRIAL_Black_20261007_104705,98.0,18381.199999999997,122.768,0.04745541684564536,2.0374812539604568
TRIAL_Black_20261007_104705,99.0,18404.8,121.75800000000001,0.02282739660544906,2.031366532851131
TRIAL_Black_20261007_104705,100.0,18228.0,119.821,0.0,2.032297086455443
TRIAL_Black_20261007_104756,0.0,7098.0,13.0,0.0,0.1458067561456066
TRIAL_Black_20261007_104756,1.0,6988.8,11.58105,0.007698936742483935,0.18149688270832212
TRIAL_Black_20261007_104756,2.0,6933.6,10.5266,0.02029829395487886,0.19544230981247984
TRIAL_Black_20261007_104756,3.0,6941.4,9.897400000000001,0.038614808382169935,0.18401892088165345
TRIAL_Black_20261007_104756,4.0,6995.4,10.9368,0.057506071449249754,0.1627327597967801
TRIAL_Black_20261007_104756,5.0,7031.0,10.20425,0.0762700110275814,0.15344858902533506
TRIAL_Black_20261007_104756,6.0,7031.0,6.414100000000003,0.09475359987194411,0.16468263904258157
TRIAL_Black_20261007_104756,7.000000000000001,7074.45,8.0409,0.113580748682805,0.2113241595520507
TRIAL_Black_20261007_104756,8.0,7076.4,8.8792,0.13475555497659067,0.22457316971625546
TRIAL_Black_20261007_104756,9.0,6967.2,5.727350000000002,0.16107204334793518,0.1482041573113425
TRIAL_Black_20261007_104756,10.0,7031.0,5.701499999999999,0.1810811515750613,0.12829844712848165
TRIAL_Black_20261007_104756,11.0,7081.6,6.584949999999999,0.1991495950050594,0.1268650452722907
TRIAL_Black_20261007_104756,12.0,6915.2,7.373399999999998,0.21705653592218277,0.130542702282947
TRIAL_Black_20261007_104756,13.0,6828.9,7.816699999999999,0.23486327863549744,0.14392336642913856
TRIAL_Black_20261007_104756,14.000000000000002,6794.7,7.765699999999998,0.25271725662459615,0.15959387101237307
TRIAL_Black_20261007_104756,15.0,6851.25,5.839750000000002,0.2710759575731506,0.16414003611247988
TRIAL_Black_20261007_104756,16.0,6775.8,6.2841999999999985,0.2891548591838356,0.18544554528541088
TRIAL_Black_20261007_104756,17.0,6626.1,8.008899999999999,0.30714525115349184,0.21824554260564522
TRIAL_Black_20261007_104756,18.0,6575.4,7.318600000000001,0.32617202246482463,0.26328431714733735
TRIAL_Black_20261007_104756,19.0,6524.7,7.02485,0.34482631787819756,0.26042798552682017
TRIAL_Black_20261007_104756,20.0,6474.0,7.071,0.3631613482361762,0.2165187057672661
TRIAL_Black_20261007_104756,21.0,6370.0,6.835050000000001,0.38060942902598754,0.1298027376476497
TRIAL_Black_20261007_104756,22.0,6267.8,6.8796,0.39822776040103847,0.1268502236163986
TRIAL_Black_20261007_104756,23.0,6167.7,7.2514,0.41604471745886895,0.2216217393549079
TRIAL_Black_20261007_104756,24.0,6206.2,6.1430000000000025,0.4344668469147226,0.24116990697739646
TRIAL_Black_20261007_104756,25.0,6257.25,10.74699999999998,0.45288036514571045,0.27576890849689784
TRIAL_Black_20261007_104756,26.0,6309.9,24.688199999999995,0.4711994157638434,0.34447902400042263
TRIAL_Black_20261007_104756,27.0,6403.8,39.908150000000006,0.4989203379519918,0.5185353733853619
TRIAL_Black_20261007_104756,28.000000000000004,6534.400000000001,52.08480000000001,0.5257769842656357,0.6360401668891157
TRIAL_Black_20261007_104756,28.999999999999996,6730.699999999999,56.89089999999998,0.5468427896739108,0.5832077730723513
TRIAL_Black_20261007_104756,30.0,6838.0,66.53649999999996,0.5689835034331978,0.5897574276309184
TRIAL_Black_20261007_104756,31.0,6900.0,77.85204999999998,0.5915417977357125,0.6136161527044527
TRIAL_Black_20261007_104756,32.0,6900.0,89.89459999999998,0.6144171188313072,0.6357897311192107
TRIAL_Black_20261007_104756,33.0,6858.6,102.80565,0.637035784084518,0.6601059605317549
TRIAL_Black_20261007_104756,34.0,6817.2,115.8396,0.6596508405502408,0.6694511608272106
TRIAL_Black_20261007_104756,35.0,6877.0,127.42650000000003,0.6828734296328294,0.5912181096507585
TRIAL_Black_20261007_104756,36.0,6960.0,137.67899999999997,0.7049655750279774,0.5122802274093614
TRIAL_Black_20261007_104756,37.0,7049.0,147.48434999999995,0.726242620221155,0.4400798834495789
TRIAL_Black_20261007_104756,38.0,7036.0,161.93189999999996,0.7462167906464895,0.4540162318562702
TRIAL_Black_20261007_104756,39.0,7123.099999999999,173.66379999999998,0.7652891938517795,0.5361082667961152
TRIAL_Black_20261007_104756,40.0,7296.0,183.068,0.7835886537256027,0.6766194616215209
TRIAL_Black_20261007_104756,41.0,7471.5,193.22750000000002,0.799756242312622,0.7123844550068644
TRIAL_Black_20261007_104756,42.0,7560.0,202.37359999999998,0.8151749779652842,0.7538051989144591
TRIAL_Black_20261007_104756,43.0,7547.0,210.33739999999997,0.8297200518611965,0.8018243184313473
TRIAL_Black_20261007_104756,44.0,7770.4,216.85519999999997,0.841192804180659,0.9098939931245144
TRIAL_Black_20261007_104756,45.0,7915.0,222.744,0.8526559298145134,1.0031570558275982
TRIAL_Black_20261007_104756,46.0,7902.0,227.8192,0.8645132956282553,1.0647227986563774
TRIAL_Black_20261007_104756,47.0,8010.0,231.8109,0.8710838570134158,1.095354506245405
TRIAL_Black_20261007_104756,48.0,8213.999999999998,236.18819999999997,0.8763134169225923,1.0984575241538985
TRIAL_Black_20261007_104756,49.0,8584.499999999998,241.87634999999997,0.8806885071406791,1.0522758228792697
TRIAL_Black_20261007_104756,50.0,8764.0,242.72449999999998,0.8842227345048974,1.128833861921968
TRIAL_Black_20261007_104756,51.0,8899.550000000001,242.7883,0.8872158540527041,1.2161175739307462
TRIAL_Black_20261007_104756,52.0,9079.6,245.07760000000002,0.8892461437330078,1.2164137888424624
TRIAL_Black_20261007_104756,53.0,9309.6,246.38455000000002,0.8905429450337645,1.2473545016945204
TRIAL_Black_20261007_104756,54.0,9582.700000000003,246.68089999999998,0.8912768569702519,1.3073562803898018
TRIAL_Black_20261007_104756,55.00000000000001,9970.750000000002,243.82025,0.8907078489977065,1.45228514847975
TRIAL_Black_20261007_104756,56.00000000000001,10366.000000000002,242.0056,0.8887683859857077,1.4286588081634866
TRIAL_Black_20261007_104756,57.00000000000001,10766.650000000003,240.9206,0.8859021746963243,1.3085437399197437
TRIAL_Black_20261007_104756,57.99999999999999,11178.099999999999,240.7464,0.8821933968742232,1.2947279995928187
TRIAL_Black_20261007_104756,59.0,11519.199999999999,239.27125,0.8777924920033138,1.3921457693507595
TRIAL_Black_20261007_104756,60.0,11800.0,236.681,0.8727983353762832,1.5849065477528737
TRIAL_Black_20261007_104756,61.0,12230.949999999999,231.66430000000003,0.8656459581571062,1.7423459263588872
TRIAL_Black_20261007_104756,62.0,12635.5,228.807,0.8573153399006296,1.8222922203239291
TRIAL_Black_20261007_104756,63.0,13009.25,228.46900000000002,0.8476101071006366,1.8118299155411692
TRIAL_Black_20261007_104756,64.0,13165.2,224.5676,0.8284756706458886,2.0792111121303782
TRIAL_Black_20261007_104756,65.0,13461.75,220.368,0.8098661210330906,2.2063147107605716
TRIAL_Black_20261007_104756,66.0,14012.300000000003,216.16639999999998,0.7933536175213804,2.0719283524734107
TRIAL_Black_20261007_104756,67.0,14298.85,212.3124,0.7753824915443797,1.9527875462396265
TRIAL_Black_20261007_104756,68.0,14535.2,207.23199999999997,0.7571887793134878,1.8926007952074617
TRIAL_Black_20261007_104756,69.0,14766.600000000002,199.24999999999994,0.7390909572016874,1.9588238516298315
TRIAL_Black_20261007_104756,70.0,14942.5,193.76849999999996,0.7127451024928434,2.156656707067633
TRIAL_Black_20261007_104756,71.0,15139.399999999998,188.18965000000006,0.6852695710669278,2.2987948756207603
TRIAL_Black_20261007_104756,72.0,15461.8,179.7858,0.6622764831811486,2.123674288876213
TRIAL_Black_20261007_104756,73.0,15613.65,172.63025000000002,0.6391792244735306,2.0388800871981148
TRIAL_Black_20261007_104756,74.0,15714.999999999998,166.01370000000003,0.6148409280857822,2.0047072609050276
TRIAL_Black_20261007_104756,75.0,15955.5,159.31025,0.5839315642440336,2.0281541690670695
TRIAL_Black_20261007_104756,76.0,16102.4,154.4868,0.5571975507284352,2.100351952238133
TRIAL_Black_20261007_104756,77.0,16191.55,151.02125,0.5330858763247137,2.198591790226853
TRIAL_Black_20261007_104756,78.0,16289.7,149.7505,0.5091271438173867,2.2437047234597935
TRIAL_Black_20261007_104756,79.0,16371.75,146.04269999999997,0.4843767392457566,2.18461153530734
TRIAL_Black_20261007_104756,80.0,16440.0,140.246,0.4589477586190096,2.036198814538836
TRIAL_Black_20261007_104756,81.0,16674.0,138.5742,0.4261656583689934,1.959244087344828
TRIAL_Black_20261007_104756,82.0,16878.3,134.69319999999996,0.3925773670381593,1.893358092903981
TRIAL_Black_20261007_104756,83.0,17047.95,128.23479999999998,0.3580485194463711,1.8403856200084887
TRIAL_Black_20261007_104756,84.0,17061.0,127.6414,0.3341303781785463,1.9266021952603225
TRIAL_Black_20261007_104756,85.0,17091.25,126.90875,0.3110802041560286,1.9695082998297757
TRIAL_Black_20261007_104756,86.0,17169.899999999998,125.1713,0.2880040168828075,1.9245591115544414
TRIAL_Black_20261007_104756,87.0,17193.0,122.3212,0.2652032874226027,1.9470255758969397
TRIAL_Black_20261007_104756,88.0,17173.8,120.3068,0.2427248081553461,1.9422545440358312
TRIAL_Black_20261007_104756,89.0,17082.15,120.6279,0.22085870453508005,1.84862001510022
TRIAL_Black_20261007_104756,90.0,17253.5,117.8425,0.19858514665099203,1.8461104666998338
TRIAL_Black_20261007_104756,91.0,17446.0,115.85765,0.17632101465257488,1.8669343358056665
TRIAL_Black_20261007_104756,92.0,17446.0,119.64779999999999,0.15449575653688247,1.874411282730334
TRIAL_Black_20261007_104756,93.0,17490.55,119.65074999999999,0.132949080715316,1.8643293752567311
TRIAL_Black_20261007_104756,94.0,17520.8,118.4415,0.11151659558614073,1.8404395600504921
TRIAL_Black_20261007_104756,95.0,17363.5,119.82275,0.09003118032392053,1.7835278963994186
TRIAL_Black_20261007_104756,96.0,17197.800000000003,117.25800000000004,0.06897442515872051,1.7487185926092361
TRIAL_Black_20261007_104756,97.0,17040.0,113.01324999999999,0.04825074820044634,1.7291167398467453
TRIAL_Black_20261007_104756,98.0,17040.0,118.20349999999998,0.02830905899763557,1.7262366004598801
TRIAL_Black_20261007_104756,99.0,17082.0,118.33835000000002,0.012418381587619855,1.70561586045007
TRIAL_Black_20261007_104756,100.0,17160.0,114.14,0.0,1.669788891334878
TRIAL_Black_20261007_104836,0.0,6734.0,13.038,0.0,0.06550276254543541
TRIAL_Black_20261007_104836,1.0,6678.5,11.337,0.008917165686376126,0.0603247253410769
TRIAL_Black_20261007_104836,2.0,6697.0,13.8995,0.04386612438457265,0.059752973379523
TRIAL_Black_20261007_104836,3.0,6734.0,15.533000000000001,0.08644067767669558,0.058827728894074116
TRIAL_Black_20261007_104836,4.0,6734.0,11.045,0.118234627144851,0.052589214118030636
TRIAL_Black_20261007_104836,5.0,6678.5,11.31275,0.14928362217484709,0.08032917679389225
TRIAL_Black_20261007_104836,6.0,6615.0,12.719,0.18067165332984852,0.09026187150493502
TRIAL_Black_20261007_104836,7.000000000000001,6633.75,13.453249999999999,0.2124936930765872,0.08685659414546346
TRIAL_Black_20261007_104836,8.0,6825.0,11.705,0.2448447138817948,0.07458264060978205
TRIAL_Black_20261007_104836,9.0,6756.75,11.47775,0.27603516985188636,0.07182400466128058
TRIAL_Black_20261007_104836,10.0,6734.0,10.849,0.3076408457291978,0.07225193261477132
TRIAL_Black_20261007_104836,11.0,6738.0,10.732499999999998,0.33906374289133145,0.0753857460464227
TRIAL_Black_20261007_104836,12.0,6750.0,12.042,0.36970586271589,0.08074476653240319
TRIAL_Black_20261007_104836,13.0,6738.0,12.072750000000001,0.4009725160665922,0.07710822566779608
TRIAL_Black_20261007_104836,14.000000000000002,6808.0,12.0625,0.43189435123594994,0.06324311682231716
TRIAL_Black_20261007_104836,15.0,6863.5,10.489250000000004,0.46285205346877106,0.1027360749597771
TRIAL_Black_20261007_104836,16.0,6808.0,5.831,0.4942263080098635,0.2591737350439869
TRIAL_Black_20261007_104836,17.0,6820.75,6.2015,0.5262490731957646,0.11239097623723893
TRIAL_Black_20261007_104836,18.0,6742.5,8.382499999999995,0.5685108208365146,0.2105570038909229
TRIAL_Black_20261007_104836,19.0,6623.0,10.591249999999999,0.6104761657216753,0.30781230348578287
TRIAL_Black_20261007_104836,20.0,6512.0,11.045,0.6416097226408081,0.15829736050256113
TRIAL_Black_20261007_104836,21.0,6465.5,8.064500000000006,0.6711803706278304,0.2581814612731938
TRIAL_Black_20261007_104836,22.0,6333.0,9.058,0.7012272731588731,0.2866210276550234
TRIAL_Black_20261007_104836,23.0,6160.5,13.027250000000013,0.7315824062289463,0.28858819416733744
TRIAL_Black_20261007_104836,24.0,5994.0,18.974,0.7620777458330601,0.3090550953294241
TRIAL_Black_20261007_104836,25.0,5933.25,33.25324999999998,0.7921801383578877,0.3709220030106204
TRIAL_Black_20261007_104836,26.0,5908.5,45.6195,0.8240823491806011,0.38616897018239726
TRIAL_Black_20261007_104836,27.0,5954.5,58.502000000000024,0.8567482444531321,0.3905134263995311
TRIAL_Black_20261007_104836,28.000000000000004,6106.0,74.33,0.8891416903274127,0.41967280121679845
TRIAL_Black_20261007_104836,28.999999999999996,6548.499999999999,90.11974999999995,0.9248811902188736,0.5206987806859674
TRIAL_Black_20261007_104836,30.0,6543.0,104.51599999999999,0.9603229248385434,0.5439034768591735
TRIAL_Black_20261007_104836,31.0,6385.0,120.11950000000003,0.9964429142290714,0.5020847865069726
TRIAL_Black_20261007_104836,32.0,6370.0,139.531,1.034217178433107,0.4080406063999222
TRIAL_Black_20261007_104836,33.0,6684.250000000001,154.05925000000002,1.0712924437307099,0.423321315452652
TRIAL_Black_20261007_104836,34.0,6909.500000000001,169.23550000000003,1.120566319337544,0.4210126594050574
TRIAL_Black_20261007_104836,35.0,7077.5,182.20100000000002,1.169590627794194,0.39392929622729606
TRIAL_Black_20261007_104836,36.0,7220.0,190.097,1.2059171916412454,0.334885883889526
TRIAL_Black_20261007_104836,37.0,7670.749999999999,200.9885,1.2397110740274278,0.6398223527126006
TRIAL_Black_20261007_104836,38.0,8102.0,210.6895,1.271454267967169,0.7366536225380135
TRIAL_Black_20261007_104836,39.0,8523.25,220.30275,1.3014303967969925,0.7242016972209162
TRIAL_Black_20261007_104836,40.0,8944.0,230.931,1.3299230838534215,0.7012885806164618
TRIAL_Black_20261007_104836,41.0,9298.000000000002,237.81525000000002,1.356763735010594,0.9036486254398337
TRIAL_Black_20261007_104836,42.0,9568.0,244.85299999999998,1.3818953501838027,1.0305245253024005
TRIAL_Black_20261007_104836,43.0,9870.749999999998,251.24575,1.405240858354674,1.1365834719730568
TRIAL_Black_20261007_104836,44.0,10323.0,256.195,1.4267231885048337,1.276492657220695
TRIAL_Black_20261007_104836,45.0,10716.750000000002,256.45000000000005,1.4451474400896411,1.397666869855792
TRIAL_Black_20261007_104836,46.0,11166.000000000002,258.591,1.461566664677356,1.4551028253168519
TRIAL_Black_20261007_104836,47.0,11677.250000000002,261.20525,1.4754212385949537,1.5821868844172748
TRIAL_Black_20261007_104836,48.0,12257.0,262.88,1.4861515381694088,1.9123054079704556
TRIAL_Black_20261007_104836,49.0,12580.25,263.12975,1.4920004823621913,2.029404605359945
TRIAL_Black_20261007_104836,50.0,13084.999999999998,261.99800000000005,1.4952170730809877,2.1319813678827497
TRIAL_Black_20261007_104836,51.0,13723.499999999998,259.6535,1.494968069479378,2.2458990064036684
TRIAL_Black_20261007_104836,52.0,14448.0,256.265,1.4904202307109424,2.3970208317875
TRIAL_Black_20261007_104836,53.0,15183.000000000002,251.80624999999998,1.481225482690758,2.497257622276351
TRIAL_Black_20261007_104836,54.0,15806.000000000004,250.389,1.4688417942510246,2.7252856897921562
TRIAL_Black_20261007_104836,55.00000000000001,16412.250000000004,249.71525,1.4535163414107388,2.9629762772358976
TRIAL_Black_20261007_104836,56.00000000000001,17097.0,247.487,1.4354963001888985,3.092200627508563
TRIAL_Black_20261007_104836,57.00000000000001,17799.750000000004,244.11425,1.4120183217519509,2.9726549144569177
TRIAL_Black_20261007_104836,57.99999999999999,18360.999999999996,238.80000000000004,1.3867499528783742,2.9780868264203
TRIAL_Black_20261007_104836,59.0,18932.999999999996,232.98000000000002,1.3595384384831402,3.0768095472592876
TRIAL_Black_20261007_104836,60.0,19668.0,228.09,1.3302310234812216,3.23713626083446
TRIAL_Black_20261007_104836,61.0,20079.0,219.26024999999998,1.2995232364528693,3.259845720420151
TRIAL_Black_20261007_104836,62.0,20292.0,209.8505,1.2593704576779796,3.248683956503987
TRIAL_Black_20261007_104836,63.0,20406.0,199.264,1.2166810662169045,3.128174865108529
TRIAL_Black_20261007_104836,64.0,20520.0,186.904,1.1783634411299948,2.822842342256334
TRIAL_Black_20261007_104836,65.0,20506.5,183.664,1.1412733479423833,2.740182856028753
TRIAL_Black_20261007_104836,66.0,20578.5,177.93049999999997,1.0921733101112328,2.720902543066088
TRIAL_Black_20261007_104836,67.0,20621.25,169.27699999999993,1.043316262785441,2.7653871985874896
TRIAL_Black_20261007_104836,68.0,20520.0,157.277,1.0069551411139064,2.874022617812109
TRIAL_Black_20261007_104836,69.0,20838.0,153.7355,0.9712884846784657,2.86116899875503
TRIAL_Black_20261007_104836,70.0,21012.0,151.517,0.9357171285658427,2.8286048169467692
TRIAL_Black_20261007_104836,71.0,21192.0,150.17725000000002,0.8998817009392,2.8180999063895285
TRIAL_Black_20261007_104836,72.0,21528.0,149.272,0.8634228299616995,2.871424101085509
TRIAL_Black_20261007_104836,73.0,21645.0,147.93475,0.8277779069300029,2.568290355361505
TRIAL_Black_20261007_104836,74.0,21823.0,143.8585,0.7935257524095882,2.4931659497652787
TRIAL_Black_20261007_104836,75.0,22026.0,138.98025,0.7604786003460228,2.5081406015465917
TRIAL_Black_20261007_104836,76.0,22218.0,135.237,0.7284486846848734,2.4753040279552083
TRIAL_Black_20261007_104836,77.0,22011.0,135.237,0.6969808198686631,2.49501080474647
TRIAL_Black_20261007_104836,78.0,21931.0,134.2385,0.6662310356443291,2.488449511688003
TRIAL_Black_20261007_104836,79.0,21846.0,134.02175000000003,0.6358871100153876,2.4760539867752924
TRIAL_Black_20261007_104836,80.0,21624.0,136.367,0.6056368209853551,2.47825806800382
TRIAL_Black_20261007_104836,81.0,21318.0,133.97975,0.575939229459481,2.4543495695285205
TRIAL_Black_20261007_104836,82.0,21216.0,133.15949999999998,0.5315779578043434,2.3778760483245875
TRIAL_Black_20261007_104836,83.0,21216.0,133.17725,0.48786902416623695,2.28893992124137
TRIAL_Black_20261007_104836,84.0,21216.0,133.304,0.4601284466914559,2.2276436051282142
TRIAL_Black_20261007_104836,85.0,20997.75,135.54874999999998,0.42479136763065123,2.2419535374061605
TRIAL_Black_20261007_104836,86.0,21206.499999999996,133.30400000000003,0.39602881261698325,2.254786019930838
TRIAL_Black_20261007_104836,87.0,21488.0,132.07424999999998,0.3706830608909136,2.270244882571551
TRIAL_Black_20261007_104836,88.0,21488.0,137.364,0.3455963916929036,2.2924339551976027
TRIAL_Black_20261007_104836,89.0,21503.75,136.56375,0.31161470057918683,2.400578622453458
TRIAL_Black_20261007_104836,90.0,21372.0,137.3675,0.28305790854294816,2.3766509678599212
TRIAL_Black_20261007_104836,91.0,21166.5,137.44124999999997,0.2567414669312721,2.351482634825562
TRIAL_Black_20261007_104836,92.0,20961.0,134.451,0.2294808270912432,2.455905266758942
TRIAL_Black_20261007_104836,93.0,21063.75,130.4355,0.20291330812699973,2.5152550844962263
TRIAL_Black_20261007_104836,94.0,21098.0,132.66600000000005,0.17624009977465246,2.46754493198853
TRIAL_Black_20261007_104836,95.0,20957.499999999996,134.56549999999996,0.14952469854865733,2.3825122117940545
TRIAL_Black_20261007_104836,96.0,20536.0,129.557,0.1228306009634706,2.3298943264709986
TRIAL_Black_20261007_104836,97.0,20536.0,133.77499999999998,0.09623129074239345,2.391089982828276
TRIAL_Black_20261007_104836,98.0,20258.000000000004,135.2405,0.06075635957075332,2.351568249731878
TRIAL_Black_20261007_104836,99.0,20047.5,136.40075,0.025610898854604075,2.3215571110126425
TRIAL_Black_20261007_104836,100.0,20250.0,139.703,0.0,2.411284550501412
TRIAL_Black_20261007_104953,0.0,7084.0,17.804,0.0,0.06917200453199875
TRIAL_Black_20261007_104953,1.0,7084.0,16.892049999999998,0.0048090298500906995,0.07072086626280824
TRIAL_Black_20261007_104953,2.0,7084.0,17.4807,0.01673155752451772,0.06608932696793192
TRIAL_Black_20261007_104953,3.0,7084.0,19.82005,0.03695316599400378,0.05424731980975547
TRIAL_Black_20261007_104953,4.0,7084.0,17.9858,0.05717642343709455,0.0601119614352687
TRIAL_Black_20261007_104953,5.0,7122.5,16.93325,0.07759372658453409,0.07294552561853421
TRIAL_Black_20261007_104953,6.0,7222.6,17.6879,0.09832128299578435,0.09456847938971136
TRIAL_Black_20261007_104953,7.000000000000001,7238.0,17.632949999999997,0.11821478343077056,0.1091050335437446
TRIAL_Black_20261007_104953,8.0,7222.6,17.2502,0.1379783938506773,0.115770749972036
TRIAL_Black_20261007_104953,9.0,7172.55,16.461100000000002,0.1577909564542179,0.10762606317896721
TRIAL_Black_20261007_104953,10.0,7161.0,16.34,0.1854610385519042,0.08546315441744207
TRIAL_Black_20261007_104953,11.0,7161.0,16.3125,0.2131448052828294,0.07434269469316496
TRIAL_Black_20261007_104953,12.0,7161.0,15.929,0.23301666796373857,0.11404862039483775
TRIAL_Black_20261007_104953,13.0,7230.3,17.43325,0.2532029462669693,0.13691521661590014
TRIAL_Black_20261007_104953,14.000000000000002,7305.5,19.2633,0.2734312471349721,0.1422598067310842
TRIAL_Black_20261007_104953,15.0,7243.75,18.27075,0.29312210058799054,0.09239616866098574
TRIAL_Black_20261007_104953,16.0,7227.2,17.1834,0.31271166727124194,0.0817734732089963
TRIAL_Black_20261007_104953,17.0,7238.0,16.057,0.3322671692920356,0.09457137302735714
TRIAL_Black_20261007_104953,18.0,7238.0,15.173000000000002,0.3521735461365903,0.09410934645410096
TRIAL_Black_20261007_104953,19.0,7178.5,13.678950000000002,0.371671890938939,0.08793689762773933
TRIAL_Black_20261007_104953,20.0,7068.0,11.662,0.3908204939908252,0.07686980115585873
TRIAL_Black_20261007_104953,21.0,6969.2,14.358849999999995,0.40998731124394844,0.10896775967868023
TRIAL_Black_20261007_104953,22.0,6897.1,17.142099999999996,0.4293004316340776,0.12592591248510696
TRIAL_Black_20261007_104953,23.0,6856.15,20.02615,0.4487842390173803,0.12522095862240618
TRIAL_Black_20261007_104953,24.0,6760.6,21.794199999999996,0.46905625124642336,0.2479057668203917
TRIAL_Black_20261007_104953,25.0,6699.0,24.709749999999993,0.4893679551728665,0.36791375008344906
TRIAL_Black_20261007_104953,26.0,6699.0,29.6101,0.5096380718357175,0.46718684517586234
TRIAL_Black_20261007_104953,27.0,6567.55,42.569050000000004,0.5288344294633729,0.466410929882046
TRIAL_Black_20261007_104953,28.000000000000004,6413.0,55.10380000000001,0.551070113462983,0.45429202413958525
TRIAL_Black_20261007_104953,28.999999999999996,6260.250000000001,63.38739999999997,0.580583546859344,0.45758053050022296
TRIAL_Black_20261007_104953,30.0,6142.0,71.66549999999998,0.603110364651822,0.436940949163614
TRIAL_Black_20261007_104953,31.0,6082.55,80.69284999999998,0.6237438439596836,0.4322930202401463
TRIAL_Black_20261007_104953,32.0,6184.599999999999,92.22319999999999,0.6450528105893737,0.5048786870577312
TRIAL_Black_20261007_104953,33.0,6360.0,104.19454999999999,0.6678617080193229,0.6456236127313733
TRIAL_Black_20261007_104953,34.0,6539.4,116.1058,0.6914695159380536,0.7800332362312012
TRIAL_Black_20261007_104953,35.0,6561.5,126.6085,0.7158048340333392,0.7129871761269123
TRIAL_Black_20261007_104953,36.0,6406.000000000001,134.22439999999997,0.7402026302899244,0.6544262571798709
TRIAL_Black_20261007_104953,37.0,6157.3,140.17145,0.7647711619604252,0.6032162961728931
TRIAL_Black_20261007_104953,38.0,6122.2,147.74329999999998,0.7909199323881604,0.576579271767331
TRIAL_Black_20261007_104953,39.0,6191.75,154.1843,0.8166136369564463,0.5639407213368215
TRIAL_Black_20261007_104953,40.0,6351.0,159.656,0.8419172850737754,0.5633008628849285
TRIAL_Black_20261007_104953,41.0,6388.05,171.11095,0.8667957170025032,0.637131836290154
TRIAL_Black_20261007_104953,42.0,6537.5999999999985,179.71769999999998,0.8915516264155322,0.7120168504956513
TRIAL_Black_20261007_104953,43.0,6818.4,185.00154999999998,0.9161645928935795,0.7881315789681331
TRIAL_Black_20261007_104953,44.0,7144.199999999999,193.05739999999997,0.9395738587562324,0.7609414768760682
TRIAL_Black_20261007_104953,45.0,7457.75,200.35025,0.9622262872329499,0.7735195931085461
TRIAL_Black_20261007_104953,46.0,7745.7,206.05270000000002,0.9838282693075566,0.8635008360688998
TRIAL_Black_20261007_104953,47.0,8087.0,211.583,1.0077443313339034,1.0430818997372946
TRIAL_Black_20261007_104953,48.0,8443.999999999998,216.52279999999996,1.0283244345398859,1.1584186885122731
TRIAL_Black_20261007_104953,49.0,8814.499999999998,220.2044,1.0404519613288827,1.0925513866692285
TRIAL_Black_20261007_104953,50.0,9040.0,223.106,1.050239205830617,1.2360269522684226
TRIAL_Black_20261007_104953,51.0,9252.0,226.3115,1.0584613205790234,1.4470249951682899
TRIAL_Black_20261007_104953,52.0,9564.0,231.31,1.0638066184369326,1.67375509496149
TRIAL_Black_20261007_104953,53.0,9887.25,234.70110000000003,1.0656292859315977,1.6551589634837571
TRIAL_Black_20261007_104953,54.0,10185.300000000001,237.63740000000004,1.0653956293323517,1.571587062081662
TRIAL_Black_20261007_104953,55.00000000000001,10317.25,242.00150000000002,1.0624630644378583,1.7303347692022926
TRIAL_Black_20261007_104953,56.00000000000001,10532.800000000001,241.7612,1.0574106617833288,1.8121484272607573
TRIAL_Black_20261007_104953,57.00000000000001,10807.100000000002,238.94520000000003,1.0508403499569352,1.8348086525312814
TRIAL_Black_20261007_104953,57.99999999999999,11159.399999999998,239.7538,1.0419539112684446,1.7246330523127797
TRIAL_Black_20261007_104953,59.0,11393.4,240.22815,1.032220357574991,1.7142432100440268
TRIAL_Black_20261007_104953,60.0,11526.0,240.416,1.0217607053058555,1.7893840174464903
TRIAL_Black_20261007_104953,61.0,11951.099999999999,236.37625,1.009861422280459,1.9657097213452577
TRIAL_Black_20261007_104953,62.0,12313.8,232.9647,0.9967919802523568,1.9917761367256215
TRIAL_Black_20261007_104953,63.0,12603.7,230.28605000000002,0.9823573527210981,1.8425400488345116
TRIAL_Black_20261007_104953,64.0,12826.4,227.5378,0.9668229620075324,1.8710378764462234
TRIAL_Black_20261007_104953,65.0,13133.25,223.78175,0.9476252188595184,1.899270698555847
TRIAL_Black_20261007_104953,66.0,13583.700000000003,218.42249999999999,0.9227127469073614,1.9033816564617532
TRIAL_Black_20261007_104953,67.0,13981.35,211.0442,0.9036165319850566,2.0915925732327763
TRIAL_Black_20261007_104953,68.0,14397.2,202.24179999999996,0.8849092645166634,2.256279825282391
TRIAL_Black_20261007_104953,69.0,14875.600000000004,191.0611499999999,0.8646977509437228,2.2927252121731097
TRIAL_Black_20261007_104953,70.0,15173.000000000002,179.73449999999994,0.8431424294442718,2.3884008517991733
TRIAL_Black_20261007_104953,71.0,15415.499999999998,168.77055000000007,0.8208223250401926,2.449446039648211
TRIAL_Black_20261007_104953,72.0,15656.0,159.16160000000002,0.7972967522138623,2.3358261355051506
TRIAL_Black_20261007_104953,73.0,15902.349999999999,151.85440000000003,0.7727936516904006,2.328769934895685
TRIAL_Black_20261007_104953,74.0,16164.199999999999,145.46270000000004,0.7476822524385976,2.3534600154549614
TRIAL_Black_20261007_104953,75.0,16497.0,138.47975000000002,0.7216147223294616,2.292265589360193
TRIAL_Black_20261007_104953,76.0,16728.6,132.3332,0.6958515650909606,2.323171734059756
TRIAL_Black_20261007_104953,77.0,16897.05,126.99335,0.6701489806448719,2.4032902110215186
TRIAL_Black_20261007_104953,78.0,17066.7,125.06089999999999,0.6428904731779665,2.3832023941721983
TRIAL_Black_20261007_104953,79.0,17050.5,124.56484999999999,0.6156804932647215,2.336732922118116
TRIAL_Black_20261007_104953,80.0,16875.0,125.3,0.588512108397471,2.2676506027456664
TRIAL_Black_20261007_104953,81.0,17133.050000000003,120.95084999999997,0.5612362411858628,2.3908965354079252
TRIAL_Black_20261007_104953,82.0,17351.2,118.20819999999999,0.5335581625579391,2.424109808036815
TRIAL_Black_20261007_104953,83.0,17522.8,117.3398,0.5054108372776475,2.3522849772934435
TRIAL_Black_20261007_104953,84.0,17371.600000000002,120.90659999999998,0.46485644825931627,2.247955052904994
TRIAL_Black_20261007_104953,85.0,17328.0,123.07974999999999,0.4285726084167762,2.2310293775120718
TRIAL_Black_20261007_104953,86.0,17499.6,122.43169999999999,0.4007759224205747,2.358284512998008
TRIAL_Black_20261007_104953,87.0,17672.3,121.74459999999999,0.364874522645514,2.3869101063436213
TRIAL_Black_20261007_104953,88.0,17792.0,121.4144,0.33012202956668235,2.3916301162834563
TRIAL_Black_20261007_104953,89.0,17792.0,121.9032,0.30127014128208107,2.382911012617697
TRIAL_Black_20261007_104953,90.0,17920.0,120.01,0.2724487647418294,2.3267594056601766
TRIAL_Black_20261007_104953,91.0,18090.3,118.77530000000002,0.243937078707685,2.2700434243935037
TRIAL_Black_20261007_104953,92.0,18273.6,122.1176,0.2164271826162155,2.2588786987214147
TRIAL_Black_20261007_104953,93.0,18266.55,121.7321,0.18804811995358864,2.2837965020864868
TRIAL_Black_20261007_104953,94.0,18229.100000000002,120.1238,0.15944989845089014,2.3066360465753055
TRIAL_Black_20261007_104953,95.0,18489.75,120.9025,0.13177093272395995,2.2298434295983367
TRIAL_Black_20261007_104953,96.0,18590.0,119.9364,0.1042127222999936,2.244025269266384
TRIAL_Black_20261007_104953,97.0,18590.0,118.29119999999999,0.07675359488767645,2.310206068309014
TRIAL_Black_20261007_104953,98.0,18590.0,121.58279999999998,0.04957779884292697,2.3180659550090024
TRIAL_Black_20261007_104953,99.0,18590.0,122.37925000000001,0.02407283043447767,2.332765370124754
TRIAL_Black_20261007_104953,100.0,18590.0,121.037,0.0,2.3533272381683035
TRIAL_Black_20261007_105023,0.0,6106.0,13.454,0.0,0.10630528187020775
TRIAL_Black_20261007_105023,1.0,6106.0,10.22415,0.01981753365549321,0.08902723490216612
TRIAL_Black_20261007_105023,2.0,6106.0,9.3601,0.04270144738190592,0.08027130097649474
TRIAL_Black_20261007_105023,3.0,6106.0,11.256149999999998,0.06916280452439139,0.08145783226692199
TRIAL_Black_20261007_105023,4.0,6106.0,11.268799999999999,0.09516372965092174,0.08783906319263812
TRIAL_Black_20261007_105023,5.0,6106.0,11.2135,0.12128414175763924,0.1022103814287811
TRIAL_Black_20261007_105023,6.0,6106.0,11.3006,0.14765712396811687,0.12867321274356847
TRIAL_Black_20261007_105023,7.000000000000001,6106.0,10.28,0.18558194394843025,0.10954276763448016
TRIAL_Black_20261007_105023,8.0,6106.0,9.5472,0.2211588232095557,0.09646627704212277
TRIAL_Black_20261007_105023,9.0,6106.0,9.915099999999999,0.2467270840375757,0.11566297901308634
TRIAL_Black_20261007_105023,10.0,6070.5,10.315000000000001,0.27307955483180024,0.15730666985956232
TRIAL_Black_20261007_105023,11.0,6058.55,10.658050000000001,0.29970289359512203,0.18890050933372518
TRIAL_Black_20261007_105023,12.0,6160.599999999999,10.7796,0.32644491562256356,0.16454785535799862
TRIAL_Black_20261007_105023,13.0,6153.3,9.820250000000001,0.35345390412692507,0.17469472839562777
TRIAL_Black_20261007_105023,14.000000000000002,6106.0,8.5228,0.3805591329004481,0.1974860447846077
TRIAL_Black_20261007_105023,15.0,6106.0,8.008000000000001,0.40754109843300024,0.20548962246225844
TRIAL_Black_20261007_105023,16.0,6169.2,7.5144,0.43496223429135633,0.20491037788997782
TRIAL_Black_20261007_105023,17.0,6256.1,7.22735,0.46252085055236053,0.2091145052479608
TRIAL_Black_20261007_105023,18.0,6153.400000000001,9.259899999999996,0.4884354542016119,0.3350902626435918
TRIAL_Black_20261007_105023,19.0,6081.15,8.113750000000003,0.5137699808235056,0.36112348802701777
TRIAL_Black_20261007_105023,20.0,6035.0,4.243,0.5386072985648069,0.3014916859714101
TRIAL_Black_20261007_105023,21.0,6090.25,4.165,0.5619867586333512,0.3454079625835618
TRIAL_Black_20261007_105023,22.0,6115.8,5.945499999999996,0.5852737613913953,0.3674694848477317
TRIAL_Black_20261007_105023,23.0,6106.7,9.89425,0.6084528972871892,0.36403379370592226
TRIAL_Black_20261007_105023,24.0,6340.599999999999,16.835199999999986,0.6322288602345583,0.3031714338368435
TRIAL_Black_20261007_105023,25.0,6515.25,22.653249999999996,0.6609335618077613,0.2881363778625622
TRIAL_Black_20261007_105023,26.0,6562.7,26.275699999999997,0.6974446682420885,0.35408189728359385
TRIAL_Black_20261007_105023,27.0,6578.8,33.97145,0.7251077753952624,0.435758972439458
TRIAL_Black_20261007_105023,28.000000000000004,6553.599999999999,43.56800000000001,0.7516344007673866,0.5109932158928127
TRIAL_Black_20261007_105023,28.999999999999996,6448.3,55.774999999999956,0.7792235782017118,0.5652954515785438
TRIAL_Black_20261007_105023,30.0,6308.0,67.19699999999997,0.8082522637464806,0.5442838566587361
TRIAL_Black_20261007_105023,31.0,6179.1,78.11784999999999,0.8380581726834537,0.512486075020617
TRIAL_Black_20261007_105023,32.0,6123.2,88.1532,0.8690153181506636,0.5200481682603342
TRIAL_Black_20261007_105023,33.0,6098.8,98.30735,0.9008358370400337,0.5153896381543327
TRIAL_Black_20261007_105023,34.0,6090.0,109.1748,0.9332729495736891,0.513564386301373
TRIAL_Black_20261007_105023,35.0,6090.0,123.67500000000003,0.9669908587856334,0.5571947996852329
TRIAL_Black_20261007_105023,36.0,6055.2,137.84519999999998,1.0008491496952379,0.5182973936356738
TRIAL_Black_20261007_105023,37.0,6006.45,151.54119999999998,1.0347474302531914,0.42706214149639876
TRIAL_Black_20261007_105023,38.0,6051.3,162.02179999999998,1.068072723858878,0.3267313820311787
TRIAL_Black_20261007_105023,39.0,6158.45,169.54805,1.101263607311039,0.28575635525198306
TRIAL_Black_20261007_105023,40.0,6319.0,174.542,1.1343392820601772,0.2956576707750943
TRIAL_Black_20261007_105023,41.0,6423.65,182.758,1.166409060679888,0.3222648304022896
TRIAL_Black_20261007_105023,42.0,6550.799999999999,190.47449999999998,1.1977910698645555,0.36084430797923284
TRIAL_Black_20261007_105023,43.0,6704.2,197.60825,1.2283706813750057,0.41339148983088253
TRIAL_Black_20261007_105023,44.0,6927.2,206.035,1.2689195179997226,0.6390553870041377
TRIAL_Black_20261007_105023,45.0,7240.999999999999,214.99224999999998,1.3030271038595598,0.8807664493837467
TRIAL_Black_20261007_105023,46.0,7690.8,224.6259,1.3254994584803534,1.1250707473839736
TRIAL_Black_20261007_105023,47.0,7965.7,229.41735,1.3452723652437117,1.0659792827897034
TRIAL_Black_20261007_105023,48.0,8224.199999999999,234.21259999999998,1.3638330229914337,1.0335519713077281
TRIAL_Black_20261007_105023,49.0,8517.349999999999,240.99729999999997,1.3807704400320155,1.1852354526625315
TRIAL_Black_20261007_105023,50.0,8920.5,245.901,1.3946653504858393,1.3324185375079929
TRIAL_Black_20261007_105023,51.0,9325.6,249.39545,1.4069501909713222,1.4822647123412767
TRIAL_Black_20261007_105023,52.0,9627.2,250.07340000000002,1.4169106381490948,1.6454882503099766
TRIAL_Black_20261007_105023,53.0,10091.250000000002,253.18225,1.4237556750383868,1.8724383129443232
TRIAL_Black_20261007_105023,54.0,10619.100000000002,256.62089999999995,1.4286235403829268,2.084455615135438
TRIAL_Black_20261007_105023,55.00000000000001,11100.750000000002,255.93124999999998,1.43023240960317,2.058566785706096
TRIAL_Black_20261007_105023,56.00000000000001,11498.400000000001,257.3148,1.4288397791771903,2.1305059175038883
TRIAL_Black_20261007_105023,57.00000000000001,11838.150000000001,259.61745,1.425334924807025,2.249679531119497
TRIAL_Black_20261007_105023,57.99999999999999,12113.099999999999,257.4003,1.4189946304533039,2.201957217345415
TRIAL_Black_20261007_105023,59.0,12482.199999999997,255.54365,1.41148251877495,2.2251900515652254
TRIAL_Black_20261007_105023,60.0,12932.0,253.996,1.4029659922469109,2.3092415840655165
TRIAL_Black_20261007_105023,61.0,13382.449999999999,252.91635000000002,1.3904503209430057,2.8452164719246236
TRIAL_Black_20261007_105023,62.0,13761.5,249.99470000000002,1.3704577981575745,3.051224626515641
TRIAL_Black_20261007_105023,63.0,14057.25,244.92405,1.3417422819770297,2.8722715922938815
TRIAL_Black_20261007_105023,64.0,14435.2,238.2316,1.3179878143668917,2.8607019608298456
TRIAL_Black_20261007_105023,65.0,14823.0,232.1275,1.2944565705004054,2.878508117622605
TRIAL_Black_20261007_105023,66.0,15215.600000000002,227.18099999999995,1.2706210114810417,2.920997748591875
TRIAL_Black_20261007_105023,67.0,15551.0,219.99049999999997,1.242929060354206,3.020195166535648
TRIAL_Black_20261007_105023,68.0,15901.2,211.70039999999997,1.2140235733274498,3.124454285728446
TRIAL_Black_20261007_105023,69.0,16308.100000000002,201.85419999999993,1.1839652454789291,3.2169035926056178
TRIAL_Black_20261007_105023,70.0,16590.5,194.53949999999998,1.1526263894685498,3.2743752552661247
TRIAL_Black_20261007_105023,71.0,16857.6,187.75895000000006,1.1202045339521056,3.303658432380457
TRIAL_Black_20261007_105023,72.0,17198.2,180.22740000000002,1.0854532082439694,3.2739576352242064
TRIAL_Black_20261007_105023,73.0,17542.399999999998,174.58990000000003,1.0507036162639012,3.2581155937292308
TRIAL_Black_20261007_105023,74.0,17874.3,170.02000000000004,1.015545969962438,3.24790121237722
TRIAL_Black_20261007_105023,75.0,18129.75,166.692,0.97813978689136,3.2347620035284006
TRIAL_Black_20261007_105023,76.0,18345.6,163.3932,0.9404877191140056,3.217680744250047
TRIAL_Black_20261007_105023,77.0,18529.35,159.98565000000002,0.9026986894716484,3.193795201346406
TRIAL_Black_20261007_105023,78.0,18624.9,155.05409999999998,0.8651102527463298,3.1178236331608224
TRIAL_Black_20261007_105023,79.0,18854.850000000002,149.59369999999998,0.826761715843189,3.1543573555747932
TRIAL_Black_20261007_105023,80.0,19200.0,143.68,0.7877616645019148,3.287324184216952
TRIAL_Black_20261007_105023,81.0,19102.5,142.36115,0.7285749190100436,3.271207075055752
TRIAL_Black_20261007_105023,82.0,19308.600000000002,142.7589,0.6782729899538595,3.23030968418429
TRIAL_Black_20261007_105023,83.0,19868.9,145.15935,0.6383366800726438,3.1605019646508574
TRIAL_Black_20261007_105023,84.0,19833.4,144.6312,0.5989146145919803,3.1483344511000255
TRIAL_Black_20261007_105023,85.0,19710.75,143.4245,0.5596673454437838,3.1440364668590486
TRIAL_Black_20261007_105023,86.0,19528.100000000002,141.5226,0.5206311845074618,3.14464436871616
TRIAL_Black_20261007_105023,87.0,19857.5,141.58585,0.4813345531739451,3.1129592101772112
TRIAL_Black_20261007_105023,88.0,19938.4,141.285,0.4423026709922081,3.0684822680728803
TRIAL_Black_20261007_105023,89.0,19250.7,139.36100000000002,0.40397303047355526,3.008434610381193
TRIAL_Black_20261007_105023,90.0,19231.0,138.199,0.36585819719355983,3.0584832928789565
TRIAL_Black_20261007_105023,91.0,19370.0,138.24585000000002,0.3279278128028963,3.118189513769275
TRIAL_Black_20261007_105023,92.0,19370.0,141.5602,0.2903974508046815,3.0999911891119916
TRIAL_Black_20261007_105023,93.0,19302.95,140.8133,0.2519780846793288,3.0902926227887426
TRIAL_Black_20261007_105023,94.0,19218.9,137.84999999999997,0.21344299451513782,3.0611990257117028
TRIAL_Black_20261007_105023,95.0,19205.25,132.624,0.17644454333700668,2.9046555724500673
TRIAL_Black_20261007_105023,96.0,19148.8,133.12599999999998,0.13988502409313885,2.8780357416176443
TRIAL_Black_20261007_105023,97.0,19070.9,136.7579,0.10357991177690751,2.9271456136038503
TRIAL_Black_20261007_105023,98.0,19056.6,134.98860000000002,0.06703569308534664,2.910584751194506
TRIAL_Black_20261007_105023,99.0,19005.55,133.20180000000002,0.03260993489800704,2.896380431401514
TRIAL_Black_20261007_105023,100.0,18923.0,131.4,0.0,2.8841960052796805
TRIAL_Black_20261007_105106,0.0,6424.0,20.591,0.0,0.10780791823458086
TRIAL_Black_20261007_105106,1.0,6424.0,22.3252,0.015312434240048594,0.1075804942283833
TRIAL_Black_20261007_105106,2.0,6402.1,22.7226,0.03527777303372724,0.10418109884192053
TRIAL_Black_20261007_105106,3.0,6354.65,21.5604,0.06067150047330762,0.09708107017848167
TRIAL_Black_20261007_105106,4.0,6394.8,22.005,0.0861525229637725,0.0916071325941333
TRIAL_Black_20261007_105106,5.0,6446.0,21.44125,0.11141475810209385,0.09685588140214657
TRIAL_Black_20261007_105106,6.0,6503.2,19.0499,0.13631529413686758,0.11904411629405973
TRIAL_Black_20261007_105106,7.000000000000001,6463.6,17.62655,0.17165461599249915,0.12350088580494932
TRIAL_Black_20261007_105106,8.0,6456.4,16.721,0.20505392027450933,0.13922757107393108
TRIAL_Black_20261007_105106,9.0,6561.7,16.584500000000002,0.22981777263461156,0.18756534809085715
TRIAL_Black_20261007_105106,10.0,6549.0,15.843,0.25436994812337876,0.18393588854809267
TRIAL_Black_20261007_105106,11.0,6498.8,14.5198,0.27891940629548034,0.18596053470198146
TRIAL_Black_20261007_105106,12.0,6441.6,11.862600000000004,0.3036714836166987,0.2587994364044054
TRIAL_Black_20261007_105106,13.0,6358.3,10.66385,0.32718079113415044,0.2692629309180149
TRIAL_Black_20261007_105106,14.000000000000002,6285.3,11.016700000000004,0.3501508075341204,0.24821622508353802
TRIAL_Black_20261007_105106,15.0,6332.75,16.338249999999995,0.3731926045304814,0.20633663490724452
TRIAL_Black_20261007_105106,16.0,6415.4,20.160999999999998,0.3962040336292874,0.2052132447850651
TRIAL_Black_20261007_105106,17.0,6519.4,22.5584,0.41916979111672353,0.22661430271006058
TRIAL_Black_20261007_105106,18.0,6615.599999999999,19.092600000000004,0.4418152484993852,0.21263723679529678
TRIAL_Black_20261007_105106,19.0,6691.5,17.2375,0.4641772068193533,0.23551190878361977
TRIAL_Black_20261007_105106,20.0,6750.0,16.763,0.4862961659427269,0.2899737846888745
TRIAL_Black_20261007_105106,21.0,6750.0,10.817450000000012,0.5085306518147857,0.23792535569716802
TRIAL_Black_20261007_105106,22.0,6772.5,6.413000000000003,0.531236216048117,0.24984467430304808
TRIAL_Black_20261007_105106,23.0,6821.25,3.8065000000000007,0.5544913717029327,0.3363930317727797
TRIAL_Black_20261007_105106,24.0,6681.6,13.351799999999978,0.5786772768056536,0.2638135952887163
TRIAL_Black_20261007_105106,25.0,6627.0,24.389999999999983,0.6085066804459572,0.2791338677468362
TRIAL_Black_20261007_105106,26.0,6733.6,36.19659999999999,0.6472415818200056,0.45631071370629017
TRIAL_Black_20261007_105106,27.0,6700.5,48.243,0.6767631144265213,0.48613511713487856
TRIAL_Black_20261007_105106,28.000000000000004,6663.0,59.45100000000001,0.7048111018692127,0.47371404726918864
TRIAL_Black_20261007_105106,28.999999999999996,6672.75,68.67449999999997,0.7333127180981995,0.42652120716309083
TRIAL_Black_20261007_105106,30.0,6712.5,76.24549999999998,0.7622492710747026,0.46255301027889084
TRIAL_Black_20261007_105106,31.0,6727.5,83.98554999999998,0.791634092055347,0.5014422947291488
TRIAL_Black_20261007_105106,32.0,6630.0,93.94159999999998,0.8220782029689456,0.46663187373903275
TRIAL_Black_20261007_105106,33.0,6667.5,102.40275,0.8525448621556049,0.41622178733475995
TRIAL_Black_20261007_105106,34.0,6741.0,110.36420000000001,0.8829417722877757,0.36937125030549567
TRIAL_Black_20261007_105106,35.0,6682.5,119.23150000000001,0.9128999446194462,0.38023075029560605
TRIAL_Black_20261007_105106,36.0,6660.0,127.06119999999997,0.943341785719784,0.40615787544813514
TRIAL_Black_20261007_105106,37.0,6667.4,134.55269999999996,0.9739436704982268,0.43634451436504584
TRIAL_Black_20261007_105106,38.0,6763.599999999999,145.76779999999997,1.0028385636489234,0.4046381297363909
TRIAL_Black_20261007_105106,39.0,6775.8,157.6136,1.031485850727801,0.42484120535702946
TRIAL_Black_20261007_105106,40.0,6716.0,170.0,1.0599209040308335,0.48953810404849124
TRIAL_Black_20261007_105106,41.0,6703.0,176.6482,1.0860135583495236,0.5227521335256761
TRIAL_Black_20261007_105106,42.0,6802.199999999999,182.92379999999997,1.1115448785413864,0.588722600896805
TRIAL_Black_20261007_105106,43.0,7032.299999999999,188.76469999999998,1.1364213089186177,0.6929089124775364
TRIAL_Black_20261007_105106,44.0,7152.0,194.179,1.1686044165634002,0.9240327815737147
TRIAL_Black_20261007_105106,45.0,7311.0,201.00175,1.1955042240795042,1.0554142392546582
TRIAL_Black_20261007_105106,46.0,7547.6,210.1349,1.2129765277540485,1.0102828310024972
TRIAL_Black_20261007_105106,47.0,7940.400000000001,213.87199999999999,1.2283931587743016,1.3197930738047352
TRIAL_Black_20261007_105106,48.0,8268.6,217.12339999999998,1.2419209195777734,1.5283499082318142
TRIAL_Black_20261007_105106,49.0,8387.55,221.48945,1.2520396793884252,1.3646808983834382
TRIAL_Black_20261007_105106,50.0,8514.0,226.245,1.261199110015191,1.4245051417575985
TRIAL_Black_20261007_105106,51.0,8667.45,231.2158,1.2693471489295527,1.618487006327873
TRIAL_Black_20261007_105106,52.0,8903.4,236.5146,1.2750832113197876,2.036167688329317
TRIAL_Black_20261007_105106,53.0,9289.2,238.90865000000002,1.2776524949214916,1.9789527994762668
TRIAL_Black_20261007_105106,54.0,9722.400000000001,240.0208,1.2784278477356228,1.7634347338844232
TRIAL_Black_20261007_105106,55.00000000000001,10050.0,241.183,1.277077596034515,1.8381050360957478
TRIAL_Black_20261007_105106,56.00000000000001,10373.600000000002,243.7424,1.2750178512143875,1.991728113302334
TRIAL_Black_20261007_105106,57.00000000000001,10702.100000000004,246.7679,1.2722135175519462,2.193817374437738
TRIAL_Black_20261007_105106,57.99999999999999,11119.399999999998,244.9076,1.265795316174393,2.385355030254496
TRIAL_Black_20261007_105106,59.0,11498.55,243.44525000000002,1.2572163138371362,2.47684314111978
TRIAL_Black_20261007_105106,60.0,11845.0,242.324,1.2467851963915624,2.482574499169511
TRIAL_Black_20261007_105106,61.0,12344.849999999999,242.6243,1.2332030302262218,2.5702407925868784
TRIAL_Black_20261007_105106,62.0,12819.199999999999,241.9283,1.2139079196224747,2.5949946470878333
TRIAL_Black_20261007_105106,63.0,13263.800000000001,240.06994999999998,1.1879477071739197,2.5463506561863056
TRIAL_Black_20261007_105106,64.0,13577.6,235.56619999999998,1.1689111052363295,2.6639572652799313
TRIAL_Black_20261007_105106,65.0,13945.5,230.95274999999998,1.145255034160355,2.7768759800052862
TRIAL_Black_20261007_105106,66.0,14417.400000000001,226.51649999999998,1.1132846643948369,2.860127317075388
TRIAL_Black_20261007_105106,67.0,14892.600000000002,219.68059999999997,1.0869535381708681,2.89181087811628
TRIAL_Black_20261007_105106,68.0,15321.6,211.92919999999998,1.061046520660181,2.8959634650725463
TRIAL_Black_20261007_105106,69.0,15645.300000000003,203.09959999999995,1.0337867844873796,2.8592672687139897
TRIAL_Black_20261007_105106,70.0,15967.000000000002,195.51799999999997,1.0058455272180453,2.8301280249802114
TRIAL_Black_20261007_105106,71.0,16291.099999999999,188.9225,0.9774154525917816,2.818946325839732
TRIAL_Black_20261007_105106,72.0,16625.2,184.366,0.9480375078722845,2.8600661560521408
TRIAL_Black_20261007_105106,73.0,17025.0,179.33925000000002,0.9175839863961633,2.892066547331851
TRIAL_Black_20261007_105106,74.0,17439.899999999998,174.3143,0.886540898999863,2.9136248360783314
TRIAL_Black_20261007_105106,75.0,17777.25,170.44875,0.8548843866698784,2.9000435227275263
TRIAL_Black_20261007_105106,76.0,18226.2,167.16479999999999,0.8228181127627235,2.8526934411231473
TRIAL_Black_20261007_105106,77.0,18717.899999999998,164.03400000000002,0.7905280047429746,2.7931231247349726
TRIAL_Black_20261007_105106,78.0,18885.6,158.379,0.7586250992008741,2.8401757528430505
TRIAL_Black_20261007_105106,79.0,19105.45,153.54055,0.7262372807184105,2.9429244082639547
TRIAL_Black_20261007_105106,80.0,19370.0,149.402,0.6934338225727789,3.0934125156672807
TRIAL_Black_20261007_105106,81.0,19623.5,149.58464999999998,0.64076442652776,2.9208779585641684
TRIAL_Black_20261007_105106,82.0,19687.7,150.3169,0.5964929482456878,2.828422850187054
TRIAL_Black_20261007_105106,83.0,19531.05,151.69035,0.5620190406870531,2.829393765323601
TRIAL_Black_20261007_105106,84.0,20189.199999999997,148.41080000000002,0.5283748095880293,2.842603802204199
TRIAL_Black_20261007_105106,85.0,20464.5,147.72875,0.4942584989491048,2.860807657391572
TRIAL_Black_20261007_105106,86.0,20018.600000000002,151.82309999999998,0.45927623751839175,2.885369738970579
TRIAL_Black_20261007_105106,87.0,20327.3,149.81025,0.42527996756216585,2.7827760976160456
TRIAL_Black_20261007_105106,88.0,20605.2,147.876,0.39172117722851174,2.699212309954743
TRIAL_Black_20261007_105106,89.0,20505.1,148.61700000000002,0.35874335589699025,2.7104839433942054
TRIAL_Black_20261007_105106,90.0,20548.5,147.8805,0.32599234565498014,2.6708426370327953
TRIAL_Black_20261007_105106,91.0,20591.75,147.24525000000003,0.2936550888785635,2.640971779265194
TRIAL_Black_20261007_105106,92.0,20491.0,148.425,0.2624701992312805,2.694582023277826
TRIAL_Black_20261007_105106,93.0,20709.3,147.58425,0.2306002023483741,2.687756093979459
TRIAL_Black_20261007_105106,94.0,20838.299999999992,145.62999999999997,0.19855993987480297,2.6689334500461106
TRIAL_Black_20261007_105106,95.0,19696.249999999996,142.49049999999997,0.16725792322854394,2.7318617437139125
TRIAL_Black_20261007_105106,96.0,19204.600000000002,139.8974,0.13588490151420946,2.7487844273878546
TRIAL_Black_20261007_105106,97.0,19145.649999999998,137.9681,0.10445791298088017,2.731986370396994
TRIAL_Black_20261007_105106,98.0,19401.1,139.9064,0.07291586063018546,2.6555815003824517
TRIAL_Black_20261007_105106,99.0,19335.600000000002,140.53324999999998,0.03793269370441217,2.5808020899312774
TRIAL_Black_20261007_105106,100.0,18995.0,140.036,0.0,2.507415930534419
TRIAL_Black_20261007_105202,0.0,6512.0,10.77,0.0,0.22448901731304963
TRIAL_Black_20261007_105202,1.0,6569.2,10.302,0.013689277833213515,0.23781698990707065
TRIAL_Black_20261007_105202,2.0,6600.0,10.0944,0.029740583609748728,0.24368083003953597
TRIAL_Black_20261007_105202,3.0,6600.0,10.1906,0.04854758865349259,0.24083651563351963
TRIAL_Black_20261007_105202,4.0,6547.2,8.9164,0.06732891016471894,0.22172894099238205
TRIAL_Black_20261007_105202,5.0,6534.0,7.8142499999999995,0.08611379686963136,0.21035055365447175
TRIAL_Black_20261007_105202,6.0,6591.2,7.1701,0.10490781235544379,0.2135073006997412
TRIAL_Black_20261007_105202,7.000000000000001,6551.6,8.25295,0.1232794832406831,0.2547454398114763
TRIAL_Black_20261007_105202,8.0,6512.0,9.187000000000001,0.1419017888462352,0.28277963567102954
TRIAL_Black_20261007_105202,9.0,6512.0,9.07975,0.16126079990908931,0.26552620791325593
TRIAL_Black_20261007_105202,10.0,6512.0,8.0275,0.1805727727843952,0.28805703034354735
TRIAL_Black_20261007_105202,11.0,6523.1,7.159299999999999,0.20208866031139575,0.3119971325894121
TRIAL_Black_20261007_105202,12.0,6571.2,7.849599999999999,0.2309979681982602,0.3008505840324559
TRIAL_Black_20261007_105202,13.0,6626.05,8.4841,0.2537821255056015,0.29450277263623564
TRIAL_Black_20261007_105202,14.000000000000002,6675.0,8.9062,0.27367318765910276,0.29602796973415285
TRIAL_Black_20261007_105202,15.0,6675.0,8.2965,0.29262481677198504,0.3291244671569159
TRIAL_Black_20261007_105202,16.0,6609.8,8.7768,0.31241410939607245,0.32428816144839545
TRIAL_Black_20261007_105202,17.0,6511.25,9.72055,0.3326916501475004,0.29724599733532847
TRIAL_Black_20261007_105202,18.0,6501.5,8.050700000000003,0.3525456920929757,0.28822955585233095
TRIAL_Black_20261007_105202,19.0,6502.25,8.501499999999998,0.372737332097492,0.29791393722353415
TRIAL_Black_20261007_105202,20.0,6512.0,10.77,0.3932183418669006,0.3236275953269096
TRIAL_Black_20261007_105202,21.0,6407.35,11.377749999999999,0.41424646764865913,0.4898145381031952
TRIAL_Black_20261007_105202,22.0,6354.9,14.087599999999995,0.4355901495307327,0.6211041239138921
TRIAL_Black_20261007_105202,23.0,6363.35,19.249899999999997,0.4573019801965071,0.7116801265980681
TRIAL_Black_20261007_105202,24.0,6235.6,20.515799999999995,0.47950496791772446,0.5880512630227499
TRIAL_Black_20261007_105202,25.0,6055.5,21.30425,0.5015733969932531,0.5284164194603652
TRIAL_Black_20261007_105202,26.0,5809.8,21.8483,0.5233610446282871,0.5997326567532753
TRIAL_Black_20261007_105202,27.0,5526.15,29.0798,0.5444937518831435,0.5786925424057584
TRIAL_Black_20261007_105202,28.000000000000004,5250.0,37.559000000000005,0.5652624929184424,0.5951671654577799
TRIAL_Black_20261007_105202,28.999999999999996,5006.250000000001,46.10974999999997,0.5854802401152644,0.7338320915116637
TRIAL_Black_20261007_105202,30.0,4800.000000000001,56.938999999999965,0.6126754006471274,0.7229846020467291
TRIAL_Black_20261007_105202,31.0,4661.25,69.40984999999998,0.6398050902671022,0.6482249431190131
TRIAL_Black_20261007_105202,32.0,4710.0,85.07419999999999,0.6597391301790755,0.5099371348341804
TRIAL_Black_20261007_105202,33.0,4896.45,93.71585,0.6803062689900079,0.4788558124735493
TRIAL_Black_20261007_105202,34.0,5202.900000000001,100.3555,0.7012327769780409,0.4941586075646208
TRIAL_Black_20261007_105202,35.0,5832.750000000001,113.15075000000002,0.7225882403537814,0.5025137497142294
TRIAL_Black_20261007_105202,36.0,6161.0,130.41639999999992,0.7443244222505635,0.5319623002804966
TRIAL_Black_20261007_105202,37.0,6290.0,149.74179999999996,0.7665036471465979,0.5867809651902696
TRIAL_Black_20261007_105202,38.0,6290.0,160.25619999999998,0.7911439991258484,0.7878404390971698
TRIAL_Black_20261007_105202,39.0,6293.5,167.8467,0.8165247205971192,0.8033626953365759
TRIAL_Black_20261007_105202,40.0,6300.0,172.931,0.8425400444901217,0.6598530507181288
TRIAL_Black_20261007_105202,41.0,6341.6,184.15065,0.8685683631736766,0.4531691388404894
TRIAL_Black_20261007_105202,42.0,6464.499999999999,196.12719999999996,0.894593864758038,0.3686109322217814
TRIAL_Black_20261007_105202,43.0,6682.249999999999,208.98679999999996,0.9206160797266739,0.42653271507182644
TRIAL_Black_20261007_105202,44.0,6999.599999999999,218.35799999999998,0.94621033974162,0.3124601050427343
TRIAL_Black_20261007_105202,45.0,7327.0,227.7115,0.9709281422410946,0.22137465793702604
TRIAL_Black_20261007_105202,46.0,7657.2,237.5018,0.9943006733763066,0.1900012572259518
TRIAL_Black_20261007_105202,47.0,7857.6,243.9239,1.0165716502314621,0.23617498318626362
TRIAL_Black_20261007_105202,48.0,8013.599999999999,250.21279999999996,1.0411856252413192,0.3351054832645976
TRIAL_Black_20261007_105202,49.0,8122.799999999999,257.57989999999995,1.0715219819410964,0.521014900561099
TRIAL_Black_20261007_105202,50.0,8374.0,264.006,1.0909563014144843,0.5914056771123968
TRIAL_Black_20261007_105202,51.0,8658.35,269.35795,1.106449653090768,0.6850912848758597
TRIAL_Black_20261007_105202,52.0,8911.2,272.0704,1.1197084826697592,0.9719449707584077
TRIAL_Black_20261007_105202,53.0,9332.35,274.88635,1.1301522242881221,1.1466518387121873
TRIAL_Black_20261007_105202,54.0,9792.000000000002,277.3774,1.1389235938591296,1.2350262717088905
TRIAL_Black_20261007_105202,55.00000000000001,10052.0,277.8285,1.145378243295664,1.1227089784897841
TRIAL_Black_20261007_105202,56.00000000000001,10403.200000000003,277.6076,1.1492313575828876,1.2887728554273277
TRIAL_Black_20261007_105202,57.00000000000001,10811.650000000003,276.8514,1.1511864946972796,1.6056218887422082
TRIAL_Black_20261007_105202,57.99999999999999,11223.099999999999,274.71160000000003,1.149877419357526,1.644034022410307
TRIAL_Black_20261007_105202,59.0,11640.849999999999,272.28585,1.1471443398533145,1.6362005111271292
TRIAL_Black_20261007_105202,60.0,12064.0,269.615,1.143190685350996,1.5887278755999985
TRIAL_Black_20261007_105202,61.0,12498.849999999999,262.34865,1.1368408092514484,1.7169876474160732
TRIAL_Black_20261007_105202,62.0,12902.5,255.2857,1.1289861535371053,1.789945617543776
TRIAL_Black_20261007_105202,63.0,13269.75,248.46005,1.119375921605501,1.7983848190350438
TRIAL_Black_20261007_105202,64.0,13652.0,239.83679999999998,1.1080290165863835,1.9654291491892733
TRIAL_Black_20261007_105202,65.0,14096.0,230.70175,1.095129959611178,2.1687817541192254
TRIAL_Black_20261007_105202,66.0,14636.800000000003,220.98749999999995,1.0799790159179006,2.40908024820194
TRIAL_Black_20261007_105202,67.0,15053.85,208.03924999999995,1.0529463865844926,2.405233894045841
TRIAL_Black_20261007_105202,68.0,15450.800000000001,195.6616,1.0255424823596322,2.406681396146874
TRIAL_Black_20261007_105202,69.0,15853.150000000003,185.89079999999993,1.0021638992090576,2.519917512742329
TRIAL_Black_20261007_105202,70.0,16208.000000000002,177.19349999999994,0.9775546184565708,2.600362819445069
TRIAL_Black_20261007_105202,71.0,16564.049999999996,169.99905000000004,0.9520820648395464,2.668807987741608
TRIAL_Black_20261007_105202,72.0,16971.6,166.7406,0.924962632609308,2.73004350457686
TRIAL_Black_20261007_105202,73.0,17334.6,163.44345,0.8893643204879046,2.7458402386777587
TRIAL_Black_20261007_105202,74.0,17653.2,160.06220000000002,0.8510708440113278,2.7684029501417156
TRIAL_Black_20261007_105202,75.0,17836.5,156.31300000000002,0.8186801144263679,2.939251117119804
TRIAL_Black_20261007_105202,76.0,18014.6,155.2058,0.7846275630039974,2.8788712854597382
TRIAL_Black_20261007_105202,77.0,18189.55,155.5523,0.7496070924289354,2.6809462715067687
TRIAL_Black_20261007_105202,78.0,18365.7,153.5282,0.715435255802156,2.566689059825102
TRIAL_Black_20261007_105202,79.0,18542.55,151.59965,0.680640177832013,2.5296459065684203
TRIAL_Black_20261007_105202,80.0,18720.0,149.753,0.6453108929961302,2.558786231961725
TRIAL_Black_20261007_105202,81.0,18710.25,141.80479999999997,0.6111817938245396,2.463456643071737
TRIAL_Black_20261007_105202,82.0,18699.9,135.68179999999998,0.5769274301863642,2.4034327940467035
TRIAL_Black_20261007_105202,83.0,18688.85,131.6882,0.5425269246705061,2.3845989748641157
TRIAL_Black_20261007_105202,84.0,18543.4,130.739,0.509597834690036,2.369821449525799
TRIAL_Black_20261007_105202,85.0,18507.25,131.57575,0.4704505274137709,2.3584395097472286
TRIAL_Black_20261007_105202,86.0,18663.899999999998,134.86409999999998,0.42115788372618324,2.351949667685016
TRIAL_Black_20261007_105202,87.0,18626.4,131.91985000000003,0.3869401157946041,2.2457812355748317
TRIAL_Black_20261007_105202,88.0,18656.8,129.1156,0.3557125432565351,2.1696756229115874
TRIAL_Black_20261007_105202,89.0,18919.399999999998,129.17605,0.32504591572640595,2.2019889590235833
TRIAL_Black_20261007_105202,90.0,18980.0,128.1265,0.29462434648891866,2.300956196945803
TRIAL_Black_20261007_105202,91.0,19023.8,126.913,0.26420173038169037,2.3733206996687906
TRIAL_Black_20261007_105202,92.0,19213.6,126.263,0.2335305664160164,2.2903555165841145
TRIAL_Black_20261007_105202,93.0,19390.8,126.54855,0.20333162147911077,2.251150375728483
TRIAL_Black_20261007_105202,94.0,19550.8,127.43400000000001,0.17337322447946735,2.2318945190049724
TRIAL_Black_20261007_105202,95.0,19647.0,129.33200000000002,0.14358352795333248,2.215390732892685
TRIAL_Black_20261007_105202,96.0,19684.0,130.934,0.11429868020615735,2.212753190025316
TRIAL_Black_20261007_105202,97.0,19697.3,132.38285,0.08530384943532418,2.2231398415366526
TRIAL_Black_20261007_105202,98.0,19870.2,134.2139,0.05600285653840299,2.285820001255569
TRIAL_Black_20261007_105202,99.0,19805.100000000002,133.35415,0.02761155888088558,2.329365092504754
TRIAL_Black_20261007_105202,100.0,19536.0,130.188,0.0,2.356508696494169
TRIAL_Black_20261007_105224,0.0,5688.0,9.22,0.0,0.11437105763838826
TRIAL_Black_20261007_105224,1.0,5641.2,7.18095,0.020658752965870174,0.12415840208368886
TRIAL_Black_20261007_105224,2.0,5616.0,7.3469,0.04185338495182342,0.11863239647439987
TRIAL_Black_20261007_105224,3.0,5616.0,10.085349999999998,0.06367320912787358,0.09524081580142299
TRIAL_Black_20261007_105224,4.0,5616.0,7.5126,0.08547161370095892,0.1217761251774992
TRIAL_Black_20261007_105224,5.0,5653.75,6.717499999999999,0.10699822346646805,0.13382013089509598
TRIAL_Black_20261007_105224,6.0,5751.9,9.474799999999998,0.1280928174869172,0.11602113208591863
TRIAL_Black_20261007_105224,7.000000000000001,5767.0,9.525549999999999,0.14947903704986704,0.10364110125004945
TRIAL_Black_20261007_105224,8.0,5797.6,8.376000000000001,0.17426113427697956,0.09771827323296772
TRIAL_Black_20261007_105224,9.0,5897.05,5.633000000000003,0.20656465489016246,0.10410730102362258
TRIAL_Black_20261007_105224,10.0,5920.0,6.7425,0.23069324763562138,0.08527033482873699
TRIAL_Black_20261007_105224,11.0,5897.05,8.1727,0.2522567844518075,0.06902802438708006
TRIAL_Black_20261007_105224,12.0,5797.6,6.819400000000001,0.27344506270480823,0.08666056044172578
TRIAL_Black_20261007_105224,13.0,5734.15,8.368149999999998,0.29522254668307424,0.09774972879922245
TRIAL_Black_20261007_105224,14.000000000000002,5686.7,10.8332,0.31717314825925713,0.10123590496645835
TRIAL_Black_20261007_105224,15.0,5639.25,11.243999999999998,0.3386356159622238,0.07890052290251356
TRIAL_Black_20261007_105224,16.0,5590.2,10.529200000000001,0.36033376540106504,0.06291674115059517
TRIAL_Black_20261007_105224,17.0,5547.85,9.431700000000001,0.38215848058332913,0.0531874554291846
TRIAL_Black_20261007_105224,18.0,5597.9,12.183799999999996,0.4037343716676084,0.0708751197336692
TRIAL_Black_20261007_105224,19.0,5646.55,13.7564,0.4254634272763102,0.1124819568071676
TRIAL_Black_20261007_105224,20.0,5694.0,14.318,0.4473237667630884,0.17459094196839217
TRIAL_Black_20261007_105224,21.0,5741.45,9.607450000000009,0.46989343885405377,0.23220375913825067
TRIAL_Black_20261007_105224,22.0,5835.099999999999,8.461199999999996,0.49316081349508345,0.25508185593939586
TRIAL_Black_20261007_105224,23.0,5982.65,11.473299999999998,0.5172421744445215,0.23743611231037504
TRIAL_Black_20261007_105224,24.0,6127.2,16.500799999999987,0.5412791817417939,0.21178542165560243
TRIAL_Black_20261007_105224,25.0,6274.5,22.193999999999992,0.5655776203184277,0.21473279765601988
TRIAL_Black_20261007_105224,26.0,6426.6,28.683599999999995,0.5903002627623286,0.2645044065748422
TRIAL_Black_20261007_105224,27.0,6532.5,35.1358,0.6257781017060638,0.2725045049863777
TRIAL_Black_20261007_105224,28.000000000000004,6626.8,41.437400000000004,0.6596099327412899,0.29307216991711543
TRIAL_Black_20261007_105224,28.999999999999996,6713.9,47.41544999999998,0.6853383928688016,0.35900520472358416
TRIAL_Black_20261007_105224,30.0,6845.0,53.08999999999998,0.7126075069033071,0.38348614895365213
TRIAL_Black_20261007_105224,31.0,6944.900000000001,58.53534999999999,0.7401475220354555,0.4117153540468852
TRIAL_Black_20261007_105224,32.0,6896.8,63.520199999999996,0.76704988691942,0.49389085259373805
TRIAL_Black_20261007_105224,33.0,6882.0,71.1011,0.795025689076644,0.5237746691382116
TRIAL_Black_20261007_105224,34.0,6872.7,79.4842,0.8234437690985599,0.533275903138183
TRIAL_Black_20261007_105224,35.0,6812.25,85.93350000000001,0.8516704195972037,0.558497044704764
TRIAL_Black_20261007_105224,36.0,6826.2,94.34159999999997,0.8800018816262493,0.5995078342270392
TRIAL_Black_20261007_105224,37.0,6878.3,104.22154999999997,0.9084168245128748,0.6465980878858251
TRIAL_Black_20261007_105224,38.0,6830.2,117.07269999999998,0.9370474512124431,0.648219551515026
TRIAL_Black_20261007_105224,39.0,6833.9,128.78355,0.9653921551695552,0.5675311143493198
TRIAL_Black_20261007_105224,40.0,6882.0,139.517,0.993491782490276,0.41629133364512144
TRIAL_Black_20261007_105224,41.0,7123.8,151.16435,1.020426033433802,0.5078304099495324
TRIAL_Black_20261007_105224,42.0,7357.799999999999,162.30499999999995,1.0470183645389917,0.5584848109441456
TRIAL_Black_20261007_105224,43.0,7582.699999999999,172.85449999999997,1.0732117891661224,0.5614404240773282
TRIAL_Black_20261007_105224,44.0,7705.599999999999,180.83059999999998,1.097645151531968,0.598843840350495
TRIAL_Black_20261007_105224,45.0,7890.0,188.07874999999999,1.125153693492748,0.6884801803377598
TRIAL_Black_20261007_105224,46.0,8186.4,194.5053,1.1578171977735943,0.8570961578489175
TRIAL_Black_20261007_105224,47.0,8332.65,203.7407,1.178268464886907,0.8386601242432372
TRIAL_Black_20261007_105224,48.0,8509.599999999999,213.45479999999995,1.1958103691816044,0.8087185314955001
TRIAL_Black_20261007_105224,49.0,8817.05,223.09689999999998,1.2118021223393178,0.8294107079532053
TRIAL_Black_20261007_105224,50.0,9267.0,230.2065,1.2264070036499992,1.057498259711548
TRIAL_Black_20261007_105224,51.0,9673.300000000001,235.65980000000002,1.2396766263723937,1.2737316955535283
TRIAL_Black_20261007_105224,52.0,9791.6,238.12460000000002,1.2498822589808636,1.243056036373664
TRIAL_Black_20261007_105224,53.0,10058.400000000001,241.81835,1.2589928286957937,1.2848230073583924
TRIAL_Black_20261007_105224,54.0,10403.600000000002,246.39210000000003,1.267422946608741,1.3742408603419323
TRIAL_Black_20261007_105224,55.00000000000001,10817.000000000002,252.80175000000003,1.2747874000172148,1.5486565794721499
TRIAL_Black_20261007_105224,56.00000000000001,11272.000000000002,258.2162,1.2758112243710185,1.8320291071622279
TRIAL_Black_20261007_105224,57.00000000000001,11754.200000000004,262.90970000000004,1.2727161207807878,2.1549461961732113
TRIAL_Black_20261007_105224,57.99999999999999,12250.799999999997,266.4158,1.2677485997721731,2.1352219568361486
TRIAL_Black_20261007_105224,59.0,12804.449999999997,269.3815,1.261517167533387,2.0814098009329203
TRIAL_Black_20261007_105224,60.0,13407.0,271.884,1.2542023828115971,1.9983794308301213
TRIAL_Black_20261007_105224,61.0,13711.199999999999,275.08265,1.2444267981926793,2.20045320631035
TRIAL_Black_20261007_105224,62.0,14124.3,277.3687,1.233513767654282,2.368507101365328
TRIAL_Black_20261007_105224,63.0,14664.45,278.59005,1.2212737168764922,2.496871135924179
TRIAL_Black_20261007_105224,64.0,15157.2,279.86,1.1981813083480892,2.565150084806541
TRIAL_Black_20261007_105224,65.0,15613.5,279.17650000000003,1.175533638963575,2.6656547634016627
TRIAL_Black_20261007_105224,66.0,16017.800000000001,275.361,1.1550445332426984,2.825731954294067
TRIAL_Black_20261007_105224,67.0,16286.800000000001,271.42945,1.1326448866970649,2.6429432013354086
TRIAL_Black_20261007_105224,68.0,16639.800000000003,267.436,1.10957212716402,2.4940891401784175
TRIAL_Black_20261007_105224,69.0,17237.150000000005,263.35075,1.0857664482921539,2.5618514762415154
TRIAL_Black_20261007_105224,70.0,17704.500000000004,256.53749999999997,1.060174127994324,2.70586638805388
TRIAL_Black_20261007_105224,71.0,18074.5,249.13745000000006,1.0336105284918904,2.8726432380414293
TRIAL_Black_20261007_105224,72.0,18250.0,242.50940000000003,1.0055959730667392,3.039040639530339
TRIAL_Black_20261007_105224,73.0,18680.199999999997,232.70840000000004,0.9768451755978371,2.9859902368262223
TRIAL_Black_20261007_105224,74.0,19195.8,221.93170000000003,0.9471804020357684,2.862362260700456
TRIAL_Black_20261007_105224,75.0,19558.5,213.54475,0.9142884627348967,2.8869855965607982
TRIAL_Black_20261007_105224,76.0,19810.8,205.0726,0.8813745158899086,2.9262694524284796
TRIAL_Black_20261007_105224,77.0,20007.8,196.58460000000002,0.8482248275128844,2.9704378193291006
TRIAL_Black_20261007_105224,78.0,20369.2,188.5454,0.8124112973323022,2.9632664185699458
TRIAL_Black_20261007_105224,79.0,21002.2,180.69379999999998,0.7768801778746978,2.9647767749438065
TRIAL_Black_20261007_105224,80.0,21868.0,173.003,0.7415911247510742,2.97372863743168
TRIAL_Black_20261007_105224,81.0,22061.05,165.24979999999996,0.7044631042593053,2.8974512923212914
TRIAL_Black_20261007_105224,82.0,22246.3,160.30039999999997,0.6591227572811946,2.8264885909741824
TRIAL_Black_20261007_105224,83.0,22422.45,158.6221,0.6042013627356856,2.761726307350899
TRIAL_Black_20261007_105224,84.0,22712.0,156.6156,0.5672424023832524,2.845624847251378
TRIAL_Black_20261007_105224,85.0,23008.25,153.96725,0.5314074821623225,2.8829363539328328
TRIAL_Black_20261007_105224,86.0,23300.1,150.3357,0.4949760349260548,2.8258871643273444
TRIAL_Black_20261007_105224,87.0,23345.0,150.7043,0.4583523252415146,2.9391877370074133
TRIAL_Black_20261007_105224,88.0,23316.0,151.3624,0.42111909904933165,3.004672049668159
TRIAL_Black_20261007_105224,89.0,23221.75,151.03545,0.3825931135347005,2.8928812381686075
TRIAL_Black_20261007_105224,90.0,23345.0,153.688,0.34540043166636153,2.812992444429282
TRIAL_Black_20261007_105224,91.0,23508.9,155.402,0.30845636138507515,2.7473879158941603
TRIAL_Black_20261007_105224,92.0,23590.8,151.008,0.2710076927476716,2.6974955869461548
TRIAL_Black_20261007_105224,93.0,23477.85,149.90395,0.23449712350809396,2.6952500234162273
TRIAL_Black_20261007_105224,94.0,23282.1,149.84409999999997,0.1983908625881932,2.687177564921386
TRIAL_Black_20261007_105224,95.0,23107.25,147.48525,0.1622151655651633,2.530587313097555
TRIAL_Black_20261007_105224,96.0,23082.399999999998,148.70999999999998,0.12725341443537558,2.4367925294859405
TRIAL_Black_20261007_105224,97.0,23146.0,151.8294,0.09313578097144223,2.3865254431106644
TRIAL_Black_20261007_105224,98.0,23146.0,150.8076,0.06004296529845311,2.3876247119798455
TRIAL_Black_20261007_105224,99.0,23052.9,150.38395,0.029100082742097768,2.437721622388814
TRIAL_Black_20261007_105224,100.0,22880.0,150.473,0.0,2.5298165112604587
TRIAL_Black_20261007_105246,0.0,5727.0,9.22,0.0,0.8581211572212062
TRIAL_Black_20261007_105246,1.0,5780.95,8.74225,0.005872684046847541,0.7920665393327173
TRIAL_Black_20261007_105246,2.0,5785.1,8.282499999999999,0.01366062553164573,0.8184219150523449
TRIAL_Black_20261007_105246,3.0,5731.15,7.84375,0.023683034027386345,0.9525889499814414
TRIAL_Black_20261007_105246,4.0,5768.4,8.8162,0.03726271908270428,0.9097223737633064
TRIAL_Black_20261007_105246,5.0,5817.0,9.35125,0.051715478950214104,0.8539111412598862
TRIAL_Black_20261007_105246,6.0,5871.6,8.9983,0.06709085497595396,0.8009929401863072
TRIAL_Black_20261007_105246,7.000000000000001,5841.5,8.4589,0.08380294430962107,0.8631988606324152
TRIAL_Black_20261007_105246,8.0,5807.2,7.9056,0.10107325574973976,0.9100958686841574
TRIAL_Black_20261007_105246,9.0,5798.1,7.3973,0.11905272966704061,0.875451592317795
TRIAL_Black_20261007_105246,10.0,5803.0,8.5645,0.13798506409502456,0.8483642730496774
TRIAL_Black_20261007_105246,11.0,5810.0,9.91605,0.15725857753194453,0.8352823645909171
TRIAL_Black_20261007_105246,12.0,5810.0,10.2066,0.17671649382130164,0.8613282017317697
TRIAL_Black_20261007_105246,13.0,5841.5,10.2519,0.20336311998728268,0.8590272872835081
TRIAL_Black_20261007_105246,14.000000000000002,5873.0,10.2078,0.23187003065233766,0.8491395446347375
TRIAL_Black_20261007_105246,15.0,5827.5,10.2715,0.25303610414166294,0.8668163063232255
TRIAL_Black_20261007_105246,16.0,5810.0,9.5716,0.27408976221184245,0.9019669101758986
TRIAL_Black_20261007_105246,17.0,5809.3,8.57555,0.2950941628145684,0.942633113604586
TRIAL_Black_20261007_105246,18.0,5800.2,9.752699999999997,0.31635058945144473,0.9184326957140556
TRIAL_Black_20261007_105246,19.0,5771.85,10.13955,0.33775016104740646,0.9439325226154239
TRIAL_Black_20261007_105246,20.0,5727.0,9.849,0.3592724283225841,1.0120325593384198
TRIAL_Black_20261007_105246,21.0,5682.15,9.000750000000002,0.38215914771140136,1.0398836336357657
TRIAL_Black_20261007_105246,22.0,5608.8,7.730100000000002,0.4047174043091953,0.9831230961634982
TRIAL_Black_20261007_105246,23.0,5502.2,5.966650000000001,0.4268924543174619,0.8276490116266811
TRIAL_Black_20261007_105246,24.0,5461.6,11.704399999999985,0.44979067287014524,0.9155701698380041
TRIAL_Black_20261007_105246,25.0,5494.5,15.224,0.47236253272093465,0.9466863649959315
TRIAL_Black_20261007_105246,26.0,5636.2,14.1944,0.49431579617610494,0.8544619202353392
TRIAL_Black_20261007_105246,27.0,5741.6,28.274950000000004,0.5170664585803855,0.8853588207016321
TRIAL_Black_20261007_105246,28.000000000000004,5953.000000000001,43.28540000000001,0.5401772745614674,0.9967052362708642
TRIAL_Black_20261007_105246,28.999999999999996,6417.749999999998,54.206699999999955,0.5637722274293525,1.2386952377743454
TRIAL_Black_20261007_105246,30.0,6474.5,66.91549999999997,0.5879859157571873,1.3213443700013632
TRIAL_Black_20261007_105246,31.0,6389.200000000001,79.54959999999998,0.6135930764769496,1.3303728987033485
TRIAL_Black_20261007_105246,32.0,6238.400000000001,90.14719999999998,0.6432264097098547,1.2533402849316941
TRIAL_Black_20261007_105246,33.0,6165.0,101.17814999999999,0.67968346107463,1.063483957490514
TRIAL_Black_20261007_105246,34.0,6147.8,111.9897,0.7169098389507688,0.8453657417356831
TRIAL_Black_20261007_105246,35.0,6250.5,120.53525000000002,0.7416873127615026,0.747598440336837
TRIAL_Black_20261007_105246,36.0,6314.4,131.00439999999995,0.765793090486619,0.8005328770794808
TRIAL_Black_20261007_105246,37.0,6351.0,142.94454999999996,0.7894453836024206,0.9366070624329779
TRIAL_Black_20261007_105246,38.0,6351.0,158.10969999999998,0.8126935820485691,0.9400951950555259
TRIAL_Black_20261007_105246,39.0,6351.0,169.32614999999998,0.8355708683486575,0.8847159676662276
TRIAL_Black_20261007_105246,40.0,6351.0,177.158,0.858130229952123,0.7788790031239181
TRIAL_Black_20261007_105246,41.0,6727.35,187.233,0.879030523713633,0.8661958067624969
TRIAL_Black_20261007_105246,42.0,6984.0,195.86679999999996,0.8998387449129389,0.9238442583310051
TRIAL_Black_20261007_105246,43.0,7101.0,202.8192,0.9205395481230069,0.946879632484432
TRIAL_Black_20261007_105246,44.0,7204.8,208.7582,0.9400018230209075,0.8974930601262237
TRIAL_Black_20261007_105246,45.0,7422.249999999999,215.79725,0.9589218818803897,0.8628326756745427
TRIAL_Black_20261007_105246,46.0,7823.3,224.73149999999998,0.9771395321866913,0.8613904514081905
TRIAL_Black_20261007_105246,47.0,8129.75,230.8745,0.9936089537181952,0.7934288007945379
TRIAL_Black_20261007_105246,48.0,8421.399999999998,236.6306,1.0093604827334346,0.7733516116452939
TRIAL_Black_20261007_105246,49.0,8718.449999999999,242.65804999999997,1.0242119380858596,0.8882269533875935
TRIAL_Black_20261007_105246,50.0,8977.0,246.11,1.0375665268915721,0.9229329545069431
TRIAL_Black_20261007_105246,51.0,9225.2,249.39485000000002,1.051404003204561,0.934888098990061
TRIAL_Black_20261007_105246,52.0,9477.4,254.69819999999999,1.0683479710885184,0.9511763953086906
TRIAL_Black_20261007_105246,53.0,9872.250000000002,256.1509,1.080203436382588,0.9053756727550568
TRIAL_Black_20261007_105246,54.0,10312.000000000002,255.77679999999998,1.0895141902750518,0.8479024821194943
TRIAL_Black_20261007_105246,55.00000000000001,10650.000000000002,254.768,1.0972675933450753,0.8780038742766301
TRIAL_Black_20261007_105246,56.00000000000001,10988.000000000002,253.9132,1.1032501177156282,0.8750263074878243
TRIAL_Black_20261007_105246,57.00000000000001,11333.000000000004,252.98959999999997,1.107994335722152,0.8504568899381402
TRIAL_Black_20261007_105246,57.99999999999999,11761.999999999998,250.08540000000002,1.1111604676063547,0.8148774553524762
TRIAL_Black_20261007_105246,59.0,12110.499999999998,247.30545,1.1134263870093397,0.8940494862072234
TRIAL_Black_20261007_105246,60.0,12390.0,244.632,1.1149206957141384,1.0715799160108972
TRIAL_Black_20261007_105246,61.0,12987.999999999998,243.35150000000002,1.11280148774533,0.9573396080985915
TRIAL_Black_20261007_105246,62.0,13449.8,241.23880000000003,1.1094110273470825,0.9764166103334333
TRIAL_Black_20261007_105246,63.0,13752.7,238.1552,1.1045374391144893,1.1510304744066162
TRIAL_Black_20261007_105246,64.0,14204.4,232.4988,1.0968367974058044,1.3107049695829123
TRIAL_Black_20261007_105246,65.0,14643.5,227.45999999999998,1.0877353004100598,1.4667221405155952
TRIAL_Black_20261007_105246,66.0,15042.600000000002,223.75239999999997,1.0767693754184988,1.6188795085114156
TRIAL_Black_20261007_105246,67.0,15448.300000000001,218.55374999999998,1.0611084185667763,1.7442323971304832
TRIAL_Black_20261007_105246,68.0,15855.800000000001,212.66299999999998,1.0437650151453512,1.8307532270162121
TRIAL_Black_20261007_105246,69.0,16264.650000000003,205.82499999999996,1.0245568017939797,1.8408673935878732
TRIAL_Black_20261007_105246,70.0,16554.5,195.51499999999993,0.9928813280583103,1.8690534637056142
TRIAL_Black_20261007_105246,71.0,16867.899999999998,185.32365000000004,0.9594031728295441,1.8815020977907595
TRIAL_Black_20261007_105246,72.0,17378.8,178.99980000000002,0.9323833396747511,1.8234207082211706
TRIAL_Black_20261007_105246,73.0,17776.3,172.68990000000002,0.9042967048799905,1.847992753016016
TRIAL_Black_20261007_105246,74.0,18109.0,166.31560000000002,0.8754529534708316,1.9138330160696244
TRIAL_Black_20261007_105246,75.0,18362.5,159.553,0.8450527980246246,2.0046067511000345
TRIAL_Black_20261007_105246,76.0,18732.0,156.0832,0.8139580280666199,1.9891080984477574
TRIAL_Black_20261007_105246,77.0,19160.55,154.57395,0.7823324392857574,1.9161859943423836
TRIAL_Black_20261007_105246,78.0,19427.7,151.8953,0.7495466334690831,1.951225380420006
TRIAL_Black_20261007_105246,79.0,19555.55,148.04799999999997,0.7160033323179169,1.9258525182826056
TRIAL_Black_20261007_105246,80.0,19564.0,143.199,0.6818107494514719,1.8486977291037578
TRIAL_Black_20261007_105246,81.0,19746.65,141.69815,0.6477153874911485,1.842853184785701
TRIAL_Black_20261007_105246,82.0,20011.500000000004,140.15859999999998,0.6133050695656161,1.8340758133682216
TRIAL_Black_20261007_105246,83.0,20372.25,138.57389999999998,0.5785273030140062,1.821876810334749
TRIAL_Black_20261007_105246,84.0,20325.6,137.5436,0.5445730891730869,1.8067006739035583
TRIAL_Black_20261007_105246,85.0,20344.5,137.35625,0.5107271108739451,1.7629702024747007
TRIAL_Black_20261007_105246,86.0,20522.6,138.44369999999998,0.4769445024135557,1.6739497461692725
TRIAL_Black_20261007_105246,87.0,20700.7,135.38195000000002,0.44280048168345804,1.771533874750637
TRIAL_Black_20261007_105246,88.0,20882.0,132.1226,0.40314299659622294,1.897653608581256
TRIAL_Black_20261007_105246,89.0,21070.5,130.11605,0.35122806717940036,2.0116402149508246
TRIAL_Black_20261007_105246,90.0,21045.0,128.33249999999998,0.30824142105491104,1.9312010928367798
TRIAL_Black_20261007_105246,91.0,20994.3,127.58965,0.26932018408295727,1.8042402849321413
TRIAL_Black_20261007_105246,92.0,21073.6,130.0928,0.2350220276604552,1.7166329195424714
TRIAL_Black_20261007_105246,93.0,20898.649999999998,130.9728,0.20085632615970903,1.6950374774603474
TRIAL_Black_20261007_105246,94.0,20628.0,130.38739999999999,0.16678060177558515,1.7104978356490996
TRIAL_Black_20261007_105246,95.0,20452.5,125.71,0.13287597283525862,1.7684026161314454
TRIAL_Black_20261007_105246,96.0,20439.0,124.3082,0.09913415100451173,1.7610291435842453
TRIAL_Black_20261007_105246,97.0,20499.0,125.14665,0.06552912553152916,1.7212282418255371
TRIAL_Black_20261007_105246,98.0,20226.0,128.3011,0.03234460302987886,1.7818850872503367
TRIAL_Black_20261007_105246,99.0,20193.8,129.63275,0.011068635218926075,1.7927544137893603
TRIAL_Black_20261007_105246,100.0,20368.0,129.402,0.0,1.7609487241405752
TRIAL_Black_20261007_105342,0.0,5950.0,5.0,0.0,0.22305265707196334
TRIAL_Black_20261007_105342,1.0,5950.0,9.017,0.012520092948249704,0.21191536312288994
TRIAL_Black_20261007_105342,2.0,5929.0,10.8854,0.0257100042466074,0.18009265191398888
TRIAL_Black_20261007_105342,3.0,5883.5,10.2471,0.03968137028675774,0.12413695390195549
TRIAL_Black_20261007_105342,4.0,5922.0,9.6112,0.0534128403066423,0.1884633828610418
TRIAL_Black_20261007_105342,5.0,5932.5,8.68275,0.06705158238498085,0.2278554583906466
TRIAL_Black_20261007_105342,6.0,5887.0,7.285900000000001,0.08057394589288124,0.21131495150359833
TRIAL_Black_20261007_105342,7.000000000000001,5918.5,8.25295,0.09400328242319902,0.18786867671634963
TRIAL_Black_20261007_105342,8.0,5936.0,9.22,0.1073385685373361,0.1878441270299788
TRIAL_Black_20261007_105342,9.0,5890.5,9.22,0.12050029770589582,0.243343545688847
TRIAL_Black_20261007_105342,10.0,5915.0,8.641,0.13324329949880356,0.20180865614937105
TRIAL_Black_20261007_105342,11.0,5939.5,8.352699999999999,0.1473623162205611,0.16211093502244836
TRIAL_Black_20261007_105342,12.0,5894.0,9.6124,0.16648677674746995,0.22557141680238127
TRIAL_Black_20261007_105342,13.0,5880.0,10.0891,0.1810176412464877,0.22623569297972768
TRIAL_Black_20261007_105342,14.000000000000002,5887.0,10.0782,0.1934990180225005,0.20979737545404206
TRIAL_Black_20261007_105342,15.0,5932.5,9.299500000000002,0.2059370026123865,0.2527966284791145
TRIAL_Black_20261007_105342,16.0,5950.0,9.022,0.2180742580157823,0.2718731744831633
TRIAL_Black_20261007_105342,17.0,5946.5,8.760349999999999,0.22999611039187448,0.2730713295556107
TRIAL_Black_20261007_105342,18.0,5901.0,4.929900000000006,0.24158859533900046,0.23914909610652008
TRIAL_Black_20261007_105342,19.0,5880.0,5.968299999999996,0.25345882921720964,0.2262329936574615
TRIAL_Black_20261007_105342,20.0,5880.0,11.18,0.2655671336077758,0.23132214635128767
TRIAL_Black_20261007_105342,21.0,5880.0,10.699,0.27740601265023146,0.21574125879209147
TRIAL_Black_20261007_105342,22.0,5875.5,11.475599999999996,0.28960129910231497,0.1878455953526464
TRIAL_Black_20261007_105342,23.0,5865.75,13.719399999999998,0.30221239419896423,0.14558269338624427
TRIAL_Black_20261007_105342,24.0,5823.6,17.20639999999999,0.31454074892904876,0.16992662033842446
TRIAL_Black_20261007_105342,25.0,5820.25,19.92975,0.32665436676298926,0.22729817039447645
TRIAL_Black_20261007_105342,26.0,5883.3,21.2655,0.3384621042786411,0.3286330068942458
TRIAL_Black_20261007_105342,27.0,5932.05,22.02155,0.34976015614186656,0.2506297554253617
TRIAL_Black_20261007_105342,28.000000000000004,5995.2,23.418200000000006,0.3608413446985463,0.19681239369567483
TRIAL_Black_20261007_105342,28.999999999999996,6096.599999999999,26.49334999999999,0.37164309858239997,0.270778865320903
TRIAL_Black_20261007_105342,30.0,6113.0,32.42299999999998,0.3865407011250275,0.2714618010132409
TRIAL_Black_20261007_105342,31.0,6106.0,38.20654999999999,0.40134740134927177,0.27298265897616436
TRIAL_Black_20261007_105342,32.0,6106.0,40.648599999999995,0.4117552451867984,0.35058012710726594
TRIAL_Black_20261007_105342,33.0,6106.0,43.61625,0.42134563730161806,0.3992034240988896
TRIAL_Black_20261007_105342,34.0,6090.4,46.880900000000004,0.43061097492244665,0.43799097007532056
TRIAL_Black_20261007_105342,35.0,5989.0,50.49425000000001,0.44008672814849636,0.4935076371424715
TRIAL_Black_20261007_105342,36.0,5922.0,56.53279999999997,0.4496074263553682,0.4874790853777754
TRIAL_Black_20261007_105342,37.0,5879.25,63.94074999999999,0.45919387189666555,0.43615653744350574
TRIAL_Black_20261007_105342,38.0,5869.5,69.59249999999999,0.46923219809490263,0.30289517671320354
TRIAL_Black_20261007_105342,39.0,5865.0,75.8984,0.4795819961453932,0.24183065162577272
TRIAL_Black_20261007_105342,40.0,5865.0,82.765,0.490198770069244,0.24264912851794623
TRIAL_Black_20261007_105342,41.0,6021.650000000001,90.02940000000001,0.5008739432300097,0.39030813302168116
TRIAL_Black_20261007_105342,42.0,6174.999999999999,100.64779999999995,0.5119594391328824,0.5183409499668017
TRIAL_Black_20261007_105342,43.0,6324.5,115.17919999999995,0.5235236449015471,0.6234765480935403
TRIAL_Black_20261007_105342,44.0,6198.0,129.16459999999995,0.5366659525076284,0.6486735510999967
TRIAL_Black_20261007_105342,45.0,6067.0,141.65599999999998,0.5502196170422267,0.6492680670704868
TRIAL_Black_20261007_105342,46.0,5965.6,151.8298,0.5642210390841298,0.6211570831328019
TRIAL_Black_20261007_105342,47.0,5865.3,163.0695,0.5787223763374993,0.6169824095470493
TRIAL_Black_20261007_105342,48.0,5782.2,172.92659999999998,0.5955272153797938,0.5851933134982299
TRIAL_Black_20261007_105342,49.0,5737.35,179.2368,0.6173104226788422,0.48147963994535475
TRIAL_Black_20261007_105342,50.0,5761.5,185.9105,0.6324773234287383,0.4945278218700764
TRIAL_Black_20261007_105342,51.0,5819.1,192.86440000000002,0.6456647213320847,0.5452903362732515
TRIAL_Black_20261007_105342,52.0,5919.2,200.3888,0.6588700829627514,0.6050054367936727
TRIAL_Black_20261007_105342,53.0,5950.0,207.40605000000002,0.6719016000403221,0.6632874964094794
TRIAL_Black_20261007_105342,54.0,5965.6,214.10740000000004,0.6849027860411674,0.7176836875571783
TRIAL_Black_20261007_105342,55.00000000000001,6067.0,220.311,0.6981621044720349,0.7542105910082313
TRIAL_Black_20261007_105342,56.00000000000001,6268.4000000000015,226.25940000000003,0.7113768008698346,0.8353257358715998
TRIAL_Black_20261007_105342,57.00000000000001,6515.700000000001,232.10435000000007,0.7244796610199731,0.9417700167158677
TRIAL_Black_20261007_105342,57.99999999999999,6563.8,238.62189999999995,0.7365751514461855,1.017752118738567
TRIAL_Black_20261007_105342,59.0,6733.3499999999985,243.41009999999997,0.747922764276362,1.0378458621142679
TRIAL_Black_20261007_105342,60.0,7007.0,246.716,0.758629339167079,1.0100352980782537
TRIAL_Black_20261007_105342,61.0,7227.999999999999,249.05859999999998,0.7673439353829995,1.0799136863281364
TRIAL_Black_20261007_105342,62.0,7479.9,251.55689999999998,0.7752969463121606,1.1464814009292985
TRIAL_Black_20261007_105342,63.0,7767.85,254.23685,0.7823614410734356,1.2091866629402865
TRIAL_Black_20261007_105342,64.0,8114.0,253.99300000000002,0.7870497600842838,1.3176165898605583
TRIAL_Black_20261007_105342,65.0,8469.5,254.48125000000002,0.790450134282336,1.4147440866204946
TRIAL_Black_20261007_105342,66.0,8832.2,256.5307,0.7921066202133047,1.4876910731359887
TRIAL_Black_20261007_105342,67.0,9204.800000000001,252.9795,0.7902669050680085,1.6493585744230046
TRIAL_Black_20261007_105342,68.0,9542.800000000001,249.4286,0.7865384937204131,1.7933126577759864
TRIAL_Black_20261007_105342,69.0,9798.900000000001,248.16955,0.7799907799942984,1.8611167947344982
TRIAL_Black_20261007_105342,70.0,10264.000000000004,244.72449999999998,0.7712413256326749,1.9523668826764813
TRIAL_Black_20261007_105342,71.0,10717.849999999999,240.63175,0.7609854136494957,2.01826950376375
TRIAL_Black_20261007_105342,72.0,10925.199999999999,236.566,0.7479097168966394,1.9762346176851682
TRIAL_Black_20261007_105342,73.0,11173.949999999999,230.1157,0.7333817649294472,1.9602294280282506
TRIAL_Black_20261007_105342,74.0,11451.8,222.73550000000003,0.7179549572407609,1.9427944543460447
TRIAL_Black_20261007_105342,75.0,11788.5,216.06975,0.7011344002744567,1.853867521716239
TRIAL_Black_20261007_105342,76.0,12136.0,206.4024,0.6825968217716378,1.878398546079628
TRIAL_Black_20261007_105342,77.0,12479.449999999999,194.90895000000003,0.6628681884630335,1.961759097818162
TRIAL_Black_20261007_105342,78.0,12693.300000000001,184.01429999999996,0.6417245590088639,1.900139300609475
TRIAL_Black_20261007_105342,79.0,12864.800000000001,175.24904999999998,0.6203711839587408,1.8211894146464322
TRIAL_Black_20261007_105342,80.0,13000.0,168.309,0.5988380269692288,1.7273851668939422
TRIAL_Black_20261007_105342,81.0,13300.300000000001,159.10304999999994,0.5761906252483181,1.7806458134299052
TRIAL_Black_20261007_105342,82.0,13609.000000000002,152.97209999999998,0.5533914713395148,1.754449207841522
TRIAL_Black_20261007_105342,83.0,13927.5,150.42865,0.5304152732115034,1.6355524747747368
TRIAL_Black_20261007_105342,84.0,14094.8,147.00200000000004,0.5074024436562579,1.7470632541931863
TRIAL_Black_20261007_105342,85.0,14245.0,144.24675000000002,0.47931456182422816,1.8862898378188377
TRIAL_Black_20261007_105342,86.0,14388.0,142.6835,0.443111480539642,2.0391407065113127
TRIAL_Black_20261007_105342,87.0,14615.699999999999,141.50085,0.41584143416256936,2.114676546835434
TRIAL_Black_20261007_105342,88.0,14905.2,139.0966,0.38954166359551196,2.1940145239473434
TRIAL_Black_20261007_105342,89.0,15299.099999999999,133.78805,0.36177059022973296,2.313536184073377
TRIAL_Black_20261007_105342,90.0,15525.0,128.99099999999999,0.3324023483217063,2.4079799649153255
TRIAL_Black_20261007_105342,91.0,15697.800000000001,126.397,0.3018990051416629,2.454700055476542
TRIAL_Black_20261007_105342,92.0,15861.6,130.635,0.26920915959714486,2.3674190577194074
TRIAL_Black_20261007_105342,93.0,16257.6,132.2693,0.23655057320221412,2.340093758676669
TRIAL_Black_20261007_105342,94.0,16681.8,132.3494,0.20372456745751613,2.345939399546769
TRIAL_Black_20261007_105342,95.0,16693.5,130.246,0.16990134403455132,2.3876668353022845
TRIAL_Black_20261007_105342,96.0,16850.8,129.6622,0.13579716829216343,2.3464690629206175
TRIAL_Black_20261007_105342,97.0,17085.1,130.159,0.10149976464515743,2.2723400711711053
TRIAL_Black_20261007_105342,98.0,17151.4,132.226,0.0669907685384146,2.4249755080363307
TRIAL_Black_20261007_105342,99.0,17182.0,133.68715,0.033191300717946626,2.491154419265422
TRIAL_Black_20261007_105342,100.0,17182.0,134.629,0.0,2.4832277370921108
