trial,object_color,progress_percent,variable,value
TRIAL_Black_SIM_01,Black,0.000000,object_area,5200.304631
TRIAL_Black_SIM_01,Black,1.000000,object_area,5212.127419
TRIAL_Black_SIM_01,Black,2.000000,object_area,5223.950207
TRIAL_Black_SIM_01,Black,3.000000,object_area,5241.268291
TRIAL_Black_SIM_01,Black,4.000000,object_area,5260.647110
TRIAL_Black_SIM_01,Black,5.000000,object_area,5283.335731
TRIAL_Black_SIM_01,Black,6.000000,object_area,5309.996114
TRIAL_Black_SIM_01,Black,7.000000,object_area,5337.128001
TRIAL_Black_SIM_01,Black,8.000000,object_area,5366.381652
TRIAL_Black_SIM_01,Black,9.000000,object_area,5395.635304
TRIAL_Black_SIM_01,Black,10.000000,object_area,5434.845549
TRIAL_Black_SIM_01,Black,11.000000,object_area,5475.051452
TRIAL_Black_SIM_01,Black,12.000000,object_area,5519.226359
TRIAL_Black_SIM_01,Black,13.000000,object_area,5565.669268
TRIAL_Black_SIM_01,Black,14.000000,object_area,5614.061240
TRIAL_Black_SIM_01,Black,15.000000,object_area,5665.864074
TRIAL_Black_SIM_01,Black,16.000000,object_area,5718.894558
TRIAL_Black_SIM_01,Black,17.000000,object_area,5784.201539
TRIAL_Black_SIM_01,Black,18.000000,object_area,5849.508520
TRIAL_Black_SIM_01,Black,19.000000,object_area,5925.766074
TRIAL_Black_SIM_01,Black,20.000000,object_area,6004.457089
TRIAL_Black_SIM_01,Black,21.000000,object_area,6089.382351
TRIAL_Black_SIM_01,Black,22.000000,object_area,6179.502820
TRIAL_Black_SIM_01,Black,23.000000,object_area,6268.869846
TRIAL_Black_SIM_01,Black,24.000000,object_area,6356.227691
TRIAL_Black_SIM_01,Black,25.000000,object_area,6443.585537
TRIAL_Black_SIM_01,Black,26.000000,object_area,6534.935324
TRIAL_Black_SIM_01,Black,27.000000,object_area,6626.285112
TRIAL_Black_SIM_01,Black,28.000000,object_area,6720.432284
TRIAL_Black_SIM_01,Black,29.000000,object_area,6815.628476
TRIAL_Black_SIM_01,Black,30.000000,object_area,6914.544883
TRIAL_Black_SIM_01,Black,31.000000,object_area,7017.925548
TRIAL_Black_SIM_01,Black,32.000000,object_area,7121.356812
TRIAL_Black_SIM_01,Black,33.000000,object_area,7225.015771
TRIAL_Black_SIM_01,Black,34.000000,object_area,7328.674730
TRIAL_Black_SIM_01,Black,35.000000,object_area,7434.408158
TRIAL_Black_SIM_01,Black,36.000000,object_area,7540.349032
TRIAL_Black_SIM_01,Black,37.000000,object_area,7647.279973
TRIAL_Black_SIM_01,Black,38.000000,object_area,7754.776666
TRIAL_Black_SIM_01,Black,39.000000,object_area,7865.257545
TRIAL_Black_SIM_01,Black,40.000000,object_area,7980.960747
TRIAL_Black_SIM_01,Black,41.000000,object_area,8097.173805
TRIAL_Black_SIM_01,Black,42.000000,object_area,8218.485413
TRIAL_Black_SIM_01,Black,43.000000,object_area,8339.797021
TRIAL_Black_SIM_01,Black,44.000000,object_area,8464.248039
TRIAL_Black_SIM_01,Black,45.000000,object_area,8589.396703
TRIAL_Black_SIM_01,Black,46.000000,object_area,8712.275593
TRIAL_Black_SIM_01,Black,47.000000,object_area,8833.263006
TRIAL_Black_SIM_01,Black,48.000000,object_area,8953.286555
TRIAL_Black_SIM_01,Black,49.000000,object_area,9070.739801
TRIAL_Black_SIM_01,Black,50.000000,object_area,9188.193047
TRIAL_Black_SIM_01,Black,51.000000,object_area,9302.468553
TRIAL_Black_SIM_01,Black,52.000000,object_area,9416.744060
TRIAL_Black_SIM_01,Black,53.000000,object_area,9532.488092
TRIAL_Black_SIM_01,Black,54.000000,object_area,9648.782821
TRIAL_Black_SIM_01,Black,55.000000,object_area,9765.505046
TRIAL_Black_SIM_01,Black,56.000000,object_area,9882.740268
TRIAL_Black_SIM_01,Black,57.000000,object_area,10000.867582
TRIAL_Black_SIM_01,Black,58.000000,object_area,10123.009308
TRIAL_Black_SIM_01,Black,59.000000,object_area,10245.151035
TRIAL_Black_SIM_01,Black,60.000000,object_area,10363.857896
TRIAL_Black_SIM_01,Black,61.000000,object_area,10482.221270
TRIAL_Black_SIM_01,Black,62.000000,object_area,10597.869233
TRIAL_Black_SIM_01,Black,63.000000,object_area,10711.965531
TRIAL_Black_SIM_01,Black,64.000000,object_area,10823.183856
TRIAL_Black_SIM_01,Black,65.000000,object_area,10929.365727
TRIAL_Black_SIM_01,Black,66.000000,object_area,11035.145940
TRIAL_Black_SIM_01,Black,67.000000,object_area,11136.909585
TRIAL_Black_SIM_01,Black,68.000000,object_area,11238.673229
TRIAL_Black_SIM_01,Black,69.000000,object_area,11338.972547
TRIAL_Black_SIM_01,Black,70.000000,object_area,11438.946458
TRIAL_Black_SIM_01,Black,71.000000,object_area,11535.899033
TRIAL_Black_SIM_01,Black,72.000000,object_area,11630.333827
TRIAL_Black_SIM_01,Black,73.000000,object_area,11724.573920
TRIAL_Black_SIM_01,Black,74.000000,object_area,11818.294810
TRIAL_Black_SIM_01,Black,75.000000,object_area,11912.015700
TRIAL_Black_SIM_01,Black,76.000000,object_area,11998.953149
TRIAL_Black_SIM_01,Black,77.000000,object_area,12085.890598
TRIAL_Black_SIM_01,Black,78.000000,object_area,12170.438386
TRIAL_Black_SIM_01,Black,79.000000,object_area,12254.090052
TRIAL_Black_SIM_01,Black,80.000000,object_area,12333.256200
TRIAL_Black_SIM_01,Black,81.000000,object_area,12407.039727
TRIAL_Black_SIM_01,Black,82.000000,object_area,12479.611205
TRIAL_Black_SIM_01,Black,83.000000,object_area,12546.728464
TRIAL_Black_SIM_01,Black,84.000000,object_area,12613.845723
TRIAL_Black_SIM_01,Black,85.000000,object_area,12672.701238
TRIAL_Black_SIM_01,Black,86.000000,object_area,12730.730578
TRIAL_Black_SIM_01,Black,87.000000,object_area,12783.849250
TRIAL_Black_SIM_01,Black,88.000000,object_area,12834.161826
TRIAL_Black_SIM_01,Black,89.000000,object_area,12880.279266
TRIAL_Black_SIM_01,Black,90.000000,object_area,12919.055219
TRIAL_Black_SIM_01,Black,91.000000,object_area,12957.278780
TRIAL_Black_SIM_01,Black,92.000000,object_area,12989.978425
TRIAL_Black_SIM_01,Black,93.000000,object_area,13022.678071
TRIAL_Black_SIM_01,Black,94.000000,object_area,13051.433455
TRIAL_Black_SIM_01,Black,95.000000,object_area,13079.312336
TRIAL_Black_SIM_01,Black,96.000000,object_area,13104.773682
TRIAL_Black_SIM_01,Black,97.000000,object_area,13128.220414
TRIAL_Black_SIM_01,Black,98.000000,object_area,13148.224567
TRIAL_Black_SIM_01,Black,99.000000,object_area,13159.048510
TRIAL_Black_SIM_01,Black,100.000000,object_area,13169.872452
TRIAL_Black_SIM_01,Black,0.000000,finger_width,26.778650
TRIAL_Black_SIM_01,Black,1.000000,finger_width,27.330392
TRIAL_Black_SIM_01,Black,2.000000,finger_width,27.882134
TRIAL_Black_SIM_01,Black,3.000000,finger_width,29.001364
TRIAL_Black_SIM_01,Black,4.000000,finger_width,30.333403
TRIAL_Black_SIM_01,Black,5.000000,finger_width,32.008515
TRIAL_Black_SIM_01,Black,6.000000,finger_width,34.095316
TRIAL_Black_SIM_01,Black,7.000000,finger_width,36.242413
TRIAL_Black_SIM_01,Black,8.000000,finger_width,38.660845
TRIAL_Black_SIM_01,Black,9.000000,finger_width,41.079277
TRIAL_Black_SIM_01,Black,10.000000,finger_width,44.201091
TRIAL_Black_SIM_01,Black,11.000000,finger_width,47.393243
TRIAL_Black_SIM_01,Black,12.000000,finger_width,50.995532
TRIAL_Black_SIM_01,Black,13.000000,finger_width,54.832183
TRIAL_Black_SIM_01,Black,14.000000,finger_width,59.052013
TRIAL_Black_SIM_01,Black,15.000000,finger_width,63.942406
TRIAL_Black_SIM_01,Black,16.000000,finger_width,68.853734
TRIAL_Black_SIM_01,Black,17.000000,finger_width,73.974423
TRIAL_Black_SIM_01,Black,18.000000,finger_width,79.095113
TRIAL_Black_SIM_01,Black,19.000000,finger_width,84.448978
TRIAL_Black_SIM_01,Black,20.000000,finger_width,89.854661
TRIAL_Black_SIM_01,Black,21.000000,finger_width,95.260528
TRIAL_Black_SIM_01,Black,22.000000,finger_width,100.666547
TRIAL_Black_SIM_01,Black,23.000000,finger_width,106.099530
TRIAL_Black_SIM_01,Black,24.000000,finger_width,111.604417
TRIAL_Black_SIM_01,Black,25.000000,finger_width,117.109305
TRIAL_Black_SIM_01,Black,26.000000,finger_width,122.394815
TRIAL_Black_SIM_01,Black,27.000000,finger_width,127.680325
TRIAL_Black_SIM_01,Black,28.000000,finger_width,132.837232
TRIAL_Black_SIM_01,Black,29.000000,finger_width,137.945914
TRIAL_Black_SIM_01,Black,30.000000,finger_width,143.118151
TRIAL_Black_SIM_01,Black,31.000000,finger_width,148.366656
TRIAL_Black_SIM_01,Black,32.000000,finger_width,153.655623
TRIAL_Black_SIM_01,Black,33.000000,finger_width,159.126663
TRIAL_Black_SIM_01,Black,34.000000,finger_width,164.597703
TRIAL_Black_SIM_01,Black,35.000000,finger_width,169.905783
TRIAL_Black_SIM_01,Black,36.000000,finger_width,175.197567
TRIAL_Black_SIM_01,Black,37.000000,finger_width,180.208342
TRIAL_Black_SIM_01,Black,38.000000,finger_width,185.058542
TRIAL_Black_SIM_01,Black,39.000000,finger_width,189.694247
TRIAL_Black_SIM_01,Black,40.000000,finger_width,193.954587
TRIAL_Black_SIM_01,Black,41.000000,finger_width,198.167278
TRIAL_Black_SIM_01,Black,42.000000,finger_width,201.903468
TRIAL_Black_SIM_01,Black,43.000000,finger_width,205.639659
TRIAL_Black_SIM_01,Black,44.000000,finger_width,208.709225
TRIAL_Black_SIM_01,Black,45.000000,finger_width,211.630653
TRIAL_Black_SIM_01,Black,46.000000,finger_width,214.180215
TRIAL_Black_SIM_01,Black,47.000000,finger_width,216.419887
TRIAL_Black_SIM_01,Black,48.000000,finger_width,218.482587
TRIAL_Black_SIM_01,Black,49.000000,finger_width,220.073360
TRIAL_Black_SIM_01,Black,50.000000,finger_width,221.664133
TRIAL_Black_SIM_01,Black,51.000000,finger_width,222.694063
TRIAL_Black_SIM_01,Black,52.000000,finger_width,223.723993
TRIAL_Black_SIM_01,Black,53.000000,finger_width,224.083067
TRIAL_Black_SIM_01,Black,54.000000,finger_width,224.190570
TRIAL_Black_SIM_01,Black,55.000000,finger_width,223.455132
TRIAL_Black_SIM_01,Black,56.000000,finger_width,221.708164
TRIAL_Black_SIM_01,Black,57.000000,finger_width,219.654874
TRIAL_Black_SIM_01,Black,58.000000,finger_width,216.223140
TRIAL_Black_SIM_01,Black,59.000000,finger_width,212.791406
TRIAL_Black_SIM_01,Black,60.000000,finger_width,208.128532
TRIAL_Black_SIM_01,Black,61.000000,finger_width,203.342544
TRIAL_Black_SIM_01,Black,62.000000,finger_width,198.034906
TRIAL_Black_SIM_01,Black,63.000000,finger_width,192.429183
TRIAL_Black_SIM_01,Black,64.000000,finger_width,186.593030
TRIAL_Black_SIM_01,Black,65.000000,finger_width,180.353625
TRIAL_Black_SIM_01,Black,66.000000,finger_width,174.102946
TRIAL_Black_SIM_01,Black,67.000000,finger_width,167.739523
TRIAL_Black_SIM_01,Black,68.000000,finger_width,161.376100
TRIAL_Black_SIM_01,Black,69.000000,finger_width,155.021456
TRIAL_Black_SIM_01,Black,70.000000,finger_width,148.668762
TRIAL_Black_SIM_01,Black,71.000000,finger_width,142.674068
TRIAL_Black_SIM_01,Black,72.000000,finger_width,136.977706
TRIAL_Black_SIM_01,Black,73.000000,finger_width,131.516956
TRIAL_Black_SIM_01,Black,74.000000,finger_width,126.684507
TRIAL_Black_SIM_01,Black,75.000000,finger_width,121.852057
TRIAL_Black_SIM_01,Black,76.000000,finger_width,118.536766
TRIAL_Black_SIM_01,Black,77.000000,finger_width,115.221474
TRIAL_Black_SIM_01,Black,78.000000,finger_width,113.174553
TRIAL_Black_SIM_01,Black,79.000000,finger_width,111.603270
TRIAL_Black_SIM_01,Black,80.000000,finger_width,110.763044
TRIAL_Black_SIM_01,Black,81.000000,finger_width,110.800089
TRIAL_Black_SIM_01,Black,82.000000,finger_width,110.831966
TRIAL_Black_SIM_01,Black,83.000000,finger_width,110.840593
TRIAL_Black_SIM_01,Black,84.000000,finger_width,110.849219
TRIAL_Black_SIM_01,Black,85.000000,finger_width,110.888783
TRIAL_Black_SIM_01,Black,86.000000,finger_width,110.931441
TRIAL_Black_SIM_01,Black,87.000000,finger_width,110.887145
TRIAL_Black_SIM_01,Black,88.000000,finger_width,110.793160
TRIAL_Black_SIM_01,Black,89.000000,finger_width,110.714853
TRIAL_Black_SIM_01,Black,90.000000,finger_width,110.663982
TRIAL_Black_SIM_01,Black,91.000000,finger_width,110.623213
TRIAL_Black_SIM_01,Black,92.000000,finger_width,110.683472
TRIAL_Black_SIM_01,Black,93.000000,finger_width,110.743731
TRIAL_Black_SIM_01,Black,94.000000,finger_width,110.928000
TRIAL_Black_SIM_01,Black,95.000000,finger_width,111.139826
TRIAL_Black_SIM_01,Black,96.000000,finger_width,111.329467
TRIAL_Black_SIM_01,Black,97.000000,finger_width,111.500621
TRIAL_Black_SIM_01,Black,98.000000,finger_width,111.615882
TRIAL_Black_SIM_01,Black,99.000000,finger_width,111.582095
TRIAL_Black_SIM_01,Black,100.000000,finger_width,111.548309
TRIAL_Black_SIM_01,Black,0.000000,velocity,0.005701
TRIAL_Black_SIM_01,Black,1.000000,velocity,0.007017
TRIAL_Black_SIM_01,Black,2.000000,velocity,0.008334
TRIAL_Black_SIM_01,Black,3.000000,velocity,0.010921
TRIAL_Black_SIM_01,Black,4.000000,velocity,0.013986
TRIAL_Black_SIM_01,Black,5.000000,velocity,0.017554
TRIAL_Black_SIM_01,Black,6.000000,velocity,0.021728
TRIAL_Black_SIM_01,Black,7.000000,velocity,0.026024
TRIAL_Black_SIM_01,Black,8.000000,velocity,0.030870
TRIAL_Black_SIM_01,Black,9.000000,velocity,0.035716
TRIAL_Black_SIM_01,Black,10.000000,velocity,0.040811
TRIAL_Black_SIM_01,Black,11.000000,velocity,0.045930
TRIAL_Black_SIM_01,Black,12.000000,velocity,0.051412
TRIAL_Black_SIM_01,Black,13.000000,velocity,0.057102
TRIAL_Black_SIM_01,Black,14.000000,velocity,0.063139
TRIAL_Black_SIM_01,Black,15.000000,velocity,0.069787
TRIAL_Black_SIM_01,Black,16.000000,velocity,0.076580
TRIAL_Black_SIM_01,Black,17.000000,velocity,0.084835
TRIAL_Black_SIM_01,Black,18.000000,velocity,0.093089
TRIAL_Black_SIM_01,Black,19.000000,velocity,0.103603
TRIAL_Black_SIM_01,Black,20.000000,velocity,0.114619
TRIAL_Black_SIM_01,Black,21.000000,velocity,0.127916
TRIAL_Black_SIM_01,Black,22.000000,velocity,0.143115
TRIAL_Black_SIM_01,Black,23.000000,velocity,0.159300
TRIAL_Black_SIM_01,Black,24.000000,velocity,0.178115
TRIAL_Black_SIM_01,Black,25.000000,velocity,0.196931
TRIAL_Black_SIM_01,Black,26.000000,velocity,0.217512
TRIAL_Black_SIM_01,Black,27.000000,velocity,0.238094
TRIAL_Black_SIM_01,Black,28.000000,velocity,0.259724
TRIAL_Black_SIM_01,Black,29.000000,velocity,0.281747
TRIAL_Black_SIM_01,Black,30.000000,velocity,0.304540
TRIAL_Black_SIM_01,Black,31.000000,velocity,0.328258
TRIAL_Black_SIM_01,Black,32.000000,velocity,0.352245
TRIAL_Black_SIM_01,Black,33.000000,velocity,0.377442
TRIAL_Black_SIM_01,Black,34.000000,velocity,0.402638
TRIAL_Black_SIM_01,Black,35.000000,velocity,0.427772
TRIAL_Black_SIM_01,Black,36.000000,velocity,0.452899
TRIAL_Black_SIM_01,Black,37.000000,velocity,0.476648
TRIAL_Black_SIM_01,Black,38.000000,velocity,0.499608
TRIAL_Black_SIM_01,Black,39.000000,velocity,0.521843
TRIAL_Black_SIM_01,Black,40.000000,velocity,0.542808
TRIAL_Black_SIM_01,Black,41.000000,velocity,0.563546
TRIAL_Black_SIM_01,Black,42.000000,velocity,0.582026
TRIAL_Black_SIM_01,Black,43.000000,velocity,0.600505
TRIAL_Black_SIM_01,Black,44.000000,velocity,0.616320
TRIAL_Black_SIM_01,Black,45.000000,velocity,0.631543
TRIAL_Black_SIM_01,Black,46.000000,velocity,0.643957
TRIAL_Black_SIM_01,Black,47.000000,velocity,0.654029
TRIAL_Black_SIM_01,Black,48.000000,velocity,0.662039
TRIAL_Black_SIM_01,Black,49.000000,velocity,0.664552
TRIAL_Black_SIM_01,Black,50.000000,velocity,0.667064
TRIAL_Black_SIM_01,Black,51.000000,velocity,0.663889
TRIAL_Black_SIM_01,Black,52.000000,velocity,0.660715
TRIAL_Black_SIM_01,Black,53.000000,velocity,0.653915
TRIAL_Black_SIM_01,Black,54.000000,velocity,0.645755
TRIAL_Black_SIM_01,Black,55.000000,velocity,0.636269
TRIAL_Black_SIM_01,Black,56.000000,velocity,0.625191
TRIAL_Black_SIM_01,Black,57.000000,velocity,0.613196
TRIAL_Black_SIM_01,Black,58.000000,velocity,0.597075
TRIAL_Black_SIM_01,Black,59.000000,velocity,0.580955
TRIAL_Black_SIM_01,Black,60.000000,velocity,0.560441
TRIAL_Black_SIM_01,Black,61.000000,velocity,0.539489
TRIAL_Black_SIM_01,Black,62.000000,velocity,0.516546
TRIAL_Black_SIM_01,Black,63.000000,velocity,0.492466
TRIAL_Black_SIM_01,Black,64.000000,velocity,0.467590
TRIAL_Black_SIM_01,Black,65.000000,velocity,0.441322
TRIAL_Black_SIM_01,Black,66.000000,velocity,0.415209
TRIAL_Black_SIM_01,Black,67.000000,velocity,0.390651
TRIAL_Black_SIM_01,Black,68.000000,velocity,0.366093
TRIAL_Black_SIM_01,Black,69.000000,velocity,0.341963
TRIAL_Black_SIM_01,Black,70.000000,velocity,0.317927
TRIAL_Black_SIM_01,Black,71.000000,velocity,0.295740
TRIAL_Black_SIM_01,Black,72.000000,velocity,0.275094
TRIAL_Black_SIM_01,Black,73.000000,velocity,0.254545
TRIAL_Black_SIM_01,Black,74.000000,velocity,0.234252
TRIAL_Black_SIM_01,Black,75.000000,velocity,0.213959
TRIAL_Black_SIM_01,Black,76.000000,velocity,0.195727
TRIAL_Black_SIM_01,Black,77.000000,velocity,0.177495
TRIAL_Black_SIM_01,Black,78.000000,velocity,0.160444
TRIAL_Black_SIM_01,Black,79.000000,velocity,0.143835
TRIAL_Black_SIM_01,Black,80.000000,velocity,0.128559
TRIAL_Black_SIM_01,Black,81.000000,velocity,0.114881
TRIAL_Black_SIM_01,Black,82.000000,velocity,0.101609
TRIAL_Black_SIM_01,Black,83.000000,velocity,0.090162
TRIAL_Black_SIM_01,Black,84.000000,velocity,0.078715
TRIAL_Black_SIM_01,Black,85.000000,velocity,0.068781
TRIAL_Black_SIM_01,Black,86.000000,velocity,0.058998
TRIAL_Black_SIM_01,Black,87.000000,velocity,0.049999
TRIAL_Black_SIM_01,Black,88.000000,velocity,0.041447
TRIAL_Black_SIM_01,Black,89.000000,velocity,0.033708
TRIAL_Black_SIM_01,Black,90.000000,velocity,0.027392
TRIAL_Black_SIM_01,Black,91.000000,velocity,0.021282
TRIAL_Black_SIM_01,Black,92.000000,velocity,0.017233
TRIAL_Black_SIM_01,Black,93.000000,velocity,0.013184
TRIAL_Black_SIM_01,Black,94.000000,velocity,0.009296
TRIAL_Black_SIM_01,Black,95.000000,velocity,0.005444
TRIAL_Black_SIM_01,Black,96.000000,velocity,0.002851
TRIAL_Black_SIM_01,Black,97.000000,velocity,0.001308
TRIAL_Black_SIM_01,Black,98.000000,velocity,0.000163
TRIAL_Black_SIM_01,Black,99.000000,velocity,0.000081
TRIAL_Black_SIM_01,Black,100.000000,velocity,0.000000
TRIAL_Black_SIM_01,Black,0.000000,acceleration_mag,0.107642
TRIAL_Black_SIM_01,Black,1.000000,acceleration_mag,0.126577
TRIAL_Black_SIM_01,Black,2.000000,acceleration_mag,0.145513
TRIAL_Black_SIM_01,Black,3.000000,acceleration_mag,0.181478
TRIAL_Black_SIM_01,Black,4.000000,acceleration_mag,0.223831
TRIAL_Black_SIM_01,Black,5.000000,acceleration_mag,0.259088
TRIAL_Black_SIM_01,Black,6.000000,acceleration_mag,0.285830
TRIAL_Black_SIM_01,Black,7.000000,acceleration_mag,0.310274
TRIAL_Black_SIM_01,Black,8.000000,acceleration_mag,0.324376
TRIAL_Black_SIM_01,Black,9.000000,acceleration_mag,0.338477
TRIAL_Black_SIM_01,Black,10.000000,acceleration_mag,0.351229
TRIAL_Black_SIM_01,Black,11.000000,acceleration_mag,0.363846
TRIAL_Black_SIM_01,Black,12.000000,acceleration_mag,0.383030
TRIAL_Black_SIM_01,Black,13.000000,acceleration_mag,0.405968
TRIAL_Black_SIM_01,Black,14.000000,acceleration_mag,0.434567
TRIAL_Black_SIM_01,Black,15.000000,acceleration_mag,0.473074
TRIAL_Black_SIM_01,Black,16.000000,acceleration_mag,0.514033
TRIAL_Black_SIM_01,Black,17.000000,acceleration_mag,0.579506
TRIAL_Black_SIM_01,Black,18.000000,acceleration_mag,0.644979
TRIAL_Black_SIM_01,Black,19.000000,acceleration_mag,0.742232
TRIAL_Black_SIM_01,Black,20.000000,acceleration_mag,0.846548
TRIAL_Black_SIM_01,Black,21.000000,acceleration_mag,0.957966
TRIAL_Black_SIM_01,Black,22.000000,acceleration_mag,1.075305
TRIAL_Black_SIM_01,Black,23.000000,acceleration_mag,1.182734
TRIAL_Black_SIM_01,Black,24.000000,acceleration_mag,1.263736
TRIAL_Black_SIM_01,Black,25.000000,acceleration_mag,1.344739
TRIAL_Black_SIM_01,Black,26.000000,acceleration_mag,1.392823
TRIAL_Black_SIM_01,Black,27.000000,acceleration_mag,1.440906
TRIAL_Black_SIM_01,Black,28.000000,acceleration_mag,1.488070
TRIAL_Black_SIM_01,Black,29.000000,acceleration_mag,1.534889
TRIAL_Black_SIM_01,Black,30.000000,acceleration_mag,1.581938
TRIAL_Black_SIM_01,Black,31.000000,acceleration_mag,1.629266
TRIAL_Black_SIM_01,Black,32.000000,acceleration_mag,1.671832
TRIAL_Black_SIM_01,Black,33.000000,acceleration_mag,1.692974
TRIAL_Black_SIM_01,Black,34.000000,acceleration_mag,1.714116
TRIAL_Black_SIM_01,Black,35.000000,acceleration_mag,1.685585
TRIAL_Black_SIM_01,Black,36.000000,acceleration_mag,1.652087
TRIAL_Black_SIM_01,Black,37.000000,acceleration_mag,1.600249
TRIAL_Black_SIM_01,Black,38.000000,acceleration_mag,1.537931
TRIAL_Black_SIM_01,Black,39.000000,acceleration_mag,1.473762
TRIAL_Black_SIM_01,Black,40.000000,acceleration_mag,1.406354
TRIAL_Black_SIM_01,Black,41.000000,acceleration_mag,1.337240
TRIAL_Black_SIM_01,Black,42.000000,acceleration_mag,1.251067
TRIAL_Black_SIM_01,Black,43.000000,acceleration_mag,1.164893
TRIAL_Black_SIM_01,Black,44.000000,acceleration_mag,1.046088
TRIAL_Black_SIM_01,Black,45.000000,acceleration_mag,0.920030
TRIAL_Black_SIM_01,Black,46.000000,acceleration_mag,0.759013
TRIAL_Black_SIM_01,Black,47.000000,acceleration_mag,0.568861
TRIAL_Black_SIM_01,Black,48.000000,acceleration_mag,0.383377
TRIAL_Black_SIM_01,Black,49.000000,acceleration_mag,0.210341
TRIAL_Black_SIM_01,Black,50.000000,acceleration_mag,0.037304
TRIAL_Black_SIM_01,Black,51.000000,acceleration_mag,0.191371
TRIAL_Black_SIM_01,Black,52.000000,acceleration_mag,0.345438
TRIAL_Black_SIM_01,Black,53.000000,acceleration_mag,0.473971
TRIAL_Black_SIM_01,Black,54.000000,acceleration_mag,0.592927
TRIAL_Black_SIM_01,Black,55.000000,acceleration_mag,0.711931
TRIAL_Black_SIM_01,Black,56.000000,acceleration_mag,0.830993
TRIAL_Black_SIM_01,Black,57.000000,acceleration_mag,0.955259
TRIAL_Black_SIM_01,Black,58.000000,acceleration_mag,1.102943
TRIAL_Black_SIM_01,Black,59.000000,acceleration_mag,1.250628
TRIAL_Black_SIM_01,Black,60.000000,acceleration_mag,1.372485
TRIAL_Black_SIM_01,Black,61.000000,acceleration_mag,1.491760
TRIAL_Black_SIM_01,Black,62.000000,acceleration_mag,1.585861
TRIAL_Black_SIM_01,Black,63.000000,acceleration_mag,1.665577
TRIAL_Black_SIM_01,Black,64.000000,acceleration_mag,1.718929
TRIAL_Black_SIM_01,Black,65.000000,acceleration_mag,1.726142
TRIAL_Black_SIM_01,Black,66.000000,acceleration_mag,1.729678
TRIAL_Black_SIM_01,Black,67.000000,acceleration_mag,1.696432
TRIAL_Black_SIM_01,Black,68.000000,acceleration_mag,1.663187
TRIAL_Black_SIM_01,Black,69.000000,acceleration_mag,1.609314
TRIAL_Black_SIM_01,Black,70.000000,acceleration_mag,1.550856
TRIAL_Black_SIM_01,Black,71.000000,acceleration_mag,1.493642
TRIAL_Black_SIM_01,Black,72.000000,acceleration_mag,1.437464
TRIAL_Black_SIM_01,Black,73.000000,acceleration_mag,1.386663
TRIAL_Black_SIM_01,Black,74.000000,acceleration_mag,1.350202
TRIAL_Black_SIM_01,Black,75.000000,acceleration_mag,1.313740
TRIAL_Black_SIM_01,Black,76.000000,acceleration_mag,1.258284
TRIAL_Black_SIM_01,Black,77.000000,acceleration_mag,1.202828
TRIAL_Black_SIM_01,Black,78.000000,acceleration_mag,1.138005
TRIAL_Black_SIM_01,Black,79.000000,acceleration_mag,1.069669
TRIAL_Black_SIM_01,Black,80.000000,acceleration_mag,0.997202
TRIAL_Black_SIM_01,Black,81.000000,acceleration_mag,0.919778
TRIAL_Black_SIM_01,Black,82.000000,acceleration_mag,0.845814
TRIAL_Black_SIM_01,Black,83.000000,acceleration_mag,0.787414
TRIAL_Black_SIM_01,Black,84.000000,acceleration_mag,0.729015
TRIAL_Black_SIM_01,Black,85.000000,acceleration_mag,0.684246
TRIAL_Black_SIM_01,Black,86.000000,acceleration_mag,0.640842
TRIAL_Black_SIM_01,Black,87.000000,acceleration_mag,0.592008
TRIAL_Black_SIM_01,Black,88.000000,acceleration_mag,0.540071
TRIAL_Black_SIM_01,Black,89.000000,acceleration_mag,0.482467
TRIAL_Black_SIM_01,Black,90.000000,acceleration_mag,0.414945
TRIAL_Black_SIM_01,Black,91.000000,acceleration_mag,0.350224
TRIAL_Black_SIM_01,Black,92.000000,acceleration_mag,0.313516
TRIAL_Black_SIM_01,Black,93.000000,acceleration_mag,0.276809
TRIAL_Black_SIM_01,Black,94.000000,acceleration_mag,0.239218
TRIAL_Black_SIM_01,Black,95.000000,acceleration_mag,0.201430
TRIAL_Black_SIM_01,Black,96.000000,acceleration_mag,0.153327
TRIAL_Black_SIM_01,Black,97.000000,acceleration_mag,0.096626
TRIAL_Black_SIM_01,Black,98.000000,acceleration_mag,0.051002
TRIAL_Black_SIM_01,Black,99.000000,acceleration_mag,0.034918
TRIAL_Black_SIM_01,Black,100.000000,acceleration_mag,0.018834
TRIAL_Black_SIM_01,Black,0.000000,ax,0.097265
TRIAL_Black_SIM_01,Black,1.000000,ax,0.118396
TRIAL_Black_SIM_01,Black,2.000000,ax,0.139527
TRIAL_Black_SIM_01,Black,3.000000,ax,0.177473
TRIAL_Black_SIM_01,Black,4.000000,ax,0.221725
TRIAL_Black_SIM_01,Black,5.000000,ax,0.257954
TRIAL_Black_SIM_01,Black,6.000000,ax,0.284555
TRIAL_Black_SIM_01,Black,7.000000,ax,0.308813
TRIAL_Black_SIM_01,Black,8.000000,ax,0.322525
TRIAL_Black_SIM_01,Black,9.000000,ax,0.336237
TRIAL_Black_SIM_01,Black,10.000000,ax,0.348556
TRIAL_Black_SIM_01,Black,11.000000,ax,0.360736
TRIAL_Black_SIM_01,Black,12.000000,ax,0.379818
TRIAL_Black_SIM_01,Black,13.000000,ax,0.402845
TRIAL_Black_SIM_01,Black,14.000000,ax,0.431474
TRIAL_Black_SIM_01,Black,15.000000,ax,0.469906
TRIAL_Black_SIM_01,Black,16.000000,ax,0.510674
TRIAL_Black_SIM_01,Black,17.000000,ax,0.574791
TRIAL_Black_SIM_01,Black,18.000000,ax,0.638907
TRIAL_Black_SIM_01,Black,19.000000,ax,0.733935
TRIAL_Black_SIM_01,Black,20.000000,ax,0.835831
TRIAL_Black_SIM_01,Black,21.000000,ax,0.944545
TRIAL_Black_SIM_01,Black,22.000000,ax,1.058942
TRIAL_Black_SIM_01,Black,23.000000,ax,1.163691
TRIAL_Black_SIM_01,Black,24.000000,ax,1.242714
TRIAL_Black_SIM_01,Black,25.000000,ax,1.321737
TRIAL_Black_SIM_01,Black,26.000000,ax,1.369338
TRIAL_Black_SIM_01,Black,27.000000,ax,1.416940
TRIAL_Black_SIM_01,Black,28.000000,ax,1.464230
TRIAL_Black_SIM_01,Black,29.000000,ax,1.511404
TRIAL_Black_SIM_01,Black,30.000000,ax,1.559044
TRIAL_Black_SIM_01,Black,31.000000,ax,1.607244
TRIAL_Black_SIM_01,Black,32.000000,ax,1.650473
TRIAL_Black_SIM_01,Black,33.000000,ax,1.671329
TRIAL_Black_SIM_01,Black,34.000000,ax,1.692185
TRIAL_Black_SIM_01,Black,35.000000,ax,1.663807
TRIAL_Black_SIM_01,Black,36.000000,ax,1.630505
TRIAL_Black_SIM_01,Black,37.000000,ax,1.578840
TRIAL_Black_SIM_01,Black,38.000000,ax,1.516683
TRIAL_Black_SIM_01,Black,39.000000,ax,1.453283
TRIAL_Black_SIM_01,Black,40.000000,ax,1.387708
TRIAL_Black_SIM_01,Black,41.000000,ax,1.320393
TRIAL_Black_SIM_01,Black,42.000000,ax,1.235680
TRIAL_Black_SIM_01,Black,43.000000,ax,1.150966
TRIAL_Black_SIM_01,Black,44.000000,ax,1.033477
TRIAL_Black_SIM_01,Black,45.000000,ax,0.908705
TRIAL_Black_SIM_01,Black,46.000000,ax,0.748626
TRIAL_Black_SIM_01,Black,47.000000,ax,0.559126
TRIAL_Black_SIM_01,Black,48.000000,ax,0.367792
TRIAL_Black_SIM_01,Black,49.000000,ax,0.171568
TRIAL_Black_SIM_01,Black,50.000000,ax,-0.024657
TRIAL_Black_SIM_01,Black,51.000000,ax,-0.181487
TRIAL_Black_SIM_01,Black,52.000000,ax,-0.338317
TRIAL_Black_SIM_01,Black,53.000000,ax,-0.465223
TRIAL_Black_SIM_01,Black,54.000000,ax,-0.580908
TRIAL_Black_SIM_01,Black,55.000000,ax,-0.697885
TRIAL_Black_SIM_01,Black,56.000000,ax,-0.816413
TRIAL_Black_SIM_01,Black,57.000000,ax,-0.940319
TRIAL_Black_SIM_01,Black,58.000000,ax,-1.088425
TRIAL_Black_SIM_01,Black,59.000000,ax,-1.236531
TRIAL_Black_SIM_01,Black,60.000000,ax,-1.358659
TRIAL_Black_SIM_01,Black,61.000000,ax,-1.478189
TRIAL_Black_SIM_01,Black,62.000000,ax,-1.571723
TRIAL_Black_SIM_01,Black,63.000000,ax,-1.650403
TRIAL_Black_SIM_01,Black,64.000000,ax,-1.702676
TRIAL_Black_SIM_01,Black,65.000000,ax,-1.708740
TRIAL_Black_SIM_01,Black,66.000000,ax,-1.711092
TRIAL_Black_SIM_01,Black,67.000000,ax,-1.676332
TRIAL_Black_SIM_01,Black,68.000000,ax,-1.641571
TRIAL_Black_SIM_01,Black,69.000000,ax,-1.587086
TRIAL_Black_SIM_01,Black,70.000000,ax,-1.528218
TRIAL_Black_SIM_01,Black,71.000000,ax,-1.471256
TRIAL_Black_SIM_01,Black,72.000000,ax,-1.415883
TRIAL_Black_SIM_01,Black,73.000000,ax,-1.366099
TRIAL_Black_SIM_01,Black,74.000000,ax,-1.331220
TRIAL_Black_SIM_01,Black,75.000000,ax,-1.296340
TRIAL_Black_SIM_01,Black,76.000000,ax,-1.242850
TRIAL_Black_SIM_01,Black,77.000000,ax,-1.189360
TRIAL_Black_SIM_01,Black,78.000000,ax,-1.125928
TRIAL_Black_SIM_01,Black,79.000000,ax,-1.058769
TRIAL_Black_SIM_01,Black,80.000000,ax,-0.987546
TRIAL_Black_SIM_01,Black,81.000000,ax,-0.911447
TRIAL_Black_SIM_01,Black,82.000000,ax,-0.838729
TRIAL_Black_SIM_01,Black,83.000000,ax,-0.781223
TRIAL_Black_SIM_01,Black,84.000000,ax,-0.723717
TRIAL_Black_SIM_01,Black,85.000000,ax,-0.679429
TRIAL_Black_SIM_01,Black,86.000000,ax,-0.636462
TRIAL_Black_SIM_01,Black,87.000000,ax,-0.588166
TRIAL_Black_SIM_01,Black,88.000000,ax,-0.536826
TRIAL_Black_SIM_01,Black,89.000000,ax,-0.479785
TRIAL_Black_SIM_01,Black,90.000000,ax,-0.412770
TRIAL_Black_SIM_01,Black,91.000000,ax,-0.348559
TRIAL_Black_SIM_01,Black,92.000000,ax,-0.312383
TRIAL_Black_SIM_01,Black,93.000000,ax,-0.276207
TRIAL_Black_SIM_01,Black,94.000000,ax,-0.238692
TRIAL_Black_SIM_01,Black,95.000000,ax,-0.200879
TRIAL_Black_SIM_01,Black,96.000000,ax,-0.152756
TRIAL_Black_SIM_01,Black,97.000000,ax,-0.096043
TRIAL_Black_SIM_01,Black,98.000000,ax,-0.048593
TRIAL_Black_SIM_01,Black,99.000000,ax,-0.025843
TRIAL_Black_SIM_01,Black,100.000000,ax,-0.003093
TRIAL_Black_SIM_01,Black,0.000000,ay,0.000173
TRIAL_Black_SIM_01,Black,1.000000,ay,-0.000248
TRIAL_Black_SIM_01,Black,2.000000,ay,-0.000669
TRIAL_Black_SIM_01,Black,3.000000,ay,-0.001563
TRIAL_Black_SIM_01,Black,4.000000,ay,-0.002634
TRIAL_Black_SIM_01,Black,5.000000,ay,-0.003255
TRIAL_Black_SIM_01,Black,6.000000,ay,-0.003338
TRIAL_Black_SIM_01,Black,7.000000,ay,-0.003347
TRIAL_Black_SIM_01,Black,8.000000,ay,-0.003026
TRIAL_Black_SIM_01,Black,9.000000,ay,-0.002705
TRIAL_Black_SIM_01,Black,10.000000,ay,-0.002315
TRIAL_Black_SIM_01,Black,11.000000,ay,-0.001917
TRIAL_Black_SIM_01,Black,12.000000,ay,-0.001700
TRIAL_Black_SIM_01,Black,13.000000,ay,-0.001585
TRIAL_Black_SIM_01,Black,14.000000,ay,-0.001474
TRIAL_Black_SIM_01,Black,15.000000,ay,-0.001371
TRIAL_Black_SIM_01,Black,16.000000,ay,-0.001229
TRIAL_Black_SIM_01,Black,17.000000,ay,-0.000695
TRIAL_Black_SIM_01,Black,18.000000,ay,-0.000162
TRIAL_Black_SIM_01,Black,19.000000,ay,0.000604
TRIAL_Black_SIM_01,Black,20.000000,ay,0.001422
TRIAL_Black_SIM_01,Black,21.000000,ay,0.002470
TRIAL_Black_SIM_01,Black,22.000000,ay,0.003708
TRIAL_Black_SIM_01,Black,23.000000,ay,0.005022
TRIAL_Black_SIM_01,Black,24.000000,ay,0.006537
TRIAL_Black_SIM_01,Black,25.000000,ay,0.008052
TRIAL_Black_SIM_01,Black,26.000000,ay,0.009549
TRIAL_Black_SIM_01,Black,27.000000,ay,0.011047
TRIAL_Black_SIM_01,Black,28.000000,ay,0.012505
TRIAL_Black_SIM_01,Black,29.000000,ay,0.013949
TRIAL_Black_SIM_01,Black,30.000000,ay,0.015389
TRIAL_Black_SIM_01,Black,31.000000,ay,0.016826
TRIAL_Black_SIM_01,Black,32.000000,ay,0.018353
TRIAL_Black_SIM_01,Black,33.000000,ay,0.020285
TRIAL_Black_SIM_01,Black,34.000000,ay,0.022216
TRIAL_Black_SIM_01,Black,35.000000,ay,0.023976
TRIAL_Black_SIM_01,Black,36.000000,ay,0.025718
TRIAL_Black_SIM_01,Black,37.000000,ay,0.027335
TRIAL_Black_SIM_01,Black,38.000000,ay,0.028880
TRIAL_Black_SIM_01,Black,39.000000,ay,0.030142
TRIAL_Black_SIM_01,Black,40.000000,ay,0.030906
TRIAL_Black_SIM_01,Black,41.000000,ay,0.031647
TRIAL_Black_SIM_01,Black,42.000000,ay,0.032151
TRIAL_Black_SIM_01,Black,43.000000,ay,0.032655
TRIAL_Black_SIM_01,Black,44.000000,ay,0.032701
TRIAL_Black_SIM_01,Black,45.000000,ay,0.032645
TRIAL_Black_SIM_01,Black,46.000000,ay,0.032099
TRIAL_Black_SIM_01,Black,47.000000,ay,0.031145
TRIAL_Black_SIM_01,Black,48.000000,ay,0.029851
TRIAL_Black_SIM_01,Black,49.000000,ay,0.027647
TRIAL_Black_SIM_01,Black,50.000000,ay,0.025443
TRIAL_Black_SIM_01,Black,51.000000,ay,0.022575
TRIAL_Black_SIM_01,Black,52.000000,ay,0.019706
TRIAL_Black_SIM_01,Black,53.000000,ay,0.016860
TRIAL_Black_SIM_01,Black,54.000000,ay,0.014021
TRIAL_Black_SIM_01,Black,55.000000,ay,0.011298
TRIAL_Black_SIM_01,Black,56.000000,ay,0.008714
TRIAL_Black_SIM_01,Black,57.000000,ay,0.006042
TRIAL_Black_SIM_01,Black,58.000000,ay,0.002971
TRIAL_Black_SIM_01,Black,59.000000,ay,-0.000100
TRIAL_Black_SIM_01,Black,60.000000,ay,-0.003217
TRIAL_Black_SIM_01,Black,61.000000,ay,-0.006340
TRIAL_Black_SIM_01,Black,62.000000,ay,-0.009632
TRIAL_Black_SIM_01,Black,63.000000,ay,-0.013020
TRIAL_Black_SIM_01,Black,64.000000,ay,-0.016050
TRIAL_Black_SIM_01,Black,65.000000,ay,-0.018449
TRIAL_Black_SIM_01,Black,66.000000,ay,-0.020792
TRIAL_Black_SIM_01,Black,67.000000,ay,-0.022563
TRIAL_Black_SIM_01,Black,68.000000,ay,-0.024334
TRIAL_Black_SIM_01,Black,69.000000,ay,-0.025223
TRIAL_Black_SIM_01,Black,70.000000,ay,-0.025915
TRIAL_Black_SIM_01,Black,71.000000,ay,-0.026348
TRIAL_Black_SIM_01,Black,72.000000,ay,-0.026565
TRIAL_Black_SIM_01,Black,73.000000,ay,-0.026776
TRIAL_Black_SIM_01,Black,74.000000,ay,-0.026972
TRIAL_Black_SIM_01,Black,75.000000,ay,-0.027167
TRIAL_Black_SIM_01,Black,76.000000,ay,-0.026626
TRIAL_Black_SIM_01,Black,77.000000,ay,-0.026085
TRIAL_Black_SIM_01,Black,78.000000,ay,-0.025318
TRIAL_Black_SIM_01,Black,79.000000,ay,-0.024465
TRIAL_Black_SIM_01,Black,80.000000,ay,-0.023364
TRIAL_Black_SIM_01,Black,81.000000,ay,-0.021965
TRIAL_Black_SIM_01,Black,82.000000,ay,-0.020635
TRIAL_Black_SIM_01,Black,83.000000,ay,-0.019618
TRIAL_Black_SIM_01,Black,84.000000,ay,-0.018600
TRIAL_Black_SIM_01,Black,85.000000,ay,-0.017940
TRIAL_Black_SIM_01,Black,86.000000,ay,-0.017314
TRIAL_Black_SIM_01,Black,87.000000,ay,-0.016367
TRIAL_Black_SIM_01,Black,88.000000,ay,-0.015234
TRIAL_Black_SIM_01,Black,89.000000,ay,-0.013874
TRIAL_Black_SIM_01,Black,90.000000,ay,-0.012113
TRIAL_Black_SIM_01,Black,91.000000,ay,-0.010412
TRIAL_Black_SIM_01,Black,92.000000,ay,-0.009317
TRIAL_Black_SIM_01,Black,93.000000,ay,-0.008221
TRIAL_Black_SIM_01,Black,94.000000,ay,-0.007282
TRIAL_Black_SIM_01,Black,95.000000,ay,-0.006377
TRIAL_Black_SIM_01,Black,96.000000,ay,-0.005030
TRIAL_Black_SIM_01,Black,97.000000,ay,-0.003314
TRIAL_Black_SIM_01,Black,98.000000,ay,-0.001952
TRIAL_Black_SIM_01,Black,99.000000,ay,-0.001536
TRIAL_Black_SIM_01,Black,100.000000,ay,-0.001120
TRIAL_Black_SIM_01,Black,0.000000,az,0.046112
TRIAL_Black_SIM_01,Black,1.000000,az,0.043388
TRIAL_Black_SIM_01,Black,2.000000,az,0.040664
TRIAL_Black_SIM_01,Black,3.000000,az,0.034418
TRIAL_Black_SIM_01,Black,4.000000,az,0.026851
TRIAL_Black_SIM_01,Black,5.000000,az,0.023983
TRIAL_Black_SIM_01,Black,6.000000,az,0.026754
TRIAL_Black_SIM_01,Black,7.000000,az,0.029832
TRIAL_Black_SIM_01,Black,8.000000,az,0.034293
TRIAL_Black_SIM_01,Black,9.000000,az,0.038754
TRIAL_Black_SIM_01,Black,10.000000,az,0.043072
TRIAL_Black_SIM_01,Black,11.000000,az,0.047374
TRIAL_Black_SIM_01,Black,12.000000,az,0.049423
TRIAL_Black_SIM_01,Black,13.000000,az,0.050184
TRIAL_Black_SIM_01,Black,14.000000,az,0.051720
TRIAL_Black_SIM_01,Black,15.000000,az,0.054611
TRIAL_Black_SIM_01,Black,16.000000,az,0.058586
TRIAL_Black_SIM_01,Black,17.000000,az,0.073393
TRIAL_Black_SIM_01,Black,18.000000,az,0.088200
TRIAL_Black_SIM_01,Black,19.000000,az,0.110320
TRIAL_Black_SIM_01,Black,20.000000,az,0.134066
TRIAL_Black_SIM_01,Black,21.000000,az,0.159621
TRIAL_Black_SIM_01,Black,22.000000,az,0.186684
TRIAL_Black_SIM_01,Black,23.000000,az,0.211305
TRIAL_Black_SIM_01,Black,24.000000,az,0.229416
TRIAL_Black_SIM_01,Black,25.000000,az,0.247526
TRIAL_Black_SIM_01,Black,26.000000,az,0.254499
TRIAL_Black_SIM_01,Black,27.000000,az,0.261472
TRIAL_Black_SIM_01,Black,28.000000,az,0.264916
TRIAL_Black_SIM_01,Black,29.000000,az,0.267037
TRIAL_Black_SIM_01,Black,30.000000,az,0.267584
TRIAL_Black_SIM_01,Black,31.000000,az,0.266242
TRIAL_Black_SIM_01,Black,32.000000,az,0.265750
TRIAL_Black_SIM_01,Black,33.000000,az,0.269082
TRIAL_Black_SIM_01,Black,34.000000,az,0.272414
TRIAL_Black_SIM_01,Black,35.000000,az,0.269003
TRIAL_Black_SIM_01,Black,36.000000,az,0.264917
TRIAL_Black_SIM_01,Black,37.000000,az,0.259405
TRIAL_Black_SIM_01,Black,38.000000,az,0.253078
TRIAL_Black_SIM_01,Black,39.000000,az,0.242915
TRIAL_Black_SIM_01,Black,40.000000,az,0.226038
TRIAL_Black_SIM_01,Black,41.000000,az,0.209213
TRIAL_Black_SIM_01,Black,42.000000,az,0.192895
TRIAL_Black_SIM_01,Black,43.000000,az,0.176577
TRIAL_Black_SIM_01,Black,44.000000,az,0.158536
TRIAL_Black_SIM_01,Black,45.000000,az,0.140113
TRIAL_Black_SIM_01,Black,46.000000,az,0.120147
TRIAL_Black_SIM_01,Black,47.000000,az,0.098894
TRIAL_Black_SIM_01,Black,48.000000,az,0.074826
TRIAL_Black_SIM_01,Black,49.000000,az,0.043250
TRIAL_Black_SIM_01,Black,50.000000,az,0.011675
TRIAL_Black_SIM_01,Black,51.000000,az,-0.023095
TRIAL_Black_SIM_01,Black,52.000000,az,-0.057865
TRIAL_Black_SIM_01,Black,53.000000,az,-0.088507
TRIAL_Black_SIM_01,Black,54.000000,az,-0.117601
TRIAL_Black_SIM_01,Black,55.000000,az,-0.140010
TRIAL_Black_SIM_01,Black,56.000000,az,-0.154398
TRIAL_Black_SIM_01,Black,57.000000,az,-0.167916
TRIAL_Black_SIM_01,Black,58.000000,az,-0.177522
TRIAL_Black_SIM_01,Black,59.000000,az,-0.187128
TRIAL_Black_SIM_01,Black,60.000000,az,-0.193935
TRIAL_Black_SIM_01,Black,61.000000,az,-0.200462
TRIAL_Black_SIM_01,Black,62.000000,az,-0.211031
TRIAL_Black_SIM_01,Black,63.000000,az,-0.223912
TRIAL_Black_SIM_01,Black,64.000000,az,-0.235182
TRIAL_Black_SIM_01,Black,65.000000,az,-0.243637
TRIAL_Black_SIM_01,Black,66.000000,az,-0.251963
TRIAL_Black_SIM_01,Black,67.000000,az,-0.259008
TRIAL_Black_SIM_01,Black,68.000000,az,-0.266053
TRIAL_Black_SIM_01,Black,69.000000,az,-0.265227
TRIAL_Black_SIM_01,Black,70.000000,az,-0.262652
TRIAL_Black_SIM_01,Black,71.000000,az,-0.256269
TRIAL_Black_SIM_01,Black,72.000000,az,-0.246715
TRIAL_Black_SIM_01,Black,73.000000,az,-0.236359
TRIAL_Black_SIM_01,Black,74.000000,az,-0.223866
TRIAL_Black_SIM_01,Black,75.000000,az,-0.211373
TRIAL_Black_SIM_01,Black,76.000000,az,-0.194425
TRIAL_Black_SIM_01,Black,77.000000,az,-0.177476
TRIAL_Black_SIM_01,Black,78.000000,az,-0.163358
TRIAL_Black_SIM_01,Black,79.000000,az,-0.150300
TRIAL_Black_SIM_01,Black,80.000000,az,-0.136384
TRIAL_Black_SIM_01,Black,81.000000,az,-0.121438
TRIAL_Black_SIM_01,Black,82.000000,az,-0.107252
TRIAL_Black_SIM_01,Black,83.000000,az,-0.096485
TRIAL_Black_SIM_01,Black,84.000000,az,-0.085718
TRIAL_Black_SIM_01,Black,85.000000,az,-0.079030
TRIAL_Black_SIM_01,Black,86.000000,az,-0.072751
TRIAL_Black_SIM_01,Black,87.000000,az,-0.065254
TRIAL_Black_SIM_01,Black,88.000000,az,-0.057063
TRIAL_Black_SIM_01,Black,89.000000,az,-0.048855
TRIAL_Black_SIM_01,Black,90.000000,az,-0.040618
TRIAL_Black_SIM_01,Black,91.000000,az,-0.032382
TRIAL_Black_SIM_01,Black,92.000000,az,-0.024154
TRIAL_Black_SIM_01,Black,93.000000,az,-0.015925
TRIAL_Black_SIM_01,Black,94.000000,az,-0.013951
TRIAL_Black_SIM_01,Black,95.000000,az,-0.013366
TRIAL_Black_SIM_01,Black,96.000000,az,-0.011830
TRIAL_Black_SIM_01,Black,97.000000,az,-0.009501
TRIAL_Black_SIM_01,Black,98.000000,az,-0.009096
TRIAL_Black_SIM_01,Black,99.000000,az,-0.013820
TRIAL_Black_SIM_01,Black,100.000000,az,-0.018544
TRIAL_Black_SIM_02,Black,0.000000,object_area,4779.062068
TRIAL_Black_SIM_02,Black,1.000000,object_area,4793.811743
TRIAL_Black_SIM_02,Black,2.000000,object_area,4808.561417
TRIAL_Black_SIM_02,Black,3.000000,object_area,4828.133114
TRIAL_Black_SIM_02,Black,4.000000,object_area,4849.513069
TRIAL_Black_SIM_02,Black,5.000000,object_area,4873.773806
TRIAL_Black_SIM_02,Black,6.000000,object_area,4901.491482
TRIAL_Black_SIM_02,Black,7.000000,object_area,4931.094824
TRIAL_Black_SIM_02,Black,8.000000,object_area,4969.183663
TRIAL_Black_SIM_02,Black,9.000000,object_area,5007.272501
TRIAL_Black_SIM_02,Black,10.000000,object_area,5056.592257
TRIAL_Black_SIM_02,Black,11.000000,object_area,5107.035104
TRIAL_Black_SIM_02,Black,12.000000,object_area,5163.609125
TRIAL_Black_SIM_02,Black,13.000000,object_area,5223.686674
TRIAL_Black_SIM_02,Black,14.000000,object_area,5285.686182
TRIAL_Black_SIM_02,Black,15.000000,object_area,5351.049117
TRIAL_Black_SIM_02,Black,16.000000,object_area,5416.678749
TRIAL_Black_SIM_02,Black,17.000000,object_area,5484.975354
TRIAL_Black_SIM_02,Black,18.000000,object_area,5553.271959
TRIAL_Black_SIM_02,Black,19.000000,object_area,5628.615539
TRIAL_Black_SIM_02,Black,20.000000,object_area,5705.525113
TRIAL_Black_SIM_02,Black,21.000000,object_area,5788.537337
TRIAL_Black_SIM_02,Black,22.000000,object_area,5876.635102
TRIAL_Black_SIM_02,Black,23.000000,object_area,5967.657705
TRIAL_Black_SIM_02,Black,24.000000,object_area,6066.479877
TRIAL_Black_SIM_02,Black,25.000000,object_area,6165.302049
TRIAL_Black_SIM_02,Black,26.000000,object_area,6273.371270
TRIAL_Black_SIM_02,Black,27.000000,object_area,6381.440492
TRIAL_Black_SIM_02,Black,28.000000,object_area,6492.301174
TRIAL_Black_SIM_02,Black,29.000000,object_area,6604.208654
TRIAL_Black_SIM_02,Black,30.000000,object_area,6720.091217
TRIAL_Black_SIM_02,Black,31.000000,object_area,6840.743879
TRIAL_Black_SIM_02,Black,32.000000,object_area,6961.174211
TRIAL_Black_SIM_02,Black,33.000000,object_area,7080.604063
TRIAL_Black_SIM_02,Black,34.000000,object_area,7200.033914
TRIAL_Black_SIM_02,Black,35.000000,object_area,7326.659829
TRIAL_Black_SIM_02,Black,36.000000,object_area,7454.005350
TRIAL_Black_SIM_02,Black,37.000000,object_area,7578.831049
TRIAL_Black_SIM_02,Black,38.000000,object_area,7702.216850
TRIAL_Black_SIM_02,Black,39.000000,object_area,7827.113683
TRIAL_Black_SIM_02,Black,40.000000,object_area,7954.654822
TRIAL_Black_SIM_02,Black,41.000000,object_area,8082.105426
TRIAL_Black_SIM_02,Black,42.000000,object_area,8208.650679
TRIAL_Black_SIM_02,Black,43.000000,object_area,8335.195931
TRIAL_Black_SIM_02,Black,44.000000,object_area,8468.064867
TRIAL_Black_SIM_02,Black,45.000000,object_area,8602.339066
TRIAL_Black_SIM_02,Black,46.000000,object_area,8739.397488
TRIAL_Black_SIM_02,Black,47.000000,object_area,8878.776096
TRIAL_Black_SIM_02,Black,48.000000,object_area,9017.254618
TRIAL_Black_SIM_02,Black,49.000000,object_area,9153.332910
TRIAL_Black_SIM_02,Black,50.000000,object_area,9289.411203
TRIAL_Black_SIM_02,Black,51.000000,object_area,9424.472713
TRIAL_Black_SIM_02,Black,52.000000,object_area,9559.534223
TRIAL_Black_SIM_02,Black,53.000000,object_area,9694.201778
TRIAL_Black_SIM_02,Black,54.000000,object_area,9828.721601
TRIAL_Black_SIM_02,Black,55.000000,object_area,9964.615813
TRIAL_Black_SIM_02,Black,56.000000,object_area,10102.159291
TRIAL_Black_SIM_02,Black,57.000000,object_area,10238.820133
TRIAL_Black_SIM_02,Black,58.000000,object_area,10371.509113
TRIAL_Black_SIM_02,Black,59.000000,object_area,10504.198093
TRIAL_Black_SIM_02,Black,60.000000,object_area,10629.624995
TRIAL_Black_SIM_02,Black,61.000000,object_area,10754.325688
TRIAL_Black_SIM_02,Black,62.000000,object_area,10874.695141
TRIAL_Black_SIM_02,Black,63.000000,object_area,10992.589599
TRIAL_Black_SIM_02,Black,64.000000,object_area,11109.446270
TRIAL_Black_SIM_02,Black,65.000000,object_area,11224.486812
TRIAL_Black_SIM_02,Black,66.000000,object_area,11339.546031
TRIAL_Black_SIM_02,Black,67.000000,object_area,11454.792008
TRIAL_Black_SIM_02,Black,68.000000,object_area,11570.037986
TRIAL_Black_SIM_02,Black,69.000000,object_area,11687.966575
TRIAL_Black_SIM_02,Black,70.000000,object_area,11806.491299
TRIAL_Black_SIM_02,Black,71.000000,object_area,11923.489848
TRIAL_Black_SIM_02,Black,72.000000,object_area,12039.216583
TRIAL_Black_SIM_02,Black,73.000000,object_area,12153.682626
TRIAL_Black_SIM_02,Black,74.000000,object_area,12264.786823
TRIAL_Black_SIM_02,Black,75.000000,object_area,12375.891021
TRIAL_Black_SIM_02,Black,76.000000,object_area,12474.617220
TRIAL_Black_SIM_02,Black,77.000000,object_area,12573.343419
TRIAL_Black_SIM_02,Black,78.000000,object_area,12667.285576
TRIAL_Black_SIM_02,Black,79.000000,object_area,12759.433717
TRIAL_Black_SIM_02,Black,80.000000,object_area,12845.590216
TRIAL_Black_SIM_02,Black,81.000000,object_area,12924.556746
TRIAL_Black_SIM_02,Black,82.000000,object_area,13003.125421
TRIAL_Black_SIM_02,Black,83.000000,object_area,13079.903748
TRIAL_Black_SIM_02,Black,84.000000,object_area,13156.682075
TRIAL_Black_SIM_02,Black,85.000000,object_area,13223.046792
TRIAL_Black_SIM_02,Black,86.000000,object_area,13288.370147
TRIAL_Black_SIM_02,Black,87.000000,object_area,13353.705078
TRIAL_Black_SIM_02,Black,88.000000,object_area,13419.046624
TRIAL_Black_SIM_02,Black,89.000000,object_area,13478.778053
TRIAL_Black_SIM_02,Black,90.000000,object_area,13528.691779
TRIAL_Black_SIM_02,Black,91.000000,object_area,13578.104707
TRIAL_Black_SIM_02,Black,92.000000,object_area,13622.509657
TRIAL_Black_SIM_02,Black,93.000000,object_area,13666.914608
TRIAL_Black_SIM_02,Black,94.000000,object_area,13695.379054
TRIAL_Black_SIM_02,Black,95.000000,object_area,13720.301165
TRIAL_Black_SIM_02,Black,96.000000,object_area,13740.048310
TRIAL_Black_SIM_02,Black,97.000000,object_area,13755.482981
TRIAL_Black_SIM_02,Black,98.000000,object_area,13766.741783
TRIAL_Black_SIM_02,Black,99.000000,object_area,13766.864932
TRIAL_Black_SIM_02,Black,100.000000,object_area,13766.988081
TRIAL_Black_SIM_02,Black,0.000000,finger_width,28.293798
TRIAL_Black_SIM_02,Black,1.000000,finger_width,28.867323
TRIAL_Black_SIM_02,Black,2.000000,finger_width,29.440849
TRIAL_Black_SIM_02,Black,3.000000,finger_width,30.791043
TRIAL_Black_SIM_02,Black,4.000000,finger_width,32.432488
TRIAL_Black_SIM_02,Black,5.000000,finger_width,34.585893
TRIAL_Black_SIM_02,Black,6.000000,finger_width,37.353653
TRIAL_Black_SIM_02,Black,7.000000,finger_width,40.271938
TRIAL_Black_SIM_02,Black,8.000000,finger_width,43.867592
TRIAL_Black_SIM_02,Black,9.000000,finger_width,47.463245
TRIAL_Black_SIM_02,Black,10.000000,finger_width,51.966050
TRIAL_Black_SIM_02,Black,11.000000,finger_width,56.559570
TRIAL_Black_SIM_02,Black,12.000000,finger_width,61.509713
TRIAL_Black_SIM_02,Black,13.000000,finger_width,66.663639
TRIAL_Black_SIM_02,Black,14.000000,finger_width,71.900958
TRIAL_Black_SIM_02,Black,15.000000,finger_width,77.284214
TRIAL_Black_SIM_02,Black,16.000000,finger_width,82.646625
TRIAL_Black_SIM_02,Black,17.000000,finger_width,87.800601
TRIAL_Black_SIM_02,Black,18.000000,finger_width,92.954577
TRIAL_Black_SIM_02,Black,19.000000,finger_width,98.330223
TRIAL_Black_SIM_02,Black,20.000000,finger_width,103.755129
TRIAL_Black_SIM_02,Black,21.000000,finger_width,109.390122
TRIAL_Black_SIM_02,Black,22.000000,finger_width,115.200187
TRIAL_Black_SIM_02,Black,23.000000,finger_width,121.194055
TRIAL_Black_SIM_02,Black,24.000000,finger_width,127.678063
TRIAL_Black_SIM_02,Black,25.000000,finger_width,134.162072
TRIAL_Black_SIM_02,Black,26.000000,finger_width,140.635178
TRIAL_Black_SIM_02,Black,27.000000,finger_width,147.108284
TRIAL_Black_SIM_02,Black,28.000000,finger_width,153.388807
TRIAL_Black_SIM_02,Black,29.000000,finger_width,159.597113
TRIAL_Black_SIM_02,Black,30.000000,finger_width,165.535060
TRIAL_Black_SIM_02,Black,31.000000,finger_width,171.148578
TRIAL_Black_SIM_02,Black,32.000000,finger_width,176.668505
TRIAL_Black_SIM_02,Black,33.000000,finger_width,181.767267
TRIAL_Black_SIM_02,Black,34.000000,finger_width,186.866029
TRIAL_Black_SIM_02,Black,35.000000,finger_width,191.473412
TRIAL_Black_SIM_02,Black,36.000000,finger_width,196.031657
TRIAL_Black_SIM_02,Black,37.000000,finger_width,200.351009
TRIAL_Black_SIM_02,Black,38.000000,finger_width,204.533850
TRIAL_Black_SIM_02,Black,39.000000,finger_width,208.444012
TRIAL_Black_SIM_02,Black,40.000000,finger_width,211.876987
TRIAL_Black_SIM_02,Black,41.000000,finger_width,215.251613
TRIAL_Black_SIM_02,Black,42.000000,finger_width,218.042751
TRIAL_Black_SIM_02,Black,43.000000,finger_width,220.833888
TRIAL_Black_SIM_02,Black,44.000000,finger_width,222.587962
TRIAL_Black_SIM_02,Black,45.000000,finger_width,224.111578
TRIAL_Black_SIM_02,Black,46.000000,finger_width,225.057200
TRIAL_Black_SIM_02,Black,47.000000,finger_width,225.521163
TRIAL_Black_SIM_02,Black,48.000000,finger_width,225.592419
TRIAL_Black_SIM_02,Black,49.000000,finger_width,224.616458
TRIAL_Black_SIM_02,Black,50.000000,finger_width,223.640497
TRIAL_Black_SIM_02,Black,51.000000,finger_width,221.426187
TRIAL_Black_SIM_02,Black,52.000000,finger_width,219.211877
TRIAL_Black_SIM_02,Black,53.000000,finger_width,216.149249
TRIAL_Black_SIM_02,Black,54.000000,finger_width,212.768502
TRIAL_Black_SIM_02,Black,55.000000,finger_width,208.841796
TRIAL_Black_SIM_02,Black,56.000000,finger_width,204.259940
TRIAL_Black_SIM_02,Black,57.000000,finger_width,199.590056
TRIAL_Black_SIM_02,Black,58.000000,finger_width,194.524051
TRIAL_Black_SIM_02,Black,59.000000,finger_width,189.458046
TRIAL_Black_SIM_02,Black,60.000000,finger_width,184.222908
TRIAL_Black_SIM_02,Black,61.000000,finger_width,178.970858
TRIAL_Black_SIM_02,Black,62.000000,finger_width,173.798688
TRIAL_Black_SIM_02,Black,63.000000,finger_width,168.672163
TRIAL_Black_SIM_02,Black,64.000000,finger_width,163.472536
TRIAL_Black_SIM_02,Black,65.000000,finger_width,158.144977
TRIAL_Black_SIM_02,Black,66.000000,finger_width,152.811811
TRIAL_Black_SIM_02,Black,67.000000,finger_width,147.422582
TRIAL_Black_SIM_02,Black,68.000000,finger_width,142.033354
TRIAL_Black_SIM_02,Black,69.000000,finger_width,136.940174
TRIAL_Black_SIM_02,Black,70.000000,finger_width,131.912784
TRIAL_Black_SIM_02,Black,71.000000,finger_width,127.309187
TRIAL_Black_SIM_02,Black,72.000000,finger_width,123.058752
TRIAL_Black_SIM_02,Black,73.000000,finger_width,119.130571
TRIAL_Black_SIM_02,Black,74.000000,finger_width,116.061738
TRIAL_Black_SIM_02,Black,75.000000,finger_width,112.992904
TRIAL_Black_SIM_02,Black,76.000000,finger_width,111.277270
TRIAL_Black_SIM_02,Black,77.000000,finger_width,109.561635
TRIAL_Black_SIM_02,Black,78.000000,finger_width,108.905495
TRIAL_Black_SIM_02,Black,79.000000,finger_width,108.646666
TRIAL_Black_SIM_02,Black,80.000000,finger_width,108.593196
TRIAL_Black_SIM_02,Black,81.000000,finger_width,108.786158
TRIAL_Black_SIM_02,Black,82.000000,finger_width,108.938007
TRIAL_Black_SIM_02,Black,83.000000,finger_width,108.904846
TRIAL_Black_SIM_02,Black,84.000000,finger_width,108.871685
TRIAL_Black_SIM_02,Black,85.000000,finger_width,108.800391
TRIAL_Black_SIM_02,Black,86.000000,finger_width,108.725285
TRIAL_Black_SIM_02,Black,87.000000,finger_width,108.639296
TRIAL_Black_SIM_02,Black,88.000000,finger_width,108.547090
TRIAL_Black_SIM_02,Black,89.000000,finger_width,108.542914
TRIAL_Black_SIM_02,Black,90.000000,finger_width,108.692790
TRIAL_Black_SIM_02,Black,91.000000,finger_width,108.849539
TRIAL_Black_SIM_02,Black,92.000000,finger_width,109.075011
TRIAL_Black_SIM_02,Black,93.000000,finger_width,109.300482
TRIAL_Black_SIM_02,Black,94.000000,finger_width,109.446639
TRIAL_Black_SIM_02,Black,95.000000,finger_width,109.575170
TRIAL_Black_SIM_02,Black,96.000000,finger_width,109.616362
TRIAL_Black_SIM_02,Black,97.000000,finger_width,109.584772
TRIAL_Black_SIM_02,Black,98.000000,finger_width,109.508056
TRIAL_Black_SIM_02,Black,99.000000,finger_width,109.311006
TRIAL_Black_SIM_02,Black,100.000000,finger_width,109.113956
TRIAL_Black_SIM_02,Black,0.000000,velocity,0.010164
TRIAL_Black_SIM_02,Black,1.000000,velocity,0.015080
TRIAL_Black_SIM_02,Black,2.000000,velocity,0.019995
TRIAL_Black_SIM_02,Black,3.000000,velocity,0.026435
TRIAL_Black_SIM_02,Black,4.000000,velocity,0.033447
TRIAL_Black_SIM_02,Black,5.000000,velocity,0.040910
TRIAL_Black_SIM_02,Black,6.000000,velocity,0.048915
TRIAL_Black_SIM_02,Black,7.000000,velocity,0.056898
TRIAL_Black_SIM_02,Black,8.000000,velocity,0.064786
TRIAL_Black_SIM_02,Black,9.000000,velocity,0.072674
TRIAL_Black_SIM_02,Black,10.000000,velocity,0.082013
TRIAL_Black_SIM_02,Black,11.000000,velocity,0.091497
TRIAL_Black_SIM_02,Black,12.000000,velocity,0.103874
TRIAL_Black_SIM_02,Black,13.000000,velocity,0.117904
TRIAL_Black_SIM_02,Black,14.000000,velocity,0.133228
TRIAL_Black_SIM_02,Black,15.000000,velocity,0.150819
TRIAL_Black_SIM_02,Black,16.000000,velocity,0.168626
TRIAL_Black_SIM_02,Black,17.000000,velocity,0.188606
TRIAL_Black_SIM_02,Black,18.000000,velocity,0.208586
TRIAL_Black_SIM_02,Black,19.000000,velocity,0.228471
TRIAL_Black_SIM_02,Black,20.000000,velocity,0.248335
TRIAL_Black_SIM_02,Black,21.000000,velocity,0.268676
TRIAL_Black_SIM_02,Black,22.000000,velocity,0.289416
TRIAL_Black_SIM_02,Black,23.000000,velocity,0.310431
TRIAL_Black_SIM_02,Black,24.000000,velocity,0.332183
TRIAL_Black_SIM_02,Black,25.000000,velocity,0.353934
TRIAL_Black_SIM_02,Black,26.000000,velocity,0.376689
TRIAL_Black_SIM_02,Black,27.000000,velocity,0.399443
TRIAL_Black_SIM_02,Black,28.000000,velocity,0.423171
TRIAL_Black_SIM_02,Black,29.000000,velocity,0.447264
TRIAL_Black_SIM_02,Black,30.000000,velocity,0.471161
TRIAL_Black_SIM_02,Black,31.000000,velocity,0.494822
TRIAL_Black_SIM_02,Black,32.000000,velocity,0.518274
TRIAL_Black_SIM_02,Black,33.000000,velocity,0.540786
TRIAL_Black_SIM_02,Black,34.000000,velocity,0.563298
TRIAL_Black_SIM_02,Black,35.000000,velocity,0.582648
TRIAL_Black_SIM_02,Black,36.000000,velocity,0.601682
TRIAL_Black_SIM_02,Black,37.000000,velocity,0.617037
TRIAL_Black_SIM_02,Black,38.000000,velocity,0.630290
TRIAL_Black_SIM_02,Black,39.000000,velocity,0.641047
TRIAL_Black_SIM_02,Black,40.000000,velocity,0.647435
TRIAL_Black_SIM_02,Black,41.000000,velocity,0.653196
TRIAL_Black_SIM_02,Black,42.000000,velocity,0.652684
TRIAL_Black_SIM_02,Black,43.000000,velocity,0.652172
TRIAL_Black_SIM_02,Black,44.000000,velocity,0.647795
TRIAL_Black_SIM_02,Black,45.000000,velocity,0.642558
TRIAL_Black_SIM_02,Black,46.000000,velocity,0.634848
TRIAL_Black_SIM_02,Black,47.000000,velocity,0.625077
TRIAL_Black_SIM_02,Black,48.000000,velocity,0.613927
TRIAL_Black_SIM_02,Black,49.000000,velocity,0.599105
TRIAL_Black_SIM_02,Black,50.000000,velocity,0.584282
TRIAL_Black_SIM_02,Black,51.000000,velocity,0.565538
TRIAL_Black_SIM_02,Black,52.000000,velocity,0.546794
TRIAL_Black_SIM_02,Black,53.000000,velocity,0.525974
TRIAL_Black_SIM_02,Black,54.000000,velocity,0.504376
TRIAL_Black_SIM_02,Black,55.000000,velocity,0.482276
TRIAL_Black_SIM_02,Black,56.000000,velocity,0.459574
TRIAL_Black_SIM_02,Black,57.000000,velocity,0.436629
TRIAL_Black_SIM_02,Black,58.000000,velocity,0.412592
TRIAL_Black_SIM_02,Black,59.000000,velocity,0.388555
TRIAL_Black_SIM_02,Black,60.000000,velocity,0.363751
TRIAL_Black_SIM_02,Black,61.000000,velocity,0.338871
TRIAL_Black_SIM_02,Black,62.000000,velocity,0.314768
TRIAL_Black_SIM_02,Black,63.000000,velocity,0.291111
TRIAL_Black_SIM_02,Black,64.000000,velocity,0.268036
TRIAL_Black_SIM_02,Black,65.000000,velocity,0.245979
TRIAL_Black_SIM_02,Black,66.000000,velocity,0.224180
TRIAL_Black_SIM_02,Black,67.000000,velocity,0.204947
TRIAL_Black_SIM_02,Black,68.000000,velocity,0.185714
TRIAL_Black_SIM_02,Black,69.000000,velocity,0.167692
TRIAL_Black_SIM_02,Black,70.000000,velocity,0.149939
TRIAL_Black_SIM_02,Black,71.000000,velocity,0.133517
TRIAL_Black_SIM_02,Black,72.000000,velocity,0.118206
TRIAL_Black_SIM_02,Black,73.000000,velocity,0.103659
TRIAL_Black_SIM_02,Black,74.000000,velocity,0.091153
TRIAL_Black_SIM_02,Black,75.000000,velocity,0.078647
TRIAL_Black_SIM_02,Black,76.000000,velocity,0.069233
TRIAL_Black_SIM_02,Black,77.000000,velocity,0.059819
TRIAL_Black_SIM_02,Black,78.000000,velocity,0.051392
TRIAL_Black_SIM_02,Black,79.000000,velocity,0.043335
TRIAL_Black_SIM_02,Black,80.000000,velocity,0.035881
TRIAL_Black_SIM_02,Black,81.000000,velocity,0.029150
TRIAL_Black_SIM_02,Black,82.000000,velocity,0.022721
TRIAL_Black_SIM_02,Black,83.000000,velocity,0.017653
TRIAL_Black_SIM_02,Black,84.000000,velocity,0.012586
TRIAL_Black_SIM_02,Black,85.000000,velocity,0.010146
TRIAL_Black_SIM_02,Black,86.000000,velocity,0.007970
TRIAL_Black_SIM_02,Black,87.000000,velocity,0.006334
TRIAL_Black_SIM_02,Black,88.000000,velocity,0.005006
TRIAL_Black_SIM_02,Black,89.000000,velocity,0.004100
TRIAL_Black_SIM_02,Black,90.000000,velocity,0.003929
TRIAL_Black_SIM_02,Black,91.000000,velocity,0.003752
TRIAL_Black_SIM_02,Black,92.000000,velocity,0.003523
TRIAL_Black_SIM_02,Black,93.000000,velocity,0.003294
TRIAL_Black_SIM_02,Black,94.000000,velocity,0.003334
TRIAL_Black_SIM_02,Black,95.000000,velocity,0.003435
TRIAL_Black_SIM_02,Black,96.000000,velocity,0.002992
TRIAL_Black_SIM_02,Black,97.000000,velocity,0.002096
TRIAL_Black_SIM_02,Black,98.000000,velocity,0.001293
TRIAL_Black_SIM_02,Black,99.000000,velocity,0.000738
TRIAL_Black_SIM_02,Black,100.000000,velocity,0.000183
TRIAL_Black_SIM_02,Black,0.000000,acceleration_mag,0.291635
TRIAL_Black_SIM_02,Black,1.000000,acceleration_mag,0.342299
TRIAL_Black_SIM_02,Black,2.000000,acceleration_mag,0.392962
TRIAL_Black_SIM_02,Black,3.000000,acceleration_mag,0.440316
TRIAL_Black_SIM_02,Black,4.000000,acceleration_mag,0.486428
TRIAL_Black_SIM_02,Black,5.000000,acceleration_mag,0.517552
TRIAL_Black_SIM_02,Black,6.000000,acceleration_mag,0.530690
TRIAL_Black_SIM_02,Black,7.000000,acceleration_mag,0.545472
TRIAL_Black_SIM_02,Black,8.000000,acceleration_mag,0.567650
TRIAL_Black_SIM_02,Black,9.000000,acceleration_mag,0.589828
TRIAL_Black_SIM_02,Black,10.000000,acceleration_mag,0.675547
TRIAL_Black_SIM_02,Black,11.000000,acceleration_mag,0.767620
TRIAL_Black_SIM_02,Black,12.000000,acceleration_mag,0.878435
TRIAL_Black_SIM_02,Black,13.000000,acceleration_mag,0.999960
TRIAL_Black_SIM_02,Black,14.000000,acceleration_mag,1.109730
TRIAL_Black_SIM_02,Black,15.000000,acceleration_mag,1.198930
TRIAL_Black_SIM_02,Black,16.000000,acceleration_mag,1.283126
TRIAL_Black_SIM_02,Black,17.000000,acceleration_mag,1.317286
TRIAL_Black_SIM_02,Black,18.000000,acceleration_mag,1.351447
TRIAL_Black_SIM_02,Black,19.000000,acceleration_mag,1.367079
TRIAL_Black_SIM_02,Black,20.000000,acceleration_mag,1.378594
TRIAL_Black_SIM_02,Black,21.000000,acceleration_mag,1.399427
TRIAL_Black_SIM_02,Black,22.000000,acceleration_mag,1.428025
TRIAL_Black_SIM_02,Black,23.000000,acceleration_mag,1.457067
TRIAL_Black_SIM_02,Black,24.000000,acceleration_mag,1.487296
TRIAL_Black_SIM_02,Black,25.000000,acceleration_mag,1.517524
TRIAL_Black_SIM_02,Black,26.000000,acceleration_mag,1.552713
TRIAL_Black_SIM_02,Black,27.000000,acceleration_mag,1.587901
TRIAL_Black_SIM_02,Black,28.000000,acceleration_mag,1.607298
TRIAL_Black_SIM_02,Black,29.000000,acceleration_mag,1.620773
TRIAL_Black_SIM_02,Black,30.000000,acceleration_mag,1.617436
TRIAL_Black_SIM_02,Black,31.000000,acceleration_mag,1.593925
TRIAL_Black_SIM_02,Black,32.000000,acceleration_mag,1.562067
TRIAL_Black_SIM_02,Black,33.000000,acceleration_mag,1.492646
TRIAL_Black_SIM_02,Black,34.000000,acceleration_mag,1.423225
TRIAL_Black_SIM_02,Black,35.000000,acceleration_mag,1.290728
TRIAL_Black_SIM_02,Black,36.000000,acceleration_mag,1.151923
TRIAL_Black_SIM_02,Black,37.000000,acceleration_mag,0.980622
TRIAL_Black_SIM_02,Black,38.000000,acceleration_mag,0.790751
TRIAL_Black_SIM_02,Black,39.000000,acceleration_mag,0.595241
TRIAL_Black_SIM_02,Black,40.000000,acceleration_mag,0.389864
TRIAL_Black_SIM_02,Black,41.000000,acceleration_mag,0.203193
TRIAL_Black_SIM_02,Black,42.000000,acceleration_mag,0.203577
TRIAL_Black_SIM_02,Black,43.000000,acceleration_mag,0.203961
TRIAL_Black_SIM_02,Black,44.000000,acceleration_mag,0.315998
TRIAL_Black_SIM_02,Black,45.000000,acceleration_mag,0.452847
TRIAL_Black_SIM_02,Black,46.000000,acceleration_mag,0.592909
TRIAL_Black_SIM_02,Black,47.000000,acceleration_mag,0.735647
TRIAL_Black_SIM_02,Black,48.000000,acceleration_mag,0.876058
TRIAL_Black_SIM_02,Black,49.000000,acceleration_mag,1.010262
TRIAL_Black_SIM_02,Black,50.000000,acceleration_mag,1.144466
TRIAL_Black_SIM_02,Black,51.000000,acceleration_mag,1.246011
TRIAL_Black_SIM_02,Black,52.000000,acceleration_mag,1.347557
TRIAL_Black_SIM_02,Black,53.000000,acceleration_mag,1.418584
TRIAL_Black_SIM_02,Black,54.000000,acceleration_mag,1.478167
TRIAL_Black_SIM_02,Black,55.000000,acceleration_mag,1.527330
TRIAL_Black_SIM_02,Black,56.000000,acceleration_mag,1.563988
TRIAL_Black_SIM_02,Black,57.000000,acceleration_mag,1.599955
TRIAL_Black_SIM_02,Black,58.000000,acceleration_mag,1.632816
TRIAL_Black_SIM_02,Black,59.000000,acceleration_mag,1.665676
TRIAL_Black_SIM_02,Black,60.000000,acceleration_mag,1.663517
TRIAL_Black_SIM_02,Black,61.000000,acceleration_mag,1.657856
TRIAL_Black_SIM_02,Black,62.000000,acceleration_mag,1.628818
TRIAL_Black_SIM_02,Black,63.000000,acceleration_mag,1.586421
TRIAL_Black_SIM_02,Black,64.000000,acceleration_mag,1.535172
TRIAL_Black_SIM_02,Black,65.000000,acceleration_mag,1.468430
TRIAL_Black_SIM_02,Black,66.000000,acceleration_mag,1.401866
TRIAL_Black_SIM_02,Black,67.000000,acceleration_mag,1.337078
TRIAL_Black_SIM_02,Black,68.000000,acceleration_mag,1.272290
TRIAL_Black_SIM_02,Black,69.000000,acceleration_mag,1.212350
TRIAL_Black_SIM_02,Black,70.000000,acceleration_mag,1.153489
TRIAL_Black_SIM_02,Black,71.000000,acceleration_mag,1.083822
TRIAL_Black_SIM_02,Black,72.000000,acceleration_mag,1.005153
TRIAL_Black_SIM_02,Black,73.000000,acceleration_mag,0.923826
TRIAL_Black_SIM_02,Black,74.000000,acceleration_mag,0.835412
TRIAL_Black_SIM_02,Black,75.000000,acceleration_mag,0.746998
TRIAL_Black_SIM_02,Black,76.000000,acceleration_mag,0.680284
TRIAL_Black_SIM_02,Black,77.000000,acceleration_mag,0.613570
TRIAL_Black_SIM_02,Black,78.000000,acceleration_mag,0.566165
TRIAL_Black_SIM_02,Black,79.000000,acceleration_mag,0.526000
TRIAL_Black_SIM_02,Black,80.000000,acceleration_mag,0.484017
TRIAL_Black_SIM_02,Black,81.000000,acceleration_mag,0.439851
TRIAL_Black_SIM_02,Black,82.000000,acceleration_mag,0.391686
TRIAL_Black_SIM_02,Black,83.000000,acceleration_mag,0.325525
TRIAL_Black_SIM_02,Black,84.000000,acceleration_mag,0.259363
TRIAL_Black_SIM_02,Black,85.000000,acceleration_mag,0.205254
TRIAL_Black_SIM_02,Black,86.000000,acceleration_mag,0.152351
TRIAL_Black_SIM_02,Black,87.000000,acceleration_mag,0.115187
TRIAL_Black_SIM_02,Black,88.000000,acceleration_mag,0.087016
TRIAL_Black_SIM_02,Black,89.000000,acceleration_mag,0.062810
TRIAL_Black_SIM_02,Black,90.000000,acceleration_mag,0.045542
TRIAL_Black_SIM_02,Black,91.000000,acceleration_mag,0.029135
TRIAL_Black_SIM_02,Black,92.000000,acceleration_mag,0.021332
TRIAL_Black_SIM_02,Black,93.000000,acceleration_mag,0.013530
TRIAL_Black_SIM_02,Black,94.000000,acceleration_mag,0.017509
TRIAL_Black_SIM_02,Black,95.000000,acceleration_mag,0.024105
TRIAL_Black_SIM_02,Black,96.000000,acceleration_mag,0.032558
TRIAL_Black_SIM_02,Black,97.000000,acceleration_mag,0.042558
TRIAL_Black_SIM_02,Black,98.000000,acceleration_mag,0.048564
TRIAL_Black_SIM_02,Black,99.000000,acceleration_mag,0.043921
TRIAL_Black_SIM_02,Black,100.000000,acceleration_mag,0.039278
TRIAL_Black_SIM_02,Black,0.000000,ax,0.281910
TRIAL_Black_SIM_02,Black,1.000000,ax,0.331992
TRIAL_Black_SIM_02,Black,2.000000,ax,0.382074
TRIAL_Black_SIM_02,Black,3.000000,ax,0.429695
TRIAL_Black_SIM_02,Black,4.000000,ax,0.476393
TRIAL_Black_SIM_02,Black,5.000000,ax,0.507966
TRIAL_Black_SIM_02,Black,6.000000,ax,0.521389
TRIAL_Black_SIM_02,Black,7.000000,ax,0.536361
TRIAL_Black_SIM_02,Black,8.000000,ax,0.558303
TRIAL_Black_SIM_02,Black,9.000000,ax,0.580245
TRIAL_Black_SIM_02,Black,10.000000,ax,0.664278
TRIAL_Black_SIM_02,Black,11.000000,ax,0.754521
TRIAL_Black_SIM_02,Black,12.000000,ax,0.863612
TRIAL_Black_SIM_02,Black,13.000000,ax,0.983476
TRIAL_Black_SIM_02,Black,14.000000,ax,1.091672
TRIAL_Black_SIM_02,Black,15.000000,ax,1.179450
TRIAL_Black_SIM_02,Black,16.000000,ax,1.262411
TRIAL_Black_SIM_02,Black,17.000000,ax,1.297190
TRIAL_Black_SIM_02,Black,18.000000,ax,1.331969
TRIAL_Black_SIM_02,Black,19.000000,ax,1.348310
TRIAL_Black_SIM_02,Black,20.000000,ax,1.360554
TRIAL_Black_SIM_02,Black,21.000000,ax,1.382266
TRIAL_Black_SIM_02,Black,22.000000,ax,1.411869
TRIAL_Black_SIM_02,Black,23.000000,ax,1.441540
TRIAL_Black_SIM_02,Black,24.000000,ax,1.471388
TRIAL_Black_SIM_02,Black,25.000000,ax,1.501237
TRIAL_Black_SIM_02,Black,26.000000,ax,1.536226
TRIAL_Black_SIM_02,Black,27.000000,ax,1.571215
TRIAL_Black_SIM_02,Black,28.000000,ax,1.590035
TRIAL_Black_SIM_02,Black,29.000000,ax,1.602792
TRIAL_Black_SIM_02,Black,30.000000,ax,1.599512
TRIAL_Black_SIM_02,Black,31.000000,ax,1.576986
TRIAL_Black_SIM_02,Black,32.000000,ax,1.546051
TRIAL_Black_SIM_02,Black,33.000000,ax,1.477279
TRIAL_Black_SIM_02,Black,34.000000,ax,1.408507
TRIAL_Black_SIM_02,Black,35.000000,ax,1.277574
TRIAL_Black_SIM_02,Black,36.000000,ax,1.140425
TRIAL_Black_SIM_02,Black,37.000000,ax,0.970166
TRIAL_Black_SIM_02,Black,38.000000,ax,0.780986
TRIAL_Black_SIM_02,Black,39.000000,ax,0.585832
TRIAL_Black_SIM_02,Black,40.000000,ax,0.380223
TRIAL_Black_SIM_02,Black,41.000000,ax,0.177511
TRIAL_Black_SIM_02,Black,42.000000,ax,0.003778
TRIAL_Black_SIM_02,Black,43.000000,ax,-0.169955
TRIAL_Black_SIM_02,Black,44.000000,ax,-0.313633
TRIAL_Black_SIM_02,Black,45.000000,ax,-0.450632
TRIAL_Black_SIM_02,Black,46.000000,ax,-0.589512
TRIAL_Black_SIM_02,Black,47.000000,ax,-0.729959
TRIAL_Black_SIM_02,Black,48.000000,ax,-0.868035
TRIAL_Black_SIM_02,Black,49.000000,ax,-0.999785
TRIAL_Black_SIM_02,Black,50.000000,ax,-1.131535
TRIAL_Black_SIM_02,Black,51.000000,ax,-1.231633
TRIAL_Black_SIM_02,Black,52.000000,ax,-1.331731
TRIAL_Black_SIM_02,Black,53.000000,ax,-1.402505
TRIAL_Black_SIM_02,Black,54.000000,ax,-1.462281
TRIAL_Black_SIM_02,Black,55.000000,ax,-1.511504
TRIAL_Black_SIM_02,Black,56.000000,ax,-1.548062
TRIAL_Black_SIM_02,Black,57.000000,ax,-1.583990
TRIAL_Black_SIM_02,Black,58.000000,ax,-1.617075
TRIAL_Black_SIM_02,Black,59.000000,ax,-1.650160
TRIAL_Black_SIM_02,Black,60.000000,ax,-1.648132
TRIAL_Black_SIM_02,Black,61.000000,ax,-1.642592
TRIAL_Black_SIM_02,Black,62.000000,ax,-1.613843
TRIAL_Black_SIM_02,Black,63.000000,ax,-1.571833
TRIAL_Black_SIM_02,Black,64.000000,ax,-1.520629
TRIAL_Black_SIM_02,Black,65.000000,ax,-1.453338
TRIAL_Black_SIM_02,Black,66.000000,ax,-1.386204
TRIAL_Black_SIM_02,Black,67.000000,ax,-1.320645
TRIAL_Black_SIM_02,Black,68.000000,ax,-1.255086
TRIAL_Black_SIM_02,Black,69.000000,ax,-1.194951
TRIAL_Black_SIM_02,Black,70.000000,ax,-1.136021
TRIAL_Black_SIM_02,Black,71.000000,ax,-1.066729
TRIAL_Black_SIM_02,Black,72.000000,ax,-0.988802
TRIAL_Black_SIM_02,Black,73.000000,ax,-0.908363
TRIAL_Black_SIM_02,Black,74.000000,ax,-0.821228
TRIAL_Black_SIM_02,Black,75.000000,ax,-0.734093
TRIAL_Black_SIM_02,Black,76.000000,ax,-0.668276
TRIAL_Black_SIM_02,Black,77.000000,ax,-0.602460
TRIAL_Black_SIM_02,Black,78.000000,ax,-0.556767
TRIAL_Black_SIM_02,Black,79.000000,ax,-0.518620
TRIAL_Black_SIM_02,Black,80.000000,ax,-0.478645
TRIAL_Black_SIM_02,Black,81.000000,ax,-0.436476
TRIAL_Black_SIM_02,Black,82.000000,ax,-0.390065
TRIAL_Black_SIM_02,Black,83.000000,ax,-0.324561
TRIAL_Black_SIM_02,Black,84.000000,ax,-0.259056
TRIAL_Black_SIM_02,Black,85.000000,ax,-0.203097
TRIAL_Black_SIM_02,Black,86.000000,ax,-0.148093
TRIAL_Black_SIM_02,Black,87.000000,ax,-0.108649
TRIAL_Black_SIM_02,Black,88.000000,ax,-0.078095
TRIAL_Black_SIM_02,Black,89.000000,ax,-0.052186
TRIAL_Black_SIM_02,Black,90.000000,ax,-0.034404
TRIAL_Black_SIM_02,Black,91.000000,ax,-0.017763
TRIAL_Black_SIM_02,Black,92.000000,ax,-0.012533
TRIAL_Black_SIM_02,Black,93.000000,ax,-0.007302
TRIAL_Black_SIM_02,Black,94.000000,ax,-0.013644
TRIAL_Black_SIM_02,Black,95.000000,ax,-0.022557
TRIAL_Black_SIM_02,Black,96.000000,ax,-0.031627
TRIAL_Black_SIM_02,Black,97.000000,ax,-0.040828
TRIAL_Black_SIM_02,Black,98.000000,ax,-0.046051
TRIAL_Black_SIM_02,Black,99.000000,ax,-0.040664
TRIAL_Black_SIM_02,Black,100.000000,ax,-0.035277
TRIAL_Black_SIM_02,Black,0.000000,ay,0.008995
TRIAL_Black_SIM_02,Black,1.000000,ay,0.009689
TRIAL_Black_SIM_02,Black,2.000000,ay,0.010384
TRIAL_Black_SIM_02,Black,3.000000,ay,0.010040
TRIAL_Black_SIM_02,Black,4.000000,ay,0.009306
TRIAL_Black_SIM_02,Black,5.000000,ay,0.008899
TRIAL_Black_SIM_02,Black,6.000000,ay,0.008884
TRIAL_Black_SIM_02,Black,7.000000,ay,0.009002
TRIAL_Black_SIM_02,Black,8.000000,ay,0.009719
TRIAL_Black_SIM_02,Black,9.000000,ay,0.010436
TRIAL_Black_SIM_02,Black,10.000000,ay,0.012810
TRIAL_Black_SIM_02,Black,11.000000,ay,0.015350
TRIAL_Black_SIM_02,Black,12.000000,ay,0.017770
TRIAL_Black_SIM_02,Black,13.000000,ay,0.020121
TRIAL_Black_SIM_02,Black,14.000000,ay,0.022582
TRIAL_Black_SIM_02,Black,15.000000,ay,0.025236
TRIAL_Black_SIM_02,Black,16.000000,ay,0.027662
TRIAL_Black_SIM_02,Black,17.000000,ay,0.027814
TRIAL_Black_SIM_02,Black,18.000000,ay,0.027965
TRIAL_Black_SIM_02,Black,19.000000,ay,0.028137
TRIAL_Black_SIM_02,Black,20.000000,ay,0.028312
TRIAL_Black_SIM_02,Black,21.000000,ay,0.028110
TRIAL_Black_SIM_02,Black,22.000000,ay,0.027594
TRIAL_Black_SIM_02,Black,23.000000,ay,0.027775
TRIAL_Black_SIM_02,Black,24.000000,ay,0.029817
TRIAL_Black_SIM_02,Black,25.000000,ay,0.031859
TRIAL_Black_SIM_02,Black,26.000000,ay,0.033646
TRIAL_Black_SIM_02,Black,27.000000,ay,0.035433
TRIAL_Black_SIM_02,Black,28.000000,ay,0.038055
TRIAL_Black_SIM_02,Black,29.000000,ay,0.040991
TRIAL_Black_SIM_02,Black,30.000000,ay,0.042574
TRIAL_Black_SIM_02,Black,31.000000,ay,0.042534
TRIAL_Black_SIM_02,Black,32.000000,ay,0.042603
TRIAL_Black_SIM_02,Black,33.000000,ay,0.043157
TRIAL_Black_SIM_02,Black,34.000000,ay,0.043712
TRIAL_Black_SIM_02,Black,35.000000,ay,0.042345
TRIAL_Black_SIM_02,Black,36.000000,ay,0.040787
TRIAL_Black_SIM_02,Black,37.000000,ay,0.039916
TRIAL_Black_SIM_02,Black,38.000000,ay,0.039437
TRIAL_Black_SIM_02,Black,39.000000,ay,0.038477
TRIAL_Black_SIM_02,Black,40.000000,ay,0.036672
TRIAL_Black_SIM_02,Black,41.000000,ay,0.034852
TRIAL_Black_SIM_02,Black,42.000000,ay,0.032884
TRIAL_Black_SIM_02,Black,43.000000,ay,0.030916
TRIAL_Black_SIM_02,Black,44.000000,ay,0.027129
TRIAL_Black_SIM_02,Black,45.000000,ay,0.022938
TRIAL_Black_SIM_02,Black,46.000000,ay,0.017272
TRIAL_Black_SIM_02,Black,47.000000,ay,0.010377
TRIAL_Black_SIM_02,Black,48.000000,ay,0.003580
TRIAL_Black_SIM_02,Black,49.000000,ay,-0.002955
TRIAL_Black_SIM_02,Black,50.000000,ay,-0.009490
TRIAL_Black_SIM_02,Black,51.000000,ay,-0.014196
TRIAL_Black_SIM_02,Black,52.000000,ay,-0.018902
TRIAL_Black_SIM_02,Black,53.000000,ay,-0.021391
TRIAL_Black_SIM_02,Black,54.000000,ay,-0.023049
TRIAL_Black_SIM_02,Black,55.000000,ay,-0.024937
TRIAL_Black_SIM_02,Black,56.000000,ay,-0.027100
TRIAL_Black_SIM_02,Black,57.000000,ay,-0.029159
TRIAL_Black_SIM_02,Black,58.000000,ay,-0.030750
TRIAL_Black_SIM_02,Black,59.000000,ay,-0.032341
TRIAL_Black_SIM_02,Black,60.000000,ay,-0.033804
TRIAL_Black_SIM_02,Black,61.000000,ay,-0.035253
TRIAL_Black_SIM_02,Black,62.000000,ay,-0.036071
TRIAL_Black_SIM_02,Black,63.000000,ay,-0.036527
TRIAL_Black_SIM_02,Black,64.000000,ay,-0.037446
TRIAL_Black_SIM_02,Black,65.000000,ay,-0.039174
TRIAL_Black_SIM_02,Black,66.000000,ay,-0.040898
TRIAL_Black_SIM_02,Black,67.000000,ay,-0.042577
TRIAL_Black_SIM_02,Black,68.000000,ay,-0.044257
TRIAL_Black_SIM_02,Black,69.000000,ay,-0.044727
TRIAL_Black_SIM_02,Black,70.000000,ay,-0.044928
TRIAL_Black_SIM_02,Black,71.000000,ay,-0.044065
TRIAL_Black_SIM_02,Black,72.000000,ay,-0.042314
TRIAL_Black_SIM_02,Black,73.000000,ay,-0.040200
TRIAL_Black_SIM_02,Black,74.000000,ay,-0.037120
TRIAL_Black_SIM_02,Black,75.000000,ay,-0.034040
TRIAL_Black_SIM_02,Black,76.000000,ay,-0.031777
TRIAL_Black_SIM_02,Black,77.000000,ay,-0.029513
TRIAL_Black_SIM_02,Black,78.000000,ay,-0.026331
TRIAL_Black_SIM_02,Black,79.000000,ay,-0.022803
TRIAL_Black_SIM_02,Black,80.000000,ay,-0.018768
TRIAL_Black_SIM_02,Black,81.000000,ay,-0.014124
TRIAL_Black_SIM_02,Black,82.000000,ay,-0.009285
TRIAL_Black_SIM_02,Black,83.000000,ay,-0.003564
TRIAL_Black_SIM_02,Black,84.000000,ay,0.002156
TRIAL_Black_SIM_02,Black,85.000000,ay,0.005436
TRIAL_Black_SIM_02,Black,86.000000,ay,0.008472
TRIAL_Black_SIM_02,Black,87.000000,ay,0.009649
TRIAL_Black_SIM_02,Black,88.000000,ay,0.009763
TRIAL_Black_SIM_02,Black,89.000000,ay,0.009297
TRIAL_Black_SIM_02,Black,90.000000,ay,0.007816
TRIAL_Black_SIM_02,Black,91.000000,ay,0.006327
TRIAL_Black_SIM_02,Black,92.000000,ay,0.004757
TRIAL_Black_SIM_02,Black,93.000000,ay,0.003187
TRIAL_Black_SIM_02,Black,94.000000,ay,0.001287
TRIAL_Black_SIM_02,Black,95.000000,ay,-0.000686
TRIAL_Black_SIM_02,Black,96.000000,ay,-0.002296
TRIAL_Black_SIM_02,Black,97.000000,ay,-0.003603
TRIAL_Black_SIM_02,Black,98.000000,ay,-0.004619
TRIAL_Black_SIM_02,Black,99.000000,ay,-0.004863
TRIAL_Black_SIM_02,Black,100.000000,ay,-0.005107
TRIAL_Black_SIM_02,Black,0.000000,az,0.074141
TRIAL_Black_SIM_02,Black,1.000000,az,0.082684
TRIAL_Black_SIM_02,Black,2.000000,az,0.091227
TRIAL_Black_SIM_02,Black,3.000000,az,0.095244
TRIAL_Black_SIM_02,Black,4.000000,az,0.097563
TRIAL_Black_SIM_02,Black,5.000000,az,0.098718
TRIAL_Black_SIM_02,Black,6.000000,az,0.098477
TRIAL_Black_SIM_02,Black,7.000000,az,0.098871
TRIAL_Black_SIM_02,Black,8.000000,az,0.102122
TRIAL_Black_SIM_02,Black,9.000000,az,0.105373
TRIAL_Black_SIM_02,Black,10.000000,az,0.122190
TRIAL_Black_SIM_02,Black,11.000000,az,0.140364
TRIAL_Black_SIM_02,Black,12.000000,az,0.159694
TRIAL_Black_SIM_02,Black,13.000000,az,0.179686
TRIAL_Black_SIM_02,Black,14.000000,az,0.198101
TRIAL_Black_SIM_02,Black,15.000000,az,0.213757
TRIAL_Black_SIM_02,Black,16.000000,az,0.227940
TRIAL_Black_SIM_02,Black,17.000000,az,0.227401
TRIAL_Black_SIM_02,Black,18.000000,az,0.226863
TRIAL_Black_SIM_02,Black,19.000000,az,0.223913
TRIAL_Black_SIM_02,Black,20.000000,az,0.220427
TRIAL_Black_SIM_02,Black,21.000000,az,0.216500
TRIAL_Black_SIM_02,Black,22.000000,az,0.212206
TRIAL_Black_SIM_02,Black,23.000000,az,0.210325
TRIAL_Black_SIM_02,Black,24.000000,az,0.214881
TRIAL_Black_SIM_02,Black,25.000000,az,0.219436
TRIAL_Black_SIM_02,Black,26.000000,az,0.223140
TRIAL_Black_SIM_02,Black,27.000000,az,0.226844
TRIAL_Black_SIM_02,Black,28.000000,az,0.231789
TRIAL_Black_SIM_02,Black,29.000000,az,0.237200
TRIAL_Black_SIM_02,Black,30.000000,az,0.236277
TRIAL_Black_SIM_02,Black,31.000000,az,0.227754
TRIAL_Black_SIM_02,Black,32.000000,az,0.219000
TRIAL_Black_SIM_02,Black,33.000000,az,0.209207
TRIAL_Black_SIM_02,Black,34.000000,az,0.199414
TRIAL_Black_SIM_02,Black,35.000000,az,0.178802
TRIAL_Black_SIM_02,Black,36.000000,az,0.157107
TRIAL_Black_SIM_02,Black,37.000000,az,0.136637
TRIAL_Black_SIM_02,Black,38.000000,az,0.116867
TRIAL_Black_SIM_02,Black,39.000000,az,0.095882
TRIAL_Black_SIM_02,Black,40.000000,az,0.072770
TRIAL_Black_SIM_02,Black,41.000000,az,0.050037
TRIAL_Black_SIM_02,Black,42.000000,az,0.031081
TRIAL_Black_SIM_02,Black,43.000000,az,0.012125
TRIAL_Black_SIM_02,Black,44.000000,az,-0.009571
TRIAL_Black_SIM_02,Black,45.000000,az,-0.031875
TRIAL_Black_SIM_02,Black,46.000000,az,-0.058509
TRIAL_Black_SIM_02,Black,47.000000,az,-0.088751
TRIAL_Black_SIM_02,Black,48.000000,az,-0.118011
TRIAL_Black_SIM_02,Black,49.000000,az,-0.144651
TRIAL_Black_SIM_02,Black,50.000000,az,-0.171292
TRIAL_Black_SIM_02,Black,51.000000,az,-0.188159
TRIAL_Black_SIM_02,Black,52.000000,az,-0.205025
TRIAL_Black_SIM_02,Black,53.000000,az,-0.211814
TRIAL_Black_SIM_02,Black,54.000000,az,-0.214824
TRIAL_Black_SIM_02,Black,55.000000,az,-0.217867
TRIAL_Black_SIM_02,Black,56.000000,az,-0.220950
TRIAL_Black_SIM_02,Black,57.000000,az,-0.223557
TRIAL_Black_SIM_02,Black,58.000000,az,-0.224025
TRIAL_Black_SIM_02,Black,59.000000,az,-0.224492
TRIAL_Black_SIM_02,Black,60.000000,az,-0.223167
TRIAL_Black_SIM_02,Black,61.000000,az,-0.221662
TRIAL_Black_SIM_02,Black,62.000000,az,-0.217381
TRIAL_Black_SIM_02,Black,63.000000,az,-0.211514
TRIAL_Black_SIM_02,Black,64.000000,az,-0.207324
TRIAL_Black_SIM_02,Black,65.000000,az,-0.206069
TRIAL_Black_SIM_02,Black,66.000000,az,-0.204873
TRIAL_Black_SIM_02,Black,67.000000,az,-0.204273
TRIAL_Black_SIM_02,Black,68.000000,az,-0.203672
TRIAL_Black_SIM_02,Black,69.000000,az,-0.199620
TRIAL_Black_SIM_02,Black,70.000000,az,-0.194801
TRIAL_Black_SIM_02,Black,71.000000,az,-0.186574
TRIAL_Black_SIM_02,Black,72.000000,az,-0.175507
TRIAL_Black_SIM_02,Black,73.000000,az,-0.163444
TRIAL_Black_SIM_02,Black,74.000000,az,-0.148720
TRIAL_Black_SIM_02,Black,75.000000,az,-0.133997
TRIAL_Black_SIM_02,Black,76.000000,az,-0.123207
TRIAL_Black_SIM_02,Black,77.000000,az,-0.112418
TRIAL_Black_SIM_02,Black,78.000000,az,-0.098931
TRIAL_Black_SIM_02,Black,79.000000,az,-0.084434
TRIAL_Black_SIM_02,Black,80.000000,az,-0.068420
TRIAL_Black_SIM_02,Black,81.000000,az,-0.050587
TRIAL_Black_SIM_02,Black,82.000000,az,-0.032248
TRIAL_Black_SIM_02,Black,83.000000,az,-0.011629
TRIAL_Black_SIM_02,Black,84.000000,az,0.008990
TRIAL_Black_SIM_02,Black,85.000000,az,0.020490
TRIAL_Black_SIM_02,Black,86.000000,az,0.031079
TRIAL_Black_SIM_02,Black,87.000000,az,0.034995
TRIAL_Black_SIM_02,Black,88.000000,az,0.035097
TRIAL_Black_SIM_02,Black,89.000000,az,0.033172
TRIAL_Black_SIM_02,Black,90.000000,az,0.027697
TRIAL_Black_SIM_02,Black,91.000000,az,0.022206
TRIAL_Black_SIM_02,Black,92.000000,az,0.016564
TRIAL_Black_SIM_02,Black,93.000000,az,0.010922
TRIAL_Black_SIM_02,Black,94.000000,az,0.004565
TRIAL_Black_SIM_02,Black,95.000000,az,-0.001950
TRIAL_Black_SIM_02,Black,96.000000,az,-0.007162
TRIAL_Black_SIM_02,Black,97.000000,az,-0.011288
TRIAL_Black_SIM_02,Black,98.000000,az,-0.014554
TRIAL_Black_SIM_02,Black,99.000000,az,-0.015527
TRIAL_Black_SIM_02,Black,100.000000,az,-0.016499
TRIAL_Black_SIM_03,Black,0.000000,object_area,4951.825580
TRIAL_Black_SIM_03,Black,1.000000,object_area,4955.029842
TRIAL_Black_SIM_03,Black,2.000000,object_area,4958.234103
TRIAL_Black_SIM_03,Black,3.000000,object_area,4973.213004
TRIAL_Black_SIM_03,Black,4.000000,object_area,4992.607394
TRIAL_Black_SIM_03,Black,5.000000,object_area,5017.261804
TRIAL_Black_SIM_03,Black,6.000000,object_area,5048.228237
TRIAL_Black_SIM_03,Black,7.000000,object_area,5081.341994
TRIAL_Black_SIM_03,Black,8.000000,object_area,5124.118704
TRIAL_Black_SIM_03,Black,9.000000,object_area,5166.895414
TRIAL_Black_SIM_03,Black,10.000000,object_area,5216.468074
TRIAL_Black_SIM_03,Black,11.000000,object_area,5266.720328
TRIAL_Black_SIM_03,Black,12.000000,object_area,5320.114554
TRIAL_Black_SIM_03,Black,13.000000,object_area,5375.304192
TRIAL_Black_SIM_03,Black,14.000000,object_area,5434.080782
TRIAL_Black_SIM_03,Black,15.000000,object_area,5499.134538
TRIAL_Black_SIM_03,Black,16.000000,object_area,5565.376980
TRIAL_Black_SIM_03,Black,17.000000,object_area,5643.506284
TRIAL_Black_SIM_03,Black,18.000000,object_area,5721.635588
TRIAL_Black_SIM_03,Black,19.000000,object_area,5809.622934
TRIAL_Black_SIM_03,Black,20.000000,object_area,5899.800955
TRIAL_Black_SIM_03,Black,21.000000,object_area,5993.046904
TRIAL_Black_SIM_03,Black,22.000000,object_area,6088.849459
TRIAL_Black_SIM_03,Black,23.000000,object_area,6185.506615
TRIAL_Black_SIM_03,Black,24.000000,object_area,6284.442709
TRIAL_Black_SIM_03,Black,25.000000,object_area,6383.378803
TRIAL_Black_SIM_03,Black,26.000000,object_area,6488.749738
TRIAL_Black_SIM_03,Black,27.000000,object_area,6594.120673
TRIAL_Black_SIM_03,Black,28.000000,object_area,6707.671757
TRIAL_Black_SIM_03,Black,29.000000,object_area,6824.290396
TRIAL_Black_SIM_03,Black,30.000000,object_area,6944.536405
TRIAL_Black_SIM_03,Black,31.000000,object_area,7069.135256
TRIAL_Black_SIM_03,Black,32.000000,object_area,7194.458996
TRIAL_Black_SIM_03,Black,33.000000,object_area,7323.044735
TRIAL_Black_SIM_03,Black,34.000000,object_area,7451.630474
TRIAL_Black_SIM_03,Black,35.000000,object_area,7577.212704
TRIAL_Black_SIM_03,Black,36.000000,object_area,7702.494582
TRIAL_Black_SIM_03,Black,37.000000,object_area,7828.345975
TRIAL_Black_SIM_03,Black,38.000000,object_area,7954.522804
TRIAL_Black_SIM_03,Black,39.000000,object_area,8081.813037
TRIAL_Black_SIM_03,Black,40.000000,object_area,8211.051728
TRIAL_Black_SIM_03,Black,41.000000,object_area,8340.582862
TRIAL_Black_SIM_03,Black,42.000000,object_area,8473.038434
TRIAL_Black_SIM_03,Black,43.000000,object_area,8605.494007
TRIAL_Black_SIM_03,Black,44.000000,object_area,8739.188259
TRIAL_Black_SIM_03,Black,45.000000,object_area,8873.157773
TRIAL_Black_SIM_03,Black,46.000000,object_area,9008.304582
TRIAL_Black_SIM_03,Black,47.000000,object_area,9144.432470
TRIAL_Black_SIM_03,Black,48.000000,object_area,9282.260130
TRIAL_Black_SIM_03,Black,49.000000,object_area,9424.620516
TRIAL_Black_SIM_03,Black,50.000000,object_area,9566.980903
TRIAL_Black_SIM_03,Black,51.000000,object_area,9711.418260
TRIAL_Black_SIM_03,Black,52.000000,object_area,9855.855617
TRIAL_Black_SIM_03,Black,53.000000,object_area,9995.416266
TRIAL_Black_SIM_03,Black,54.000000,object_area,10133.148150
TRIAL_Black_SIM_03,Black,55.000000,object_area,10268.399058
TRIAL_Black_SIM_03,Black,56.000000,object_area,10400.672796
TRIAL_Black_SIM_03,Black,57.000000,object_area,10531.851180
TRIAL_Black_SIM_03,Black,58.000000,object_area,10658.100469
TRIAL_Black_SIM_03,Black,59.000000,object_area,10784.349757
TRIAL_Black_SIM_03,Black,60.000000,object_area,10915.750623
TRIAL_Black_SIM_03,Black,61.000000,object_area,11047.666647
TRIAL_Black_SIM_03,Black,62.000000,object_area,11176.825068
TRIAL_Black_SIM_03,Black,63.000000,object_area,11304.407715
TRIAL_Black_SIM_03,Black,64.000000,object_area,11432.290937
TRIAL_Black_SIM_03,Black,65.000000,object_area,11560.700163
TRIAL_Black_SIM_03,Black,66.000000,object_area,11688.471975
TRIAL_Black_SIM_03,Black,67.000000,object_area,11809.869643
TRIAL_Black_SIM_03,Black,68.000000,object_area,11931.267311
TRIAL_Black_SIM_03,Black,69.000000,object_area,12054.570904
TRIAL_Black_SIM_03,Black,70.000000,object_area,12178.298036
TRIAL_Black_SIM_03,Black,71.000000,object_area,12299.385827
TRIAL_Black_SIM_03,Black,72.000000,object_area,12418.274168
TRIAL_Black_SIM_03,Black,73.000000,object_area,12535.720912
TRIAL_Black_SIM_03,Black,74.000000,object_area,12649.323397
TRIAL_Black_SIM_03,Black,75.000000,object_area,12762.925882
TRIAL_Black_SIM_03,Black,76.000000,object_area,12862.798437
TRIAL_Black_SIM_03,Black,77.000000,object_area,12962.670992
TRIAL_Black_SIM_03,Black,78.000000,object_area,13054.179897
TRIAL_Black_SIM_03,Black,79.000000,object_area,13142.552434
TRIAL_Black_SIM_03,Black,80.000000,object_area,13226.261546
TRIAL_Black_SIM_03,Black,81.000000,object_area,13304.374549
TRIAL_Black_SIM_03,Black,82.000000,object_area,13381.944915
TRIAL_Black_SIM_03,Black,83.000000,object_area,13457.073415
TRIAL_Black_SIM_03,Black,84.000000,object_area,13532.201915
TRIAL_Black_SIM_03,Black,85.000000,object_area,13605.245602
TRIAL_Black_SIM_03,Black,86.000000,object_area,13678.080808
TRIAL_Black_SIM_03,Black,87.000000,object_area,13747.333602
TRIAL_Black_SIM_03,Black,88.000000,object_area,13814.539303
TRIAL_Black_SIM_03,Black,89.000000,object_area,13877.761801
TRIAL_Black_SIM_03,Black,90.000000,object_area,13934.013692
TRIAL_Black_SIM_03,Black,91.000000,object_area,13989.049426
TRIAL_Black_SIM_03,Black,92.000000,object_area,14031.923592
TRIAL_Black_SIM_03,Black,93.000000,object_area,14074.797759
TRIAL_Black_SIM_03,Black,94.000000,object_area,14107.288791
TRIAL_Black_SIM_03,Black,95.000000,object_area,14137.472460
TRIAL_Black_SIM_03,Black,96.000000,object_area,14159.254510
TRIAL_Black_SIM_03,Black,97.000000,object_area,14174.035212
TRIAL_Black_SIM_03,Black,98.000000,object_area,14184.853215
TRIAL_Black_SIM_03,Black,99.000000,object_area,14185.104019
TRIAL_Black_SIM_03,Black,100.000000,object_area,14185.354823
TRIAL_Black_SIM_03,Black,0.000000,finger_width,26.749378
TRIAL_Black_SIM_03,Black,1.000000,finger_width,27.505385
TRIAL_Black_SIM_03,Black,2.000000,finger_width,28.261391
TRIAL_Black_SIM_03,Black,3.000000,finger_width,29.776561
TRIAL_Black_SIM_03,Black,4.000000,finger_width,31.576417
TRIAL_Black_SIM_03,Black,5.000000,finger_width,33.793761
TRIAL_Black_SIM_03,Black,6.000000,finger_width,36.512091
TRIAL_Black_SIM_03,Black,7.000000,finger_width,39.373165
TRIAL_Black_SIM_03,Black,8.000000,finger_width,42.876580
TRIAL_Black_SIM_03,Black,9.000000,finger_width,46.379996
TRIAL_Black_SIM_03,Black,10.000000,finger_width,50.522499
TRIAL_Black_SIM_03,Black,11.000000,finger_width,54.728911
TRIAL_Black_SIM_03,Black,12.000000,finger_width,59.219496
TRIAL_Black_SIM_03,Black,13.000000,finger_width,63.872467
TRIAL_Black_SIM_03,Black,14.000000,finger_width,68.705199
TRIAL_Black_SIM_03,Black,15.000000,finger_width,73.852514
TRIAL_Black_SIM_03,Black,16.000000,finger_width,79.032765
TRIAL_Black_SIM_03,Black,17.000000,finger_width,84.542367
TRIAL_Black_SIM_03,Black,18.000000,finger_width,90.051968
TRIAL_Black_SIM_03,Black,19.000000,finger_width,96.227897
TRIAL_Black_SIM_03,Black,20.000000,finger_width,102.551899
TRIAL_Black_SIM_03,Black,21.000000,finger_width,109.025035
TRIAL_Black_SIM_03,Black,22.000000,finger_width,115.622451
TRIAL_Black_SIM_03,Black,23.000000,finger_width,122.287939
TRIAL_Black_SIM_03,Black,24.000000,finger_width,129.134950
TRIAL_Black_SIM_03,Black,25.000000,finger_width,135.981961
TRIAL_Black_SIM_03,Black,26.000000,finger_width,142.405564
TRIAL_Black_SIM_03,Black,27.000000,finger_width,148.829167
TRIAL_Black_SIM_03,Black,28.000000,finger_width,155.129696
TRIAL_Black_SIM_03,Black,29.000000,finger_width,161.384073
TRIAL_Black_SIM_03,Black,30.000000,finger_width,167.597135
TRIAL_Black_SIM_03,Black,31.000000,finger_width,173.760620
TRIAL_Black_SIM_03,Black,32.000000,finger_width,179.879579
TRIAL_Black_SIM_03,Black,33.000000,finger_width,185.798167
TRIAL_Black_SIM_03,Black,34.000000,finger_width,191.716755
TRIAL_Black_SIM_03,Black,35.000000,finger_width,197.069739
TRIAL_Black_SIM_03,Black,36.000000,finger_width,202.366163
TRIAL_Black_SIM_03,Black,37.000000,finger_width,207.166940
TRIAL_Black_SIM_03,Black,38.000000,finger_width,211.684489
TRIAL_Black_SIM_03,Black,39.000000,finger_width,215.947024
TRIAL_Black_SIM_03,Black,40.000000,finger_width,219.763282
TRIAL_Black_SIM_03,Black,41.000000,finger_width,223.524834
TRIAL_Black_SIM_03,Black,42.000000,finger_width,226.739325
TRIAL_Black_SIM_03,Black,43.000000,finger_width,229.953815
TRIAL_Black_SIM_03,Black,44.000000,finger_width,232.317580
TRIAL_Black_SIM_03,Black,45.000000,finger_width,234.492294
TRIAL_Black_SIM_03,Black,46.000000,finger_width,236.127951
TRIAL_Black_SIM_03,Black,47.000000,finger_width,237.314394
TRIAL_Black_SIM_03,Black,48.000000,finger_width,238.117094
TRIAL_Black_SIM_03,Black,49.000000,finger_width,237.896477
TRIAL_Black_SIM_03,Black,50.000000,finger_width,237.675861
TRIAL_Black_SIM_03,Black,51.000000,finger_width,235.437843
TRIAL_Black_SIM_03,Black,52.000000,finger_width,233.199825
TRIAL_Black_SIM_03,Black,53.000000,finger_width,229.480700
TRIAL_Black_SIM_03,Black,54.000000,finger_width,225.206159
TRIAL_Black_SIM_03,Black,55.000000,finger_width,220.349689
TRIAL_Black_SIM_03,Black,56.000000,finger_width,214.794905
TRIAL_Black_SIM_03,Black,57.000000,finger_width,209.003377
TRIAL_Black_SIM_03,Black,58.000000,finger_width,202.146501
TRIAL_Black_SIM_03,Black,59.000000,finger_width,195.289624
TRIAL_Black_SIM_03,Black,60.000000,finger_width,187.924130
TRIAL_Black_SIM_03,Black,61.000000,finger_width,180.507774
TRIAL_Black_SIM_03,Black,62.000000,finger_width,172.918278
TRIAL_Black_SIM_03,Black,63.000000,finger_width,165.229846
TRIAL_Black_SIM_03,Black,64.000000,finger_width,157.782308
TRIAL_Black_SIM_03,Black,65.000000,finger_width,150.756337
TRIAL_Black_SIM_03,Black,66.000000,finger_width,143.803481
TRIAL_Black_SIM_03,Black,67.000000,finger_width,137.581777
TRIAL_Black_SIM_03,Black,68.000000,finger_width,131.360073
TRIAL_Black_SIM_03,Black,69.000000,finger_width,126.136103
TRIAL_Black_SIM_03,Black,70.000000,finger_width,121.133851
TRIAL_Black_SIM_03,Black,71.000000,finger_width,116.908292
TRIAL_Black_SIM_03,Black,72.000000,finger_width,113.329976
TRIAL_Black_SIM_03,Black,73.000000,finger_width,110.227688
TRIAL_Black_SIM_03,Black,74.000000,finger_width,108.394805
TRIAL_Black_SIM_03,Black,75.000000,finger_width,106.561922
TRIAL_Black_SIM_03,Black,76.000000,finger_width,106.333956
TRIAL_Black_SIM_03,Black,77.000000,finger_width,106.105990
TRIAL_Black_SIM_03,Black,78.000000,finger_width,105.918121
TRIAL_Black_SIM_03,Black,79.000000,finger_width,105.745290
TRIAL_Black_SIM_03,Black,80.000000,finger_width,105.850540
TRIAL_Black_SIM_03,Black,81.000000,finger_width,106.289488
TRIAL_Black_SIM_03,Black,82.000000,finger_width,106.711550
TRIAL_Black_SIM_03,Black,83.000000,finger_width,107.057619
TRIAL_Black_SIM_03,Black,84.000000,finger_width,107.403688
TRIAL_Black_SIM_03,Black,85.000000,finger_width,107.785543
TRIAL_Black_SIM_03,Black,86.000000,finger_width,108.170977
TRIAL_Black_SIM_03,Black,87.000000,finger_width,108.175462
TRIAL_Black_SIM_03,Black,88.000000,finger_width,107.962261
TRIAL_Black_SIM_03,Black,89.000000,finger_width,107.730438
TRIAL_Black_SIM_03,Black,90.000000,finger_width,107.466026
TRIAL_Black_SIM_03,Black,91.000000,finger_width,107.196791
TRIAL_Black_SIM_03,Black,92.000000,finger_width,106.879326
TRIAL_Black_SIM_03,Black,93.000000,finger_width,106.561862
TRIAL_Black_SIM_03,Black,94.000000,finger_width,106.496369
TRIAL_Black_SIM_03,Black,95.000000,finger_width,106.486871
TRIAL_Black_SIM_03,Black,96.000000,finger_width,106.444012
TRIAL_Black_SIM_03,Black,97.000000,finger_width,106.373355
TRIAL_Black_SIM_03,Black,98.000000,finger_width,106.299189
TRIAL_Black_SIM_03,Black,99.000000,finger_width,106.215671
TRIAL_Black_SIM_03,Black,100.000000,finger_width,106.132153
TRIAL_Black_SIM_03,Black,0.000000,velocity,0.048529
TRIAL_Black_SIM_03,Black,1.000000,velocity,0.056439
TRIAL_Black_SIM_03,Black,2.000000,velocity,0.064349
TRIAL_Black_SIM_03,Black,3.000000,velocity,0.073623
TRIAL_Black_SIM_03,Black,4.000000,velocity,0.083409
TRIAL_Black_SIM_03,Black,5.000000,velocity,0.093486
TRIAL_Black_SIM_03,Black,6.000000,velocity,0.103912
TRIAL_Black_SIM_03,Black,7.000000,velocity,0.114926
TRIAL_Black_SIM_03,Black,8.000000,velocity,0.128590
TRIAL_Black_SIM_03,Black,9.000000,velocity,0.142254
TRIAL_Black_SIM_03,Black,10.000000,velocity,0.157450
TRIAL_Black_SIM_03,Black,11.000000,velocity,0.172799
TRIAL_Black_SIM_03,Black,12.000000,velocity,0.189767
TRIAL_Black_SIM_03,Black,13.000000,velocity,0.207660
TRIAL_Black_SIM_03,Black,14.000000,velocity,0.225108
TRIAL_Black_SIM_03,Black,15.000000,velocity,0.241776
TRIAL_Black_SIM_03,Black,16.000000,velocity,0.258698
TRIAL_Black_SIM_03,Black,17.000000,velocity,0.278160
TRIAL_Black_SIM_03,Black,18.000000,velocity,0.297622
TRIAL_Black_SIM_03,Black,19.000000,velocity,0.317703
TRIAL_Black_SIM_03,Black,20.000000,velocity,0.337921
TRIAL_Black_SIM_03,Black,21.000000,velocity,0.359538
TRIAL_Black_SIM_03,Black,22.000000,velocity,0.382321
TRIAL_Black_SIM_03,Black,23.000000,velocity,0.405497
TRIAL_Black_SIM_03,Black,24.000000,velocity,0.429724
TRIAL_Black_SIM_03,Black,25.000000,velocity,0.453951
TRIAL_Black_SIM_03,Black,26.000000,velocity,0.478805
TRIAL_Black_SIM_03,Black,27.000000,velocity,0.503659
TRIAL_Black_SIM_03,Black,28.000000,velocity,0.529309
TRIAL_Black_SIM_03,Black,29.000000,velocity,0.555259
TRIAL_Black_SIM_03,Black,30.000000,velocity,0.579501
TRIAL_Black_SIM_03,Black,31.000000,velocity,0.601695
TRIAL_Black_SIM_03,Black,32.000000,velocity,0.623413
TRIAL_Black_SIM_03,Black,33.000000,velocity,0.642987
TRIAL_Black_SIM_03,Black,34.000000,velocity,0.662562
TRIAL_Black_SIM_03,Black,35.000000,velocity,0.677095
TRIAL_Black_SIM_03,Black,36.000000,velocity,0.691124
TRIAL_Black_SIM_03,Black,37.000000,velocity,0.703866
TRIAL_Black_SIM_03,Black,38.000000,velocity,0.715873
TRIAL_Black_SIM_03,Black,39.000000,velocity,0.726126
TRIAL_Black_SIM_03,Black,40.000000,velocity,0.733310
TRIAL_Black_SIM_03,Black,41.000000,velocity,0.740215
TRIAL_Black_SIM_03,Black,42.000000,velocity,0.744329
TRIAL_Black_SIM_03,Black,43.000000,velocity,0.748442
TRIAL_Black_SIM_03,Black,44.000000,velocity,0.747430
TRIAL_Black_SIM_03,Black,45.000000,velocity,0.745279
TRIAL_Black_SIM_03,Black,46.000000,velocity,0.741216
TRIAL_Black_SIM_03,Black,47.000000,velocity,0.735560
TRIAL_Black_SIM_03,Black,48.000000,velocity,0.728006
TRIAL_Black_SIM_03,Black,49.000000,velocity,0.715392
TRIAL_Black_SIM_03,Black,50.000000,velocity,0.702779
TRIAL_Black_SIM_03,Black,51.000000,velocity,0.686723
TRIAL_Black_SIM_03,Black,52.000000,velocity,0.670666
TRIAL_Black_SIM_03,Black,53.000000,velocity,0.651297
TRIAL_Black_SIM_03,Black,54.000000,velocity,0.630686
TRIAL_Black_SIM_03,Black,55.000000,velocity,0.610557
TRIAL_Black_SIM_03,Black,56.000000,velocity,0.591007
TRIAL_Black_SIM_03,Black,57.000000,velocity,0.570983
TRIAL_Black_SIM_03,Black,58.000000,velocity,0.548826
TRIAL_Black_SIM_03,Black,59.000000,velocity,0.526670
TRIAL_Black_SIM_03,Black,60.000000,velocity,0.505122
TRIAL_Black_SIM_03,Black,61.000000,velocity,0.483634
TRIAL_Black_SIM_03,Black,62.000000,velocity,0.460426
TRIAL_Black_SIM_03,Black,63.000000,velocity,0.436234
TRIAL_Black_SIM_03,Black,64.000000,velocity,0.412621
TRIAL_Black_SIM_03,Black,65.000000,velocity,0.390020
TRIAL_Black_SIM_03,Black,66.000000,velocity,0.367336
TRIAL_Black_SIM_03,Black,67.000000,velocity,0.343821
TRIAL_Black_SIM_03,Black,68.000000,velocity,0.320306
TRIAL_Black_SIM_03,Black,69.000000,velocity,0.298962
TRIAL_Black_SIM_03,Black,70.000000,velocity,0.278101
TRIAL_Black_SIM_03,Black,71.000000,velocity,0.258187
TRIAL_Black_SIM_03,Black,72.000000,velocity,0.239064
TRIAL_Black_SIM_03,Black,73.000000,velocity,0.220733
TRIAL_Black_SIM_03,Black,74.000000,velocity,0.204513
TRIAL_Black_SIM_03,Black,75.000000,velocity,0.188294
TRIAL_Black_SIM_03,Black,76.000000,velocity,0.172757
TRIAL_Black_SIM_03,Black,77.000000,velocity,0.157219
TRIAL_Black_SIM_03,Black,78.000000,velocity,0.142673
TRIAL_Black_SIM_03,Black,79.000000,velocity,0.128499
TRIAL_Black_SIM_03,Black,80.000000,velocity,0.115176
TRIAL_Black_SIM_03,Black,81.000000,velocity,0.102875
TRIAL_Black_SIM_03,Black,82.000000,velocity,0.090979
TRIAL_Black_SIM_03,Black,83.000000,velocity,0.080907
TRIAL_Black_SIM_03,Black,84.000000,velocity,0.070836
TRIAL_Black_SIM_03,Black,85.000000,velocity,0.062547
TRIAL_Black_SIM_03,Black,86.000000,velocity,0.054437
TRIAL_Black_SIM_03,Black,87.000000,velocity,0.046948
TRIAL_Black_SIM_03,Black,88.000000,velocity,0.039814
TRIAL_Black_SIM_03,Black,89.000000,velocity,0.033337
TRIAL_Black_SIM_03,Black,90.000000,velocity,0.028010
TRIAL_Black_SIM_03,Black,91.000000,velocity,0.022804
TRIAL_Black_SIM_03,Black,92.000000,velocity,0.018805
TRIAL_Black_SIM_03,Black,93.000000,velocity,0.014805
TRIAL_Black_SIM_03,Black,94.000000,velocity,0.011070
TRIAL_Black_SIM_03,Black,95.000000,velocity,0.007393
TRIAL_Black_SIM_03,Black,96.000000,velocity,0.004835
TRIAL_Black_SIM_03,Black,97.000000,velocity,0.003210
TRIAL_Black_SIM_03,Black,98.000000,velocity,0.001810
TRIAL_Black_SIM_03,Black,99.000000,velocity,0.001011
TRIAL_Black_SIM_03,Black,100.000000,velocity,0.000212
TRIAL_Black_SIM_03,Black,0.000000,acceleration_mag,0.986589
TRIAL_Black_SIM_03,Black,1.000000,acceleration_mag,0.817756
TRIAL_Black_SIM_03,Black,2.000000,acceleration_mag,0.648922
TRIAL_Black_SIM_03,Black,3.000000,acceleration_mag,0.630251
TRIAL_Black_SIM_03,Black,4.000000,acceleration_mag,0.667891
TRIAL_Black_SIM_03,Black,5.000000,acceleration_mag,0.714855
TRIAL_Black_SIM_03,Black,6.000000,acceleration_mag,0.773007
TRIAL_Black_SIM_03,Black,7.000000,acceleration_mag,0.834013
TRIAL_Black_SIM_03,Black,8.000000,acceleration_mag,0.907864
TRIAL_Black_SIM_03,Black,9.000000,acceleration_mag,0.981714
TRIAL_Black_SIM_03,Black,10.000000,acceleration_mag,1.046133
TRIAL_Black_SIM_03,Black,11.000000,acceleration_mag,1.109608
TRIAL_Black_SIM_03,Black,12.000000,acceleration_mag,1.145215
TRIAL_Black_SIM_03,Black,13.000000,acceleration_mag,1.164898
TRIAL_Black_SIM_03,Black,14.000000,acceleration_mag,1.185986
TRIAL_Black_SIM_03,Black,15.000000,acceleration_mag,1.209533
TRIAL_Black_SIM_03,Black,16.000000,acceleration_mag,1.235789
TRIAL_Black_SIM_03,Black,17.000000,acceleration_mag,1.289123
TRIAL_Black_SIM_03,Black,18.000000,acceleration_mag,1.342458
TRIAL_Black_SIM_03,Black,19.000000,acceleration_mag,1.393005
TRIAL_Black_SIM_03,Black,20.000000,acceleration_mag,1.442933
TRIAL_Black_SIM_03,Black,21.000000,acceleration_mag,1.498439
TRIAL_Black_SIM_03,Black,22.000000,acceleration_mag,1.558592
TRIAL_Black_SIM_03,Black,23.000000,acceleration_mag,1.610823
TRIAL_Black_SIM_03,Black,24.000000,acceleration_mag,1.641924
TRIAL_Black_SIM_03,Black,25.000000,acceleration_mag,1.673026
TRIAL_Black_SIM_03,Black,26.000000,acceleration_mag,1.699011
TRIAL_Black_SIM_03,Black,27.000000,acceleration_mag,1.724996
TRIAL_Black_SIM_03,Black,28.000000,acceleration_mag,1.703139
TRIAL_Black_SIM_03,Black,29.000000,acceleration_mag,1.663341
TRIAL_Black_SIM_03,Black,30.000000,acceleration_mag,1.598152
TRIAL_Black_SIM_03,Black,31.000000,acceleration_mag,1.502496
TRIAL_Black_SIM_03,Black,32.000000,acceleration_mag,1.401952
TRIAL_Black_SIM_03,Black,33.000000,acceleration_mag,1.279419
TRIAL_Black_SIM_03,Black,34.000000,acceleration_mag,1.156886
TRIAL_Black_SIM_03,Black,35.000000,acceleration_mag,1.042646
TRIAL_Black_SIM_03,Black,36.000000,acceleration_mag,0.929236
TRIAL_Black_SIM_03,Black,37.000000,acceleration_mag,0.822704
TRIAL_Black_SIM_03,Black,38.000000,acceleration_mag,0.720102
TRIAL_Black_SIM_03,Black,39.000000,acceleration_mag,0.611834
TRIAL_Black_SIM_03,Black,40.000000,acceleration_mag,0.493651
TRIAL_Black_SIM_03,Black,41.000000,acceleration_mag,0.373714
TRIAL_Black_SIM_03,Black,42.000000,acceleration_mag,0.236230
TRIAL_Black_SIM_03,Black,43.000000,acceleration_mag,0.098746
TRIAL_Black_SIM_03,Black,44.000000,acceleration_mag,0.143829
TRIAL_Black_SIM_03,Black,45.000000,acceleration_mag,0.229482
TRIAL_Black_SIM_03,Black,46.000000,acceleration_mag,0.353793
TRIAL_Black_SIM_03,Black,47.000000,acceleration_mag,0.510318
TRIAL_Black_SIM_03,Black,48.000000,acceleration_mag,0.666557
TRIAL_Black_SIM_03,Black,49.000000,acceleration_mag,0.822032
TRIAL_Black_SIM_03,Black,50.000000,acceleration_mag,0.977507
TRIAL_Black_SIM_03,Black,51.000000,acceleration_mag,1.097302
TRIAL_Black_SIM_03,Black,52.000000,acceleration_mag,1.217097
TRIAL_Black_SIM_03,Black,53.000000,acceleration_mag,1.287828
TRIAL_Black_SIM_03,Black,54.000000,acceleration_mag,1.340161
TRIAL_Black_SIM_03,Black,55.000000,acceleration_mag,1.379329
TRIAL_Black_SIM_03,Black,56.000000,acceleration_mag,1.402700
TRIAL_Black_SIM_03,Black,57.000000,acceleration_mag,1.427124
TRIAL_Black_SIM_03,Black,58.000000,acceleration_mag,1.456286
TRIAL_Black_SIM_03,Black,59.000000,acceleration_mag,1.485448
TRIAL_Black_SIM_03,Black,60.000000,acceleration_mag,1.515649
TRIAL_Black_SIM_03,Black,61.000000,acceleration_mag,1.545954
TRIAL_Black_SIM_03,Black,62.000000,acceleration_mag,1.567439
TRIAL_Black_SIM_03,Black,63.000000,acceleration_mag,1.583884
TRIAL_Black_SIM_03,Black,64.000000,acceleration_mag,1.590634
TRIAL_Black_SIM_03,Black,65.000000,acceleration_mag,1.580417
TRIAL_Black_SIM_03,Black,66.000000,acceleration_mag,1.568758
TRIAL_Black_SIM_03,Black,67.000000,acceleration_mag,1.542691
TRIAL_Black_SIM_03,Black,68.000000,acceleration_mag,1.516624
TRIAL_Black_SIM_03,Black,69.000000,acceleration_mag,1.458069
TRIAL_Black_SIM_03,Black,70.000000,acceleration_mag,1.392295
TRIAL_Black_SIM_03,Black,71.000000,acceleration_mag,1.324579
TRIAL_Black_SIM_03,Black,72.000000,acceleration_mag,1.255245
TRIAL_Black_SIM_03,Black,73.000000,acceleration_mag,1.190235
TRIAL_Black_SIM_03,Black,74.000000,acceleration_mag,1.136756
TRIAL_Black_SIM_03,Black,75.000000,acceleration_mag,1.083278
TRIAL_Black_SIM_03,Black,76.000000,acceleration_mag,1.052599
TRIAL_Black_SIM_03,Black,77.000000,acceleration_mag,1.021921
TRIAL_Black_SIM_03,Black,78.000000,acceleration_mag,0.978143
TRIAL_Black_SIM_03,Black,79.000000,acceleration_mag,0.929454
TRIAL_Black_SIM_03,Black,80.000000,acceleration_mag,0.874842
TRIAL_Black_SIM_03,Black,81.000000,acceleration_mag,0.813122
TRIAL_Black_SIM_03,Black,82.000000,acceleration_mag,0.751189
TRIAL_Black_SIM_03,Black,83.000000,acceleration_mag,0.688298
TRIAL_Black_SIM_03,Black,84.000000,acceleration_mag,0.625408
TRIAL_Black_SIM_03,Black,85.000000,acceleration_mag,0.579583
TRIAL_Black_SIM_03,Black,86.000000,acceleration_mag,0.535465
TRIAL_Black_SIM_03,Black,87.000000,acceleration_mag,0.492863
TRIAL_Black_SIM_03,Black,88.000000,acceleration_mag,0.451128
TRIAL_Black_SIM_03,Black,89.000000,acceleration_mag,0.407501
TRIAL_Black_SIM_03,Black,90.000000,acceleration_mag,0.360564
TRIAL_Black_SIM_03,Black,91.000000,acceleration_mag,0.315641
TRIAL_Black_SIM_03,Black,92.000000,acceleration_mag,0.290859
TRIAL_Black_SIM_03,Black,93.000000,acceleration_mag,0.266078
TRIAL_Black_SIM_03,Black,94.000000,acceleration_mag,0.232450
TRIAL_Black_SIM_03,Black,95.000000,acceleration_mag,0.196855
TRIAL_Black_SIM_03,Black,96.000000,acceleration_mag,0.157369
TRIAL_Black_SIM_03,Black,97.000000,acceleration_mag,0.114641
TRIAL_Black_SIM_03,Black,98.000000,acceleration_mag,0.080217
TRIAL_Black_SIM_03,Black,99.000000,acceleration_mag,0.067939
TRIAL_Black_SIM_03,Black,100.000000,acceleration_mag,0.055662
TRIAL_Black_SIM_03,Black,0.000000,ax,0.974272
TRIAL_Black_SIM_03,Black,1.000000,ax,0.808641
TRIAL_Black_SIM_03,Black,2.000000,ax,0.643010
TRIAL_Black_SIM_03,Black,3.000000,ax,0.625594
TRIAL_Black_SIM_03,Black,4.000000,ax,0.663759
TRIAL_Black_SIM_03,Black,5.000000,ax,0.710574
TRIAL_Black_SIM_03,Black,6.000000,ax,0.767771
TRIAL_Black_SIM_03,Black,7.000000,ax,0.827828
TRIAL_Black_SIM_03,Black,8.000000,ax,0.900756
TRIAL_Black_SIM_03,Black,9.000000,ax,0.973685
TRIAL_Black_SIM_03,Black,10.000000,ax,1.037197
TRIAL_Black_SIM_03,Black,11.000000,ax,1.099767
TRIAL_Black_SIM_03,Black,12.000000,ax,1.135344
TRIAL_Black_SIM_03,Black,13.000000,ax,1.155496
TRIAL_Black_SIM_03,Black,14.000000,ax,1.176753
TRIAL_Black_SIM_03,Black,15.000000,ax,1.199945
TRIAL_Black_SIM_03,Black,16.000000,ax,1.225774
TRIAL_Black_SIM_03,Black,17.000000,ax,1.277974
TRIAL_Black_SIM_03,Black,18.000000,ax,1.330174
TRIAL_Black_SIM_03,Black,19.000000,ax,1.379646
TRIAL_Black_SIM_03,Black,20.000000,ax,1.428512
TRIAL_Black_SIM_03,Black,21.000000,ax,1.483136
TRIAL_Black_SIM_03,Black,22.000000,ax,1.542557
TRIAL_Black_SIM_03,Black,23.000000,ax,1.594126
TRIAL_Black_SIM_03,Black,24.000000,ax,1.624756
TRIAL_Black_SIM_03,Black,25.000000,ax,1.655385
TRIAL_Black_SIM_03,Black,26.000000,ax,1.680516
TRIAL_Black_SIM_03,Black,27.000000,ax,1.705646
TRIAL_Black_SIM_03,Black,28.000000,ax,1.683631
TRIAL_Black_SIM_03,Black,29.000000,ax,1.643935
TRIAL_Black_SIM_03,Black,30.000000,ax,1.579350
TRIAL_Black_SIM_03,Black,31.000000,ax,1.484898
TRIAL_Black_SIM_03,Black,32.000000,ax,1.385641
TRIAL_Black_SIM_03,Black,33.000000,ax,1.264764
TRIAL_Black_SIM_03,Black,34.000000,ax,1.143886
TRIAL_Black_SIM_03,Black,35.000000,ax,1.030720
TRIAL_Black_SIM_03,Black,36.000000,ax,0.918325
TRIAL_Black_SIM_03,Black,37.000000,ax,0.812808
TRIAL_Black_SIM_03,Black,38.000000,ax,0.711223
TRIAL_Black_SIM_03,Black,39.000000,ax,0.603949
TRIAL_Black_SIM_03,Black,40.000000,ax,0.486723
TRIAL_Black_SIM_03,Black,41.000000,ax,0.367615
TRIAL_Black_SIM_03,Black,42.000000,ax,0.229681
TRIAL_Black_SIM_03,Black,43.000000,ax,0.091748
TRIAL_Black_SIM_03,Black,44.000000,ax,-0.051901
TRIAL_Black_SIM_03,Black,45.000000,ax,-0.196821
TRIAL_Black_SIM_03,Black,46.000000,ax,-0.347262
TRIAL_Black_SIM_03,Black,47.000000,ax,-0.502305
TRIAL_Black_SIM_03,Black,48.000000,ax,-0.657350
TRIAL_Black_SIM_03,Black,49.000000,ax,-0.812404
TRIAL_Black_SIM_03,Black,50.000000,ax,-0.967458
TRIAL_Black_SIM_03,Black,51.000000,ax,-1.086463
TRIAL_Black_SIM_03,Black,52.000000,ax,-1.205468
TRIAL_Black_SIM_03,Black,53.000000,ax,-1.275736
TRIAL_Black_SIM_03,Black,54.000000,ax,-1.327727
TRIAL_Black_SIM_03,Black,55.000000,ax,-1.366197
TRIAL_Black_SIM_03,Black,56.000000,ax,-1.388442
TRIAL_Black_SIM_03,Black,57.000000,ax,-1.411808
TRIAL_Black_SIM_03,Black,58.000000,ax,-1.440216
TRIAL_Black_SIM_03,Black,59.000000,ax,-1.468624
TRIAL_Black_SIM_03,Black,60.000000,ax,-1.499143
TRIAL_Black_SIM_03,Black,61.000000,ax,-1.529872
TRIAL_Black_SIM_03,Black,62.000000,ax,-1.552223
TRIAL_Black_SIM_03,Black,63.000000,ax,-1.569786
TRIAL_Black_SIM_03,Black,64.000000,ax,-1.577620
TRIAL_Black_SIM_03,Black,65.000000,ax,-1.568428
TRIAL_Black_SIM_03,Black,66.000000,ax,-1.557699
TRIAL_Black_SIM_03,Black,67.000000,ax,-1.531609
TRIAL_Black_SIM_03,Black,68.000000,ax,-1.505519
TRIAL_Black_SIM_03,Black,69.000000,ax,-1.446796
TRIAL_Black_SIM_03,Black,70.000000,ax,-1.380821
TRIAL_Black_SIM_03,Black,71.000000,ax,-1.312583
TRIAL_Black_SIM_03,Black,72.000000,ax,-1.242459
TRIAL_Black_SIM_03,Black,73.000000,ax,-1.176740
TRIAL_Black_SIM_03,Black,74.000000,ax,-1.122766
TRIAL_Black_SIM_03,Black,75.000000,ax,-1.068793
TRIAL_Black_SIM_03,Black,76.000000,ax,-1.038433
TRIAL_Black_SIM_03,Black,77.000000,ax,-1.008073
TRIAL_Black_SIM_03,Black,78.000000,ax,-0.965108
TRIAL_Black_SIM_03,Black,79.000000,ax,-0.917416
TRIAL_Black_SIM_03,Black,80.000000,ax,-0.863961
TRIAL_Black_SIM_03,Black,81.000000,ax,-0.803590
TRIAL_Black_SIM_03,Black,82.000000,ax,-0.742912
TRIAL_Black_SIM_03,Black,83.000000,ax,-0.680853
TRIAL_Black_SIM_03,Black,84.000000,ax,-0.618794
TRIAL_Black_SIM_03,Black,85.000000,ax,-0.573875
TRIAL_Black_SIM_03,Black,86.000000,ax,-0.530670
TRIAL_Black_SIM_03,Black,87.000000,ax,-0.488725
TRIAL_Black_SIM_03,Black,88.000000,ax,-0.447501
TRIAL_Black_SIM_03,Black,89.000000,ax,-0.404434
TRIAL_Black_SIM_03,Black,90.000000,ax,-0.358142
TRIAL_Black_SIM_03,Black,91.000000,ax,-0.313803
TRIAL_Black_SIM_03,Black,92.000000,ax,-0.288983
TRIAL_Black_SIM_03,Black,93.000000,ax,-0.264163
TRIAL_Black_SIM_03,Black,94.000000,ax,-0.230576
TRIAL_Black_SIM_03,Black,95.000000,ax,-0.195040
TRIAL_Black_SIM_03,Black,96.000000,ax,-0.155313
TRIAL_Black_SIM_03,Black,97.000000,ax,-0.112091
TRIAL_Black_SIM_03,Black,98.000000,ax,-0.077321
TRIAL_Black_SIM_03,Black,99.000000,ax,-0.065090
TRIAL_Black_SIM_03,Black,100.000000,ax,-0.052858
TRIAL_Black_SIM_03,Black,0.000000,ay,-0.012019
TRIAL_Black_SIM_03,Black,1.000000,ay,-0.006621
TRIAL_Black_SIM_03,Black,2.000000,ay,-0.001222
TRIAL_Black_SIM_03,Black,3.000000,ay,0.002228
TRIAL_Black_SIM_03,Black,4.000000,ay,0.004947
TRIAL_Black_SIM_03,Black,5.000000,ay,0.006200
TRIAL_Black_SIM_03,Black,6.000000,ay,0.005694
TRIAL_Black_SIM_03,Black,7.000000,ay,0.005319
TRIAL_Black_SIM_03,Black,8.000000,ay,0.005532
TRIAL_Black_SIM_03,Black,9.000000,ay,0.005746
TRIAL_Black_SIM_03,Black,10.000000,ay,0.006108
TRIAL_Black_SIM_03,Black,11.000000,ay,0.006486
TRIAL_Black_SIM_03,Black,12.000000,ay,0.008393
TRIAL_Black_SIM_03,Black,13.000000,ay,0.011173
TRIAL_Black_SIM_03,Black,14.000000,ay,0.013342
TRIAL_Black_SIM_03,Black,15.000000,ay,0.014440
TRIAL_Black_SIM_03,Black,16.000000,ay,0.015446
TRIAL_Black_SIM_03,Black,17.000000,ay,0.015534
TRIAL_Black_SIM_03,Black,18.000000,ay,0.015623
TRIAL_Black_SIM_03,Black,19.000000,ay,0.016041
TRIAL_Black_SIM_03,Black,20.000000,ay,0.016533
TRIAL_Black_SIM_03,Black,21.000000,ay,0.017656
TRIAL_Black_SIM_03,Black,22.000000,ay,0.019306
TRIAL_Black_SIM_03,Black,23.000000,ay,0.020959
TRIAL_Black_SIM_03,Black,24.000000,ay,0.022621
TRIAL_Black_SIM_03,Black,25.000000,ay,0.024282
TRIAL_Black_SIM_03,Black,26.000000,ay,0.025155
TRIAL_Black_SIM_03,Black,27.000000,ay,0.026028
TRIAL_Black_SIM_03,Black,28.000000,ay,0.027006
TRIAL_Black_SIM_03,Black,29.000000,ay,0.028024
TRIAL_Black_SIM_03,Black,30.000000,ay,0.029264
TRIAL_Black_SIM_03,Black,31.000000,ay,0.030771
TRIAL_Black_SIM_03,Black,32.000000,ay,0.032229
TRIAL_Black_SIM_03,Black,33.000000,ay,0.033464
TRIAL_Black_SIM_03,Black,34.000000,ay,0.034700
TRIAL_Black_SIM_03,Black,35.000000,ay,0.034654
TRIAL_Black_SIM_03,Black,36.000000,ay,0.034481
TRIAL_Black_SIM_03,Black,37.000000,ay,0.034266
TRIAL_Black_SIM_03,Black,38.000000,ay,0.034028
TRIAL_Black_SIM_03,Black,39.000000,ay,0.033492
TRIAL_Black_SIM_03,Black,40.000000,ay,0.032435
TRIAL_Black_SIM_03,Black,41.000000,ay,0.031476
TRIAL_Black_SIM_03,Black,42.000000,ay,0.031485
TRIAL_Black_SIM_03,Black,43.000000,ay,0.031494
TRIAL_Black_SIM_03,Black,44.000000,ay,0.029812
TRIAL_Black_SIM_03,Black,45.000000,ay,0.027754
TRIAL_Black_SIM_03,Black,46.000000,ay,0.025461
TRIAL_Black_SIM_03,Black,47.000000,ay,0.022972
TRIAL_Black_SIM_03,Black,48.000000,ay,0.019634
TRIAL_Black_SIM_03,Black,49.000000,ay,0.014033
TRIAL_Black_SIM_03,Black,50.000000,ay,0.008433
TRIAL_Black_SIM_03,Black,51.000000,ay,0.004003
TRIAL_Black_SIM_03,Black,52.000000,ay,-0.000428
TRIAL_Black_SIM_03,Black,53.000000,ay,-0.003753
TRIAL_Black_SIM_03,Black,54.000000,ay,-0.006663
TRIAL_Black_SIM_03,Black,55.000000,ay,-0.008360
TRIAL_Black_SIM_03,Black,56.000000,ay,-0.008599
TRIAL_Black_SIM_03,Black,57.000000,ay,-0.009043
TRIAL_Black_SIM_03,Black,58.000000,ay,-0.010410
TRIAL_Black_SIM_03,Black,59.000000,ay,-0.011778
TRIAL_Black_SIM_03,Black,60.000000,ay,-0.015564
TRIAL_Black_SIM_03,Black,61.000000,ay,-0.019592
TRIAL_Black_SIM_03,Black,62.000000,ay,-0.024320
TRIAL_Black_SIM_03,Black,63.000000,ay,-0.029446
TRIAL_Black_SIM_03,Black,64.000000,ay,-0.034155
TRIAL_Black_SIM_03,Black,65.000000,ay,-0.038133
TRIAL_Black_SIM_03,Black,66.000000,ay,-0.041776
TRIAL_Black_SIM_03,Black,67.000000,ay,-0.042068
TRIAL_Black_SIM_03,Black,68.000000,ay,-0.042361
TRIAL_Black_SIM_03,Black,69.000000,ay,-0.040382
TRIAL_Black_SIM_03,Black,70.000000,ay,-0.037898
TRIAL_Black_SIM_03,Black,71.000000,ay,-0.034535
TRIAL_Black_SIM_03,Black,72.000000,ay,-0.030438
TRIAL_Black_SIM_03,Black,73.000000,ay,-0.026785
TRIAL_Black_SIM_03,Black,74.000000,ay,-0.024313
TRIAL_Black_SIM_03,Black,75.000000,ay,-0.021842
TRIAL_Black_SIM_03,Black,76.000000,ay,-0.022031
TRIAL_Black_SIM_03,Black,77.000000,ay,-0.022220
TRIAL_Black_SIM_03,Black,78.000000,ay,-0.022539
TRIAL_Black_SIM_03,Black,79.000000,ay,-0.022906
TRIAL_Black_SIM_03,Black,80.000000,ay,-0.023192
TRIAL_Black_SIM_03,Black,81.000000,ay,-0.023378
TRIAL_Black_SIM_03,Black,82.000000,ay,-0.023318
TRIAL_Black_SIM_03,Black,83.000000,ay,-0.022148
TRIAL_Black_SIM_03,Black,84.000000,ay,-0.020977
TRIAL_Black_SIM_03,Black,85.000000,ay,-0.020923
TRIAL_Black_SIM_03,Black,86.000000,ay,-0.020980
TRIAL_Black_SIM_03,Black,87.000000,ay,-0.020428
TRIAL_Black_SIM_03,Black,88.000000,ay,-0.019527
TRIAL_Black_SIM_03,Black,89.000000,ay,-0.018620
TRIAL_Black_SIM_03,Black,90.000000,ay,-0.017702
TRIAL_Black_SIM_03,Black,91.000000,ay,-0.016719
TRIAL_Black_SIM_03,Black,92.000000,ay,-0.015080
TRIAL_Black_SIM_03,Black,93.000000,ay,-0.013441
TRIAL_Black_SIM_03,Black,94.000000,ay,-0.011353
TRIAL_Black_SIM_03,Black,95.000000,ay,-0.009165
TRIAL_Black_SIM_03,Black,96.000000,ay,-0.006369
TRIAL_Black_SIM_03,Black,97.000000,ay,-0.003065
TRIAL_Black_SIM_03,Black,98.000000,ay,-0.000536
TRIAL_Black_SIM_03,Black,99.000000,ay,-0.000072
TRIAL_Black_SIM_03,Black,100.000000,ay,0.000392
TRIAL_Black_SIM_03,Black,0.000000,az,0.154945
TRIAL_Black_SIM_03,Black,1.000000,az,0.120994
TRIAL_Black_SIM_03,Black,2.000000,az,0.087043
TRIAL_Black_SIM_03,Black,3.000000,az,0.076055
TRIAL_Black_SIM_03,Black,4.000000,az,0.073677
TRIAL_Black_SIM_03,Black,5.000000,az,0.077716
TRIAL_Black_SIM_03,Black,6.000000,az,0.089455
TRIAL_Black_SIM_03,Black,7.000000,az,0.101234
TRIAL_Black_SIM_03,Black,8.000000,az,0.113196
TRIAL_Black_SIM_03,Black,9.000000,az,0.125159
TRIAL_Black_SIM_03,Black,10.000000,az,0.136268
TRIAL_Black_SIM_03,Black,11.000000,az,0.147293
TRIAL_Black_SIM_03,Black,12.000000,az,0.149692
TRIAL_Black_SIM_03,Black,13.000000,az,0.147163
TRIAL_Black_SIM_03,Black,14.000000,az,0.147085
TRIAL_Black_SIM_03,Black,15.000000,az,0.151296
TRIAL_Black_SIM_03,Black,16.000000,az,0.156228
TRIAL_Black_SIM_03,Black,17.000000,az,0.168358
TRIAL_Black_SIM_03,Black,18.000000,az,0.180488
TRIAL_Black_SIM_03,Black,19.000000,az,0.191734
TRIAL_Black_SIM_03,Black,20.000000,az,0.202783
TRIAL_Black_SIM_03,Black,21.000000,az,0.212870
TRIAL_Black_SIM_03,Black,22.000000,az,0.222155
TRIAL_Black_SIM_03,Black,23.000000,az,0.230370
TRIAL_Black_SIM_03,Black,24.000000,az,0.235731
TRIAL_Black_SIM_03,Black,25.000000,az,0.241092
TRIAL_Black_SIM_03,Black,26.000000,az,0.248703
TRIAL_Black_SIM_03,Black,27.000000,az,0.256313
TRIAL_Black_SIM_03,Black,28.000000,az,0.255601
TRIAL_Black_SIM_03,Black,29.000000,az,0.251769
TRIAL_Black_SIM_03,Black,30.000000,az,0.242646
TRIAL_Black_SIM_03,Black,31.000000,az,0.227176
TRIAL_Black_SIM_03,Black,32.000000,az,0.210759
TRIAL_Black_SIM_03,Black,33.000000,az,0.190086
TRIAL_Black_SIM_03,Black,34.000000,az,0.169412
TRIAL_Black_SIM_03,Black,35.000000,az,0.153325
TRIAL_Black_SIM_03,Black,36.000000,az,0.137695
TRIAL_Black_SIM_03,Black,37.000000,az,0.122435
TRIAL_Black_SIM_03,Black,38.000000,az,0.107385
TRIAL_Black_SIM_03,Black,39.000000,az,0.091828
TRIAL_Black_SIM_03,Black,40.000000,az,0.075384
TRIAL_Black_SIM_03,Black,41.000000,az,0.058077
TRIAL_Black_SIM_03,Black,42.000000,az,0.032136
TRIAL_Black_SIM_03,Black,43.000000,az,0.006195
TRIAL_Black_SIM_03,Black,44.000000,az,-0.016393
TRIAL_Black_SIM_03,Black,45.000000,az,-0.038236
TRIAL_Black_SIM_03,Black,46.000000,az,-0.061569
TRIAL_Black_SIM_03,Black,47.000000,az,-0.086143
TRIAL_Black_SIM_03,Black,48.000000,az,-0.108279
TRIAL_Black_SIM_03,Black,49.000000,az,-0.123915
TRIAL_Black_SIM_03,Black,50.000000,az,-0.139551
TRIAL_Black_SIM_03,Black,51.000000,az,-0.153671
TRIAL_Black_SIM_03,Black,52.000000,az,-0.167792
TRIAL_Black_SIM_03,Black,53.000000,az,-0.175999
TRIAL_Black_SIM_03,Black,54.000000,az,-0.181989
TRIAL_Black_SIM_03,Black,55.000000,az,-0.189607
TRIAL_Black_SIM_03,Black,56.000000,az,-0.199180
TRIAL_Black_SIM_03,Black,57.000000,az,-0.208313
TRIAL_Black_SIM_03,Black,58.000000,az,-0.215463
TRIAL_Black_SIM_03,Black,59.000000,az,-0.222613
TRIAL_Black_SIM_03,Black,60.000000,az,-0.222412
TRIAL_Black_SIM_03,Black,61.000000,az,-0.221475
TRIAL_Black_SIM_03,Black,62.000000,az,-0.216214
TRIAL_Black_SIM_03,Black,63.000000,az,-0.208482
TRIAL_Black_SIM_03,Black,64.000000,az,-0.200003
TRIAL_Black_SIM_03,Black,65.000000,az,-0.190219
TRIAL_Black_SIM_03,Black,66.000000,az,-0.181190
TRIAL_Black_SIM_03,Black,67.000000,az,-0.179711
TRIAL_Black_SIM_03,Black,68.000000,az,-0.178231
TRIAL_Black_SIM_03,Black,69.000000,az,-0.176278
TRIAL_Black_SIM_03,Black,70.000000,az,-0.174219
TRIAL_Black_SIM_03,Black,71.000000,az,-0.174128
TRIAL_Black_SIM_03,Black,72.000000,az,-0.175677
TRIAL_Black_SIM_03,Black,73.000000,az,-0.176611
TRIAL_Black_SIM_03,Black,74.000000,az,-0.175907
TRIAL_Black_SIM_03,Black,75.000000,az,-0.175203
TRIAL_Black_SIM_03,Black,76.000000,az,-0.170693
TRIAL_Black_SIM_03,Black,77.000000,az,-0.166182
TRIAL_Black_SIM_03,Black,78.000000,az,-0.157524
TRIAL_Black_SIM_03,Black,79.000000,az,-0.147310
TRIAL_Black_SIM_03,Black,80.000000,az,-0.135510
TRIAL_Black_SIM_03,Black,81.000000,az,-0.121807
TRIAL_Black_SIM_03,Black,82.000000,az,-0.108734
TRIAL_Black_SIM_03,Black,83.000000,az,-0.098493
TRIAL_Black_SIM_03,Black,84.000000,az,-0.088252
TRIAL_Black_SIM_03,Black,85.000000,az,-0.078239
TRIAL_Black_SIM_03,Black,86.000000,az,-0.068250
TRIAL_Black_SIM_03,Black,87.000000,az,-0.060337
TRIAL_Black_SIM_03,Black,88.000000,az,-0.053611
TRIAL_Black_SIM_03,Black,89.000000,az,-0.046180
TRIAL_Black_SIM_03,Black,90.000000,az,-0.037515
TRIAL_Black_SIM_03,Black,91.000000,az,-0.029603
TRIAL_Black_SIM_03,Black,92.000000,az,-0.029235
TRIAL_Black_SIM_03,Black,93.000000,az,-0.028866
TRIAL_Black_SIM_03,Black,94.000000,az,-0.027071
TRIAL_Black_SIM_03,Black,95.000000,az,-0.024959
TRIAL_Black_SIM_03,Black,96.000000,az,-0.023482
TRIAL_Black_SIM_03,Black,97.000000,az,-0.022535
TRIAL_Black_SIM_03,Black,98.000000,az,-0.021317
TRIAL_Black_SIM_03,Black,99.000000,az,-0.019378
TRIAL_Black_SIM_03,Black,100.000000,az,-0.017438
TRIAL_Black_SIM_04,Black,0.000000,object_area,5098.162245
TRIAL_Black_SIM_04,Black,1.000000,object_area,5100.509389
TRIAL_Black_SIM_04,Black,2.000000,object_area,5102.856534
TRIAL_Black_SIM_04,Black,3.000000,object_area,5115.901964
TRIAL_Black_SIM_04,Black,4.000000,object_area,5132.959253
TRIAL_Black_SIM_04,Black,5.000000,object_area,5153.268214
TRIAL_Black_SIM_04,Black,6.000000,object_area,5177.479183
TRIAL_Black_SIM_04,Black,7.000000,object_area,5204.199554
TRIAL_Black_SIM_04,Black,8.000000,object_area,5242.212239
TRIAL_Black_SIM_04,Black,9.000000,object_area,5280.224924
TRIAL_Black_SIM_04,Black,10.000000,object_area,5322.283799
TRIAL_Black_SIM_04,Black,11.000000,object_area,5364.747293
TRIAL_Black_SIM_04,Black,12.000000,object_area,5413.343219
TRIAL_Black_SIM_04,Black,13.000000,object_area,5465.443393
TRIAL_Black_SIM_04,Black,14.000000,object_area,5519.829167
TRIAL_Black_SIM_04,Black,15.000000,object_area,5578.214743
TRIAL_Black_SIM_04,Black,16.000000,object_area,5637.429457
TRIAL_Black_SIM_04,Black,17.000000,object_area,5704.935558
TRIAL_Black_SIM_04,Black,18.000000,object_area,5772.441659
TRIAL_Black_SIM_04,Black,19.000000,object_area,5845.694155
TRIAL_Black_SIM_04,Black,20.000000,object_area,5920.223628
TRIAL_Black_SIM_04,Black,21.000000,object_area,5998.159915
TRIAL_Black_SIM_04,Black,22.000000,object_area,6078.935213
TRIAL_Black_SIM_04,Black,23.000000,object_area,6160.067367
TRIAL_Black_SIM_04,Black,24.000000,object_area,6242.151133
TRIAL_Black_SIM_04,Black,25.000000,object_area,6324.234900
TRIAL_Black_SIM_04,Black,26.000000,object_area,6414.031067
TRIAL_Black_SIM_04,Black,27.000000,object_area,6503.827233
TRIAL_Black_SIM_04,Black,28.000000,object_area,6592.734153
TRIAL_Black_SIM_04,Black,29.000000,object_area,6681.307606
TRIAL_Black_SIM_04,Black,30.000000,object_area,6775.257759
TRIAL_Black_SIM_04,Black,31.000000,object_area,6875.659952
TRIAL_Black_SIM_04,Black,32.000000,object_area,6975.602476
TRIAL_Black_SIM_04,Black,33.000000,object_area,7073.476489
TRIAL_Black_SIM_04,Black,34.000000,object_area,7171.350501
TRIAL_Black_SIM_04,Black,35.000000,object_area,7276.463577
TRIAL_Black_SIM_04,Black,36.000000,object_area,7382.300558
TRIAL_Black_SIM_04,Black,37.000000,object_area,7488.216410
TRIAL_Black_SIM_04,Black,38.000000,object_area,7594.177332
TRIAL_Black_SIM_04,Black,39.000000,object_area,7702.647398
TRIAL_Black_SIM_04,Black,40.000000,object_area,7815.508466
TRIAL_Black_SIM_04,Black,41.000000,object_area,7928.715912
TRIAL_Black_SIM_04,Black,42.000000,object_area,8045.387121
TRIAL_Black_SIM_04,Black,43.000000,object_area,8162.058331
TRIAL_Black_SIM_04,Black,44.000000,object_area,8278.642469
TRIAL_Black_SIM_04,Black,45.000000,object_area,8395.207258
TRIAL_Black_SIM_04,Black,46.000000,object_area,8510.820593
TRIAL_Black_SIM_04,Black,47.000000,object_area,8625.641049
TRIAL_Black_SIM_04,Black,48.000000,object_area,8740.157884
TRIAL_Black_SIM_04,Black,49.000000,object_area,8853.865061
TRIAL_Black_SIM_04,Black,50.000000,object_area,8967.572238
TRIAL_Black_SIM_04,Black,51.000000,object_area,9080.143579
TRIAL_Black_SIM_04,Black,52.000000,object_area,9192.714920
TRIAL_Black_SIM_04,Black,53.000000,object_area,9303.889639
TRIAL_Black_SIM_04,Black,54.000000,object_area,9414.540625
TRIAL_Black_SIM_04,Black,55.000000,object_area,9524.620508
TRIAL_Black_SIM_04,Black,56.000000,object_area,9634.015068
TRIAL_Black_SIM_04,Black,57.000000,object_area,9742.971551
TRIAL_Black_SIM_04,Black,58.000000,object_area,9849.956690
TRIAL_Black_SIM_04,Black,59.000000,object_area,9956.941828
TRIAL_Black_SIM_04,Black,60.000000,object_area,10069.163630
TRIAL_Black_SIM_04,Black,61.000000,object_area,10181.909097
TRIAL_Black_SIM_04,Black,62.000000,object_area,10296.277349
TRIAL_Black_SIM_04,Black,63.000000,object_area,10411.572905
TRIAL_Black_SIM_04,Black,64.000000,object_area,10528.607485
TRIAL_Black_SIM_04,Black,65.000000,object_area,10648.685356
TRIAL_Black_SIM_04,Black,66.000000,object_area,10767.975721
TRIAL_Black_SIM_04,Black,67.000000,object_area,10879.391038
TRIAL_Black_SIM_04,Black,68.000000,object_area,10990.806355
TRIAL_Black_SIM_04,Black,69.000000,object_area,11090.584050
TRIAL_Black_SIM_04,Black,70.000000,object_area,11187.775607
TRIAL_Black_SIM_04,Black,71.000000,object_area,11279.908906
TRIAL_Black_SIM_04,Black,72.000000,object_area,11367.826989
TRIAL_Black_SIM_04,Black,73.000000,object_area,11454.586155
TRIAL_Black_SIM_04,Black,74.000000,object_area,11538.254876
TRIAL_Black_SIM_04,Black,75.000000,object_area,11621.923597
TRIAL_Black_SIM_04,Black,76.000000,object_area,11705.497162
TRIAL_Black_SIM_04,Black,77.000000,object_area,11789.070727
TRIAL_Black_SIM_04,Black,78.000000,object_area,11865.274089
TRIAL_Black_SIM_04,Black,79.000000,object_area,11938.713625
TRIAL_Black_SIM_04,Black,80.000000,object_area,12009.786002
TRIAL_Black_SIM_04,Black,81.000000,object_area,12078.017786
TRIAL_Black_SIM_04,Black,82.000000,object_area,12145.507157
TRIAL_Black_SIM_04,Black,83.000000,object_area,12209.655667
TRIAL_Black_SIM_04,Black,84.000000,object_area,12273.804177
TRIAL_Black_SIM_04,Black,85.000000,object_area,12334.494524
TRIAL_Black_SIM_04,Black,86.000000,object_area,12394.839055
TRIAL_Black_SIM_04,Black,87.000000,object_area,12448.890582
TRIAL_Black_SIM_04,Black,88.000000,object_area,12499.346107
TRIAL_Black_SIM_04,Black,89.000000,object_area,12546.585147
TRIAL_Black_SIM_04,Black,90.000000,object_area,12588.195338
TRIAL_Black_SIM_04,Black,91.000000,object_area,12629.348549
TRIAL_Black_SIM_04,Black,92.000000,object_area,12665.931955
TRIAL_Black_SIM_04,Black,93.000000,object_area,12702.515362
TRIAL_Black_SIM_04,Black,94.000000,object_area,12731.741706
TRIAL_Black_SIM_04,Black,95.000000,object_area,12759.333148
TRIAL_Black_SIM_04,Black,96.000000,object_area,12780.077593
TRIAL_Black_SIM_04,Black,97.000000,object_area,12795.116207
TRIAL_Black_SIM_04,Black,98.000000,object_area,12806.664559
TRIAL_Black_SIM_04,Black,99.000000,object_area,12808.905543
TRIAL_Black_SIM_04,Black,100.000000,object_area,12811.146527
TRIAL_Black_SIM_04,Black,0.000000,finger_width,22.933500
TRIAL_Black_SIM_04,Black,1.000000,finger_width,23.348994
TRIAL_Black_SIM_04,Black,2.000000,finger_width,23.764488
TRIAL_Black_SIM_04,Black,3.000000,finger_width,25.101645
TRIAL_Black_SIM_04,Black,4.000000,finger_width,26.784424
TRIAL_Black_SIM_04,Black,5.000000,finger_width,28.835274
TRIAL_Black_SIM_04,Black,6.000000,finger_width,31.327808
TRIAL_Black_SIM_04,Black,7.000000,finger_width,33.960040
TRIAL_Black_SIM_04,Black,8.000000,finger_width,37.220911
TRIAL_Black_SIM_04,Black,9.000000,finger_width,40.481783
TRIAL_Black_SIM_04,Black,10.000000,finger_width,44.041277
TRIAL_Black_SIM_04,Black,11.000000,finger_width,47.630634
TRIAL_Black_SIM_04,Black,12.000000,finger_width,51.565915
TRIAL_Black_SIM_04,Black,13.000000,finger_width,55.698869
TRIAL_Black_SIM_04,Black,14.000000,finger_width,60.038200
TRIAL_Black_SIM_04,Black,15.000000,finger_width,64.738692
TRIAL_Black_SIM_04,Black,16.000000,finger_width,69.479350
TRIAL_Black_SIM_04,Black,17.000000,finger_width,74.621675
TRIAL_Black_SIM_04,Black,18.000000,finger_width,79.764000
TRIAL_Black_SIM_04,Black,19.000000,finger_width,85.325035
TRIAL_Black_SIM_04,Black,20.000000,finger_width,90.979116
TRIAL_Black_SIM_04,Black,21.000000,finger_width,96.699657
TRIAL_Black_SIM_04,Black,22.000000,finger_width,102.475582
TRIAL_Black_SIM_04,Black,23.000000,finger_width,108.351273
TRIAL_Black_SIM_04,Black,24.000000,finger_width,114.493007
TRIAL_Black_SIM_04,Black,25.000000,finger_width,120.634742
TRIAL_Black_SIM_04,Black,26.000000,finger_width,126.599638
TRIAL_Black_SIM_04,Black,27.000000,finger_width,132.564533
TRIAL_Black_SIM_04,Black,28.000000,finger_width,138.405550
TRIAL_Black_SIM_04,Black,29.000000,finger_width,144.200112
TRIAL_Black_SIM_04,Black,30.000000,finger_width,149.841346
TRIAL_Black_SIM_04,Black,31.000000,finger_width,155.298586
TRIAL_Black_SIM_04,Black,32.000000,finger_width,160.753553
TRIAL_Black_SIM_04,Black,33.000000,finger_width,166.198289
TRIAL_Black_SIM_04,Black,34.000000,finger_width,171.643025
TRIAL_Black_SIM_04,Black,35.000000,finger_width,177.227065
TRIAL_Black_SIM_04,Black,36.000000,finger_width,182.825035
TRIAL_Black_SIM_04,Black,37.000000,finger_width,188.289956
TRIAL_Black_SIM_04,Black,38.000000,finger_width,193.678849
TRIAL_Black_SIM_04,Black,39.000000,finger_width,198.811973
TRIAL_Black_SIM_04,Black,40.000000,finger_width,203.497503
TRIAL_Black_SIM_04,Black,41.000000,finger_width,208.091594
TRIAL_Black_SIM_04,Black,42.000000,finger_width,211.771305
TRIAL_Black_SIM_04,Black,43.000000,finger_width,215.451016
TRIAL_Black_SIM_04,Black,44.000000,finger_width,218.560715
TRIAL_Black_SIM_04,Black,45.000000,finger_width,221.543744
TRIAL_Black_SIM_04,Black,46.000000,finger_width,224.380881
TRIAL_Black_SIM_04,Black,47.000000,finger_width,227.096440
TRIAL_Black_SIM_04,Black,48.000000,finger_width,229.715690
TRIAL_Black_SIM_04,Black,49.000000,finger_width,232.078118
TRIAL_Black_SIM_04,Black,50.000000,finger_width,234.440546
TRIAL_Black_SIM_04,Black,51.000000,finger_width,235.844104
TRIAL_Black_SIM_04,Black,52.000000,finger_width,237.247662
TRIAL_Black_SIM_04,Black,53.000000,finger_width,237.527364
TRIAL_Black_SIM_04,Black,54.000000,finger_width,237.385621
TRIAL_Black_SIM_04,Black,55.000000,finger_width,236.083777
TRIAL_Black_SIM_04,Black,56.000000,finger_width,233.389810
TRIAL_Black_SIM_04,Black,57.000000,finger_width,230.342399
TRIAL_Black_SIM_04,Black,58.000000,finger_width,225.704489
TRIAL_Black_SIM_04,Black,59.000000,finger_width,221.066580
TRIAL_Black_SIM_04,Black,60.000000,finger_width,215.264747
TRIAL_Black_SIM_04,Black,61.000000,finger_width,209.346521
TRIAL_Black_SIM_04,Black,62.000000,finger_width,202.977348
TRIAL_Black_SIM_04,Black,63.000000,finger_width,196.350492
TRIAL_Black_SIM_04,Black,64.000000,finger_width,189.635919
TRIAL_Black_SIM_04,Black,65.000000,finger_width,182.767844
TRIAL_Black_SIM_04,Black,66.000000,finger_width,175.884209
TRIAL_Black_SIM_04,Black,67.000000,finger_width,168.844976
TRIAL_Black_SIM_04,Black,68.000000,finger_width,161.805743
TRIAL_Black_SIM_04,Black,69.000000,finger_width,154.939094
TRIAL_Black_SIM_04,Black,70.000000,finger_width,148.110796
TRIAL_Black_SIM_04,Black,71.000000,finger_width,141.714795
TRIAL_Black_SIM_04,Black,72.000000,finger_width,135.679042
TRIAL_Black_SIM_04,Black,73.000000,finger_width,130.011714
TRIAL_Black_SIM_04,Black,74.000000,finger_width,125.326856
TRIAL_Black_SIM_04,Black,75.000000,finger_width,120.641998
TRIAL_Black_SIM_04,Black,76.000000,finger_width,117.993708
TRIAL_Black_SIM_04,Black,77.000000,finger_width,115.345418
TRIAL_Black_SIM_04,Black,78.000000,finger_width,114.262336
TRIAL_Black_SIM_04,Black,79.000000,finger_width,113.766206
TRIAL_Black_SIM_04,Black,80.000000,finger_width,113.574170
TRIAL_Black_SIM_04,Black,81.000000,finger_width,113.747045
TRIAL_Black_SIM_04,Black,82.000000,finger_width,113.867000
TRIAL_Black_SIM_04,Black,83.000000,finger_width,113.748808
TRIAL_Black_SIM_04,Black,84.000000,finger_width,113.630616
TRIAL_Black_SIM_04,Black,85.000000,finger_width,113.282304
TRIAL_Black_SIM_04,Black,86.000000,finger_width,112.910980
TRIAL_Black_SIM_04,Black,87.000000,finger_width,112.524176
TRIAL_Black_SIM_04,Black,88.000000,finger_width,112.128528
TRIAL_Black_SIM_04,Black,89.000000,finger_width,111.778135
TRIAL_Black_SIM_04,Black,90.000000,finger_width,111.506943
TRIAL_Black_SIM_04,Black,91.000000,finger_width,111.261110
TRIAL_Black_SIM_04,Black,92.000000,finger_width,111.268874
TRIAL_Black_SIM_04,Black,93.000000,finger_width,111.276638
TRIAL_Black_SIM_04,Black,94.000000,finger_width,111.422074
TRIAL_Black_SIM_04,Black,95.000000,finger_width,111.598104
TRIAL_Black_SIM_04,Black,96.000000,finger_width,111.782247
TRIAL_Black_SIM_04,Black,97.000000,finger_width,111.973153
TRIAL_Black_SIM_04,Black,98.000000,finger_width,112.127728
TRIAL_Black_SIM_04,Black,99.000000,finger_width,112.185423
TRIAL_Black_SIM_04,Black,100.000000,finger_width,112.243118
TRIAL_Black_SIM_04,Black,0.000000,velocity,0.006601
TRIAL_Black_SIM_04,Black,1.000000,velocity,0.004809
TRIAL_Black_SIM_04,Black,2.000000,velocity,0.003017
TRIAL_Black_SIM_04,Black,3.000000,velocity,0.002442
TRIAL_Black_SIM_04,Black,4.000000,velocity,0.002324
TRIAL_Black_SIM_04,Black,5.000000,velocity,0.003031
TRIAL_Black_SIM_04,Black,6.000000,velocity,0.004728
TRIAL_Black_SIM_04,Black,7.000000,velocity,0.006410
TRIAL_Black_SIM_04,Black,8.000000,velocity,0.008029
TRIAL_Black_SIM_04,Black,9.000000,velocity,0.009647
TRIAL_Black_SIM_04,Black,10.000000,velocity,0.012421
TRIAL_Black_SIM_04,Black,11.000000,velocity,0.015311
TRIAL_Black_SIM_04,Black,12.000000,velocity,0.019406
TRIAL_Black_SIM_04,Black,13.000000,velocity,0.024190
TRIAL_Black_SIM_04,Black,14.000000,velocity,0.030139
TRIAL_Black_SIM_04,Black,15.000000,velocity,0.038126
TRIAL_Black_SIM_04,Black,16.000000,velocity,0.046123
TRIAL_Black_SIM_04,Black,17.000000,velocity,0.054209
TRIAL_Black_SIM_04,Black,18.000000,velocity,0.062295
TRIAL_Black_SIM_04,Black,19.000000,velocity,0.070088
TRIAL_Black_SIM_04,Black,20.000000,velocity,0.077815
TRIAL_Black_SIM_04,Black,21.000000,velocity,0.086109
TRIAL_Black_SIM_04,Black,22.000000,velocity,0.094875
TRIAL_Black_SIM_04,Black,23.000000,velocity,0.104649
TRIAL_Black_SIM_04,Black,24.000000,velocity,0.117113
TRIAL_Black_SIM_04,Black,25.000000,velocity,0.129576
TRIAL_Black_SIM_04,Black,26.000000,velocity,0.144716
TRIAL_Black_SIM_04,Black,27.000000,velocity,0.159857
TRIAL_Black_SIM_04,Black,28.000000,velocity,0.175934
TRIAL_Black_SIM_04,Black,29.000000,velocity,0.192361
TRIAL_Black_SIM_04,Black,30.000000,velocity,0.209879
TRIAL_Black_SIM_04,Black,31.000000,velocity,0.228704
TRIAL_Black_SIM_04,Black,32.000000,velocity,0.247882
TRIAL_Black_SIM_04,Black,33.000000,velocity,0.268643
TRIAL_Black_SIM_04,Black,34.000000,velocity,0.289404
TRIAL_Black_SIM_04,Black,35.000000,velocity,0.311385
TRIAL_Black_SIM_04,Black,36.000000,velocity,0.333488
TRIAL_Black_SIM_04,Black,37.000000,velocity,0.355399
TRIAL_Black_SIM_04,Black,38.000000,velocity,0.377201
TRIAL_Black_SIM_04,Black,39.000000,velocity,0.399602
TRIAL_Black_SIM_04,Black,40.000000,velocity,0.423054
TRIAL_Black_SIM_04,Black,41.000000,velocity,0.446483
TRIAL_Black_SIM_04,Black,42.000000,velocity,0.469681
TRIAL_Black_SIM_04,Black,43.000000,velocity,0.492879
TRIAL_Black_SIM_04,Black,44.000000,velocity,0.514602
TRIAL_Black_SIM_04,Black,45.000000,velocity,0.535996
TRIAL_Black_SIM_04,Black,46.000000,velocity,0.555305
TRIAL_Black_SIM_04,Black,47.000000,velocity,0.572876
TRIAL_Black_SIM_04,Black,48.000000,velocity,0.589496
TRIAL_Black_SIM_04,Black,49.000000,velocity,0.603581
TRIAL_Black_SIM_04,Black,50.000000,velocity,0.617665
TRIAL_Black_SIM_04,Black,51.000000,velocity,0.628541
TRIAL_Black_SIM_04,Black,52.000000,velocity,0.639418
TRIAL_Black_SIM_04,Black,53.000000,velocity,0.647114
TRIAL_Black_SIM_04,Black,54.000000,velocity,0.653618
TRIAL_Black_SIM_04,Black,55.000000,velocity,0.658538
TRIAL_Black_SIM_04,Black,56.000000,velocity,0.661556
TRIAL_Black_SIM_04,Black,57.000000,velocity,0.663307
TRIAL_Black_SIM_04,Black,58.000000,velocity,0.659359
TRIAL_Black_SIM_04,Black,59.000000,velocity,0.655411
TRIAL_Black_SIM_04,Black,60.000000,velocity,0.647426
TRIAL_Black_SIM_04,Black,61.000000,velocity,0.639038
TRIAL_Black_SIM_04,Black,62.000000,velocity,0.626439
TRIAL_Black_SIM_04,Black,63.000000,velocity,0.611434
TRIAL_Black_SIM_04,Black,64.000000,velocity,0.596040
TRIAL_Black_SIM_04,Black,65.000000,velocity,0.579967
TRIAL_Black_SIM_04,Black,66.000000,velocity,0.563524
TRIAL_Black_SIM_04,Black,67.000000,velocity,0.543381
TRIAL_Black_SIM_04,Black,68.000000,velocity,0.523237
TRIAL_Black_SIM_04,Black,69.000000,velocity,0.503060
TRIAL_Black_SIM_04,Black,70.000000,velocity,0.482875
TRIAL_Black_SIM_04,Black,71.000000,velocity,0.462097
TRIAL_Black_SIM_04,Black,72.000000,velocity,0.440824
TRIAL_Black_SIM_04,Black,73.000000,velocity,0.419711
TRIAL_Black_SIM_04,Black,74.000000,velocity,0.399023
TRIAL_Black_SIM_04,Black,75.000000,velocity,0.378335
TRIAL_Black_SIM_04,Black,76.000000,velocity,0.357128
TRIAL_Black_SIM_04,Black,77.000000,velocity,0.335921
TRIAL_Black_SIM_04,Black,78.000000,velocity,0.313782
TRIAL_Black_SIM_04,Black,79.000000,velocity,0.291295
TRIAL_Black_SIM_04,Black,80.000000,velocity,0.269272
TRIAL_Black_SIM_04,Black,81.000000,velocity,0.247807
TRIAL_Black_SIM_04,Black,82.000000,velocity,0.226472
TRIAL_Black_SIM_04,Black,83.000000,velocity,0.205728
TRIAL_Black_SIM_04,Black,84.000000,velocity,0.184984
TRIAL_Black_SIM_04,Black,85.000000,velocity,0.167696
TRIAL_Black_SIM_04,Black,86.000000,velocity,0.150755
TRIAL_Black_SIM_04,Black,87.000000,velocity,0.135491
TRIAL_Black_SIM_04,Black,88.000000,velocity,0.121186
TRIAL_Black_SIM_04,Black,89.000000,velocity,0.108363
TRIAL_Black_SIM_04,Black,90.000000,velocity,0.098134
TRIAL_Black_SIM_04,Black,91.000000,velocity,0.088015
TRIAL_Black_SIM_04,Black,92.000000,velocity,0.078992
TRIAL_Black_SIM_04,Black,93.000000,velocity,0.069969
TRIAL_Black_SIM_04,Black,94.000000,velocity,0.056555
TRIAL_Black_SIM_04,Black,95.000000,velocity,0.042165
TRIAL_Black_SIM_04,Black,96.000000,velocity,0.030700
TRIAL_Black_SIM_04,Black,97.000000,velocity,0.021674
TRIAL_Black_SIM_04,Black,98.000000,velocity,0.013509
TRIAL_Black_SIM_04,Black,99.000000,velocity,0.007641
TRIAL_Black_SIM_04,Black,100.000000,velocity,0.001774
TRIAL_Black_SIM_04,Black,0.000000,acceleration_mag,0.021255
TRIAL_Black_SIM_04,Black,1.000000,acceleration_mag,0.036040
TRIAL_Black_SIM_04,Black,2.000000,acceleration_mag,0.050824
TRIAL_Black_SIM_04,Black,3.000000,acceleration_mag,0.059661
TRIAL_Black_SIM_04,Black,4.000000,acceleration_mag,0.066266
TRIAL_Black_SIM_04,Black,5.000000,acceleration_mag,0.078523
TRIAL_Black_SIM_04,Black,6.000000,acceleration_mag,0.097563
TRIAL_Black_SIM_04,Black,7.000000,acceleration_mag,0.115388
TRIAL_Black_SIM_04,Black,8.000000,acceleration_mag,0.127741
TRIAL_Black_SIM_04,Black,9.000000,acceleration_mag,0.140094
TRIAL_Black_SIM_04,Black,10.000000,acceleration_mag,0.181309
TRIAL_Black_SIM_04,Black,11.000000,acceleration_mag,0.225411
TRIAL_Black_SIM_04,Black,12.000000,acceleration_mag,0.289110
TRIAL_Black_SIM_04,Black,13.000000,acceleration_mag,0.364009
TRIAL_Black_SIM_04,Black,14.000000,acceleration_mag,0.430400
TRIAL_Black_SIM_04,Black,15.000000,acceleration_mag,0.481901
TRIAL_Black_SIM_04,Black,16.000000,acceleration_mag,0.528510
TRIAL_Black_SIM_04,Black,17.000000,acceleration_mag,0.526196
TRIAL_Black_SIM_04,Black,18.000000,acceleration_mag,0.523882
TRIAL_Black_SIM_04,Black,19.000000,acceleration_mag,0.536184
TRIAL_Black_SIM_04,Black,20.000000,acceleration_mag,0.551734
TRIAL_Black_SIM_04,Black,21.000000,acceleration_mag,0.597568
TRIAL_Black_SIM_04,Black,22.000000,acceleration_mag,0.668638
TRIAL_Black_SIM_04,Black,23.000000,acceleration_mag,0.747065
TRIAL_Black_SIM_04,Black,24.000000,acceleration_mag,0.845113
TRIAL_Black_SIM_04,Black,25.000000,acceleration_mag,0.943161
TRIAL_Black_SIM_04,Black,26.000000,acceleration_mag,1.005967
TRIAL_Black_SIM_04,Black,27.000000,acceleration_mag,1.068773
TRIAL_Black_SIM_04,Black,28.000000,acceleration_mag,1.130024
TRIAL_Black_SIM_04,Black,29.000000,acceleration_mag,1.190692
TRIAL_Black_SIM_04,Black,30.000000,acceleration_mag,1.252918
TRIAL_Black_SIM_04,Black,31.000000,acceleration_mag,1.317015
TRIAL_Black_SIM_04,Black,32.000000,acceleration_mag,1.377641
TRIAL_Black_SIM_04,Black,33.000000,acceleration_mag,1.422646
TRIAL_Black_SIM_04,Black,34.000000,acceleration_mag,1.467652
TRIAL_Black_SIM_04,Black,35.000000,acceleration_mag,1.482919
TRIAL_Black_SIM_04,Black,36.000000,acceleration_mag,1.495212
TRIAL_Black_SIM_04,Black,37.000000,acceleration_mag,1.513654
TRIAL_Black_SIM_04,Black,38.000000,acceleration_mag,1.535609
TRIAL_Black_SIM_04,Black,39.000000,acceleration_mag,1.557749
TRIAL_Black_SIM_04,Black,40.000000,acceleration_mag,1.580212
TRIAL_Black_SIM_04,Black,41.000000,acceleration_mag,1.598001
TRIAL_Black_SIM_04,Black,42.000000,acceleration_mag,1.569034
TRIAL_Black_SIM_04,Black,43.000000,acceleration_mag,1.540068
TRIAL_Black_SIM_04,Black,44.000000,acceleration_mag,1.465047
TRIAL_Black_SIM_04,Black,45.000000,acceleration_mag,1.379791
TRIAL_Black_SIM_04,Black,46.000000,acceleration_mag,1.281348
TRIAL_Black_SIM_04,Black,47.000000,acceleration_mag,1.171917
TRIAL_Black_SIM_04,Black,48.000000,acceleration_mag,1.064321
TRIAL_Black_SIM_04,Black,49.000000,acceleration_mag,0.961621
TRIAL_Black_SIM_04,Black,50.000000,acceleration_mag,0.858922
TRIAL_Black_SIM_04,Black,51.000000,acceleration_mag,0.748557
TRIAL_Black_SIM_04,Black,52.000000,acceleration_mag,0.638192
TRIAL_Black_SIM_04,Black,53.000000,acceleration_mag,0.522634
TRIAL_Black_SIM_04,Black,54.000000,acceleration_mag,0.405128
TRIAL_Black_SIM_04,Black,55.000000,acceleration_mag,0.283815
TRIAL_Black_SIM_04,Black,56.000000,acceleration_mag,0.157934
TRIAL_Black_SIM_04,Black,57.000000,acceleration_mag,0.083257
TRIAL_Black_SIM_04,Black,58.000000,acceleration_mag,0.238998
TRIAL_Black_SIM_04,Black,59.000000,acceleration_mag,0.394740
TRIAL_Black_SIM_04,Black,60.000000,acceleration_mag,0.559893
TRIAL_Black_SIM_04,Black,61.000000,acceleration_mag,0.725989
TRIAL_Black_SIM_04,Black,62.000000,acceleration_mag,0.862135
TRIAL_Black_SIM_04,Black,63.000000,acceleration_mag,0.981167
TRIAL_Black_SIM_04,Black,64.000000,acceleration_mag,1.085607
TRIAL_Black_SIM_04,Black,65.000000,acceleration_mag,1.164511
TRIAL_Black_SIM_04,Black,66.000000,acceleration_mag,1.241957
TRIAL_Black_SIM_04,Black,67.000000,acceleration_mag,1.304818
TRIAL_Black_SIM_04,Black,68.000000,acceleration_mag,1.367678
TRIAL_Black_SIM_04,Black,69.000000,acceleration_mag,1.390053
TRIAL_Black_SIM_04,Black,70.000000,acceleration_mag,1.403430
TRIAL_Black_SIM_04,Black,71.000000,acceleration_mag,1.411653
TRIAL_Black_SIM_04,Black,72.000000,acceleration_mag,1.415582
TRIAL_Black_SIM_04,Black,73.000000,acceleration_mag,1.417532
TRIAL_Black_SIM_04,Black,74.000000,acceleration_mag,1.414208
TRIAL_Black_SIM_04,Black,75.000000,acceleration_mag,1.410884
TRIAL_Black_SIM_04,Black,76.000000,acceleration_mag,1.441526
TRIAL_Black_SIM_04,Black,77.000000,acceleration_mag,1.472168
TRIAL_Black_SIM_04,Black,78.000000,acceleration_mag,1.488006
TRIAL_Black_SIM_04,Black,79.000000,acceleration_mag,1.498293
TRIAL_Black_SIM_04,Black,80.000000,acceleration_mag,1.495093
TRIAL_Black_SIM_04,Black,81.000000,acceleration_mag,1.475707
TRIAL_Black_SIM_04,Black,82.000000,acceleration_mag,1.448260
TRIAL_Black_SIM_04,Black,83.000000,acceleration_mag,1.384535
TRIAL_Black_SIM_04,Black,84.000000,acceleration_mag,1.320810
TRIAL_Black_SIM_04,Black,85.000000,acceleration_mag,1.229271
TRIAL_Black_SIM_04,Black,86.000000,acceleration_mag,1.134950
TRIAL_Black_SIM_04,Black,87.000000,acceleration_mag,1.034027
TRIAL_Black_SIM_04,Black,88.000000,acceleration_mag,0.929332
TRIAL_Black_SIM_04,Black,89.000000,acceleration_mag,0.831894
TRIAL_Black_SIM_04,Black,90.000000,acceleration_mag,0.747159
TRIAL_Black_SIM_04,Black,91.000000,acceleration_mag,0.674860
TRIAL_Black_SIM_04,Black,92.000000,acceleration_mag,0.726932
TRIAL_Black_SIM_04,Black,93.000000,acceleration_mag,0.779004
TRIAL_Black_SIM_04,Black,94.000000,acceleration_mag,0.785415
TRIAL_Black_SIM_04,Black,95.000000,acceleration_mag,0.781679
TRIAL_Black_SIM_04,Black,96.000000,acceleration_mag,0.708722
TRIAL_Black_SIM_04,Black,97.000000,acceleration_mag,0.578081
TRIAL_Black_SIM_04,Black,98.000000,acceleration_mag,0.470717
TRIAL_Black_SIM_04,Black,99.000000,acceleration_mag,0.425428
TRIAL_Black_SIM_04,Black,100.000000,acceleration_mag,0.380138
TRIAL_Black_SIM_04,Black,0.000000,ax,0.015246
TRIAL_Black_SIM_04,Black,1.000000,ax,-0.013517
TRIAL_Black_SIM_04,Black,2.000000,ax,-0.042280
TRIAL_Black_SIM_04,Black,3.000000,ax,-0.012925
TRIAL_Black_SIM_04,Black,4.000000,ax,0.038224
TRIAL_Black_SIM_04,Black,5.000000,ax,0.075269
TRIAL_Black_SIM_04,Black,6.000000,ax,0.095388
TRIAL_Black_SIM_04,Black,7.000000,ax,0.113984
TRIAL_Black_SIM_04,Black,8.000000,ax,0.125724
TRIAL_Black_SIM_04,Black,9.000000,ax,0.137464
TRIAL_Black_SIM_04,Black,10.000000,ax,0.177977
TRIAL_Black_SIM_04,Black,11.000000,ax,0.221367
TRIAL_Black_SIM_04,Black,12.000000,ax,0.284435
TRIAL_Black_SIM_04,Black,13.000000,ax,0.358748
TRIAL_Black_SIM_04,Black,14.000000,ax,0.424659
TRIAL_Black_SIM_04,Black,15.000000,ax,0.475868
TRIAL_Black_SIM_04,Black,16.000000,ax,0.522220
TRIAL_Black_SIM_04,Black,17.000000,ax,0.520003
TRIAL_Black_SIM_04,Black,18.000000,ax,0.517786
TRIAL_Black_SIM_04,Black,19.000000,ax,0.529964
TRIAL_Black_SIM_04,Black,20.000000,ax,0.545341
TRIAL_Black_SIM_04,Black,21.000000,ax,0.590633
TRIAL_Black_SIM_04,Black,22.000000,ax,0.660854
TRIAL_Black_SIM_04,Black,23.000000,ax,0.738319
TRIAL_Black_SIM_04,Black,24.000000,ax,0.835103
TRIAL_Black_SIM_04,Black,25.000000,ax,0.931886
TRIAL_Black_SIM_04,Black,26.000000,ax,0.993739
TRIAL_Black_SIM_04,Black,27.000000,ax,1.055591
TRIAL_Black_SIM_04,Black,28.000000,ax,1.115759
TRIAL_Black_SIM_04,Black,29.000000,ax,1.175294
TRIAL_Black_SIM_04,Black,30.000000,ax,1.236558
TRIAL_Black_SIM_04,Black,31.000000,ax,1.299896
TRIAL_Black_SIM_04,Black,32.000000,ax,1.359838
TRIAL_Black_SIM_04,Black,33.000000,ax,1.404500
TRIAL_Black_SIM_04,Black,34.000000,ax,1.449162
TRIAL_Black_SIM_04,Black,35.000000,ax,1.464356
TRIAL_Black_SIM_04,Black,36.000000,ax,1.476604
TRIAL_Black_SIM_04,Black,37.000000,ax,1.494737
TRIAL_Black_SIM_04,Black,38.000000,ax,1.516233
TRIAL_Black_SIM_04,Black,39.000000,ax,1.537909
TRIAL_Black_SIM_04,Black,40.000000,ax,1.559901
TRIAL_Black_SIM_04,Black,41.000000,ax,1.577269
TRIAL_Black_SIM_04,Black,42.000000,ax,1.548391
TRIAL_Black_SIM_04,Black,43.000000,ax,1.519513
TRIAL_Black_SIM_04,Black,44.000000,ax,1.445289
TRIAL_Black_SIM_04,Black,45.000000,ax,1.360989
TRIAL_Black_SIM_04,Black,46.000000,ax,1.263611
TRIAL_Black_SIM_04,Black,47.000000,ax,1.155334
TRIAL_Black_SIM_04,Black,48.000000,ax,1.048936
TRIAL_Black_SIM_04,Black,49.000000,ax,0.947551
TRIAL_Black_SIM_04,Black,50.000000,ax,0.846166
TRIAL_Black_SIM_04,Black,51.000000,ax,0.736549
TRIAL_Black_SIM_04,Black,52.000000,ax,0.626932
TRIAL_Black_SIM_04,Black,53.000000,ax,0.512209
TRIAL_Black_SIM_04,Black,54.000000,ax,0.395573
TRIAL_Black_SIM_04,Black,55.000000,ax,0.262942
TRIAL_Black_SIM_04,Black,56.000000,ax,0.111119
TRIAL_Black_SIM_04,Black,57.000000,ax,-0.044341
TRIAL_Black_SIM_04,Black,58.000000,ax,-0.216169
TRIAL_Black_SIM_04,Black,59.000000,ax,-0.387997
TRIAL_Black_SIM_04,Black,60.000000,ax,-0.553183
TRIAL_Black_SIM_04,Black,61.000000,ax,-0.717705
TRIAL_Black_SIM_04,Black,62.000000,ax,-0.852340
TRIAL_Black_SIM_04,Black,63.000000,ax,-0.969898
TRIAL_Black_SIM_04,Black,64.000000,ax,-1.072999
TRIAL_Black_SIM_04,Black,65.000000,ax,-1.150801
TRIAL_Black_SIM_04,Black,66.000000,ax,-1.227162
TRIAL_Black_SIM_04,Black,67.000000,ax,-1.289101
TRIAL_Black_SIM_04,Black,68.000000,ax,-1.351040
TRIAL_Black_SIM_04,Black,69.000000,ax,-1.373176
TRIAL_Black_SIM_04,Black,70.000000,ax,-1.386467
TRIAL_Black_SIM_04,Black,71.000000,ax,-1.394662
TRIAL_Black_SIM_04,Black,72.000000,ax,-1.398610
TRIAL_Black_SIM_04,Black,73.000000,ax,-1.400590
TRIAL_Black_SIM_04,Black,74.000000,ax,-1.397321
TRIAL_Black_SIM_04,Black,75.000000,ax,-1.394051
TRIAL_Black_SIM_04,Black,76.000000,ax,-1.424077
TRIAL_Black_SIM_04,Black,77.000000,ax,-1.454103
TRIAL_Black_SIM_04,Black,78.000000,ax,-1.469337
TRIAL_Black_SIM_04,Black,79.000000,ax,-1.479024
TRIAL_Black_SIM_04,Black,80.000000,ax,-1.475322
TRIAL_Black_SIM_04,Black,81.000000,ax,-1.455553
TRIAL_Black_SIM_04,Black,82.000000,ax,-1.427851
TRIAL_Black_SIM_04,Black,83.000000,ax,-1.364452
TRIAL_Black_SIM_04,Black,84.000000,ax,-1.301053
TRIAL_Black_SIM_04,Black,85.000000,ax,-1.210322
TRIAL_Black_SIM_04,Black,86.000000,ax,-1.116859
TRIAL_Black_SIM_04,Black,87.000000,ax,-1.017340
TRIAL_Black_SIM_04,Black,88.000000,ax,-0.914361
TRIAL_Black_SIM_04,Black,89.000000,ax,-0.818613
TRIAL_Black_SIM_04,Black,90.000000,ax,-0.735519
TRIAL_Black_SIM_04,Black,91.000000,ax,-0.664715
TRIAL_Black_SIM_04,Black,92.000000,ax,-0.716806
TRIAL_Black_SIM_04,Black,93.000000,ax,-0.768897
TRIAL_Black_SIM_04,Black,94.000000,ax,-0.775462
TRIAL_Black_SIM_04,Black,95.000000,ax,-0.771911
TRIAL_Black_SIM_04,Black,96.000000,ax,-0.699962
TRIAL_Black_SIM_04,Black,97.000000,ax,-0.571013
TRIAL_Black_SIM_04,Black,98.000000,ax,-0.465029
TRIAL_Black_SIM_04,Black,99.000000,ax,-0.420282
TRIAL_Black_SIM_04,Black,100.000000,ax,-0.375535
TRIAL_Black_SIM_04,Black,0.000000,ay,0.014759
TRIAL_Black_SIM_04,Black,1.000000,ay,0.017221
TRIAL_Black_SIM_04,Black,2.000000,ay,0.019683
TRIAL_Black_SIM_04,Black,3.000000,ay,0.020530
TRIAL_Black_SIM_04,Black,4.000000,ay,0.020772
TRIAL_Black_SIM_04,Black,5.000000,ay,0.017343
TRIAL_Black_SIM_04,Black,6.000000,ay,0.009508
TRIAL_Black_SIM_04,Black,7.000000,ay,0.001571
TRIAL_Black_SIM_04,Black,8.000000,ay,-0.006829
TRIAL_Black_SIM_04,Black,9.000000,ay,-0.015229
TRIAL_Black_SIM_04,Black,10.000000,ay,-0.019543
TRIAL_Black_SIM_04,Black,11.000000,ay,-0.023449
TRIAL_Black_SIM_04,Black,12.000000,ay,-0.024521
TRIAL_Black_SIM_04,Black,13.000000,ay,-0.023975
TRIAL_Black_SIM_04,Black,14.000000,ay,-0.021689
TRIAL_Black_SIM_04,Black,15.000000,ay,-0.016360
TRIAL_Black_SIM_04,Black,16.000000,ay,-0.011244
TRIAL_Black_SIM_04,Black,17.000000,ay,-0.008259
TRIAL_Black_SIM_04,Black,18.000000,ay,-0.005275
TRIAL_Black_SIM_04,Black,19.000000,ay,0.002630
TRIAL_Black_SIM_04,Black,20.000000,ay,0.011627
TRIAL_Black_SIM_04,Black,21.000000,ay,0.017391
TRIAL_Black_SIM_04,Black,22.000000,ay,0.020461
TRIAL_Black_SIM_04,Black,23.000000,ay,0.024763
TRIAL_Black_SIM_04,Black,24.000000,ay,0.032352
TRIAL_Black_SIM_04,Black,25.000000,ay,0.039942
TRIAL_Black_SIM_04,Black,26.000000,ay,0.047842
TRIAL_Black_SIM_04,Black,27.000000,ay,0.055742
TRIAL_Black_SIM_04,Black,28.000000,ay,0.065727
TRIAL_Black_SIM_04,Black,29.000000,ay,0.076493
TRIAL_Black_SIM_04,Black,30.000000,ay,0.083535
TRIAL_Black_SIM_04,Black,31.000000,ay,0.086108
TRIAL_Black_SIM_04,Black,32.000000,ay,0.087781
TRIAL_Black_SIM_04,Black,33.000000,ay,0.085405
TRIAL_Black_SIM_04,Black,34.000000,ay,0.083029
TRIAL_Black_SIM_04,Black,35.000000,ay,0.080620
TRIAL_Black_SIM_04,Black,36.000000,ay,0.078208
TRIAL_Black_SIM_04,Black,37.000000,ay,0.080484
TRIAL_Black_SIM_04,Black,38.000000,ay,0.085440
TRIAL_Black_SIM_04,Black,39.000000,ay,0.090302
TRIAL_Black_SIM_04,Black,40.000000,ay,0.095000
TRIAL_Black_SIM_04,Black,41.000000,ay,0.099542
TRIAL_Black_SIM_04,Black,42.000000,ay,0.102512
TRIAL_Black_SIM_04,Black,43.000000,ay,0.105482
TRIAL_Black_SIM_04,Black,44.000000,ay,0.103221
TRIAL_Black_SIM_04,Black,45.000000,ay,0.099798
TRIAL_Black_SIM_04,Black,46.000000,ay,0.096333
TRIAL_Black_SIM_04,Black,47.000000,ay,0.092834
TRIAL_Black_SIM_04,Black,48.000000,ay,0.088416
TRIAL_Black_SIM_04,Black,49.000000,ay,0.081547
TRIAL_Black_SIM_04,Black,50.000000,ay,0.074679
TRIAL_Black_SIM_04,Black,51.000000,ay,0.074135
TRIAL_Black_SIM_04,Black,52.000000,ay,0.073591
TRIAL_Black_SIM_04,Black,53.000000,ay,0.069368
TRIAL_Black_SIM_04,Black,54.000000,ay,0.063764
TRIAL_Black_SIM_04,Black,55.000000,ay,0.059215
TRIAL_Black_SIM_04,Black,56.000000,ay,0.055932
TRIAL_Black_SIM_04,Black,57.000000,ay,0.050785
TRIAL_Black_SIM_04,Black,58.000000,ay,0.037256
TRIAL_Black_SIM_04,Black,59.000000,ay,0.023727
TRIAL_Black_SIM_04,Black,60.000000,ay,0.012707
TRIAL_Black_SIM_04,Black,61.000000,ay,0.001939
TRIAL_Black_SIM_04,Black,62.000000,ay,-0.010277
TRIAL_Black_SIM_04,Black,63.000000,ay,-0.023321
TRIAL_Black_SIM_04,Black,64.000000,ay,-0.034654
TRIAL_Black_SIM_04,Black,65.000000,ay,-0.042994
TRIAL_Black_SIM_04,Black,66.000000,ay,-0.051183
TRIAL_Black_SIM_04,Black,67.000000,ay,-0.057861
TRIAL_Black_SIM_04,Black,68.000000,ay,-0.064540
TRIAL_Black_SIM_04,Black,69.000000,ay,-0.063728
TRIAL_Black_SIM_04,Black,70.000000,ay,-0.061252
TRIAL_Black_SIM_04,Black,71.000000,ay,-0.058428
TRIAL_Black_SIM_04,Black,72.000000,ay,-0.055316
TRIAL_Black_SIM_04,Black,73.000000,ay,-0.052569
TRIAL_Black_SIM_04,Black,74.000000,ay,-0.050799
TRIAL_Black_SIM_04,Black,75.000000,ay,-0.049028
TRIAL_Black_SIM_04,Black,76.000000,ay,-0.057665
TRIAL_Black_SIM_04,Black,77.000000,ay,-0.066302
TRIAL_Black_SIM_04,Black,78.000000,ay,-0.076626
TRIAL_Black_SIM_04,Black,79.000000,ay,-0.087583
TRIAL_Black_SIM_04,Black,80.000000,ay,-0.097766
TRIAL_Black_SIM_04,Black,81.000000,ay,-0.107021
TRIAL_Black_SIM_04,Black,82.000000,ay,-0.115051
TRIAL_Black_SIM_04,Black,83.000000,ay,-0.117572
TRIAL_Black_SIM_04,Black,84.000000,ay,-0.120093
TRIAL_Black_SIM_04,Black,85.000000,ay,-0.118228
TRIAL_Black_SIM_04,Black,86.000000,ay,-0.115924
TRIAL_Black_SIM_04,Black,87.000000,ay,-0.107893
TRIAL_Black_SIM_04,Black,88.000000,ay,-0.096590
TRIAL_Black_SIM_04,Black,89.000000,ay,-0.085001
TRIAL_Black_SIM_04,Black,90.000000,ay,-0.072914
TRIAL_Black_SIM_04,Black,91.000000,ay,-0.061121
TRIAL_Black_SIM_04,Black,92.000000,ay,-0.052276
TRIAL_Black_SIM_04,Black,93.000000,ay,-0.043431
TRIAL_Black_SIM_04,Black,94.000000,ay,-0.038099
TRIAL_Black_SIM_04,Black,95.000000,ay,-0.033547
TRIAL_Black_SIM_04,Black,96.000000,ay,-0.024379
TRIAL_Black_SIM_04,Black,97.000000,ay,-0.011365
TRIAL_Black_SIM_04,Black,98.000000,ay,-0.001837
TRIAL_Black_SIM_04,Black,99.000000,ay,-0.001604
TRIAL_Black_SIM_04,Black,100.000000,ay,-0.001372
TRIAL_Black_SIM_04,Black,0.000000,az,0.001226
TRIAL_Black_SIM_04,Black,1.000000,az,-0.003311
TRIAL_Black_SIM_04,Black,2.000000,az,-0.007849
TRIAL_Black_SIM_04,Black,3.000000,az,-0.003458
TRIAL_Black_SIM_04,Black,4.000000,az,0.004280
TRIAL_Black_SIM_04,Black,5.000000,az,0.010155
TRIAL_Black_SIM_04,Black,6.000000,az,0.013793
TRIAL_Black_SIM_04,Black,7.000000,az,0.017210
TRIAL_Black_SIM_04,Black,8.000000,az,0.019627
TRIAL_Black_SIM_04,Black,9.000000,az,0.022045
TRIAL_Black_SIM_04,Black,10.000000,az,0.028541
TRIAL_Black_SIM_04,Black,11.000000,az,0.035445
TRIAL_Black_SIM_04,Black,12.000000,az,0.045144
TRIAL_Black_SIM_04,Black,13.000000,az,0.056440
TRIAL_Black_SIM_04,Black,14.000000,az,0.066336
TRIAL_Black_SIM_04,Black,15.000000,az,0.073781
TRIAL_Black_SIM_04,Black,16.000000,az,0.080503
TRIAL_Black_SIM_04,Black,17.000000,az,0.079997
TRIAL_Black_SIM_04,Black,18.000000,az,0.079492
TRIAL_Black_SIM_04,Black,19.000000,az,0.080817
TRIAL_Black_SIM_04,Black,20.000000,az,0.082550
TRIAL_Black_SIM_04,Black,21.000000,az,0.089092
TRIAL_Black_SIM_04,Black,22.000000,az,0.099644
TRIAL_Black_SIM_04,Black,23.000000,az,0.111217
TRIAL_Black_SIM_04,Black,24.000000,az,0.125512
TRIAL_Black_SIM_04,Black,25.000000,az,0.139808
TRIAL_Black_SIM_04,Black,26.000000,az,0.148774
TRIAL_Black_SIM_04,Black,27.000000,az,0.157740
TRIAL_Black_SIM_04,Black,28.000000,az,0.166310
TRIAL_Black_SIM_04,Black,29.000000,az,0.174731
TRIAL_Black_SIM_04,Black,30.000000,az,0.183705
TRIAL_Black_SIM_04,Black,31.000000,az,0.193342
TRIAL_Black_SIM_04,Black,32.000000,az,0.202531
TRIAL_Black_SIM_04,Black,33.000000,az,0.209700
TRIAL_Black_SIM_04,Black,34.000000,az,0.216870
TRIAL_Black_SIM_04,Black,35.000000,az,0.219539
TRIAL_Black_SIM_04,Black,36.000000,az,0.221758
TRIAL_Black_SIM_04,Black,37.000000,az,0.224536
TRIAL_Black_SIM_04,Black,38.000000,az,0.227634
TRIAL_Black_SIM_04,Black,39.000000,az,0.230768
TRIAL_Black_SIM_04,Black,40.000000,az,0.233967
TRIAL_Black_SIM_04,Black,41.000000,az,0.236467
TRIAL_Black_SIM_04,Black,42.000000,az,0.231983
TRIAL_Black_SIM_04,Black,43.000000,az,0.227499
TRIAL_Black_SIM_04,Black,44.000000,az,0.216421
TRIAL_Black_SIM_04,Black,45.000000,az,0.203878
TRIAL_Black_SIM_04,Black,46.000000,az,0.189308
TRIAL_Black_SIM_04,Black,47.000000,az,0.173049
TRIAL_Black_SIM_04,Black,48.000000,az,0.157138
TRIAL_Black_SIM_04,Black,49.000000,az,0.142154
TRIAL_Black_SIM_04,Black,50.000000,az,0.127171
TRIAL_Black_SIM_04,Black,51.000000,az,0.110400
TRIAL_Black_SIM_04,Black,52.000000,az,0.093630
TRIAL_Black_SIM_04,Black,53.000000,az,0.076319
TRIAL_Black_SIM_04,Black,54.000000,az,0.058805
TRIAL_Black_SIM_04,Black,55.000000,az,0.038715
TRIAL_Black_SIM_04,Black,56.000000,az,0.015535
TRIAL_Black_SIM_04,Black,57.000000,az,-0.008078
TRIAL_Black_SIM_04,Black,58.000000,az,-0.033634
TRIAL_Black_SIM_04,Black,59.000000,az,-0.059190
TRIAL_Black_SIM_04,Black,60.000000,az,-0.083975
TRIAL_Black_SIM_04,Black,61.000000,az,-0.108684
TRIAL_Black_SIM_04,Black,62.000000,az,-0.128688
TRIAL_Black_SIM_04,Black,63.000000,az,-0.146002
TRIAL_Black_SIM_04,Black,64.000000,az,-0.161225
TRIAL_Black_SIM_04,Black,65.000000,az,-0.172787
TRIAL_Black_SIM_04,Black,66.000000,az,-0.184139
TRIAL_Black_SIM_04,Black,67.000000,az,-0.193390
TRIAL_Black_SIM_04,Black,68.000000,az,-0.202641
TRIAL_Black_SIM_04,Black,69.000000,az,-0.206302
TRIAL_Black_SIM_04,Black,70.000000,az,-0.208721
TRIAL_Black_SIM_04,Black,71.000000,az,-0.210377
TRIAL_Black_SIM_04,Black,72.000000,az,-0.211397
TRIAL_Black_SIM_04,Black,73.000000,az,-0.212085
TRIAL_Black_SIM_04,Black,74.000000,az,-0.211886
TRIAL_Black_SIM_04,Black,75.000000,az,-0.211688
TRIAL_Black_SIM_04,Black,76.000000,az,-0.215886
TRIAL_Black_SIM_04,Black,77.000000,az,-0.220083
TRIAL_Black_SIM_04,Black,78.000000,az,-0.221850
TRIAL_Black_SIM_04,Black,79.000000,az,-0.222705
TRIAL_Black_SIM_04,Black,80.000000,az,-0.221531
TRIAL_Black_SIM_04,Black,81.000000,az,-0.217921
TRIAL_Black_SIM_04,Black,82.000000,az,-0.213163
TRIAL_Black_SIM_04,Black,83.000000,az,-0.203234
TRIAL_Black_SIM_04,Black,84.000000,az,-0.193306
TRIAL_Black_SIM_04,Black,85.000000,az,-0.179414
TRIAL_Black_SIM_04,Black,86.000000,az,-0.165127
TRIAL_Black_SIM_04,Black,87.000000,az,-0.150303
TRIAL_Black_SIM_04,Black,88.000000,az,-0.135173
TRIAL_Black_SIM_04,Black,89.000000,az,-0.121185
TRIAL_Black_SIM_04,Black,90.000000,az,-0.109196
TRIAL_Black_SIM_04,Black,91.000000,az,-0.099112
TRIAL_Black_SIM_04,Black,92.000000,az,-0.108073
TRIAL_Black_SIM_04,Black,93.000000,az,-0.117035
TRIAL_Black_SIM_04,Black,94.000000,az,-0.118574
TRIAL_Black_SIM_04,Black,95.000000,az,-0.118465
TRIAL_Black_SIM_04,Black,96.000000,az,-0.107957
TRIAL_Black_SIM_04,Black,97.000000,az,-0.088783
TRIAL_Black_SIM_04,Black,98.000000,az,-0.072934
TRIAL_Black_SIM_04,Black,99.000000,az,-0.065947
TRIAL_Black_SIM_04,Black,100.000000,az,-0.058961
TRIAL_Black_SIM_05,Black,0.000000,object_area,4944.075386
TRIAL_Black_SIM_05,Black,1.000000,object_area,4955.286997
TRIAL_Black_SIM_05,Black,2.000000,object_area,4966.498608
TRIAL_Black_SIM_05,Black,3.000000,object_area,4981.985932
TRIAL_Black_SIM_05,Black,4.000000,object_area,4999.076648
TRIAL_Black_SIM_05,Black,5.000000,object_area,5022.236744
TRIAL_Black_SIM_05,Black,6.000000,object_area,5052.680095
TRIAL_Black_SIM_05,Black,7.000000,object_area,5084.388826
TRIAL_Black_SIM_05,Black,8.000000,object_area,5121.791761
TRIAL_Black_SIM_05,Black,9.000000,object_area,5159.194696
TRIAL_Black_SIM_05,Black,10.000000,object_area,5214.928747
TRIAL_Black_SIM_05,Black,11.000000,object_area,5272.495909
TRIAL_Black_SIM_05,Black,12.000000,object_area,5334.419455
TRIAL_Black_SIM_05,Black,13.000000,object_area,5398.832365
TRIAL_Black_SIM_05,Black,14.000000,object_area,5465.925789
TRIAL_Black_SIM_05,Black,15.000000,object_area,5537.710113
TRIAL_Black_SIM_05,Black,16.000000,object_area,5609.181952
TRIAL_Black_SIM_05,Black,17.000000,object_area,5677.528935
TRIAL_Black_SIM_05,Black,18.000000,object_area,5745.875919
TRIAL_Black_SIM_05,Black,19.000000,object_area,5821.183810
TRIAL_Black_SIM_05,Black,20.000000,object_area,5898.038569
TRIAL_Black_SIM_05,Black,21.000000,object_area,5978.251868
TRIAL_Black_SIM_05,Black,22.000000,object_area,6061.263950
TRIAL_Black_SIM_05,Black,23.000000,object_area,6147.809807
TRIAL_Black_SIM_05,Black,24.000000,object_area,6243.779060
TRIAL_Black_SIM_05,Black,25.000000,object_area,6339.748314
TRIAL_Black_SIM_05,Black,26.000000,object_area,6440.174365
TRIAL_Black_SIM_05,Black,27.000000,object_area,6540.600417
TRIAL_Black_SIM_05,Black,28.000000,object_area,6647.036216
TRIAL_Black_SIM_05,Black,29.000000,object_area,6755.725672
TRIAL_Black_SIM_05,Black,30.000000,object_area,6867.098248
TRIAL_Black_SIM_05,Black,31.000000,object_area,6981.690569
TRIAL_Black_SIM_05,Black,32.000000,object_area,7098.172539
TRIAL_Black_SIM_05,Black,33.000000,object_area,7223.157924
TRIAL_Black_SIM_05,Black,34.000000,object_area,7348.143310
TRIAL_Black_SIM_05,Black,35.000000,object_area,7474.396974
TRIAL_Black_SIM_05,Black,36.000000,object_area,7600.777466
TRIAL_Black_SIM_05,Black,37.000000,object_area,7727.902557
TRIAL_Black_SIM_05,Black,38.000000,object_area,7855.453131
TRIAL_Black_SIM_05,Black,39.000000,object_area,7982.455073
TRIAL_Black_SIM_05,Black,40.000000,object_area,8108.496907
TRIAL_Black_SIM_05,Black,41.000000,object_area,8234.976337
TRIAL_Black_SIM_05,Black,42.000000,object_area,8365.831723
TRIAL_Black_SIM_05,Black,43.000000,object_area,8496.687109
TRIAL_Black_SIM_05,Black,44.000000,object_area,8630.132312
TRIAL_Black_SIM_05,Black,45.000000,object_area,8764.153030
TRIAL_Black_SIM_05,Black,46.000000,object_area,8900.404069
TRIAL_Black_SIM_05,Black,47.000000,object_area,9038.513709
TRIAL_Black_SIM_05,Black,48.000000,object_area,9175.976030
TRIAL_Black_SIM_05,Black,49.000000,object_area,9311.712169
TRIAL_Black_SIM_05,Black,50.000000,object_area,9447.448308
TRIAL_Black_SIM_05,Black,51.000000,object_area,9581.464056
TRIAL_Black_SIM_05,Black,52.000000,object_area,9715.479804
TRIAL_Black_SIM_05,Black,53.000000,object_area,9847.900224
TRIAL_Black_SIM_05,Black,54.000000,object_area,9979.722395
TRIAL_Black_SIM_05,Black,55.000000,object_area,10111.188782
TRIAL_Black_SIM_05,Black,56.000000,object_area,10242.228227
TRIAL_Black_SIM_05,Black,57.000000,object_area,10373.783140
TRIAL_Black_SIM_05,Black,58.000000,object_area,10507.657663
TRIAL_Black_SIM_05,Black,59.000000,object_area,10641.532186
TRIAL_Black_SIM_05,Black,60.000000,object_area,10769.715401
TRIAL_Black_SIM_05,Black,61.000000,object_area,10897.329486
TRIAL_Black_SIM_05,Black,62.000000,object_area,11024.376833
TRIAL_Black_SIM_05,Black,63.000000,object_area,11151.100329
TRIAL_Black_SIM_05,Black,64.000000,object_area,11274.665909
TRIAL_Black_SIM_05,Black,65.000000,object_area,11392.705134
TRIAL_Black_SIM_05,Black,66.000000,object_area,11511.028302
TRIAL_Black_SIM_05,Black,67.000000,object_area,11632.190893
TRIAL_Black_SIM_05,Black,68.000000,object_area,11753.353484
TRIAL_Black_SIM_05,Black,69.000000,object_area,11871.765534
TRIAL_Black_SIM_05,Black,70.000000,object_area,11989.566353
TRIAL_Black_SIM_05,Black,71.000000,object_area,12105.556381
TRIAL_Black_SIM_05,Black,72.000000,object_area,12220.037416
TRIAL_Black_SIM_05,Black,73.000000,object_area,12331.566234
TRIAL_Black_SIM_05,Black,74.000000,object_area,12435.222476
TRIAL_Black_SIM_05,Black,75.000000,object_area,12538.878718
TRIAL_Black_SIM_05,Black,76.000000,object_area,12631.882703
TRIAL_Black_SIM_05,Black,77.000000,object_area,12724.886689
TRIAL_Black_SIM_05,Black,78.000000,object_area,12815.104829
TRIAL_Black_SIM_05,Black,79.000000,object_area,12904.278278
TRIAL_Black_SIM_05,Black,80.000000,object_area,12990.906936
TRIAL_Black_SIM_05,Black,81.000000,object_area,13074.481844
TRIAL_Black_SIM_05,Black,82.000000,object_area,13157.811383
TRIAL_Black_SIM_05,Black,83.000000,object_area,13240.036756
TRIAL_Black_SIM_05,Black,84.000000,object_area,13322.262129
TRIAL_Black_SIM_05,Black,85.000000,object_area,13391.269070
TRIAL_Black_SIM_05,Black,86.000000,object_area,13458.954167
TRIAL_Black_SIM_05,Black,87.000000,object_area,13521.684073
TRIAL_Black_SIM_05,Black,88.000000,object_area,13581.582442
TRIAL_Black_SIM_05,Black,89.000000,object_area,13637.402734
TRIAL_Black_SIM_05,Black,90.000000,object_area,13686.086394
TRIAL_Black_SIM_05,Black,91.000000,object_area,13734.114155
TRIAL_Black_SIM_05,Black,92.000000,object_area,13775.582929
TRIAL_Black_SIM_05,Black,93.000000,object_area,13817.051703
TRIAL_Black_SIM_05,Black,94.000000,object_area,13849.830825
TRIAL_Black_SIM_05,Black,95.000000,object_area,13880.678913
TRIAL_Black_SIM_05,Black,96.000000,object_area,13903.369209
TRIAL_Black_SIM_05,Black,97.000000,object_area,13919.261344
TRIAL_Black_SIM_05,Black,98.000000,object_area,13932.495075
TRIAL_Black_SIM_05,Black,99.000000,object_area,13938.639728
TRIAL_Black_SIM_05,Black,100.000000,object_area,13944.784381
TRIAL_Black_SIM_05,Black,0.000000,finger_width,18.454385
TRIAL_Black_SIM_05,Black,1.000000,finger_width,19.094224
TRIAL_Black_SIM_05,Black,2.000000,finger_width,19.734063
TRIAL_Black_SIM_05,Black,3.000000,finger_width,21.007840
TRIAL_Black_SIM_05,Black,4.000000,finger_width,22.519343
TRIAL_Black_SIM_05,Black,5.000000,finger_width,24.525416
TRIAL_Black_SIM_05,Black,6.000000,finger_width,27.124972
TRIAL_Black_SIM_05,Black,7.000000,finger_width,29.807028
TRIAL_Black_SIM_05,Black,8.000000,finger_width,32.860337
TRIAL_Black_SIM_05,Black,9.000000,finger_width,35.913645
TRIAL_Black_SIM_05,Black,10.000000,finger_width,39.861638
TRIAL_Black_SIM_05,Black,11.000000,finger_width,43.899099
TRIAL_Black_SIM_05,Black,12.000000,finger_width,48.187766
TRIAL_Black_SIM_05,Black,13.000000,finger_width,52.619979
TRIAL_Black_SIM_05,Black,14.000000,finger_width,57.303567
TRIAL_Black_SIM_05,Black,15.000000,finger_width,62.427062
TRIAL_Black_SIM_05,Black,16.000000,finger_width,67.560301
TRIAL_Black_SIM_05,Black,17.000000,finger_width,72.790988
TRIAL_Black_SIM_05,Black,18.000000,finger_width,78.021676
TRIAL_Black_SIM_05,Black,19.000000,finger_width,83.665055
TRIAL_Black_SIM_05,Black,20.000000,finger_width,89.400144
TRIAL_Black_SIM_05,Black,21.000000,finger_width,95.198366
TRIAL_Black_SIM_05,Black,22.000000,finger_width,101.049197
TRIAL_Black_SIM_05,Black,23.000000,finger_width,106.990495
TRIAL_Black_SIM_05,Black,24.000000,finger_width,113.173036
TRIAL_Black_SIM_05,Black,25.000000,finger_width,119.355577
TRIAL_Black_SIM_05,Black,26.000000,finger_width,125.431748
TRIAL_Black_SIM_05,Black,27.000000,finger_width,131.507919
TRIAL_Black_SIM_05,Black,28.000000,finger_width,137.525684
TRIAL_Black_SIM_05,Black,29.000000,finger_width,143.521547
TRIAL_Black_SIM_05,Black,30.000000,finger_width,149.406369
TRIAL_Black_SIM_05,Black,31.000000,finger_width,155.157944
TRIAL_Black_SIM_05,Black,32.000000,finger_width,160.866087
TRIAL_Black_SIM_05,Black,33.000000,finger_width,166.378787
TRIAL_Black_SIM_05,Black,34.000000,finger_width,171.891486
TRIAL_Black_SIM_05,Black,35.000000,finger_width,177.095975
TRIAL_Black_SIM_05,Black,36.000000,finger_width,182.269642
TRIAL_Black_SIM_05,Black,37.000000,finger_width,187.050297
TRIAL_Black_SIM_05,Black,38.000000,finger_width,191.606375
TRIAL_Black_SIM_05,Black,39.000000,finger_width,195.957221
TRIAL_Black_SIM_05,Black,40.000000,finger_width,199.948914
TRIAL_Black_SIM_05,Black,41.000000,finger_width,203.873533
TRIAL_Black_SIM_05,Black,42.000000,finger_width,207.127418
TRIAL_Black_SIM_05,Black,43.000000,finger_width,210.381303
TRIAL_Black_SIM_05,Black,44.000000,finger_width,213.216502
TRIAL_Black_SIM_05,Black,45.000000,finger_width,215.958659
TRIAL_Black_SIM_05,Black,46.000000,finger_width,218.232841
TRIAL_Black_SIM_05,Black,47.000000,finger_width,220.117044
TRIAL_Black_SIM_05,Black,48.000000,finger_width,221.777361
TRIAL_Black_SIM_05,Black,49.000000,finger_width,222.840648
TRIAL_Black_SIM_05,Black,50.000000,finger_width,223.903934
TRIAL_Black_SIM_05,Black,51.000000,finger_width,223.708303
TRIAL_Black_SIM_05,Black,52.000000,finger_width,223.512673
TRIAL_Black_SIM_05,Black,53.000000,finger_width,222.257522
TRIAL_Black_SIM_05,Black,54.000000,finger_width,220.605052
TRIAL_Black_SIM_05,Black,55.000000,finger_width,218.377436
TRIAL_Black_SIM_05,Black,56.000000,finger_width,215.459647
TRIAL_Black_SIM_05,Black,57.000000,finger_width,212.320224
TRIAL_Black_SIM_05,Black,58.000000,finger_width,208.183448
TRIAL_Black_SIM_05,Black,59.000000,finger_width,204.046673
TRIAL_Black_SIM_05,Black,60.000000,finger_width,199.269947
TRIAL_Black_SIM_05,Black,61.000000,finger_width,194.429226
TRIAL_Black_SIM_05,Black,62.000000,finger_width,189.256471
TRIAL_Black_SIM_05,Black,63.000000,finger_width,183.893983
TRIAL_Black_SIM_05,Black,64.000000,finger_width,178.581999
TRIAL_Black_SIM_05,Black,65.000000,finger_width,173.358400
TRIAL_Black_SIM_05,Black,66.000000,finger_width,168.129709
TRIAL_Black_SIM_05,Black,67.000000,finger_width,162.850108
TRIAL_Black_SIM_05,Black,68.000000,finger_width,157.570507
TRIAL_Black_SIM_05,Black,69.000000,finger_width,152.457866
TRIAL_Black_SIM_05,Black,70.000000,finger_width,147.382327
TRIAL_Black_SIM_05,Black,71.000000,finger_width,142.447752
TRIAL_Black_SIM_05,Black,72.000000,finger_width,137.630648
TRIAL_Black_SIM_05,Black,73.000000,finger_width,132.967980
TRIAL_Black_SIM_05,Black,74.000000,finger_width,128.717142
TRIAL_Black_SIM_05,Black,75.000000,finger_width,124.466304
TRIAL_Black_SIM_05,Black,76.000000,finger_width,121.028763
TRIAL_Black_SIM_05,Black,77.000000,finger_width,117.591222
TRIAL_Black_SIM_05,Black,78.000000,finger_width,114.903109
TRIAL_Black_SIM_05,Black,79.000000,finger_width,112.496031
TRIAL_Black_SIM_05,Black,80.000000,finger_width,110.751683
TRIAL_Black_SIM_05,Black,81.000000,finger_width,109.802613
TRIAL_Black_SIM_05,Black,82.000000,finger_width,109.001839
TRIAL_Black_SIM_05,Black,83.000000,finger_width,108.868396
TRIAL_Black_SIM_05,Black,84.000000,finger_width,108.734953
TRIAL_Black_SIM_05,Black,85.000000,finger_width,108.566689
TRIAL_Black_SIM_05,Black,86.000000,finger_width,108.394942
TRIAL_Black_SIM_05,Black,87.000000,finger_width,108.145701
TRIAL_Black_SIM_05,Black,88.000000,finger_width,107.852178
TRIAL_Black_SIM_05,Black,89.000000,finger_width,107.653464
TRIAL_Black_SIM_05,Black,90.000000,finger_width,107.620667
TRIAL_Black_SIM_05,Black,91.000000,finger_width,107.588533
TRIAL_Black_SIM_05,Black,92.000000,finger_width,107.563030
TRIAL_Black_SIM_05,Black,93.000000,finger_width,107.537526
TRIAL_Black_SIM_05,Black,94.000000,finger_width,107.512524
TRIAL_Black_SIM_05,Black,95.000000,finger_width,107.487634
TRIAL_Black_SIM_05,Black,96.000000,finger_width,107.425888
TRIAL_Black_SIM_05,Black,97.000000,finger_width,107.333428
TRIAL_Black_SIM_05,Black,98.000000,finger_width,107.281480
TRIAL_Black_SIM_05,Black,99.000000,finger_width,107.337561
TRIAL_Black_SIM_05,Black,100.000000,finger_width,107.393642
TRIAL_Black_SIM_05,Black,0.000000,velocity,0.008390
TRIAL_Black_SIM_05,Black,1.000000,velocity,0.009909
TRIAL_Black_SIM_05,Black,2.000000,velocity,0.011428
TRIAL_Black_SIM_05,Black,3.000000,velocity,0.013649
TRIAL_Black_SIM_05,Black,4.000000,velocity,0.016134
TRIAL_Black_SIM_05,Black,5.000000,velocity,0.018486
TRIAL_Black_SIM_05,Black,6.000000,velocity,0.020678
TRIAL_Black_SIM_05,Black,7.000000,velocity,0.022923
TRIAL_Black_SIM_05,Black,8.000000,velocity,0.025405
TRIAL_Black_SIM_05,Black,9.000000,velocity,0.027887
TRIAL_Black_SIM_05,Black,10.000000,velocity,0.032051
TRIAL_Black_SIM_05,Black,11.000000,velocity,0.036384
TRIAL_Black_SIM_05,Black,12.000000,velocity,0.041661
TRIAL_Black_SIM_05,Black,13.000000,velocity,0.047479
TRIAL_Black_SIM_05,Black,14.000000,velocity,0.054785
TRIAL_Black_SIM_05,Black,15.000000,velocity,0.064695
TRIAL_Black_SIM_05,Black,16.000000,velocity,0.074828
TRIAL_Black_SIM_05,Black,17.000000,velocity,0.087189
TRIAL_Black_SIM_05,Black,18.000000,velocity,0.099550
TRIAL_Black_SIM_05,Black,19.000000,velocity,0.113930
TRIAL_Black_SIM_05,Black,20.000000,velocity,0.128759
TRIAL_Black_SIM_05,Black,21.000000,velocity,0.144113
TRIAL_Black_SIM_05,Black,22.000000,velocity,0.159906
TRIAL_Black_SIM_05,Black,23.000000,velocity,0.176445
TRIAL_Black_SIM_05,Black,24.000000,velocity,0.194977
TRIAL_Black_SIM_05,Black,25.000000,velocity,0.213508
TRIAL_Black_SIM_05,Black,26.000000,velocity,0.235233
TRIAL_Black_SIM_05,Black,27.000000,velocity,0.256957
TRIAL_Black_SIM_05,Black,28.000000,velocity,0.280668
TRIAL_Black_SIM_05,Black,29.000000,velocity,0.305124
TRIAL_Black_SIM_05,Black,30.000000,velocity,0.329363
TRIAL_Black_SIM_05,Black,31.000000,velocity,0.353342
TRIAL_Black_SIM_05,Black,32.000000,velocity,0.377588
TRIAL_Black_SIM_05,Black,33.000000,velocity,0.403028
TRIAL_Black_SIM_05,Black,34.000000,velocity,0.428469
TRIAL_Black_SIM_05,Black,35.000000,velocity,0.453975
TRIAL_Black_SIM_05,Black,36.000000,velocity,0.479487
TRIAL_Black_SIM_05,Black,37.000000,velocity,0.506231
TRIAL_Black_SIM_05,Black,38.000000,velocity,0.533678
TRIAL_Black_SIM_05,Black,39.000000,velocity,0.560151
TRIAL_Black_SIM_05,Black,40.000000,velocity,0.584917
TRIAL_Black_SIM_05,Black,41.000000,velocity,0.609247
TRIAL_Black_SIM_05,Black,42.000000,velocity,0.629215
TRIAL_Black_SIM_05,Black,43.000000,velocity,0.649183
TRIAL_Black_SIM_05,Black,44.000000,velocity,0.664157
TRIAL_Black_SIM_05,Black,45.000000,velocity,0.678023
TRIAL_Black_SIM_05,Black,46.000000,velocity,0.688727
TRIAL_Black_SIM_05,Black,47.000000,velocity,0.696798
TRIAL_Black_SIM_05,Black,48.000000,velocity,0.703954
TRIAL_Black_SIM_05,Black,49.000000,velocity,0.708671
TRIAL_Black_SIM_05,Black,50.000000,velocity,0.713387
TRIAL_Black_SIM_05,Black,51.000000,velocity,0.713164
TRIAL_Black_SIM_05,Black,52.000000,velocity,0.712941
TRIAL_Black_SIM_05,Black,53.000000,velocity,0.708722
TRIAL_Black_SIM_05,Black,54.000000,velocity,0.703005
TRIAL_Black_SIM_05,Black,55.000000,velocity,0.694745
TRIAL_Black_SIM_05,Black,56.000000,velocity,0.683434
TRIAL_Black_SIM_05,Black,57.000000,velocity,0.671228
TRIAL_Black_SIM_05,Black,58.000000,velocity,0.654999
TRIAL_Black_SIM_05,Black,59.000000,velocity,0.638769
TRIAL_Black_SIM_05,Black,60.000000,velocity,0.618964
TRIAL_Black_SIM_05,Black,61.000000,velocity,0.598801
TRIAL_Black_SIM_05,Black,62.000000,velocity,0.575820
TRIAL_Black_SIM_05,Black,63.000000,velocity,0.551230
TRIAL_Black_SIM_05,Black,64.000000,velocity,0.525451
TRIAL_Black_SIM_05,Black,65.000000,velocity,0.497593
TRIAL_Black_SIM_05,Black,66.000000,velocity,0.469772
TRIAL_Black_SIM_05,Black,67.000000,velocity,0.442327
TRIAL_Black_SIM_05,Black,68.000000,velocity,0.414883
TRIAL_Black_SIM_05,Black,69.000000,velocity,0.389079
TRIAL_Black_SIM_05,Black,70.000000,velocity,0.363639
TRIAL_Black_SIM_05,Black,71.000000,velocity,0.339841
TRIAL_Black_SIM_05,Black,72.000000,velocity,0.317411
TRIAL_Black_SIM_05,Black,73.000000,velocity,0.294990
TRIAL_Black_SIM_05,Black,74.000000,velocity,0.272593
TRIAL_Black_SIM_05,Black,75.000000,velocity,0.250196
TRIAL_Black_SIM_05,Black,76.000000,velocity,0.228887
TRIAL_Black_SIM_05,Black,77.000000,velocity,0.207578
TRIAL_Black_SIM_05,Black,78.000000,velocity,0.188445
TRIAL_Black_SIM_05,Black,79.000000,velocity,0.170128
TRIAL_Black_SIM_05,Black,80.000000,velocity,0.153676
TRIAL_Black_SIM_05,Black,81.000000,velocity,0.139463
TRIAL_Black_SIM_05,Black,82.000000,velocity,0.125854
TRIAL_Black_SIM_05,Black,83.000000,velocity,0.114966
TRIAL_Black_SIM_05,Black,84.000000,velocity,0.104077
TRIAL_Black_SIM_05,Black,85.000000,velocity,0.093194
TRIAL_Black_SIM_05,Black,86.000000,velocity,0.082312
TRIAL_Black_SIM_05,Black,87.000000,velocity,0.072750
TRIAL_Black_SIM_05,Black,88.000000,velocity,0.063941
TRIAL_Black_SIM_05,Black,89.000000,velocity,0.055705
TRIAL_Black_SIM_05,Black,90.000000,velocity,0.048471
TRIAL_Black_SIM_05,Black,91.000000,velocity,0.041488
TRIAL_Black_SIM_05,Black,92.000000,velocity,0.037016
TRIAL_Black_SIM_05,Black,93.000000,velocity,0.032544
TRIAL_Black_SIM_05,Black,94.000000,velocity,0.025877
TRIAL_Black_SIM_05,Black,95.000000,velocity,0.018723
TRIAL_Black_SIM_05,Black,96.000000,velocity,0.013235
TRIAL_Black_SIM_05,Black,97.000000,velocity,0.009137
TRIAL_Black_SIM_05,Black,98.000000,velocity,0.005495
TRIAL_Black_SIM_05,Black,99.000000,velocity,0.003072
TRIAL_Black_SIM_05,Black,100.000000,velocity,0.000648
TRIAL_Black_SIM_05,Black,0.000000,acceleration_mag,0.135879
TRIAL_Black_SIM_05,Black,1.000000,acceleration_mag,0.136630
TRIAL_Black_SIM_05,Black,2.000000,acceleration_mag,0.137382
TRIAL_Black_SIM_05,Black,3.000000,acceleration_mag,0.145613
TRIAL_Black_SIM_05,Black,4.000000,acceleration_mag,0.156648
TRIAL_Black_SIM_05,Black,5.000000,acceleration_mag,0.162602
TRIAL_Black_SIM_05,Black,6.000000,acceleration_mag,0.162456
TRIAL_Black_SIM_05,Black,7.000000,acceleration_mag,0.168209
TRIAL_Black_SIM_05,Black,8.000000,acceleration_mag,0.200501
TRIAL_Black_SIM_05,Black,9.000000,acceleration_mag,0.232794
TRIAL_Black_SIM_05,Black,10.000000,acceleration_mag,0.280640
TRIAL_Black_SIM_05,Black,11.000000,acceleration_mag,0.330041
TRIAL_Black_SIM_05,Black,12.000000,acceleration_mag,0.401460
TRIAL_Black_SIM_05,Black,13.000000,acceleration_mag,0.485459
TRIAL_Black_SIM_05,Black,14.000000,acceleration_mag,0.574371
TRIAL_Black_SIM_05,Black,15.000000,acceleration_mag,0.671880
TRIAL_Black_SIM_05,Black,16.000000,acceleration_mag,0.767183
TRIAL_Black_SIM_05,Black,17.000000,acceleration_mag,0.840434
TRIAL_Black_SIM_05,Black,18.000000,acceleration_mag,0.913686
TRIAL_Black_SIM_05,Black,19.000000,acceleration_mag,0.968112
TRIAL_Black_SIM_05,Black,20.000000,acceleration_mag,1.018354
TRIAL_Black_SIM_05,Black,21.000000,acceleration_mag,1.071264
TRIAL_Black_SIM_05,Black,22.000000,acceleration_mag,1.126395
TRIAL_Black_SIM_05,Black,23.000000,acceleration_mag,1.190757
TRIAL_Black_SIM_05,Black,24.000000,acceleration_mag,1.279734
TRIAL_Black_SIM_05,Black,25.000000,acceleration_mag,1.368711
TRIAL_Black_SIM_05,Black,26.000000,acceleration_mag,1.458003
TRIAL_Black_SIM_05,Black,27.000000,acceleration_mag,1.547294
TRIAL_Black_SIM_05,Black,28.000000,acceleration_mag,1.596497
TRIAL_Black_SIM_05,Black,29.000000,acceleration_mag,1.630666
TRIAL_Black_SIM_05,Black,30.000000,acceleration_mag,1.656410
TRIAL_Black_SIM_05,Black,31.000000,acceleration_mag,1.672044
TRIAL_Black_SIM_05,Black,32.000000,acceleration_mag,1.689104
TRIAL_Black_SIM_05,Black,33.000000,acceleration_mag,1.712586
TRIAL_Black_SIM_05,Black,34.000000,acceleration_mag,1.736068
TRIAL_Black_SIM_05,Black,35.000000,acceleration_mag,1.766287
TRIAL_Black_SIM_05,Black,36.000000,acceleration_mag,1.797179
TRIAL_Black_SIM_05,Black,37.000000,acceleration_mag,1.801018
TRIAL_Black_SIM_05,Black,38.000000,acceleration_mag,1.789398
TRIAL_Black_SIM_05,Black,39.000000,acceleration_mag,1.741402
TRIAL_Black_SIM_05,Black,40.000000,acceleration_mag,1.629746
TRIAL_Black_SIM_05,Black,41.000000,acceleration_mag,1.513332
TRIAL_Black_SIM_05,Black,42.000000,acceleration_mag,1.349331
TRIAL_Black_SIM_05,Black,43.000000,acceleration_mag,1.185330
TRIAL_Black_SIM_05,Black,44.000000,acceleration_mag,1.009891
TRIAL_Black_SIM_05,Black,45.000000,acceleration_mag,0.831910
TRIAL_Black_SIM_05,Black,46.000000,acceleration_mag,0.676143
TRIAL_Black_SIM_05,Black,47.000000,acceleration_mag,0.538887
TRIAL_Black_SIM_05,Black,48.000000,acceleration_mag,0.405467
TRIAL_Black_SIM_05,Black,49.000000,acceleration_mag,0.282278
TRIAL_Black_SIM_05,Black,50.000000,acceleration_mag,0.159088
TRIAL_Black_SIM_05,Black,51.000000,acceleration_mag,0.177688
TRIAL_Black_SIM_05,Black,52.000000,acceleration_mag,0.196288
TRIAL_Black_SIM_05,Black,53.000000,acceleration_mag,0.322760
TRIAL_Black_SIM_05,Black,54.000000,acceleration_mag,0.489683
TRIAL_Black_SIM_05,Black,55.000000,acceleration_mag,0.652933
TRIAL_Black_SIM_05,Black,56.000000,acceleration_mag,0.811775
TRIAL_Black_SIM_05,Black,57.000000,acceleration_mag,0.965952
TRIAL_Black_SIM_05,Black,58.000000,acceleration_mag,1.099138
TRIAL_Black_SIM_05,Black,59.000000,acceleration_mag,1.232324
TRIAL_Black_SIM_05,Black,60.000000,acceleration_mag,1.357565
TRIAL_Black_SIM_05,Black,61.000000,acceleration_mag,1.482012
TRIAL_Black_SIM_05,Black,62.000000,acceleration_mag,1.600165
TRIAL_Black_SIM_05,Black,63.000000,acceleration_mag,1.714723
TRIAL_Black_SIM_05,Black,64.000000,acceleration_mag,1.803062
TRIAL_Black_SIM_05,Black,65.000000,acceleration_mag,1.845520
TRIAL_Black_SIM_05,Black,66.000000,acceleration_mag,1.880779
TRIAL_Black_SIM_05,Black,67.000000,acceleration_mag,1.844049
TRIAL_Black_SIM_05,Black,68.000000,acceleration_mag,1.807318
TRIAL_Black_SIM_05,Black,69.000000,acceleration_mag,1.739134
TRIAL_Black_SIM_05,Black,70.000000,acceleration_mag,1.663961
TRIAL_Black_SIM_05,Black,71.000000,acceleration_mag,1.604902
TRIAL_Black_SIM_05,Black,72.000000,acceleration_mag,1.559274
TRIAL_Black_SIM_05,Black,73.000000,acceleration_mag,1.521779
TRIAL_Black_SIM_05,Black,74.000000,acceleration_mag,1.505974
TRIAL_Black_SIM_05,Black,75.000000,acceleration_mag,1.490169
TRIAL_Black_SIM_05,Black,76.000000,acceleration_mag,1.428683
TRIAL_Black_SIM_05,Black,77.000000,acceleration_mag,1.367198
TRIAL_Black_SIM_05,Black,78.000000,acceleration_mag,1.273233
TRIAL_Black_SIM_05,Black,79.000000,acceleration_mag,1.167088
TRIAL_Black_SIM_05,Black,80.000000,acceleration_mag,1.058330
TRIAL_Black_SIM_05,Black,81.000000,acceleration_mag,0.946436
TRIAL_Black_SIM_05,Black,82.000000,acceleration_mag,0.846021
TRIAL_Black_SIM_05,Black,83.000000,acceleration_mag,0.797258
TRIAL_Black_SIM_05,Black,84.000000,acceleration_mag,0.748495
TRIAL_Black_SIM_05,Black,85.000000,acceleration_mag,0.716084
TRIAL_Black_SIM_05,Black,86.000000,acceleration_mag,0.685309
TRIAL_Black_SIM_05,Black,87.000000,acceleration_mag,0.639600
TRIAL_Black_SIM_05,Black,88.000000,acceleration_mag,0.585357
TRIAL_Black_SIM_05,Black,89.000000,acceleration_mag,0.526776
TRIAL_Black_SIM_05,Black,90.000000,acceleration_mag,0.460605
TRIAL_Black_SIM_05,Black,91.000000,acceleration_mag,0.400271
TRIAL_Black_SIM_05,Black,92.000000,acceleration_mag,0.398319
TRIAL_Black_SIM_05,Black,93.000000,acceleration_mag,0.396366
TRIAL_Black_SIM_05,Black,94.000000,acceleration_mag,0.390890
TRIAL_Black_SIM_05,Black,95.000000,acceleration_mag,0.384630
TRIAL_Black_SIM_05,Black,96.000000,acceleration_mag,0.343205
TRIAL_Black_SIM_05,Black,97.000000,acceleration_mag,0.272475
TRIAL_Black_SIM_05,Black,98.000000,acceleration_mag,0.214150
TRIAL_Black_SIM_05,Black,99.000000,acceleration_mag,0.188905
TRIAL_Black_SIM_05,Black,100.000000,acceleration_mag,0.163661
TRIAL_Black_SIM_05,Black,0.000000,ax,0.134215
TRIAL_Black_SIM_05,Black,1.000000,ax,0.135203
TRIAL_Black_SIM_05,Black,2.000000,ax,0.136191
TRIAL_Black_SIM_05,Black,3.000000,ax,0.144600
TRIAL_Black_SIM_05,Black,4.000000,ax,0.155791
TRIAL_Black_SIM_05,Black,5.000000,ax,0.161819
TRIAL_Black_SIM_05,Black,6.000000,ax,0.161651
TRIAL_Black_SIM_05,Black,7.000000,ax,0.167336
TRIAL_Black_SIM_05,Black,8.000000,ax,0.199360
TRIAL_Black_SIM_05,Black,9.000000,ax,0.231385
TRIAL_Black_SIM_05,Black,10.000000,ax,0.278540
TRIAL_Black_SIM_05,Black,11.000000,ax,0.327208
TRIAL_Black_SIM_05,Black,12.000000,ax,0.397852
TRIAL_Black_SIM_05,Black,13.000000,ax,0.481054
TRIAL_Black_SIM_05,Black,14.000000,ax,0.568974
TRIAL_Black_SIM_05,Black,15.000000,ax,0.665152
TRIAL_Black_SIM_05,Black,16.000000,ax,0.759152
TRIAL_Black_SIM_05,Black,17.000000,ax,0.831376
TRIAL_Black_SIM_05,Black,18.000000,ax,0.903599
TRIAL_Black_SIM_05,Black,19.000000,ax,0.956944
TRIAL_Black_SIM_05,Black,20.000000,ax,1.006094
TRIAL_Black_SIM_05,Black,21.000000,ax,1.058073
TRIAL_Black_SIM_05,Black,22.000000,ax,1.112410
TRIAL_Black_SIM_05,Black,23.000000,ax,1.175927
TRIAL_Black_SIM_05,Black,24.000000,ax,1.263925
TRIAL_Black_SIM_05,Black,25.000000,ax,1.351923
TRIAL_Black_SIM_05,Black,26.000000,ax,1.440428
TRIAL_Black_SIM_05,Black,27.000000,ax,1.528933
TRIAL_Black_SIM_05,Black,28.000000,ax,1.577761
TRIAL_Black_SIM_05,Black,29.000000,ax,1.611710
TRIAL_Black_SIM_05,Black,30.000000,ax,1.637424
TRIAL_Black_SIM_05,Black,31.000000,ax,1.653256
TRIAL_Black_SIM_05,Black,32.000000,ax,1.670468
TRIAL_Black_SIM_05,Black,33.000000,ax,1.693890
TRIAL_Black_SIM_05,Black,34.000000,ax,1.717313
TRIAL_Black_SIM_05,Black,35.000000,ax,1.747506
TRIAL_Black_SIM_05,Black,36.000000,ax,1.778376
TRIAL_Black_SIM_05,Black,37.000000,ax,1.782161
TRIAL_Black_SIM_05,Black,38.000000,ax,1.770471
TRIAL_Black_SIM_05,Black,39.000000,ax,1.722945
TRIAL_Black_SIM_05,Black,40.000000,ax,1.612707
TRIAL_Black_SIM_05,Black,41.000000,ax,1.497723
TRIAL_Black_SIM_05,Black,42.000000,ax,1.335271
TRIAL_Black_SIM_05,Black,43.000000,ax,1.172820
TRIAL_Black_SIM_05,Black,44.000000,ax,0.999322
TRIAL_Black_SIM_05,Black,45.000000,ax,0.823369
TRIAL_Black_SIM_05,Black,46.000000,ax,0.669212
TRIAL_Black_SIM_05,Black,47.000000,ax,0.533218
TRIAL_Black_SIM_05,Black,48.000000,ax,0.400938
TRIAL_Black_SIM_05,Black,49.000000,ax,0.278563
TRIAL_Black_SIM_05,Black,50.000000,ax,0.156188
TRIAL_Black_SIM_05,Black,51.000000,ax,0.001229
TRIAL_Black_SIM_05,Black,52.000000,ax,-0.153730
TRIAL_Black_SIM_05,Black,53.000000,ax,-0.316865
TRIAL_Black_SIM_05,Black,54.000000,ax,-0.483065
TRIAL_Black_SIM_05,Black,55.000000,ax,-0.645414
TRIAL_Black_SIM_05,Black,56.000000,ax,-0.803142
TRIAL_Black_SIM_05,Black,57.000000,ax,-0.956183
TRIAL_Black_SIM_05,Black,58.000000,ax,-1.088129
TRIAL_Black_SIM_05,Black,59.000000,ax,-1.220075
TRIAL_Black_SIM_05,Black,60.000000,ax,-1.343629
TRIAL_Black_SIM_05,Black,61.000000,ax,-1.466344
TRIAL_Black_SIM_05,Black,62.000000,ax,-1.582838
TRIAL_Black_SIM_05,Black,63.000000,ax,-1.695776
TRIAL_Black_SIM_05,Black,64.000000,ax,-1.782859
TRIAL_Black_SIM_05,Black,65.000000,ax,-1.824694
TRIAL_Black_SIM_05,Black,66.000000,ax,-1.859405
TRIAL_Black_SIM_05,Black,67.000000,ax,-1.822879
TRIAL_Black_SIM_05,Black,68.000000,ax,-1.786353
TRIAL_Black_SIM_05,Black,69.000000,ax,-1.718898
TRIAL_Black_SIM_05,Black,70.000000,ax,-1.644570
TRIAL_Black_SIM_05,Black,71.000000,ax,-1.586169
TRIAL_Black_SIM_05,Black,72.000000,ax,-1.541039
TRIAL_Black_SIM_05,Black,73.000000,ax,-1.504073
TRIAL_Black_SIM_05,Black,74.000000,ax,-1.488875
TRIAL_Black_SIM_05,Black,75.000000,ax,-1.473677
TRIAL_Black_SIM_05,Black,76.000000,ax,-1.412737
TRIAL_Black_SIM_05,Black,77.000000,ax,-1.351797
TRIAL_Black_SIM_05,Black,78.000000,ax,-1.258925
TRIAL_Black_SIM_05,Black,79.000000,ax,-1.154078
TRIAL_Black_SIM_05,Black,80.000000,ax,-1.046502
TRIAL_Black_SIM_05,Black,81.000000,ax,-0.935649
TRIAL_Black_SIM_05,Black,82.000000,ax,-0.836276
TRIAL_Black_SIM_05,Black,83.000000,ax,-0.788556
TRIAL_Black_SIM_05,Black,84.000000,ax,-0.740837
TRIAL_Black_SIM_05,Black,85.000000,ax,-0.708976
TRIAL_Black_SIM_05,Black,86.000000,ax,-0.678701
TRIAL_Black_SIM_05,Black,87.000000,ax,-0.633663
TRIAL_Black_SIM_05,Black,88.000000,ax,-0.580190
TRIAL_Black_SIM_05,Black,89.000000,ax,-0.522213
TRIAL_Black_SIM_05,Black,90.000000,ax,-0.456357
TRIAL_Black_SIM_05,Black,91.000000,ax,-0.396283
TRIAL_Black_SIM_05,Black,92.000000,ax,-0.394025
TRIAL_Black_SIM_05,Black,93.000000,ax,-0.391767
TRIAL_Black_SIM_05,Black,94.000000,ax,-0.386031
TRIAL_Black_SIM_05,Black,95.000000,ax,-0.379522
TRIAL_Black_SIM_05,Black,96.000000,ax,-0.338478
TRIAL_Black_SIM_05,Black,97.000000,ax,-0.268656
TRIAL_Black_SIM_05,Black,98.000000,ax,-0.211050
TRIAL_Black_SIM_05,Black,99.000000,ax,-0.186022
TRIAL_Black_SIM_05,Black,100.000000,ax,-0.160994
TRIAL_Black_SIM_05,Black,0.000000,ay,-0.003236
TRIAL_Black_SIM_05,Black,1.000000,ay,-0.003071
TRIAL_Black_SIM_05,Black,2.000000,ay,-0.002905
TRIAL_Black_SIM_05,Black,3.000000,ay,-0.002947
TRIAL_Black_SIM_05,Black,4.000000,ay,-0.003067
TRIAL_Black_SIM_05,Black,5.000000,ay,-0.003047
TRIAL_Black_SIM_05,Black,6.000000,ay,-0.002860
TRIAL_Black_SIM_05,Black,7.000000,ay,-0.002789
TRIAL_Black_SIM_05,Black,8.000000,ay,-0.003242
TRIAL_Black_SIM_05,Black,9.000000,ay,-0.003694
TRIAL_Black_SIM_05,Black,10.000000,ay,-0.004327
TRIAL_Black_SIM_05,Black,11.000000,ay,-0.004978
TRIAL_Black_SIM_05,Black,12.000000,ay,-0.005884
TRIAL_Black_SIM_05,Black,13.000000,ay,-0.006935
TRIAL_Black_SIM_05,Black,14.000000,ay,-0.007957
TRIAL_Black_SIM_05,Black,15.000000,ay,-0.008926
TRIAL_Black_SIM_05,Black,16.000000,ay,-0.009829
TRIAL_Black_SIM_05,Black,17.000000,ay,-0.010055
TRIAL_Black_SIM_05,Black,18.000000,ay,-0.010282
TRIAL_Black_SIM_05,Black,19.000000,ay,-0.010022
TRIAL_Black_SIM_05,Black,20.000000,ay,-0.009654
TRIAL_Black_SIM_05,Black,21.000000,ay,-0.009209
TRIAL_Black_SIM_05,Black,22.000000,ay,-0.008698
TRIAL_Black_SIM_05,Black,23.000000,ay,-0.008239
TRIAL_Black_SIM_05,Black,24.000000,ay,-0.007916
TRIAL_Black_SIM_05,Black,25.000000,ay,-0.007593
TRIAL_Black_SIM_05,Black,26.000000,ay,-0.006959
TRIAL_Black_SIM_05,Black,27.000000,ay,-0.006325
TRIAL_Black_SIM_05,Black,28.000000,ay,-0.005124
TRIAL_Black_SIM_05,Black,29.000000,ay,-0.003711
TRIAL_Black_SIM_05,Black,30.000000,ay,-0.002164
TRIAL_Black_SIM_05,Black,31.000000,ay,-0.000457
TRIAL_Black_SIM_05,Black,32.000000,ay,0.001247
TRIAL_Black_SIM_05,Black,33.000000,ay,0.002944
TRIAL_Black_SIM_05,Black,34.000000,ay,0.004641
TRIAL_Black_SIM_05,Black,35.000000,ay,0.006403
TRIAL_Black_SIM_05,Black,36.000000,ay,0.008173
TRIAL_Black_SIM_05,Black,37.000000,ay,0.010096
TRIAL_Black_SIM_05,Black,38.000000,ay,0.012108
TRIAL_Black_SIM_05,Black,39.000000,ay,0.014179
TRIAL_Black_SIM_05,Black,40.000000,ay,0.016354
TRIAL_Black_SIM_05,Black,41.000000,ay,0.018499
TRIAL_Black_SIM_05,Black,42.000000,ay,0.020346
TRIAL_Black_SIM_05,Black,43.000000,ay,0.022193
TRIAL_Black_SIM_05,Black,44.000000,ay,0.023514
TRIAL_Black_SIM_05,Black,45.000000,ay,0.024719
TRIAL_Black_SIM_05,Black,46.000000,ay,0.025615
TRIAL_Black_SIM_05,Black,47.000000,ay,0.026255
TRIAL_Black_SIM_05,Black,48.000000,ay,0.026745
TRIAL_Black_SIM_05,Black,49.000000,ay,0.026839
TRIAL_Black_SIM_05,Black,50.000000,ay,0.026932
TRIAL_Black_SIM_05,Black,51.000000,ay,0.026458
TRIAL_Black_SIM_05,Black,52.000000,ay,0.025983
TRIAL_Black_SIM_05,Black,53.000000,ay,0.025076
TRIAL_Black_SIM_05,Black,54.000000,ay,0.024006
TRIAL_Black_SIM_05,Black,55.000000,ay,0.022680
TRIAL_Black_SIM_05,Black,56.000000,ay,0.021049
TRIAL_Black_SIM_05,Black,57.000000,ay,0.019339
TRIAL_Black_SIM_05,Black,58.000000,ay,0.017279
TRIAL_Black_SIM_05,Black,59.000000,ay,0.015219
TRIAL_Black_SIM_05,Black,60.000000,ay,0.012702
TRIAL_Black_SIM_05,Black,61.000000,ay,0.010139
TRIAL_Black_SIM_05,Black,62.000000,ay,0.007353
TRIAL_Black_SIM_05,Black,63.000000,ay,0.004439
TRIAL_Black_SIM_05,Black,64.000000,ay,0.001691
TRIAL_Black_SIM_05,Black,65.000000,ay,-0.000768
TRIAL_Black_SIM_05,Black,66.000000,ay,-0.003151
TRIAL_Black_SIM_05,Black,67.000000,ay,-0.004774
TRIAL_Black_SIM_05,Black,68.000000,ay,-0.006396
TRIAL_Black_SIM_05,Black,69.000000,ay,-0.007443
TRIAL_Black_SIM_05,Black,70.000000,ay,-0.008361
TRIAL_Black_SIM_05,Black,71.000000,ay,-0.009396
TRIAL_Black_SIM_05,Black,72.000000,ay,-0.010527
TRIAL_Black_SIM_05,Black,73.000000,ay,-0.011721
TRIAL_Black_SIM_05,Black,74.000000,ay,-0.013083
TRIAL_Black_SIM_05,Black,75.000000,ay,-0.014445
TRIAL_Black_SIM_05,Black,76.000000,ay,-0.014991
TRIAL_Black_SIM_05,Black,77.000000,ay,-0.015537
TRIAL_Black_SIM_05,Black,78.000000,ay,-0.015271
TRIAL_Black_SIM_05,Black,79.000000,ay,-0.014700
TRIAL_Black_SIM_05,Black,80.000000,ay,-0.013921
TRIAL_Black_SIM_05,Black,81.000000,ay,-0.012894
TRIAL_Black_SIM_05,Black,82.000000,ay,-0.012025
TRIAL_Black_SIM_05,Black,83.000000,ay,-0.011871
TRIAL_Black_SIM_05,Black,84.000000,ay,-0.011717
TRIAL_Black_SIM_05,Black,85.000000,ay,-0.011766
TRIAL_Black_SIM_05,Black,86.000000,ay,-0.011836
TRIAL_Black_SIM_05,Black,87.000000,ay,-0.011481
TRIAL_Black_SIM_05,Black,88.000000,ay,-0.010885
TRIAL_Black_SIM_05,Black,89.000000,ay,-0.010133
TRIAL_Black_SIM_05,Black,90.000000,ay,-0.009111
TRIAL_Black_SIM_05,Black,91.000000,ay,-0.008227
TRIAL_Black_SIM_05,Black,92.000000,ay,-0.008720
TRIAL_Black_SIM_05,Black,93.000000,ay,-0.009213
TRIAL_Black_SIM_05,Black,94.000000,ay,-0.009513
TRIAL_Black_SIM_05,Black,95.000000,ay,-0.009769
TRIAL_Black_SIM_05,Black,96.000000,ay,-0.008985
TRIAL_Black_SIM_05,Black,97.000000,ay,-0.007333
TRIAL_Black_SIM_05,Black,98.000000,ay,-0.005970
TRIAL_Black_SIM_05,Black,99.000000,ay,-0.005378
TRIAL_Black_SIM_05,Black,100.000000,ay,-0.004785
TRIAL_Black_SIM_05,Black,0.000000,az,0.020951
TRIAL_Black_SIM_05,Black,1.000000,az,0.019358
TRIAL_Black_SIM_05,Black,2.000000,az,0.017765
TRIAL_Black_SIM_05,Black,3.000000,az,0.016752
TRIAL_Black_SIM_05,Black,4.000000,az,0.015956
TRIAL_Black_SIM_05,Black,5.000000,az,0.015640
TRIAL_Black_SIM_05,Black,6.000000,az,0.015900
TRIAL_Black_SIM_05,Black,7.000000,az,0.016879
TRIAL_Black_SIM_05,Black,8.000000,az,0.021091
TRIAL_Black_SIM_05,Black,9.000000,az,0.025304
TRIAL_Black_SIM_05,Black,10.000000,az,0.033831
TRIAL_Black_SIM_05,Black,11.000000,az,0.042789
TRIAL_Black_SIM_05,Black,12.000000,az,0.053372
TRIAL_Black_SIM_05,Black,13.000000,az,0.064883
TRIAL_Black_SIM_05,Black,14.000000,az,0.078121
TRIAL_Black_SIM_05,Black,15.000000,az,0.094377
TRIAL_Black_SIM_05,Black,16.000000,az,0.110279
TRIAL_Black_SIM_05,Black,17.000000,az,0.122635
TRIAL_Black_SIM_05,Black,18.000000,az,0.134991
TRIAL_Black_SIM_05,Black,19.000000,az,0.146228
TRIAL_Black_SIM_05,Black,20.000000,az,0.157215
TRIAL_Black_SIM_05,Black,21.000000,az,0.167333
TRIAL_Black_SIM_05,Black,22.000000,az,0.176726
TRIAL_Black_SIM_05,Black,23.000000,az,0.187160
TRIAL_Black_SIM_05,Black,24.000000,az,0.200369
TRIAL_Black_SIM_05,Black,25.000000,az,0.213578
TRIAL_Black_SIM_05,Black,26.000000,az,0.225575
TRIAL_Black_SIM_05,Black,27.000000,az,0.237573
TRIAL_Black_SIM_05,Black,28.000000,az,0.243808
TRIAL_Black_SIM_05,Black,29.000000,az,0.247882
TRIAL_Black_SIM_05,Black,30.000000,az,0.250049
TRIAL_Black_SIM_05,Black,31.000000,az,0.249928
TRIAL_Black_SIM_05,Black,32.000000,az,0.250214
TRIAL_Black_SIM_05,Black,33.000000,az,0.252333
TRIAL_Black_SIM_05,Black,34.000000,az,0.254451
TRIAL_Black_SIM_05,Black,35.000000,az,0.256792
TRIAL_Black_SIM_05,Black,36.000000,az,0.259155
TRIAL_Black_SIM_05,Black,37.000000,az,0.259730
TRIAL_Black_SIM_05,Black,38.000000,az,0.259282
TRIAL_Black_SIM_05,Black,39.000000,az,0.252450
TRIAL_Black_SIM_05,Black,40.000000,az,0.234442
TRIAL_Black_SIM_05,Black,41.000000,az,0.215994
TRIAL_Black_SIM_05,Black,42.000000,az,0.193147
TRIAL_Black_SIM_05,Black,43.000000,az,0.170300
TRIAL_Black_SIM_05,Black,44.000000,az,0.143656
TRIAL_Black_SIM_05,Black,45.000000,az,0.116168
TRIAL_Black_SIM_05,Black,46.000000,az,0.092860
TRIAL_Black_SIM_05,Black,47.000000,az,0.073035
TRIAL_Black_SIM_05,Black,48.000000,az,0.053232
TRIAL_Black_SIM_05,Black,49.000000,az,0.033491
TRIAL_Black_SIM_05,Black,50.000000,az,0.013750
TRIAL_Black_SIM_05,Black,51.000000,az,-0.009140
TRIAL_Black_SIM_05,Black,52.000000,az,-0.032030
TRIAL_Black_SIM_05,Black,53.000000,az,-0.053827
TRIAL_Black_SIM_05,Black,54.000000,az,-0.075213
TRIAL_Black_SIM_05,Black,55.000000,az,-0.095957
TRIAL_Black_SIM_05,Black,56.000000,az,-0.115930
TRIAL_Black_SIM_05,Black,57.000000,az,-0.135636
TRIAL_Black_SIM_05,Black,58.000000,az,-0.154136
TRIAL_Black_SIM_05,Black,59.000000,az,-0.172636
TRIAL_Black_SIM_05,Black,60.000000,az,-0.193522
TRIAL_Black_SIM_05,Black,61.000000,az,-0.214647
TRIAL_Black_SIM_05,Black,62.000000,az,-0.234694
TRIAL_Black_SIM_05,Black,63.000000,az,-0.254124
TRIAL_Black_SIM_05,Black,64.000000,az,-0.269146
TRIAL_Black_SIM_05,Black,65.000000,az,-0.276453
TRIAL_Black_SIM_05,Black,66.000000,az,-0.282718
TRIAL_Black_SIM_05,Black,67.000000,az,-0.278562
TRIAL_Black_SIM_05,Black,68.000000,az,-0.274407
TRIAL_Black_SIM_05,Black,69.000000,az,-0.264423
TRIAL_Black_SIM_05,Black,70.000000,az,-0.253144
TRIAL_Black_SIM_05,Black,71.000000,az,-0.244314
TRIAL_Black_SIM_05,Black,72.000000,az,-0.237525
TRIAL_Black_SIM_05,Black,73.000000,az,-0.231151
TRIAL_Black_SIM_05,Black,74.000000,az,-0.225883
TRIAL_Black_SIM_05,Black,75.000000,az,-0.220614
TRIAL_Black_SIM_05,Black,76.000000,az,-0.212327
TRIAL_Black_SIM_05,Black,77.000000,az,-0.204040
TRIAL_Black_SIM_05,Black,78.000000,az,-0.189724
TRIAL_Black_SIM_05,Black,79.000000,az,-0.173148
TRIAL_Black_SIM_05,Black,80.000000,az,-0.157164
TRIAL_Black_SIM_05,Black,81.000000,az,-0.141890
TRIAL_Black_SIM_05,Black,82.000000,az,-0.127456
TRIAL_Black_SIM_05,Black,83.000000,az,-0.116796
TRIAL_Black_SIM_05,Black,84.000000,az,-0.106137
TRIAL_Black_SIM_05,Black,85.000000,az,-0.099940
TRIAL_Black_SIM_05,Black,86.000000,az,-0.094189
TRIAL_Black_SIM_05,Black,87.000000,az,-0.086151
TRIAL_Black_SIM_05,Black,88.000000,az,-0.076804
TRIAL_Black_SIM_05,Black,89.000000,az,-0.068413
TRIAL_Black_SIM_05,Black,90.000000,az,-0.061694
TRIAL_Black_SIM_05,Black,91.000000,az,-0.055754
TRIAL_Black_SIM_05,Black,92.000000,az,-0.057616
TRIAL_Black_SIM_05,Black,93.000000,az,-0.059478
TRIAL_Black_SIM_05,Black,94.000000,az,-0.060656
TRIAL_Black_SIM_05,Black,95.000000,az,-0.061682
TRIAL_Black_SIM_05,Black,96.000000,az,-0.056046
TRIAL_Black_SIM_05,Black,97.000000,az,-0.044860
TRIAL_Black_SIM_05,Black,98.000000,az,-0.035801
TRIAL_Black_SIM_05,Black,99.000000,az,-0.032416
TRIAL_Black_SIM_05,Black,100.000000,az,-0.029032
TRIAL_Black_SIM_06,Black,0.000000,object_area,4939.513592
TRIAL_Black_SIM_06,Black,1.000000,object_area,4942.655476
TRIAL_Black_SIM_06,Black,2.000000,object_area,4945.797360
TRIAL_Black_SIM_06,Black,3.000000,object_area,4961.129058
TRIAL_Black_SIM_06,Black,4.000000,object_area,4981.031937
TRIAL_Black_SIM_06,Black,5.000000,object_area,5005.832394
TRIAL_Black_SIM_06,Black,6.000000,object_area,5036.509948
TRIAL_Black_SIM_06,Black,7.000000,object_area,5068.388602
TRIAL_Black_SIM_06,Black,8.000000,object_area,5105.672210
TRIAL_Black_SIM_06,Black,9.000000,object_area,5142.955819
TRIAL_Black_SIM_06,Black,10.000000,object_area,5187.669151
TRIAL_Black_SIM_06,Black,11.000000,object_area,5233.125455
TRIAL_Black_SIM_06,Black,12.000000,object_area,5281.931189
TRIAL_Black_SIM_06,Black,13.000000,object_area,5332.650884
TRIAL_Black_SIM_06,Black,14.000000,object_area,5387.754633
TRIAL_Black_SIM_06,Black,15.000000,object_area,5450.530479
TRIAL_Black_SIM_06,Black,16.000000,object_area,5513.695114
TRIAL_Black_SIM_06,Black,17.000000,object_area,5580.747633
TRIAL_Black_SIM_06,Black,18.000000,object_area,5647.800152
TRIAL_Black_SIM_06,Black,19.000000,object_area,5727.375823
TRIAL_Black_SIM_06,Black,20.000000,object_area,5809.734417
TRIAL_Black_SIM_06,Black,21.000000,object_area,5892.410049
TRIAL_Black_SIM_06,Black,22.000000,object_area,5975.349879
TRIAL_Black_SIM_06,Black,23.000000,object_area,6060.300221
TRIAL_Black_SIM_06,Black,24.000000,object_area,6150.611925
TRIAL_Black_SIM_06,Black,25.000000,object_area,6240.923629
TRIAL_Black_SIM_06,Black,26.000000,object_area,6330.429755
TRIAL_Black_SIM_06,Black,27.000000,object_area,6419.935880
TRIAL_Black_SIM_06,Black,28.000000,object_area,6519.422578
TRIAL_Black_SIM_06,Black,29.000000,object_area,6622.651991
TRIAL_Black_SIM_06,Black,30.000000,object_area,6728.147816
TRIAL_Black_SIM_06,Black,31.000000,object_area,6836.363337
TRIAL_Black_SIM_06,Black,32.000000,object_area,6945.579524
TRIAL_Black_SIM_06,Black,33.000000,object_area,7059.298711
TRIAL_Black_SIM_06,Black,34.000000,object_area,7173.017898
TRIAL_Black_SIM_06,Black,35.000000,object_area,7281.849214
TRIAL_Black_SIM_06,Black,36.000000,object_area,7390.191744
TRIAL_Black_SIM_06,Black,37.000000,object_area,7498.995022
TRIAL_Black_SIM_06,Black,38.000000,object_area,7608.061585
TRIAL_Black_SIM_06,Black,39.000000,object_area,7717.986547
TRIAL_Black_SIM_06,Black,40.000000,object_area,7829.413706
TRIAL_Black_SIM_06,Black,41.000000,object_area,7941.628034
TRIAL_Black_SIM_06,Black,42.000000,object_area,8061.714057
TRIAL_Black_SIM_06,Black,43.000000,object_area,8181.800081
TRIAL_Black_SIM_06,Black,44.000000,object_area,8308.431805
TRIAL_Black_SIM_06,Black,45.000000,object_area,8436.518129
TRIAL_Black_SIM_06,Black,46.000000,object_area,8565.264669
TRIAL_Black_SIM_06,Black,47.000000,object_area,8694.561389
TRIAL_Black_SIM_06,Black,48.000000,object_area,8823.209789
TRIAL_Black_SIM_06,Black,49.000000,object_area,8950.129334
TRIAL_Black_SIM_06,Black,50.000000,object_area,9077.048880
TRIAL_Black_SIM_06,Black,51.000000,object_area,9197.246156
TRIAL_Black_SIM_06,Black,52.000000,object_area,9317.443433
TRIAL_Black_SIM_06,Black,53.000000,object_area,9439.379182
TRIAL_Black_SIM_06,Black,54.000000,object_area,9561.966859
TRIAL_Black_SIM_06,Black,55.000000,object_area,9683.987784
TRIAL_Black_SIM_06,Black,56.000000,object_area,9805.328605
TRIAL_Black_SIM_06,Black,57.000000,object_area,9926.993460
TRIAL_Black_SIM_06,Black,58.000000,object_area,10050.116472
TRIAL_Black_SIM_06,Black,59.000000,object_area,10173.239483
TRIAL_Black_SIM_06,Black,60.000000,object_area,10288.412208
TRIAL_Black_SIM_06,Black,61.000000,object_area,10402.789904
TRIAL_Black_SIM_06,Black,62.000000,object_area,10515.512367
TRIAL_Black_SIM_06,Black,63.000000,object_area,10627.288982
TRIAL_Black_SIM_06,Black,64.000000,object_area,10737.721613
TRIAL_Black_SIM_06,Black,65.000000,object_area,10845.802271
TRIAL_Black_SIM_06,Black,66.000000,object_area,10954.324964
TRIAL_Black_SIM_06,Black,67.000000,object_area,11067.267997
TRIAL_Black_SIM_06,Black,68.000000,object_area,11180.211031
TRIAL_Black_SIM_06,Black,69.000000,object_area,11293.379658
TRIAL_Black_SIM_06,Black,70.000000,object_area,11406.598418
TRIAL_Black_SIM_06,Black,71.000000,object_area,11517.883759
TRIAL_Black_SIM_06,Black,72.000000,object_area,11627.557920
TRIAL_Black_SIM_06,Black,73.000000,object_area,11734.466206
TRIAL_Black_SIM_06,Black,74.000000,object_area,11833.998826
TRIAL_Black_SIM_06,Black,75.000000,object_area,11933.531446
TRIAL_Black_SIM_06,Black,76.000000,object_area,12020.295599
TRIAL_Black_SIM_06,Black,77.000000,object_area,12107.059751
TRIAL_Black_SIM_06,Black,78.000000,object_area,12188.088730
TRIAL_Black_SIM_06,Black,79.000000,object_area,12266.967018
TRIAL_Black_SIM_06,Black,80.000000,object_area,12343.665569
TRIAL_Black_SIM_06,Black,81.000000,object_area,12417.748436
TRIAL_Black_SIM_06,Black,82.000000,object_area,12490.454092
TRIAL_Black_SIM_06,Black,83.000000,object_area,12556.962300
TRIAL_Black_SIM_06,Black,84.000000,object_area,12623.470508
TRIAL_Black_SIM_06,Black,85.000000,object_area,12686.772087
TRIAL_Black_SIM_06,Black,86.000000,object_area,12749.753004
TRIAL_Black_SIM_06,Black,87.000000,object_area,12805.832756
TRIAL_Black_SIM_06,Black,88.000000,object_area,12857.968987
TRIAL_Black_SIM_06,Black,89.000000,object_area,12909.895241
TRIAL_Black_SIM_06,Black,90.000000,object_area,12961.454035
TRIAL_Black_SIM_06,Black,91.000000,object_area,13011.564251
TRIAL_Black_SIM_06,Black,92.000000,object_area,13047.188677
TRIAL_Black_SIM_06,Black,93.000000,object_area,13082.813104
TRIAL_Black_SIM_06,Black,94.000000,object_area,13112.539046
TRIAL_Black_SIM_06,Black,95.000000,object_area,13140.954214
TRIAL_Black_SIM_06,Black,96.000000,object_area,13160.795430
TRIAL_Black_SIM_06,Black,97.000000,object_area,13173.491687
TRIAL_Black_SIM_06,Black,98.000000,object_area,13184.289721
TRIAL_Black_SIM_06,Black,99.000000,object_area,13190.025829
TRIAL_Black_SIM_06,Black,100.000000,object_area,13195.761937
TRIAL_Black_SIM_06,Black,0.000000,finger_width,27.142831
TRIAL_Black_SIM_06,Black,1.000000,finger_width,27.090070
TRIAL_Black_SIM_06,Black,2.000000,finger_width,27.037308
TRIAL_Black_SIM_06,Black,3.000000,finger_width,27.981627
TRIAL_Black_SIM_06,Black,4.000000,finger_width,29.299849
TRIAL_Black_SIM_06,Black,5.000000,finger_width,31.169226
TRIAL_Black_SIM_06,Black,6.000000,finger_width,33.699987
TRIAL_Black_SIM_06,Black,7.000000,finger_width,36.421354
TRIAL_Black_SIM_06,Black,8.000000,finger_width,40.000449
TRIAL_Black_SIM_06,Black,9.000000,finger_width,43.579543
TRIAL_Black_SIM_06,Black,10.000000,finger_width,47.802204
TRIAL_Black_SIM_06,Black,11.000000,finger_width,52.089222
TRIAL_Black_SIM_06,Black,12.000000,finger_width,56.769596
TRIAL_Black_SIM_06,Black,13.000000,finger_width,61.674745
TRIAL_Black_SIM_06,Black,14.000000,finger_width,66.715391
TRIAL_Black_SIM_06,Black,15.000000,finger_width,71.993160
TRIAL_Black_SIM_06,Black,16.000000,finger_width,77.293242
TRIAL_Black_SIM_06,Black,17.000000,finger_width,82.816465
TRIAL_Black_SIM_06,Black,18.000000,finger_width,88.339688
TRIAL_Black_SIM_06,Black,19.000000,finger_width,93.931450
TRIAL_Black_SIM_06,Black,20.000000,finger_width,99.538444
TRIAL_Black_SIM_06,Black,21.000000,finger_width,105.301424
TRIAL_Black_SIM_06,Black,22.000000,finger_width,111.194392
TRIAL_Black_SIM_06,Black,23.000000,finger_width,117.137282
TRIAL_Black_SIM_06,Black,24.000000,finger_width,123.213298
TRIAL_Black_SIM_06,Black,25.000000,finger_width,129.289314
TRIAL_Black_SIM_06,Black,26.000000,finger_width,135.564656
TRIAL_Black_SIM_06,Black,27.000000,finger_width,141.839999
TRIAL_Black_SIM_06,Black,28.000000,finger_width,147.893924
TRIAL_Black_SIM_06,Black,29.000000,finger_width,153.864817
TRIAL_Black_SIM_06,Black,30.000000,finger_width,159.707072
TRIAL_Black_SIM_06,Black,31.000000,finger_width,165.394961
TRIAL_Black_SIM_06,Black,32.000000,finger_width,171.008410
TRIAL_Black_SIM_06,Black,33.000000,finger_width,176.286878
TRIAL_Black_SIM_06,Black,34.000000,finger_width,181.565347
TRIAL_Black_SIM_06,Black,35.000000,finger_width,186.598963
TRIAL_Black_SIM_06,Black,36.000000,finger_width,191.608094
TRIAL_Black_SIM_06,Black,37.000000,finger_width,196.291918
TRIAL_Black_SIM_06,Black,38.000000,finger_width,200.789854
TRIAL_Black_SIM_06,Black,39.000000,finger_width,205.019183
TRIAL_Black_SIM_06,Black,40.000000,finger_width,208.778452
TRIAL_Black_SIM_06,Black,41.000000,finger_width,212.469395
TRIAL_Black_SIM_06,Black,42.000000,finger_width,215.477067
TRIAL_Black_SIM_06,Black,43.000000,finger_width,218.484739
TRIAL_Black_SIM_06,Black,44.000000,finger_width,220.725836
TRIAL_Black_SIM_06,Black,45.000000,finger_width,222.796583
TRIAL_Black_SIM_06,Black,46.000000,finger_width,224.306833
TRIAL_Black_SIM_06,Black,47.000000,finger_width,225.350003
TRIAL_Black_SIM_06,Black,48.000000,finger_width,226.044472
TRIAL_Black_SIM_06,Black,49.000000,finger_width,225.809076
TRIAL_Black_SIM_06,Black,50.000000,finger_width,225.573680
TRIAL_Black_SIM_06,Black,51.000000,finger_width,223.981226
TRIAL_Black_SIM_06,Black,52.000000,finger_width,222.388772
TRIAL_Black_SIM_06,Black,53.000000,finger_width,220.019345
TRIAL_Black_SIM_06,Black,54.000000,finger_width,217.358554
TRIAL_Black_SIM_06,Black,55.000000,finger_width,214.360485
TRIAL_Black_SIM_06,Black,56.000000,finger_width,210.957682
TRIAL_Black_SIM_06,Black,57.000000,finger_width,207.443734
TRIAL_Black_SIM_06,Black,58.000000,finger_width,203.429628
TRIAL_Black_SIM_06,Black,59.000000,finger_width,199.415522
TRIAL_Black_SIM_06,Black,60.000000,finger_width,195.071158
TRIAL_Black_SIM_06,Black,61.000000,finger_width,190.693768
TRIAL_Black_SIM_06,Black,62.000000,finger_width,186.024439
TRIAL_Black_SIM_06,Black,63.000000,finger_width,181.188289
TRIAL_Black_SIM_06,Black,64.000000,finger_width,176.279860
TRIAL_Black_SIM_06,Black,65.000000,finger_width,171.244946
TRIAL_Black_SIM_06,Black,66.000000,finger_width,166.196340
TRIAL_Black_SIM_06,Black,67.000000,finger_width,161.010809
TRIAL_Black_SIM_06,Black,68.000000,finger_width,155.825278
TRIAL_Black_SIM_06,Black,69.000000,finger_width,150.982151
TRIAL_Black_SIM_06,Black,70.000000,finger_width,146.215115
TRIAL_Black_SIM_06,Black,71.000000,finger_width,141.767815
TRIAL_Black_SIM_06,Black,72.000000,finger_width,137.586964
TRIAL_Black_SIM_06,Black,73.000000,finger_width,133.624354
TRIAL_Black_SIM_06,Black,74.000000,finger_width,130.243723
TRIAL_Black_SIM_06,Black,75.000000,finger_width,126.863092
TRIAL_Black_SIM_06,Black,76.000000,finger_width,124.248278
TRIAL_Black_SIM_06,Black,77.000000,finger_width,121.633463
TRIAL_Black_SIM_06,Black,78.000000,finger_width,119.790564
TRIAL_Black_SIM_06,Black,79.000000,finger_width,118.237134
TRIAL_Black_SIM_06,Black,80.000000,finger_width,117.211298
TRIAL_Black_SIM_06,Black,81.000000,finger_width,116.818575
TRIAL_Black_SIM_06,Black,82.000000,finger_width,116.451156
TRIAL_Black_SIM_06,Black,83.000000,finger_width,116.197609
TRIAL_Black_SIM_06,Black,84.000000,finger_width,115.944061
TRIAL_Black_SIM_06,Black,85.000000,finger_width,115.706240
TRIAL_Black_SIM_06,Black,86.000000,finger_width,115.469991
TRIAL_Black_SIM_06,Black,87.000000,finger_width,115.263925
TRIAL_Black_SIM_06,Black,88.000000,finger_width,115.075106
TRIAL_Black_SIM_06,Black,89.000000,finger_width,114.993678
TRIAL_Black_SIM_06,Black,90.000000,finger_width,115.100186
TRIAL_Black_SIM_06,Black,91.000000,finger_width,115.182013
TRIAL_Black_SIM_06,Black,92.000000,finger_width,115.017035
TRIAL_Black_SIM_06,Black,93.000000,finger_width,114.852058
TRIAL_Black_SIM_06,Black,94.000000,finger_width,114.743123
TRIAL_Black_SIM_06,Black,95.000000,finger_width,114.646643
TRIAL_Black_SIM_06,Black,96.000000,finger_width,114.615808
TRIAL_Black_SIM_06,Black,97.000000,finger_width,114.639679
TRIAL_Black_SIM_06,Black,98.000000,finger_width,114.759223
TRIAL_Black_SIM_06,Black,99.000000,finger_width,115.133896
TRIAL_Black_SIM_06,Black,100.000000,finger_width,115.508568
TRIAL_Black_SIM_06,Black,0.000000,velocity,0.004198
TRIAL_Black_SIM_06,Black,1.000000,velocity,0.003614
TRIAL_Black_SIM_06,Black,2.000000,velocity,0.003029
TRIAL_Black_SIM_06,Black,3.000000,velocity,0.003061
TRIAL_Black_SIM_06,Black,4.000000,velocity,0.003323
TRIAL_Black_SIM_06,Black,5.000000,velocity,0.004487
TRIAL_Black_SIM_06,Black,6.000000,velocity,0.006734
TRIAL_Black_SIM_06,Black,7.000000,velocity,0.009051
TRIAL_Black_SIM_06,Black,8.000000,velocity,0.011682
TRIAL_Black_SIM_06,Black,9.000000,velocity,0.014312
TRIAL_Black_SIM_06,Black,10.000000,velocity,0.017351
TRIAL_Black_SIM_06,Black,11.000000,velocity,0.020432
TRIAL_Black_SIM_06,Black,12.000000,velocity,0.023852
TRIAL_Black_SIM_06,Black,13.000000,velocity,0.027467
TRIAL_Black_SIM_06,Black,14.000000,velocity,0.032231
TRIAL_Black_SIM_06,Black,15.000000,velocity,0.039008
TRIAL_Black_SIM_06,Black,16.000000,velocity,0.046060
TRIAL_Black_SIM_06,Black,17.000000,velocity,0.055860
TRIAL_Black_SIM_06,Black,18.000000,velocity,0.065660
TRIAL_Black_SIM_06,Black,19.000000,velocity,0.077615
TRIAL_Black_SIM_06,Black,20.000000,velocity,0.090048
TRIAL_Black_SIM_06,Black,21.000000,velocity,0.103610
TRIAL_Black_SIM_06,Black,22.000000,velocity,0.118111
TRIAL_Black_SIM_06,Black,23.000000,velocity,0.133227
TRIAL_Black_SIM_06,Black,24.000000,velocity,0.149983
TRIAL_Black_SIM_06,Black,25.000000,velocity,0.166739
TRIAL_Black_SIM_06,Black,26.000000,velocity,0.185342
TRIAL_Black_SIM_06,Black,27.000000,velocity,0.203945
TRIAL_Black_SIM_06,Black,28.000000,velocity,0.224683
TRIAL_Black_SIM_06,Black,29.000000,velocity,0.246220
TRIAL_Black_SIM_06,Black,30.000000,velocity,0.268548
TRIAL_Black_SIM_06,Black,31.000000,velocity,0.291823
TRIAL_Black_SIM_06,Black,32.000000,velocity,0.315378
TRIAL_Black_SIM_06,Black,33.000000,velocity,0.340195
TRIAL_Black_SIM_06,Black,34.000000,velocity,0.365012
TRIAL_Black_SIM_06,Black,35.000000,velocity,0.389686
TRIAL_Black_SIM_06,Black,36.000000,velocity,0.414347
TRIAL_Black_SIM_06,Black,37.000000,velocity,0.438517
TRIAL_Black_SIM_06,Black,38.000000,velocity,0.462408
TRIAL_Black_SIM_06,Black,39.000000,velocity,0.485921
TRIAL_Black_SIM_06,Black,40.000000,velocity,0.508773
TRIAL_Black_SIM_06,Black,41.000000,velocity,0.531445
TRIAL_Black_SIM_06,Black,42.000000,velocity,0.552327
TRIAL_Black_SIM_06,Black,43.000000,velocity,0.573209
TRIAL_Black_SIM_06,Black,44.000000,velocity,0.592158
TRIAL_Black_SIM_06,Black,45.000000,velocity,0.610677
TRIAL_Black_SIM_06,Black,46.000000,velocity,0.627246
TRIAL_Black_SIM_06,Black,47.000000,velocity,0.642189
TRIAL_Black_SIM_06,Black,48.000000,velocity,0.655269
TRIAL_Black_SIM_06,Black,49.000000,velocity,0.663379
TRIAL_Black_SIM_06,Black,50.000000,velocity,0.671489
TRIAL_Black_SIM_06,Black,51.000000,velocity,0.672108
TRIAL_Black_SIM_06,Black,52.000000,velocity,0.672727
TRIAL_Black_SIM_06,Black,53.000000,velocity,0.666695
TRIAL_Black_SIM_06,Black,54.000000,velocity,0.658169
TRIAL_Black_SIM_06,Black,55.000000,velocity,0.646993
TRIAL_Black_SIM_06,Black,56.000000,velocity,0.632639
TRIAL_Black_SIM_06,Black,57.000000,velocity,0.617467
TRIAL_Black_SIM_06,Black,58.000000,velocity,0.598614
TRIAL_Black_SIM_06,Black,59.000000,velocity,0.579761
TRIAL_Black_SIM_06,Black,60.000000,velocity,0.559103
TRIAL_Black_SIM_06,Black,61.000000,velocity,0.538265
TRIAL_Black_SIM_06,Black,62.000000,velocity,0.515497
TRIAL_Black_SIM_06,Black,63.000000,velocity,0.491625
TRIAL_Black_SIM_06,Black,64.000000,velocity,0.467214
TRIAL_Black_SIM_06,Black,65.000000,velocity,0.441860
TRIAL_Black_SIM_06,Black,66.000000,velocity,0.416371
TRIAL_Black_SIM_06,Black,67.000000,velocity,0.389534
TRIAL_Black_SIM_06,Black,68.000000,velocity,0.362697
TRIAL_Black_SIM_06,Black,69.000000,velocity,0.338446
TRIAL_Black_SIM_06,Black,70.000000,velocity,0.314770
TRIAL_Black_SIM_06,Black,71.000000,velocity,0.291847
TRIAL_Black_SIM_06,Black,72.000000,velocity,0.269551
TRIAL_Black_SIM_06,Black,73.000000,velocity,0.247997
TRIAL_Black_SIM_06,Black,74.000000,velocity,0.228420
TRIAL_Black_SIM_06,Black,75.000000,velocity,0.208843
TRIAL_Black_SIM_06,Black,76.000000,velocity,0.189854
TRIAL_Black_SIM_06,Black,77.000000,velocity,0.170866
TRIAL_Black_SIM_06,Black,78.000000,velocity,0.153879
TRIAL_Black_SIM_06,Black,79.000000,velocity,0.137644
TRIAL_Black_SIM_06,Black,80.000000,velocity,0.122809
TRIAL_Black_SIM_06,Black,81.000000,velocity,0.109656
TRIAL_Black_SIM_06,Black,82.000000,velocity,0.097065
TRIAL_Black_SIM_06,Black,83.000000,velocity,0.087007
TRIAL_Black_SIM_06,Black,84.000000,velocity,0.076948
TRIAL_Black_SIM_06,Black,85.000000,velocity,0.068540
TRIAL_Black_SIM_06,Black,86.000000,velocity,0.060297
TRIAL_Black_SIM_06,Black,87.000000,velocity,0.052916
TRIAL_Black_SIM_06,Black,88.000000,velocity,0.046026
TRIAL_Black_SIM_06,Black,89.000000,velocity,0.039413
TRIAL_Black_SIM_06,Black,90.000000,velocity,0.033282
TRIAL_Black_SIM_06,Black,91.000000,velocity,0.027332
TRIAL_Black_SIM_06,Black,92.000000,velocity,0.023196
TRIAL_Black_SIM_06,Black,93.000000,velocity,0.019059
TRIAL_Black_SIM_06,Black,94.000000,velocity,0.014598
TRIAL_Black_SIM_06,Black,95.000000,velocity,0.010065
TRIAL_Black_SIM_06,Black,96.000000,velocity,0.006856
TRIAL_Black_SIM_06,Black,97.000000,velocity,0.004750
TRIAL_Black_SIM_06,Black,98.000000,velocity,0.002869
TRIAL_Black_SIM_06,Black,99.000000,velocity,0.001586
TRIAL_Black_SIM_06,Black,100.000000,velocity,0.000303
TRIAL_Black_SIM_06,Black,0.000000,acceleration_mag,0.034552
TRIAL_Black_SIM_06,Black,1.000000,acceleration_mag,0.028365
TRIAL_Black_SIM_06,Black,2.000000,acceleration_mag,0.022178
TRIAL_Black_SIM_06,Black,3.000000,acceleration_mag,0.040206
TRIAL_Black_SIM_06,Black,4.000000,acceleration_mag,0.067316
TRIAL_Black_SIM_06,Black,5.000000,acceleration_mag,0.098170
TRIAL_Black_SIM_06,Black,6.000000,acceleration_mag,0.133518
TRIAL_Black_SIM_06,Black,7.000000,acceleration_mag,0.164873
TRIAL_Black_SIM_06,Black,8.000000,acceleration_mag,0.178262
TRIAL_Black_SIM_06,Black,9.000000,acceleration_mag,0.191651
TRIAL_Black_SIM_06,Black,10.000000,acceleration_mag,0.206544
TRIAL_Black_SIM_06,Black,11.000000,acceleration_mag,0.221586
TRIAL_Black_SIM_06,Black,12.000000,acceleration_mag,0.263814
TRIAL_Black_SIM_06,Black,13.000000,acceleration_mag,0.321575
TRIAL_Black_SIM_06,Black,14.000000,acceleration_mag,0.392639
TRIAL_Black_SIM_06,Black,15.000000,acceleration_mag,0.486985
TRIAL_Black_SIM_06,Black,16.000000,acceleration_mag,0.580489
TRIAL_Black_SIM_06,Black,17.000000,acceleration_mag,0.665579
TRIAL_Black_SIM_06,Black,18.000000,acceleration_mag,0.750668
TRIAL_Black_SIM_06,Black,19.000000,acceleration_mag,0.822996
TRIAL_Black_SIM_06,Black,20.000000,acceleration_mag,0.892488
TRIAL_Black_SIM_06,Black,21.000000,acceleration_mag,0.958308
TRIAL_Black_SIM_06,Black,22.000000,acceleration_mag,1.021068
TRIAL_Black_SIM_06,Black,23.000000,acceleration_mag,1.083257
TRIAL_Black_SIM_06,Black,24.000000,acceleration_mag,1.143923
TRIAL_Black_SIM_06,Black,25.000000,acceleration_mag,1.204589
TRIAL_Black_SIM_06,Black,26.000000,acceleration_mag,1.274591
TRIAL_Black_SIM_06,Black,27.000000,acceleration_mag,1.344593
TRIAL_Black_SIM_06,Black,28.000000,acceleration_mag,1.414480
TRIAL_Black_SIM_06,Black,29.000000,acceleration_mag,1.484324
TRIAL_Black_SIM_06,Black,30.000000,acceleration_mag,1.544662
TRIAL_Black_SIM_06,Black,31.000000,acceleration_mag,1.593593
TRIAL_Black_SIM_06,Black,32.000000,acceleration_mag,1.637693
TRIAL_Black_SIM_06,Black,33.000000,acceleration_mag,1.660058
TRIAL_Black_SIM_06,Black,34.000000,acceleration_mag,1.682422
TRIAL_Black_SIM_06,Black,35.000000,acceleration_mag,1.673470
TRIAL_Black_SIM_06,Black,36.000000,acceleration_mag,1.661387
TRIAL_Black_SIM_06,Black,37.000000,acceleration_mag,1.640673
TRIAL_Black_SIM_06,Black,38.000000,acceleration_mag,1.615026
TRIAL_Black_SIM_06,Black,39.000000,acceleration_mag,1.582329
TRIAL_Black_SIM_06,Black,40.000000,acceleration_mag,1.537294
TRIAL_Black_SIM_06,Black,41.000000,acceleration_mag,1.490389
TRIAL_Black_SIM_06,Black,42.000000,acceleration_mag,1.424795
TRIAL_Black_SIM_06,Black,43.000000,acceleration_mag,1.359201
TRIAL_Black_SIM_06,Black,44.000000,acceleration_mag,1.273099
TRIAL_Black_SIM_06,Black,45.000000,acceleration_mag,1.182439
TRIAL_Black_SIM_06,Black,46.000000,acceleration_mag,1.055472
TRIAL_Black_SIM_06,Black,47.000000,acceleration_mag,0.898248
TRIAL_Black_SIM_06,Black,48.000000,acceleration_mag,0.725178
TRIAL_Black_SIM_06,Black,49.000000,acceleration_mag,0.509851
TRIAL_Black_SIM_06,Black,50.000000,acceleration_mag,0.294523
TRIAL_Black_SIM_06,Black,51.000000,acceleration_mag,0.284374
TRIAL_Black_SIM_06,Black,52.000000,acceleration_mag,0.274225
TRIAL_Black_SIM_06,Black,53.000000,acceleration_mag,0.433826
TRIAL_Black_SIM_06,Black,54.000000,acceleration_mag,0.657082
TRIAL_Black_SIM_06,Black,55.000000,acceleration_mag,0.849052
TRIAL_Black_SIM_06,Black,56.000000,acceleration_mag,1.003481
TRIAL_Black_SIM_06,Black,57.000000,acceleration_mag,1.147714
TRIAL_Black_SIM_06,Black,58.000000,acceleration_mag,1.246066
TRIAL_Black_SIM_06,Black,59.000000,acceleration_mag,1.344418
TRIAL_Black_SIM_06,Black,60.000000,acceleration_mag,1.421614
TRIAL_Black_SIM_06,Black,61.000000,acceleration_mag,1.496694
TRIAL_Black_SIM_06,Black,62.000000,acceleration_mag,1.566584
TRIAL_Black_SIM_06,Black,63.000000,acceleration_mag,1.633508
TRIAL_Black_SIM_06,Black,64.000000,acceleration_mag,1.691275
TRIAL_Black_SIM_06,Black,65.000000,acceleration_mag,1.733019
TRIAL_Black_SIM_06,Black,66.000000,acceleration_mag,1.768577
TRIAL_Black_SIM_06,Black,67.000000,acceleration_mag,1.742287
TRIAL_Black_SIM_06,Black,68.000000,acceleration_mag,1.715997
TRIAL_Black_SIM_06,Black,69.000000,acceleration_mag,1.655484
TRIAL_Black_SIM_06,Black,70.000000,acceleration_mag,1.587365
TRIAL_Black_SIM_06,Black,71.000000,acceleration_mag,1.523586
TRIAL_Black_SIM_06,Black,72.000000,acceleration_mag,1.463423
TRIAL_Black_SIM_06,Black,73.000000,acceleration_mag,1.406189
TRIAL_Black_SIM_06,Black,74.000000,acceleration_mag,1.356766
TRIAL_Black_SIM_06,Black,75.000000,acceleration_mag,1.307342
TRIAL_Black_SIM_06,Black,76.000000,acceleration_mag,1.257006
TRIAL_Black_SIM_06,Black,77.000000,acceleration_mag,1.206670
TRIAL_Black_SIM_06,Black,78.000000,acceleration_mag,1.129313
TRIAL_Black_SIM_06,Black,79.000000,acceleration_mag,1.041823
TRIAL_Black_SIM_06,Black,80.000000,acceleration_mag,0.952320
TRIAL_Black_SIM_06,Black,81.000000,acceleration_mag,0.860401
TRIAL_Black_SIM_06,Black,82.000000,acceleration_mag,0.772052
TRIAL_Black_SIM_06,Black,83.000000,acceleration_mag,0.699767
TRIAL_Black_SIM_06,Black,84.000000,acceleration_mag,0.627482
TRIAL_Black_SIM_06,Black,85.000000,acceleration_mag,0.579302
TRIAL_Black_SIM_06,Black,86.000000,acceleration_mag,0.533532
TRIAL_Black_SIM_06,Black,87.000000,acceleration_mag,0.497702
TRIAL_Black_SIM_06,Black,88.000000,acceleration_mag,0.467552
TRIAL_Black_SIM_06,Black,89.000000,acceleration_mag,0.433129
TRIAL_Black_SIM_06,Black,90.000000,acceleration_mag,0.391228
TRIAL_Black_SIM_06,Black,91.000000,acceleration_mag,0.350870
TRIAL_Black_SIM_06,Black,92.000000,acceleration_mag,0.325939
TRIAL_Black_SIM_06,Black,93.000000,acceleration_mag,0.301007
TRIAL_Black_SIM_06,Black,94.000000,acceleration_mag,0.270685
TRIAL_Black_SIM_06,Black,95.000000,acceleration_mag,0.239164
TRIAL_Black_SIM_06,Black,96.000000,acceleration_mag,0.198232
TRIAL_Black_SIM_06,Black,97.000000,acceleration_mag,0.149457
TRIAL_Black_SIM_06,Black,98.000000,acceleration_mag,0.110412
TRIAL_Black_SIM_06,Black,99.000000,acceleration_mag,0.097313
TRIAL_Black_SIM_06,Black,100.000000,acceleration_mag,0.084215
TRIAL_Black_SIM_06,Black,0.000000,ax,0.032899
TRIAL_Black_SIM_06,Black,1.000000,ax,0.011577
TRIAL_Black_SIM_06,Black,2.000000,ax,-0.009744
TRIAL_Black_SIM_06,Black,3.000000,ax,0.015592
TRIAL_Black_SIM_06,Black,4.000000,ax,0.058425
TRIAL_Black_SIM_06,Black,5.000000,ax,0.097709
TRIAL_Black_SIM_06,Black,6.000000,ax,0.132734
TRIAL_Black_SIM_06,Black,7.000000,ax,0.163766
TRIAL_Black_SIM_06,Black,8.000000,ax,0.176829
TRIAL_Black_SIM_06,Black,9.000000,ax,0.189892
TRIAL_Black_SIM_06,Black,10.000000,ax,0.204537
TRIAL_Black_SIM_06,Black,11.000000,ax,0.219340
TRIAL_Black_SIM_06,Black,12.000000,ax,0.260684
TRIAL_Black_SIM_06,Black,13.000000,ax,0.317194
TRIAL_Black_SIM_06,Black,14.000000,ax,0.386915
TRIAL_Black_SIM_06,Black,15.000000,ax,0.479754
TRIAL_Black_SIM_06,Black,16.000000,ax,0.571792
TRIAL_Black_SIM_06,Black,17.000000,ax,0.655824
TRIAL_Black_SIM_06,Black,18.000000,ax,0.739856
TRIAL_Black_SIM_06,Black,19.000000,ax,0.811533
TRIAL_Black_SIM_06,Black,20.000000,ax,0.880464
TRIAL_Black_SIM_06,Black,21.000000,ax,0.945899
TRIAL_Black_SIM_06,Black,22.000000,ax,1.008420
TRIAL_Black_SIM_06,Black,23.000000,ax,1.070288
TRIAL_Black_SIM_06,Black,24.000000,ax,1.130416
TRIAL_Black_SIM_06,Black,25.000000,ax,1.190543
TRIAL_Black_SIM_06,Black,26.000000,ax,1.260095
TRIAL_Black_SIM_06,Black,27.000000,ax,1.329647
TRIAL_Black_SIM_06,Black,28.000000,ax,1.398813
TRIAL_Black_SIM_06,Black,29.000000,ax,1.467833
TRIAL_Black_SIM_06,Black,30.000000,ax,1.527456
TRIAL_Black_SIM_06,Black,31.000000,ax,1.575801
TRIAL_Black_SIM_06,Black,32.000000,ax,1.619287
TRIAL_Black_SIM_06,Black,33.000000,ax,1.640909
TRIAL_Black_SIM_06,Black,34.000000,ax,1.662530
TRIAL_Black_SIM_06,Black,35.000000,ax,1.653136
TRIAL_Black_SIM_06,Black,36.000000,ax,1.640640
TRIAL_Black_SIM_06,Black,37.000000,ax,1.619659
TRIAL_Black_SIM_06,Black,38.000000,ax,1.593828
TRIAL_Black_SIM_06,Black,39.000000,ax,1.561163
TRIAL_Black_SIM_06,Black,40.000000,ax,1.516536
TRIAL_Black_SIM_06,Black,41.000000,ax,1.470080
TRIAL_Black_SIM_06,Black,42.000000,ax,1.405330
TRIAL_Black_SIM_06,Black,43.000000,ax,1.340581
TRIAL_Black_SIM_06,Black,44.000000,ax,1.255794
TRIAL_Black_SIM_06,Black,45.000000,ax,1.166554
TRIAL_Black_SIM_06,Black,46.000000,ax,1.041375
TRIAL_Black_SIM_06,Black,47.000000,ax,0.886246
TRIAL_Black_SIM_06,Black,48.000000,ax,0.715392
TRIAL_Black_SIM_06,Black,49.000000,ax,0.502604
TRIAL_Black_SIM_06,Black,50.000000,ax,0.289816
TRIAL_Black_SIM_06,Black,51.000000,ax,0.044320
TRIAL_Black_SIM_06,Black,52.000000,ax,-0.201176
TRIAL_Black_SIM_06,Black,53.000000,ax,-0.428893
TRIAL_Black_SIM_06,Black,54.000000,ax,-0.649942
TRIAL_Black_SIM_06,Black,55.000000,ax,-0.839897
TRIAL_Black_SIM_06,Black,56.000000,ax,-0.992536
TRIAL_Black_SIM_06,Black,57.000000,ax,-1.135027
TRIAL_Black_SIM_06,Black,58.000000,ax,-1.231851
TRIAL_Black_SIM_06,Black,59.000000,ax,-1.328675
TRIAL_Black_SIM_06,Black,60.000000,ax,-1.404863
TRIAL_Black_SIM_06,Black,61.000000,ax,-1.478988
TRIAL_Black_SIM_06,Black,62.000000,ax,-1.548073
TRIAL_Black_SIM_06,Black,63.000000,ax,-1.614277
TRIAL_Black_SIM_06,Black,64.000000,ax,-1.671607
TRIAL_Black_SIM_06,Black,65.000000,ax,-1.713407
TRIAL_Black_SIM_06,Black,66.000000,ax,-1.749063
TRIAL_Black_SIM_06,Black,67.000000,ax,-1.723284
TRIAL_Black_SIM_06,Black,68.000000,ax,-1.697505
TRIAL_Black_SIM_06,Black,69.000000,ax,-1.637717
TRIAL_Black_SIM_06,Black,70.000000,ax,-1.570371
TRIAL_Black_SIM_06,Black,71.000000,ax,-1.507141
TRIAL_Black_SIM_06,Black,72.000000,ax,-1.447340
TRIAL_Black_SIM_06,Black,73.000000,ax,-1.390508
TRIAL_Black_SIM_06,Black,74.000000,ax,-1.341592
TRIAL_Black_SIM_06,Black,75.000000,ax,-1.292676
TRIAL_Black_SIM_06,Black,76.000000,ax,-1.242967
TRIAL_Black_SIM_06,Black,77.000000,ax,-1.193258
TRIAL_Black_SIM_06,Black,78.000000,ax,-1.116846
TRIAL_Black_SIM_06,Black,79.000000,ax,-1.030420
TRIAL_Black_SIM_06,Black,80.000000,ax,-0.941939
TRIAL_Black_SIM_06,Black,81.000000,ax,-0.850990
TRIAL_Black_SIM_06,Black,82.000000,ax,-0.763537
TRIAL_Black_SIM_06,Black,83.000000,ax,-0.691819
TRIAL_Black_SIM_06,Black,84.000000,ax,-0.620100
TRIAL_Black_SIM_06,Black,85.000000,ax,-0.572069
TRIAL_Black_SIM_06,Black,86.000000,ax,-0.526406
TRIAL_Black_SIM_06,Black,87.000000,ax,-0.490577
TRIAL_Black_SIM_06,Black,88.000000,ax,-0.460365
TRIAL_Black_SIM_06,Black,89.000000,ax,-0.426161
TRIAL_Black_SIM_06,Black,90.000000,ax,-0.384969
TRIAL_Black_SIM_06,Black,91.000000,ax,-0.345309
TRIAL_Black_SIM_06,Black,92.000000,ax,-0.320962
TRIAL_Black_SIM_06,Black,93.000000,ax,-0.296616
TRIAL_Black_SIM_06,Black,94.000000,ax,-0.266971
TRIAL_Black_SIM_06,Black,95.000000,ax,-0.236149
TRIAL_Black_SIM_06,Black,96.000000,ax,-0.195897
TRIAL_Black_SIM_06,Black,97.000000,ax,-0.147788
TRIAL_Black_SIM_06,Black,98.000000,ax,-0.109318
TRIAL_Black_SIM_06,Black,99.000000,ax,-0.096555
TRIAL_Black_SIM_06,Black,100.000000,ax,-0.083791
TRIAL_Black_SIM_06,Black,0.000000,ay,-0.008035
TRIAL_Black_SIM_06,Black,1.000000,ay,-0.007534
TRIAL_Black_SIM_06,Black,2.000000,ay,-0.007034
TRIAL_Black_SIM_06,Black,3.000000,ay,-0.005312
TRIAL_Black_SIM_06,Black,4.000000,ay,-0.003132
TRIAL_Black_SIM_06,Black,5.000000,ay,-0.001590
TRIAL_Black_SIM_06,Black,6.000000,ay,-0.000812
TRIAL_Black_SIM_06,Black,7.000000,ay,0.000102
TRIAL_Black_SIM_06,Black,8.000000,ay,0.001629
TRIAL_Black_SIM_06,Black,9.000000,ay,0.003156
TRIAL_Black_SIM_06,Black,10.000000,ay,0.004135
TRIAL_Black_SIM_06,Black,11.000000,ay,0.005060
TRIAL_Black_SIM_06,Black,12.000000,ay,0.008116
TRIAL_Black_SIM_06,Black,13.000000,ay,0.012390
TRIAL_Black_SIM_06,Black,14.000000,ay,0.016823
TRIAL_Black_SIM_06,Black,15.000000,ay,0.021533
TRIAL_Black_SIM_06,Black,16.000000,ay,0.026128
TRIAL_Black_SIM_06,Black,17.000000,ay,0.029565
TRIAL_Black_SIM_06,Black,18.000000,ay,0.033003
TRIAL_Black_SIM_06,Black,19.000000,ay,0.035236
TRIAL_Black_SIM_06,Black,20.000000,ay,0.037202
TRIAL_Black_SIM_06,Black,21.000000,ay,0.038602
TRIAL_Black_SIM_06,Black,22.000000,ay,0.039530
TRIAL_Black_SIM_06,Black,23.000000,ay,0.040844
TRIAL_Black_SIM_06,Black,24.000000,ay,0.043185
TRIAL_Black_SIM_06,Black,25.000000,ay,0.045526
TRIAL_Black_SIM_06,Black,26.000000,ay,0.047542
TRIAL_Black_SIM_06,Black,27.000000,ay,0.049557
TRIAL_Black_SIM_06,Black,28.000000,ay,0.052881
TRIAL_Black_SIM_06,Black,29.000000,ay,0.056695
TRIAL_Black_SIM_06,Black,30.000000,ay,0.060267
TRIAL_Black_SIM_06,Black,31.000000,ay,0.063548
TRIAL_Black_SIM_06,Black,32.000000,ay,0.067020
TRIAL_Black_SIM_06,Black,33.000000,ay,0.071351
TRIAL_Black_SIM_06,Black,34.000000,ay,0.075681
TRIAL_Black_SIM_06,Black,35.000000,ay,0.079019
TRIAL_Black_SIM_06,Black,36.000000,ay,0.082258
TRIAL_Black_SIM_06,Black,37.000000,ay,0.084880
TRIAL_Black_SIM_06,Black,38.000000,ay,0.087149
TRIAL_Black_SIM_06,Black,39.000000,ay,0.088568
TRIAL_Black_SIM_06,Black,40.000000,ay,0.088500
TRIAL_Black_SIM_06,Black,41.000000,ay,0.088271
TRIAL_Black_SIM_06,Black,42.000000,ay,0.086432
TRIAL_Black_SIM_06,Black,43.000000,ay,0.084593
TRIAL_Black_SIM_06,Black,44.000000,ay,0.080812
TRIAL_Black_SIM_06,Black,45.000000,ay,0.076598
TRIAL_Black_SIM_06,Black,46.000000,ay,0.070755
TRIAL_Black_SIM_06,Black,47.000000,ay,0.063553
TRIAL_Black_SIM_06,Black,48.000000,ay,0.055557
TRIAL_Black_SIM_06,Black,49.000000,ay,0.045443
TRIAL_Black_SIM_06,Black,50.000000,ay,0.035328
TRIAL_Black_SIM_06,Black,51.000000,ay,0.024853
TRIAL_Black_SIM_06,Black,52.000000,ay,0.014379
TRIAL_Black_SIM_06,Black,53.000000,ay,0.003914
TRIAL_Black_SIM_06,Black,54.000000,ay,-0.006546
TRIAL_Black_SIM_06,Black,55.000000,ay,-0.016085
TRIAL_Black_SIM_06,Black,56.000000,ay,-0.024516
TRIAL_Black_SIM_06,Black,57.000000,ay,-0.032799
TRIAL_Black_SIM_06,Black,58.000000,ay,-0.040413
TRIAL_Black_SIM_06,Black,59.000000,ay,-0.048027
TRIAL_Black_SIM_06,Black,60.000000,ay,-0.053641
TRIAL_Black_SIM_06,Black,61.000000,ay,-0.059056
TRIAL_Black_SIM_06,Black,62.000000,ay,-0.063956
TRIAL_Black_SIM_06,Black,63.000000,ay,-0.068562
TRIAL_Black_SIM_06,Black,64.000000,ay,-0.072037
TRIAL_Black_SIM_06,Black,65.000000,ay,-0.073535
TRIAL_Black_SIM_06,Black,66.000000,ay,-0.074834
TRIAL_Black_SIM_06,Black,67.000000,ay,-0.074146
TRIAL_Black_SIM_06,Black,68.000000,ay,-0.073459
TRIAL_Black_SIM_06,Black,69.000000,ay,-0.071643
TRIAL_Black_SIM_06,Black,70.000000,ay,-0.069576
TRIAL_Black_SIM_06,Black,71.000000,ay,-0.068341
TRIAL_Black_SIM_06,Black,72.000000,ay,-0.067797
TRIAL_Black_SIM_06,Black,73.000000,ay,-0.067067
TRIAL_Black_SIM_06,Black,74.000000,ay,-0.065837
TRIAL_Black_SIM_06,Black,75.000000,ay,-0.064608
TRIAL_Black_SIM_06,Black,76.000000,ay,-0.062694
TRIAL_Black_SIM_06,Black,77.000000,ay,-0.060779
TRIAL_Black_SIM_06,Black,78.000000,ay,-0.057168
TRIAL_Black_SIM_06,Black,79.000000,ay,-0.052921
TRIAL_Black_SIM_06,Black,80.000000,ay,-0.048704
TRIAL_Black_SIM_06,Black,81.000000,ay,-0.044524
TRIAL_Black_SIM_06,Black,82.000000,ay,-0.040637
TRIAL_Black_SIM_06,Black,83.000000,ay,-0.038067
TRIAL_Black_SIM_06,Black,84.000000,ay,-0.035497
TRIAL_Black_SIM_06,Black,85.000000,ay,-0.034646
TRIAL_Black_SIM_06,Black,86.000000,ay,-0.033968
TRIAL_Black_SIM_06,Black,87.000000,ay,-0.033694
TRIAL_Black_SIM_06,Black,88.000000,ay,-0.033651
TRIAL_Black_SIM_06,Black,89.000000,ay,-0.032510
TRIAL_Black_SIM_06,Black,90.000000,ay,-0.029448
TRIAL_Black_SIM_06,Black,91.000000,ay,-0.026455
TRIAL_Black_SIM_06,Black,92.000000,ay,-0.024150
TRIAL_Black_SIM_06,Black,93.000000,ay,-0.021846
TRIAL_Black_SIM_06,Black,94.000000,ay,-0.018948
TRIAL_Black_SIM_06,Black,95.000000,ay,-0.015918
TRIAL_Black_SIM_06,Black,96.000000,ay,-0.012684
TRIAL_Black_SIM_06,Black,97.000000,ay,-0.009278
TRIAL_Black_SIM_06,Black,98.000000,ay,-0.006335
TRIAL_Black_SIM_06,Black,99.000000,ay,-0.004621
TRIAL_Black_SIM_06,Black,100.000000,ay,-0.002908
TRIAL_Black_SIM_06,Black,0.000000,az,-0.006851
TRIAL_Black_SIM_06,Black,1.000000,az,-0.008857
TRIAL_Black_SIM_06,Black,2.000000,az,-0.010864
TRIAL_Black_SIM_06,Black,3.000000,az,-0.005548
TRIAL_Black_SIM_06,Black,4.000000,az,0.002514
TRIAL_Black_SIM_06,Black,5.000000,az,0.009214
TRIAL_Black_SIM_06,Black,6.000000,az,0.014277
TRIAL_Black_SIM_06,Black,7.000000,az,0.019026
TRIAL_Black_SIM_06,Black,8.000000,az,0.022359
TRIAL_Black_SIM_06,Black,9.000000,az,0.025692
TRIAL_Black_SIM_06,Black,10.000000,az,0.028404
TRIAL_Black_SIM_06,Black,11.000000,az,0.031054
TRIAL_Black_SIM_06,Black,12.000000,az,0.039511
TRIAL_Black_SIM_06,Black,13.000000,az,0.051287
TRIAL_Black_SIM_06,Black,14.000000,az,0.064648
TRIAL_Black_SIM_06,Black,15.000000,az,0.080785
TRIAL_Black_SIM_06,Black,16.000000,az,0.096635
TRIAL_Black_SIM_06,Black,17.000000,az,0.109610
TRIAL_Black_SIM_06,Black,18.000000,az,0.122585
TRIAL_Black_SIM_06,Black,19.000000,az,0.132245
TRIAL_Black_SIM_06,Black,20.000000,az,0.141169
TRIAL_Black_SIM_06,Black,21.000000,az,0.148750
TRIAL_Black_SIM_06,Black,22.000000,az,0.155214
TRIAL_Black_SIM_06,Black,23.000000,az,0.162046
TRIAL_Black_SIM_06,Black,24.000000,az,0.169864
TRIAL_Black_SIM_06,Black,25.000000,az,0.177681
TRIAL_Black_SIM_06,Black,26.000000,az,0.185678
TRIAL_Black_SIM_06,Black,27.000000,az,0.193674
TRIAL_Black_SIM_06,Black,28.000000,az,0.203172
TRIAL_Black_SIM_06,Black,29.000000,az,0.213232
TRIAL_Black_SIM_06,Black,30.000000,az,0.221870
TRIAL_Black_SIM_06,Black,31.000000,az,0.228799
TRIAL_Black_SIM_06,Black,32.000000,az,0.235479
TRIAL_Black_SIM_06,Black,33.000000,az,0.241033
TRIAL_Black_SIM_06,Black,34.000000,az,0.246588
TRIAL_Black_SIM_06,Black,35.000000,az,0.247739
TRIAL_Black_SIM_06,Black,36.000000,az,0.248449
TRIAL_Black_SIM_06,Black,37.000000,az,0.247567
TRIAL_Black_SIM_06,Black,38.000000,az,0.245777
TRIAL_Black_SIM_06,Black,39.000000,az,0.242251
TRIAL_Black_SIM_06,Black,40.000000,az,0.235690
TRIAL_Black_SIM_06,Black,41.000000,az,0.228766
TRIAL_Black_SIM_06,Black,42.000000,az,0.218203
TRIAL_Black_SIM_06,Black,43.000000,az,0.207640
TRIAL_Black_SIM_06,Black,44.000000,az,0.192938
TRIAL_Black_SIM_06,Black,45.000000,az,0.177317
TRIAL_Black_SIM_06,Black,46.000000,az,0.156643
TRIAL_Black_SIM_06,Black,47.000000,az,0.131757
TRIAL_Black_SIM_06,Black,48.000000,az,0.104671
TRIAL_Black_SIM_06,Black,49.000000,az,0.071717
TRIAL_Black_SIM_06,Black,50.000000,az,0.038763
TRIAL_Black_SIM_06,Black,51.000000,az,0.003763
TRIAL_Black_SIM_06,Black,52.000000,az,-0.031237
TRIAL_Black_SIM_06,Black,53.000000,az,-0.063902
TRIAL_Black_SIM_06,Black,54.000000,az,-0.095690
TRIAL_Black_SIM_06,Black,55.000000,az,-0.123225
TRIAL_Black_SIM_06,Black,56.000000,az,-0.145655
TRIAL_Black_SIM_06,Black,57.000000,az,-0.166959
TRIAL_Black_SIM_06,Black,58.000000,az,-0.183195
TRIAL_Black_SIM_06,Black,59.000000,az,-0.199431
TRIAL_Black_SIM_06,Black,60.000000,az,-0.210855
TRIAL_Black_SIM_06,Black,61.000000,az,-0.221798
TRIAL_Black_SIM_06,Black,62.000000,az,-0.231431
TRIAL_Black_SIM_06,Black,63.000000,az,-0.240316
TRIAL_Black_SIM_06,Black,64.000000,az,-0.246867
TRIAL_Black_SIM_06,Black,65.000000,az,-0.249333
TRIAL_Black_SIM_06,Black,66.000000,az,-0.251083
TRIAL_Black_SIM_06,Black,67.000000,az,-0.245671
TRIAL_Black_SIM_06,Black,68.000000,az,-0.240260
TRIAL_Black_SIM_06,Black,69.000000,az,-0.231031
TRIAL_Black_SIM_06,Black,70.000000,az,-0.220954
TRIAL_Black_SIM_06,Black,71.000000,az,-0.212518
TRIAL_Black_SIM_06,Black,72.000000,az,-0.205450
TRIAL_Black_SIM_06,Black,73.000000,az,-0.198385
TRIAL_Black_SIM_06,Black,74.000000,az,-0.191332
TRIAL_Black_SIM_06,Black,75.000000,az,-0.184278
TRIAL_Black_SIM_06,Black,76.000000,az,-0.176538
TRIAL_Black_SIM_06,Black,77.000000,az,-0.168799
TRIAL_Black_SIM_06,Black,78.000000,az,-0.157270
TRIAL_Black_SIM_06,Black,79.000000,az,-0.144321
TRIAL_Black_SIM_06,Black,80.000000,az,-0.131504
TRIAL_Black_SIM_06,Black,81.000000,az,-0.118845
TRIAL_Black_SIM_06,Black,82.000000,az,-0.106876
TRIAL_Black_SIM_06,Black,83.000000,az,-0.098018
TRIAL_Black_SIM_06,Black,84.000000,az,-0.089159
TRIAL_Black_SIM_06,Black,85.000000,az,-0.084353
TRIAL_Black_SIM_06,Black,86.000000,az,-0.079951
TRIAL_Black_SIM_06,Black,87.000000,az,-0.076790
TRIAL_Black_SIM_06,Black,88.000000,az,-0.074337
TRIAL_Black_SIM_06,Black,89.000000,az,-0.070215
TRIAL_Black_SIM_06,Black,90.000000,az,-0.063172
TRIAL_Black_SIM_06,Black,91.000000,az,-0.056316
TRIAL_Black_SIM_06,Black,92.000000,az,-0.051325
TRIAL_Black_SIM_06,Black,93.000000,az,-0.046334
TRIAL_Black_SIM_06,Black,94.000000,az,-0.040424
TRIAL_Black_SIM_06,Black,95.000000,az,-0.034311
TRIAL_Black_SIM_06,Black,96.000000,az,-0.027545
TRIAL_Black_SIM_06,Black,97.000000,az,-0.020235
TRIAL_Black_SIM_06,Black,98.000000,az,-0.014079
TRIAL_Black_SIM_06,Black,99.000000,az,-0.011001
TRIAL_Black_SIM_06,Black,100.000000,az,-0.007922
TRIAL_Black_SIM_07,Black,0.000000,object_area,5250.669028
TRIAL_Black_SIM_07,Black,1.000000,object_area,5259.091416
TRIAL_Black_SIM_07,Black,2.000000,object_area,5267.513805
TRIAL_Black_SIM_07,Black,3.000000,object_area,5284.096605
TRIAL_Black_SIM_07,Black,4.000000,object_area,5303.739559
TRIAL_Black_SIM_07,Black,5.000000,object_area,5326.370846
TRIAL_Black_SIM_07,Black,6.000000,object_area,5352.588132
TRIAL_Black_SIM_07,Black,7.000000,object_area,5380.558666
TRIAL_Black_SIM_07,Black,8.000000,object_area,5416.418818
TRIAL_Black_SIM_07,Black,9.000000,object_area,5452.278971
TRIAL_Black_SIM_07,Black,10.000000,object_area,5490.822215
TRIAL_Black_SIM_07,Black,11.000000,object_area,5529.633768
TRIAL_Black_SIM_07,Black,12.000000,object_area,5575.973644
TRIAL_Black_SIM_07,Black,13.000000,object_area,5626.615418
TRIAL_Black_SIM_07,Black,14.000000,object_area,5678.466451
TRIAL_Black_SIM_07,Black,15.000000,object_area,5732.433686
TRIAL_Black_SIM_07,Black,16.000000,object_area,5786.881758
TRIAL_Black_SIM_07,Black,17.000000,object_area,5846.138206
TRIAL_Black_SIM_07,Black,18.000000,object_area,5905.394654
TRIAL_Black_SIM_07,Black,19.000000,object_area,5967.779710
TRIAL_Black_SIM_07,Black,20.000000,object_area,6030.860012
TRIAL_Black_SIM_07,Black,21.000000,object_area,6100.357794
TRIAL_Black_SIM_07,Black,22.000000,object_area,6175.203476
TRIAL_Black_SIM_07,Black,23.000000,object_area,6252.086787
TRIAL_Black_SIM_07,Black,24.000000,object_area,6334.403774
TRIAL_Black_SIM_07,Black,25.000000,object_area,6416.720762
TRIAL_Black_SIM_07,Black,26.000000,object_area,6505.550903
TRIAL_Black_SIM_07,Black,27.000000,object_area,6594.381044
TRIAL_Black_SIM_07,Black,28.000000,object_area,6684.100487
TRIAL_Black_SIM_07,Black,29.000000,object_area,6774.153418
TRIAL_Black_SIM_07,Black,30.000000,object_area,6868.121261
TRIAL_Black_SIM_07,Black,31.000000,object_area,6966.786998
TRIAL_Black_SIM_07,Black,32.000000,object_area,7065.708291
TRIAL_Black_SIM_07,Black,33.000000,object_area,7165.779584
TRIAL_Black_SIM_07,Black,34.000000,object_area,7265.850877
TRIAL_Black_SIM_07,Black,35.000000,object_area,7368.801986
TRIAL_Black_SIM_07,Black,36.000000,object_area,7472.041077
TRIAL_Black_SIM_07,Black,37.000000,object_area,7575.791325
TRIAL_Black_SIM_07,Black,38.000000,object_area,7679.833662
TRIAL_Black_SIM_07,Black,39.000000,object_area,7784.885755
TRIAL_Black_SIM_07,Black,40.000000,object_area,7891.704919
TRIAL_Black_SIM_07,Black,41.000000,object_area,7998.889182
TRIAL_Black_SIM_07,Black,42.000000,object_area,8109.724417
TRIAL_Black_SIM_07,Black,43.000000,object_area,8220.559653
TRIAL_Black_SIM_07,Black,44.000000,object_area,8333.622789
TRIAL_Black_SIM_07,Black,45.000000,object_area,8447.181013
TRIAL_Black_SIM_07,Black,46.000000,object_area,8563.091499
TRIAL_Black_SIM_07,Black,47.000000,object_area,8680.962204
TRIAL_Black_SIM_07,Black,48.000000,object_area,8798.539359
TRIAL_Black_SIM_07,Black,49.000000,object_area,8915.333719
TRIAL_Black_SIM_07,Black,50.000000,object_area,9032.128079
TRIAL_Black_SIM_07,Black,51.000000,object_area,9146.106415
TRIAL_Black_SIM_07,Black,52.000000,object_area,9260.084751
TRIAL_Black_SIM_07,Black,53.000000,object_area,9372.102421
TRIAL_Black_SIM_07,Black,54.000000,object_area,9483.384840
TRIAL_Black_SIM_07,Black,55.000000,object_area,9595.097365
TRIAL_Black_SIM_07,Black,56.000000,object_area,9707.326016
TRIAL_Black_SIM_07,Black,57.000000,object_area,9819.303211
TRIAL_Black_SIM_07,Black,58.000000,object_area,9930.148850
TRIAL_Black_SIM_07,Black,59.000000,object_area,10040.994490
TRIAL_Black_SIM_07,Black,60.000000,object_area,10146.113056
TRIAL_Black_SIM_07,Black,61.000000,object_area,10250.658915
TRIAL_Black_SIM_07,Black,62.000000,object_area,10352.436115
TRIAL_Black_SIM_07,Black,63.000000,object_area,10452.631223
TRIAL_Black_SIM_07,Black,64.000000,object_area,10553.071906
TRIAL_Black_SIM_07,Black,65.000000,object_area,10653.942345
TRIAL_Black_SIM_07,Black,66.000000,object_area,10755.164250
TRIAL_Black_SIM_07,Black,67.000000,object_area,10859.900827
TRIAL_Black_SIM_07,Black,68.000000,object_area,10964.637403
TRIAL_Black_SIM_07,Black,69.000000,object_area,11063.687343
TRIAL_Black_SIM_07,Black,70.000000,object_area,11161.473586
TRIAL_Black_SIM_07,Black,71.000000,object_area,11253.653525
TRIAL_Black_SIM_07,Black,72.000000,object_area,11341.161543
TRIAL_Black_SIM_07,Black,73.000000,object_area,11427.272271
TRIAL_Black_SIM_07,Black,74.000000,object_area,11509.656887
TRIAL_Black_SIM_07,Black,75.000000,object_area,11592.041503
TRIAL_Black_SIM_07,Black,76.000000,object_area,11673.102697
TRIAL_Black_SIM_07,Black,77.000000,object_area,11754.163891
TRIAL_Black_SIM_07,Black,78.000000,object_area,11835.871667
TRIAL_Black_SIM_07,Black,79.000000,object_area,11917.821911
TRIAL_Black_SIM_07,Black,80.000000,object_area,11995.668312
TRIAL_Black_SIM_07,Black,81.000000,object_area,12068.590101
TRIAL_Black_SIM_07,Black,82.000000,object_area,12140.558067
TRIAL_Black_SIM_07,Black,83.000000,object_area,12208.233827
TRIAL_Black_SIM_07,Black,84.000000,object_area,12275.909587
TRIAL_Black_SIM_07,Black,85.000000,object_area,12334.462370
TRIAL_Black_SIM_07,Black,86.000000,object_area,12392.102855
TRIAL_Black_SIM_07,Black,87.000000,object_area,12445.352208
TRIAL_Black_SIM_07,Black,88.000000,object_area,12496.092344
TRIAL_Black_SIM_07,Black,89.000000,object_area,12543.063857
TRIAL_Black_SIM_07,Black,90.000000,object_area,12583.440283
TRIAL_Black_SIM_07,Black,91.000000,object_area,12623.077323
TRIAL_Black_SIM_07,Black,92.000000,object_area,12655.320509
TRIAL_Black_SIM_07,Black,93.000000,object_area,12687.563695
TRIAL_Black_SIM_07,Black,94.000000,object_area,12711.622619
TRIAL_Black_SIM_07,Black,95.000000,object_area,12733.862819
TRIAL_Black_SIM_07,Black,96.000000,object_area,12751.885301
TRIAL_Black_SIM_07,Black,97.000000,object_area,12766.393018
TRIAL_Black_SIM_07,Black,98.000000,object_area,12778.162478
TRIAL_Black_SIM_07,Black,99.000000,object_area,12782.629918
TRIAL_Black_SIM_07,Black,100.000000,object_area,12787.097358
TRIAL_Black_SIM_07,Black,0.000000,finger_width,26.309486
TRIAL_Black_SIM_07,Black,1.000000,finger_width,27.131722
TRIAL_Black_SIM_07,Black,2.000000,finger_width,27.953959
TRIAL_Black_SIM_07,Black,3.000000,finger_width,29.591673
TRIAL_Black_SIM_07,Black,4.000000,finger_width,31.535191
TRIAL_Black_SIM_07,Black,5.000000,finger_width,33.893229
TRIAL_Black_SIM_07,Black,6.000000,finger_width,36.748690
TRIAL_Black_SIM_07,Black,7.000000,finger_width,39.728557
TRIAL_Black_SIM_07,Black,8.000000,finger_width,43.268245
TRIAL_Black_SIM_07,Black,9.000000,finger_width,46.807934
TRIAL_Black_SIM_07,Black,10.000000,finger_width,51.070118
TRIAL_Black_SIM_07,Black,11.000000,finger_width,55.404551
TRIAL_Black_SIM_07,Black,12.000000,finger_width,60.120638
TRIAL_Black_SIM_07,Black,13.000000,finger_width,65.054811
TRIAL_Black_SIM_07,Black,14.000000,finger_width,70.239376
TRIAL_Black_SIM_07,Black,15.000000,finger_width,75.862124
TRIAL_Black_SIM_07,Black,16.000000,finger_width,81.524785
TRIAL_Black_SIM_07,Black,17.000000,finger_width,87.586572
TRIAL_Black_SIM_07,Black,18.000000,finger_width,93.648359
TRIAL_Black_SIM_07,Black,19.000000,finger_width,99.953636
TRIAL_Black_SIM_07,Black,20.000000,finger_width,106.313021
TRIAL_Black_SIM_07,Black,21.000000,finger_width,112.737657
TRIAL_Black_SIM_07,Black,22.000000,finger_width,119.216668
TRIAL_Black_SIM_07,Black,23.000000,finger_width,125.686039
TRIAL_Black_SIM_07,Black,24.000000,finger_width,132.129702
TRIAL_Black_SIM_07,Black,25.000000,finger_width,138.573366
TRIAL_Black_SIM_07,Black,26.000000,finger_width,144.980824
TRIAL_Black_SIM_07,Black,27.000000,finger_width,151.388282
TRIAL_Black_SIM_07,Black,28.000000,finger_width,157.688591
TRIAL_Black_SIM_07,Black,29.000000,finger_width,163.948719
TRIAL_Black_SIM_07,Black,30.000000,finger_width,170.032348
TRIAL_Black_SIM_07,Black,31.000000,finger_width,175.904175
TRIAL_Black_SIM_07,Black,32.000000,finger_width,181.677531
TRIAL_Black_SIM_07,Black,33.000000,finger_width,187.007764
TRIAL_Black_SIM_07,Black,34.000000,finger_width,192.337996
TRIAL_Black_SIM_07,Black,35.000000,finger_width,196.912352
TRIAL_Black_SIM_07,Black,36.000000,finger_width,201.411120
TRIAL_Black_SIM_07,Black,37.000000,finger_width,205.432014
TRIAL_Black_SIM_07,Black,38.000000,finger_width,209.179838
TRIAL_Black_SIM_07,Black,39.000000,finger_width,212.648613
TRIAL_Black_SIM_07,Black,40.000000,finger_width,215.629056
TRIAL_Black_SIM_07,Black,41.000000,finger_width,218.532198
TRIAL_Black_SIM_07,Black,42.000000,finger_width,220.662338
TRIAL_Black_SIM_07,Black,43.000000,finger_width,222.792479
TRIAL_Black_SIM_07,Black,44.000000,finger_width,224.025924
TRIAL_Black_SIM_07,Black,45.000000,finger_width,225.060104
TRIAL_Black_SIM_07,Black,46.000000,finger_width,225.260678
TRIAL_Black_SIM_07,Black,47.000000,finger_width,224.766581
TRIAL_Black_SIM_07,Black,48.000000,finger_width,223.755805
TRIAL_Black_SIM_07,Black,49.000000,finger_width,221.367223
TRIAL_Black_SIM_07,Black,50.000000,finger_width,218.978641
TRIAL_Black_SIM_07,Black,51.000000,finger_width,215.231754
TRIAL_Black_SIM_07,Black,52.000000,finger_width,211.484867
TRIAL_Black_SIM_07,Black,53.000000,finger_width,206.858030
TRIAL_Black_SIM_07,Black,54.000000,finger_width,201.901212
TRIAL_Black_SIM_07,Black,55.000000,finger_width,196.553152
TRIAL_Black_SIM_07,Black,56.000000,finger_width,190.735603
TRIAL_Black_SIM_07,Black,57.000000,finger_width,184.794637
TRIAL_Black_SIM_07,Black,58.000000,finger_width,178.298295
TRIAL_Black_SIM_07,Black,59.000000,finger_width,171.801954
TRIAL_Black_SIM_07,Black,60.000000,finger_width,165.338886
TRIAL_Black_SIM_07,Black,61.000000,finger_width,158.879145
TRIAL_Black_SIM_07,Black,62.000000,finger_width,152.650269
TRIAL_Black_SIM_07,Black,63.000000,finger_width,146.553315
TRIAL_Black_SIM_07,Black,64.000000,finger_width,140.774308
TRIAL_Black_SIM_07,Black,65.000000,finger_width,135.551709
TRIAL_Black_SIM_07,Black,66.000000,finger_width,130.401974
TRIAL_Black_SIM_07,Black,67.000000,finger_width,125.980878
TRIAL_Black_SIM_07,Black,68.000000,finger_width,121.559782
TRIAL_Black_SIM_07,Black,69.000000,finger_width,118.133468
TRIAL_Black_SIM_07,Black,70.000000,finger_width,114.928218
TRIAL_Black_SIM_07,Black,71.000000,finger_width,112.422487
TRIAL_Black_SIM_07,Black,72.000000,finger_width,110.499689
TRIAL_Black_SIM_07,Black,73.000000,finger_width,109.028466
TRIAL_Black_SIM_07,Black,74.000000,finger_width,108.761443
TRIAL_Black_SIM_07,Black,75.000000,finger_width,108.494420
TRIAL_Black_SIM_07,Black,76.000000,finger_width,108.299840
TRIAL_Black_SIM_07,Black,77.000000,finger_width,108.105260
TRIAL_Black_SIM_07,Black,78.000000,finger_width,108.065201
TRIAL_Black_SIM_07,Black,79.000000,finger_width,108.083086
TRIAL_Black_SIM_07,Black,80.000000,finger_width,108.054339
TRIAL_Black_SIM_07,Black,81.000000,finger_width,107.969632
TRIAL_Black_SIM_07,Black,82.000000,finger_width,107.923861
TRIAL_Black_SIM_07,Black,83.000000,finger_width,108.053301
TRIAL_Black_SIM_07,Black,84.000000,finger_width,108.182741
TRIAL_Black_SIM_07,Black,85.000000,finger_width,108.208610
TRIAL_Black_SIM_07,Black,86.000000,finger_width,108.224121
TRIAL_Black_SIM_07,Black,87.000000,finger_width,108.311834
TRIAL_Black_SIM_07,Black,88.000000,finger_width,108.440805
TRIAL_Black_SIM_07,Black,89.000000,finger_width,108.517416
TRIAL_Black_SIM_07,Black,90.000000,finger_width,108.502398
TRIAL_Black_SIM_07,Black,91.000000,finger_width,108.475265
TRIAL_Black_SIM_07,Black,92.000000,finger_width,108.326990
TRIAL_Black_SIM_07,Black,93.000000,finger_width,108.178715
TRIAL_Black_SIM_07,Black,94.000000,finger_width,108.047432
TRIAL_Black_SIM_07,Black,95.000000,finger_width,107.919925
TRIAL_Black_SIM_07,Black,96.000000,finger_width,107.773334
TRIAL_Black_SIM_07,Black,97.000000,finger_width,107.610840
TRIAL_Black_SIM_07,Black,98.000000,finger_width,107.534172
TRIAL_Black_SIM_07,Black,99.000000,finger_width,107.686377
TRIAL_Black_SIM_07,Black,100.000000,finger_width,107.838581
TRIAL_Black_SIM_07,Black,0.000000,velocity,0.014059
TRIAL_Black_SIM_07,Black,1.000000,velocity,0.016883
TRIAL_Black_SIM_07,Black,2.000000,velocity,0.019708
TRIAL_Black_SIM_07,Black,3.000000,velocity,0.022843
TRIAL_Black_SIM_07,Black,4.000000,velocity,0.026094
TRIAL_Black_SIM_07,Black,5.000000,velocity,0.030049
TRIAL_Black_SIM_07,Black,6.000000,velocity,0.034846
TRIAL_Black_SIM_07,Black,7.000000,velocity,0.040033
TRIAL_Black_SIM_07,Black,8.000000,velocity,0.046977
TRIAL_Black_SIM_07,Black,9.000000,velocity,0.053921
TRIAL_Black_SIM_07,Black,10.000000,velocity,0.063984
TRIAL_Black_SIM_07,Black,11.000000,velocity,0.074358
TRIAL_Black_SIM_07,Black,12.000000,velocity,0.085682
TRIAL_Black_SIM_07,Black,13.000000,velocity,0.097547
TRIAL_Black_SIM_07,Black,14.000000,velocity,0.110041
TRIAL_Black_SIM_07,Black,15.000000,velocity,0.123634
TRIAL_Black_SIM_07,Black,16.000000,velocity,0.137259
TRIAL_Black_SIM_07,Black,17.000000,velocity,0.151196
TRIAL_Black_SIM_07,Black,18.000000,velocity,0.165132
TRIAL_Black_SIM_07,Black,19.000000,velocity,0.182260
TRIAL_Black_SIM_07,Black,20.000000,velocity,0.200098
TRIAL_Black_SIM_07,Black,21.000000,velocity,0.220004
TRIAL_Black_SIM_07,Black,22.000000,velocity,0.241633
TRIAL_Black_SIM_07,Black,23.000000,velocity,0.264228
TRIAL_Black_SIM_07,Black,24.000000,velocity,0.289397
TRIAL_Black_SIM_07,Black,25.000000,velocity,0.314565
TRIAL_Black_SIM_07,Black,26.000000,velocity,0.339484
TRIAL_Black_SIM_07,Black,27.000000,velocity,0.364404
TRIAL_Black_SIM_07,Black,28.000000,velocity,0.389039
TRIAL_Black_SIM_07,Black,29.000000,velocity,0.413568
TRIAL_Black_SIM_07,Black,30.000000,velocity,0.436947
TRIAL_Black_SIM_07,Black,31.000000,velocity,0.458944
TRIAL_Black_SIM_07,Black,32.000000,velocity,0.480705
TRIAL_Black_SIM_07,Black,33.000000,velocity,0.501404
TRIAL_Black_SIM_07,Black,34.000000,velocity,0.522102
TRIAL_Black_SIM_07,Black,35.000000,velocity,0.540778
TRIAL_Black_SIM_07,Black,36.000000,velocity,0.559251
TRIAL_Black_SIM_07,Black,37.000000,velocity,0.576640
TRIAL_Black_SIM_07,Black,38.000000,velocity,0.593411
TRIAL_Black_SIM_07,Black,39.000000,velocity,0.609153
TRIAL_Black_SIM_07,Black,40.000000,velocity,0.623096
TRIAL_Black_SIM_07,Black,41.000000,velocity,0.636532
TRIAL_Black_SIM_07,Black,42.000000,velocity,0.644905
TRIAL_Black_SIM_07,Black,43.000000,velocity,0.653278
TRIAL_Black_SIM_07,Black,44.000000,velocity,0.656729
TRIAL_Black_SIM_07,Black,45.000000,velocity,0.659087
TRIAL_Black_SIM_07,Black,46.000000,velocity,0.657748
TRIAL_Black_SIM_07,Black,47.000000,velocity,0.653328
TRIAL_Black_SIM_07,Black,48.000000,velocity,0.647662
TRIAL_Black_SIM_07,Black,49.000000,velocity,0.638672
TRIAL_Black_SIM_07,Black,50.000000,velocity,0.629682
TRIAL_Black_SIM_07,Black,51.000000,velocity,0.618684
TRIAL_Black_SIM_07,Black,52.000000,velocity,0.607686
TRIAL_Black_SIM_07,Black,53.000000,velocity,0.594068
TRIAL_Black_SIM_07,Black,54.000000,velocity,0.579467
TRIAL_Black_SIM_07,Black,55.000000,velocity,0.563680
TRIAL_Black_SIM_07,Black,56.000000,velocity,0.546469
TRIAL_Black_SIM_07,Black,57.000000,velocity,0.528054
TRIAL_Black_SIM_07,Black,58.000000,velocity,0.504218
TRIAL_Black_SIM_07,Black,59.000000,velocity,0.480382
TRIAL_Black_SIM_07,Black,60.000000,velocity,0.456484
TRIAL_Black_SIM_07,Black,61.000000,velocity,0.432580
TRIAL_Black_SIM_07,Black,62.000000,velocity,0.408041
TRIAL_Black_SIM_07,Black,63.000000,velocity,0.383137
TRIAL_Black_SIM_07,Black,64.000000,velocity,0.359384
TRIAL_Black_SIM_07,Black,65.000000,velocity,0.337643
TRIAL_Black_SIM_07,Black,66.000000,velocity,0.315893
TRIAL_Black_SIM_07,Black,67.000000,velocity,0.294044
TRIAL_Black_SIM_07,Black,68.000000,velocity,0.272195
TRIAL_Black_SIM_07,Black,69.000000,velocity,0.251892
TRIAL_Black_SIM_07,Black,70.000000,velocity,0.231933
TRIAL_Black_SIM_07,Black,71.000000,velocity,0.212919
TRIAL_Black_SIM_07,Black,72.000000,velocity,0.194691
TRIAL_Black_SIM_07,Black,73.000000,velocity,0.176880
TRIAL_Black_SIM_07,Black,74.000000,velocity,0.160181
TRIAL_Black_SIM_07,Black,75.000000,velocity,0.143483
TRIAL_Black_SIM_07,Black,76.000000,velocity,0.129338
TRIAL_Black_SIM_07,Black,77.000000,velocity,0.115194
TRIAL_Black_SIM_07,Black,78.000000,velocity,0.102223
TRIAL_Black_SIM_07,Black,79.000000,velocity,0.089692
TRIAL_Black_SIM_07,Black,80.000000,velocity,0.078651
TRIAL_Black_SIM_07,Black,81.000000,velocity,0.069397
TRIAL_Black_SIM_07,Black,82.000000,velocity,0.060416
TRIAL_Black_SIM_07,Black,83.000000,velocity,0.052668
TRIAL_Black_SIM_07,Black,84.000000,velocity,0.044919
TRIAL_Black_SIM_07,Black,85.000000,velocity,0.039783
TRIAL_Black_SIM_07,Black,86.000000,velocity,0.034907
TRIAL_Black_SIM_07,Black,87.000000,velocity,0.031001
TRIAL_Black_SIM_07,Black,88.000000,velocity,0.027650
TRIAL_Black_SIM_07,Black,89.000000,velocity,0.024926
TRIAL_Black_SIM_07,Black,90.000000,velocity,0.023302
TRIAL_Black_SIM_07,Black,91.000000,velocity,0.021716
TRIAL_Black_SIM_07,Black,92.000000,velocity,0.020509
TRIAL_Black_SIM_07,Black,93.000000,velocity,0.019302
TRIAL_Black_SIM_07,Black,94.000000,velocity,0.016036
TRIAL_Black_SIM_07,Black,95.000000,velocity,0.012313
TRIAL_Black_SIM_07,Black,96.000000,velocity,0.009078
TRIAL_Black_SIM_07,Black,97.000000,velocity,0.006248
TRIAL_Black_SIM_07,Black,98.000000,velocity,0.003722
TRIAL_Black_SIM_07,Black,99.000000,velocity,0.002004
TRIAL_Black_SIM_07,Black,100.000000,velocity,0.000286
TRIAL_Black_SIM_07,Black,0.000000,acceleration_mag,0.295010
TRIAL_Black_SIM_07,Black,1.000000,acceleration_mag,0.256631
TRIAL_Black_SIM_07,Black,2.000000,acceleration_mag,0.218252
TRIAL_Black_SIM_07,Black,3.000000,acceleration_mag,0.229224
TRIAL_Black_SIM_07,Black,4.000000,acceleration_mag,0.258703
TRIAL_Black_SIM_07,Black,5.000000,acceleration_mag,0.299937
TRIAL_Black_SIM_07,Black,6.000000,acceleration_mag,0.355278
TRIAL_Black_SIM_07,Black,7.000000,acceleration_mag,0.415774
TRIAL_Black_SIM_07,Black,8.000000,acceleration_mag,0.499467
TRIAL_Black_SIM_07,Black,9.000000,acceleration_mag,0.583160
TRIAL_Black_SIM_07,Black,10.000000,acceleration_mag,0.657961
TRIAL_Black_SIM_07,Black,11.000000,acceleration_mag,0.731873
TRIAL_Black_SIM_07,Black,12.000000,acceleration_mag,0.789407
TRIAL_Black_SIM_07,Black,13.000000,acceleration_mag,0.837582
TRIAL_Black_SIM_07,Black,14.000000,acceleration_mag,0.879428
TRIAL_Black_SIM_07,Black,15.000000,acceleration_mag,0.910196
TRIAL_Black_SIM_07,Black,16.000000,acceleration_mag,0.943915
TRIAL_Black_SIM_07,Black,17.000000,acceleration_mag,1.007148
TRIAL_Black_SIM_07,Black,18.000000,acceleration_mag,1.070381
TRIAL_Black_SIM_07,Black,19.000000,acceleration_mag,1.176202
TRIAL_Black_SIM_07,Black,20.000000,acceleration_mag,1.291486
TRIAL_Black_SIM_07,Black,21.000000,acceleration_mag,1.403885
TRIAL_Black_SIM_07,Black,22.000000,acceleration_mag,1.513878
TRIAL_Black_SIM_07,Black,23.000000,acceleration_mag,1.607432
TRIAL_Black_SIM_07,Black,24.000000,acceleration_mag,1.657151
TRIAL_Black_SIM_07,Black,25.000000,acceleration_mag,1.706870
TRIAL_Black_SIM_07,Black,26.000000,acceleration_mag,1.697543
TRIAL_Black_SIM_07,Black,27.000000,acceleration_mag,1.688216
TRIAL_Black_SIM_07,Black,28.000000,acceleration_mag,1.653880
TRIAL_Black_SIM_07,Black,29.000000,acceleration_mag,1.610166
TRIAL_Black_SIM_07,Black,30.000000,acceleration_mag,1.560169
TRIAL_Black_SIM_07,Black,31.000000,acceleration_mag,1.502633
TRIAL_Black_SIM_07,Black,32.000000,acceleration_mag,1.445928
TRIAL_Black_SIM_07,Black,33.000000,acceleration_mag,1.392961
TRIAL_Black_SIM_07,Black,34.000000,acceleration_mag,1.339993
TRIAL_Black_SIM_07,Black,35.000000,acceleration_mag,1.281538
TRIAL_Black_SIM_07,Black,36.000000,acceleration_mag,1.222534
TRIAL_Black_SIM_07,Black,37.000000,acceleration_mag,1.157721
TRIAL_Black_SIM_07,Black,38.000000,acceleration_mag,1.089587
TRIAL_Black_SIM_07,Black,39.000000,acceleration_mag,1.000415
TRIAL_Black_SIM_07,Black,40.000000,acceleration_mag,0.874426
TRIAL_Black_SIM_07,Black,41.000000,acceleration_mag,0.744128
TRIAL_Black_SIM_07,Black,42.000000,acceleration_mag,0.570749
TRIAL_Black_SIM_07,Black,43.000000,acceleration_mag,0.397369
TRIAL_Black_SIM_07,Black,44.000000,acceleration_mag,0.261097
TRIAL_Black_SIM_07,Black,45.000000,acceleration_mag,0.133071
TRIAL_Black_SIM_07,Black,46.000000,acceleration_mag,0.166699
TRIAL_Black_SIM_07,Black,47.000000,acceleration_mag,0.335039
TRIAL_Black_SIM_07,Black,48.000000,acceleration_mag,0.484334
TRIAL_Black_SIM_07,Black,49.000000,acceleration_mag,0.582845
TRIAL_Black_SIM_07,Black,50.000000,acceleration_mag,0.681357
TRIAL_Black_SIM_07,Black,51.000000,acceleration_mag,0.765420
TRIAL_Black_SIM_07,Black,52.000000,acceleration_mag,0.849484
TRIAL_Black_SIM_07,Black,53.000000,acceleration_mag,0.940334
TRIAL_Black_SIM_07,Black,54.000000,acceleration_mag,1.033729
TRIAL_Black_SIM_07,Black,55.000000,acceleration_mag,1.147717
TRIAL_Black_SIM_07,Black,56.000000,acceleration_mag,1.286416
TRIAL_Black_SIM_07,Black,57.000000,acceleration_mag,1.418157
TRIAL_Black_SIM_07,Black,58.000000,acceleration_mag,1.518588
TRIAL_Black_SIM_07,Black,59.000000,acceleration_mag,1.619019
TRIAL_Black_SIM_07,Black,60.000000,acceleration_mag,1.642473
TRIAL_Black_SIM_07,Black,61.000000,acceleration_mag,1.658230
TRIAL_Black_SIM_07,Black,62.000000,acceleration_mag,1.643151
TRIAL_Black_SIM_07,Black,63.000000,acceleration_mag,1.610451
TRIAL_Black_SIM_07,Black,64.000000,acceleration_mag,1.572977
TRIAL_Black_SIM_07,Black,65.000000,acceleration_mag,1.527147
TRIAL_Black_SIM_07,Black,66.000000,acceleration_mag,1.483053
TRIAL_Black_SIM_07,Black,67.000000,acceleration_mag,1.456329
TRIAL_Black_SIM_07,Black,68.000000,acceleration_mag,1.429606
TRIAL_Black_SIM_07,Black,69.000000,acceleration_mag,1.380409
TRIAL_Black_SIM_07,Black,70.000000,acceleration_mag,1.326220
TRIAL_Black_SIM_07,Black,71.000000,acceleration_mag,1.274918
TRIAL_Black_SIM_07,Black,72.000000,acceleration_mag,1.226024
TRIAL_Black_SIM_07,Black,73.000000,acceleration_mag,1.173810
TRIAL_Black_SIM_07,Black,74.000000,acceleration_mag,1.112742
TRIAL_Black_SIM_07,Black,75.000000,acceleration_mag,1.051673
TRIAL_Black_SIM_07,Black,76.000000,acceleration_mag,0.989210
TRIAL_Black_SIM_07,Black,77.000000,acceleration_mag,0.926747
TRIAL_Black_SIM_07,Black,78.000000,acceleration_mag,0.856445
TRIAL_Black_SIM_07,Black,79.000000,acceleration_mag,0.783204
TRIAL_Black_SIM_07,Black,80.000000,acceleration_mag,0.710569
TRIAL_Black_SIM_07,Black,81.000000,acceleration_mag,0.638662
TRIAL_Black_SIM_07,Black,82.000000,acceleration_mag,0.567854
TRIAL_Black_SIM_07,Black,83.000000,acceleration_mag,0.501992
TRIAL_Black_SIM_07,Black,84.000000,acceleration_mag,0.436130
TRIAL_Black_SIM_07,Black,85.000000,acceleration_mag,0.370059
TRIAL_Black_SIM_07,Black,86.000000,acceleration_mag,0.303968
TRIAL_Black_SIM_07,Black,87.000000,acceleration_mag,0.248908
TRIAL_Black_SIM_07,Black,88.000000,acceleration_mag,0.200152
TRIAL_Black_SIM_07,Black,89.000000,acceleration_mag,0.157488
TRIAL_Black_SIM_07,Black,90.000000,acceleration_mag,0.125487
TRIAL_Black_SIM_07,Black,91.000000,acceleration_mag,0.099252
TRIAL_Black_SIM_07,Black,92.000000,acceleration_mag,0.130674
TRIAL_Black_SIM_07,Black,93.000000,acceleration_mag,0.162097
TRIAL_Black_SIM_07,Black,94.000000,acceleration_mag,0.187908
TRIAL_Black_SIM_07,Black,95.000000,acceleration_mag,0.212471
TRIAL_Black_SIM_07,Black,96.000000,acceleration_mag,0.207302
TRIAL_Black_SIM_07,Black,97.000000,acceleration_mag,0.177355
TRIAL_Black_SIM_07,Black,98.000000,acceleration_mag,0.151091
TRIAL_Black_SIM_07,Black,99.000000,acceleration_mag,0.134648
TRIAL_Black_SIM_07,Black,100.000000,acceleration_mag,0.118206
TRIAL_Black_SIM_07,Black,0.000000,ax,0.291708
TRIAL_Black_SIM_07,Black,1.000000,ax,0.253696
TRIAL_Black_SIM_07,Black,2.000000,ax,0.215683
TRIAL_Black_SIM_07,Black,3.000000,ax,0.226538
TRIAL_Black_SIM_07,Black,4.000000,ax,0.255719
TRIAL_Black_SIM_07,Black,5.000000,ax,0.296516
TRIAL_Black_SIM_07,Black,6.000000,ax,0.351252
TRIAL_Black_SIM_07,Black,7.000000,ax,0.411082
TRIAL_Black_SIM_07,Black,8.000000,ax,0.493837
TRIAL_Black_SIM_07,Black,9.000000,ax,0.576592
TRIAL_Black_SIM_07,Black,10.000000,ax,0.650537
TRIAL_Black_SIM_07,Black,11.000000,ax,0.723600
TRIAL_Black_SIM_07,Black,12.000000,ax,0.780497
TRIAL_Black_SIM_07,Black,13.000000,ax,0.828154
TRIAL_Black_SIM_07,Black,14.000000,ax,0.869568
TRIAL_Black_SIM_07,Black,15.000000,ax,0.900056
TRIAL_Black_SIM_07,Black,16.000000,ax,0.933464
TRIAL_Black_SIM_07,Black,17.000000,ax,0.996079
TRIAL_Black_SIM_07,Black,18.000000,ax,1.058694
TRIAL_Black_SIM_07,Black,19.000000,ax,1.163356
TRIAL_Black_SIM_07,Black,20.000000,ax,1.277363
TRIAL_Black_SIM_07,Black,21.000000,ax,1.388491
TRIAL_Black_SIM_07,Black,22.000000,ax,1.497222
TRIAL_Black_SIM_07,Black,23.000000,ax,1.589671
TRIAL_Black_SIM_07,Black,24.000000,ax,1.638707
TRIAL_Black_SIM_07,Black,25.000000,ax,1.687743
TRIAL_Black_SIM_07,Black,26.000000,ax,1.678415
TRIAL_Black_SIM_07,Black,27.000000,ax,1.669086
TRIAL_Black_SIM_07,Black,28.000000,ax,1.635051
TRIAL_Black_SIM_07,Black,29.000000,ax,1.591752
TRIAL_Black_SIM_07,Black,30.000000,ax,1.542260
TRIAL_Black_SIM_07,Black,31.000000,ax,1.485337
TRIAL_Black_SIM_07,Black,32.000000,ax,1.429235
TRIAL_Black_SIM_07,Black,33.000000,ax,1.376832
TRIAL_Black_SIM_07,Black,34.000000,ax,1.324429
TRIAL_Black_SIM_07,Black,35.000000,ax,1.266594
TRIAL_Black_SIM_07,Black,36.000000,ax,1.208215
TRIAL_Black_SIM_07,Black,37.000000,ax,1.144104
TRIAL_Black_SIM_07,Black,38.000000,ax,1.076716
TRIAL_Black_SIM_07,Black,39.000000,ax,0.988508
TRIAL_Black_SIM_07,Black,40.000000,ax,0.863864
TRIAL_Black_SIM_07,Black,41.000000,ax,0.734943
TRIAL_Black_SIM_07,Black,42.000000,ax,0.563253
TRIAL_Black_SIM_07,Black,43.000000,ax,0.391563
TRIAL_Black_SIM_07,Black,44.000000,ax,0.205288
TRIAL_Black_SIM_07,Black,45.000000,ax,0.015771
TRIAL_Black_SIM_07,Black,46.000000,ax,-0.162056
TRIAL_Black_SIM_07,Black,47.000000,ax,-0.330143
TRIAL_Black_SIM_07,Black,48.000000,ax,-0.478976
TRIAL_Black_SIM_07,Black,49.000000,ax,-0.576470
TRIAL_Black_SIM_07,Black,50.000000,ax,-0.673964
TRIAL_Black_SIM_07,Black,51.000000,ax,-0.757108
TRIAL_Black_SIM_07,Black,52.000000,ax,-0.840251
TRIAL_Black_SIM_07,Black,53.000000,ax,-0.930032
TRIAL_Black_SIM_07,Black,54.000000,ax,-1.022301
TRIAL_Black_SIM_07,Black,55.000000,ax,-1.134920
TRIAL_Black_SIM_07,Black,56.000000,ax,-1.271960
TRIAL_Black_SIM_07,Black,57.000000,ax,-1.402124
TRIAL_Black_SIM_07,Black,58.000000,ax,-1.501347
TRIAL_Black_SIM_07,Black,59.000000,ax,-1.600570
TRIAL_Black_SIM_07,Black,60.000000,ax,-1.623754
TRIAL_Black_SIM_07,Black,61.000000,ax,-1.639335
TRIAL_Black_SIM_07,Black,62.000000,ax,-1.624440
TRIAL_Black_SIM_07,Black,63.000000,ax,-1.592131
TRIAL_Black_SIM_07,Black,64.000000,ax,-1.555082
TRIAL_Black_SIM_07,Black,65.000000,ax,-1.509741
TRIAL_Black_SIM_07,Black,66.000000,ax,-1.466115
TRIAL_Black_SIM_07,Black,67.000000,ax,-1.439651
TRIAL_Black_SIM_07,Black,68.000000,ax,-1.413188
TRIAL_Black_SIM_07,Black,69.000000,ax,-1.364495
TRIAL_Black_SIM_07,Black,70.000000,ax,-1.310863
TRIAL_Black_SIM_07,Black,71.000000,ax,-1.260103
TRIAL_Black_SIM_07,Black,72.000000,ax,-1.211735
TRIAL_Black_SIM_07,Black,73.000000,ax,-1.160079
TRIAL_Black_SIM_07,Black,74.000000,ax,-1.099654
TRIAL_Black_SIM_07,Black,75.000000,ax,-1.039229
TRIAL_Black_SIM_07,Black,76.000000,ax,-0.977461
TRIAL_Black_SIM_07,Black,77.000000,ax,-0.915693
TRIAL_Black_SIM_07,Black,78.000000,ax,-0.846177
TRIAL_Black_SIM_07,Black,79.000000,ax,-0.773756
TRIAL_Black_SIM_07,Black,80.000000,ax,-0.701967
TRIAL_Black_SIM_07,Black,81.000000,ax,-0.630938
TRIAL_Black_SIM_07,Black,82.000000,ax,-0.560998
TRIAL_Black_SIM_07,Black,83.000000,ax,-0.495958
TRIAL_Black_SIM_07,Black,84.000000,ax,-0.430917
TRIAL_Black_SIM_07,Black,85.000000,ax,-0.365668
TRIAL_Black_SIM_07,Black,86.000000,ax,-0.300399
TRIAL_Black_SIM_07,Black,87.000000,ax,-0.246011
TRIAL_Black_SIM_07,Black,88.000000,ax,-0.197839
TRIAL_Black_SIM_07,Black,89.000000,ax,-0.155678
TRIAL_Black_SIM_07,Black,90.000000,ax,-0.124033
TRIAL_Black_SIM_07,Black,91.000000,ax,-0.098086
TRIAL_Black_SIM_07,Black,92.000000,ax,-0.129119
TRIAL_Black_SIM_07,Black,93.000000,ax,-0.160152
TRIAL_Black_SIM_07,Black,94.000000,ax,-0.185591
TRIAL_Black_SIM_07,Black,95.000000,ax,-0.209788
TRIAL_Black_SIM_07,Black,96.000000,ax,-0.204637
TRIAL_Black_SIM_07,Black,97.000000,ax,-0.175029
TRIAL_Black_SIM_07,Black,98.000000,ax,-0.149052
TRIAL_Black_SIM_07,Black,99.000000,ax,-0.132755
TRIAL_Black_SIM_07,Black,100.000000,ax,-0.116459
TRIAL_Black_SIM_07,Black,0.000000,ay,0.000307
TRIAL_Black_SIM_07,Black,1.000000,ay,0.000317
TRIAL_Black_SIM_07,Black,2.000000,ay,0.000326
TRIAL_Black_SIM_07,Black,3.000000,ay,0.000679
TRIAL_Black_SIM_07,Black,4.000000,ay,0.001161
TRIAL_Black_SIM_07,Black,5.000000,ay,0.001705
TRIAL_Black_SIM_07,Black,6.000000,ay,0.002324
TRIAL_Black_SIM_07,Black,7.000000,ay,0.002998
TRIAL_Black_SIM_07,Black,8.000000,ay,0.003923
TRIAL_Black_SIM_07,Black,9.000000,ay,0.004848
TRIAL_Black_SIM_07,Black,10.000000,ay,0.005897
TRIAL_Black_SIM_07,Black,11.000000,ay,0.006958
TRIAL_Black_SIM_07,Black,12.000000,ay,0.008229
TRIAL_Black_SIM_07,Black,13.000000,ay,0.009618
TRIAL_Black_SIM_07,Black,14.000000,ay,0.011097
TRIAL_Black_SIM_07,Black,15.000000,ay,0.012731
TRIAL_Black_SIM_07,Black,16.000000,ay,0.014427
TRIAL_Black_SIM_07,Black,17.000000,ay,0.016742
TRIAL_Black_SIM_07,Black,18.000000,ay,0.019056
TRIAL_Black_SIM_07,Black,19.000000,ay,0.021744
TRIAL_Black_SIM_07,Black,20.000000,ay,0.024514
TRIAL_Black_SIM_07,Black,21.000000,ay,0.027382
TRIAL_Black_SIM_07,Black,22.000000,ay,0.030332
TRIAL_Black_SIM_07,Black,23.000000,ay,0.033020
TRIAL_Black_SIM_07,Black,24.000000,ay,0.035012
TRIAL_Black_SIM_07,Black,25.000000,ay,0.037004
TRIAL_Black_SIM_07,Black,26.000000,ay,0.038424
TRIAL_Black_SIM_07,Black,27.000000,ay,0.039845
TRIAL_Black_SIM_07,Black,28.000000,ay,0.040930
TRIAL_Black_SIM_07,Black,29.000000,ay,0.041889
TRIAL_Black_SIM_07,Black,30.000000,ay,0.042787
TRIAL_Black_SIM_07,Black,31.000000,ay,0.043611
TRIAL_Black_SIM_07,Black,32.000000,ay,0.044415
TRIAL_Black_SIM_07,Black,33.000000,ay,0.045123
TRIAL_Black_SIM_07,Black,34.000000,ay,0.045832
TRIAL_Black_SIM_07,Black,35.000000,ay,0.046242
TRIAL_Black_SIM_07,Black,36.000000,ay,0.046623
TRIAL_Black_SIM_07,Black,37.000000,ay,0.046809
TRIAL_Black_SIM_07,Black,38.000000,ay,0.046882
TRIAL_Black_SIM_07,Black,39.000000,ay,0.046303
TRIAL_Black_SIM_07,Black,40.000000,ay,0.044581
TRIAL_Black_SIM_07,Black,41.000000,ay,0.042678
TRIAL_Black_SIM_07,Black,42.000000,ay,0.038963
TRIAL_Black_SIM_07,Black,43.000000,ay,0.035248
TRIAL_Black_SIM_07,Black,44.000000,ay,0.030503
TRIAL_Black_SIM_07,Black,45.000000,ay,0.025530
TRIAL_Black_SIM_07,Black,46.000000,ay,0.020517
TRIAL_Black_SIM_07,Black,47.000000,ay,0.015472
TRIAL_Black_SIM_07,Black,48.000000,ay,0.010880
TRIAL_Black_SIM_07,Black,49.000000,ay,0.007494
TRIAL_Black_SIM_07,Black,50.000000,ay,0.004109
TRIAL_Black_SIM_07,Black,51.000000,ay,0.000758
TRIAL_Black_SIM_07,Black,52.000000,ay,-0.002594
TRIAL_Black_SIM_07,Black,53.000000,ay,-0.006103
TRIAL_Black_SIM_07,Black,54.000000,ay,-0.009670
TRIAL_Black_SIM_07,Black,55.000000,ay,-0.014117
TRIAL_Black_SIM_07,Black,56.000000,ay,-0.019618
TRIAL_Black_SIM_07,Black,57.000000,ay,-0.024996
TRIAL_Black_SIM_07,Black,58.000000,ay,-0.029817
TRIAL_Black_SIM_07,Black,59.000000,ay,-0.034638
TRIAL_Black_SIM_07,Black,60.000000,ay,-0.037505
TRIAL_Black_SIM_07,Black,61.000000,ay,-0.040177
TRIAL_Black_SIM_07,Black,62.000000,ay,-0.041756
TRIAL_Black_SIM_07,Black,63.000000,ay,-0.042709
TRIAL_Black_SIM_07,Black,64.000000,ay,-0.043355
TRIAL_Black_SIM_07,Black,65.000000,ay,-0.043463
TRIAL_Black_SIM_07,Black,66.000000,ay,-0.043615
TRIAL_Black_SIM_07,Black,67.000000,ay,-0.044205
TRIAL_Black_SIM_07,Black,68.000000,ay,-0.044796
TRIAL_Black_SIM_07,Black,69.000000,ay,-0.044279
TRIAL_Black_SIM_07,Black,70.000000,ay,-0.043517
TRIAL_Black_SIM_07,Black,71.000000,ay,-0.042848
TRIAL_Black_SIM_07,Black,72.000000,ay,-0.042256
TRIAL_Black_SIM_07,Black,73.000000,ay,-0.041411
TRIAL_Black_SIM_07,Black,74.000000,ay,-0.039893
TRIAL_Black_SIM_07,Black,75.000000,ay,-0.038375
TRIAL_Black_SIM_07,Black,76.000000,ay,-0.036745
TRIAL_Black_SIM_07,Black,77.000000,ay,-0.035115
TRIAL_Black_SIM_07,Black,78.000000,ay,-0.032871
TRIAL_Black_SIM_07,Black,79.000000,ay,-0.030397
TRIAL_Black_SIM_07,Black,80.000000,ay,-0.028015
TRIAL_Black_SIM_07,Black,81.000000,ay,-0.025745
TRIAL_Black_SIM_07,Black,82.000000,ay,-0.023478
TRIAL_Black_SIM_07,Black,83.000000,ay,-0.021225
TRIAL_Black_SIM_07,Black,84.000000,ay,-0.018972
TRIAL_Black_SIM_07,Black,85.000000,ay,-0.016445
TRIAL_Black_SIM_07,Black,86.000000,ay,-0.013890
TRIAL_Black_SIM_07,Black,87.000000,ay,-0.011578
TRIAL_Black_SIM_07,Black,88.000000,ay,-0.009404
TRIAL_Black_SIM_07,Black,89.000000,ay,-0.007416
TRIAL_Black_SIM_07,Black,90.000000,ay,-0.005751
TRIAL_Black_SIM_07,Black,91.000000,ay,-0.004408
TRIAL_Black_SIM_07,Black,92.000000,ay,-0.006286
TRIAL_Black_SIM_07,Black,93.000000,ay,-0.008164
TRIAL_Black_SIM_07,Black,94.000000,ay,-0.009469
TRIAL_Black_SIM_07,Black,95.000000,ay,-0.010647
TRIAL_Black_SIM_07,Black,96.000000,ay,-0.010317
TRIAL_Black_SIM_07,Black,97.000000,ay,-0.008731
TRIAL_Black_SIM_07,Black,98.000000,ay,-0.007266
TRIAL_Black_SIM_07,Black,99.000000,ay,-0.006127
TRIAL_Black_SIM_07,Black,100.000000,ay,-0.004987
TRIAL_Black_SIM_07,Black,0.000000,az,0.044015
TRIAL_Black_SIM_07,Black,1.000000,az,0.038701
TRIAL_Black_SIM_07,Black,2.000000,az,0.033387
TRIAL_Black_SIM_07,Black,3.000000,az,0.034977
TRIAL_Black_SIM_07,Black,4.000000,az,0.039156
TRIAL_Black_SIM_07,Black,5.000000,az,0.045138
TRIAL_Black_SIM_07,Black,6.000000,az,0.053283
TRIAL_Black_SIM_07,Black,7.000000,az,0.062214
TRIAL_Black_SIM_07,Black,8.000000,az,0.074679
TRIAL_Black_SIM_07,Black,9.000000,az,0.087143
TRIAL_Black_SIM_07,Black,10.000000,az,0.098388
TRIAL_Black_SIM_07,Black,11.000000,az,0.109511
TRIAL_Black_SIM_07,Black,12.000000,az,0.117985
TRIAL_Black_SIM_07,Black,13.000000,az,0.124945
TRIAL_Black_SIM_07,Black,14.000000,az,0.130841
TRIAL_Black_SIM_07,Black,15.000000,az,0.134875
TRIAL_Black_SIM_07,Black,16.000000,az,0.139327
TRIAL_Black_SIM_07,Black,17.000000,az,0.147959
TRIAL_Black_SIM_07,Black,18.000000,az,0.156591
TRIAL_Black_SIM_07,Black,19.000000,az,0.171989
TRIAL_Black_SIM_07,Black,20.000000,az,0.188891
TRIAL_Black_SIM_07,Black,21.000000,az,0.205507
TRIAL_Black_SIM_07,Black,22.000000,az,0.221884
TRIAL_Black_SIM_07,Black,23.000000,az,0.235992
TRIAL_Black_SIM_07,Black,24.000000,az,0.244051
TRIAL_Black_SIM_07,Black,25.000000,az,0.252110
TRIAL_Black_SIM_07,Black,26.000000,az,0.251191
TRIAL_Black_SIM_07,Black,27.000000,az,0.250273
TRIAL_Black_SIM_07,Black,28.000000,az,0.245452
TRIAL_Black_SIM_07,Black,29.000000,az,0.239168
TRIAL_Black_SIM_07,Black,30.000000,az,0.231790
TRIAL_Black_SIM_07,Black,31.000000,az,0.223099
TRIAL_Black_SIM_07,Black,32.000000,az,0.214525
TRIAL_Black_SIM_07,Black,33.000000,az,0.206470
TRIAL_Black_SIM_07,Black,34.000000,az,0.198415
TRIAL_Black_SIM_07,Black,35.000000,az,0.189562
TRIAL_Black_SIM_07,Black,36.000000,az,0.180629
TRIAL_Black_SIM_07,Black,37.000000,az,0.170714
TRIAL_Black_SIM_07,Black,38.000000,az,0.160237
TRIAL_Black_SIM_07,Black,39.000000,az,0.146711
TRIAL_Black_SIM_07,Black,40.000000,az,0.127850
TRIAL_Black_SIM_07,Black,41.000000,az,0.108391
TRIAL_Black_SIM_07,Black,42.000000,az,0.082955
TRIAL_Black_SIM_07,Black,43.000000,az,0.057520
TRIAL_Black_SIM_07,Black,44.000000,az,0.030029
TRIAL_Black_SIM_07,Black,45.000000,az,0.002081
TRIAL_Black_SIM_07,Black,46.000000,az,-0.024142
TRIAL_Black_SIM_07,Black,47.000000,az,-0.048928
TRIAL_Black_SIM_07,Black,48.000000,az,-0.070922
TRIAL_Black_SIM_07,Black,49.000000,az,-0.085468
TRIAL_Black_SIM_07,Black,50.000000,az,-0.100014
TRIAL_Black_SIM_07,Black,51.000000,az,-0.112431
TRIAL_Black_SIM_07,Black,52.000000,az,-0.124848
TRIAL_Black_SIM_07,Black,53.000000,az,-0.138645
TRIAL_Black_SIM_07,Black,54.000000,az,-0.152959
TRIAL_Black_SIM_07,Black,55.000000,az,-0.170300
TRIAL_Black_SIM_07,Black,56.000000,az,-0.191273
TRIAL_Black_SIM_07,Black,57.000000,az,-0.211167
TRIAL_Black_SIM_07,Black,58.000000,az,-0.226205
TRIAL_Black_SIM_07,Black,59.000000,az,-0.241242
TRIAL_Black_SIM_07,Black,60.000000,az,-0.244391
TRIAL_Black_SIM_07,Black,61.000000,az,-0.246351
TRIAL_Black_SIM_07,Black,62.000000,az,-0.243704
TRIAL_Black_SIM_07,Black,63.000000,az,-0.238424
TRIAL_Black_SIM_07,Black,64.000000,az,-0.232584
TRIAL_Black_SIM_07,Black,65.000000,az,-0.225763
TRIAL_Black_SIM_07,Black,66.000000,az,-0.219206
TRIAL_Black_SIM_07,Black,67.000000,az,-0.215274
TRIAL_Black_SIM_07,Black,68.000000,az,-0.211342
TRIAL_Black_SIM_07,Black,69.000000,az,-0.204258
TRIAL_Black_SIM_07,Black,70.000000,az,-0.196473
TRIAL_Black_SIM_07,Black,71.000000,az,-0.189000
TRIAL_Black_SIM_07,Black,72.000000,az,-0.181787
TRIAL_Black_SIM_07,Black,73.000000,az,-0.174158
TRIAL_Black_SIM_07,Black,74.000000,az,-0.165416
TRIAL_Black_SIM_07,Black,75.000000,az,-0.156674
TRIAL_Black_SIM_07,Black,76.000000,az,-0.147499
TRIAL_Black_SIM_07,Black,77.000000,az,-0.138324
TRIAL_Black_SIM_07,Black,78.000000,az,-0.128073
TRIAL_Black_SIM_07,Black,79.000000,az,-0.117418
TRIAL_Black_SIM_07,Black,80.000000,az,-0.106610
TRIAL_Black_SIM_07,Black,81.000000,az,-0.095618
TRIAL_Black_SIM_07,Black,82.000000,az,-0.084781
TRIAL_Black_SIM_07,Black,83.000000,az,-0.074640
TRIAL_Black_SIM_07,Black,84.000000,az,-0.064499
TRIAL_Black_SIM_07,Black,85.000000,az,-0.054403
TRIAL_Black_SIM_07,Black,86.000000,az,-0.044312
TRIAL_Black_SIM_07,Black,87.000000,az,-0.036053
TRIAL_Black_SIM_07,Black,88.000000,az,-0.028842
TRIAL_Black_SIM_07,Black,89.000000,az,-0.022628
TRIAL_Black_SIM_07,Black,90.000000,az,-0.018158
TRIAL_Black_SIM_07,Black,91.000000,az,-0.014511
TRIAL_Black_SIM_07,Black,92.000000,az,-0.019089
TRIAL_Black_SIM_07,Black,93.000000,az,-0.023668
TRIAL_Black_SIM_07,Black,94.000000,az,-0.027842
TRIAL_Black_SIM_07,Black,95.000000,az,-0.031927
TRIAL_Black_SIM_07,Black,96.000000,az,-0.031482
TRIAL_Black_SIM_07,Black,97.000000,az,-0.027261
TRIAL_Black_SIM_07,Black,98.000000,az,-0.023643
TRIAL_Black_SIM_07,Black,99.000000,az,-0.021633
TRIAL_Black_SIM_07,Black,100.000000,az,-0.019624
TRIAL_Black_SIM_08,Black,0.000000,object_area,5143.136462
TRIAL_Black_SIM_08,Black,1.000000,object_area,5143.466624
TRIAL_Black_SIM_08,Black,2.000000,object_area,5143.796787
TRIAL_Black_SIM_08,Black,3.000000,object_area,5156.196542
TRIAL_Black_SIM_08,Black,4.000000,object_area,5173.122394
TRIAL_Black_SIM_08,Black,5.000000,object_area,5198.020854
TRIAL_Black_SIM_08,Black,6.000000,object_area,5232.486444
TRIAL_Black_SIM_08,Black,7.000000,object_area,5267.892774
TRIAL_Black_SIM_08,Black,8.000000,object_area,5307.532432
TRIAL_Black_SIM_08,Black,9.000000,object_area,5347.172090
TRIAL_Black_SIM_08,Black,10.000000,object_area,5393.650002
TRIAL_Black_SIM_08,Black,11.000000,object_area,5440.811740
TRIAL_Black_SIM_08,Black,12.000000,object_area,5489.869588
TRIAL_Black_SIM_08,Black,13.000000,object_area,5540.010929
TRIAL_Black_SIM_08,Black,14.000000,object_area,5595.768926
TRIAL_Black_SIM_08,Black,15.000000,object_area,5661.356076
TRIAL_Black_SIM_08,Black,16.000000,object_area,5727.960896
TRIAL_Black_SIM_08,Black,17.000000,object_area,5804.742419
TRIAL_Black_SIM_08,Black,18.000000,object_area,5881.523943
TRIAL_Black_SIM_08,Black,19.000000,object_area,5970.143950
TRIAL_Black_SIM_08,Black,20.000000,object_area,6061.394732
TRIAL_Black_SIM_08,Black,21.000000,object_area,6153.601598
TRIAL_Black_SIM_08,Black,22.000000,object_area,6246.605200
TRIAL_Black_SIM_08,Black,23.000000,object_area,6340.063825
TRIAL_Black_SIM_08,Black,24.000000,object_area,6434.735841
TRIAL_Black_SIM_08,Black,25.000000,object_area,6529.407858
TRIAL_Black_SIM_08,Black,26.000000,object_area,6626.808658
TRIAL_Black_SIM_08,Black,27.000000,object_area,6724.209458
TRIAL_Black_SIM_08,Black,28.000000,object_area,6825.039508
TRIAL_Black_SIM_08,Black,29.000000,object_area,6927.155528
TRIAL_Black_SIM_08,Black,30.000000,object_area,7034.703308
TRIAL_Black_SIM_08,Black,31.000000,object_area,7148.769200
TRIAL_Black_SIM_08,Black,32.000000,object_area,7263.950444
TRIAL_Black_SIM_08,Black,33.000000,object_area,7384.150773
TRIAL_Black_SIM_08,Black,34.000000,object_area,7504.351101
TRIAL_Black_SIM_08,Black,35.000000,object_area,7633.185212
TRIAL_Black_SIM_08,Black,36.000000,object_area,7762.882700
TRIAL_Black_SIM_08,Black,37.000000,object_area,7891.537793
TRIAL_Black_SIM_08,Black,38.000000,object_area,8019.597230
TRIAL_Black_SIM_08,Black,39.000000,object_area,8149.192994
TRIAL_Black_SIM_08,Black,40.000000,object_area,8281.477329
TRIAL_Black_SIM_08,Black,41.000000,object_area,8413.918681
TRIAL_Black_SIM_08,Black,42.000000,object_area,8547.930208
TRIAL_Black_SIM_08,Black,43.000000,object_area,8681.941735
TRIAL_Black_SIM_08,Black,44.000000,object_area,8818.519949
TRIAL_Black_SIM_08,Black,45.000000,object_area,8955.668537
TRIAL_Black_SIM_08,Black,46.000000,object_area,9092.242356
TRIAL_Black_SIM_08,Black,47.000000,object_area,9228.337199
TRIAL_Black_SIM_08,Black,48.000000,object_area,9362.536725
TRIAL_Black_SIM_08,Black,49.000000,object_area,9491.682073
TRIAL_Black_SIM_08,Black,50.000000,object_area,9620.827420
TRIAL_Black_SIM_08,Black,51.000000,object_area,9749.539933
TRIAL_Black_SIM_08,Black,52.000000,object_area,9878.252445
TRIAL_Black_SIM_08,Black,53.000000,object_area,10002.994543
TRIAL_Black_SIM_08,Black,54.000000,object_area,10126.247734
TRIAL_Black_SIM_08,Black,55.000000,object_area,10250.412549
TRIAL_Black_SIM_08,Black,56.000000,object_area,10375.671312
TRIAL_Black_SIM_08,Black,57.000000,object_area,10500.555707
TRIAL_Black_SIM_08,Black,58.000000,object_area,10623.755448
TRIAL_Black_SIM_08,Black,59.000000,object_area,10746.955189
TRIAL_Black_SIM_08,Black,60.000000,object_area,10874.923909
TRIAL_Black_SIM_08,Black,61.000000,object_area,11003.369527
TRIAL_Black_SIM_08,Black,62.000000,object_area,11133.228451
TRIAL_Black_SIM_08,Black,63.000000,object_area,11263.894979
TRIAL_Black_SIM_08,Black,64.000000,object_area,11393.008778
TRIAL_Black_SIM_08,Black,65.000000,object_area,11519.405305
TRIAL_Black_SIM_08,Black,66.000000,object_area,11645.106574
TRIAL_Black_SIM_08,Black,67.000000,object_area,11763.855265
TRIAL_Black_SIM_08,Black,68.000000,object_area,11882.603955
TRIAL_Black_SIM_08,Black,69.000000,object_area,11992.400156
TRIAL_Black_SIM_08,Black,70.000000,object_area,12100.206914
TRIAL_Black_SIM_08,Black,71.000000,object_area,12206.360487
TRIAL_Black_SIM_08,Black,72.000000,object_area,12311.136406
TRIAL_Black_SIM_08,Black,73.000000,object_area,12415.919120
TRIAL_Black_SIM_08,Black,74.000000,object_area,12520.719955
TRIAL_Black_SIM_08,Black,75.000000,object_area,12625.520790
TRIAL_Black_SIM_08,Black,76.000000,object_area,12728.249954
TRIAL_Black_SIM_08,Black,77.000000,object_area,12830.979117
TRIAL_Black_SIM_08,Black,78.000000,object_area,12927.275758
TRIAL_Black_SIM_08,Black,79.000000,object_area,13021.160201
TRIAL_Black_SIM_08,Black,80.000000,object_area,13107.425607
TRIAL_Black_SIM_08,Black,81.000000,object_area,13184.548166
TRIAL_Black_SIM_08,Black,82.000000,object_area,13260.099281
TRIAL_Black_SIM_08,Black,83.000000,object_area,13328.578897
TRIAL_Black_SIM_08,Black,84.000000,object_area,13397.058512
TRIAL_Black_SIM_08,Black,85.000000,object_area,13463.590431
TRIAL_Black_SIM_08,Black,86.000000,object_area,13529.927579
TRIAL_Black_SIM_08,Black,87.000000,object_area,13592.997339
TRIAL_Black_SIM_08,Black,88.000000,object_area,13654.200019
TRIAL_Black_SIM_08,Black,89.000000,object_area,13713.661187
TRIAL_Black_SIM_08,Black,90.000000,object_area,13770.074709
TRIAL_Black_SIM_08,Black,91.000000,object_area,13824.845525
TRIAL_Black_SIM_08,Black,92.000000,object_area,13863.189284
TRIAL_Black_SIM_08,Black,93.000000,object_area,13901.533043
TRIAL_Black_SIM_08,Black,94.000000,object_area,13934.203888
TRIAL_Black_SIM_08,Black,95.000000,object_area,13965.614086
TRIAL_Black_SIM_08,Black,96.000000,object_area,13987.094662
TRIAL_Black_SIM_08,Black,97.000000,object_area,14000.300554
TRIAL_Black_SIM_08,Black,98.000000,object_area,14011.880836
TRIAL_Black_SIM_08,Black,99.000000,object_area,14019.126160
TRIAL_Black_SIM_08,Black,100.000000,object_area,14026.371484
TRIAL_Black_SIM_08,Black,0.000000,finger_width,27.443567
TRIAL_Black_SIM_08,Black,1.000000,finger_width,27.900704
TRIAL_Black_SIM_08,Black,2.000000,finger_width,28.357841
TRIAL_Black_SIM_08,Black,3.000000,finger_width,29.675519
TRIAL_Black_SIM_08,Black,4.000000,finger_width,31.315901
TRIAL_Black_SIM_08,Black,5.000000,finger_width,33.547860
TRIAL_Black_SIM_08,Black,6.000000,finger_width,36.489712
TRIAL_Black_SIM_08,Black,7.000000,finger_width,39.613932
TRIAL_Black_SIM_08,Black,8.000000,finger_width,43.558806
TRIAL_Black_SIM_08,Black,9.000000,finger_width,47.503681
TRIAL_Black_SIM_08,Black,10.000000,finger_width,52.102901
TRIAL_Black_SIM_08,Black,11.000000,finger_width,56.767556
TRIAL_Black_SIM_08,Black,12.000000,finger_width,61.783213
TRIAL_Black_SIM_08,Black,13.000000,finger_width,66.999442
TRIAL_Black_SIM_08,Black,14.000000,finger_width,72.275915
TRIAL_Black_SIM_08,Black,15.000000,finger_width,77.657812
TRIAL_Black_SIM_08,Black,16.000000,finger_width,83.090953
TRIAL_Black_SIM_08,Black,17.000000,finger_width,89.036525
TRIAL_Black_SIM_08,Black,18.000000,finger_width,94.982097
TRIAL_Black_SIM_08,Black,19.000000,finger_width,101.171652
TRIAL_Black_SIM_08,Black,20.000000,finger_width,107.415425
TRIAL_Black_SIM_08,Black,21.000000,finger_width,113.917370
TRIAL_Black_SIM_08,Black,22.000000,finger_width,120.634459
TRIAL_Black_SIM_08,Black,23.000000,finger_width,127.355271
TRIAL_Black_SIM_08,Black,24.000000,finger_width,134.086013
TRIAL_Black_SIM_08,Black,25.000000,finger_width,140.816755
TRIAL_Black_SIM_08,Black,26.000000,finger_width,147.510933
TRIAL_Black_SIM_08,Black,27.000000,finger_width,154.205112
TRIAL_Black_SIM_08,Black,28.000000,finger_width,160.605817
TRIAL_Black_SIM_08,Black,29.000000,finger_width,166.896470
TRIAL_Black_SIM_08,Black,30.000000,finger_width,172.957054
TRIAL_Black_SIM_08,Black,31.000000,finger_width,178.741556
TRIAL_Black_SIM_08,Black,32.000000,finger_width,184.369870
TRIAL_Black_SIM_08,Black,33.000000,finger_width,189.295338
TRIAL_Black_SIM_08,Black,34.000000,finger_width,194.220806
TRIAL_Black_SIM_08,Black,35.000000,finger_width,198.631638
TRIAL_Black_SIM_08,Black,36.000000,finger_width,202.991007
TRIAL_Black_SIM_08,Black,37.000000,finger_width,206.803578
TRIAL_Black_SIM_08,Black,38.000000,finger_width,210.303692
TRIAL_Black_SIM_08,Black,39.000000,finger_width,213.584189
TRIAL_Black_SIM_08,Black,40.000000,finger_width,216.480354
TRIAL_Black_SIM_08,Black,41.000000,finger_width,219.281982
TRIAL_Black_SIM_08,Black,42.000000,finger_width,221.138234
TRIAL_Black_SIM_08,Black,43.000000,finger_width,222.994487
TRIAL_Black_SIM_08,Black,44.000000,finger_width,223.986764
TRIAL_Black_SIM_08,Black,45.000000,finger_width,224.787046
TRIAL_Black_SIM_08,Black,46.000000,finger_width,224.719199
TRIAL_Black_SIM_08,Black,47.000000,finger_width,223.927910
TRIAL_Black_SIM_08,Black,48.000000,finger_width,222.776343
TRIAL_Black_SIM_08,Black,49.000000,finger_width,220.664037
TRIAL_Black_SIM_08,Black,50.000000,finger_width,218.551730
TRIAL_Black_SIM_08,Black,51.000000,finger_width,215.498342
TRIAL_Black_SIM_08,Black,52.000000,finger_width,212.444953
TRIAL_Black_SIM_08,Black,53.000000,finger_width,208.974526
TRIAL_Black_SIM_08,Black,54.000000,finger_width,205.347710
TRIAL_Black_SIM_08,Black,55.000000,finger_width,201.371894
TRIAL_Black_SIM_08,Black,56.000000,finger_width,196.977280
TRIAL_Black_SIM_08,Black,57.000000,finger_width,192.457615
TRIAL_Black_SIM_08,Black,58.000000,finger_width,187.375227
TRIAL_Black_SIM_08,Black,59.000000,finger_width,182.292839
TRIAL_Black_SIM_08,Black,60.000000,finger_width,177.090122
TRIAL_Black_SIM_08,Black,61.000000,finger_width,171.875373
TRIAL_Black_SIM_08,Black,62.000000,finger_width,166.973547
TRIAL_Black_SIM_08,Black,63.000000,finger_width,162.250535
TRIAL_Black_SIM_08,Black,64.000000,finger_width,157.681678
TRIAL_Black_SIM_08,Black,65.000000,finger_width,153.382593
TRIAL_Black_SIM_08,Black,66.000000,finger_width,149.101985
TRIAL_Black_SIM_08,Black,67.000000,finger_width,145.006157
TRIAL_Black_SIM_08,Black,68.000000,finger_width,140.910330
TRIAL_Black_SIM_08,Black,69.000000,finger_width,136.960497
TRIAL_Black_SIM_08,Black,70.000000,finger_width,133.043108
TRIAL_Black_SIM_08,Black,71.000000,finger_width,129.479053
TRIAL_Black_SIM_08,Black,72.000000,finger_width,126.209443
TRIAL_Black_SIM_08,Black,73.000000,finger_width,123.184130
TRIAL_Black_SIM_08,Black,74.000000,finger_width,120.810276
TRIAL_Black_SIM_08,Black,75.000000,finger_width,118.436421
TRIAL_Black_SIM_08,Black,76.000000,finger_width,117.154101
TRIAL_Black_SIM_08,Black,77.000000,finger_width,115.871781
TRIAL_Black_SIM_08,Black,78.000000,finger_width,115.239670
TRIAL_Black_SIM_08,Black,79.000000,finger_width,114.851387
TRIAL_Black_SIM_08,Black,80.000000,finger_width,114.526496
TRIAL_Black_SIM_08,Black,81.000000,finger_width,114.277673
TRIAL_Black_SIM_08,Black,82.000000,finger_width,114.095970
TRIAL_Black_SIM_08,Black,83.000000,finger_width,114.216306
TRIAL_Black_SIM_08,Black,84.000000,finger_width,114.336642
TRIAL_Black_SIM_08,Black,85.000000,finger_width,114.683249
TRIAL_Black_SIM_08,Black,86.000000,finger_width,115.052483
TRIAL_Black_SIM_08,Black,87.000000,finger_width,115.391257
TRIAL_Black_SIM_08,Black,88.000000,finger_width,115.712624
TRIAL_Black_SIM_08,Black,89.000000,finger_width,115.936768
TRIAL_Black_SIM_08,Black,90.000000,finger_width,115.990771
TRIAL_Black_SIM_08,Black,91.000000,finger_width,116.014633
TRIAL_Black_SIM_08,Black,92.000000,finger_width,115.737091
TRIAL_Black_SIM_08,Black,93.000000,finger_width,115.459549
TRIAL_Black_SIM_08,Black,94.000000,finger_width,115.321288
TRIAL_Black_SIM_08,Black,95.000000,finger_width,115.213978
TRIAL_Black_SIM_08,Black,96.000000,finger_width,115.136214
TRIAL_Black_SIM_08,Black,97.000000,finger_width,115.083071
TRIAL_Black_SIM_08,Black,98.000000,finger_width,115.093484
TRIAL_Black_SIM_08,Black,99.000000,finger_width,115.273383
TRIAL_Black_SIM_08,Black,100.000000,finger_width,115.453282
TRIAL_Black_SIM_08,Black,0.000000,velocity,0.000000
TRIAL_Black_SIM_08,Black,1.000000,velocity,0.000000
TRIAL_Black_SIM_08,Black,2.000000,velocity,0.000000
TRIAL_Black_SIM_08,Black,3.000000,velocity,0.001708
TRIAL_Black_SIM_08,Black,4.000000,velocity,0.004057
TRIAL_Black_SIM_08,Black,5.000000,velocity,0.008116
TRIAL_Black_SIM_08,Black,6.000000,velocity,0.014227
TRIAL_Black_SIM_08,Black,7.000000,velocity,0.020606
TRIAL_Black_SIM_08,Black,8.000000,velocity,0.028191
TRIAL_Black_SIM_08,Black,9.000000,velocity,0.035776
TRIAL_Black_SIM_08,Black,10.000000,velocity,0.045448
TRIAL_Black_SIM_08,Black,11.000000,velocity,0.055329
TRIAL_Black_SIM_08,Black,12.000000,velocity,0.064195
TRIAL_Black_SIM_08,Black,13.000000,velocity,0.072481
TRIAL_Black_SIM_08,Black,14.000000,velocity,0.081451
TRIAL_Black_SIM_08,Black,15.000000,velocity,0.091619
TRIAL_Black_SIM_08,Black,16.000000,velocity,0.102051
TRIAL_Black_SIM_08,Black,17.000000,velocity,0.115119
TRIAL_Black_SIM_08,Black,18.000000,velocity,0.128186
TRIAL_Black_SIM_08,Black,19.000000,velocity,0.144857
TRIAL_Black_SIM_08,Black,20.000000,velocity,0.162329
TRIAL_Black_SIM_08,Black,21.000000,velocity,0.181289
TRIAL_Black_SIM_08,Black,22.000000,velocity,0.201489
TRIAL_Black_SIM_08,Black,23.000000,velocity,0.222192
TRIAL_Black_SIM_08,Black,24.000000,velocity,0.244237
TRIAL_Black_SIM_08,Black,25.000000,velocity,0.266282
TRIAL_Black_SIM_08,Black,26.000000,velocity,0.290587
TRIAL_Black_SIM_08,Black,27.000000,velocity,0.314892
TRIAL_Black_SIM_08,Black,28.000000,velocity,0.341199
TRIAL_Black_SIM_08,Black,29.000000,velocity,0.368257
TRIAL_Black_SIM_08,Black,30.000000,velocity,0.395830
TRIAL_Black_SIM_08,Black,31.000000,velocity,0.424020
TRIAL_Black_SIM_08,Black,32.000000,velocity,0.452273
TRIAL_Black_SIM_08,Black,33.000000,velocity,0.480810
TRIAL_Black_SIM_08,Black,34.000000,velocity,0.509347
TRIAL_Black_SIM_08,Black,35.000000,velocity,0.535976
TRIAL_Black_SIM_08,Black,36.000000,velocity,0.562414
TRIAL_Black_SIM_08,Black,37.000000,velocity,0.587331
TRIAL_Black_SIM_08,Black,38.000000,velocity,0.611377
TRIAL_Black_SIM_08,Black,39.000000,velocity,0.633977
TRIAL_Black_SIM_08,Black,40.000000,velocity,0.654045
TRIAL_Black_SIM_08,Black,41.000000,velocity,0.673725
TRIAL_Black_SIM_08,Black,42.000000,velocity,0.689522
TRIAL_Black_SIM_08,Black,43.000000,velocity,0.705320
TRIAL_Black_SIM_08,Black,44.000000,velocity,0.715273
TRIAL_Black_SIM_08,Black,45.000000,velocity,0.723928
TRIAL_Black_SIM_08,Black,46.000000,velocity,0.728764
TRIAL_Black_SIM_08,Black,47.000000,velocity,0.730418
TRIAL_Black_SIM_08,Black,48.000000,velocity,0.729834
TRIAL_Black_SIM_08,Black,49.000000,velocity,0.723284
TRIAL_Black_SIM_08,Black,50.000000,velocity,0.716733
TRIAL_Black_SIM_08,Black,51.000000,velocity,0.705333
TRIAL_Black_SIM_08,Black,52.000000,velocity,0.693932
TRIAL_Black_SIM_08,Black,53.000000,velocity,0.679163
TRIAL_Black_SIM_08,Black,54.000000,velocity,0.663132
TRIAL_Black_SIM_08,Black,55.000000,velocity,0.645999
TRIAL_Black_SIM_08,Black,56.000000,velocity,0.627547
TRIAL_Black_SIM_08,Black,57.000000,velocity,0.608065
TRIAL_Black_SIM_08,Black,58.000000,velocity,0.583954
TRIAL_Black_SIM_08,Black,59.000000,velocity,0.559842
TRIAL_Black_SIM_08,Black,60.000000,velocity,0.533155
TRIAL_Black_SIM_08,Black,61.000000,velocity,0.506210
TRIAL_Black_SIM_08,Black,62.000000,velocity,0.477488
TRIAL_Black_SIM_08,Black,63.000000,velocity,0.447750
TRIAL_Black_SIM_08,Black,64.000000,velocity,0.419136
TRIAL_Black_SIM_08,Black,65.000000,velocity,0.392488
TRIAL_Black_SIM_08,Black,66.000000,velocity,0.365907
TRIAL_Black_SIM_08,Black,67.000000,velocity,0.339991
TRIAL_Black_SIM_08,Black,68.000000,velocity,0.314075
TRIAL_Black_SIM_08,Black,69.000000,velocity,0.290787
TRIAL_Black_SIM_08,Black,70.000000,velocity,0.268082
TRIAL_Black_SIM_08,Black,71.000000,velocity,0.245875
TRIAL_Black_SIM_08,Black,72.000000,velocity,0.224083
TRIAL_Black_SIM_08,Black,73.000000,velocity,0.202789
TRIAL_Black_SIM_08,Black,74.000000,velocity,0.182824
TRIAL_Black_SIM_08,Black,75.000000,velocity,0.162859
TRIAL_Black_SIM_08,Black,76.000000,velocity,0.144428
TRIAL_Black_SIM_08,Black,77.000000,velocity,0.125997
TRIAL_Black_SIM_08,Black,78.000000,velocity,0.109350
TRIAL_Black_SIM_08,Black,79.000000,velocity,0.093372
TRIAL_Black_SIM_08,Black,80.000000,velocity,0.079883
TRIAL_Black_SIM_08,Black,81.000000,velocity,0.069380
TRIAL_Black_SIM_08,Black,82.000000,velocity,0.059616
TRIAL_Black_SIM_08,Black,83.000000,velocity,0.053178
TRIAL_Black_SIM_08,Black,84.000000,velocity,0.046740
TRIAL_Black_SIM_08,Black,85.000000,velocity,0.042889
TRIAL_Black_SIM_08,Black,86.000000,velocity,0.039297
TRIAL_Black_SIM_08,Black,87.000000,velocity,0.035368
TRIAL_Black_SIM_08,Black,88.000000,velocity,0.031246
TRIAL_Black_SIM_08,Black,89.000000,velocity,0.027210
TRIAL_Black_SIM_08,Black,90.000000,velocity,0.023325
TRIAL_Black_SIM_08,Black,91.000000,velocity,0.019517
TRIAL_Black_SIM_08,Black,92.000000,velocity,0.016481
TRIAL_Black_SIM_08,Black,93.000000,velocity,0.013446
TRIAL_Black_SIM_08,Black,94.000000,velocity,0.009995
TRIAL_Black_SIM_08,Black,95.000000,velocity,0.006452
TRIAL_Black_SIM_08,Black,96.000000,velocity,0.003880
TRIAL_Black_SIM_08,Black,97.000000,velocity,0.002115
TRIAL_Black_SIM_08,Black,98.000000,velocity,0.000732
TRIAL_Black_SIM_08,Black,99.000000,velocity,0.000366
TRIAL_Black_SIM_08,Black,100.000000,velocity,0.000000
TRIAL_Black_SIM_08,Black,0.000000,acceleration_mag,0.004120
TRIAL_Black_SIM_08,Black,1.000000,acceleration_mag,0.038646
TRIAL_Black_SIM_08,Black,2.000000,acceleration_mag,0.073172
TRIAL_Black_SIM_08,Black,3.000000,acceleration_mag,0.149141
TRIAL_Black_SIM_08,Black,4.000000,acceleration_mag,0.240650
TRIAL_Black_SIM_08,Black,5.000000,acceleration_mag,0.325696
TRIAL_Black_SIM_08,Black,6.000000,acceleration_mag,0.402985
TRIAL_Black_SIM_08,Black,7.000000,acceleration_mag,0.476269
TRIAL_Black_SIM_08,Black,8.000000,acceleration_mag,0.531531
TRIAL_Black_SIM_08,Black,9.000000,acceleration_mag,0.586793
TRIAL_Black_SIM_08,Black,10.000000,acceleration_mag,0.600477
TRIAL_Black_SIM_08,Black,11.000000,acceleration_mag,0.610003
TRIAL_Black_SIM_08,Black,12.000000,acceleration_mag,0.616696
TRIAL_Black_SIM_08,Black,13.000000,acceleration_mag,0.621771
TRIAL_Black_SIM_08,Black,14.000000,acceleration_mag,0.651605
TRIAL_Black_SIM_08,Black,15.000000,acceleration_mag,0.724768
TRIAL_Black_SIM_08,Black,16.000000,acceleration_mag,0.801301
TRIAL_Black_SIM_08,Black,17.000000,acceleration_mag,0.911535
TRIAL_Black_SIM_08,Black,18.000000,acceleration_mag,1.021769
TRIAL_Black_SIM_08,Black,19.000000,acceleration_mag,1.128671
TRIAL_Black_SIM_08,Black,20.000000,acceleration_mag,1.234833
TRIAL_Black_SIM_08,Black,21.000000,acceleration_mag,1.320031
TRIAL_Black_SIM_08,Black,22.000000,acceleration_mag,1.387760
TRIAL_Black_SIM_08,Black,23.000000,acceleration_mag,1.453992
TRIAL_Black_SIM_08,Black,24.000000,acceleration_mag,1.516237
TRIAL_Black_SIM_08,Black,25.000000,acceleration_mag,1.578481
TRIAL_Black_SIM_08,Black,26.000000,acceleration_mag,1.655600
TRIAL_Black_SIM_08,Black,27.000000,acceleration_mag,1.732719
TRIAL_Black_SIM_08,Black,28.000000,acceleration_mag,1.796626
TRIAL_Black_SIM_08,Black,29.000000,acceleration_mag,1.855578
TRIAL_Black_SIM_08,Black,30.000000,acceleration_mag,1.897926
TRIAL_Black_SIM_08,Black,31.000000,acceleration_mag,1.920347
TRIAL_Black_SIM_08,Black,32.000000,acceleration_mag,1.933695
TRIAL_Black_SIM_08,Black,33.000000,acceleration_mag,1.906217
TRIAL_Black_SIM_08,Black,34.000000,acceleration_mag,1.878739
TRIAL_Black_SIM_08,Black,35.000000,acceleration_mag,1.814507
TRIAL_Black_SIM_08,Black,36.000000,acceleration_mag,1.746600
TRIAL_Black_SIM_08,Black,37.000000,acceleration_mag,1.660661
TRIAL_Black_SIM_08,Black,38.000000,acceleration_mag,1.564420
TRIAL_Black_SIM_08,Black,39.000000,acceleration_mag,1.458047
TRIAL_Black_SIM_08,Black,40.000000,acceleration_mag,1.333945
TRIAL_Black_SIM_08,Black,41.000000,acceleration_mag,1.205630
TRIAL_Black_SIM_08,Black,42.000000,acceleration_mag,1.035183
TRIAL_Black_SIM_08,Black,43.000000,acceleration_mag,0.864737
TRIAL_Black_SIM_08,Black,44.000000,acceleration_mag,0.661158
TRIAL_Black_SIM_08,Black,45.000000,acceleration_mag,0.450216
TRIAL_Black_SIM_08,Black,46.000000,acceleration_mag,0.307267
TRIAL_Black_SIM_08,Black,47.000000,acceleration_mag,0.220977
TRIAL_Black_SIM_08,Black,48.000000,acceleration_mag,0.210802
TRIAL_Black_SIM_08,Black,49.000000,acceleration_mag,0.403596
TRIAL_Black_SIM_08,Black,50.000000,acceleration_mag,0.596390
TRIAL_Black_SIM_08,Black,51.000000,acceleration_mag,0.737168
TRIAL_Black_SIM_08,Black,52.000000,acceleration_mag,0.877946
TRIAL_Black_SIM_08,Black,53.000000,acceleration_mag,0.995334
TRIAL_Black_SIM_08,Black,54.000000,acceleration_mag,1.103950
TRIAL_Black_SIM_08,Black,55.000000,acceleration_mag,1.219439
TRIAL_Black_SIM_08,Black,56.000000,acceleration_mag,1.343175
TRIAL_Black_SIM_08,Black,57.000000,acceleration_mag,1.468244
TRIAL_Black_SIM_08,Black,58.000000,acceleration_mag,1.599309
TRIAL_Black_SIM_08,Black,59.000000,acceleration_mag,1.730374
TRIAL_Black_SIM_08,Black,60.000000,acceleration_mag,1.821171
TRIAL_Black_SIM_08,Black,61.000000,acceleration_mag,1.907941
TRIAL_Black_SIM_08,Black,62.000000,acceleration_mag,1.938063
TRIAL_Black_SIM_08,Black,63.000000,acceleration_mag,1.935815
TRIAL_Black_SIM_08,Black,64.000000,acceleration_mag,1.913247
TRIAL_Black_SIM_08,Black,65.000000,acceleration_mag,1.855118
TRIAL_Black_SIM_08,Black,66.000000,acceleration_mag,1.796706
TRIAL_Black_SIM_08,Black,67.000000,acceleration_mag,1.735462
TRIAL_Black_SIM_08,Black,68.000000,acceleration_mag,1.674217
TRIAL_Black_SIM_08,Black,69.000000,acceleration_mag,1.611231
TRIAL_Black_SIM_08,Black,70.000000,acceleration_mag,1.547859
TRIAL_Black_SIM_08,Black,71.000000,acceleration_mag,1.496245
TRIAL_Black_SIM_08,Black,72.000000,acceleration_mag,1.454429
TRIAL_Black_SIM_08,Black,73.000000,acceleration_mag,1.410377
TRIAL_Black_SIM_08,Black,74.000000,acceleration_mag,1.360361
TRIAL_Black_SIM_08,Black,75.000000,acceleration_mag,1.310344
TRIAL_Black_SIM_08,Black,76.000000,acceleration_mag,1.250290
TRIAL_Black_SIM_08,Black,77.000000,acceleration_mag,1.190236
TRIAL_Black_SIM_08,Black,78.000000,acceleration_mag,1.088760
TRIAL_Black_SIM_08,Black,79.000000,acceleration_mag,0.971752
TRIAL_Black_SIM_08,Black,80.000000,acceleration_mag,0.842708
TRIAL_Black_SIM_08,Black,81.000000,acceleration_mag,0.699221
TRIAL_Black_SIM_08,Black,82.000000,acceleration_mag,0.562790
TRIAL_Black_SIM_08,Black,83.000000,acceleration_mag,0.458108
TRIAL_Black_SIM_08,Black,84.000000,acceleration_mag,0.353427
TRIAL_Black_SIM_08,Black,85.000000,acceleration_mag,0.308310
TRIAL_Black_SIM_08,Black,86.000000,acceleration_mag,0.269150
TRIAL_Black_SIM_08,Black,87.000000,acceleration_mag,0.256817
TRIAL_Black_SIM_08,Black,88.000000,acceleration_mag,0.259814
TRIAL_Black_SIM_08,Black,89.000000,acceleration_mag,0.256342
TRIAL_Black_SIM_08,Black,90.000000,acceleration_mag,0.241550
TRIAL_Black_SIM_08,Black,91.000000,acceleration_mag,0.227866
TRIAL_Black_SIM_08,Black,92.000000,acceleration_mag,0.225261
TRIAL_Black_SIM_08,Black,93.000000,acceleration_mag,0.222656
TRIAL_Black_SIM_08,Black,94.000000,acceleration_mag,0.207222
TRIAL_Black_SIM_08,Black,95.000000,acceleration_mag,0.188937
TRIAL_Black_SIM_08,Black,96.000000,acceleration_mag,0.153144
TRIAL_Black_SIM_08,Black,97.000000,acceleration_mag,0.102760
TRIAL_Black_SIM_08,Black,98.000000,acceleration_mag,0.060672
TRIAL_Black_SIM_08,Black,99.000000,acceleration_mag,0.040707
TRIAL_Black_SIM_08,Black,100.000000,acceleration_mag,0.020742
TRIAL_Black_SIM_08,Black,0.000000,ax,-0.003509
TRIAL_Black_SIM_08,Black,1.000000,ax,0.034120
TRIAL_Black_SIM_08,Black,2.000000,ax,0.071749
TRIAL_Black_SIM_08,Black,3.000000,ax,0.147829
TRIAL_Black_SIM_08,Black,4.000000,ax,0.238327
TRIAL_Black_SIM_08,Black,5.000000,ax,0.322340
TRIAL_Black_SIM_08,Black,6.000000,ax,0.398571
TRIAL_Black_SIM_08,Black,7.000000,ax,0.470837
TRIAL_Black_SIM_08,Black,8.000000,ax,0.525261
TRIAL_Black_SIM_08,Black,9.000000,ax,0.579684
TRIAL_Black_SIM_08,Black,10.000000,ax,0.593024
TRIAL_Black_SIM_08,Black,11.000000,ax,0.602254
TRIAL_Black_SIM_08,Black,12.000000,ax,0.608892
TRIAL_Black_SIM_08,Black,13.000000,ax,0.614049
TRIAL_Black_SIM_08,Black,14.000000,ax,0.643735
TRIAL_Black_SIM_08,Black,15.000000,ax,0.716350
TRIAL_Black_SIM_08,Black,16.000000,ax,0.792285
TRIAL_Black_SIM_08,Black,17.000000,ax,0.901413
TRIAL_Black_SIM_08,Black,18.000000,ax,1.010541
TRIAL_Black_SIM_08,Black,19.000000,ax,1.116152
TRIAL_Black_SIM_08,Black,20.000000,ax,1.220983
TRIAL_Black_SIM_08,Black,21.000000,ax,1.305072
TRIAL_Black_SIM_08,Black,22.000000,ax,1.371877
TRIAL_Black_SIM_08,Black,23.000000,ax,1.437277
TRIAL_Black_SIM_08,Black,24.000000,ax,1.498934
TRIAL_Black_SIM_08,Black,25.000000,ax,1.560590
TRIAL_Black_SIM_08,Black,26.000000,ax,1.637180
TRIAL_Black_SIM_08,Black,27.000000,ax,1.713770
TRIAL_Black_SIM_08,Black,28.000000,ax,1.777125
TRIAL_Black_SIM_08,Black,29.000000,ax,1.835517
TRIAL_Black_SIM_08,Black,30.000000,ax,1.877449
TRIAL_Black_SIM_08,Black,31.000000,ax,1.899629
TRIAL_Black_SIM_08,Black,32.000000,ax,1.912787
TRIAL_Black_SIM_08,Black,33.000000,ax,1.885350
TRIAL_Black_SIM_08,Black,34.000000,ax,1.857913
TRIAL_Black_SIM_08,Black,35.000000,ax,1.794227
TRIAL_Black_SIM_08,Black,36.000000,ax,1.726917
TRIAL_Black_SIM_08,Black,37.000000,ax,1.641753
TRIAL_Black_SIM_08,Black,38.000000,ax,1.546387
TRIAL_Black_SIM_08,Black,39.000000,ax,1.441020
TRIAL_Black_SIM_08,Black,40.000000,ax,1.318149
TRIAL_Black_SIM_08,Black,41.000000,ax,1.191129
TRIAL_Black_SIM_08,Black,42.000000,ax,1.022623
TRIAL_Black_SIM_08,Black,43.000000,ax,0.854117
TRIAL_Black_SIM_08,Black,44.000000,ax,0.652772
TRIAL_Black_SIM_08,Black,45.000000,ax,0.444128
TRIAL_Black_SIM_08,Black,46.000000,ax,0.228630
TRIAL_Black_SIM_08,Black,47.000000,ax,0.007421
TRIAL_Black_SIM_08,Black,48.000000,ax,-0.205456
TRIAL_Black_SIM_08,Black,49.000000,ax,-0.396113
TRIAL_Black_SIM_08,Black,50.000000,ax,-0.586769
TRIAL_Black_SIM_08,Black,51.000000,ax,-0.725739
TRIAL_Black_SIM_08,Black,52.000000,ax,-0.864710
TRIAL_Black_SIM_08,Black,53.000000,ax,-0.981143
TRIAL_Black_SIM_08,Black,54.000000,ax,-1.089125
TRIAL_Black_SIM_08,Black,55.000000,ax,-1.203852
TRIAL_Black_SIM_08,Black,56.000000,ax,-1.326673
TRIAL_Black_SIM_08,Black,57.000000,ax,-1.450843
TRIAL_Black_SIM_08,Black,58.000000,ax,-1.581086
TRIAL_Black_SIM_08,Black,59.000000,ax,-1.711328
TRIAL_Black_SIM_08,Black,60.000000,ax,-1.801518
TRIAL_Black_SIM_08,Black,61.000000,ax,-1.887704
TRIAL_Black_SIM_08,Black,62.000000,ax,-1.917858
TRIAL_Black_SIM_08,Black,63.000000,ax,-1.915993
TRIAL_Black_SIM_08,Black,64.000000,ax,-1.893847
TRIAL_Black_SIM_08,Black,65.000000,ax,-1.836206
TRIAL_Black_SIM_08,Black,66.000000,ax,-1.778263
TRIAL_Black_SIM_08,Black,67.000000,ax,-1.717306
TRIAL_Black_SIM_08,Black,68.000000,ax,-1.656348
TRIAL_Black_SIM_08,Black,69.000000,ax,-1.593745
TRIAL_Black_SIM_08,Black,70.000000,ax,-1.530777
TRIAL_Black_SIM_08,Black,71.000000,ax,-1.479512
TRIAL_Black_SIM_08,Black,72.000000,ax,-1.437999
TRIAL_Black_SIM_08,Black,73.000000,ax,-1.394335
TRIAL_Black_SIM_08,Black,74.000000,ax,-1.344934
TRIAL_Black_SIM_08,Black,75.000000,ax,-1.295533
TRIAL_Black_SIM_08,Black,76.000000,ax,-1.236089
TRIAL_Black_SIM_08,Black,77.000000,ax,-1.176644
TRIAL_Black_SIM_08,Black,78.000000,ax,-1.076576
TRIAL_Black_SIM_08,Black,79.000000,ax,-0.961274
TRIAL_Black_SIM_08,Black,80.000000,ax,-0.833880
TRIAL_Black_SIM_08,Black,81.000000,ax,-0.691974
TRIAL_Black_SIM_08,Black,82.000000,ax,-0.557023
TRIAL_Black_SIM_08,Black,83.000000,ax,-0.453365
TRIAL_Black_SIM_08,Black,84.000000,ax,-0.349707
TRIAL_Black_SIM_08,Black,85.000000,ax,-0.304150
TRIAL_Black_SIM_08,Black,86.000000,ax,-0.264403
TRIAL_Black_SIM_08,Black,87.000000,ax,-0.251547
TRIAL_Black_SIM_08,Black,88.000000,ax,-0.254058
TRIAL_Black_SIM_08,Black,89.000000,ax,-0.250495
TRIAL_Black_SIM_08,Black,90.000000,ax,-0.236302
TRIAL_Black_SIM_08,Black,91.000000,ax,-0.223225
TRIAL_Black_SIM_08,Black,92.000000,ax,-0.221312
TRIAL_Black_SIM_08,Black,93.000000,ax,-0.219400
TRIAL_Black_SIM_08,Black,94.000000,ax,-0.204409
TRIAL_Black_SIM_08,Black,95.000000,ax,-0.186511
TRIAL_Black_SIM_08,Black,96.000000,ax,-0.150652
TRIAL_Black_SIM_08,Black,97.000000,ax,-0.099825
TRIAL_Black_SIM_08,Black,98.000000,ax,-0.056892
TRIAL_Black_SIM_08,Black,99.000000,ax,-0.035011
TRIAL_Black_SIM_08,Black,100.000000,ax,-0.013129
TRIAL_Black_SIM_08,Black,0.000000,ay,-0.000891
TRIAL_Black_SIM_08,Black,1.000000,ay,-0.001517
TRIAL_Black_SIM_08,Black,2.000000,ay,-0.002142
TRIAL_Black_SIM_08,Black,3.000000,ay,-0.002519
TRIAL_Black_SIM_08,Black,4.000000,ay,-0.002803
TRIAL_Black_SIM_08,Black,5.000000,ay,-0.002537
TRIAL_Black_SIM_08,Black,6.000000,ay,-0.001612
TRIAL_Black_SIM_08,Black,7.000000,ay,-0.000612
TRIAL_Black_SIM_08,Black,8.000000,ay,0.000725
TRIAL_Black_SIM_08,Black,9.000000,ay,0.002062
TRIAL_Black_SIM_08,Black,10.000000,ay,0.003425
TRIAL_Black_SIM_08,Black,11.000000,ay,0.004791
TRIAL_Black_SIM_08,Black,12.000000,ay,0.005377
TRIAL_Black_SIM_08,Black,13.000000,ay,0.005517
TRIAL_Black_SIM_08,Black,14.000000,ay,0.005489
TRIAL_Black_SIM_08,Black,15.000000,ay,0.005163
TRIAL_Black_SIM_08,Black,16.000000,ay,0.004924
TRIAL_Black_SIM_08,Black,17.000000,ay,0.005554
TRIAL_Black_SIM_08,Black,18.000000,ay,0.006184
TRIAL_Black_SIM_08,Black,19.000000,ay,0.008052
TRIAL_Black_SIM_08,Black,20.000000,ay,0.010196
TRIAL_Black_SIM_08,Black,21.000000,ay,0.012483
TRIAL_Black_SIM_08,Black,22.000000,ay,0.014889
TRIAL_Black_SIM_08,Black,23.000000,ay,0.017039
TRIAL_Black_SIM_08,Black,24.000000,ay,0.018508
TRIAL_Black_SIM_08,Black,25.000000,ay,0.019976
TRIAL_Black_SIM_08,Black,26.000000,ay,0.020815
TRIAL_Black_SIM_08,Black,27.000000,ay,0.021653
TRIAL_Black_SIM_08,Black,28.000000,ay,0.023273
TRIAL_Black_SIM_08,Black,29.000000,ay,0.025185
TRIAL_Black_SIM_08,Black,30.000000,ay,0.027193
TRIAL_Black_SIM_08,Black,31.000000,ay,0.029315
TRIAL_Black_SIM_08,Black,32.000000,ay,0.031553
TRIAL_Black_SIM_08,Black,33.000000,ay,0.034306
TRIAL_Black_SIM_08,Black,34.000000,ay,0.037060
TRIAL_Black_SIM_08,Black,35.000000,ay,0.038842
TRIAL_Black_SIM_08,Black,36.000000,ay,0.040527
TRIAL_Black_SIM_08,Black,37.000000,ay,0.041864
TRIAL_Black_SIM_08,Black,38.000000,ay,0.043000
TRIAL_Black_SIM_08,Black,39.000000,ay,0.043774
TRIAL_Black_SIM_08,Black,40.000000,ay,0.043913
TRIAL_Black_SIM_08,Black,41.000000,ay,0.043862
TRIAL_Black_SIM_08,Black,42.000000,ay,0.041912
TRIAL_Black_SIM_08,Black,43.000000,ay,0.039962
TRIAL_Black_SIM_08,Black,44.000000,ay,0.036733
TRIAL_Black_SIM_08,Black,45.000000,ay,0.033220
TRIAL_Black_SIM_08,Black,46.000000,ay,0.027976
TRIAL_Black_SIM_08,Black,47.000000,ay,0.021290
TRIAL_Black_SIM_08,Black,48.000000,ay,0.014799
TRIAL_Black_SIM_08,Black,49.000000,ay,0.008828
TRIAL_Black_SIM_08,Black,50.000000,ay,0.002858
TRIAL_Black_SIM_08,Black,51.000000,ay,-0.001891
TRIAL_Black_SIM_08,Black,52.000000,ay,-0.006640
TRIAL_Black_SIM_08,Black,53.000000,ay,-0.008789
TRIAL_Black_SIM_08,Black,54.000000,ay,-0.009964
TRIAL_Black_SIM_08,Black,55.000000,ay,-0.011622
TRIAL_Black_SIM_08,Black,56.000000,ay,-0.013860
TRIAL_Black_SIM_08,Black,57.000000,ay,-0.016043
TRIAL_Black_SIM_08,Black,58.000000,ay,-0.017978
TRIAL_Black_SIM_08,Black,59.000000,ay,-0.019914
TRIAL_Black_SIM_08,Black,60.000000,ay,-0.022204
TRIAL_Black_SIM_08,Black,61.000000,ay,-0.024530
TRIAL_Black_SIM_08,Black,62.000000,ay,-0.025557
TRIAL_Black_SIM_08,Black,63.000000,ay,-0.025841
TRIAL_Black_SIM_08,Black,64.000000,ay,-0.026425
TRIAL_Black_SIM_08,Black,65.000000,ay,-0.027532
TRIAL_Black_SIM_08,Black,66.000000,ay,-0.028701
TRIAL_Black_SIM_08,Black,67.000000,ay,-0.030482
TRIAL_Black_SIM_08,Black,68.000000,ay,-0.032262
TRIAL_Black_SIM_08,Black,69.000000,ay,-0.033478
TRIAL_Black_SIM_08,Black,70.000000,ay,-0.034568
TRIAL_Black_SIM_08,Black,71.000000,ay,-0.035548
TRIAL_Black_SIM_08,Black,72.000000,ay,-0.036437
TRIAL_Black_SIM_08,Black,73.000000,ay,-0.036968
TRIAL_Black_SIM_08,Black,74.000000,ay,-0.036541
TRIAL_Black_SIM_08,Black,75.000000,ay,-0.036115
TRIAL_Black_SIM_08,Black,76.000000,ay,-0.035656
TRIAL_Black_SIM_08,Black,77.000000,ay,-0.035197
TRIAL_Black_SIM_08,Black,78.000000,ay,-0.031783
TRIAL_Black_SIM_08,Black,79.000000,ay,-0.027261
TRIAL_Black_SIM_08,Black,80.000000,ay,-0.022951
TRIAL_Black_SIM_08,Black,81.000000,ay,-0.018896
TRIAL_Black_SIM_08,Black,82.000000,ay,-0.015108
TRIAL_Black_SIM_08,Black,83.000000,ay,-0.012518
TRIAL_Black_SIM_08,Black,84.000000,ay,-0.009928
TRIAL_Black_SIM_08,Black,85.000000,ay,-0.011993
TRIAL_Black_SIM_08,Black,86.000000,ay,-0.014524
TRIAL_Black_SIM_08,Black,87.000000,ay,-0.016494
TRIAL_Black_SIM_08,Black,88.000000,ay,-0.018145
TRIAL_Black_SIM_08,Black,89.000000,ay,-0.018598
TRIAL_Black_SIM_08,Black,90.000000,ay,-0.016955
TRIAL_Black_SIM_08,Black,91.000000,ay,-0.015279
TRIAL_Black_SIM_08,Black,92.000000,ay,-0.013268
TRIAL_Black_SIM_08,Black,93.000000,ay,-0.011257
TRIAL_Black_SIM_08,Black,94.000000,ay,-0.009869
TRIAL_Black_SIM_08,Black,95.000000,ay,-0.008620
TRIAL_Black_SIM_08,Black,96.000000,ay,-0.008285
TRIAL_Black_SIM_08,Black,97.000000,ay,-0.008712
TRIAL_Black_SIM_08,Black,98.000000,ay,-0.008975
TRIAL_Black_SIM_08,Black,99.000000,ay,-0.008803
TRIAL_Black_SIM_08,Black,100.000000,ay,-0.008631
TRIAL_Black_SIM_08,Black,0.000000,az,-0.001967
TRIAL_Black_SIM_08,Black,1.000000,az,0.003062
TRIAL_Black_SIM_08,Black,2.000000,az,0.008091
TRIAL_Black_SIM_08,Black,3.000000,az,0.019446
TRIAL_Black_SIM_08,Black,4.000000,az,0.033173
TRIAL_Black_SIM_08,Black,5.000000,az,0.046520
TRIAL_Black_SIM_08,Black,6.000000,az,0.059410
TRIAL_Black_SIM_08,Black,7.000000,az,0.071713
TRIAL_Black_SIM_08,Black,8.000000,az,0.081372
TRIAL_Black_SIM_08,Black,9.000000,az,0.091031
TRIAL_Black_SIM_08,Black,10.000000,az,0.094233
TRIAL_Black_SIM_08,Black,11.000000,az,0.096789
TRIAL_Black_SIM_08,Black,12.000000,az,0.097645
TRIAL_Black_SIM_08,Black,13.000000,az,0.097531
TRIAL_Black_SIM_08,Black,14.000000,az,0.100800
TRIAL_Black_SIM_08,Black,15.000000,az,0.109991
TRIAL_Black_SIM_08,Black,16.000000,az,0.119763
TRIAL_Black_SIM_08,Black,17.000000,az,0.135350
TRIAL_Black_SIM_08,Black,18.000000,az,0.150936
TRIAL_Black_SIM_08,Black,19.000000,az,0.167437
TRIAL_Black_SIM_08,Black,20.000000,az,0.184141
TRIAL_Black_SIM_08,Black,21.000000,az,0.197764
TRIAL_Black_SIM_08,Black,22.000000,az,0.208818
TRIAL_Black_SIM_08,Black,23.000000,az,0.219172
TRIAL_Black_SIM_08,Black,24.000000,az,0.227657
TRIAL_Black_SIM_08,Black,25.000000,az,0.236142
TRIAL_Black_SIM_08,Black,26.000000,az,0.245386
TRIAL_Black_SIM_08,Black,27.000000,az,0.254629
TRIAL_Black_SIM_08,Black,28.000000,az,0.262960
TRIAL_Black_SIM_08,Black,29.000000,az,0.270949
TRIAL_Black_SIM_08,Black,30.000000,az,0.276706
TRIAL_Black_SIM_08,Black,31.000000,az,0.279785
TRIAL_Black_SIM_08,Black,32.000000,az,0.281819
TRIAL_Black_SIM_08,Black,33.000000,az,0.279151
TRIAL_Black_SIM_08,Black,34.000000,az,0.276483
TRIAL_Black_SIM_08,Black,35.000000,az,0.267698
TRIAL_Black_SIM_08,Black,36.000000,az,0.258302
TRIAL_Black_SIM_08,Black,37.000000,az,0.246326
TRIAL_Black_SIM_08,Black,38.000000,az,0.232876
TRIAL_Black_SIM_08,Black,39.000000,az,0.217794
TRIAL_Black_SIM_08,Black,40.000000,az,0.199855
TRIAL_Black_SIM_08,Black,41.000000,az,0.181176
TRIAL_Black_SIM_08,Black,42.000000,az,0.155099
TRIAL_Black_SIM_08,Black,43.000000,az,0.129021
TRIAL_Black_SIM_08,Black,44.000000,az,0.097714
TRIAL_Black_SIM_08,Black,45.000000,az,0.065245
TRIAL_Black_SIM_08,Black,46.000000,az,0.030005
TRIAL_Black_SIM_08,Black,47.000000,az,-0.007542
TRIAL_Black_SIM_08,Black,48.000000,az,-0.043466
TRIAL_Black_SIM_08,Black,49.000000,az,-0.075059
TRIAL_Black_SIM_08,Black,50.000000,az,-0.106652
TRIAL_Black_SIM_08,Black,51.000000,az,-0.129170
TRIAL_Black_SIM_08,Black,52.000000,az,-0.151689
TRIAL_Black_SIM_08,Black,53.000000,az,-0.167148
TRIAL_Black_SIM_08,Black,54.000000,az,-0.179961
TRIAL_Black_SIM_08,Black,55.000000,az,-0.193964
TRIAL_Black_SIM_08,Black,56.000000,az,-0.209394
TRIAL_Black_SIM_08,Black,57.000000,az,-0.224788
TRIAL_Black_SIM_08,Black,58.000000,az,-0.240016
TRIAL_Black_SIM_08,Black,59.000000,az,-0.255245
TRIAL_Black_SIM_08,Black,60.000000,az,-0.265878
TRIAL_Black_SIM_08,Black,61.000000,az,-0.276051
TRIAL_Black_SIM_08,Black,62.000000,az,-0.277940
TRIAL_Black_SIM_08,Black,63.000000,az,-0.275093
TRIAL_Black_SIM_08,Black,64.000000,az,-0.270479
TRIAL_Black_SIM_08,Black,65.000000,az,-0.262772
TRIAL_Black_SIM_08,Black,66.000000,az,-0.255159
TRIAL_Black_SIM_08,Black,67.000000,az,-0.248480
TRIAL_Black_SIM_08,Black,68.000000,az,-0.241800
TRIAL_Black_SIM_08,Black,69.000000,az,-0.234331
TRIAL_Black_SIM_08,Black,70.000000,az,-0.226686
TRIAL_Black_SIM_08,Black,71.000000,az,-0.220284
TRIAL_Black_SIM_08,Black,72.000000,az,-0.214918
TRIAL_Black_SIM_08,Black,73.000000,az,-0.208867
TRIAL_Black_SIM_08,Black,74.000000,az,-0.200989
TRIAL_Black_SIM_08,Black,75.000000,az,-0.193112
TRIAL_Black_SIM_08,Black,76.000000,az,-0.184492
TRIAL_Black_SIM_08,Black,77.000000,az,-0.175871
TRIAL_Black_SIM_08,Black,78.000000,az,-0.159260
TRIAL_Black_SIM_08,Black,79.000000,az,-0.139652
TRIAL_Black_SIM_08,Black,80.000000,az,-0.119474
TRIAL_Black_SIM_08,Black,81.000000,az,-0.098611
TRIAL_Black_SIM_08,Black,82.000000,az,-0.078926
TRIAL_Black_SIM_08,Black,83.000000,az,-0.064546
TRIAL_Black_SIM_08,Black,84.000000,az,-0.050165
TRIAL_Black_SIM_08,Black,85.000000,az,-0.048355
TRIAL_Black_SIM_08,Black,86.000000,az,-0.047802
TRIAL_Black_SIM_08,Black,87.000000,az,-0.049008
TRIAL_Black_SIM_08,Black,88.000000,az,-0.051219
TRIAL_Black_SIM_08,Black,89.000000,az,-0.051152
TRIAL_Black_SIM_08,Black,90.000000,az,-0.047097
TRIAL_Black_SIM_08,Black,91.000000,az,-0.043096
TRIAL_Black_SIM_08,Black,92.000000,az,-0.039630
TRIAL_Black_SIM_08,Black,93.000000,az,-0.036163
TRIAL_Black_SIM_08,Black,94.000000,az,-0.032553
TRIAL_Black_SIM_08,Black,95.000000,az,-0.028910
TRIAL_Black_SIM_08,Black,96.000000,az,-0.025130
TRIAL_Black_SIM_08,Black,97.000000,az,-0.021236
TRIAL_Black_SIM_08,Black,98.000000,az,-0.017820
TRIAL_Black_SIM_08,Black,99.000000,az,-0.015681
TRIAL_Black_SIM_08,Black,100.000000,az,-0.013541
TRIAL_Blue_SIM_01,Blue,0.000000,object_area,2807.176400
TRIAL_Blue_SIM_01,Blue,1.000000,object_area,2810.044030
TRIAL_Blue_SIM_01,Blue,2.000000,object_area,2812.911659
TRIAL_Blue_SIM_01,Blue,3.000000,object_area,2818.772345
TRIAL_Blue_SIM_01,Blue,4.000000,object_area,2825.755428
TRIAL_Blue_SIM_01,Blue,5.000000,object_area,2833.517458
TRIAL_Blue_SIM_01,Blue,6.000000,object_area,2842.214225
TRIAL_Blue_SIM_01,Blue,7.000000,object_area,2851.807886
TRIAL_Blue_SIM_01,Blue,8.000000,object_area,2865.437576
TRIAL_Blue_SIM_01,Blue,9.000000,object_area,2879.067266
TRIAL_Blue_SIM_01,Blue,10.000000,object_area,2894.130258
TRIAL_Blue_SIM_01,Blue,11.000000,object_area,2909.336579
TRIAL_Blue_SIM_01,Blue,12.000000,object_area,2927.819204
TRIAL_Blue_SIM_01,Blue,13.000000,object_area,2948.174002
TRIAL_Blue_SIM_01,Blue,14.000000,object_area,2968.237991
TRIAL_Blue_SIM_01,Blue,15.000000,object_area,2987.793066
TRIAL_Blue_SIM_01,Blue,16.000000,object_area,3007.533794
TRIAL_Blue_SIM_01,Blue,17.000000,object_area,3029.131056
TRIAL_Blue_SIM_01,Blue,18.000000,object_area,3050.728317
TRIAL_Blue_SIM_01,Blue,19.000000,object_area,3072.488883
TRIAL_Blue_SIM_01,Blue,20.000000,object_area,3094.285739
TRIAL_Blue_SIM_01,Blue,21.000000,object_area,3118.197350
TRIAL_Blue_SIM_01,Blue,22.000000,object_area,3143.871258
TRIAL_Blue_SIM_01,Blue,23.000000,object_area,3170.557460
TRIAL_Blue_SIM_01,Blue,24.000000,object_area,3199.943118
TRIAL_Blue_SIM_01,Blue,25.000000,object_area,3229.328775
TRIAL_Blue_SIM_01,Blue,26.000000,object_area,3259.766604
TRIAL_Blue_SIM_01,Blue,27.000000,object_area,3290.204434
TRIAL_Blue_SIM_01,Blue,28.000000,object_area,3321.651714
TRIAL_Blue_SIM_01,Blue,29.000000,object_area,3353.477539
TRIAL_Blue_SIM_01,Blue,30.000000,object_area,3385.179444
TRIAL_Blue_SIM_01,Blue,31.000000,object_area,3416.732645
TRIAL_Blue_SIM_01,Blue,32.000000,object_area,3448.937062
TRIAL_Blue_SIM_01,Blue,33.000000,object_area,3484.071955
TRIAL_Blue_SIM_01,Blue,34.000000,object_area,3519.206847
TRIAL_Blue_SIM_01,Blue,35.000000,object_area,3555.629531
TRIAL_Blue_SIM_01,Blue,36.000000,object_area,3592.180994
TRIAL_Blue_SIM_01,Blue,37.000000,object_area,3630.275036
TRIAL_Blue_SIM_01,Blue,38.000000,object_area,3669.250553
TRIAL_Blue_SIM_01,Blue,39.000000,object_area,3708.183476
TRIAL_Blue_SIM_01,Blue,40.000000,object_area,3747.041862
TRIAL_Blue_SIM_01,Blue,41.000000,object_area,3786.087859
TRIAL_Blue_SIM_01,Blue,42.000000,object_area,3827.009955
TRIAL_Blue_SIM_01,Blue,43.000000,object_area,3867.932051
TRIAL_Blue_SIM_01,Blue,44.000000,object_area,3909.190498
TRIAL_Blue_SIM_01,Blue,45.000000,object_area,3950.523690
TRIAL_Blue_SIM_01,Blue,46.000000,object_area,3992.039557
TRIAL_Blue_SIM_01,Blue,47.000000,object_area,4033.707652
TRIAL_Blue_SIM_01,Blue,48.000000,object_area,4074.862790
TRIAL_Blue_SIM_01,Blue,49.000000,object_area,4114.650045
TRIAL_Blue_SIM_01,Blue,50.000000,object_area,4154.437300
TRIAL_Blue_SIM_01,Blue,51.000000,object_area,4193.313560
TRIAL_Blue_SIM_01,Blue,52.000000,object_area,4232.189820
TRIAL_Blue_SIM_01,Blue,53.000000,object_area,4271.751140
TRIAL_Blue_SIM_01,Blue,54.000000,object_area,4311.569359
TRIAL_Blue_SIM_01,Blue,55.000000,object_area,4351.429210
TRIAL_Blue_SIM_01,Blue,56.000000,object_area,4391.339021
TRIAL_Blue_SIM_01,Blue,57.000000,object_area,4431.423001
TRIAL_Blue_SIM_01,Blue,58.000000,object_area,4472.290738
TRIAL_Blue_SIM_01,Blue,59.000000,object_area,4513.158476
TRIAL_Blue_SIM_01,Blue,60.000000,object_area,4552.939327
TRIAL_Blue_SIM_01,Blue,61.000000,object_area,4592.611489
TRIAL_Blue_SIM_01,Blue,62.000000,object_area,4632.119500
TRIAL_Blue_SIM_01,Blue,63.000000,object_area,4671.533709
TRIAL_Blue_SIM_01,Blue,64.000000,object_area,4709.619739
TRIAL_Blue_SIM_01,Blue,65.000000,object_area,4745.381456
TRIAL_Blue_SIM_01,Blue,66.000000,object_area,4780.920855
TRIAL_Blue_SIM_01,Blue,67.000000,object_area,4814.237083
TRIAL_Blue_SIM_01,Blue,68.000000,object_area,4847.553312
TRIAL_Blue_SIM_01,Blue,69.000000,object_area,4879.589339
TRIAL_Blue_SIM_01,Blue,70.000000,object_area,4911.340877
TRIAL_Blue_SIM_01,Blue,71.000000,object_area,4943.040150
TRIAL_Blue_SIM_01,Blue,72.000000,object_area,4974.695870
TRIAL_Blue_SIM_01,Blue,73.000000,object_area,5006.430667
TRIAL_Blue_SIM_01,Blue,74.000000,object_area,5038.376340
TRIAL_Blue_SIM_01,Blue,75.000000,object_area,5070.322012
TRIAL_Blue_SIM_01,Blue,76.000000,object_area,5100.427716
TRIAL_Blue_SIM_01,Blue,77.000000,object_area,5130.533420
TRIAL_Blue_SIM_01,Blue,78.000000,object_area,5160.367125
TRIAL_Blue_SIM_01,Blue,79.000000,object_area,5190.098832
TRIAL_Blue_SIM_01,Blue,80.000000,object_area,5218.148631
TRIAL_Blue_SIM_01,Blue,81.000000,object_area,5244.180143
TRIAL_Blue_SIM_01,Blue,82.000000,object_area,5269.531495
TRIAL_Blue_SIM_01,Blue,83.000000,object_area,5291.822130
TRIAL_Blue_SIM_01,Blue,84.000000,object_area,5314.112765
TRIAL_Blue_SIM_01,Blue,85.000000,object_area,5332.624846
TRIAL_Blue_SIM_01,Blue,86.000000,object_area,5350.759071
TRIAL_Blue_SIM_01,Blue,87.000000,object_area,5366.557641
TRIAL_Blue_SIM_01,Blue,88.000000,object_area,5381.021552
TRIAL_Blue_SIM_01,Blue,89.000000,object_area,5395.395567
TRIAL_Blue_SIM_01,Blue,90.000000,object_area,5409.612267
TRIAL_Blue_SIM_01,Blue,91.000000,object_area,5423.586175
TRIAL_Blue_SIM_01,Blue,92.000000,object_area,5435.132154
TRIAL_Blue_SIM_01,Blue,93.000000,object_area,5446.678134
TRIAL_Blue_SIM_01,Blue,94.000000,object_area,5458.692961
TRIAL_Blue_SIM_01,Blue,95.000000,object_area,5470.811977
TRIAL_Blue_SIM_01,Blue,96.000000,object_area,5480.065569
TRIAL_Blue_SIM_01,Blue,97.000000,object_area,5486.931310
TRIAL_Blue_SIM_01,Blue,98.000000,object_area,5492.829920
TRIAL_Blue_SIM_01,Blue,99.000000,object_area,5496.149516
TRIAL_Blue_SIM_01,Blue,100.000000,object_area,5499.469112
TRIAL_Blue_SIM_01,Blue,0.000000,finger_width,23.012428
TRIAL_Blue_SIM_01,Blue,1.000000,finger_width,23.735280
TRIAL_Blue_SIM_01,Blue,2.000000,finger_width,24.458132
TRIAL_Blue_SIM_01,Blue,3.000000,finger_width,25.487102
TRIAL_Blue_SIM_01,Blue,4.000000,finger_width,26.630865
TRIAL_Blue_SIM_01,Blue,5.000000,finger_width,28.071534
TRIAL_Blue_SIM_01,Blue,6.000000,finger_width,29.868489
TRIAL_Blue_SIM_01,Blue,7.000000,finger_width,31.748925
TRIAL_Blue_SIM_01,Blue,8.000000,finger_width,34.005028
TRIAL_Blue_SIM_01,Blue,9.000000,finger_width,36.261131
TRIAL_Blue_SIM_01,Blue,10.000000,finger_width,39.016755
TRIAL_Blue_SIM_01,Blue,11.000000,finger_width,41.822331
TRIAL_Blue_SIM_01,Blue,12.000000,finger_width,44.904924
TRIAL_Blue_SIM_01,Blue,13.000000,finger_width,48.145813
TRIAL_Blue_SIM_01,Blue,14.000000,finger_width,51.549877
TRIAL_Blue_SIM_01,Blue,15.000000,finger_width,55.239501
TRIAL_Blue_SIM_01,Blue,16.000000,finger_width,58.959793
TRIAL_Blue_SIM_01,Blue,17.000000,finger_width,62.986763
TRIAL_Blue_SIM_01,Blue,18.000000,finger_width,67.013734
TRIAL_Blue_SIM_01,Blue,19.000000,finger_width,71.266287
TRIAL_Blue_SIM_01,Blue,20.000000,finger_width,75.568969
TRIAL_Blue_SIM_01,Blue,21.000000,finger_width,79.936092
TRIAL_Blue_SIM_01,Blue,22.000000,finger_width,84.356916
TRIAL_Blue_SIM_01,Blue,23.000000,finger_width,88.821273
TRIAL_Blue_SIM_01,Blue,24.000000,finger_width,93.401719
TRIAL_Blue_SIM_01,Blue,25.000000,finger_width,97.982165
TRIAL_Blue_SIM_01,Blue,26.000000,finger_width,102.550598
TRIAL_Blue_SIM_01,Blue,27.000000,finger_width,107.119031
TRIAL_Blue_SIM_01,Blue,28.000000,finger_width,111.718324
TRIAL_Blue_SIM_01,Blue,29.000000,finger_width,116.329189
TRIAL_Blue_SIM_01,Blue,30.000000,finger_width,120.882920
TRIAL_Blue_SIM_01,Blue,31.000000,finger_width,125.368089
TRIAL_Blue_SIM_01,Blue,32.000000,finger_width,129.818905
TRIAL_Blue_SIM_01,Blue,33.000000,finger_width,134.115133
TRIAL_Blue_SIM_01,Blue,34.000000,finger_width,138.411360
TRIAL_Blue_SIM_01,Blue,35.000000,finger_width,142.501144
TRIAL_Blue_SIM_01,Blue,36.000000,finger_width,146.570285
TRIAL_Blue_SIM_01,Blue,37.000000,finger_width,150.483022
TRIAL_Blue_SIM_01,Blue,38.000000,finger_width,154.306388
TRIAL_Blue_SIM_01,Blue,39.000000,finger_width,158.023509
TRIAL_Blue_SIM_01,Blue,40.000000,finger_width,161.554703
TRIAL_Blue_SIM_01,Blue,41.000000,finger_width,165.034757
TRIAL_Blue_SIM_01,Blue,42.000000,finger_width,168.003419
TRIAL_Blue_SIM_01,Blue,43.000000,finger_width,170.972081
TRIAL_Blue_SIM_01,Blue,44.000000,finger_width,173.481373
TRIAL_Blue_SIM_01,Blue,45.000000,finger_width,175.888582
TRIAL_Blue_SIM_01,Blue,46.000000,finger_width,177.948564
TRIAL_Blue_SIM_01,Blue,47.000000,finger_width,179.719189
TRIAL_Blue_SIM_01,Blue,48.000000,finger_width,181.329048
TRIAL_Blue_SIM_01,Blue,49.000000,finger_width,182.510201
TRIAL_Blue_SIM_01,Blue,50.000000,finger_width,183.691353
TRIAL_Blue_SIM_01,Blue,51.000000,finger_width,184.074987
TRIAL_Blue_SIM_01,Blue,52.000000,finger_width,184.458621
TRIAL_Blue_SIM_01,Blue,53.000000,finger_width,183.983162
TRIAL_Blue_SIM_01,Blue,54.000000,finger_width,183.185544
TRIAL_Blue_SIM_01,Blue,55.000000,finger_width,181.668692
TRIAL_Blue_SIM_01,Blue,56.000000,finger_width,179.288761
TRIAL_Blue_SIM_01,Blue,57.000000,finger_width,176.712433
TRIAL_Blue_SIM_01,Blue,58.000000,finger_width,173.252320
TRIAL_Blue_SIM_01,Blue,59.000000,finger_width,169.792207
TRIAL_Blue_SIM_01,Blue,60.000000,finger_width,165.548235
TRIAL_Blue_SIM_01,Blue,61.000000,finger_width,161.225877
TRIAL_Blue_SIM_01,Blue,62.000000,finger_width,156.623667
TRIAL_Blue_SIM_01,Blue,63.000000,finger_width,151.861541
TRIAL_Blue_SIM_01,Blue,64.000000,finger_width,146.914631
TRIAL_Blue_SIM_01,Blue,65.000000,finger_width,141.644348
TRIAL_Blue_SIM_01,Blue,66.000000,finger_width,136.381811
TRIAL_Blue_SIM_01,Blue,67.000000,finger_width,131.196735
TRIAL_Blue_SIM_01,Blue,68.000000,finger_width,126.011659
TRIAL_Blue_SIM_01,Blue,69.000000,finger_width,121.055430
TRIAL_Blue_SIM_01,Blue,70.000000,finger_width,116.150056
TRIAL_Blue_SIM_01,Blue,71.000000,finger_width,111.865809
TRIAL_Blue_SIM_01,Blue,72.000000,finger_width,108.099168
TRIAL_Blue_SIM_01,Blue,73.000000,finger_width,104.653227
TRIAL_Blue_SIM_01,Blue,74.000000,finger_width,102.062483
TRIAL_Blue_SIM_01,Blue,75.000000,finger_width,99.471740
TRIAL_Blue_SIM_01,Blue,76.000000,finger_width,98.527790
TRIAL_Blue_SIM_01,Blue,77.000000,finger_width,97.583839
TRIAL_Blue_SIM_01,Blue,78.000000,finger_width,97.268830
TRIAL_Blue_SIM_01,Blue,79.000000,finger_width,97.189674
TRIAL_Blue_SIM_01,Blue,80.000000,finger_width,97.038571
TRIAL_Blue_SIM_01,Blue,81.000000,finger_width,96.801133
TRIAL_Blue_SIM_01,Blue,82.000000,finger_width,96.513480
TRIAL_Blue_SIM_01,Blue,83.000000,finger_width,95.999862
TRIAL_Blue_SIM_01,Blue,84.000000,finger_width,95.486245
TRIAL_Blue_SIM_01,Blue,85.000000,finger_width,95.148806
TRIAL_Blue_SIM_01,Blue,86.000000,finger_width,94.828985
TRIAL_Blue_SIM_01,Blue,87.000000,finger_width,94.757017
TRIAL_Blue_SIM_01,Blue,88.000000,finger_width,94.826680
TRIAL_Blue_SIM_01,Blue,89.000000,finger_width,94.979598
TRIAL_Blue_SIM_01,Blue,90.000000,finger_width,95.278215
TRIAL_Blue_SIM_01,Blue,91.000000,finger_width,95.582882
TRIAL_Blue_SIM_01,Blue,92.000000,finger_width,95.948051
TRIAL_Blue_SIM_01,Blue,93.000000,finger_width,96.313221
TRIAL_Blue_SIM_01,Blue,94.000000,finger_width,96.368231
TRIAL_Blue_SIM_01,Blue,95.000000,finger_width,96.354317
TRIAL_Blue_SIM_01,Blue,96.000000,finger_width,96.380141
TRIAL_Blue_SIM_01,Blue,97.000000,finger_width,96.439080
TRIAL_Blue_SIM_01,Blue,98.000000,finger_width,96.449689
TRIAL_Blue_SIM_01,Blue,99.000000,finger_width,96.331416
TRIAL_Blue_SIM_01,Blue,100.000000,finger_width,96.213143
TRIAL_Blue_SIM_01,Blue,0.000000,velocity,0.002439
TRIAL_Blue_SIM_01,Blue,1.000000,velocity,0.004522
TRIAL_Blue_SIM_01,Blue,2.000000,velocity,0.006606
TRIAL_Blue_SIM_01,Blue,3.000000,velocity,0.008340
TRIAL_Blue_SIM_01,Blue,4.000000,velocity,0.009943
TRIAL_Blue_SIM_01,Blue,5.000000,velocity,0.011818
TRIAL_Blue_SIM_01,Blue,6.000000,velocity,0.014019
TRIAL_Blue_SIM_01,Blue,7.000000,velocity,0.016228
TRIAL_Blue_SIM_01,Blue,8.000000,velocity,0.018470
TRIAL_Blue_SIM_01,Blue,9.000000,velocity,0.020712
TRIAL_Blue_SIM_01,Blue,10.000000,velocity,0.023198
TRIAL_Blue_SIM_01,Blue,11.000000,velocity,0.025708
TRIAL_Blue_SIM_01,Blue,12.000000,velocity,0.028685
TRIAL_Blue_SIM_01,Blue,13.000000,velocity,0.031930
TRIAL_Blue_SIM_01,Blue,14.000000,velocity,0.035190
TRIAL_Blue_SIM_01,Blue,15.000000,velocity,0.038478
TRIAL_Blue_SIM_01,Blue,16.000000,velocity,0.041938
TRIAL_Blue_SIM_01,Blue,17.000000,velocity,0.047105
TRIAL_Blue_SIM_01,Blue,18.000000,velocity,0.052272
TRIAL_Blue_SIM_01,Blue,19.000000,velocity,0.058290
TRIAL_Blue_SIM_01,Blue,20.000000,velocity,0.064497
TRIAL_Blue_SIM_01,Blue,21.000000,velocity,0.072025
TRIAL_Blue_SIM_01,Blue,22.000000,velocity,0.080656
TRIAL_Blue_SIM_01,Blue,23.000000,velocity,0.089539
TRIAL_Blue_SIM_01,Blue,24.000000,velocity,0.099100
TRIAL_Blue_SIM_01,Blue,25.000000,velocity,0.108660
TRIAL_Blue_SIM_01,Blue,26.000000,velocity,0.119638
TRIAL_Blue_SIM_01,Blue,27.000000,velocity,0.130616
TRIAL_Blue_SIM_01,Blue,28.000000,velocity,0.141783
TRIAL_Blue_SIM_01,Blue,29.000000,velocity,0.153022
TRIAL_Blue_SIM_01,Blue,30.000000,velocity,0.164515
TRIAL_Blue_SIM_01,Blue,31.000000,velocity,0.176312
TRIAL_Blue_SIM_01,Blue,32.000000,velocity,0.188147
TRIAL_Blue_SIM_01,Blue,33.000000,velocity,0.200147
TRIAL_Blue_SIM_01,Blue,34.000000,velocity,0.212148
TRIAL_Blue_SIM_01,Blue,35.000000,velocity,0.224600
TRIAL_Blue_SIM_01,Blue,36.000000,velocity,0.237098
TRIAL_Blue_SIM_01,Blue,37.000000,velocity,0.249852
TRIAL_Blue_SIM_01,Blue,38.000000,velocity,0.262752
TRIAL_Blue_SIM_01,Blue,39.000000,velocity,0.275281
TRIAL_Blue_SIM_01,Blue,40.000000,velocity,0.287159
TRIAL_Blue_SIM_01,Blue,41.000000,velocity,0.298934
TRIAL_Blue_SIM_01,Blue,42.000000,velocity,0.309677
TRIAL_Blue_SIM_01,Blue,43.000000,velocity,0.320421
TRIAL_Blue_SIM_01,Blue,44.000000,velocity,0.329251
TRIAL_Blue_SIM_01,Blue,45.000000,velocity,0.337657
TRIAL_Blue_SIM_01,Blue,46.000000,velocity,0.345317
TRIAL_Blue_SIM_01,Blue,47.000000,velocity,0.352356
TRIAL_Blue_SIM_01,Blue,48.000000,velocity,0.358711
TRIAL_Blue_SIM_01,Blue,49.000000,velocity,0.363241
TRIAL_Blue_SIM_01,Blue,50.000000,velocity,0.367772
TRIAL_Blue_SIM_01,Blue,51.000000,velocity,0.369706
TRIAL_Blue_SIM_01,Blue,52.000000,velocity,0.371640
TRIAL_Blue_SIM_01,Blue,53.000000,velocity,0.370871
TRIAL_Blue_SIM_01,Blue,54.000000,velocity,0.369089
TRIAL_Blue_SIM_01,Blue,55.000000,velocity,0.365694
TRIAL_Blue_SIM_01,Blue,56.000000,velocity,0.360362
TRIAL_Blue_SIM_01,Blue,57.000000,velocity,0.354629
TRIAL_Blue_SIM_01,Blue,58.000000,velocity,0.347088
TRIAL_Blue_SIM_01,Blue,59.000000,velocity,0.339548
TRIAL_Blue_SIM_01,Blue,60.000000,velocity,0.331225
TRIAL_Blue_SIM_01,Blue,61.000000,velocity,0.322824
TRIAL_Blue_SIM_01,Blue,62.000000,velocity,0.313676
TRIAL_Blue_SIM_01,Blue,63.000000,velocity,0.304101
TRIAL_Blue_SIM_01,Blue,64.000000,velocity,0.293886
TRIAL_Blue_SIM_01,Blue,65.000000,velocity,0.282552
TRIAL_Blue_SIM_01,Blue,66.000000,velocity,0.271043
TRIAL_Blue_SIM_01,Blue,67.000000,velocity,0.257782
TRIAL_Blue_SIM_01,Blue,68.000000,velocity,0.244522
TRIAL_Blue_SIM_01,Blue,69.000000,velocity,0.231433
TRIAL_Blue_SIM_01,Blue,70.000000,velocity,0.218381
TRIAL_Blue_SIM_01,Blue,71.000000,velocity,0.205549
TRIAL_Blue_SIM_01,Blue,72.000000,velocity,0.192900
TRIAL_Blue_SIM_01,Blue,73.000000,velocity,0.180419
TRIAL_Blue_SIM_01,Blue,74.000000,velocity,0.168388
TRIAL_Blue_SIM_01,Blue,75.000000,velocity,0.156357
TRIAL_Blue_SIM_01,Blue,76.000000,velocity,0.144704
TRIAL_Blue_SIM_01,Blue,77.000000,velocity,0.133050
TRIAL_Blue_SIM_01,Blue,78.000000,velocity,0.122042
TRIAL_Blue_SIM_01,Blue,79.000000,velocity,0.111275
TRIAL_Blue_SIM_01,Blue,80.000000,velocity,0.101108
TRIAL_Blue_SIM_01,Blue,81.000000,velocity,0.091660
TRIAL_Blue_SIM_01,Blue,82.000000,velocity,0.082523
TRIAL_Blue_SIM_01,Blue,83.000000,velocity,0.074786
TRIAL_Blue_SIM_01,Blue,84.000000,velocity,0.067049
TRIAL_Blue_SIM_01,Blue,85.000000,velocity,0.061040
TRIAL_Blue_SIM_01,Blue,86.000000,velocity,0.055204
TRIAL_Blue_SIM_01,Blue,87.000000,velocity,0.050113
TRIAL_Blue_SIM_01,Blue,88.000000,velocity,0.045446
TRIAL_Blue_SIM_01,Blue,89.000000,velocity,0.041014
TRIAL_Blue_SIM_01,Blue,90.000000,velocity,0.036989
TRIAL_Blue_SIM_01,Blue,91.000000,velocity,0.033006
TRIAL_Blue_SIM_01,Blue,92.000000,velocity,0.029426
TRIAL_Blue_SIM_01,Blue,93.000000,velocity,0.025847
TRIAL_Blue_SIM_01,Blue,94.000000,velocity,0.020781
TRIAL_Blue_SIM_01,Blue,95.000000,velocity,0.015386
TRIAL_Blue_SIM_01,Blue,96.000000,velocity,0.011106
TRIAL_Blue_SIM_01,Blue,97.000000,velocity,0.007756
TRIAL_Blue_SIM_01,Blue,98.000000,velocity,0.004750
TRIAL_Blue_SIM_01,Blue,99.000000,velocity,0.002660
TRIAL_Blue_SIM_01,Blue,100.000000,velocity,0.000570
TRIAL_Blue_SIM_01,Blue,0.000000,acceleration_mag,0.090251
TRIAL_Blue_SIM_01,Blue,1.000000,acceleration_mag,0.107791
TRIAL_Blue_SIM_01,Blue,2.000000,acceleration_mag,0.125331
TRIAL_Blue_SIM_01,Blue,3.000000,acceleration_mag,0.130821
TRIAL_Blue_SIM_01,Blue,4.000000,acceleration_mag,0.131790
TRIAL_Blue_SIM_01,Blue,5.000000,acceleration_mag,0.135985
TRIAL_Blue_SIM_01,Blue,6.000000,acceleration_mag,0.144049
TRIAL_Blue_SIM_01,Blue,7.000000,acceleration_mag,0.151574
TRIAL_Blue_SIM_01,Blue,8.000000,acceleration_mag,0.156673
TRIAL_Blue_SIM_01,Blue,9.000000,acceleration_mag,0.161772
TRIAL_Blue_SIM_01,Blue,10.000000,acceleration_mag,0.177115
TRIAL_Blue_SIM_01,Blue,11.000000,acceleration_mag,0.193482
TRIAL_Blue_SIM_01,Blue,12.000000,acceleration_mag,0.207513
TRIAL_Blue_SIM_01,Blue,13.000000,acceleration_mag,0.220209
TRIAL_Blue_SIM_01,Blue,14.000000,acceleration_mag,0.238122
TRIAL_Blue_SIM_01,Blue,15.000000,acceleration_mag,0.265163
TRIAL_Blue_SIM_01,Blue,16.000000,acceleration_mag,0.293551
TRIAL_Blue_SIM_01,Blue,17.000000,acceleration_mag,0.335402
TRIAL_Blue_SIM_01,Blue,18.000000,acceleration_mag,0.377254
TRIAL_Blue_SIM_01,Blue,19.000000,acceleration_mag,0.426648
TRIAL_Blue_SIM_01,Blue,20.000000,acceleration_mag,0.477719
TRIAL_Blue_SIM_01,Blue,21.000000,acceleration_mag,0.528751
TRIAL_Blue_SIM_01,Blue,22.000000,acceleration_mag,0.579751
TRIAL_Blue_SIM_01,Blue,23.000000,acceleration_mag,0.626554
TRIAL_Blue_SIM_01,Blue,24.000000,acceleration_mag,0.662163
TRIAL_Blue_SIM_01,Blue,25.000000,acceleration_mag,0.697773
TRIAL_Blue_SIM_01,Blue,26.000000,acceleration_mag,0.722952
TRIAL_Blue_SIM_01,Blue,27.000000,acceleration_mag,0.748130
TRIAL_Blue_SIM_01,Blue,28.000000,acceleration_mag,0.763779
TRIAL_Blue_SIM_01,Blue,29.000000,acceleration_mag,0.775853
TRIAL_Blue_SIM_01,Blue,30.000000,acceleration_mag,0.788042
TRIAL_Blue_SIM_01,Blue,31.000000,acceleration_mag,0.800368
TRIAL_Blue_SIM_01,Blue,32.000000,acceleration_mag,0.812620
TRIAL_Blue_SIM_01,Blue,33.000000,acceleration_mag,0.824534
TRIAL_Blue_SIM_01,Blue,34.000000,acceleration_mag,0.836448
TRIAL_Blue_SIM_01,Blue,35.000000,acceleration_mag,0.850715
TRIAL_Blue_SIM_01,Blue,36.000000,acceleration_mag,0.865217
TRIAL_Blue_SIM_01,Blue,37.000000,acceleration_mag,0.864248
TRIAL_Blue_SIM_01,Blue,38.000000,acceleration_mag,0.854438
TRIAL_Blue_SIM_01,Blue,39.000000,acceleration_mag,0.835625
TRIAL_Blue_SIM_01,Blue,40.000000,acceleration_mag,0.801058
TRIAL_Blue_SIM_01,Blue,41.000000,acceleration_mag,0.764824
TRIAL_Blue_SIM_01,Blue,42.000000,acceleration_mag,0.711921
TRIAL_Blue_SIM_01,Blue,43.000000,acceleration_mag,0.659019
TRIAL_Blue_SIM_01,Blue,44.000000,acceleration_mag,0.604344
TRIAL_Blue_SIM_01,Blue,45.000000,acceleration_mag,0.549276
TRIAL_Blue_SIM_01,Blue,46.000000,acceleration_mag,0.494007
TRIAL_Blue_SIM_01,Blue,47.000000,acceleration_mag,0.438571
TRIAL_Blue_SIM_01,Blue,48.000000,acceleration_mag,0.377608
TRIAL_Blue_SIM_01,Blue,49.000000,acceleration_mag,0.301907
TRIAL_Blue_SIM_01,Blue,50.000000,acceleration_mag,0.226205
TRIAL_Blue_SIM_01,Blue,51.000000,acceleration_mag,0.136133
TRIAL_Blue_SIM_01,Blue,52.000000,acceleration_mag,0.046061
TRIAL_Blue_SIM_01,Blue,53.000000,acceleration_mag,0.092287
TRIAL_Blue_SIM_01,Blue,54.000000,acceleration_mag,0.189623
TRIAL_Blue_SIM_01,Blue,55.000000,acceleration_mag,0.281606
TRIAL_Blue_SIM_01,Blue,56.000000,acceleration_mag,0.367163
TRIAL_Blue_SIM_01,Blue,57.000000,acceleration_mag,0.445096
TRIAL_Blue_SIM_01,Blue,58.000000,acceleration_mag,0.488720
TRIAL_Blue_SIM_01,Blue,59.000000,acceleration_mag,0.532345
TRIAL_Blue_SIM_01,Blue,60.000000,acceleration_mag,0.562993
TRIAL_Blue_SIM_01,Blue,61.000000,acceleration_mag,0.592344
TRIAL_Blue_SIM_01,Blue,62.000000,acceleration_mag,0.631165
TRIAL_Blue_SIM_01,Blue,63.000000,acceleration_mag,0.675398
TRIAL_Blue_SIM_01,Blue,64.000000,acceleration_mag,0.724359
TRIAL_Blue_SIM_01,Blue,65.000000,acceleration_mag,0.781594
TRIAL_Blue_SIM_01,Blue,66.000000,acceleration_mag,0.836200
TRIAL_Blue_SIM_01,Blue,67.000000,acceleration_mag,0.864517
TRIAL_Blue_SIM_01,Blue,68.000000,acceleration_mag,0.892833
TRIAL_Blue_SIM_01,Blue,69.000000,acceleration_mag,0.891799
TRIAL_Blue_SIM_01,Blue,70.000000,acceleration_mag,0.884243
TRIAL_Blue_SIM_01,Blue,71.000000,acceleration_mag,0.872548
TRIAL_Blue_SIM_01,Blue,72.000000,acceleration_mag,0.857406
TRIAL_Blue_SIM_01,Blue,73.000000,acceleration_mag,0.841910
TRIAL_Blue_SIM_01,Blue,74.000000,acceleration_mag,0.825471
TRIAL_Blue_SIM_01,Blue,75.000000,acceleration_mag,0.809032
TRIAL_Blue_SIM_01,Blue,76.000000,acceleration_mag,0.788186
TRIAL_Blue_SIM_01,Blue,77.000000,acceleration_mag,0.767340
TRIAL_Blue_SIM_01,Blue,78.000000,acceleration_mag,0.737362
TRIAL_Blue_SIM_01,Blue,79.000000,acceleration_mag,0.703960
TRIAL_Blue_SIM_01,Blue,80.000000,acceleration_mag,0.664948
TRIAL_Blue_SIM_01,Blue,81.000000,acceleration_mag,0.619206
TRIAL_Blue_SIM_01,Blue,82.000000,acceleration_mag,0.571942
TRIAL_Blue_SIM_01,Blue,83.000000,acceleration_mag,0.517830
TRIAL_Blue_SIM_01,Blue,84.000000,acceleration_mag,0.463719
TRIAL_Blue_SIM_01,Blue,85.000000,acceleration_mag,0.415894
TRIAL_Blue_SIM_01,Blue,86.000000,acceleration_mag,0.368698
TRIAL_Blue_SIM_01,Blue,87.000000,acceleration_mag,0.334447
TRIAL_Blue_SIM_01,Blue,88.000000,acceleration_mag,0.307593
TRIAL_Blue_SIM_01,Blue,89.000000,acceleration_mag,0.284902
TRIAL_Blue_SIM_01,Blue,90.000000,acceleration_mag,0.269496
TRIAL_Blue_SIM_01,Blue,91.000000,acceleration_mag,0.257541
TRIAL_Blue_SIM_01,Blue,92.000000,acceleration_mag,0.280108
TRIAL_Blue_SIM_01,Blue,93.000000,acceleration_mag,0.302675
TRIAL_Blue_SIM_01,Blue,94.000000,acceleration_mag,0.304583
TRIAL_Blue_SIM_01,Blue,95.000000,acceleration_mag,0.301901
TRIAL_Blue_SIM_01,Blue,96.000000,acceleration_mag,0.274043
TRIAL_Blue_SIM_01,Blue,97.000000,acceleration_mag,0.225206
TRIAL_Blue_SIM_01,Blue,98.000000,acceleration_mag,0.184364
TRIAL_Blue_SIM_01,Blue,99.000000,acceleration_mag,0.164843
TRIAL_Blue_SIM_01,Blue,100.000000,acceleration_mag,0.145322
TRIAL_Blue_SIM_01,Blue,0.000000,ax,0.088587
TRIAL_Blue_SIM_01,Blue,1.000000,ax,0.105803
TRIAL_Blue_SIM_01,Blue,2.000000,ax,0.123020
TRIAL_Blue_SIM_01,Blue,3.000000,ax,0.128528
TRIAL_Blue_SIM_01,Blue,4.000000,ax,0.129647
TRIAL_Blue_SIM_01,Blue,5.000000,ax,0.133959
TRIAL_Blue_SIM_01,Blue,6.000000,ax,0.142102
TRIAL_Blue_SIM_01,Blue,7.000000,ax,0.149672
TRIAL_Blue_SIM_01,Blue,8.000000,ax,0.154660
TRIAL_Blue_SIM_01,Blue,9.000000,ax,0.159648
TRIAL_Blue_SIM_01,Blue,10.000000,ax,0.174599
TRIAL_Blue_SIM_01,Blue,11.000000,ax,0.190546
TRIAL_Blue_SIM_01,Blue,12.000000,ax,0.204181
TRIAL_Blue_SIM_01,Blue,13.000000,ax,0.216495
TRIAL_Blue_SIM_01,Blue,14.000000,ax,0.234150
TRIAL_Blue_SIM_01,Blue,15.000000,ax,0.261153
TRIAL_Blue_SIM_01,Blue,16.000000,ax,0.289471
TRIAL_Blue_SIM_01,Blue,17.000000,ax,0.330937
TRIAL_Blue_SIM_01,Blue,18.000000,ax,0.372403
TRIAL_Blue_SIM_01,Blue,19.000000,ax,0.421202
TRIAL_Blue_SIM_01,Blue,20.000000,ax,0.471630
TRIAL_Blue_SIM_01,Blue,21.000000,ax,0.521964
TRIAL_Blue_SIM_01,Blue,22.000000,ax,0.572220
TRIAL_Blue_SIM_01,Blue,23.000000,ax,0.618329
TRIAL_Blue_SIM_01,Blue,24.000000,ax,0.653384
TRIAL_Blue_SIM_01,Blue,25.000000,ax,0.688439
TRIAL_Blue_SIM_01,Blue,26.000000,ax,0.713224
TRIAL_Blue_SIM_01,Blue,27.000000,ax,0.738009
TRIAL_Blue_SIM_01,Blue,28.000000,ax,0.753402
TRIAL_Blue_SIM_01,Blue,29.000000,ax,0.765274
TRIAL_Blue_SIM_01,Blue,30.000000,ax,0.777199
TRIAL_Blue_SIM_01,Blue,31.000000,ax,0.789186
TRIAL_Blue_SIM_01,Blue,32.000000,ax,0.801079
TRIAL_Blue_SIM_01,Blue,33.000000,ax,0.812553
TRIAL_Blue_SIM_01,Blue,34.000000,ax,0.824026
TRIAL_Blue_SIM_01,Blue,35.000000,ax,0.837845
TRIAL_Blue_SIM_01,Blue,36.000000,ax,0.851899
TRIAL_Blue_SIM_01,Blue,37.000000,ax,0.850846
TRIAL_Blue_SIM_01,Blue,38.000000,ax,0.841161
TRIAL_Blue_SIM_01,Blue,39.000000,ax,0.822695
TRIAL_Blue_SIM_01,Blue,40.000000,ax,0.788860
TRIAL_Blue_SIM_01,Blue,41.000000,ax,0.753364
TRIAL_Blue_SIM_01,Blue,42.000000,ax,0.701245
TRIAL_Blue_SIM_01,Blue,43.000000,ax,0.649126
TRIAL_Blue_SIM_01,Blue,44.000000,ax,0.595115
TRIAL_Blue_SIM_01,Blue,45.000000,ax,0.540684
TRIAL_Blue_SIM_01,Blue,46.000000,ax,0.485802
TRIAL_Blue_SIM_01,Blue,47.000000,ax,0.430543
TRIAL_Blue_SIM_01,Blue,48.000000,ax,0.369878
TRIAL_Blue_SIM_01,Blue,49.000000,ax,0.294794
TRIAL_Blue_SIM_01,Blue,50.000000,ax,0.219711
TRIAL_Blue_SIM_01,Blue,51.000000,ax,0.125566
TRIAL_Blue_SIM_01,Blue,52.000000,ax,0.031421
TRIAL_Blue_SIM_01,Blue,53.000000,ax,-0.072896
TRIAL_Blue_SIM_01,Blue,54.000000,ax,-0.181028
TRIAL_Blue_SIM_01,Blue,55.000000,ax,-0.278377
TRIAL_Blue_SIM_01,Blue,56.000000,ax,-0.362787
TRIAL_Blue_SIM_01,Blue,57.000000,ax,-0.439677
TRIAL_Blue_SIM_01,Blue,58.000000,ax,-0.482725
TRIAL_Blue_SIM_01,Blue,59.000000,ax,-0.525774
TRIAL_Blue_SIM_01,Blue,60.000000,ax,-0.555993
TRIAL_Blue_SIM_01,Blue,61.000000,ax,-0.584930
TRIAL_Blue_SIM_01,Blue,62.000000,ax,-0.623209
TRIAL_Blue_SIM_01,Blue,63.000000,ax,-0.666826
TRIAL_Blue_SIM_01,Blue,64.000000,ax,-0.715033
TRIAL_Blue_SIM_01,Blue,65.000000,ax,-0.771273
TRIAL_Blue_SIM_01,Blue,66.000000,ax,-0.824902
TRIAL_Blue_SIM_01,Blue,67.000000,ax,-0.852415
TRIAL_Blue_SIM_01,Blue,68.000000,ax,-0.879928
TRIAL_Blue_SIM_01,Blue,69.000000,ax,-0.878566
TRIAL_Blue_SIM_01,Blue,70.000000,ax,-0.870787
TRIAL_Blue_SIM_01,Blue,71.000000,ax,-0.859050
TRIAL_Blue_SIM_01,Blue,72.000000,ax,-0.844016
TRIAL_Blue_SIM_01,Blue,73.000000,ax,-0.828709
TRIAL_Blue_SIM_01,Blue,74.000000,ax,-0.812676
TRIAL_Blue_SIM_01,Blue,75.000000,ax,-0.796643
TRIAL_Blue_SIM_01,Blue,76.000000,ax,-0.776313
TRIAL_Blue_SIM_01,Blue,77.000000,ax,-0.755983
TRIAL_Blue_SIM_01,Blue,78.000000,ax,-0.726507
TRIAL_Blue_SIM_01,Blue,79.000000,ax,-0.693602
TRIAL_Blue_SIM_01,Blue,80.000000,ax,-0.655179
TRIAL_Blue_SIM_01,Blue,81.000000,ax,-0.610137
TRIAL_Blue_SIM_01,Blue,82.000000,ax,-0.563592
TRIAL_Blue_SIM_01,Blue,83.000000,ax,-0.510287
TRIAL_Blue_SIM_01,Blue,84.000000,ax,-0.456982
TRIAL_Blue_SIM_01,Blue,85.000000,ax,-0.409962
TRIAL_Blue_SIM_01,Blue,86.000000,ax,-0.363571
TRIAL_Blue_SIM_01,Blue,87.000000,ax,-0.329845
TRIAL_Blue_SIM_01,Blue,88.000000,ax,-0.303358
TRIAL_Blue_SIM_01,Blue,89.000000,ax,-0.280956
TRIAL_Blue_SIM_01,Blue,90.000000,ax,-0.265705
TRIAL_Blue_SIM_01,Blue,91.000000,ax,-0.253829
TRIAL_Blue_SIM_01,Blue,92.000000,ax,-0.275698
TRIAL_Blue_SIM_01,Blue,93.000000,ax,-0.297568
TRIAL_Blue_SIM_01,Blue,94.000000,ax,-0.299228
TRIAL_Blue_SIM_01,Blue,95.000000,ax,-0.296398
TRIAL_Blue_SIM_01,Blue,96.000000,ax,-0.268800
TRIAL_Blue_SIM_01,Blue,97.000000,ax,-0.220563
TRIAL_Blue_SIM_01,Blue,98.000000,ax,-0.180287
TRIAL_Blue_SIM_01,Blue,99.000000,ax,-0.161238
TRIAL_Blue_SIM_01,Blue,100.000000,ax,-0.142189
TRIAL_Blue_SIM_01,Blue,0.000000,ay,0.012449
TRIAL_Blue_SIM_01,Blue,1.000000,ay,0.014853
TRIAL_Blue_SIM_01,Blue,2.000000,ay,0.017256
TRIAL_Blue_SIM_01,Blue,3.000000,ay,0.016745
TRIAL_Blue_SIM_01,Blue,4.000000,ay,0.015140
TRIAL_Blue_SIM_01,Blue,5.000000,ay,0.012778
TRIAL_Blue_SIM_01,Blue,6.000000,ay,0.009507
TRIAL_Blue_SIM_01,Blue,7.000000,ay,0.007142
TRIAL_Blue_SIM_01,Blue,8.000000,ay,0.008850
TRIAL_Blue_SIM_01,Blue,9.000000,ay,0.010559
TRIAL_Blue_SIM_01,Blue,10.000000,ay,0.014771
TRIAL_Blue_SIM_01,Blue,11.000000,ay,0.019234
TRIAL_Blue_SIM_01,Blue,12.000000,ay,0.022988
TRIAL_Blue_SIM_01,Blue,13.000000,ay,0.026337
TRIAL_Blue_SIM_01,Blue,14.000000,ay,0.027633
TRIAL_Blue_SIM_01,Blue,15.000000,ay,0.025336
TRIAL_Blue_SIM_01,Blue,16.000000,ay,0.023056
TRIAL_Blue_SIM_01,Blue,17.000000,ay,0.020940
TRIAL_Blue_SIM_01,Blue,18.000000,ay,0.018824
TRIAL_Blue_SIM_01,Blue,19.000000,ay,0.019551
TRIAL_Blue_SIM_01,Blue,20.000000,ay,0.020910
TRIAL_Blue_SIM_01,Blue,21.000000,ay,0.024738
TRIAL_Blue_SIM_01,Blue,22.000000,ay,0.030622
TRIAL_Blue_SIM_01,Blue,23.000000,ay,0.036036
TRIAL_Blue_SIM_01,Blue,24.000000,ay,0.040192
TRIAL_Blue_SIM_01,Blue,25.000000,ay,0.044349
TRIAL_Blue_SIM_01,Blue,26.000000,ay,0.046894
TRIAL_Blue_SIM_01,Blue,27.000000,ay,0.049439
TRIAL_Blue_SIM_01,Blue,28.000000,ay,0.050961
TRIAL_Blue_SIM_01,Blue,29.000000,ay,0.052100
TRIAL_Blue_SIM_01,Blue,30.000000,ay,0.054571
TRIAL_Blue_SIM_01,Blue,31.000000,ay,0.058642
TRIAL_Blue_SIM_01,Blue,32.000000,ay,0.062942
TRIAL_Blue_SIM_01,Blue,33.000000,ay,0.068278
TRIAL_Blue_SIM_01,Blue,34.000000,ay,0.073614
TRIAL_Blue_SIM_01,Blue,35.000000,ay,0.078117
TRIAL_Blue_SIM_01,Blue,36.000000,ay,0.082538
TRIAL_Blue_SIM_01,Blue,37.000000,ay,0.083478
TRIAL_Blue_SIM_01,Blue,38.000000,ay,0.082429
TRIAL_Blue_SIM_01,Blue,39.000000,ay,0.079193
TRIAL_Blue_SIM_01,Blue,40.000000,ay,0.072130
TRIAL_Blue_SIM_01,Blue,41.000000,ay,0.065230
TRIAL_Blue_SIM_01,Blue,42.000000,ay,0.059971
TRIAL_Blue_SIM_01,Blue,43.000000,ay,0.054711
TRIAL_Blue_SIM_01,Blue,44.000000,ay,0.051842
TRIAL_Blue_SIM_01,Blue,45.000000,ay,0.049503
TRIAL_Blue_SIM_01,Blue,46.000000,ay,0.049682
TRIAL_Blue_SIM_01,Blue,47.000000,ay,0.051960
TRIAL_Blue_SIM_01,Blue,48.000000,ay,0.052400
TRIAL_Blue_SIM_01,Blue,49.000000,ay,0.047939
TRIAL_Blue_SIM_01,Blue,50.000000,ay,0.043478
TRIAL_Blue_SIM_01,Blue,51.000000,ay,0.033460
TRIAL_Blue_SIM_01,Blue,52.000000,ay,0.023442
TRIAL_Blue_SIM_01,Blue,53.000000,ay,0.012430
TRIAL_Blue_SIM_01,Blue,54.000000,ay,0.001045
TRIAL_Blue_SIM_01,Blue,55.000000,ay,-0.007698
TRIAL_Blue_SIM_01,Blue,56.000000,ay,-0.013270
TRIAL_Blue_SIM_01,Blue,57.000000,ay,-0.017400
TRIAL_Blue_SIM_01,Blue,58.000000,ay,-0.015038
TRIAL_Blue_SIM_01,Blue,59.000000,ay,-0.012676
TRIAL_Blue_SIM_01,Blue,60.000000,ay,-0.012533
TRIAL_Blue_SIM_01,Blue,61.000000,ay,-0.012612
TRIAL_Blue_SIM_01,Blue,62.000000,ay,-0.016242
TRIAL_Blue_SIM_01,Blue,63.000000,ay,-0.021901
TRIAL_Blue_SIM_01,Blue,64.000000,ay,-0.029696
TRIAL_Blue_SIM_01,Blue,65.000000,ay,-0.041231
TRIAL_Blue_SIM_01,Blue,66.000000,ay,-0.052636
TRIAL_Blue_SIM_01,Blue,67.000000,ay,-0.062743
TRIAL_Blue_SIM_01,Blue,68.000000,ay,-0.072850
TRIAL_Blue_SIM_01,Blue,69.000000,ay,-0.078134
TRIAL_Blue_SIM_01,Blue,70.000000,ay,-0.082346
TRIAL_Blue_SIM_01,Blue,71.000000,ay,-0.084225
TRIAL_Blue_SIM_01,Blue,72.000000,ay,-0.084160
TRIAL_Blue_SIM_01,Blue,73.000000,ay,-0.082978
TRIAL_Blue_SIM_01,Blue,74.000000,ay,-0.078818
TRIAL_Blue_SIM_01,Blue,75.000000,ay,-0.074657
TRIAL_Blue_SIM_01,Blue,76.000000,ay,-0.068985
TRIAL_Blue_SIM_01,Blue,77.000000,ay,-0.063313
TRIAL_Blue_SIM_01,Blue,78.000000,ay,-0.059452
TRIAL_Blue_SIM_01,Blue,79.000000,ay,-0.056270
TRIAL_Blue_SIM_01,Blue,80.000000,ay,-0.052499
TRIAL_Blue_SIM_01,Blue,81.000000,ay,-0.048021
TRIAL_Blue_SIM_01,Blue,82.000000,ay,-0.043511
TRIAL_Blue_SIM_01,Blue,83.000000,ay,-0.038853
TRIAL_Blue_SIM_01,Blue,84.000000,ay,-0.034195
TRIAL_Blue_SIM_01,Blue,85.000000,ay,-0.027123
TRIAL_Blue_SIM_01,Blue,86.000000,ay,-0.019810
TRIAL_Blue_SIM_01,Blue,87.000000,ay,-0.016184
TRIAL_Blue_SIM_01,Blue,88.000000,ay,-0.014666
TRIAL_Blue_SIM_01,Blue,89.000000,ay,-0.014097
TRIAL_Blue_SIM_01,Blue,90.000000,ay,-0.015189
TRIAL_Blue_SIM_01,Blue,91.000000,ay,-0.016872
TRIAL_Blue_SIM_01,Blue,92.000000,ay,-0.024469
TRIAL_Blue_SIM_01,Blue,93.000000,ay,-0.032067
TRIAL_Blue_SIM_01,Blue,94.000000,ay,-0.034885
TRIAL_Blue_SIM_01,Blue,95.000000,ay,-0.036642
TRIAL_Blue_SIM_01,Blue,96.000000,ay,-0.035554
TRIAL_Blue_SIM_01,Blue,97.000000,ay,-0.032095
TRIAL_Blue_SIM_01,Blue,98.000000,ay,-0.028660
TRIAL_Blue_SIM_01,Blue,99.000000,ay,-0.025288
TRIAL_Blue_SIM_01,Blue,100.000000,ay,-0.021917
TRIAL_Blue_SIM_01,Blue,0.000000,az,0.011940
TRIAL_Blue_SIM_01,Blue,1.000000,az,0.014282
TRIAL_Blue_SIM_01,Blue,2.000000,az,0.016624
TRIAL_Blue_SIM_01,Blue,3.000000,az,0.017622
TRIAL_Blue_SIM_01,Blue,4.000000,az,0.018116
TRIAL_Blue_SIM_01,Blue,5.000000,az,0.019256
TRIAL_Blue_SIM_01,Blue,6.000000,az,0.021170
TRIAL_Blue_SIM_01,Blue,7.000000,az,0.022833
TRIAL_Blue_SIM_01,Blue,8.000000,az,0.023365
TRIAL_Blue_SIM_01,Blue,9.000000,az,0.023898
TRIAL_Blue_SIM_01,Blue,10.000000,az,0.025592
TRIAL_Blue_SIM_01,Blue,11.000000,az,0.027403
TRIAL_Blue_SIM_01,Blue,12.000000,az,0.028973
TRIAL_Blue_SIM_01,Blue,13.000000,az,0.030406
TRIAL_Blue_SIM_01,Blue,14.000000,az,0.033071
TRIAL_Blue_SIM_01,Blue,15.000000,az,0.037892
TRIAL_Blue_SIM_01,Blue,16.000000,az,0.042925
TRIAL_Blue_SIM_01,Blue,17.000000,az,0.050070
TRIAL_Blue_SIM_01,Blue,18.000000,az,0.057215
TRIAL_Blue_SIM_01,Blue,19.000000,az,0.065074
TRIAL_Blue_SIM_01,Blue,20.000000,az,0.073092
TRIAL_Blue_SIM_01,Blue,21.000000,az,0.080674
TRIAL_Blue_SIM_01,Blue,22.000000,az,0.087895
TRIAL_Blue_SIM_01,Blue,23.000000,az,0.094538
TRIAL_Blue_SIM_01,Blue,24.000000,az,0.099642
TRIAL_Blue_SIM_01,Blue,25.000000,az,0.104746
TRIAL_Blue_SIM_01,Blue,26.000000,az,0.108493
TRIAL_Blue_SIM_01,Blue,27.000000,az,0.112239
TRIAL_Blue_SIM_01,Blue,28.000000,az,0.114655
TRIAL_Blue_SIM_01,Blue,29.000000,az,0.116572
TRIAL_Blue_SIM_01,Blue,30.000000,az,0.118264
TRIAL_Blue_SIM_01,Blue,31.000000,az,0.119686
TRIAL_Blue_SIM_01,Blue,32.000000,az,0.121054
TRIAL_Blue_SIM_01,Blue,33.000000,az,0.122179
TRIAL_Blue_SIM_01,Blue,34.000000,az,0.123304
TRIAL_Blue_SIM_01,Blue,35.000000,az,0.124970
TRIAL_Blue_SIM_01,Blue,36.000000,az,0.126691
TRIAL_Blue_SIM_01,Blue,37.000000,az,0.126560
TRIAL_Blue_SIM_01,Blue,38.000000,az,0.125371
TRIAL_Blue_SIM_01,Blue,39.000000,az,0.123127
TRIAL_Blue_SIM_01,Blue,40.000000,az,0.119038
TRIAL_Blue_SIM_01,Blue,41.000000,az,0.114643
TRIAL_Blue_SIM_01,Blue,42.000000,az,0.107191
TRIAL_Blue_SIM_01,Blue,43.000000,az,0.099738
TRIAL_Blue_SIM_01,Blue,44.000000,az,0.091514
TRIAL_Blue_SIM_01,Blue,45.000000,az,0.083119
TRIAL_Blue_SIM_01,Blue,46.000000,az,0.074171
TRIAL_Blue_SIM_01,Blue,47.000000,az,0.064761
TRIAL_Blue_SIM_01,Blue,48.000000,az,0.054773
TRIAL_Blue_SIM_01,Blue,49.000000,az,0.043240
TRIAL_Blue_SIM_01,Blue,50.000000,az,0.031708
TRIAL_Blue_SIM_01,Blue,51.000000,az,0.017941
TRIAL_Blue_SIM_01,Blue,52.000000,az,0.004174
TRIAL_Blue_SIM_01,Blue,53.000000,az,-0.011164
TRIAL_Blue_SIM_01,Blue,54.000000,az,-0.027091
TRIAL_Blue_SIM_01,Blue,55.000000,az,-0.041738
TRIAL_Blue_SIM_01,Blue,56.000000,az,-0.054849
TRIAL_Blue_SIM_01,Blue,57.000000,az,-0.066978
TRIAL_Blue_SIM_01,Blue,58.000000,az,-0.074688
TRIAL_Blue_SIM_01,Blue,59.000000,az,-0.082399
TRIAL_Blue_SIM_01,Blue,60.000000,az,-0.087607
TRIAL_Blue_SIM_01,Blue,61.000000,az,-0.092565
TRIAL_Blue_SIM_01,Blue,62.000000,az,-0.098468
TRIAL_Blue_SIM_01,Blue,63.000000,az,-0.104910
TRIAL_Blue_SIM_01,Blue,64.000000,az,-0.111753
TRIAL_Blue_SIM_01,Blue,65.000000,az,-0.119296
TRIAL_Blue_SIM_01,Blue,66.000000,az,-0.126427
TRIAL_Blue_SIM_01,Blue,67.000000,az,-0.129444
TRIAL_Blue_SIM_01,Blue,68.000000,az,-0.132461
TRIAL_Blue_SIM_01,Blue,69.000000,az,-0.131506
TRIAL_Blue_SIM_01,Blue,70.000000,az,-0.129670
TRIAL_Blue_SIM_01,Blue,71.000000,az,-0.127582
TRIAL_Blue_SIM_01,Blue,72.000000,az,-0.125285
TRIAL_Blue_SIM_01,Blue,73.000000,az,-0.123141
TRIAL_Blue_SIM_01,Blue,74.000000,az,-0.121403
TRIAL_Blue_SIM_01,Blue,75.000000,az,-0.119665
TRIAL_Blue_SIM_01,Blue,76.000000,az,-0.117458
TRIAL_Blue_SIM_01,Blue,77.000000,az,-0.115251
TRIAL_Blue_SIM_01,Blue,78.000000,az,-0.111153
TRIAL_Blue_SIM_01,Blue,79.000000,az,-0.106347
TRIAL_Blue_SIM_01,Blue,80.000000,az,-0.100695
TRIAL_Blue_SIM_01,Blue,81.000000,az,-0.094030
TRIAL_Blue_SIM_01,Blue,82.000000,az,-0.087108
TRIAL_Blue_SIM_01,Blue,83.000000,az,-0.079027
TRIAL_Blue_SIM_01,Blue,84.000000,az,-0.070946
TRIAL_Blue_SIM_01,Blue,85.000000,az,-0.064331
TRIAL_Blue_SIM_01,Blue,86.000000,az,-0.057862
TRIAL_Blue_SIM_01,Blue,87.000000,az,-0.052865
TRIAL_Blue_SIM_01,Blue,88.000000,az,-0.048710
TRIAL_Blue_SIM_01,Blue,89.000000,az,-0.045073
TRIAL_Blue_SIM_01,Blue,90.000000,az,-0.042344
TRIAL_Blue_SIM_01,Blue,91.000000,az,-0.040086
TRIAL_Blue_SIM_01,Blue,92.000000,az,-0.042542
TRIAL_Blue_SIM_01,Blue,93.000000,az,-0.044998
TRIAL_Blue_SIM_01,Blue,94.000000,az,-0.044847
TRIAL_Blue_SIM_01,Blue,95.000000,az,-0.044118
TRIAL_Blue_SIM_01,Blue,96.000000,az,-0.039641
TRIAL_Blue_SIM_01,Blue,97.000000,az,-0.032040
TRIAL_Blue_SIM_01,Blue,98.000000,az,-0.025791
TRIAL_Blue_SIM_01,Blue,99.000000,az,-0.023149
TRIAL_Blue_SIM_01,Blue,100.000000,az,-0.020506
TRIAL_Blue_SIM_02,Blue,0.000000,object_area,2610.944531
TRIAL_Blue_SIM_02,Blue,1.000000,object_area,2610.944531
TRIAL_Blue_SIM_02,Blue,2.000000,object_area,2610.944531
TRIAL_Blue_SIM_02,Blue,3.000000,object_area,2614.051596
TRIAL_Blue_SIM_02,Blue,4.000000,object_area,2618.323811
TRIAL_Blue_SIM_02,Blue,5.000000,object_area,2624.880479
TRIAL_Blue_SIM_02,Blue,6.000000,object_area,2634.178490
TRIAL_Blue_SIM_02,Blue,7.000000,object_area,2644.423353
TRIAL_Blue_SIM_02,Blue,8.000000,object_area,2658.929053
TRIAL_Blue_SIM_02,Blue,9.000000,object_area,2673.434753
TRIAL_Blue_SIM_02,Blue,10.000000,object_area,2692.962879
TRIAL_Blue_SIM_02,Blue,11.000000,object_area,2712.993248
TRIAL_Blue_SIM_02,Blue,12.000000,object_area,2734.607390
TRIAL_Blue_SIM_02,Blue,13.000000,object_area,2757.126545
TRIAL_Blue_SIM_02,Blue,14.000000,object_area,2780.987538
TRIAL_Blue_SIM_02,Blue,15.000000,object_area,2807.196747
TRIAL_Blue_SIM_02,Blue,16.000000,object_area,2833.295414
TRIAL_Blue_SIM_02,Blue,17.000000,object_area,2858.288670
TRIAL_Blue_SIM_02,Blue,18.000000,object_area,2883.281927
TRIAL_Blue_SIM_02,Blue,19.000000,object_area,2912.176320
TRIAL_Blue_SIM_02,Blue,20.000000,object_area,2941.937633
TRIAL_Blue_SIM_02,Blue,21.000000,object_area,2972.002887
TRIAL_Blue_SIM_02,Blue,22.000000,object_area,3002.321425
TRIAL_Blue_SIM_02,Blue,23.000000,object_area,3034.293748
TRIAL_Blue_SIM_02,Blue,24.000000,object_area,3070.676165
TRIAL_Blue_SIM_02,Blue,25.000000,object_area,3107.058581
TRIAL_Blue_SIM_02,Blue,26.000000,object_area,3143.818696
TRIAL_Blue_SIM_02,Blue,27.000000,object_area,3180.578810
TRIAL_Blue_SIM_02,Blue,28.000000,object_area,3221.152263
TRIAL_Blue_SIM_02,Blue,29.000000,object_area,3263.155717
TRIAL_Blue_SIM_02,Blue,30.000000,object_area,3305.462207
TRIAL_Blue_SIM_02,Blue,31.000000,object_area,3348.132340
TRIAL_Blue_SIM_02,Blue,32.000000,object_area,3391.097021
TRIAL_Blue_SIM_02,Blue,33.000000,object_area,3435.387167
TRIAL_Blue_SIM_02,Blue,34.000000,object_area,3479.677313
TRIAL_Blue_SIM_02,Blue,35.000000,object_area,3523.475460
TRIAL_Blue_SIM_02,Blue,36.000000,object_area,3567.224408
TRIAL_Blue_SIM_02,Blue,37.000000,object_area,3610.964322
TRIAL_Blue_SIM_02,Blue,38.000000,object_area,3654.699076
TRIAL_Blue_SIM_02,Blue,39.000000,object_area,3699.535387
TRIAL_Blue_SIM_02,Blue,40.000000,object_area,3746.299426
TRIAL_Blue_SIM_02,Blue,41.000000,object_area,3793.147777
TRIAL_Blue_SIM_02,Blue,42.000000,object_area,3840.839246
TRIAL_Blue_SIM_02,Blue,43.000000,object_area,3888.530715
TRIAL_Blue_SIM_02,Blue,44.000000,object_area,3937.618270
TRIAL_Blue_SIM_02,Blue,45.000000,object_area,3987.016067
TRIAL_Blue_SIM_02,Blue,46.000000,object_area,4035.006138
TRIAL_Blue_SIM_02,Blue,47.000000,object_area,4081.823103
TRIAL_Blue_SIM_02,Blue,48.000000,object_area,4128.433956
TRIAL_Blue_SIM_02,Blue,49.000000,object_area,4174.495177
TRIAL_Blue_SIM_02,Blue,50.000000,object_area,4220.556398
TRIAL_Blue_SIM_02,Blue,51.000000,object_area,4268.549214
TRIAL_Blue_SIM_02,Blue,52.000000,object_area,4316.542029
TRIAL_Blue_SIM_02,Blue,53.000000,object_area,4365.693291
TRIAL_Blue_SIM_02,Blue,54.000000,object_area,4415.278970
TRIAL_Blue_SIM_02,Blue,55.000000,object_area,4465.189445
TRIAL_Blue_SIM_02,Blue,56.000000,object_area,4515.489676
TRIAL_Blue_SIM_02,Blue,57.000000,object_area,4565.140740
TRIAL_Blue_SIM_02,Blue,58.000000,object_area,4611.870550
TRIAL_Blue_SIM_02,Blue,59.000000,object_area,4658.600359
TRIAL_Blue_SIM_02,Blue,60.000000,object_area,4704.530214
TRIAL_Blue_SIM_02,Blue,61.000000,object_area,4750.380074
TRIAL_Blue_SIM_02,Blue,62.000000,object_area,4795.862949
TRIAL_Blue_SIM_02,Blue,63.000000,object_area,4841.136119
TRIAL_Blue_SIM_02,Blue,64.000000,object_area,4886.332689
TRIAL_Blue_SIM_02,Blue,65.000000,object_area,4931.395208
TRIAL_Blue_SIM_02,Blue,66.000000,object_area,4976.394752
TRIAL_Blue_SIM_02,Blue,67.000000,object_area,5020.764538
TRIAL_Blue_SIM_02,Blue,68.000000,object_area,5065.134324
TRIAL_Blue_SIM_02,Blue,69.000000,object_area,5108.039797
TRIAL_Blue_SIM_02,Blue,70.000000,object_area,5150.619866
TRIAL_Blue_SIM_02,Blue,71.000000,object_area,5192.766463
TRIAL_Blue_SIM_02,Blue,72.000000,object_area,5234.551832
TRIAL_Blue_SIM_02,Blue,73.000000,object_area,5275.306163
TRIAL_Blue_SIM_02,Blue,74.000000,object_area,5313.311058
TRIAL_Blue_SIM_02,Blue,75.000000,object_area,5351.315954
TRIAL_Blue_SIM_02,Blue,76.000000,object_area,5386.437329
TRIAL_Blue_SIM_02,Blue,77.000000,object_area,5421.558703
TRIAL_Blue_SIM_02,Blue,78.000000,object_area,5453.700665
TRIAL_Blue_SIM_02,Blue,79.000000,object_area,5484.725346
TRIAL_Blue_SIM_02,Blue,80.000000,object_area,5514.987777
TRIAL_Blue_SIM_02,Blue,81.000000,object_area,5544.335506
TRIAL_Blue_SIM_02,Blue,82.000000,object_area,5573.187846
TRIAL_Blue_SIM_02,Blue,83.000000,object_area,5599.810932
TRIAL_Blue_SIM_02,Blue,84.000000,object_area,5626.434017
TRIAL_Blue_SIM_02,Blue,85.000000,object_area,5650.502615
TRIAL_Blue_SIM_02,Blue,86.000000,object_area,5674.315763
TRIAL_Blue_SIM_02,Blue,87.000000,object_area,5696.691713
TRIAL_Blue_SIM_02,Blue,88.000000,object_area,5718.246405
TRIAL_Blue_SIM_02,Blue,89.000000,object_area,5738.578539
TRIAL_Blue_SIM_02,Blue,90.000000,object_area,5756.771194
TRIAL_Blue_SIM_02,Blue,91.000000,object_area,5774.708662
TRIAL_Blue_SIM_02,Blue,92.000000,object_area,5790.094265
TRIAL_Blue_SIM_02,Blue,93.000000,object_area,5805.479868
TRIAL_Blue_SIM_02,Blue,94.000000,object_area,5815.555972
TRIAL_Blue_SIM_02,Blue,95.000000,object_area,5824.452188
TRIAL_Blue_SIM_02,Blue,96.000000,object_area,5831.219843
TRIAL_Blue_SIM_02,Blue,97.000000,object_area,5836.213697
TRIAL_Blue_SIM_02,Blue,98.000000,object_area,5840.216260
TRIAL_Blue_SIM_02,Blue,99.000000,object_area,5841.575385
TRIAL_Blue_SIM_02,Blue,100.000000,object_area,5842.934510
TRIAL_Blue_SIM_02,Blue,0.000000,finger_width,23.715898
TRIAL_Blue_SIM_02,Blue,1.000000,finger_width,24.282614
TRIAL_Blue_SIM_02,Blue,2.000000,finger_width,24.849331
TRIAL_Blue_SIM_02,Blue,3.000000,finger_width,26.052338
TRIAL_Blue_SIM_02,Blue,4.000000,finger_width,27.493953
TRIAL_Blue_SIM_02,Blue,5.000000,finger_width,29.230707
TRIAL_Blue_SIM_02,Blue,6.000000,finger_width,31.321627
TRIAL_Blue_SIM_02,Blue,7.000000,finger_width,33.577425
TRIAL_Blue_SIM_02,Blue,8.000000,finger_width,36.575173
TRIAL_Blue_SIM_02,Blue,9.000000,finger_width,39.572920
TRIAL_Blue_SIM_02,Blue,10.000000,finger_width,42.958485
TRIAL_Blue_SIM_02,Blue,11.000000,finger_width,46.382830
TRIAL_Blue_SIM_02,Blue,12.000000,finger_width,50.066355
TRIAL_Blue_SIM_02,Blue,13.000000,finger_width,53.897983
TRIAL_Blue_SIM_02,Blue,14.000000,finger_width,57.787733
TRIAL_Blue_SIM_02,Blue,15.000000,finger_width,61.779199
TRIAL_Blue_SIM_02,Blue,16.000000,finger_width,65.801906
TRIAL_Blue_SIM_02,Blue,17.000000,finger_width,70.137020
TRIAL_Blue_SIM_02,Blue,18.000000,finger_width,74.472134
TRIAL_Blue_SIM_02,Blue,19.000000,finger_width,79.077943
TRIAL_Blue_SIM_02,Blue,20.000000,finger_width,83.743906
TRIAL_Blue_SIM_02,Blue,21.000000,finger_width,88.506169
TRIAL_Blue_SIM_02,Blue,22.000000,finger_width,93.348681
TRIAL_Blue_SIM_02,Blue,23.000000,finger_width,98.246521
TRIAL_Blue_SIM_02,Blue,24.000000,finger_width,103.291897
TRIAL_Blue_SIM_02,Blue,25.000000,finger_width,108.337273
TRIAL_Blue_SIM_02,Blue,26.000000,finger_width,113.210579
TRIAL_Blue_SIM_02,Blue,27.000000,finger_width,118.083885
TRIAL_Blue_SIM_02,Blue,28.000000,finger_width,122.868932
TRIAL_Blue_SIM_02,Blue,29.000000,finger_width,127.620883
TRIAL_Blue_SIM_02,Blue,30.000000,finger_width,132.228575
TRIAL_Blue_SIM_02,Blue,31.000000,finger_width,136.663156
TRIAL_Blue_SIM_02,Blue,32.000000,finger_width,141.071081
TRIAL_Blue_SIM_02,Blue,33.000000,finger_width,145.359057
TRIAL_Blue_SIM_02,Blue,34.000000,finger_width,149.647033
TRIAL_Blue_SIM_02,Blue,35.000000,finger_width,153.674768
TRIAL_Blue_SIM_02,Blue,36.000000,finger_width,157.676478
TRIAL_Blue_SIM_02,Blue,37.000000,finger_width,161.269159
TRIAL_Blue_SIM_02,Blue,38.000000,finger_width,164.628109
TRIAL_Blue_SIM_02,Blue,39.000000,finger_width,167.736206
TRIAL_Blue_SIM_02,Blue,40.000000,finger_width,170.405311
TRIAL_Blue_SIM_02,Blue,41.000000,finger_width,173.010020
TRIAL_Blue_SIM_02,Blue,42.000000,finger_width,174.970765
TRIAL_Blue_SIM_02,Blue,43.000000,finger_width,176.931510
TRIAL_Blue_SIM_02,Blue,44.000000,finger_width,178.409863
TRIAL_Blue_SIM_02,Blue,45.000000,finger_width,179.781017
TRIAL_Blue_SIM_02,Blue,46.000000,finger_width,180.786639
TRIAL_Blue_SIM_02,Blue,47.000000,finger_width,181.487650
TRIAL_Blue_SIM_02,Blue,48.000000,finger_width,181.899421
TRIAL_Blue_SIM_02,Blue,49.000000,finger_width,181.539883
TRIAL_Blue_SIM_02,Blue,50.000000,finger_width,181.180344
TRIAL_Blue_SIM_02,Blue,51.000000,finger_width,179.737120
TRIAL_Blue_SIM_02,Blue,52.000000,finger_width,178.293896
TRIAL_Blue_SIM_02,Blue,53.000000,finger_width,176.051758
TRIAL_Blue_SIM_02,Blue,54.000000,finger_width,173.510029
TRIAL_Blue_SIM_02,Blue,55.000000,finger_width,170.650102
TRIAL_Blue_SIM_02,Blue,56.000000,finger_width,167.408337
TRIAL_Blue_SIM_02,Blue,57.000000,finger_width,164.051629
TRIAL_Blue_SIM_02,Blue,58.000000,finger_width,160.177679
TRIAL_Blue_SIM_02,Blue,59.000000,finger_width,156.303729
TRIAL_Blue_SIM_02,Blue,60.000000,finger_width,152.111169
TRIAL_Blue_SIM_02,Blue,61.000000,finger_width,147.886748
TRIAL_Blue_SIM_02,Blue,62.000000,finger_width,143.602166
TRIAL_Blue_SIM_02,Blue,63.000000,finger_width,139.283205
TRIAL_Blue_SIM_02,Blue,64.000000,finger_width,135.082910
TRIAL_Blue_SIM_02,Blue,65.000000,finger_width,131.090278
TRIAL_Blue_SIM_02,Blue,66.000000,finger_width,127.162239
TRIAL_Blue_SIM_02,Blue,67.000000,finger_width,123.880121
TRIAL_Blue_SIM_02,Blue,68.000000,finger_width,120.598003
TRIAL_Blue_SIM_02,Blue,69.000000,finger_width,117.948810
TRIAL_Blue_SIM_02,Blue,70.000000,finger_width,115.440268
TRIAL_Blue_SIM_02,Blue,71.000000,finger_width,113.431935
TRIAL_Blue_SIM_02,Blue,72.000000,finger_width,111.840443
TRIAL_Blue_SIM_02,Blue,73.000000,finger_width,110.484686
TRIAL_Blue_SIM_02,Blue,74.000000,finger_width,109.757554
TRIAL_Blue_SIM_02,Blue,75.000000,finger_width,109.030422
TRIAL_Blue_SIM_02,Blue,76.000000,finger_width,108.926734
TRIAL_Blue_SIM_02,Blue,77.000000,finger_width,108.823046
TRIAL_Blue_SIM_02,Blue,78.000000,finger_width,108.541494
TRIAL_Blue_SIM_02,Blue,79.000000,finger_width,108.193244
TRIAL_Blue_SIM_02,Blue,80.000000,finger_width,107.815208
TRIAL_Blue_SIM_02,Blue,81.000000,finger_width,107.401429
TRIAL_Blue_SIM_02,Blue,82.000000,finger_width,107.041937
TRIAL_Blue_SIM_02,Blue,83.000000,finger_width,106.926735
TRIAL_Blue_SIM_02,Blue,84.000000,finger_width,106.811532
TRIAL_Blue_SIM_02,Blue,85.000000,finger_width,107.174249
TRIAL_Blue_SIM_02,Blue,86.000000,finger_width,107.584759
TRIAL_Blue_SIM_02,Blue,87.000000,finger_width,108.144783
TRIAL_Blue_SIM_02,Blue,88.000000,finger_width,108.790243
TRIAL_Blue_SIM_02,Blue,89.000000,finger_width,109.436822
TRIAL_Blue_SIM_02,Blue,90.000000,finger_width,110.085357
TRIAL_Blue_SIM_02,Blue,91.000000,finger_width,110.670071
TRIAL_Blue_SIM_02,Blue,92.000000,finger_width,110.616573
TRIAL_Blue_SIM_02,Blue,93.000000,finger_width,110.563074
TRIAL_Blue_SIM_02,Blue,94.000000,finger_width,110.381125
TRIAL_Blue_SIM_02,Blue,95.000000,finger_width,110.170631
TRIAL_Blue_SIM_02,Blue,96.000000,finger_width,109.826644
TRIAL_Blue_SIM_02,Blue,97.000000,finger_width,109.371414
TRIAL_Blue_SIM_02,Blue,98.000000,finger_width,109.035485
TRIAL_Blue_SIM_02,Blue,99.000000,finger_width,109.017693
TRIAL_Blue_SIM_02,Blue,100.000000,finger_width,108.999901
TRIAL_Blue_SIM_02,Blue,0.000000,velocity,0.011308
TRIAL_Blue_SIM_02,Blue,1.000000,velocity,0.011755
TRIAL_Blue_SIM_02,Blue,2.000000,velocity,0.012203
TRIAL_Blue_SIM_02,Blue,3.000000,velocity,0.012523
TRIAL_Blue_SIM_02,Blue,4.000000,velocity,0.012795
TRIAL_Blue_SIM_02,Blue,5.000000,velocity,0.014144
TRIAL_Blue_SIM_02,Blue,6.000000,velocity,0.016787
TRIAL_Blue_SIM_02,Blue,7.000000,velocity,0.019822
TRIAL_Blue_SIM_02,Blue,8.000000,velocity,0.024618
TRIAL_Blue_SIM_02,Blue,9.000000,velocity,0.029414
TRIAL_Blue_SIM_02,Blue,10.000000,velocity,0.036385
TRIAL_Blue_SIM_02,Blue,11.000000,velocity,0.043574
TRIAL_Blue_SIM_02,Blue,12.000000,velocity,0.051723
TRIAL_Blue_SIM_02,Blue,13.000000,velocity,0.060420
TRIAL_Blue_SIM_02,Blue,14.000000,velocity,0.069692
TRIAL_Blue_SIM_02,Blue,15.000000,velocity,0.079970
TRIAL_Blue_SIM_02,Blue,16.000000,velocity,0.090442
TRIAL_Blue_SIM_02,Blue,17.000000,velocity,0.102855
TRIAL_Blue_SIM_02,Blue,18.000000,velocity,0.115268
TRIAL_Blue_SIM_02,Blue,19.000000,velocity,0.128063
TRIAL_Blue_SIM_02,Blue,20.000000,velocity,0.140943
TRIAL_Blue_SIM_02,Blue,21.000000,velocity,0.154244
TRIAL_Blue_SIM_02,Blue,22.000000,velocity,0.167897
TRIAL_Blue_SIM_02,Blue,23.000000,velocity,0.181373
TRIAL_Blue_SIM_02,Blue,24.000000,velocity,0.194380
TRIAL_Blue_SIM_02,Blue,25.000000,velocity,0.207386
TRIAL_Blue_SIM_02,Blue,26.000000,velocity,0.221719
TRIAL_Blue_SIM_02,Blue,27.000000,velocity,0.236051
TRIAL_Blue_SIM_02,Blue,28.000000,velocity,0.250210
TRIAL_Blue_SIM_02,Blue,29.000000,velocity,0.264304
TRIAL_Blue_SIM_02,Blue,30.000000,velocity,0.278811
TRIAL_Blue_SIM_02,Blue,31.000000,velocity,0.293813
TRIAL_Blue_SIM_02,Blue,32.000000,velocity,0.308496
TRIAL_Blue_SIM_02,Blue,33.000000,velocity,0.321743
TRIAL_Blue_SIM_02,Blue,34.000000,velocity,0.334989
TRIAL_Blue_SIM_02,Blue,35.000000,velocity,0.346941
TRIAL_Blue_SIM_02,Blue,36.000000,velocity,0.358765
TRIAL_Blue_SIM_02,Blue,37.000000,velocity,0.368275
TRIAL_Blue_SIM_02,Blue,38.000000,velocity,0.376465
TRIAL_Blue_SIM_02,Blue,39.000000,velocity,0.383306
TRIAL_Blue_SIM_02,Blue,40.000000,velocity,0.387787
TRIAL_Blue_SIM_02,Blue,41.000000,velocity,0.391893
TRIAL_Blue_SIM_02,Blue,42.000000,velocity,0.392242
TRIAL_Blue_SIM_02,Blue,43.000000,velocity,0.392591
TRIAL_Blue_SIM_02,Blue,44.000000,velocity,0.389816
TRIAL_Blue_SIM_02,Blue,45.000000,velocity,0.386348
TRIAL_Blue_SIM_02,Blue,46.000000,velocity,0.381363
TRIAL_Blue_SIM_02,Blue,47.000000,velocity,0.375114
TRIAL_Blue_SIM_02,Blue,48.000000,velocity,0.368068
TRIAL_Blue_SIM_02,Blue,49.000000,velocity,0.358896
TRIAL_Blue_SIM_02,Blue,50.000000,velocity,0.349723
TRIAL_Blue_SIM_02,Blue,51.000000,velocity,0.338551
TRIAL_Blue_SIM_02,Blue,52.000000,velocity,0.327380
TRIAL_Blue_SIM_02,Blue,53.000000,velocity,0.314373
TRIAL_Blue_SIM_02,Blue,54.000000,velocity,0.300679
TRIAL_Blue_SIM_02,Blue,55.000000,velocity,0.286292
TRIAL_Blue_SIM_02,Blue,56.000000,velocity,0.271073
TRIAL_Blue_SIM_02,Blue,57.000000,velocity,0.255664
TRIAL_Blue_SIM_02,Blue,58.000000,velocity,0.239398
TRIAL_Blue_SIM_02,Blue,59.000000,velocity,0.223132
TRIAL_Blue_SIM_02,Blue,60.000000,velocity,0.207465
TRIAL_Blue_SIM_02,Blue,61.000000,velocity,0.191858
TRIAL_Blue_SIM_02,Blue,62.000000,velocity,0.177287
TRIAL_Blue_SIM_02,Blue,63.000000,velocity,0.163308
TRIAL_Blue_SIM_02,Blue,64.000000,velocity,0.150024
TRIAL_Blue_SIM_02,Blue,65.000000,velocity,0.137957
TRIAL_Blue_SIM_02,Blue,66.000000,velocity,0.126089
TRIAL_Blue_SIM_02,Blue,67.000000,velocity,0.116217
TRIAL_Blue_SIM_02,Blue,68.000000,velocity,0.106344
TRIAL_Blue_SIM_02,Blue,69.000000,velocity,0.096990
TRIAL_Blue_SIM_02,Blue,70.000000,velocity,0.087752
TRIAL_Blue_SIM_02,Blue,71.000000,velocity,0.078952
TRIAL_Blue_SIM_02,Blue,72.000000,velocity,0.070516
TRIAL_Blue_SIM_02,Blue,73.000000,velocity,0.062086
TRIAL_Blue_SIM_02,Blue,74.000000,velocity,0.053671
TRIAL_Blue_SIM_02,Blue,75.000000,velocity,0.045256
TRIAL_Blue_SIM_02,Blue,76.000000,velocity,0.038807
TRIAL_Blue_SIM_02,Blue,77.000000,velocity,0.032359
TRIAL_Blue_SIM_02,Blue,78.000000,velocity,0.027129
TRIAL_Blue_SIM_02,Blue,79.000000,velocity,0.022356
TRIAL_Blue_SIM_02,Blue,80.000000,velocity,0.018390
TRIAL_Blue_SIM_02,Blue,81.000000,velocity,0.015393
TRIAL_Blue_SIM_02,Blue,82.000000,velocity,0.012599
TRIAL_Blue_SIM_02,Blue,83.000000,velocity,0.010716
TRIAL_Blue_SIM_02,Blue,84.000000,velocity,0.008833
TRIAL_Blue_SIM_02,Blue,85.000000,velocity,0.007866
TRIAL_Blue_SIM_02,Blue,86.000000,velocity,0.006991
TRIAL_Blue_SIM_02,Blue,87.000000,velocity,0.006613
TRIAL_Blue_SIM_02,Blue,88.000000,velocity,0.006520
TRIAL_Blue_SIM_02,Blue,89.000000,velocity,0.006239
TRIAL_Blue_SIM_02,Blue,90.000000,velocity,0.005633
TRIAL_Blue_SIM_02,Blue,91.000000,velocity,0.005004
TRIAL_Blue_SIM_02,Blue,92.000000,velocity,0.004152
TRIAL_Blue_SIM_02,Blue,93.000000,velocity,0.003300
TRIAL_Blue_SIM_02,Blue,94.000000,velocity,0.002129
TRIAL_Blue_SIM_02,Blue,95.000000,velocity,0.000887
TRIAL_Blue_SIM_02,Blue,96.000000,velocity,0.000245
TRIAL_Blue_SIM_02,Blue,97.000000,velocity,0.000103
TRIAL_Blue_SIM_02,Blue,98.000000,velocity,0.000000
TRIAL_Blue_SIM_02,Blue,99.000000,velocity,0.000000
TRIAL_Blue_SIM_02,Blue,100.000000,velocity,0.000000
TRIAL_Blue_SIM_02,Blue,0.000000,acceleration_mag,0.187086
TRIAL_Blue_SIM_02,Blue,1.000000,acceleration_mag,0.122389
TRIAL_Blue_SIM_02,Blue,2.000000,acceleration_mag,0.057692
TRIAL_Blue_SIM_02,Blue,3.000000,acceleration_mag,0.060229
TRIAL_Blue_SIM_02,Blue,4.000000,acceleration_mag,0.087978
TRIAL_Blue_SIM_02,Blue,5.000000,acceleration_mag,0.131428
TRIAL_Blue_SIM_02,Blue,6.000000,acceleration_mag,0.193720
TRIAL_Blue_SIM_02,Blue,7.000000,acceleration_mag,0.257377
TRIAL_Blue_SIM_02,Blue,8.000000,acceleration_mag,0.327174
TRIAL_Blue_SIM_02,Blue,9.000000,acceleration_mag,0.396971
TRIAL_Blue_SIM_02,Blue,10.000000,acceleration_mag,0.455836
TRIAL_Blue_SIM_02,Blue,11.000000,acceleration_mag,0.513607
TRIAL_Blue_SIM_02,Blue,12.000000,acceleration_mag,0.563844
TRIAL_Blue_SIM_02,Blue,13.000000,acceleration_mag,0.609775
TRIAL_Blue_SIM_02,Blue,14.000000,acceleration_mag,0.655320
TRIAL_Blue_SIM_02,Blue,15.000000,acceleration_mag,0.700188
TRIAL_Blue_SIM_02,Blue,16.000000,acceleration_mag,0.744212
TRIAL_Blue_SIM_02,Blue,17.000000,acceleration_mag,0.779796
TRIAL_Blue_SIM_02,Blue,18.000000,acceleration_mag,0.815380
TRIAL_Blue_SIM_02,Blue,19.000000,acceleration_mag,0.836942
TRIAL_Blue_SIM_02,Blue,20.000000,acceleration_mag,0.855388
TRIAL_Blue_SIM_02,Blue,21.000000,acceleration_mag,0.867361
TRIAL_Blue_SIM_02,Blue,22.000000,acceleration_mag,0.873941
TRIAL_Blue_SIM_02,Blue,23.000000,acceleration_mag,0.882993
TRIAL_Blue_SIM_02,Blue,24.000000,acceleration_mag,0.898638
TRIAL_Blue_SIM_02,Blue,25.000000,acceleration_mag,0.914283
TRIAL_Blue_SIM_02,Blue,26.000000,acceleration_mag,0.939821
TRIAL_Blue_SIM_02,Blue,27.000000,acceleration_mag,0.965358
TRIAL_Blue_SIM_02,Blue,28.000000,acceleration_mag,0.985548
TRIAL_Blue_SIM_02,Blue,29.000000,acceleration_mag,1.003732
TRIAL_Blue_SIM_02,Blue,30.000000,acceleration_mag,1.008542
TRIAL_Blue_SIM_02,Blue,31.000000,acceleration_mag,0.997302
TRIAL_Blue_SIM_02,Blue,32.000000,acceleration_mag,0.977700
TRIAL_Blue_SIM_02,Blue,33.000000,acceleration_mag,0.920467
TRIAL_Blue_SIM_02,Blue,34.000000,acceleration_mag,0.863233
TRIAL_Blue_SIM_02,Blue,35.000000,acceleration_mag,0.784399
TRIAL_Blue_SIM_02,Blue,36.000000,acceleration_mag,0.703405
TRIAL_Blue_SIM_02,Blue,37.000000,acceleration_mag,0.603316
TRIAL_Blue_SIM_02,Blue,38.000000,acceleration_mag,0.492315
TRIAL_Blue_SIM_02,Blue,39.000000,acceleration_mag,0.381574
TRIAL_Blue_SIM_02,Blue,40.000000,acceleration_mag,0.271284
TRIAL_Blue_SIM_02,Blue,41.000000,acceleration_mag,0.168220
TRIAL_Blue_SIM_02,Blue,42.000000,acceleration_mag,0.137405
TRIAL_Blue_SIM_02,Blue,43.000000,acceleration_mag,0.106590
TRIAL_Blue_SIM_02,Blue,44.000000,acceleration_mag,0.182792
TRIAL_Blue_SIM_02,Blue,45.000000,acceleration_mag,0.282776
TRIAL_Blue_SIM_02,Blue,46.000000,acceleration_mag,0.378159
TRIAL_Blue_SIM_02,Blue,47.000000,acceleration_mag,0.469706
TRIAL_Blue_SIM_02,Blue,48.000000,acceleration_mag,0.557266
TRIAL_Blue_SIM_02,Blue,49.000000,acceleration_mag,0.634194
TRIAL_Blue_SIM_02,Blue,50.000000,acceleration_mag,0.711122
TRIAL_Blue_SIM_02,Blue,51.000000,acceleration_mag,0.779179
TRIAL_Blue_SIM_02,Blue,52.000000,acceleration_mag,0.847235
TRIAL_Blue_SIM_02,Blue,53.000000,acceleration_mag,0.907328
TRIAL_Blue_SIM_02,Blue,54.000000,acceleration_mag,0.964435
TRIAL_Blue_SIM_02,Blue,55.000000,acceleration_mag,1.009220
TRIAL_Blue_SIM_02,Blue,56.000000,acceleration_mag,1.039217
TRIAL_Blue_SIM_02,Blue,57.000000,acceleration_mag,1.063883
TRIAL_Blue_SIM_02,Blue,58.000000,acceleration_mag,1.064565
TRIAL_Blue_SIM_02,Blue,59.000000,acceleration_mag,1.065246
TRIAL_Blue_SIM_02,Blue,60.000000,acceleration_mag,1.033154
TRIAL_Blue_SIM_02,Blue,61.000000,acceleration_mag,0.997785
TRIAL_Blue_SIM_02,Blue,62.000000,acceleration_mag,0.956068
TRIAL_Blue_SIM_02,Blue,63.000000,acceleration_mag,0.910723
TRIAL_Blue_SIM_02,Blue,64.000000,acceleration_mag,0.863404
TRIAL_Blue_SIM_02,Blue,65.000000,acceleration_mag,0.812632
TRIAL_Blue_SIM_02,Blue,66.000000,acceleration_mag,0.763523
TRIAL_Blue_SIM_02,Blue,67.000000,acceleration_mag,0.731050
TRIAL_Blue_SIM_02,Blue,68.000000,acceleration_mag,0.698577
TRIAL_Blue_SIM_02,Blue,69.000000,acceleration_mag,0.676562
TRIAL_Blue_SIM_02,Blue,70.000000,acceleration_mag,0.656869
TRIAL_Blue_SIM_02,Blue,71.000000,acceleration_mag,0.639458
TRIAL_Blue_SIM_02,Blue,72.000000,acceleration_mag,0.623946
TRIAL_Blue_SIM_02,Blue,73.000000,acceleration_mag,0.602819
TRIAL_Blue_SIM_02,Blue,74.000000,acceleration_mag,0.566717
TRIAL_Blue_SIM_02,Blue,75.000000,acceleration_mag,0.530615
TRIAL_Blue_SIM_02,Blue,76.000000,acceleration_mag,0.474689
TRIAL_Blue_SIM_02,Blue,77.000000,acceleration_mag,0.418763
TRIAL_Blue_SIM_02,Blue,78.000000,acceleration_mag,0.365283
TRIAL_Blue_SIM_02,Blue,79.000000,acceleration_mag,0.312720
TRIAL_Blue_SIM_02,Blue,80.000000,acceleration_mag,0.264298
TRIAL_Blue_SIM_02,Blue,81.000000,acceleration_mag,0.220846
TRIAL_Blue_SIM_02,Blue,82.000000,acceleration_mag,0.179323
TRIAL_Blue_SIM_02,Blue,83.000000,acceleration_mag,0.146477
TRIAL_Blue_SIM_02,Blue,84.000000,acceleration_mag,0.113632
TRIAL_Blue_SIM_02,Blue,85.000000,acceleration_mag,0.082957
TRIAL_Blue_SIM_02,Blue,86.000000,acceleration_mag,0.052500
TRIAL_Blue_SIM_02,Blue,87.000000,acceleration_mag,0.036791
TRIAL_Blue_SIM_02,Blue,88.000000,acceleration_mag,0.029511
TRIAL_Blue_SIM_02,Blue,89.000000,acceleration_mag,0.027684
TRIAL_Blue_SIM_02,Blue,90.000000,acceleration_mag,0.035399
TRIAL_Blue_SIM_02,Blue,91.000000,acceleration_mag,0.043342
TRIAL_Blue_SIM_02,Blue,92.000000,acceleration_mag,0.053547
TRIAL_Blue_SIM_02,Blue,93.000000,acceleration_mag,0.063752
TRIAL_Blue_SIM_02,Blue,94.000000,acceleration_mag,0.059259
TRIAL_Blue_SIM_02,Blue,95.000000,acceleration_mag,0.051499
TRIAL_Blue_SIM_02,Blue,96.000000,acceleration_mag,0.038577
TRIAL_Blue_SIM_02,Blue,97.000000,acceleration_mag,0.021352
TRIAL_Blue_SIM_02,Blue,98.000000,acceleration_mag,0.008424
TRIAL_Blue_SIM_02,Blue,99.000000,acceleration_mag,0.006957
TRIAL_Blue_SIM_02,Blue,100.000000,acceleration_mag,0.005489
TRIAL_Blue_SIM_02,Blue,0.000000,ax,0.184842
TRIAL_Blue_SIM_02,Blue,1.000000,ax,0.120609
TRIAL_Blue_SIM_02,Blue,2.000000,ax,0.056375
TRIAL_Blue_SIM_02,Blue,3.000000,ax,0.059044
TRIAL_Blue_SIM_02,Blue,4.000000,ax,0.086800
TRIAL_Blue_SIM_02,Blue,5.000000,ax,0.129862
TRIAL_Blue_SIM_02,Blue,6.000000,ax,0.191289
TRIAL_Blue_SIM_02,Blue,7.000000,ax,0.254097
TRIAL_Blue_SIM_02,Blue,8.000000,ax,0.323115
TRIAL_Blue_SIM_02,Blue,9.000000,ax,0.392134
TRIAL_Blue_SIM_02,Blue,10.000000,ax,0.450270
TRIAL_Blue_SIM_02,Blue,11.000000,ax,0.507319
TRIAL_Blue_SIM_02,Blue,12.000000,ax,0.556920
TRIAL_Blue_SIM_02,Blue,13.000000,ax,0.602266
TRIAL_Blue_SIM_02,Blue,14.000000,ax,0.647087
TRIAL_Blue_SIM_02,Blue,15.000000,ax,0.690991
TRIAL_Blue_SIM_02,Blue,16.000000,ax,0.734082
TRIAL_Blue_SIM_02,Blue,17.000000,ax,0.769037
TRIAL_Blue_SIM_02,Blue,18.000000,ax,0.803992
TRIAL_Blue_SIM_02,Blue,19.000000,ax,0.825195
TRIAL_Blue_SIM_02,Blue,20.000000,ax,0.843342
TRIAL_Blue_SIM_02,Blue,21.000000,ax,0.855212
TRIAL_Blue_SIM_02,Blue,22.000000,ax,0.861849
TRIAL_Blue_SIM_02,Blue,23.000000,ax,0.870934
TRIAL_Blue_SIM_02,Blue,24.000000,ax,0.886544
TRIAL_Blue_SIM_02,Blue,25.000000,ax,0.902154
TRIAL_Blue_SIM_02,Blue,26.000000,ax,0.927637
TRIAL_Blue_SIM_02,Blue,27.000000,ax,0.953120
TRIAL_Blue_SIM_02,Blue,28.000000,ax,0.973253
TRIAL_Blue_SIM_02,Blue,29.000000,ax,0.991380
TRIAL_Blue_SIM_02,Blue,30.000000,ax,0.996214
TRIAL_Blue_SIM_02,Blue,31.000000,ax,0.985097
TRIAL_Blue_SIM_02,Blue,32.000000,ax,0.965660
TRIAL_Blue_SIM_02,Blue,33.000000,ax,0.908784
TRIAL_Blue_SIM_02,Blue,34.000000,ax,0.851908
TRIAL_Blue_SIM_02,Blue,35.000000,ax,0.773748
TRIAL_Blue_SIM_02,Blue,36.000000,ax,0.693460
TRIAL_Blue_SIM_02,Blue,37.000000,ax,0.594384
TRIAL_Blue_SIM_02,Blue,38.000000,ax,0.484573
TRIAL_Blue_SIM_02,Blue,39.000000,ax,0.375196
TRIAL_Blue_SIM_02,Blue,40.000000,ax,0.266581
TRIAL_Blue_SIM_02,Blue,41.000000,ax,0.157133
TRIAL_Blue_SIM_02,Blue,42.000000,ax,0.039371
TRIAL_Blue_SIM_02,Blue,43.000000,ax,-0.078392
TRIAL_Blue_SIM_02,Blue,44.000000,ax,-0.180725
TRIAL_Blue_SIM_02,Blue,45.000000,ax,-0.279629
TRIAL_Blue_SIM_02,Blue,46.000000,ax,-0.373939
TRIAL_Blue_SIM_02,Blue,47.000000,ax,-0.464421
TRIAL_Blue_SIM_02,Blue,48.000000,ax,-0.550954
TRIAL_Blue_SIM_02,Blue,49.000000,ax,-0.626959
TRIAL_Blue_SIM_02,Blue,50.000000,ax,-0.702963
TRIAL_Blue_SIM_02,Blue,51.000000,ax,-0.770146
TRIAL_Blue_SIM_02,Blue,52.000000,ax,-0.837329
TRIAL_Blue_SIM_02,Blue,53.000000,ax,-0.896567
TRIAL_Blue_SIM_02,Blue,54.000000,ax,-0.952825
TRIAL_Blue_SIM_02,Blue,55.000000,ax,-0.996820
TRIAL_Blue_SIM_02,Blue,56.000000,ax,-1.026099
TRIAL_Blue_SIM_02,Blue,57.000000,ax,-1.050124
TRIAL_Blue_SIM_02,Blue,58.000000,ax,-1.050511
TRIAL_Blue_SIM_02,Blue,59.000000,ax,-1.050898
TRIAL_Blue_SIM_02,Blue,60.000000,ax,-1.019081
TRIAL_Blue_SIM_02,Blue,61.000000,ax,-0.984043
TRIAL_Blue_SIM_02,Blue,62.000000,ax,-0.942993
TRIAL_Blue_SIM_02,Blue,63.000000,ax,-0.898508
TRIAL_Blue_SIM_02,Blue,64.000000,ax,-0.852094
TRIAL_Blue_SIM_02,Blue,65.000000,ax,-0.802304
TRIAL_Blue_SIM_02,Blue,66.000000,ax,-0.754142
TRIAL_Blue_SIM_02,Blue,67.000000,ax,-0.722250
TRIAL_Blue_SIM_02,Blue,68.000000,ax,-0.690358
TRIAL_Blue_SIM_02,Blue,69.000000,ax,-0.668649
TRIAL_Blue_SIM_02,Blue,70.000000,ax,-0.649203
TRIAL_Blue_SIM_02,Blue,71.000000,ax,-0.631981
TRIAL_Blue_SIM_02,Blue,72.000000,ax,-0.616611
TRIAL_Blue_SIM_02,Blue,73.000000,ax,-0.595679
TRIAL_Blue_SIM_02,Blue,74.000000,ax,-0.559915
TRIAL_Blue_SIM_02,Blue,75.000000,ax,-0.524151
TRIAL_Blue_SIM_02,Blue,76.000000,ax,-0.468920
TRIAL_Blue_SIM_02,Blue,77.000000,ax,-0.413689
TRIAL_Blue_SIM_02,Blue,78.000000,ax,-0.360881
TRIAL_Blue_SIM_02,Blue,79.000000,ax,-0.308982
TRIAL_Blue_SIM_02,Blue,80.000000,ax,-0.261165
TRIAL_Blue_SIM_02,Blue,81.000000,ax,-0.218247
TRIAL_Blue_SIM_02,Blue,82.000000,ax,-0.177225
TRIAL_Blue_SIM_02,Blue,83.000000,ax,-0.144739
TRIAL_Blue_SIM_02,Blue,84.000000,ax,-0.112253
TRIAL_Blue_SIM_02,Blue,85.000000,ax,-0.081920
TRIAL_Blue_SIM_02,Blue,86.000000,ax,-0.051801
TRIAL_Blue_SIM_02,Blue,87.000000,ax,-0.036291
TRIAL_Blue_SIM_02,Blue,88.000000,ax,-0.029128
TRIAL_Blue_SIM_02,Blue,89.000000,ax,-0.027213
TRIAL_Blue_SIM_02,Blue,90.000000,ax,-0.034481
TRIAL_Blue_SIM_02,Blue,91.000000,ax,-0.042013
TRIAL_Blue_SIM_02,Blue,92.000000,ax,-0.052182
TRIAL_Blue_SIM_02,Blue,93.000000,ax,-0.062351
TRIAL_Blue_SIM_02,Blue,94.000000,ax,-0.058116
TRIAL_Blue_SIM_02,Blue,95.000000,ax,-0.050681
TRIAL_Blue_SIM_02,Blue,96.000000,ax,-0.037994
TRIAL_Blue_SIM_02,Blue,97.000000,ax,-0.020932
TRIAL_Blue_SIM_02,Blue,98.000000,ax,-0.008060
TRIAL_Blue_SIM_02,Blue,99.000000,ax,-0.006364
TRIAL_Blue_SIM_02,Blue,100.000000,ax,-0.004667
TRIAL_Blue_SIM_02,Blue,0.000000,ay,-0.005860
TRIAL_Blue_SIM_02,Blue,1.000000,ay,-0.006538
TRIAL_Blue_SIM_02,Blue,2.000000,ay,-0.007215
TRIAL_Blue_SIM_02,Blue,3.000000,ay,-0.004466
TRIAL_Blue_SIM_02,Blue,4.000000,ay,-0.000431
TRIAL_Blue_SIM_02,Blue,5.000000,ay,0.004451
TRIAL_Blue_SIM_02,Blue,6.000000,ay,0.010349
TRIAL_Blue_SIM_02,Blue,7.000000,ay,0.015513
TRIAL_Blue_SIM_02,Blue,8.000000,ay,0.017371
TRIAL_Blue_SIM_02,Blue,9.000000,ay,0.019230
TRIAL_Blue_SIM_02,Blue,10.000000,ay,0.022273
TRIAL_Blue_SIM_02,Blue,11.000000,ay,0.025434
TRIAL_Blue_SIM_02,Blue,12.000000,ay,0.028304
TRIAL_Blue_SIM_02,Blue,13.000000,ay,0.031008
TRIAL_Blue_SIM_02,Blue,14.000000,ay,0.036226
TRIAL_Blue_SIM_02,Blue,15.000000,ay,0.045847
TRIAL_Blue_SIM_02,Blue,16.000000,ay,0.055013
TRIAL_Blue_SIM_02,Blue,17.000000,ay,0.059633
TRIAL_Blue_SIM_02,Blue,18.000000,ay,0.064252
TRIAL_Blue_SIM_02,Blue,19.000000,ay,0.066645
TRIAL_Blue_SIM_02,Blue,20.000000,ay,0.068542
TRIAL_Blue_SIM_02,Blue,21.000000,ay,0.068443
TRIAL_Blue_SIM_02,Blue,22.000000,ay,0.066678
TRIAL_Blue_SIM_02,Blue,23.000000,ay,0.064903
TRIAL_Blue_SIM_02,Blue,24.000000,ay,0.063101
TRIAL_Blue_SIM_02,Blue,25.000000,ay,0.061299
TRIAL_Blue_SIM_02,Blue,26.000000,ay,0.057526
TRIAL_Blue_SIM_02,Blue,27.000000,ay,0.053753
TRIAL_Blue_SIM_02,Blue,28.000000,ay,0.050320
TRIAL_Blue_SIM_02,Blue,29.000000,ay,0.047014
TRIAL_Blue_SIM_02,Blue,30.000000,ay,0.045012
TRIAL_Blue_SIM_02,Blue,31.000000,ay,0.044574
TRIAL_Blue_SIM_02,Blue,32.000000,ay,0.045015
TRIAL_Blue_SIM_02,Blue,33.000000,ay,0.049418
TRIAL_Blue_SIM_02,Blue,34.000000,ay,0.053820
TRIAL_Blue_SIM_02,Blue,35.000000,ay,0.054318
TRIAL_Blue_SIM_02,Blue,36.000000,ay,0.054427
TRIAL_Blue_SIM_02,Blue,37.000000,ay,0.051560
TRIAL_Blue_SIM_02,Blue,38.000000,ay,0.046995
TRIAL_Blue_SIM_02,Blue,39.000000,ay,0.040279
TRIAL_Blue_SIM_02,Blue,40.000000,ay,0.029803
TRIAL_Blue_SIM_02,Blue,41.000000,ay,0.019685
TRIAL_Blue_SIM_02,Blue,42.000000,ay,0.013147
TRIAL_Blue_SIM_02,Blue,43.000000,ay,0.006610
TRIAL_Blue_SIM_02,Blue,44.000000,ay,0.001242
TRIAL_Blue_SIM_02,Blue,45.000000,ay,-0.003865
TRIAL_Blue_SIM_02,Blue,46.000000,ay,-0.007197
TRIAL_Blue_SIM_02,Blue,47.000000,ay,-0.009050
TRIAL_Blue_SIM_02,Blue,48.000000,ay,-0.011264
TRIAL_Blue_SIM_02,Blue,49.000000,ay,-0.014442
TRIAL_Blue_SIM_02,Blue,50.000000,ay,-0.017620
TRIAL_Blue_SIM_02,Blue,51.000000,ay,-0.022421
TRIAL_Blue_SIM_02,Blue,52.000000,ay,-0.027223
TRIAL_Blue_SIM_02,Blue,53.000000,ay,-0.033549
TRIAL_Blue_SIM_02,Blue,54.000000,ay,-0.040448
TRIAL_Blue_SIM_02,Blue,55.000000,ay,-0.048193
TRIAL_Blue_SIM_02,Blue,56.000000,ay,-0.056953
TRIAL_Blue_SIM_02,Blue,57.000000,ay,-0.064979
TRIAL_Blue_SIM_02,Blue,58.000000,ay,-0.069695
TRIAL_Blue_SIM_02,Blue,59.000000,ay,-0.074412
TRIAL_Blue_SIM_02,Blue,60.000000,ay,-0.074465
TRIAL_Blue_SIM_02,Blue,61.000000,ay,-0.074052
TRIAL_Blue_SIM_02,Blue,62.000000,ay,-0.069322
TRIAL_Blue_SIM_02,Blue,63.000000,ay,-0.062124
TRIAL_Blue_SIM_02,Blue,64.000000,ay,-0.053975
TRIAL_Blue_SIM_02,Blue,65.000000,ay,-0.044161
TRIAL_Blue_SIM_02,Blue,66.000000,ay,-0.034505
TRIAL_Blue_SIM_02,Blue,67.000000,ay,-0.026428
TRIAL_Blue_SIM_02,Blue,68.000000,ay,-0.018351
TRIAL_Blue_SIM_02,Blue,69.000000,ay,-0.015316
TRIAL_Blue_SIM_02,Blue,70.000000,ay,-0.013403
TRIAL_Blue_SIM_02,Blue,71.000000,ay,-0.013435
TRIAL_Blue_SIM_02,Blue,72.000000,ay,-0.015088
TRIAL_Blue_SIM_02,Blue,73.000000,ay,-0.016881
TRIAL_Blue_SIM_02,Blue,74.000000,ay,-0.019042
TRIAL_Blue_SIM_02,Blue,75.000000,ay,-0.021204
TRIAL_Blue_SIM_02,Blue,76.000000,ay,-0.018426
TRIAL_Blue_SIM_02,Blue,77.000000,ay,-0.015648
TRIAL_Blue_SIM_02,Blue,78.000000,ay,-0.012654
TRIAL_Blue_SIM_02,Blue,79.000000,ay,-0.009580
TRIAL_Blue_SIM_02,Blue,80.000000,ay,-0.006538
TRIAL_Blue_SIM_02,Blue,81.000000,ay,-0.003534
TRIAL_Blue_SIM_02,Blue,82.000000,ay,-0.000768
TRIAL_Blue_SIM_02,Blue,83.000000,ay,0.000927
TRIAL_Blue_SIM_02,Blue,84.000000,ay,0.002621
TRIAL_Blue_SIM_02,Blue,85.000000,ay,0.002678
TRIAL_Blue_SIM_02,Blue,86.000000,ay,0.002572
TRIAL_Blue_SIM_02,Blue,87.000000,ay,0.001512
TRIAL_Blue_SIM_02,Blue,88.000000,ay,-0.000094
TRIAL_Blue_SIM_02,Blue,89.000000,ay,-0.002319
TRIAL_Blue_SIM_02,Blue,90.000000,ay,-0.005629
TRIAL_Blue_SIM_02,Blue,91.000000,ay,-0.008676
TRIAL_Blue_SIM_02,Blue,92.000000,ay,-0.009082
TRIAL_Blue_SIM_02,Blue,93.000000,ay,-0.009487
TRIAL_Blue_SIM_02,Blue,94.000000,ay,-0.007378
TRIAL_Blue_SIM_02,Blue,95.000000,ay,-0.004709
TRIAL_Blue_SIM_02,Blue,96.000000,ay,-0.002222
TRIAL_Blue_SIM_02,Blue,97.000000,ay,0.000114
TRIAL_Blue_SIM_02,Blue,98.000000,ay,0.001927
TRIAL_Blue_SIM_02,Blue,99.000000,ay,0.002347
TRIAL_Blue_SIM_02,Blue,100.000000,ay,0.002767
TRIAL_Blue_SIM_02,Blue,0.000000,az,0.028286
TRIAL_Blue_SIM_02,Blue,1.000000,az,0.018594
TRIAL_Blue_SIM_02,Blue,2.000000,az,0.008901
TRIAL_Blue_SIM_02,Blue,3.000000,az,0.009187
TRIAL_Blue_SIM_02,Blue,4.000000,az,0.013214
TRIAL_Blue_SIM_02,Blue,5.000000,az,0.019528
TRIAL_Blue_SIM_02,Blue,6.000000,az,0.028585
TRIAL_Blue_SIM_02,Blue,7.000000,az,0.037888
TRIAL_Blue_SIM_02,Blue,8.000000,az,0.048298
TRIAL_Blue_SIM_02,Blue,9.000000,az,0.058709
TRIAL_Blue_SIM_02,Blue,10.000000,az,0.067427
TRIAL_Blue_SIM_02,Blue,11.000000,az,0.075975
TRIAL_Blue_SIM_02,Blue,12.000000,az,0.083415
TRIAL_Blue_SIM_02,Blue,13.000000,az,0.090222
TRIAL_Blue_SIM_02,Blue,14.000000,az,0.096839
TRIAL_Blue_SIM_02,Blue,15.000000,az,0.103125
TRIAL_Blue_SIM_02,Blue,16.000000,az,0.109308
TRIAL_Blue_SIM_02,Blue,17.000000,az,0.114472
TRIAL_Blue_SIM_02,Blue,18.000000,az,0.119636
TRIAL_Blue_SIM_02,Blue,19.000000,az,0.122817
TRIAL_Blue_SIM_02,Blue,20.000000,az,0.125557
TRIAL_Blue_SIM_02,Blue,21.000000,az,0.127434
TRIAL_Blue_SIM_02,Blue,22.000000,az,0.128592
TRIAL_Blue_SIM_02,Blue,23.000000,az,0.130124
TRIAL_Blue_SIM_02,Blue,24.000000,az,0.132654
TRIAL_Blue_SIM_02,Blue,25.000000,az,0.135184
TRIAL_Blue_SIM_02,Blue,26.000000,az,0.139309
TRIAL_Blue_SIM_02,Blue,27.000000,az,0.143434
TRIAL_Blue_SIM_02,Blue,28.000000,az,0.146733
TRIAL_Blue_SIM_02,Blue,29.000000,az,0.149722
TRIAL_Blue_SIM_02,Blue,30.000000,az,0.150626
TRIAL_Blue_SIM_02,Blue,31.000000,az,0.149027
TRIAL_Blue_SIM_02,Blue,32.000000,az,0.146119
TRIAL_Blue_SIM_02,Blue,33.000000,az,0.137320
TRIAL_Blue_SIM_02,Blue,34.000000,az,0.128521
TRIAL_Blue_SIM_02,Blue,35.000000,az,0.116631
TRIAL_Blue_SIM_02,Blue,36.000000,az,0.104431
TRIAL_Blue_SIM_02,Blue,37.000000,az,0.089480
TRIAL_Blue_SIM_02,Blue,38.000000,az,0.072956
TRIAL_Blue_SIM_02,Blue,39.000000,az,0.056583
TRIAL_Blue_SIM_02,Blue,40.000000,az,0.040472
TRIAL_Blue_SIM_02,Blue,41.000000,az,0.024216
TRIAL_Blue_SIM_02,Blue,42.000000,az,0.006502
TRIAL_Blue_SIM_02,Blue,43.000000,az,-0.011212
TRIAL_Blue_SIM_02,Blue,44.000000,az,-0.026641
TRIAL_Blue_SIM_02,Blue,45.000000,az,-0.041563
TRIAL_Blue_SIM_02,Blue,46.000000,az,-0.055873
TRIAL_Blue_SIM_02,Blue,47.000000,az,-0.069675
TRIAL_Blue_SIM_02,Blue,48.000000,az,-0.082862
TRIAL_Blue_SIM_02,Blue,49.000000,az,-0.094411
TRIAL_Blue_SIM_02,Blue,50.000000,az,-0.105960
TRIAL_Blue_SIM_02,Blue,51.000000,az,-0.116109
TRIAL_Blue_SIM_02,Blue,52.000000,az,-0.126259
TRIAL_Blue_SIM_02,Blue,53.000000,az,-0.135138
TRIAL_Blue_SIM_02,Blue,54.000000,az,-0.143540
TRIAL_Blue_SIM_02,Blue,55.000000,az,-0.150032
TRIAL_Blue_SIM_02,Blue,56.000000,az,-0.154232
TRIAL_Blue_SIM_02,Blue,57.000000,az,-0.157658
TRIAL_Blue_SIM_02,Blue,58.000000,az,-0.157604
TRIAL_Blue_SIM_02,Blue,59.000000,az,-0.157549
TRIAL_Blue_SIM_02,Blue,60.000000,az,-0.152746
TRIAL_Blue_SIM_02,Blue,61.000000,az,-0.147469
TRIAL_Blue_SIM_02,Blue,62.000000,az,-0.141445
TRIAL_Blue_SIM_02,Blue,63.000000,az,-0.134993
TRIAL_Blue_SIM_02,Blue,64.000000,az,-0.128280
TRIAL_Blue_SIM_02,Blue,65.000000,az,-0.121109
TRIAL_Blue_SIM_02,Blue,66.000000,az,-0.114179
TRIAL_Blue_SIM_02,Blue,67.000000,az,-0.109674
TRIAL_Blue_SIM_02,Blue,68.000000,az,-0.105169
TRIAL_Blue_SIM_02,Blue,69.000000,az,-0.102011
TRIAL_Blue_SIM_02,Blue,70.000000,az,-0.099152
TRIAL_Blue_SIM_02,Blue,71.000000,az,-0.096552
TRIAL_Blue_SIM_02,Blue,72.000000,az,-0.094168
TRIAL_Blue_SIM_02,Blue,73.000000,az,-0.090919
TRIAL_Blue_SIM_02,Blue,74.000000,az,-0.085362
TRIAL_Blue_SIM_02,Blue,75.000000,az,-0.079805
TRIAL_Blue_SIM_02,Blue,76.000000,az,-0.071441
TRIAL_Blue_SIM_02,Blue,77.000000,az,-0.063077
TRIAL_Blue_SIM_02,Blue,78.000000,az,-0.055084
TRIAL_Blue_SIM_02,Blue,79.000000,az,-0.047229
TRIAL_Blue_SIM_02,Blue,80.000000,az,-0.039997
TRIAL_Blue_SIM_02,Blue,81.000000,az,-0.033513
TRIAL_Blue_SIM_02,Blue,82.000000,az,-0.027309
TRIAL_Blue_SIM_02,Blue,83.000000,az,-0.022369
TRIAL_Blue_SIM_02,Blue,84.000000,az,-0.017430
TRIAL_Blue_SIM_02,Blue,85.000000,az,-0.012748
TRIAL_Blue_SIM_02,Blue,86.000000,az,-0.008091
TRIAL_Blue_SIM_02,Blue,87.000000,az,-0.005653
TRIAL_Blue_SIM_02,Blue,88.000000,az,-0.004484
TRIAL_Blue_SIM_02,Blue,89.000000,az,-0.004101
TRIAL_Blue_SIM_02,Blue,90.000000,az,-0.005095
TRIAL_Blue_SIM_02,Blue,91.000000,az,-0.006141
TRIAL_Blue_SIM_02,Blue,92.000000,az,-0.007707
TRIAL_Blue_SIM_02,Blue,93.000000,az,-0.009272
TRIAL_Blue_SIM_02,Blue,94.000000,az,-0.008705
TRIAL_Blue_SIM_02,Blue,95.000000,az,-0.007664
TRIAL_Blue_SIM_02,Blue,96.000000,az,-0.005800
TRIAL_Blue_SIM_02,Blue,97.000000,az,-0.003250
TRIAL_Blue_SIM_02,Blue,98.000000,az,-0.001328
TRIAL_Blue_SIM_02,Blue,99.000000,az,-0.001081
TRIAL_Blue_SIM_02,Blue,100.000000,az,-0.000835
TRIAL_Blue_SIM_03,Blue,0.000000,object_area,2605.622201
TRIAL_Blue_SIM_03,Blue,1.000000,object_area,2609.655602
TRIAL_Blue_SIM_03,Blue,2.000000,object_area,2613.689003
TRIAL_Blue_SIM_03,Blue,3.000000,object_area,2618.430129
TRIAL_Blue_SIM_03,Blue,4.000000,object_area,2623.436652
TRIAL_Blue_SIM_03,Blue,5.000000,object_area,2629.448656
TRIAL_Blue_SIM_03,Blue,6.000000,object_area,2636.667237
TRIAL_Blue_SIM_03,Blue,7.000000,object_area,2645.070918
TRIAL_Blue_SIM_03,Blue,8.000000,object_area,2658.807552
TRIAL_Blue_SIM_03,Blue,9.000000,object_area,2672.544186
TRIAL_Blue_SIM_03,Blue,10.000000,object_area,2691.463216
TRIAL_Blue_SIM_03,Blue,11.000000,object_area,2710.900485
TRIAL_Blue_SIM_03,Blue,12.000000,object_area,2733.800683
TRIAL_Blue_SIM_03,Blue,13.000000,object_area,2758.679699
TRIAL_Blue_SIM_03,Blue,14.000000,object_area,2783.104687
TRIAL_Blue_SIM_03,Blue,15.000000,object_area,2806.735130
TRIAL_Blue_SIM_03,Blue,16.000000,object_area,2830.217411
TRIAL_Blue_SIM_03,Blue,17.000000,object_area,2852.218067
TRIAL_Blue_SIM_03,Blue,18.000000,object_area,2874.218724
TRIAL_Blue_SIM_03,Blue,19.000000,object_area,2895.876779
TRIAL_Blue_SIM_03,Blue,20.000000,object_area,2917.458701
TRIAL_Blue_SIM_03,Blue,21.000000,object_area,2940.700660
TRIAL_Blue_SIM_03,Blue,22.000000,object_area,2965.325983
TRIAL_Blue_SIM_03,Blue,23.000000,object_area,2991.442270
TRIAL_Blue_SIM_03,Blue,24.000000,object_area,3021.534464
TRIAL_Blue_SIM_03,Blue,25.000000,object_area,3051.626658
TRIAL_Blue_SIM_03,Blue,26.000000,object_area,3084.877669
TRIAL_Blue_SIM_03,Blue,27.000000,object_area,3118.128680
TRIAL_Blue_SIM_03,Blue,28.000000,object_area,3152.949283
TRIAL_Blue_SIM_03,Blue,29.000000,object_area,3188.358482
TRIAL_Blue_SIM_03,Blue,30.000000,object_area,3224.619888
TRIAL_Blue_SIM_03,Blue,31.000000,object_area,3261.903944
TRIAL_Blue_SIM_03,Blue,32.000000,object_area,3299.395759
TRIAL_Blue_SIM_03,Blue,33.000000,object_area,3337.822491
TRIAL_Blue_SIM_03,Blue,34.000000,object_area,3376.249224
TRIAL_Blue_SIM_03,Blue,35.000000,object_area,3417.450973
TRIAL_Blue_SIM_03,Blue,36.000000,object_area,3458.930225
TRIAL_Blue_SIM_03,Blue,37.000000,object_area,3499.867342
TRIAL_Blue_SIM_03,Blue,38.000000,object_area,3540.494667
TRIAL_Blue_SIM_03,Blue,39.000000,object_area,3581.432330
TRIAL_Blue_SIM_03,Blue,40.000000,object_area,3622.913082
TRIAL_Blue_SIM_03,Blue,41.000000,object_area,3664.266091
TRIAL_Blue_SIM_03,Blue,42.000000,object_area,3704.341664
TRIAL_Blue_SIM_03,Blue,43.000000,object_area,3744.417236
TRIAL_Blue_SIM_03,Blue,44.000000,object_area,3785.123308
TRIAL_Blue_SIM_03,Blue,45.000000,object_area,3825.969490
TRIAL_Blue_SIM_03,Blue,46.000000,object_area,3866.694581
TRIAL_Blue_SIM_03,Blue,47.000000,object_area,3907.318763
TRIAL_Blue_SIM_03,Blue,48.000000,object_area,3947.612410
TRIAL_Blue_SIM_03,Blue,49.000000,object_area,3987.024632
TRIAL_Blue_SIM_03,Blue,50.000000,object_area,4026.436854
TRIAL_Blue_SIM_03,Blue,51.000000,object_area,4068.200898
TRIAL_Blue_SIM_03,Blue,52.000000,object_area,4109.964941
TRIAL_Blue_SIM_03,Blue,53.000000,object_area,4152.053524
TRIAL_Blue_SIM_03,Blue,54.000000,object_area,4194.263809
TRIAL_Blue_SIM_03,Blue,55.000000,object_area,4237.681711
TRIAL_Blue_SIM_03,Blue,56.000000,object_area,4282.548753
TRIAL_Blue_SIM_03,Blue,57.000000,object_area,4326.521444
TRIAL_Blue_SIM_03,Blue,58.000000,object_area,4366.469554
TRIAL_Blue_SIM_03,Blue,59.000000,object_area,4406.417664
TRIAL_Blue_SIM_03,Blue,60.000000,object_area,4446.557029
TRIAL_Blue_SIM_03,Blue,61.000000,object_area,4486.715520
TRIAL_Blue_SIM_03,Blue,62.000000,object_area,4525.691698
TRIAL_Blue_SIM_03,Blue,63.000000,object_area,4563.992267
TRIAL_Blue_SIM_03,Blue,64.000000,object_area,4603.487588
TRIAL_Blue_SIM_03,Blue,65.000000,object_area,4645.073723
TRIAL_Blue_SIM_03,Blue,66.000000,object_area,4686.349249
TRIAL_Blue_SIM_03,Blue,67.000000,object_area,4724.518693
TRIAL_Blue_SIM_03,Blue,68.000000,object_area,4762.688137
TRIAL_Blue_SIM_03,Blue,69.000000,object_area,4799.627680
TRIAL_Blue_SIM_03,Blue,70.000000,object_area,4836.293912
TRIAL_Blue_SIM_03,Blue,71.000000,object_area,4870.816169
TRIAL_Blue_SIM_03,Blue,72.000000,object_area,4903.551780
TRIAL_Blue_SIM_03,Blue,73.000000,object_area,4936.320393
TRIAL_Blue_SIM_03,Blue,74.000000,object_area,4969.177014
TRIAL_Blue_SIM_03,Blue,75.000000,object_area,5002.033634
TRIAL_Blue_SIM_03,Blue,76.000000,object_area,5033.275388
TRIAL_Blue_SIM_03,Blue,77.000000,object_area,5064.517142
TRIAL_Blue_SIM_03,Blue,78.000000,object_area,5094.292424
TRIAL_Blue_SIM_03,Blue,79.000000,object_area,5123.517779
TRIAL_Blue_SIM_03,Blue,80.000000,object_area,5150.934854
TRIAL_Blue_SIM_03,Blue,81.000000,object_area,5176.181991
TRIAL_Blue_SIM_03,Blue,82.000000,object_area,5201.017425
TRIAL_Blue_SIM_03,Blue,83.000000,object_area,5224.000195
TRIAL_Blue_SIM_03,Blue,84.000000,object_area,5246.982965
TRIAL_Blue_SIM_03,Blue,85.000000,object_area,5268.477328
TRIAL_Blue_SIM_03,Blue,86.000000,object_area,5289.822849
TRIAL_Blue_SIM_03,Blue,87.000000,object_area,5310.652916
TRIAL_Blue_SIM_03,Blue,88.000000,object_area,5331.188439
TRIAL_Blue_SIM_03,Blue,89.000000,object_area,5350.437036
TRIAL_Blue_SIM_03,Blue,90.000000,object_area,5367.433516
TRIAL_Blue_SIM_03,Blue,91.000000,object_area,5384.181847
TRIAL_Blue_SIM_03,Blue,92.000000,object_area,5398.448690
TRIAL_Blue_SIM_03,Blue,93.000000,object_area,5412.715533
TRIAL_Blue_SIM_03,Blue,94.000000,object_area,5424.415211
TRIAL_Blue_SIM_03,Blue,95.000000,object_area,5435.544408
TRIAL_Blue_SIM_03,Blue,96.000000,object_area,5444.201448
TRIAL_Blue_SIM_03,Blue,97.000000,object_area,5450.798356
TRIAL_Blue_SIM_03,Blue,98.000000,object_area,5456.002652
TRIAL_Blue_SIM_03,Blue,99.000000,object_area,5457.493313
TRIAL_Blue_SIM_03,Blue,100.000000,object_area,5458.983974
TRIAL_Blue_SIM_03,Blue,0.000000,finger_width,24.637703
TRIAL_Blue_SIM_03,Blue,1.000000,finger_width,25.275959
TRIAL_Blue_SIM_03,Blue,2.000000,finger_width,25.914215
TRIAL_Blue_SIM_03,Blue,3.000000,finger_width,27.158407
TRIAL_Blue_SIM_03,Blue,4.000000,finger_width,28.629824
TRIAL_Blue_SIM_03,Blue,5.000000,finger_width,30.436184
TRIAL_Blue_SIM_03,Blue,6.000000,finger_width,32.644475
TRIAL_Blue_SIM_03,Blue,7.000000,finger_width,35.007004
TRIAL_Blue_SIM_03,Blue,8.000000,finger_width,38.063603
TRIAL_Blue_SIM_03,Blue,9.000000,finger_width,41.120202
TRIAL_Blue_SIM_03,Blue,10.000000,finger_width,44.773012
TRIAL_Blue_SIM_03,Blue,11.000000,finger_width,48.485442
TRIAL_Blue_SIM_03,Blue,12.000000,finger_width,52.750219
TRIAL_Blue_SIM_03,Blue,13.000000,finger_width,57.330623
TRIAL_Blue_SIM_03,Blue,14.000000,finger_width,62.086090
TRIAL_Blue_SIM_03,Blue,15.000000,finger_width,67.147920
TRIAL_Blue_SIM_03,Blue,16.000000,finger_width,72.251224
TRIAL_Blue_SIM_03,Blue,17.000000,finger_width,77.769273
TRIAL_Blue_SIM_03,Blue,18.000000,finger_width,83.287321
TRIAL_Blue_SIM_03,Blue,19.000000,finger_width,88.705017
TRIAL_Blue_SIM_03,Blue,20.000000,finger_width,94.100413
TRIAL_Blue_SIM_03,Blue,21.000000,finger_width,99.345328
TRIAL_Blue_SIM_03,Blue,22.000000,finger_width,104.464843
TRIAL_Blue_SIM_03,Blue,23.000000,finger_width,109.542169
TRIAL_Blue_SIM_03,Blue,24.000000,finger_width,114.506989
TRIAL_Blue_SIM_03,Blue,25.000000,finger_width,119.471810
TRIAL_Blue_SIM_03,Blue,26.000000,finger_width,124.442162
TRIAL_Blue_SIM_03,Blue,27.000000,finger_width,129.412514
TRIAL_Blue_SIM_03,Blue,28.000000,finger_width,134.610513
TRIAL_Blue_SIM_03,Blue,29.000000,finger_width,139.893881
TRIAL_Blue_SIM_03,Blue,30.000000,finger_width,145.129907
TRIAL_Blue_SIM_03,Blue,31.000000,finger_width,150.309124
TRIAL_Blue_SIM_03,Blue,32.000000,finger_width,155.411642
TRIAL_Blue_SIM_03,Blue,33.000000,finger_width,160.169016
TRIAL_Blue_SIM_03,Blue,34.000000,finger_width,164.926389
TRIAL_Blue_SIM_03,Blue,35.000000,finger_width,168.898258
TRIAL_Blue_SIM_03,Blue,36.000000,finger_width,172.791575
TRIAL_Blue_SIM_03,Blue,37.000000,finger_width,176.181623
TRIAL_Blue_SIM_03,Blue,38.000000,finger_width,179.284088
TRIAL_Blue_SIM_03,Blue,39.000000,finger_width,182.058319
TRIAL_Blue_SIM_03,Blue,40.000000,finger_width,184.258142
TRIAL_Blue_SIM_03,Blue,41.000000,finger_width,186.390985
TRIAL_Blue_SIM_03,Blue,42.000000,finger_width,187.854040
TRIAL_Blue_SIM_03,Blue,43.000000,finger_width,189.317096
TRIAL_Blue_SIM_03,Blue,44.000000,finger_width,189.998132
TRIAL_Blue_SIM_03,Blue,45.000000,finger_width,190.505385
TRIAL_Blue_SIM_03,Blue,46.000000,finger_width,190.471544
TRIAL_Blue_SIM_03,Blue,47.000000,finger_width,189.986790
TRIAL_Blue_SIM_03,Blue,48.000000,finger_width,189.154902
TRIAL_Blue_SIM_03,Blue,49.000000,finger_width,187.397321
TRIAL_Blue_SIM_03,Blue,50.000000,finger_width,185.639741
TRIAL_Blue_SIM_03,Blue,51.000000,finger_width,183.120283
TRIAL_Blue_SIM_03,Blue,52.000000,finger_width,180.600826
TRIAL_Blue_SIM_03,Blue,53.000000,finger_width,177.502680
TRIAL_Blue_SIM_03,Blue,54.000000,finger_width,174.187526
TRIAL_Blue_SIM_03,Blue,55.000000,finger_width,170.650517
TRIAL_Blue_SIM_03,Blue,56.000000,finger_width,166.847282
TRIAL_Blue_SIM_03,Blue,57.000000,finger_width,162.922944
TRIAL_Blue_SIM_03,Blue,58.000000,finger_width,158.453647
TRIAL_Blue_SIM_03,Blue,59.000000,finger_width,153.984349
TRIAL_Blue_SIM_03,Blue,60.000000,finger_width,149.501701
TRIAL_Blue_SIM_03,Blue,61.000000,finger_width,145.017719
TRIAL_Blue_SIM_03,Blue,62.000000,finger_width,140.634080
TRIAL_Blue_SIM_03,Blue,63.000000,finger_width,136.307779
TRIAL_Blue_SIM_03,Blue,64.000000,finger_width,132.179731
TRIAL_Blue_SIM_03,Blue,65.000000,finger_width,128.398626
TRIAL_Blue_SIM_03,Blue,66.000000,finger_width,124.655037
TRIAL_Blue_SIM_03,Blue,67.000000,finger_width,121.286621
TRIAL_Blue_SIM_03,Blue,68.000000,finger_width,117.918204
TRIAL_Blue_SIM_03,Blue,69.000000,finger_width,115.275109
TRIAL_Blue_SIM_03,Blue,70.000000,finger_width,112.793197
TRIAL_Blue_SIM_03,Blue,71.000000,finger_width,110.766872
TRIAL_Blue_SIM_03,Blue,72.000000,finger_width,109.120204
TRIAL_Blue_SIM_03,Blue,73.000000,finger_width,107.861480
TRIAL_Blue_SIM_03,Blue,74.000000,finger_width,107.637274
TRIAL_Blue_SIM_03,Blue,75.000000,finger_width,107.413068
TRIAL_Blue_SIM_03,Blue,76.000000,finger_width,107.244710
TRIAL_Blue_SIM_03,Blue,77.000000,finger_width,107.076352
TRIAL_Blue_SIM_03,Blue,78.000000,finger_width,107.022280
TRIAL_Blue_SIM_03,Blue,79.000000,finger_width,107.011064
TRIAL_Blue_SIM_03,Blue,80.000000,finger_width,106.918667
TRIAL_Blue_SIM_03,Blue,81.000000,finger_width,106.728850
TRIAL_Blue_SIM_03,Blue,82.000000,finger_width,106.602509
TRIAL_Blue_SIM_03,Blue,83.000000,finger_width,106.761803
TRIAL_Blue_SIM_03,Blue,84.000000,finger_width,106.921097
TRIAL_Blue_SIM_03,Blue,85.000000,finger_width,107.189860
TRIAL_Blue_SIM_03,Blue,86.000000,finger_width,107.469571
TRIAL_Blue_SIM_03,Blue,87.000000,finger_width,107.655979
TRIAL_Blue_SIM_03,Blue,88.000000,finger_width,107.789072
TRIAL_Blue_SIM_03,Blue,89.000000,finger_width,107.824585
TRIAL_Blue_SIM_03,Blue,90.000000,finger_width,107.689335
TRIAL_Blue_SIM_03,Blue,91.000000,finger_width,107.537429
TRIAL_Blue_SIM_03,Blue,92.000000,finger_width,107.218957
TRIAL_Blue_SIM_03,Blue,93.000000,finger_width,106.900484
TRIAL_Blue_SIM_03,Blue,94.000000,finger_width,106.787949
TRIAL_Blue_SIM_03,Blue,95.000000,finger_width,106.721178
TRIAL_Blue_SIM_03,Blue,96.000000,finger_width,106.734926
TRIAL_Blue_SIM_03,Blue,97.000000,finger_width,106.815773
TRIAL_Blue_SIM_03,Blue,98.000000,finger_width,106.907366
TRIAL_Blue_SIM_03,Blue,99.000000,finger_width,107.027620
TRIAL_Blue_SIM_03,Blue,100.000000,finger_width,107.147874
TRIAL_Blue_SIM_03,Blue,0.000000,velocity,0.002067
TRIAL_Blue_SIM_03,Blue,1.000000,velocity,0.003647
TRIAL_Blue_SIM_03,Blue,2.000000,velocity,0.005226
TRIAL_Blue_SIM_03,Blue,3.000000,velocity,0.007641
TRIAL_Blue_SIM_03,Blue,4.000000,velocity,0.010369
TRIAL_Blue_SIM_03,Blue,5.000000,velocity,0.013677
TRIAL_Blue_SIM_03,Blue,6.000000,velocity,0.017680
TRIAL_Blue_SIM_03,Blue,7.000000,velocity,0.021774
TRIAL_Blue_SIM_03,Blue,8.000000,velocity,0.026270
TRIAL_Blue_SIM_03,Blue,9.000000,velocity,0.030767
TRIAL_Blue_SIM_03,Blue,10.000000,velocity,0.034925
TRIAL_Blue_SIM_03,Blue,11.000000,velocity,0.039048
TRIAL_Blue_SIM_03,Blue,12.000000,velocity,0.043702
TRIAL_Blue_SIM_03,Blue,13.000000,velocity,0.048660
TRIAL_Blue_SIM_03,Blue,14.000000,velocity,0.054024
TRIAL_Blue_SIM_03,Blue,15.000000,velocity,0.060101
TRIAL_Blue_SIM_03,Blue,16.000000,velocity,0.066375
TRIAL_Blue_SIM_03,Blue,17.000000,velocity,0.074609
TRIAL_Blue_SIM_03,Blue,18.000000,velocity,0.082843
TRIAL_Blue_SIM_03,Blue,19.000000,velocity,0.091872
TRIAL_Blue_SIM_03,Blue,20.000000,velocity,0.101078
TRIAL_Blue_SIM_03,Blue,21.000000,velocity,0.111215
TRIAL_Blue_SIM_03,Blue,22.000000,velocity,0.122128
TRIAL_Blue_SIM_03,Blue,23.000000,velocity,0.133140
TRIAL_Blue_SIM_03,Blue,24.000000,velocity,0.144420
TRIAL_Blue_SIM_03,Blue,25.000000,velocity,0.155700
TRIAL_Blue_SIM_03,Blue,26.000000,velocity,0.167166
TRIAL_Blue_SIM_03,Blue,27.000000,velocity,0.178631
TRIAL_Blue_SIM_03,Blue,28.000000,velocity,0.190386
TRIAL_Blue_SIM_03,Blue,29.000000,velocity,0.202249
TRIAL_Blue_SIM_03,Blue,30.000000,velocity,0.214641
TRIAL_Blue_SIM_03,Blue,31.000000,velocity,0.227666
TRIAL_Blue_SIM_03,Blue,32.000000,velocity,0.240848
TRIAL_Blue_SIM_03,Blue,33.000000,velocity,0.254737
TRIAL_Blue_SIM_03,Blue,34.000000,velocity,0.268626
TRIAL_Blue_SIM_03,Blue,35.000000,velocity,0.281905
TRIAL_Blue_SIM_03,Blue,36.000000,velocity,0.295123
TRIAL_Blue_SIM_03,Blue,37.000000,velocity,0.307334
TRIAL_Blue_SIM_03,Blue,38.000000,velocity,0.318970
TRIAL_Blue_SIM_03,Blue,39.000000,velocity,0.329932
TRIAL_Blue_SIM_03,Blue,40.000000,velocity,0.339717
TRIAL_Blue_SIM_03,Blue,41.000000,velocity,0.349367
TRIAL_Blue_SIM_03,Blue,42.000000,velocity,0.357677
TRIAL_Blue_SIM_03,Blue,43.000000,velocity,0.365986
TRIAL_Blue_SIM_03,Blue,44.000000,velocity,0.372762
TRIAL_Blue_SIM_03,Blue,45.000000,velocity,0.379198
TRIAL_Blue_SIM_03,Blue,46.000000,velocity,0.384757
TRIAL_Blue_SIM_03,Blue,47.000000,velocity,0.389585
TRIAL_Blue_SIM_03,Blue,48.000000,velocity,0.393748
TRIAL_Blue_SIM_03,Blue,49.000000,velocity,0.396140
TRIAL_Blue_SIM_03,Blue,50.000000,velocity,0.398531
TRIAL_Blue_SIM_03,Blue,51.000000,velocity,0.398277
TRIAL_Blue_SIM_03,Blue,52.000000,velocity,0.398022
TRIAL_Blue_SIM_03,Blue,53.000000,velocity,0.395855
TRIAL_Blue_SIM_03,Blue,54.000000,velocity,0.392970
TRIAL_Blue_SIM_03,Blue,55.000000,velocity,0.388690
TRIAL_Blue_SIM_03,Blue,56.000000,velocity,0.382736
TRIAL_Blue_SIM_03,Blue,57.000000,velocity,0.376505
TRIAL_Blue_SIM_03,Blue,58.000000,velocity,0.369033
TRIAL_Blue_SIM_03,Blue,59.000000,velocity,0.361560
TRIAL_Blue_SIM_03,Blue,60.000000,velocity,0.351597
TRIAL_Blue_SIM_03,Blue,61.000000,velocity,0.341384
TRIAL_Blue_SIM_03,Blue,62.000000,velocity,0.330767
TRIAL_Blue_SIM_03,Blue,63.000000,velocity,0.319918
TRIAL_Blue_SIM_03,Blue,64.000000,velocity,0.308507
TRIAL_Blue_SIM_03,Blue,65.000000,velocity,0.296109
TRIAL_Blue_SIM_03,Blue,66.000000,velocity,0.283727
TRIAL_Blue_SIM_03,Blue,67.000000,velocity,0.271495
TRIAL_Blue_SIM_03,Blue,68.000000,velocity,0.259263
TRIAL_Blue_SIM_03,Blue,69.000000,velocity,0.246410
TRIAL_Blue_SIM_03,Blue,70.000000,velocity,0.233418
TRIAL_Blue_SIM_03,Blue,71.000000,velocity,0.220556
TRIAL_Blue_SIM_03,Blue,72.000000,velocity,0.207802
TRIAL_Blue_SIM_03,Blue,73.000000,velocity,0.195140
TRIAL_Blue_SIM_03,Blue,74.000000,velocity,0.182724
TRIAL_Blue_SIM_03,Blue,75.000000,velocity,0.170308
TRIAL_Blue_SIM_03,Blue,76.000000,velocity,0.159560
TRIAL_Blue_SIM_03,Blue,77.000000,velocity,0.148812
TRIAL_Blue_SIM_03,Blue,78.000000,velocity,0.138472
TRIAL_Blue_SIM_03,Blue,79.000000,velocity,0.128284
TRIAL_Blue_SIM_03,Blue,80.000000,velocity,0.118594
TRIAL_Blue_SIM_03,Blue,81.000000,velocity,0.109500
TRIAL_Blue_SIM_03,Blue,82.000000,velocity,0.100389
TRIAL_Blue_SIM_03,Blue,83.000000,velocity,0.091198
TRIAL_Blue_SIM_03,Blue,84.000000,velocity,0.082008
TRIAL_Blue_SIM_03,Blue,85.000000,velocity,0.075086
TRIAL_Blue_SIM_03,Blue,86.000000,velocity,0.068391
TRIAL_Blue_SIM_03,Blue,87.000000,velocity,0.062270
TRIAL_Blue_SIM_03,Blue,88.000000,velocity,0.056477
TRIAL_Blue_SIM_03,Blue,89.000000,velocity,0.051129
TRIAL_Blue_SIM_03,Blue,90.000000,velocity,0.046560
TRIAL_Blue_SIM_03,Blue,91.000000,velocity,0.041919
TRIAL_Blue_SIM_03,Blue,92.000000,velocity,0.036557
TRIAL_Blue_SIM_03,Blue,93.000000,velocity,0.031196
TRIAL_Blue_SIM_03,Blue,94.000000,velocity,0.024144
TRIAL_Blue_SIM_03,Blue,95.000000,velocity,0.016717
TRIAL_Blue_SIM_03,Blue,96.000000,velocity,0.011295
TRIAL_Blue_SIM_03,Blue,97.000000,velocity,0.007545
TRIAL_Blue_SIM_03,Blue,98.000000,velocity,0.004303
TRIAL_Blue_SIM_03,Blue,99.000000,velocity,0.002417
TRIAL_Blue_SIM_03,Blue,100.000000,velocity,0.000532
TRIAL_Blue_SIM_03,Blue,0.000000,acceleration_mag,0.087391
TRIAL_Blue_SIM_03,Blue,1.000000,acceleration_mag,0.116976
TRIAL_Blue_SIM_03,Blue,2.000000,acceleration_mag,0.146561
TRIAL_Blue_SIM_03,Blue,3.000000,acceleration_mag,0.180673
TRIAL_Blue_SIM_03,Blue,4.000000,acceleration_mag,0.216483
TRIAL_Blue_SIM_03,Blue,5.000000,acceleration_mag,0.249027
TRIAL_Blue_SIM_03,Blue,6.000000,acceleration_mag,0.277653
TRIAL_Blue_SIM_03,Blue,7.000000,acceleration_mag,0.301793
TRIAL_Blue_SIM_03,Blue,8.000000,acceleration_mag,0.305746
TRIAL_Blue_SIM_03,Blue,9.000000,acceleration_mag,0.309699
TRIAL_Blue_SIM_03,Blue,10.000000,acceleration_mag,0.316619
TRIAL_Blue_SIM_03,Blue,11.000000,acceleration_mag,0.323836
TRIAL_Blue_SIM_03,Blue,12.000000,acceleration_mag,0.343677
TRIAL_Blue_SIM_03,Blue,13.000000,acceleration_mag,0.370732
TRIAL_Blue_SIM_03,Blue,14.000000,acceleration_mag,0.405428
TRIAL_Blue_SIM_03,Blue,15.000000,acceleration_mag,0.453498
TRIAL_Blue_SIM_03,Blue,16.000000,acceleration_mag,0.501240
TRIAL_Blue_SIM_03,Blue,17.000000,acceleration_mag,0.545705
TRIAL_Blue_SIM_03,Blue,18.000000,acceleration_mag,0.590170
TRIAL_Blue_SIM_03,Blue,19.000000,acceleration_mag,0.630241
TRIAL_Blue_SIM_03,Blue,20.000000,acceleration_mag,0.669335
TRIAL_Blue_SIM_03,Blue,21.000000,acceleration_mag,0.702720
TRIAL_Blue_SIM_03,Blue,22.000000,acceleration_mag,0.731348
TRIAL_Blue_SIM_03,Blue,23.000000,acceleration_mag,0.754710
TRIAL_Blue_SIM_03,Blue,24.000000,acceleration_mag,0.764030
TRIAL_Blue_SIM_03,Blue,25.000000,acceleration_mag,0.773349
TRIAL_Blue_SIM_03,Blue,26.000000,acceleration_mag,0.782540
TRIAL_Blue_SIM_03,Blue,27.000000,acceleration_mag,0.791731
TRIAL_Blue_SIM_03,Blue,28.000000,acceleration_mag,0.812460
TRIAL_Blue_SIM_03,Blue,29.000000,acceleration_mag,0.837517
TRIAL_Blue_SIM_03,Blue,30.000000,acceleration_mag,0.865044
TRIAL_Blue_SIM_03,Blue,31.000000,acceleration_mag,0.895536
TRIAL_Blue_SIM_03,Blue,32.000000,acceleration_mag,0.921042
TRIAL_Blue_SIM_03,Blue,33.000000,acceleration_mag,0.924117
TRIAL_Blue_SIM_03,Blue,34.000000,acceleration_mag,0.927192
TRIAL_Blue_SIM_03,Blue,35.000000,acceleration_mag,0.896698
TRIAL_Blue_SIM_03,Blue,36.000000,acceleration_mag,0.862848
TRIAL_Blue_SIM_03,Blue,37.000000,acceleration_mag,0.817935
TRIAL_Blue_SIM_03,Blue,38.000000,acceleration_mag,0.766700
TRIAL_Blue_SIM_03,Blue,39.000000,acceleration_mag,0.715477
TRIAL_Blue_SIM_03,Blue,40.000000,acceleration_mag,0.664274
TRIAL_Blue_SIM_03,Blue,41.000000,acceleration_mag,0.613044
TRIAL_Blue_SIM_03,Blue,42.000000,acceleration_mag,0.561550
TRIAL_Blue_SIM_03,Blue,43.000000,acceleration_mag,0.510057
TRIAL_Blue_SIM_03,Blue,44.000000,acceleration_mag,0.456973
TRIAL_Blue_SIM_03,Blue,45.000000,acceleration_mag,0.403536
TRIAL_Blue_SIM_03,Blue,46.000000,acceleration_mag,0.346436
TRIAL_Blue_SIM_03,Blue,47.000000,acceleration_mag,0.286284
TRIAL_Blue_SIM_03,Blue,48.000000,acceleration_mag,0.222125
TRIAL_Blue_SIM_03,Blue,49.000000,acceleration_mag,0.147280
TRIAL_Blue_SIM_03,Blue,50.000000,acceleration_mag,0.072436
TRIAL_Blue_SIM_03,Blue,51.000000,acceleration_mag,0.090077
TRIAL_Blue_SIM_03,Blue,52.000000,acceleration_mag,0.107719
TRIAL_Blue_SIM_03,Blue,53.000000,acceleration_mag,0.174062
TRIAL_Blue_SIM_03,Blue,54.000000,acceleration_mag,0.258667
TRIAL_Blue_SIM_03,Blue,55.000000,acceleration_mag,0.336088
TRIAL_Blue_SIM_03,Blue,56.000000,acceleration_mag,0.404887
TRIAL_Blue_SIM_03,Blue,57.000000,acceleration_mag,0.472775
TRIAL_Blue_SIM_03,Blue,58.000000,acceleration_mag,0.536563
TRIAL_Blue_SIM_03,Blue,59.000000,acceleration_mag,0.600350
TRIAL_Blue_SIM_03,Blue,60.000000,acceleration_mag,0.652827
TRIAL_Blue_SIM_03,Blue,61.000000,acceleration_mag,0.704172
TRIAL_Blue_SIM_03,Blue,62.000000,acceleration_mag,0.743615
TRIAL_Blue_SIM_03,Blue,63.000000,acceleration_mag,0.776256
TRIAL_Blue_SIM_03,Blue,64.000000,acceleration_mag,0.804173
TRIAL_Blue_SIM_03,Blue,65.000000,acceleration_mag,0.823821
TRIAL_Blue_SIM_03,Blue,66.000000,acceleration_mag,0.842467
TRIAL_Blue_SIM_03,Blue,67.000000,acceleration_mag,0.851096
TRIAL_Blue_SIM_03,Blue,68.000000,acceleration_mag,0.859724
TRIAL_Blue_SIM_03,Blue,69.000000,acceleration_mag,0.868412
TRIAL_Blue_SIM_03,Blue,70.000000,acceleration_mag,0.877114
TRIAL_Blue_SIM_03,Blue,71.000000,acceleration_mag,0.876378
TRIAL_Blue_SIM_03,Blue,72.000000,acceleration_mag,0.867777
TRIAL_Blue_SIM_03,Blue,73.000000,acceleration_mag,0.852675
TRIAL_Blue_SIM_03,Blue,74.000000,acceleration_mag,0.820240
TRIAL_Blue_SIM_03,Blue,75.000000,acceleration_mag,0.787805
TRIAL_Blue_SIM_03,Blue,76.000000,acceleration_mag,0.751984
TRIAL_Blue_SIM_03,Blue,77.000000,acceleration_mag,0.716164
TRIAL_Blue_SIM_03,Blue,78.000000,acceleration_mag,0.688090
TRIAL_Blue_SIM_03,Blue,79.000000,acceleration_mag,0.662920
TRIAL_Blue_SIM_03,Blue,80.000000,acceleration_mag,0.643206
TRIAL_Blue_SIM_03,Blue,81.000000,acceleration_mag,0.630038
TRIAL_Blue_SIM_03,Blue,82.000000,acceleration_mag,0.612829
TRIAL_Blue_SIM_03,Blue,83.000000,acceleration_mag,0.577433
TRIAL_Blue_SIM_03,Blue,84.000000,acceleration_mag,0.542037
TRIAL_Blue_SIM_03,Blue,85.000000,acceleration_mag,0.492923
TRIAL_Blue_SIM_03,Blue,86.000000,acceleration_mag,0.442438
TRIAL_Blue_SIM_03,Blue,87.000000,acceleration_mag,0.403657
TRIAL_Blue_SIM_03,Blue,88.000000,acceleration_mag,0.371565
TRIAL_Blue_SIM_03,Blue,89.000000,acceleration_mag,0.349214
TRIAL_Blue_SIM_03,Blue,90.000000,acceleration_mag,0.343910
TRIAL_Blue_SIM_03,Blue,91.000000,acceleration_mag,0.343074
TRIAL_Blue_SIM_03,Blue,92.000000,acceleration_mag,0.386917
TRIAL_Blue_SIM_03,Blue,93.000000,acceleration_mag,0.430760
TRIAL_Blue_SIM_03,Blue,94.000000,acceleration_mag,0.420408
TRIAL_Blue_SIM_03,Blue,95.000000,acceleration_mag,0.398013
TRIAL_Blue_SIM_03,Blue,96.000000,acceleration_mag,0.343182
TRIAL_Blue_SIM_03,Blue,97.000000,acceleration_mag,0.261320
TRIAL_Blue_SIM_03,Blue,98.000000,acceleration_mag,0.193971
TRIAL_Blue_SIM_03,Blue,99.000000,acceleration_mag,0.165321
TRIAL_Blue_SIM_03,Blue,100.000000,acceleration_mag,0.136671
TRIAL_Blue_SIM_03,Blue,0.000000,ax,0.087233
TRIAL_Blue_SIM_03,Blue,1.000000,ax,0.116742
TRIAL_Blue_SIM_03,Blue,2.000000,ax,0.146252
TRIAL_Blue_SIM_03,Blue,3.000000,ax,0.180038
TRIAL_Blue_SIM_03,Blue,4.000000,ax,0.215428
TRIAL_Blue_SIM_03,Blue,5.000000,ax,0.247771
TRIAL_Blue_SIM_03,Blue,6.000000,ax,0.276459
TRIAL_Blue_SIM_03,Blue,7.000000,ax,0.300693
TRIAL_Blue_SIM_03,Blue,8.000000,ax,0.304881
TRIAL_Blue_SIM_03,Blue,9.000000,ax,0.309069
TRIAL_Blue_SIM_03,Blue,10.000000,ax,0.315989
TRIAL_Blue_SIM_03,Blue,11.000000,ax,0.323182
TRIAL_Blue_SIM_03,Blue,12.000000,ax,0.342641
TRIAL_Blue_SIM_03,Blue,13.000000,ax,0.369109
TRIAL_Blue_SIM_03,Blue,14.000000,ax,0.403143
TRIAL_Blue_SIM_03,Blue,15.000000,ax,0.450419
TRIAL_Blue_SIM_03,Blue,16.000000,ax,0.497326
TRIAL_Blue_SIM_03,Blue,17.000000,ax,0.540551
TRIAL_Blue_SIM_03,Blue,18.000000,ax,0.583775
TRIAL_Blue_SIM_03,Blue,19.000000,ax,0.622903
TRIAL_Blue_SIM_03,Blue,20.000000,ax,0.661120
TRIAL_Blue_SIM_03,Blue,21.000000,ax,0.693403
TRIAL_Blue_SIM_03,Blue,22.000000,ax,0.720742
TRIAL_Blue_SIM_03,Blue,23.000000,ax,0.743218
TRIAL_Blue_SIM_03,Blue,24.000000,ax,0.752725
TRIAL_Blue_SIM_03,Blue,25.000000,ax,0.762233
TRIAL_Blue_SIM_03,Blue,26.000000,ax,0.771392
TRIAL_Blue_SIM_03,Blue,27.000000,ax,0.780551
TRIAL_Blue_SIM_03,Blue,28.000000,ax,0.801395
TRIAL_Blue_SIM_03,Blue,29.000000,ax,0.826620
TRIAL_Blue_SIM_03,Blue,30.000000,ax,0.854040
TRIAL_Blue_SIM_03,Blue,31.000000,ax,0.884093
TRIAL_Blue_SIM_03,Blue,32.000000,ax,0.909230
TRIAL_Blue_SIM_03,Blue,33.000000,ax,0.912246
TRIAL_Blue_SIM_03,Blue,34.000000,ax,0.915261
TRIAL_Blue_SIM_03,Blue,35.000000,ax,0.885082
TRIAL_Blue_SIM_03,Blue,36.000000,ax,0.851584
TRIAL_Blue_SIM_03,Blue,37.000000,ax,0.807239
TRIAL_Blue_SIM_03,Blue,38.000000,ax,0.756697
TRIAL_Blue_SIM_03,Blue,39.000000,ax,0.705967
TRIAL_Blue_SIM_03,Blue,40.000000,ax,0.654911
TRIAL_Blue_SIM_03,Blue,41.000000,ax,0.603827
TRIAL_Blue_SIM_03,Blue,42.000000,ax,0.552451
TRIAL_Blue_SIM_03,Blue,43.000000,ax,0.501076
TRIAL_Blue_SIM_03,Blue,44.000000,ax,0.448037
TRIAL_Blue_SIM_03,Blue,45.000000,ax,0.394628
TRIAL_Blue_SIM_03,Blue,46.000000,ax,0.337975
TRIAL_Blue_SIM_03,Blue,47.000000,ax,0.278618
TRIAL_Blue_SIM_03,Blue,48.000000,ax,0.215167
TRIAL_Blue_SIM_03,Blue,49.000000,ax,0.140796
TRIAL_Blue_SIM_03,Blue,50.000000,ax,0.066425
TRIAL_Blue_SIM_03,Blue,51.000000,ax,-0.011923
TRIAL_Blue_SIM_03,Blue,52.000000,ax,-0.090270
TRIAL_Blue_SIM_03,Blue,53.000000,ax,-0.172616
TRIAL_Blue_SIM_03,Blue,54.000000,ax,-0.256460
TRIAL_Blue_SIM_03,Blue,55.000000,ax,-0.333065
TRIAL_Blue_SIM_03,Blue,56.000000,ax,-0.400983
TRIAL_Blue_SIM_03,Blue,57.000000,ax,-0.467983
TRIAL_Blue_SIM_03,Blue,58.000000,ax,-0.530854
TRIAL_Blue_SIM_03,Blue,59.000000,ax,-0.593725
TRIAL_Blue_SIM_03,Blue,60.000000,ax,-0.645629
TRIAL_Blue_SIM_03,Blue,61.000000,ax,-0.696435
TRIAL_Blue_SIM_03,Blue,62.000000,ax,-0.735332
TRIAL_Blue_SIM_03,Blue,63.000000,ax,-0.767424
TRIAL_Blue_SIM_03,Blue,64.000000,ax,-0.794737
TRIAL_Blue_SIM_03,Blue,65.000000,ax,-0.813686
TRIAL_Blue_SIM_03,Blue,66.000000,ax,-0.831670
TRIAL_Blue_SIM_03,Blue,67.000000,ax,-0.840004
TRIAL_Blue_SIM_03,Blue,68.000000,ax,-0.848339
TRIAL_Blue_SIM_03,Blue,69.000000,ax,-0.857047
TRIAL_Blue_SIM_03,Blue,70.000000,ax,-0.865838
TRIAL_Blue_SIM_03,Blue,71.000000,ax,-0.865177
TRIAL_Blue_SIM_03,Blue,72.000000,ax,-0.856638
TRIAL_Blue_SIM_03,Blue,73.000000,ax,-0.841469
TRIAL_Blue_SIM_03,Blue,74.000000,ax,-0.808617
TRIAL_Blue_SIM_03,Blue,75.000000,ax,-0.775766
TRIAL_Blue_SIM_03,Blue,76.000000,ax,-0.739440
TRIAL_Blue_SIM_03,Blue,77.000000,ax,-0.703113
TRIAL_Blue_SIM_03,Blue,78.000000,ax,-0.675000
TRIAL_Blue_SIM_03,Blue,79.000000,ax,-0.649967
TRIAL_Blue_SIM_03,Blue,80.000000,ax,-0.630734
TRIAL_Blue_SIM_03,Blue,81.000000,ax,-0.618462
TRIAL_Blue_SIM_03,Blue,82.000000,ax,-0.602117
TRIAL_Blue_SIM_03,Blue,83.000000,ax,-0.567444
TRIAL_Blue_SIM_03,Blue,84.000000,ax,-0.532772
TRIAL_Blue_SIM_03,Blue,85.000000,ax,-0.484566
TRIAL_Blue_SIM_03,Blue,86.000000,ax,-0.435006
TRIAL_Blue_SIM_03,Blue,87.000000,ax,-0.396803
TRIAL_Blue_SIM_03,Blue,88.000000,ax,-0.365090
TRIAL_Blue_SIM_03,Blue,89.000000,ax,-0.343164
TRIAL_Blue_SIM_03,Blue,90.000000,ax,-0.338364
TRIAL_Blue_SIM_03,Blue,91.000000,ax,-0.337949
TRIAL_Blue_SIM_03,Blue,92.000000,ax,-0.381390
TRIAL_Blue_SIM_03,Blue,93.000000,ax,-0.424831
TRIAL_Blue_SIM_03,Blue,94.000000,ax,-0.415125
TRIAL_Blue_SIM_03,Blue,95.000000,ax,-0.393608
TRIAL_Blue_SIM_03,Blue,96.000000,ax,-0.339952
TRIAL_Blue_SIM_03,Blue,97.000000,ax,-0.259513
TRIAL_Blue_SIM_03,Blue,98.000000,ax,-0.193253
TRIAL_Blue_SIM_03,Blue,99.000000,ax,-0.164804
TRIAL_Blue_SIM_03,Blue,100.000000,ax,-0.136355
TRIAL_Blue_SIM_03,Blue,0.000000,ay,-0.004046
TRIAL_Blue_SIM_03,Blue,1.000000,ay,-0.001786
TRIAL_Blue_SIM_03,Blue,2.000000,ay,0.000475
TRIAL_Blue_SIM_03,Blue,3.000000,ay,0.002766
TRIAL_Blue_SIM_03,Blue,4.000000,ay,0.005069
TRIAL_Blue_SIM_03,Blue,5.000000,ay,0.006293
TRIAL_Blue_SIM_03,Blue,6.000000,ay,0.006224
TRIAL_Blue_SIM_03,Blue,7.000000,ay,0.005949
TRIAL_Blue_SIM_03,Blue,8.000000,ay,0.004751
TRIAL_Blue_SIM_03,Blue,9.000000,ay,0.003553
TRIAL_Blue_SIM_03,Blue,10.000000,ay,0.003854
TRIAL_Blue_SIM_03,Blue,11.000000,ay,0.004304
TRIAL_Blue_SIM_03,Blue,12.000000,ay,0.006740
TRIAL_Blue_SIM_03,Blue,13.000000,ay,0.010312
TRIAL_Blue_SIM_03,Blue,14.000000,ay,0.014039
TRIAL_Blue_SIM_03,Blue,15.000000,ay,0.018039
TRIAL_Blue_SIM_03,Blue,16.000000,ay,0.022154
TRIAL_Blue_SIM_03,Blue,17.000000,ay,0.027420
TRIAL_Blue_SIM_03,Blue,18.000000,ay,0.032686
TRIAL_Blue_SIM_03,Blue,19.000000,ay,0.036876
TRIAL_Blue_SIM_03,Blue,20.000000,ay,0.040827
TRIAL_Blue_SIM_03,Blue,21.000000,ay,0.045255
TRIAL_Blue_SIM_03,Blue,22.000000,ay,0.050081
TRIAL_Blue_SIM_03,Blue,23.000000,ay,0.053714
TRIAL_Blue_SIM_03,Blue,24.000000,ay,0.054163
TRIAL_Blue_SIM_03,Blue,25.000000,ay,0.054613
TRIAL_Blue_SIM_03,Blue,26.000000,ay,0.055656
TRIAL_Blue_SIM_03,Blue,27.000000,ay,0.056699
TRIAL_Blue_SIM_03,Blue,28.000000,ay,0.057666
TRIAL_Blue_SIM_03,Blue,29.000000,ay,0.058606
TRIAL_Blue_SIM_03,Blue,30.000000,ay,0.060409
TRIAL_Blue_SIM_03,Blue,31.000000,ay,0.063250
TRIAL_Blue_SIM_03,Blue,32.000000,ay,0.065769
TRIAL_Blue_SIM_03,Blue,33.000000,ay,0.066837
TRIAL_Blue_SIM_03,Blue,34.000000,ay,0.067905
TRIAL_Blue_SIM_03,Blue,35.000000,ay,0.066923
TRIAL_Blue_SIM_03,Blue,36.000000,ay,0.065737
TRIAL_Blue_SIM_03,Blue,37.000000,ay,0.063530
TRIAL_Blue_SIM_03,Blue,38.000000,ay,0.060742
TRIAL_Blue_SIM_03,Blue,39.000000,ay,0.058434
TRIAL_Blue_SIM_03,Blue,40.000000,ay,0.056968
TRIAL_Blue_SIM_03,Blue,41.000000,ay,0.055481
TRIAL_Blue_SIM_03,Blue,42.000000,ay,0.053776
TRIAL_Blue_SIM_03,Blue,43.000000,ay,0.052071
TRIAL_Blue_SIM_03,Blue,44.000000,ay,0.050149
TRIAL_Blue_SIM_03,Blue,45.000000,ay,0.048178
TRIAL_Blue_SIM_03,Blue,46.000000,ay,0.044894
TRIAL_Blue_SIM_03,Blue,47.000000,ay,0.040517
TRIAL_Blue_SIM_03,Blue,48.000000,ay,0.035698
TRIAL_Blue_SIM_03,Blue,49.000000,ay,0.029702
TRIAL_Blue_SIM_03,Blue,50.000000,ay,0.023706
TRIAL_Blue_SIM_03,Blue,51.000000,ay,0.017946
TRIAL_Blue_SIM_03,Blue,52.000000,ay,0.012185
TRIAL_Blue_SIM_03,Blue,53.000000,ay,0.005476
TRIAL_Blue_SIM_03,Blue,54.000000,ay,-0.001589
TRIAL_Blue_SIM_03,Blue,55.000000,ay,-0.008033
TRIAL_Blue_SIM_03,Blue,56.000000,ay,-0.013732
TRIAL_Blue_SIM_03,Blue,57.000000,ay,-0.019431
TRIAL_Blue_SIM_03,Blue,58.000000,ay,-0.025137
TRIAL_Blue_SIM_03,Blue,59.000000,ay,-0.030843
TRIAL_Blue_SIM_03,Blue,60.000000,ay,-0.035154
TRIAL_Blue_SIM_03,Blue,61.000000,ay,-0.039325
TRIAL_Blue_SIM_03,Blue,62.000000,ay,-0.043157
TRIAL_Blue_SIM_03,Blue,63.000000,ay,-0.046796
TRIAL_Blue_SIM_03,Blue,64.000000,ay,-0.050419
TRIAL_Blue_SIM_03,Blue,65.000000,ay,-0.054015
TRIAL_Blue_SIM_03,Blue,66.000000,ay,-0.057465
TRIAL_Blue_SIM_03,Blue,67.000000,ay,-0.059450
TRIAL_Blue_SIM_03,Blue,68.000000,ay,-0.061434
TRIAL_Blue_SIM_03,Blue,69.000000,ay,-0.062529
TRIAL_Blue_SIM_03,Blue,70.000000,ay,-0.063427
TRIAL_Blue_SIM_03,Blue,71.000000,ay,-0.063953
TRIAL_Blue_SIM_03,Blue,72.000000,ay,-0.064170
TRIAL_Blue_SIM_03,Blue,73.000000,ay,-0.064424
TRIAL_Blue_SIM_03,Blue,74.000000,ay,-0.064782
TRIAL_Blue_SIM_03,Blue,75.000000,ay,-0.065139
TRIAL_Blue_SIM_03,Blue,76.000000,ay,-0.065241
TRIAL_Blue_SIM_03,Blue,77.000000,ay,-0.065343
TRIAL_Blue_SIM_03,Blue,78.000000,ay,-0.064562
TRIAL_Blue_SIM_03,Blue,79.000000,ay,-0.063449
TRIAL_Blue_SIM_03,Blue,80.000000,ay,-0.061796
TRIAL_Blue_SIM_03,Blue,81.000000,ay,-0.059495
TRIAL_Blue_SIM_03,Blue,82.000000,ay,-0.057022
TRIAL_Blue_SIM_03,Blue,83.000000,ay,-0.053769
TRIAL_Blue_SIM_03,Blue,84.000000,ay,-0.050516
TRIAL_Blue_SIM_03,Blue,85.000000,ay,-0.045955
TRIAL_Blue_SIM_03,Blue,86.000000,ay,-0.041263
TRIAL_Blue_SIM_03,Blue,87.000000,ay,-0.038012
TRIAL_Blue_SIM_03,Blue,88.000000,ay,-0.035584
TRIAL_Blue_SIM_03,Blue,89.000000,ay,-0.033573
TRIAL_Blue_SIM_03,Blue,90.000000,ay,-0.032291
TRIAL_Blue_SIM_03,Blue,91.000000,ay,-0.031475
TRIAL_Blue_SIM_03,Blue,92.000000,ay,-0.035316
TRIAL_Blue_SIM_03,Blue,93.000000,ay,-0.039157
TRIAL_Blue_SIM_03,Blue,94.000000,ay,-0.036974
TRIAL_Blue_SIM_03,Blue,95.000000,ay,-0.033452
TRIAL_Blue_SIM_03,Blue,96.000000,ay,-0.026944
TRIAL_Blue_SIM_03,Blue,97.000000,ay,-0.017948
TRIAL_Blue_SIM_03,Blue,98.000000,ay,-0.010822
TRIAL_Blue_SIM_03,Blue,99.000000,ay,-0.008681
TRIAL_Blue_SIM_03,Blue,100.000000,ay,-0.006540
TRIAL_Blue_SIM_03,Blue,0.000000,az,-0.003350
TRIAL_Blue_SIM_03,Blue,1.000000,az,0.002535
TRIAL_Blue_SIM_03,Blue,2.000000,az,0.008419
TRIAL_Blue_SIM_03,Blue,3.000000,az,0.014421
TRIAL_Blue_SIM_03,Blue,4.000000,az,0.020466
TRIAL_Blue_SIM_03,Blue,5.000000,az,0.024107
TRIAL_Blue_SIM_03,Blue,6.000000,az,0.024861
TRIAL_Blue_SIM_03,Blue,7.000000,az,0.024968
TRIAL_Blue_SIM_03,Blue,8.000000,az,0.022160
TRIAL_Blue_SIM_03,Blue,9.000000,az,0.019353
TRIAL_Blue_SIM_03,Blue,10.000000,az,0.019580
TRIAL_Blue_SIM_03,Blue,11.000000,az,0.020111
TRIAL_Blue_SIM_03,Blue,12.000000,az,0.025046
TRIAL_Blue_SIM_03,Blue,13.000000,az,0.032497
TRIAL_Blue_SIM_03,Blue,14.000000,az,0.040465
TRIAL_Blue_SIM_03,Blue,15.000000,az,0.049336
TRIAL_Blue_SIM_03,Blue,16.000000,az,0.058390
TRIAL_Blue_SIM_03,Blue,17.000000,az,0.069274
TRIAL_Blue_SIM_03,Blue,18.000000,az,0.080157
TRIAL_Blue_SIM_03,Blue,19.000000,az,0.088470
TRIAL_Blue_SIM_03,Blue,20.000000,az,0.096212
TRIAL_Blue_SIM_03,Blue,21.000000,az,0.104555
TRIAL_Blue_SIM_03,Blue,22.000000,az,0.113400
TRIAL_Blue_SIM_03,Blue,23.000000,az,0.119695
TRIAL_Blue_SIM_03,Blue,24.000000,az,0.119193
TRIAL_Blue_SIM_03,Blue,25.000000,az,0.118691
TRIAL_Blue_SIM_03,Blue,26.000000,az,0.119267
TRIAL_Blue_SIM_03,Blue,27.000000,az,0.119843
TRIAL_Blue_SIM_03,Blue,28.000000,az,0.120508
TRIAL_Blue_SIM_03,Blue,29.000000,az,0.121206
TRIAL_Blue_SIM_03,Blue,30.000000,az,0.123565
TRIAL_Blue_SIM_03,Blue,31.000000,az,0.127916
TRIAL_Blue_SIM_03,Blue,32.000000,az,0.131503
TRIAL_Blue_SIM_03,Blue,33.000000,az,0.131653
TRIAL_Blue_SIM_03,Blue,34.000000,az,0.131802
TRIAL_Blue_SIM_03,Blue,35.000000,az,0.127344
TRIAL_Blue_SIM_03,Blue,36.000000,az,0.122425
TRIAL_Blue_SIM_03,Blue,37.000000,az,0.115512
TRIAL_Blue_SIM_03,Blue,38.000000,az,0.107460
TRIAL_Blue_SIM_03,Blue,39.000000,az,0.100469
TRIAL_Blue_SIM_03,Blue,40.000000,az,0.095336
TRIAL_Blue_SIM_03,Blue,41.000000,az,0.090195
TRIAL_Blue_SIM_03,Blue,42.000000,az,0.084980
TRIAL_Blue_SIM_03,Blue,43.000000,az,0.079764
TRIAL_Blue_SIM_03,Blue,44.000000,az,0.074409
TRIAL_Blue_SIM_03,Blue,45.000000,az,0.069023
TRIAL_Blue_SIM_03,Blue,46.000000,az,0.061313
TRIAL_Blue_SIM_03,Blue,47.000000,az,0.051667
TRIAL_Blue_SIM_03,Blue,48.000000,az,0.041275
TRIAL_Blue_SIM_03,Blue,49.000000,az,0.028894
TRIAL_Blue_SIM_03,Blue,50.000000,az,0.016514
TRIAL_Blue_SIM_03,Blue,51.000000,az,0.005135
TRIAL_Blue_SIM_03,Blue,52.000000,az,-0.006244
TRIAL_Blue_SIM_03,Blue,53.000000,az,-0.019004
TRIAL_Blue_SIM_03,Blue,54.000000,az,-0.032282
TRIAL_Blue_SIM_03,Blue,55.000000,az,-0.044120
TRIAL_Blue_SIM_03,Blue,56.000000,az,-0.054230
TRIAL_Blue_SIM_03,Blue,57.000000,az,-0.064245
TRIAL_Blue_SIM_03,Blue,58.000000,az,-0.073829
TRIAL_Blue_SIM_03,Blue,59.000000,az,-0.083414
TRIAL_Blue_SIM_03,Blue,60.000000,az,-0.090044
TRIAL_Blue_SIM_03,Blue,61.000000,az,-0.096379
TRIAL_Blue_SIM_03,Blue,62.000000,az,-0.101902
TRIAL_Blue_SIM_03,Blue,63.000000,az,-0.106962
TRIAL_Blue_SIM_03,Blue,64.000000,az,-0.111973
TRIAL_Blue_SIM_03,Blue,65.000000,az,-0.116903
TRIAL_Blue_SIM_03,Blue,66.000000,az,-0.121549
TRIAL_Blue_SIM_03,Blue,67.000000,az,-0.123367
TRIAL_Blue_SIM_03,Blue,68.000000,az,-0.125185
TRIAL_Blue_SIM_03,Blue,69.000000,az,-0.125291
TRIAL_Blue_SIM_03,Blue,70.000000,az,-0.125017
TRIAL_Blue_SIM_03,Blue,71.000000,az,-0.124167
TRIAL_Blue_SIM_03,Blue,72.000000,az,-0.122839
TRIAL_Blue_SIM_03,Blue,73.000000,az,-0.121738
TRIAL_Blue_SIM_03,Blue,74.000000,az,-0.121244
TRIAL_Blue_SIM_03,Blue,75.000000,az,-0.120749
TRIAL_Blue_SIM_03,Blue,76.000000,az,-0.120026
TRIAL_Blue_SIM_03,Blue,77.000000,az,-0.119302
TRIAL_Blue_SIM_03,Blue,78.000000,az,-0.116922
TRIAL_Blue_SIM_03,Blue,79.000000,az,-0.113920
TRIAL_Blue_SIM_03,Blue,80.000000,az,-0.109819
TRIAL_Blue_SIM_03,Blue,81.000000,az,-0.104402
TRIAL_Blue_SIM_03,Blue,82.000000,az,-0.098810
TRIAL_Blue_SIM_03,Blue,83.000000,az,-0.092434
TRIAL_Blue_SIM_03,Blue,84.000000,az,-0.086058
TRIAL_Blue_SIM_03,Blue,85.000000,az,-0.077828
TRIAL_Blue_SIM_03,Blue,86.000000,az,-0.069414
TRIAL_Blue_SIM_03,Blue,87.000000,az,-0.063566
TRIAL_Blue_SIM_03,Blue,88.000000,az,-0.059184
TRIAL_Blue_SIM_03,Blue,89.000000,az,-0.055302
TRIAL_Blue_SIM_03,Blue,90.000000,az,-0.052292
TRIAL_Blue_SIM_03,Blue,91.000000,az,-0.049988
TRIAL_Blue_SIM_03,Blue,92.000000,az,-0.054738
TRIAL_Blue_SIM_03,Blue,93.000000,az,-0.059488
TRIAL_Blue_SIM_03,Blue,94.000000,az,-0.055029
TRIAL_Blue_SIM_03,Blue,95.000000,az,-0.048524
TRIAL_Blue_SIM_03,Blue,96.000000,az,-0.037859
TRIAL_Blue_SIM_03,Blue,97.000000,az,-0.023727
TRIAL_Blue_SIM_03,Blue,98.000000,az,-0.012628
TRIAL_Blue_SIM_03,Blue,99.000000,az,-0.009615
TRIAL_Blue_SIM_03,Blue,100.000000,az,-0.006601
TRIAL_Blue_SIM_04,Blue,0.000000,object_area,2692.286579
TRIAL_Blue_SIM_04,Blue,1.000000,object_area,2695.762829
TRIAL_Blue_SIM_04,Blue,2.000000,object_area,2699.239080
TRIAL_Blue_SIM_04,Blue,3.000000,object_area,2705.572267
TRIAL_Blue_SIM_04,Blue,4.000000,object_area,2712.976806
TRIAL_Blue_SIM_04,Blue,5.000000,object_area,2721.771718
TRIAL_Blue_SIM_04,Blue,6.000000,object_area,2732.235078
TRIAL_Blue_SIM_04,Blue,7.000000,object_area,2742.833468
TRIAL_Blue_SIM_04,Blue,8.000000,object_area,2754.039499
TRIAL_Blue_SIM_04,Blue,9.000000,object_area,2765.245529
TRIAL_Blue_SIM_04,Blue,10.000000,object_area,2780.144610
TRIAL_Blue_SIM_04,Blue,11.000000,object_area,2795.412997
TRIAL_Blue_SIM_04,Blue,12.000000,object_area,2812.347210
TRIAL_Blue_SIM_04,Blue,13.000000,object_area,2830.233323
TRIAL_Blue_SIM_04,Blue,14.000000,object_area,2849.348476
TRIAL_Blue_SIM_04,Blue,15.000000,object_area,2870.614444
TRIAL_Blue_SIM_04,Blue,16.000000,object_area,2892.024880
TRIAL_Blue_SIM_04,Blue,17.000000,object_area,2914.879991
TRIAL_Blue_SIM_04,Blue,18.000000,object_area,2937.735102
TRIAL_Blue_SIM_04,Blue,19.000000,object_area,2963.342693
TRIAL_Blue_SIM_04,Blue,20.000000,object_area,2989.561945
TRIAL_Blue_SIM_04,Blue,21.000000,object_area,3016.964424
TRIAL_Blue_SIM_04,Blue,22.000000,object_area,3045.352924
TRIAL_Blue_SIM_04,Blue,23.000000,object_area,3074.593386
TRIAL_Blue_SIM_04,Blue,24.000000,object_area,3106.105747
TRIAL_Blue_SIM_04,Blue,25.000000,object_area,3137.618107
TRIAL_Blue_SIM_04,Blue,26.000000,object_area,3171.261060
TRIAL_Blue_SIM_04,Blue,27.000000,object_area,3204.904013
TRIAL_Blue_SIM_04,Blue,28.000000,object_area,3239.926284
TRIAL_Blue_SIM_04,Blue,29.000000,object_area,3275.465799
TRIAL_Blue_SIM_04,Blue,30.000000,object_area,3311.151971
TRIAL_Blue_SIM_04,Blue,31.000000,object_area,3347.014130
TRIAL_Blue_SIM_04,Blue,32.000000,object_area,3382.953823
TRIAL_Blue_SIM_04,Blue,33.000000,object_area,3419.242414
TRIAL_Blue_SIM_04,Blue,34.000000,object_area,3455.531005
TRIAL_Blue_SIM_04,Blue,35.000000,object_area,3492.676850
TRIAL_Blue_SIM_04,Blue,36.000000,object_area,3529.908421
TRIAL_Blue_SIM_04,Blue,37.000000,object_area,3568.395505
TRIAL_Blue_SIM_04,Blue,38.000000,object_area,3607.600026
TRIAL_Blue_SIM_04,Blue,39.000000,object_area,3647.303819
TRIAL_Blue_SIM_04,Blue,40.000000,object_area,3687.881339
TRIAL_Blue_SIM_04,Blue,41.000000,object_area,3728.478350
TRIAL_Blue_SIM_04,Blue,42.000000,object_area,3769.270264
TRIAL_Blue_SIM_04,Blue,43.000000,object_area,3810.062177
TRIAL_Blue_SIM_04,Blue,44.000000,object_area,3851.686346
TRIAL_Blue_SIM_04,Blue,45.000000,object_area,3893.495459
TRIAL_Blue_SIM_04,Blue,46.000000,object_area,3935.041903
TRIAL_Blue_SIM_04,Blue,47.000000,object_area,3976.369456
TRIAL_Blue_SIM_04,Blue,48.000000,object_area,4017.901746
TRIAL_Blue_SIM_04,Blue,49.000000,object_area,4059.980004
TRIAL_Blue_SIM_04,Blue,50.000000,object_area,4102.058262
TRIAL_Blue_SIM_04,Blue,51.000000,object_area,4143.108759
TRIAL_Blue_SIM_04,Blue,52.000000,object_area,4184.159257
TRIAL_Blue_SIM_04,Blue,53.000000,object_area,4225.623011
TRIAL_Blue_SIM_04,Blue,54.000000,object_area,4267.241736
TRIAL_Blue_SIM_04,Blue,55.000000,object_area,4309.107711
TRIAL_Blue_SIM_04,Blue,56.000000,object_area,4351.270385
TRIAL_Blue_SIM_04,Blue,57.000000,object_area,4393.669257
TRIAL_Blue_SIM_04,Blue,58.000000,object_area,4437.131015
TRIAL_Blue_SIM_04,Blue,59.000000,object_area,4480.592774
TRIAL_Blue_SIM_04,Blue,60.000000,object_area,4525.090215
TRIAL_Blue_SIM_04,Blue,61.000000,object_area,4569.691224
TRIAL_Blue_SIM_04,Blue,62.000000,object_area,4613.064593
TRIAL_Blue_SIM_04,Blue,63.000000,object_area,4655.736453
TRIAL_Blue_SIM_04,Blue,64.000000,object_area,4697.360766
TRIAL_Blue_SIM_04,Blue,65.000000,object_area,4737.151872
TRIAL_Blue_SIM_04,Blue,66.000000,object_area,4776.526475
TRIAL_Blue_SIM_04,Blue,67.000000,object_area,4811.736059
TRIAL_Blue_SIM_04,Blue,68.000000,object_area,4846.945643
TRIAL_Blue_SIM_04,Blue,69.000000,object_area,4882.977900
TRIAL_Blue_SIM_04,Blue,70.000000,object_area,4919.192973
TRIAL_Blue_SIM_04,Blue,71.000000,object_area,4954.849995
TRIAL_Blue_SIM_04,Blue,72.000000,object_area,4990.041973
TRIAL_Blue_SIM_04,Blue,73.000000,object_area,5025.645522
TRIAL_Blue_SIM_04,Blue,74.000000,object_area,5062.346592
TRIAL_Blue_SIM_04,Blue,75.000000,object_area,5099.047662
TRIAL_Blue_SIM_04,Blue,76.000000,object_area,5128.866504
TRIAL_Blue_SIM_04,Blue,77.000000,object_area,5158.685346
TRIAL_Blue_SIM_04,Blue,78.000000,object_area,5187.006574
TRIAL_Blue_SIM_04,Blue,79.000000,object_area,5214.766198
TRIAL_Blue_SIM_04,Blue,80.000000,object_area,5240.653660
TRIAL_Blue_SIM_04,Blue,81.000000,object_area,5264.294527
TRIAL_Blue_SIM_04,Blue,82.000000,object_area,5288.092224
TRIAL_Blue_SIM_04,Blue,83.000000,object_area,5312.595653
TRIAL_Blue_SIM_04,Blue,84.000000,object_area,5337.099082
TRIAL_Blue_SIM_04,Blue,85.000000,object_area,5359.942271
TRIAL_Blue_SIM_04,Blue,86.000000,object_area,5382.619437
TRIAL_Blue_SIM_04,Blue,87.000000,object_area,5403.103624
TRIAL_Blue_SIM_04,Blue,88.000000,object_area,5422.334681
TRIAL_Blue_SIM_04,Blue,89.000000,object_area,5440.609984
TRIAL_Blue_SIM_04,Blue,90.000000,object_area,5457.212719
TRIAL_Blue_SIM_04,Blue,91.000000,object_area,5473.380159
TRIAL_Blue_SIM_04,Blue,92.000000,object_area,5485.194659
TRIAL_Blue_SIM_04,Blue,93.000000,object_area,5497.009159
TRIAL_Blue_SIM_04,Blue,94.000000,object_area,5505.844265
TRIAL_Blue_SIM_04,Blue,95.000000,object_area,5514.017284
TRIAL_Blue_SIM_04,Blue,96.000000,object_area,5519.764341
TRIAL_Blue_SIM_04,Blue,97.000000,object_area,5523.489763
TRIAL_Blue_SIM_04,Blue,98.000000,object_area,5526.321907
TRIAL_Blue_SIM_04,Blue,99.000000,object_area,5526.771978
TRIAL_Blue_SIM_04,Blue,100.000000,object_area,5527.222048
TRIAL_Blue_SIM_04,Blue,0.000000,finger_width,21.484213
TRIAL_Blue_SIM_04,Blue,1.000000,finger_width,21.908098
TRIAL_Blue_SIM_04,Blue,2.000000,finger_width,22.331983
TRIAL_Blue_SIM_04,Blue,3.000000,finger_width,23.598961
TRIAL_Blue_SIM_04,Blue,4.000000,finger_width,25.182099
TRIAL_Blue_SIM_04,Blue,5.000000,finger_width,27.175571
TRIAL_Blue_SIM_04,Blue,6.000000,finger_width,29.661445
TRIAL_Blue_SIM_04,Blue,7.000000,finger_width,32.220140
TRIAL_Blue_SIM_04,Blue,8.000000,finger_width,35.106536
TRIAL_Blue_SIM_04,Blue,9.000000,finger_width,37.992931
TRIAL_Blue_SIM_04,Blue,10.000000,finger_width,41.405817
TRIAL_Blue_SIM_04,Blue,11.000000,finger_width,44.871351
TRIAL_Blue_SIM_04,Blue,12.000000,finger_width,48.697976
TRIAL_Blue_SIM_04,Blue,13.000000,finger_width,52.730939
TRIAL_Blue_SIM_04,Blue,14.000000,finger_width,57.029686
TRIAL_Blue_SIM_04,Blue,15.000000,finger_width,61.793555
TRIAL_Blue_SIM_04,Blue,16.000000,finger_width,66.580142
TRIAL_Blue_SIM_04,Blue,17.000000,finger_width,71.593910
TRIAL_Blue_SIM_04,Blue,18.000000,finger_width,76.607678
TRIAL_Blue_SIM_04,Blue,19.000000,finger_width,81.773906
TRIAL_Blue_SIM_04,Blue,20.000000,finger_width,86.974015
TRIAL_Blue_SIM_04,Blue,21.000000,finger_width,92.110659
TRIAL_Blue_SIM_04,Blue,22.000000,finger_width,97.194415
TRIAL_Blue_SIM_04,Blue,23.000000,finger_width,102.290595
TRIAL_Blue_SIM_04,Blue,24.000000,finger_width,107.419906
TRIAL_Blue_SIM_04,Blue,25.000000,finger_width,112.549217
TRIAL_Blue_SIM_04,Blue,26.000000,finger_width,117.529697
TRIAL_Blue_SIM_04,Blue,27.000000,finger_width,122.510176
TRIAL_Blue_SIM_04,Blue,28.000000,finger_width,127.373311
TRIAL_Blue_SIM_04,Blue,29.000000,finger_width,132.192441
TRIAL_Blue_SIM_04,Blue,30.000000,finger_width,136.881066
TRIAL_Blue_SIM_04,Blue,31.000000,finger_width,141.413085
TRIAL_Blue_SIM_04,Blue,32.000000,finger_width,145.918289
TRIAL_Blue_SIM_04,Blue,33.000000,finger_width,150.302831
TRIAL_Blue_SIM_04,Blue,34.000000,finger_width,154.687372
TRIAL_Blue_SIM_04,Blue,35.000000,finger_width,158.821640
TRIAL_Blue_SIM_04,Blue,36.000000,finger_width,162.930880
TRIAL_Blue_SIM_04,Blue,37.000000,finger_width,166.908315
TRIAL_Blue_SIM_04,Blue,38.000000,finger_width,170.810434
TRIAL_Blue_SIM_04,Blue,39.000000,finger_width,174.538539
TRIAL_Blue_SIM_04,Blue,40.000000,finger_width,177.962120
TRIAL_Blue_SIM_04,Blue,41.000000,finger_width,181.325706
TRIAL_Blue_SIM_04,Blue,42.000000,finger_width,184.089340
TRIAL_Blue_SIM_04,Blue,43.000000,finger_width,186.852974
TRIAL_Blue_SIM_04,Blue,44.000000,finger_width,188.813950
TRIAL_Blue_SIM_04,Blue,45.000000,finger_width,190.596557
TRIAL_Blue_SIM_04,Blue,46.000000,finger_width,191.857312
TRIAL_Blue_SIM_04,Blue,47.000000,finger_width,192.683190
TRIAL_Blue_SIM_04,Blue,48.000000,finger_width,193.207798
TRIAL_Blue_SIM_04,Blue,49.000000,finger_width,192.929019
TRIAL_Blue_SIM_04,Blue,50.000000,finger_width,192.650239
TRIAL_Blue_SIM_04,Blue,51.000000,finger_width,190.652515
TRIAL_Blue_SIM_04,Blue,52.000000,finger_width,188.654792
TRIAL_Blue_SIM_04,Blue,53.000000,finger_width,185.529467
TRIAL_Blue_SIM_04,Blue,54.000000,finger_width,181.981291
TRIAL_Blue_SIM_04,Blue,55.000000,finger_width,177.982751
TRIAL_Blue_SIM_04,Blue,56.000000,finger_width,173.443772
TRIAL_Blue_SIM_04,Blue,57.000000,finger_width,168.754360
TRIAL_Blue_SIM_04,Blue,58.000000,finger_width,163.388000
TRIAL_Blue_SIM_04,Blue,59.000000,finger_width,158.021639
TRIAL_Blue_SIM_04,Blue,60.000000,finger_width,152.530666
TRIAL_Blue_SIM_04,Blue,61.000000,finger_width,147.027233
TRIAL_Blue_SIM_04,Blue,62.000000,finger_width,141.501663
TRIAL_Blue_SIM_04,Blue,63.000000,finger_width,135.963445
TRIAL_Blue_SIM_04,Blue,64.000000,finger_width,130.749260
TRIAL_Blue_SIM_04,Blue,65.000000,finger_width,126.102136
TRIAL_Blue_SIM_04,Blue,66.000000,finger_width,121.541875
TRIAL_Blue_SIM_04,Blue,67.000000,finger_width,117.850248
TRIAL_Blue_SIM_04,Blue,68.000000,finger_width,114.158621
TRIAL_Blue_SIM_04,Blue,69.000000,finger_width,111.842070
TRIAL_Blue_SIM_04,Blue,70.000000,finger_width,109.831092
TRIAL_Blue_SIM_04,Blue,71.000000,finger_width,108.729203
TRIAL_Blue_SIM_04,Blue,72.000000,finger_width,108.384889
TRIAL_Blue_SIM_04,Blue,73.000000,finger_width,108.141662
TRIAL_Blue_SIM_04,Blue,74.000000,finger_width,108.168004
TRIAL_Blue_SIM_04,Blue,75.000000,finger_width,108.194345
TRIAL_Blue_SIM_04,Blue,76.000000,finger_width,108.184347
TRIAL_Blue_SIM_04,Blue,77.000000,finger_width,108.174349
TRIAL_Blue_SIM_04,Blue,78.000000,finger_width,108.009077
TRIAL_Blue_SIM_04,Blue,79.000000,finger_width,107.785577
TRIAL_Blue_SIM_04,Blue,80.000000,finger_width,107.594530
TRIAL_Blue_SIM_04,Blue,81.000000,finger_width,107.442427
TRIAL_Blue_SIM_04,Blue,82.000000,finger_width,107.320430
TRIAL_Blue_SIM_04,Blue,83.000000,finger_width,107.333909
TRIAL_Blue_SIM_04,Blue,84.000000,finger_width,107.347388
TRIAL_Blue_SIM_04,Blue,85.000000,finger_width,107.543591
TRIAL_Blue_SIM_04,Blue,86.000000,finger_width,107.758068
TRIAL_Blue_SIM_04,Blue,87.000000,finger_width,107.925232
TRIAL_Blue_SIM_04,Blue,88.000000,finger_width,108.065362
TRIAL_Blue_SIM_04,Blue,89.000000,finger_width,108.125065
TRIAL_Blue_SIM_04,Blue,90.000000,finger_width,108.044022
TRIAL_Blue_SIM_04,Blue,91.000000,finger_width,107.960789
TRIAL_Blue_SIM_04,Blue,92.000000,finger_width,107.855663
TRIAL_Blue_SIM_04,Blue,93.000000,finger_width,107.750538
TRIAL_Blue_SIM_04,Blue,94.000000,finger_width,107.590810
TRIAL_Blue_SIM_04,Blue,95.000000,finger_width,107.418948
TRIAL_Blue_SIM_04,Blue,96.000000,finger_width,107.299115
TRIAL_Blue_SIM_04,Blue,97.000000,finger_width,107.222639
TRIAL_Blue_SIM_04,Blue,98.000000,finger_width,107.154587
TRIAL_Blue_SIM_04,Blue,99.000000,finger_width,107.108997
TRIAL_Blue_SIM_04,Blue,100.000000,finger_width,107.063408
TRIAL_Blue_SIM_04,Blue,0.000000,velocity,0.002961
TRIAL_Blue_SIM_04,Blue,1.000000,velocity,0.002967
TRIAL_Blue_SIM_04,Blue,2.000000,velocity,0.002973
TRIAL_Blue_SIM_04,Blue,3.000000,velocity,0.003784
TRIAL_Blue_SIM_04,Blue,4.000000,velocity,0.004896
TRIAL_Blue_SIM_04,Blue,5.000000,velocity,0.006583
TRIAL_Blue_SIM_04,Blue,6.000000,velocity,0.008960
TRIAL_Blue_SIM_04,Blue,7.000000,velocity,0.011522
TRIAL_Blue_SIM_04,Blue,8.000000,velocity,0.014918
TRIAL_Blue_SIM_04,Blue,9.000000,velocity,0.018315
TRIAL_Blue_SIM_04,Blue,10.000000,velocity,0.021988
TRIAL_Blue_SIM_04,Blue,11.000000,velocity,0.025688
TRIAL_Blue_SIM_04,Blue,12.000000,velocity,0.030290
TRIAL_Blue_SIM_04,Blue,13.000000,velocity,0.035409
TRIAL_Blue_SIM_04,Blue,14.000000,velocity,0.040876
TRIAL_Blue_SIM_04,Blue,15.000000,velocity,0.046954
TRIAL_Blue_SIM_04,Blue,16.000000,velocity,0.053198
TRIAL_Blue_SIM_04,Blue,17.000000,velocity,0.061096
TRIAL_Blue_SIM_04,Blue,18.000000,velocity,0.068994
TRIAL_Blue_SIM_04,Blue,19.000000,velocity,0.077853
TRIAL_Blue_SIM_04,Blue,20.000000,velocity,0.086925
TRIAL_Blue_SIM_04,Blue,21.000000,velocity,0.096703
TRIAL_Blue_SIM_04,Blue,22.000000,velocity,0.107070
TRIAL_Blue_SIM_04,Blue,23.000000,velocity,0.117559
TRIAL_Blue_SIM_04,Blue,24.000000,velocity,0.128377
TRIAL_Blue_SIM_04,Blue,25.000000,velocity,0.139194
TRIAL_Blue_SIM_04,Blue,26.000000,velocity,0.151114
TRIAL_Blue_SIM_04,Blue,27.000000,velocity,0.163034
TRIAL_Blue_SIM_04,Blue,28.000000,velocity,0.176175
TRIAL_Blue_SIM_04,Blue,29.000000,velocity,0.189773
TRIAL_Blue_SIM_04,Blue,30.000000,velocity,0.204255
TRIAL_Blue_SIM_04,Blue,31.000000,velocity,0.219798
TRIAL_Blue_SIM_04,Blue,32.000000,velocity,0.235454
TRIAL_Blue_SIM_04,Blue,33.000000,velocity,0.251616
TRIAL_Blue_SIM_04,Blue,34.000000,velocity,0.267779
TRIAL_Blue_SIM_04,Blue,35.000000,velocity,0.282595
TRIAL_Blue_SIM_04,Blue,36.000000,velocity,0.297277
TRIAL_Blue_SIM_04,Blue,37.000000,velocity,0.310627
TRIAL_Blue_SIM_04,Blue,38.000000,velocity,0.323214
TRIAL_Blue_SIM_04,Blue,39.000000,velocity,0.334837
TRIAL_Blue_SIM_04,Blue,40.000000,velocity,0.344769
TRIAL_Blue_SIM_04,Blue,41.000000,velocity,0.354534
TRIAL_Blue_SIM_04,Blue,42.000000,velocity,0.362624
TRIAL_Blue_SIM_04,Blue,43.000000,velocity,0.370715
TRIAL_Blue_SIM_04,Blue,44.000000,velocity,0.376322
TRIAL_Blue_SIM_04,Blue,45.000000,velocity,0.381378
TRIAL_Blue_SIM_04,Blue,46.000000,velocity,0.384914
TRIAL_Blue_SIM_04,Blue,47.000000,velocity,0.387184
TRIAL_Blue_SIM_04,Blue,48.000000,velocity,0.388385
TRIAL_Blue_SIM_04,Blue,49.000000,velocity,0.386736
TRIAL_Blue_SIM_04,Blue,50.000000,velocity,0.385087
TRIAL_Blue_SIM_04,Blue,51.000000,velocity,0.381481
TRIAL_Blue_SIM_04,Blue,52.000000,velocity,0.377875
TRIAL_Blue_SIM_04,Blue,53.000000,velocity,0.372172
TRIAL_Blue_SIM_04,Blue,54.000000,velocity,0.365683
TRIAL_Blue_SIM_04,Blue,55.000000,velocity,0.358442
TRIAL_Blue_SIM_04,Blue,56.000000,velocity,0.350296
TRIAL_Blue_SIM_04,Blue,57.000000,velocity,0.341464
TRIAL_Blue_SIM_04,Blue,58.000000,velocity,0.329541
TRIAL_Blue_SIM_04,Blue,59.000000,velocity,0.317618
TRIAL_Blue_SIM_04,Blue,60.000000,velocity,0.304057
TRIAL_Blue_SIM_04,Blue,61.000000,velocity,0.290333
TRIAL_Blue_SIM_04,Blue,62.000000,velocity,0.275572
TRIAL_Blue_SIM_04,Blue,63.000000,velocity,0.260220
TRIAL_Blue_SIM_04,Blue,64.000000,velocity,0.245193
TRIAL_Blue_SIM_04,Blue,65.000000,velocity,0.230736
TRIAL_Blue_SIM_04,Blue,66.000000,velocity,0.216334
TRIAL_Blue_SIM_04,Blue,67.000000,velocity,0.202479
TRIAL_Blue_SIM_04,Blue,68.000000,velocity,0.188623
TRIAL_Blue_SIM_04,Blue,69.000000,velocity,0.175170
TRIAL_Blue_SIM_04,Blue,70.000000,velocity,0.161806
TRIAL_Blue_SIM_04,Blue,71.000000,velocity,0.148394
TRIAL_Blue_SIM_04,Blue,72.000000,velocity,0.134940
TRIAL_Blue_SIM_04,Blue,73.000000,velocity,0.121620
TRIAL_Blue_SIM_04,Blue,74.000000,velocity,0.108657
TRIAL_Blue_SIM_04,Blue,75.000000,velocity,0.095694
TRIAL_Blue_SIM_04,Blue,76.000000,velocity,0.084738
TRIAL_Blue_SIM_04,Blue,77.000000,velocity,0.073781
TRIAL_Blue_SIM_04,Blue,78.000000,velocity,0.064645
TRIAL_Blue_SIM_04,Blue,79.000000,velocity,0.056193
TRIAL_Blue_SIM_04,Blue,80.000000,velocity,0.048833
TRIAL_Blue_SIM_04,Blue,81.000000,velocity,0.042784
TRIAL_Blue_SIM_04,Blue,82.000000,velocity,0.037025
TRIAL_Blue_SIM_04,Blue,83.000000,velocity,0.032567
TRIAL_Blue_SIM_04,Blue,84.000000,velocity,0.028110
TRIAL_Blue_SIM_04,Blue,85.000000,velocity,0.024904
TRIAL_Blue_SIM_04,Blue,86.000000,velocity,0.021822
TRIAL_Blue_SIM_04,Blue,87.000000,velocity,0.019181
TRIAL_Blue_SIM_04,Blue,88.000000,velocity,0.016792
TRIAL_Blue_SIM_04,Blue,89.000000,velocity,0.014410
TRIAL_Blue_SIM_04,Blue,90.000000,velocity,0.012042
TRIAL_Blue_SIM_04,Blue,91.000000,velocity,0.009725
TRIAL_Blue_SIM_04,Blue,92.000000,velocity,0.007908
TRIAL_Blue_SIM_04,Blue,93.000000,velocity,0.006090
TRIAL_Blue_SIM_04,Blue,94.000000,velocity,0.004305
TRIAL_Blue_SIM_04,Blue,95.000000,velocity,0.002526
TRIAL_Blue_SIM_04,Blue,96.000000,velocity,0.001516
TRIAL_Blue_SIM_04,Blue,97.000000,velocity,0.001148
TRIAL_Blue_SIM_04,Blue,98.000000,velocity,0.000782
TRIAL_Blue_SIM_04,Blue,99.000000,velocity,0.000424
TRIAL_Blue_SIM_04,Blue,100.000000,velocity,0.000065
TRIAL_Blue_SIM_04,Blue,0.000000,acceleration_mag,0.040977
TRIAL_Blue_SIM_04,Blue,1.000000,acceleration_mag,0.042514
TRIAL_Blue_SIM_04,Blue,2.000000,acceleration_mag,0.044051
TRIAL_Blue_SIM_04,Blue,3.000000,acceleration_mag,0.071790
TRIAL_Blue_SIM_04,Blue,4.000000,acceleration_mag,0.109356
TRIAL_Blue_SIM_04,Blue,5.000000,acceleration_mag,0.146370
TRIAL_Blue_SIM_04,Blue,6.000000,acceleration_mag,0.182723
TRIAL_Blue_SIM_04,Blue,7.000000,acceleration_mag,0.215929
TRIAL_Blue_SIM_04,Blue,8.000000,acceleration_mag,0.234968
TRIAL_Blue_SIM_04,Blue,9.000000,acceleration_mag,0.254007
TRIAL_Blue_SIM_04,Blue,10.000000,acceleration_mag,0.279199
TRIAL_Blue_SIM_04,Blue,11.000000,acceleration_mag,0.305005
TRIAL_Blue_SIM_04,Blue,12.000000,acceleration_mag,0.336387
TRIAL_Blue_SIM_04,Blue,13.000000,acceleration_mag,0.370955
TRIAL_Blue_SIM_04,Blue,14.000000,acceleration_mag,0.408654
TRIAL_Blue_SIM_04,Blue,15.000000,acceleration_mag,0.451833
TRIAL_Blue_SIM_04,Blue,16.000000,acceleration_mag,0.495091
TRIAL_Blue_SIM_04,Blue,17.000000,acceleration_mag,0.539130
TRIAL_Blue_SIM_04,Blue,18.000000,acceleration_mag,0.583169
TRIAL_Blue_SIM_04,Blue,19.000000,acceleration_mag,0.621889
TRIAL_Blue_SIM_04,Blue,20.000000,acceleration_mag,0.659428
TRIAL_Blue_SIM_04,Blue,21.000000,acceleration_mag,0.689534
TRIAL_Blue_SIM_04,Blue,22.000000,acceleration_mag,0.713445
TRIAL_Blue_SIM_04,Blue,23.000000,acceleration_mag,0.737156
TRIAL_Blue_SIM_04,Blue,24.000000,acceleration_mag,0.760333
TRIAL_Blue_SIM_04,Blue,25.000000,acceleration_mag,0.783510
TRIAL_Blue_SIM_04,Blue,26.000000,acceleration_mag,0.823493
TRIAL_Blue_SIM_04,Blue,27.000000,acceleration_mag,0.863475
TRIAL_Blue_SIM_04,Blue,28.000000,acceleration_mag,0.912563
TRIAL_Blue_SIM_04,Blue,29.000000,acceleration_mag,0.965065
TRIAL_Blue_SIM_04,Blue,30.000000,acceleration_mag,1.009801
TRIAL_Blue_SIM_04,Blue,31.000000,acceleration_mag,1.045218
TRIAL_Blue_SIM_04,Blue,32.000000,acceleration_mag,1.071420
TRIAL_Blue_SIM_04,Blue,33.000000,acceleration_mag,1.056151
TRIAL_Blue_SIM_04,Blue,34.000000,acceleration_mag,1.040883
TRIAL_Blue_SIM_04,Blue,35.000000,acceleration_mag,0.989677
TRIAL_Blue_SIM_04,Blue,36.000000,acceleration_mag,0.934877
TRIAL_Blue_SIM_04,Blue,37.000000,acceleration_mag,0.869378
TRIAL_Blue_SIM_04,Blue,38.000000,acceleration_mag,0.797767
TRIAL_Blue_SIM_04,Blue,39.000000,acceleration_mag,0.728229
TRIAL_Blue_SIM_04,Blue,40.000000,acceleration_mag,0.662322
TRIAL_Blue_SIM_04,Blue,41.000000,acceleration_mag,0.596093
TRIAL_Blue_SIM_04,Blue,42.000000,acceleration_mag,0.526642
TRIAL_Blue_SIM_04,Blue,43.000000,acceleration_mag,0.457191
TRIAL_Blue_SIM_04,Blue,44.000000,acceleration_mag,0.375322
TRIAL_Blue_SIM_04,Blue,45.000000,acceleration_mag,0.290694
TRIAL_Blue_SIM_04,Blue,46.000000,acceleration_mag,0.199229
TRIAL_Blue_SIM_04,Blue,47.000000,acceleration_mag,0.102066
TRIAL_Blue_SIM_04,Blue,48.000000,acceleration_mag,0.048777
TRIAL_Blue_SIM_04,Blue,49.000000,acceleration_mag,0.112482
TRIAL_Blue_SIM_04,Blue,50.000000,acceleration_mag,0.176188
TRIAL_Blue_SIM_04,Blue,51.000000,acceleration_mag,0.247033
TRIAL_Blue_SIM_04,Blue,52.000000,acceleration_mag,0.317878
TRIAL_Blue_SIM_04,Blue,53.000000,acceleration_mag,0.386584
TRIAL_Blue_SIM_04,Blue,54.000000,acceleration_mag,0.454487
TRIAL_Blue_SIM_04,Blue,55.000000,acceleration_mag,0.527322
TRIAL_Blue_SIM_04,Blue,56.000000,acceleration_mag,0.606073
TRIAL_Blue_SIM_04,Blue,57.000000,acceleration_mag,0.685818
TRIAL_Blue_SIM_04,Blue,58.000000,acceleration_mag,0.770029
TRIAL_Blue_SIM_04,Blue,59.000000,acceleration_mag,0.854240
TRIAL_Blue_SIM_04,Blue,60.000000,acceleration_mag,0.910398
TRIAL_Blue_SIM_04,Blue,61.000000,acceleration_mag,0.963751
TRIAL_Blue_SIM_04,Blue,62.000000,acceleration_mag,0.993237
TRIAL_Blue_SIM_04,Blue,63.000000,acceleration_mag,1.009085
TRIAL_Blue_SIM_04,Blue,64.000000,acceleration_mag,1.012131
TRIAL_Blue_SIM_04,Blue,65.000000,acceleration_mag,0.992776
TRIAL_Blue_SIM_04,Blue,66.000000,acceleration_mag,0.973607
TRIAL_Blue_SIM_04,Blue,67.000000,acceleration_mag,0.956303
TRIAL_Blue_SIM_04,Blue,68.000000,acceleration_mag,0.938999
TRIAL_Blue_SIM_04,Blue,69.000000,acceleration_mag,0.927691
TRIAL_Blue_SIM_04,Blue,70.000000,acceleration_mag,0.917716
TRIAL_Blue_SIM_04,Blue,71.000000,acceleration_mag,0.908819
TRIAL_Blue_SIM_04,Blue,72.000000,acceleration_mag,0.900823
TRIAL_Blue_SIM_04,Blue,73.000000,acceleration_mag,0.884519
TRIAL_Blue_SIM_04,Blue,74.000000,acceleration_mag,0.846063
TRIAL_Blue_SIM_04,Blue,75.000000,acceleration_mag,0.807606
TRIAL_Blue_SIM_04,Blue,76.000000,acceleration_mag,0.741929
TRIAL_Blue_SIM_04,Blue,77.000000,acceleration_mag,0.676252
TRIAL_Blue_SIM_04,Blue,78.000000,acceleration_mag,0.604393
TRIAL_Blue_SIM_04,Blue,79.000000,acceleration_mag,0.530215
TRIAL_Blue_SIM_04,Blue,80.000000,acceleration_mag,0.463390
TRIAL_Blue_SIM_04,Blue,81.000000,acceleration_mag,0.405388
TRIAL_Blue_SIM_04,Blue,82.000000,acceleration_mag,0.349935
TRIAL_Blue_SIM_04,Blue,83.000000,acceleration_mag,0.305956
TRIAL_Blue_SIM_04,Blue,84.000000,acceleration_mag,0.261976
TRIAL_Blue_SIM_04,Blue,85.000000,acceleration_mag,0.230002
TRIAL_Blue_SIM_04,Blue,86.000000,acceleration_mag,0.199229
TRIAL_Blue_SIM_04,Blue,87.000000,acceleration_mag,0.179720
TRIAL_Blue_SIM_04,Blue,88.000000,acceleration_mag,0.166649
TRIAL_Blue_SIM_04,Blue,89.000000,acceleration_mag,0.154331
TRIAL_Blue_SIM_04,Blue,90.000000,acceleration_mag,0.143333
TRIAL_Blue_SIM_04,Blue,91.000000,acceleration_mag,0.132544
TRIAL_Blue_SIM_04,Blue,92.000000,acceleration_mag,0.123845
TRIAL_Blue_SIM_04,Blue,93.000000,acceleration_mag,0.115147
TRIAL_Blue_SIM_04,Blue,94.000000,acceleration_mag,0.096755
TRIAL_Blue_SIM_04,Blue,95.000000,acceleration_mag,0.076210
TRIAL_Blue_SIM_04,Blue,96.000000,acceleration_mag,0.056257
TRIAL_Blue_SIM_04,Blue,97.000000,acceleration_mag,0.036799
TRIAL_Blue_SIM_04,Blue,98.000000,acceleration_mag,0.022744
TRIAL_Blue_SIM_04,Blue,99.000000,acceleration_mag,0.023098
TRIAL_Blue_SIM_04,Blue,100.000000,acceleration_mag,0.023452
TRIAL_Blue_SIM_04,Blue,0.000000,ax,0.040864
TRIAL_Blue_SIM_04,Blue,1.000000,ax,0.042293
TRIAL_Blue_SIM_04,Blue,2.000000,ax,0.043721
TRIAL_Blue_SIM_04,Blue,3.000000,ax,0.071441
TRIAL_Blue_SIM_04,Blue,4.000000,ax,0.109019
TRIAL_Blue_SIM_04,Blue,5.000000,ax,0.146010
TRIAL_Blue_SIM_04,Blue,6.000000,ax,0.182296
TRIAL_Blue_SIM_04,Blue,7.000000,ax,0.215431
TRIAL_Blue_SIM_04,Blue,8.000000,ax,0.234385
TRIAL_Blue_SIM_04,Blue,9.000000,ax,0.253339
TRIAL_Blue_SIM_04,Blue,10.000000,ax,0.278380
TRIAL_Blue_SIM_04,Blue,11.000000,ax,0.304029
TRIAL_Blue_SIM_04,Blue,12.000000,ax,0.335092
TRIAL_Blue_SIM_04,Blue,13.000000,ax,0.369247
TRIAL_Blue_SIM_04,Blue,14.000000,ax,0.406623
TRIAL_Blue_SIM_04,Blue,15.000000,ax,0.449633
TRIAL_Blue_SIM_04,Blue,16.000000,ax,0.492686
TRIAL_Blue_SIM_04,Blue,17.000000,ax,0.536171
TRIAL_Blue_SIM_04,Blue,18.000000,ax,0.579657
TRIAL_Blue_SIM_04,Blue,19.000000,ax,0.618054
TRIAL_Blue_SIM_04,Blue,20.000000,ax,0.655321
TRIAL_Blue_SIM_04,Blue,21.000000,ax,0.684916
TRIAL_Blue_SIM_04,Blue,22.000000,ax,0.708118
TRIAL_Blue_SIM_04,Blue,23.000000,ax,0.731240
TRIAL_Blue_SIM_04,Blue,24.000000,ax,0.754144
TRIAL_Blue_SIM_04,Blue,25.000000,ax,0.777049
TRIAL_Blue_SIM_04,Blue,26.000000,ax,0.816159
TRIAL_Blue_SIM_04,Blue,27.000000,ax,0.855269
TRIAL_Blue_SIM_04,Blue,28.000000,ax,0.903315
TRIAL_Blue_SIM_04,Blue,29.000000,ax,0.954712
TRIAL_Blue_SIM_04,Blue,30.000000,ax,0.998224
TRIAL_Blue_SIM_04,Blue,31.000000,ax,1.032272
TRIAL_Blue_SIM_04,Blue,32.000000,ax,1.057226
TRIAL_Blue_SIM_04,Blue,33.000000,ax,1.041252
TRIAL_Blue_SIM_04,Blue,34.000000,ax,1.025279
TRIAL_Blue_SIM_04,Blue,35.000000,ax,0.974053
TRIAL_Blue_SIM_04,Blue,36.000000,ax,0.919302
TRIAL_Blue_SIM_04,Blue,37.000000,ax,0.854119
TRIAL_Blue_SIM_04,Blue,38.000000,ax,0.782975
TRIAL_Blue_SIM_04,Blue,39.000000,ax,0.714190
TRIAL_Blue_SIM_04,Blue,40.000000,ax,0.649531
TRIAL_Blue_SIM_04,Blue,41.000000,ax,0.584637
TRIAL_Blue_SIM_04,Blue,42.000000,ax,0.517391
TRIAL_Blue_SIM_04,Blue,43.000000,ax,0.450145
TRIAL_Blue_SIM_04,Blue,44.000000,ax,0.370120
TRIAL_Blue_SIM_04,Blue,45.000000,ax,0.287256
TRIAL_Blue_SIM_04,Blue,46.000000,ax,0.196611
TRIAL_Blue_SIM_04,Blue,47.000000,ax,0.099482
TRIAL_Blue_SIM_04,Blue,48.000000,ax,0.004640
TRIAL_Blue_SIM_04,Blue,49.000000,ax,-0.084106
TRIAL_Blue_SIM_04,Blue,50.000000,ax,-0.172851
TRIAL_Blue_SIM_04,Blue,51.000000,ax,-0.242441
TRIAL_Blue_SIM_04,Blue,52.000000,ax,-0.312031
TRIAL_Blue_SIM_04,Blue,53.000000,ax,-0.379851
TRIAL_Blue_SIM_04,Blue,54.000000,ax,-0.447008
TRIAL_Blue_SIM_04,Blue,55.000000,ax,-0.518567
TRIAL_Blue_SIM_04,Blue,56.000000,ax,-0.595409
TRIAL_Blue_SIM_04,Blue,57.000000,ax,-0.673468
TRIAL_Blue_SIM_04,Blue,58.000000,ax,-0.757003
TRIAL_Blue_SIM_04,Blue,59.000000,ax,-0.840537
TRIAL_Blue_SIM_04,Blue,60.000000,ax,-0.896729
TRIAL_Blue_SIM_04,Blue,61.000000,ax,-0.950187
TRIAL_Blue_SIM_04,Blue,62.000000,ax,-0.980567
TRIAL_Blue_SIM_04,Blue,63.000000,ax,-0.997759
TRIAL_Blue_SIM_04,Blue,64.000000,ax,-1.002036
TRIAL_Blue_SIM_04,Blue,65.000000,ax,-0.983709
TRIAL_Blue_SIM_04,Blue,66.000000,ax,-0.965472
TRIAL_Blue_SIM_04,Blue,67.000000,ax,-0.948126
TRIAL_Blue_SIM_04,Blue,68.000000,ax,-0.930780
TRIAL_Blue_SIM_04,Blue,69.000000,ax,-0.918624
TRIAL_Blue_SIM_04,Blue,70.000000,ax,-0.907622
TRIAL_Blue_SIM_04,Blue,71.000000,ax,-0.897936
TRIAL_Blue_SIM_04,Blue,72.000000,ax,-0.889347
TRIAL_Blue_SIM_04,Blue,73.000000,ax,-0.872624
TRIAL_Blue_SIM_04,Blue,74.000000,ax,-0.834210
TRIAL_Blue_SIM_04,Blue,75.000000,ax,-0.795796
TRIAL_Blue_SIM_04,Blue,76.000000,ax,-0.731549
TRIAL_Blue_SIM_04,Blue,77.000000,ax,-0.667301
TRIAL_Blue_SIM_04,Blue,78.000000,ax,-0.596278
TRIAL_Blue_SIM_04,Blue,79.000000,ax,-0.522715
TRIAL_Blue_SIM_04,Blue,80.000000,ax,-0.456828
TRIAL_Blue_SIM_04,Blue,81.000000,ax,-0.400154
TRIAL_Blue_SIM_04,Blue,82.000000,ax,-0.345909
TRIAL_Blue_SIM_04,Blue,83.000000,ax,-0.302593
TRIAL_Blue_SIM_04,Blue,84.000000,ax,-0.259276
TRIAL_Blue_SIM_04,Blue,85.000000,ax,-0.227736
TRIAL_Blue_SIM_04,Blue,86.000000,ax,-0.197375
TRIAL_Blue_SIM_04,Blue,87.000000,ax,-0.177539
TRIAL_Blue_SIM_04,Blue,88.000000,ax,-0.163717
TRIAL_Blue_SIM_04,Blue,89.000000,ax,-0.150189
TRIAL_Blue_SIM_04,Blue,90.000000,ax,-0.137175
TRIAL_Blue_SIM_04,Blue,91.000000,ax,-0.124528
TRIAL_Blue_SIM_04,Blue,92.000000,ax,-0.115557
TRIAL_Blue_SIM_04,Blue,93.000000,ax,-0.106587
TRIAL_Blue_SIM_04,Blue,94.000000,ax,-0.088314
TRIAL_Blue_SIM_04,Blue,95.000000,ax,-0.067973
TRIAL_Blue_SIM_04,Blue,96.000000,ax,-0.049407
TRIAL_Blue_SIM_04,Blue,97.000000,ax,-0.032321
TRIAL_Blue_SIM_04,Blue,98.000000,ax,-0.020226
TRIAL_Blue_SIM_04,Blue,99.000000,ax,-0.021442
TRIAL_Blue_SIM_04,Blue,100.000000,ax,-0.022659
TRIAL_Blue_SIM_04,Blue,0.000000,ay,-0.003026
TRIAL_Blue_SIM_04,Blue,1.000000,ay,-0.003714
TRIAL_Blue_SIM_04,Blue,2.000000,ay,-0.004402
TRIAL_Blue_SIM_04,Blue,3.000000,ay,-0.006062
TRIAL_Blue_SIM_04,Blue,4.000000,ay,-0.008087
TRIAL_Blue_SIM_04,Blue,5.000000,ay,-0.010039
TRIAL_Blue_SIM_04,Blue,6.000000,ay,-0.011903
TRIAL_Blue_SIM_04,Blue,7.000000,ay,-0.013352
TRIAL_Blue_SIM_04,Blue,8.000000,ay,-0.012927
TRIAL_Blue_SIM_04,Blue,9.000000,ay,-0.012503
TRIAL_Blue_SIM_04,Blue,10.000000,ay,-0.012515
TRIAL_Blue_SIM_04,Blue,11.000000,ay,-0.012572
TRIAL_Blue_SIM_04,Blue,12.000000,ay,-0.012122
TRIAL_Blue_SIM_04,Blue,13.000000,ay,-0.011385
TRIAL_Blue_SIM_04,Blue,14.000000,ay,-0.011294
TRIAL_Blue_SIM_04,Blue,15.000000,ay,-0.012336
TRIAL_Blue_SIM_04,Blue,16.000000,ay,-0.013208
TRIAL_Blue_SIM_04,Blue,17.000000,ay,-0.012372
TRIAL_Blue_SIM_04,Blue,18.000000,ay,-0.011535
TRIAL_Blue_SIM_04,Blue,19.000000,ay,-0.011358
TRIAL_Blue_SIM_04,Blue,20.000000,ay,-0.011327
TRIAL_Blue_SIM_04,Blue,21.000000,ay,-0.010027
TRIAL_Blue_SIM_04,Blue,22.000000,ay,-0.007669
TRIAL_Blue_SIM_04,Blue,23.000000,ay,-0.005727
TRIAL_Blue_SIM_04,Blue,24.000000,ay,-0.004893
TRIAL_Blue_SIM_04,Blue,25.000000,ay,-0.004060
TRIAL_Blue_SIM_04,Blue,26.000000,ay,-0.001865
TRIAL_Blue_SIM_04,Blue,27.000000,ay,0.000329
TRIAL_Blue_SIM_04,Blue,28.000000,ay,0.002728
TRIAL_Blue_SIM_04,Blue,29.000000,ay,0.005204
TRIAL_Blue_SIM_04,Blue,30.000000,ay,0.008239
TRIAL_Blue_SIM_04,Blue,31.000000,ay,0.011946
TRIAL_Blue_SIM_04,Blue,32.000000,ay,0.015563
TRIAL_Blue_SIM_04,Blue,33.000000,ay,0.018777
TRIAL_Blue_SIM_04,Blue,34.000000,ay,0.021991
TRIAL_Blue_SIM_04,Blue,35.000000,ay,0.024174
TRIAL_Blue_SIM_04,Blue,36.000000,ay,0.026255
TRIAL_Blue_SIM_04,Blue,37.000000,ay,0.027719
TRIAL_Blue_SIM_04,Blue,38.000000,ay,0.028832
TRIAL_Blue_SIM_04,Blue,39.000000,ay,0.029216
TRIAL_Blue_SIM_04,Blue,40.000000,ay,0.028327
TRIAL_Blue_SIM_04,Blue,41.000000,ay,0.027230
TRIAL_Blue_SIM_04,Blue,42.000000,ay,0.024057
TRIAL_Blue_SIM_04,Blue,43.000000,ay,0.020885
TRIAL_Blue_SIM_04,Blue,44.000000,ay,0.018247
TRIAL_Blue_SIM_04,Blue,45.000000,ay,0.015728
TRIAL_Blue_SIM_04,Blue,46.000000,ay,0.013360
TRIAL_Blue_SIM_04,Blue,47.000000,ay,0.011118
TRIAL_Blue_SIM_04,Blue,48.000000,ay,0.009510
TRIAL_Blue_SIM_04,Blue,49.000000,ay,0.009590
TRIAL_Blue_SIM_04,Blue,50.000000,ay,0.009670
TRIAL_Blue_SIM_04,Blue,51.000000,ay,0.007138
TRIAL_Blue_SIM_04,Blue,52.000000,ay,0.004606
TRIAL_Blue_SIM_04,Blue,53.000000,ay,0.002892
TRIAL_Blue_SIM_04,Blue,54.000000,ay,0.001483
TRIAL_Blue_SIM_04,Blue,55.000000,ay,-0.001207
TRIAL_Blue_SIM_04,Blue,56.000000,ay,-0.005434
TRIAL_Blue_SIM_04,Blue,57.000000,ay,-0.009181
TRIAL_Blue_SIM_04,Blue,58.000000,ay,-0.010767
TRIAL_Blue_SIM_04,Blue,59.000000,ay,-0.012352
TRIAL_Blue_SIM_04,Blue,60.000000,ay,-0.012656
TRIAL_Blue_SIM_04,Blue,61.000000,ay,-0.012833
TRIAL_Blue_SIM_04,Blue,62.000000,ay,-0.011094
TRIAL_Blue_SIM_04,Blue,63.000000,ay,-0.008259
TRIAL_Blue_SIM_04,Blue,64.000000,ay,-0.005786
TRIAL_Blue_SIM_04,Blue,65.000000,ay,-0.003943
TRIAL_Blue_SIM_04,Blue,66.000000,ay,-0.002400
TRIAL_Blue_SIM_04,Blue,67.000000,ay,-0.003849
TRIAL_Blue_SIM_04,Blue,68.000000,ay,-0.005298
TRIAL_Blue_SIM_04,Blue,69.000000,ay,-0.008962
TRIAL_Blue_SIM_04,Blue,70.000000,ay,-0.013118
TRIAL_Blue_SIM_04,Blue,71.000000,ay,-0.016407
TRIAL_Blue_SIM_04,Blue,72.000000,ay,-0.018975
TRIAL_Blue_SIM_04,Blue,73.000000,ay,-0.021095
TRIAL_Blue_SIM_04,Blue,74.000000,ay,-0.022021
TRIAL_Blue_SIM_04,Blue,75.000000,ay,-0.022947
TRIAL_Blue_SIM_04,Blue,76.000000,ay,-0.020351
TRIAL_Blue_SIM_04,Blue,77.000000,ay,-0.017755
TRIAL_Blue_SIM_04,Blue,78.000000,ay,-0.016473
TRIAL_Blue_SIM_04,Blue,79.000000,ay,-0.015684
TRIAL_Blue_SIM_04,Blue,80.000000,ay,-0.013958
TRIAL_Blue_SIM_04,Blue,81.000000,ay,-0.011110
TRIAL_Blue_SIM_04,Blue,82.000000,ay,-0.008527
TRIAL_Blue_SIM_04,Blue,83.000000,ay,-0.007138
TRIAL_Blue_SIM_04,Blue,84.000000,ay,-0.005750
TRIAL_Blue_SIM_04,Blue,85.000000,ay,-0.004835
TRIAL_Blue_SIM_04,Blue,86.000000,ay,-0.003968
TRIAL_Blue_SIM_04,Blue,87.000000,ay,-0.004899
TRIAL_Blue_SIM_04,Blue,88.000000,ay,-0.006859
TRIAL_Blue_SIM_04,Blue,89.000000,ay,-0.009128
TRIAL_Blue_SIM_04,Blue,90.000000,ay,-0.011937
TRIAL_Blue_SIM_04,Blue,91.000000,ay,-0.014492
TRIAL_Blue_SIM_04,Blue,92.000000,ay,-0.014500
TRIAL_Blue_SIM_04,Blue,93.000000,ay,-0.014508
TRIAL_Blue_SIM_04,Blue,94.000000,ay,-0.013359
TRIAL_Blue_SIM_04,Blue,95.000000,ay,-0.011953
TRIAL_Blue_SIM_04,Blue,96.000000,ay,-0.009526
TRIAL_Blue_SIM_04,Blue,97.000000,ay,-0.006247
TRIAL_Blue_SIM_04,Blue,98.000000,ay,-0.003624
TRIAL_Blue_SIM_04,Blue,99.000000,ay,-0.002753
TRIAL_Blue_SIM_04,Blue,100.000000,ay,-0.001881
TRIAL_Blue_SIM_04,Blue,0.000000,az,0.000306
TRIAL_Blue_SIM_04,Blue,1.000000,az,-0.001272
TRIAL_Blue_SIM_04,Blue,2.000000,az,-0.002850
TRIAL_Blue_SIM_04,Blue,3.000000,az,-0.001908
TRIAL_Blue_SIM_04,Blue,4.000000,az,-0.000022
TRIAL_Blue_SIM_04,Blue,5.000000,az,0.001790
TRIAL_Blue_SIM_04,Blue,6.000000,az,0.003513
TRIAL_Blue_SIM_04,Blue,7.000000,az,0.005632
TRIAL_Blue_SIM_04,Blue,8.000000,az,0.009529
TRIAL_Blue_SIM_04,Blue,9.000000,az,0.013426
TRIAL_Blue_SIM_04,Blue,10.000000,az,0.017124
TRIAL_Blue_SIM_04,Blue,11.000000,az,0.020802
TRIAL_Blue_SIM_04,Blue,12.000000,az,0.026509
TRIAL_Blue_SIM_04,Blue,13.000000,az,0.033373
TRIAL_Blue_SIM_04,Blue,14.000000,az,0.039088
TRIAL_Blue_SIM_04,Blue,15.000000,az,0.042788
TRIAL_Blue_SIM_04,Blue,16.000000,az,0.046876
TRIAL_Blue_SIM_04,Blue,17.000000,az,0.054843
TRIAL_Blue_SIM_04,Blue,18.000000,az,0.062810
TRIAL_Blue_SIM_04,Blue,19.000000,az,0.068015
TRIAL_Blue_SIM_04,Blue,20.000000,az,0.072607
TRIAL_Blue_SIM_04,Blue,21.000000,az,0.078854
TRIAL_Blue_SIM_04,Blue,22.000000,az,0.086481
TRIAL_Blue_SIM_04,Blue,23.000000,az,0.093024
TRIAL_Blue_SIM_04,Blue,24.000000,az,0.096678
TRIAL_Blue_SIM_04,Blue,25.000000,az,0.100332
TRIAL_Blue_SIM_04,Blue,26.000000,az,0.109524
TRIAL_Blue_SIM_04,Blue,27.000000,az,0.118715
TRIAL_Blue_SIM_04,Blue,28.000000,az,0.129471
TRIAL_Blue_SIM_04,Blue,29.000000,az,0.140813
TRIAL_Blue_SIM_04,Blue,30.000000,az,0.152123
TRIAL_Blue_SIM_04,Blue,31.000000,az,0.163395
TRIAL_Blue_SIM_04,Blue,32.000000,az,0.173081
TRIAL_Blue_SIM_04,Blue,33.000000,az,0.175631
TRIAL_Blue_SIM_04,Blue,34.000000,az,0.178181
TRIAL_Blue_SIM_04,Blue,35.000000,az,0.173376
TRIAL_Blue_SIM_04,Blue,36.000000,az,0.167836
TRIAL_Blue_SIM_04,Blue,37.000000,az,0.159697
TRIAL_Blue_SIM_04,Blue,38.000000,az,0.150074
TRIAL_Blue_SIM_04,Blue,39.000000,az,0.139266
TRIAL_Blue_SIM_04,Blue,40.000000,az,0.126386
TRIAL_Blue_SIM_04,Blue,41.000000,az,0.113044
TRIAL_Blue_SIM_04,Blue,42.000000,az,0.095076
TRIAL_Blue_SIM_04,Blue,43.000000,az,0.077108
TRIAL_Blue_SIM_04,Blue,44.000000,az,0.059251
TRIAL_Blue_SIM_04,Blue,45.000000,az,0.041418
TRIAL_Blue_SIM_04,Blue,46.000000,az,0.023394
TRIAL_Blue_SIM_04,Blue,47.000000,az,0.005212
TRIAL_Blue_SIM_04,Blue,48.000000,az,-0.010978
TRIAL_Blue_SIM_04,Blue,49.000000,az,-0.021853
TRIAL_Blue_SIM_04,Blue,50.000000,az,-0.032728
TRIAL_Blue_SIM_04,Blue,51.000000,az,-0.046572
TRIAL_Blue_SIM_04,Blue,52.000000,az,-0.060416
TRIAL_Blue_SIM_04,Blue,53.000000,az,-0.071712
TRIAL_Blue_SIM_04,Blue,54.000000,az,-0.082053
TRIAL_Blue_SIM_04,Blue,55.000000,az,-0.095585
TRIAL_Blue_SIM_04,Blue,56.000000,az,-0.112947
TRIAL_Blue_SIM_04,Blue,57.000000,az,-0.129213
TRIAL_Blue_SIM_04,Blue,58.000000,az,-0.140546
TRIAL_Blue_SIM_04,Blue,59.000000,az,-0.151879
TRIAL_Blue_SIM_04,Blue,60.000000,az,-0.156548
TRIAL_Blue_SIM_04,Blue,61.000000,az,-0.160551
TRIAL_Blue_SIM_04,Blue,62.000000,az,-0.157404
TRIAL_Blue_SIM_04,Blue,63.000000,az,-0.150170
TRIAL_Blue_SIM_04,Blue,64.000000,az,-0.142379
TRIAL_Blue_SIM_04,Blue,65.000000,az,-0.133613
TRIAL_Blue_SIM_04,Blue,66.000000,az,-0.125566
TRIAL_Blue_SIM_04,Blue,67.000000,az,-0.124708
TRIAL_Blue_SIM_04,Blue,68.000000,az,-0.123851
TRIAL_Blue_SIM_04,Blue,69.000000,az,-0.128722
TRIAL_Blue_SIM_04,Blue,70.000000,az,-0.134866
TRIAL_Blue_SIM_04,Blue,71.000000,az,-0.139180
TRIAL_Blue_SIM_04,Blue,72.000000,az,-0.141970
TRIAL_Blue_SIM_04,Blue,73.000000,az,-0.143000
TRIAL_Blue_SIM_04,Blue,74.000000,az,-0.139342
TRIAL_Blue_SIM_04,Blue,75.000000,az,-0.135684
TRIAL_Blue_SIM_04,Blue,76.000000,az,-0.121938
TRIAL_Blue_SIM_04,Blue,77.000000,az,-0.108191
TRIAL_Blue_SIM_04,Blue,78.000000,az,-0.097282
TRIAL_Blue_SIM_04,Blue,79.000000,az,-0.087437
TRIAL_Blue_SIM_04,Blue,80.000000,az,-0.076376
TRIAL_Blue_SIM_04,Blue,81.000000,az,-0.063855
TRIAL_Blue_SIM_04,Blue,82.000000,az,-0.052232
TRIAL_Blue_SIM_04,Blue,83.000000,az,-0.044651
TRIAL_Blue_SIM_04,Blue,84.000000,az,-0.037070
TRIAL_Blue_SIM_04,Blue,85.000000,az,-0.031826
TRIAL_Blue_SIM_04,Blue,86.000000,az,-0.026816
TRIAL_Blue_SIM_04,Blue,87.000000,az,-0.026859
TRIAL_Blue_SIM_04,Blue,88.000000,az,-0.029791
TRIAL_Blue_SIM_04,Blue,89.000000,az,-0.033486
TRIAL_Blue_SIM_04,Blue,90.000000,az,-0.038520
TRIAL_Blue_SIM_04,Blue,91.000000,az,-0.043007
TRIAL_Blue_SIM_04,Blue,92.000000,az,-0.042030
TRIAL_Blue_SIM_04,Blue,93.000000,az,-0.041053
TRIAL_Blue_SIM_04,Blue,94.000000,az,-0.036929
TRIAL_Blue_SIM_04,Blue,95.000000,az,-0.032106
TRIAL_Blue_SIM_04,Blue,96.000000,az,-0.025161
TRIAL_Blue_SIM_04,Blue,97.000000,az,-0.016447
TRIAL_Blue_SIM_04,Blue,98.000000,az,-0.009587
TRIAL_Blue_SIM_04,Blue,99.000000,az,-0.007667
TRIAL_Blue_SIM_04,Blue,100.000000,az,-0.005748
TRIAL_Blue_SIM_05,Blue,0.000000,object_area,2638.280949
TRIAL_Blue_SIM_05,Blue,1.000000,object_area,2638.280949
TRIAL_Blue_SIM_05,Blue,2.000000,object_area,2638.280949
TRIAL_Blue_SIM_05,Blue,3.000000,object_area,2641.178205
TRIAL_Blue_SIM_05,Blue,4.000000,object_area,2645.161933
TRIAL_Blue_SIM_05,Blue,5.000000,object_area,2651.493735
TRIAL_Blue_SIM_05,Blue,6.000000,object_area,2660.643226
TRIAL_Blue_SIM_05,Blue,7.000000,object_area,2670.658087
TRIAL_Blue_SIM_05,Blue,8.000000,object_area,2684.567111
TRIAL_Blue_SIM_05,Blue,9.000000,object_area,2698.476134
TRIAL_Blue_SIM_05,Blue,10.000000,object_area,2714.791749
TRIAL_Blue_SIM_05,Blue,11.000000,object_area,2731.348023
TRIAL_Blue_SIM_05,Blue,12.000000,object_area,2749.692890
TRIAL_Blue_SIM_05,Blue,13.000000,object_area,2769.059809
TRIAL_Blue_SIM_05,Blue,14.000000,object_area,2789.512535
TRIAL_Blue_SIM_05,Blue,15.000000,object_area,2811.865422
TRIAL_Blue_SIM_05,Blue,16.000000,object_area,2834.421294
TRIAL_Blue_SIM_05,Blue,17.000000,object_area,2859.007022
TRIAL_Blue_SIM_05,Blue,18.000000,object_area,2883.592750
TRIAL_Blue_SIM_05,Blue,19.000000,object_area,2910.357886
TRIAL_Blue_SIM_05,Blue,20.000000,object_area,2937.607336
TRIAL_Blue_SIM_05,Blue,21.000000,object_area,2965.842028
TRIAL_Blue_SIM_05,Blue,22.000000,object_area,2994.897755
TRIAL_Blue_SIM_05,Blue,23.000000,object_area,3024.478571
TRIAL_Blue_SIM_05,Blue,24.000000,object_area,3055.459626
TRIAL_Blue_SIM_05,Blue,25.000000,object_area,3086.440681
TRIAL_Blue_SIM_05,Blue,26.000000,object_area,3119.314871
TRIAL_Blue_SIM_05,Blue,27.000000,object_area,3152.189061
TRIAL_Blue_SIM_05,Blue,28.000000,object_area,3186.931676
TRIAL_Blue_SIM_05,Blue,29.000000,object_area,3222.374951
TRIAL_Blue_SIM_05,Blue,30.000000,object_area,3259.262623
TRIAL_Blue_SIM_05,Blue,31.000000,object_area,3297.883571
TRIAL_Blue_SIM_05,Blue,32.000000,object_area,3336.658403
TRIAL_Blue_SIM_05,Blue,33.000000,object_area,3376.125715
TRIAL_Blue_SIM_05,Blue,34.000000,object_area,3415.593027
TRIAL_Blue_SIM_05,Blue,35.000000,object_area,3454.764232
TRIAL_Blue_SIM_05,Blue,36.000000,object_area,3493.905826
TRIAL_Blue_SIM_05,Blue,37.000000,object_area,3534.306367
TRIAL_Blue_SIM_05,Blue,38.000000,object_area,3575.426306
TRIAL_Blue_SIM_05,Blue,39.000000,object_area,3617.569935
TRIAL_Blue_SIM_05,Blue,40.000000,object_area,3661.505021
TRIAL_Blue_SIM_05,Blue,41.000000,object_area,3705.759194
TRIAL_Blue_SIM_05,Blue,42.000000,object_area,3753.204224
TRIAL_Blue_SIM_05,Blue,43.000000,object_area,3800.649255
TRIAL_Blue_SIM_05,Blue,44.000000,object_area,3847.013647
TRIAL_Blue_SIM_05,Blue,45.000000,object_area,3893.137898
TRIAL_Blue_SIM_05,Blue,46.000000,object_area,3939.412005
TRIAL_Blue_SIM_05,Blue,47.000000,object_area,3985.810994
TRIAL_Blue_SIM_05,Blue,48.000000,object_area,4031.298290
TRIAL_Blue_SIM_05,Blue,49.000000,object_area,4074.354405
TRIAL_Blue_SIM_05,Blue,50.000000,object_area,4117.410520
TRIAL_Blue_SIM_05,Blue,51.000000,object_area,4161.267074
TRIAL_Blue_SIM_05,Blue,52.000000,object_area,4205.123628
TRIAL_Blue_SIM_05,Blue,53.000000,object_area,4248.615426
TRIAL_Blue_SIM_05,Blue,54.000000,object_area,4291.970441
TRIAL_Blue_SIM_05,Blue,55.000000,object_area,4336.614829
TRIAL_Blue_SIM_05,Blue,56.000000,object_area,4382.806466
TRIAL_Blue_SIM_05,Blue,57.000000,object_area,4428.559314
TRIAL_Blue_SIM_05,Blue,58.000000,object_area,4472.337613
TRIAL_Blue_SIM_05,Blue,59.000000,object_area,4516.115913
TRIAL_Blue_SIM_05,Blue,60.000000,object_area,4556.558440
TRIAL_Blue_SIM_05,Blue,61.000000,object_area,4596.667391
TRIAL_Blue_SIM_05,Blue,62.000000,object_area,4634.641162
TRIAL_Blue_SIM_05,Blue,63.000000,object_area,4671.394831
TRIAL_Blue_SIM_05,Blue,64.000000,object_area,4708.718581
TRIAL_Blue_SIM_05,Blue,65.000000,object_area,4747.039975
TRIAL_Blue_SIM_05,Blue,66.000000,object_area,4785.471116
TRIAL_Blue_SIM_05,Blue,67.000000,object_area,4824.999727
TRIAL_Blue_SIM_05,Blue,68.000000,object_area,4864.528338
TRIAL_Blue_SIM_05,Blue,69.000000,object_area,4903.713968
TRIAL_Blue_SIM_05,Blue,70.000000,object_area,4942.823381
TRIAL_Blue_SIM_05,Blue,71.000000,object_area,4980.638677
TRIAL_Blue_SIM_05,Blue,72.000000,object_area,5017.375542
TRIAL_Blue_SIM_05,Blue,73.000000,object_area,5053.900497
TRIAL_Blue_SIM_05,Blue,74.000000,object_area,5089.860358
TRIAL_Blue_SIM_05,Blue,75.000000,object_area,5125.820220
TRIAL_Blue_SIM_05,Blue,76.000000,object_area,5160.160255
TRIAL_Blue_SIM_05,Blue,77.000000,object_area,5194.500291
TRIAL_Blue_SIM_05,Blue,78.000000,object_area,5226.414735
TRIAL_Blue_SIM_05,Blue,79.000000,object_area,5257.419581
TRIAL_Blue_SIM_05,Blue,80.000000,object_area,5286.923013
TRIAL_Blue_SIM_05,Blue,81.000000,object_area,5314.624748
TRIAL_Blue_SIM_05,Blue,82.000000,object_area,5341.854271
TRIAL_Blue_SIM_05,Blue,83.000000,object_area,5366.958847
TRIAL_Blue_SIM_05,Blue,84.000000,object_area,5392.063422
TRIAL_Blue_SIM_05,Blue,85.000000,object_area,5413.493458
TRIAL_Blue_SIM_05,Blue,86.000000,object_area,5434.556039
TRIAL_Blue_SIM_05,Blue,87.000000,object_area,5452.217648
TRIAL_Blue_SIM_05,Blue,88.000000,object_area,5467.935843
TRIAL_Blue_SIM_05,Blue,89.000000,object_area,5482.413557
TRIAL_Blue_SIM_05,Blue,90.000000,object_area,5494.720430
TRIAL_Blue_SIM_05,Blue,91.000000,object_area,5507.083893
TRIAL_Blue_SIM_05,Blue,92.000000,object_area,5520.013262
TRIAL_Blue_SIM_05,Blue,93.000000,object_area,5532.942632
TRIAL_Blue_SIM_05,Blue,94.000000,object_area,5544.591916
TRIAL_Blue_SIM_05,Blue,95.000000,object_area,5555.956737
TRIAL_Blue_SIM_05,Blue,96.000000,object_area,5565.157595
TRIAL_Blue_SIM_05,Blue,97.000000,object_area,5572.555150
TRIAL_Blue_SIM_05,Blue,98.000000,object_area,5578.233080
TRIAL_Blue_SIM_05,Blue,99.000000,object_area,5579.325344
TRIAL_Blue_SIM_05,Blue,100.000000,object_area,5580.417608
TRIAL_Blue_SIM_05,Blue,0.000000,finger_width,25.684141
TRIAL_Blue_SIM_05,Blue,1.000000,finger_width,26.310756
TRIAL_Blue_SIM_05,Blue,2.000000,finger_width,26.937370
TRIAL_Blue_SIM_05,Blue,3.000000,finger_width,28.088883
TRIAL_Blue_SIM_05,Blue,4.000000,finger_width,29.437233
TRIAL_Blue_SIM_05,Blue,5.000000,finger_width,31.182988
TRIAL_Blue_SIM_05,Blue,6.000000,finger_width,33.405627
TRIAL_Blue_SIM_05,Blue,7.000000,finger_width,35.767012
TRIAL_Blue_SIM_05,Blue,8.000000,finger_width,38.752755
TRIAL_Blue_SIM_05,Blue,9.000000,finger_width,41.738497
TRIAL_Blue_SIM_05,Blue,10.000000,finger_width,45.611864
TRIAL_Blue_SIM_05,Blue,11.000000,finger_width,49.573994
TRIAL_Blue_SIM_05,Blue,12.000000,finger_width,53.973917
TRIAL_Blue_SIM_05,Blue,13.000000,finger_width,58.624005
TRIAL_Blue_SIM_05,Blue,14.000000,finger_width,63.456741
TRIAL_Blue_SIM_05,Blue,15.000000,finger_width,68.609109
TRIAL_Blue_SIM_05,Blue,16.000000,finger_width,73.777039
TRIAL_Blue_SIM_05,Blue,17.000000,finger_width,79.100588
TRIAL_Blue_SIM_05,Blue,18.000000,finger_width,84.424136
TRIAL_Blue_SIM_05,Blue,19.000000,finger_width,89.940018
TRIAL_Blue_SIM_05,Blue,20.000000,finger_width,95.498641
TRIAL_Blue_SIM_05,Blue,21.000000,finger_width,101.124792
TRIAL_Blue_SIM_05,Blue,22.000000,finger_width,106.807217
TRIAL_Blue_SIM_05,Blue,23.000000,finger_width,112.491096
TRIAL_Blue_SIM_05,Blue,24.000000,finger_width,118.178852
TRIAL_Blue_SIM_05,Blue,25.000000,finger_width,123.866607
TRIAL_Blue_SIM_05,Blue,26.000000,finger_width,129.188367
TRIAL_Blue_SIM_05,Blue,27.000000,finger_width,134.510127
TRIAL_Blue_SIM_05,Blue,28.000000,finger_width,139.686259
TRIAL_Blue_SIM_05,Blue,29.000000,finger_width,144.807781
TRIAL_Blue_SIM_05,Blue,30.000000,finger_width,149.791759
TRIAL_Blue_SIM_05,Blue,31.000000,finger_width,154.610685
TRIAL_Blue_SIM_05,Blue,32.000000,finger_width,159.370337
TRIAL_Blue_SIM_05,Blue,33.000000,finger_width,163.863259
TRIAL_Blue_SIM_05,Blue,34.000000,finger_width,168.356182
TRIAL_Blue_SIM_05,Blue,35.000000,finger_width,172.182288
TRIAL_Blue_SIM_05,Blue,36.000000,finger_width,175.941713
TRIAL_Blue_SIM_05,Blue,37.000000,finger_width,179.230264
TRIAL_Blue_SIM_05,Blue,38.000000,finger_width,182.249743
TRIAL_Blue_SIM_05,Blue,39.000000,finger_width,185.046119
TRIAL_Blue_SIM_05,Blue,40.000000,finger_width,187.452064
TRIAL_Blue_SIM_05,Blue,41.000000,finger_width,189.780617
TRIAL_Blue_SIM_05,Blue,42.000000,finger_width,191.335256
TRIAL_Blue_SIM_05,Blue,43.000000,finger_width,192.889895
TRIAL_Blue_SIM_05,Blue,44.000000,finger_width,193.556325
TRIAL_Blue_SIM_05,Blue,45.000000,finger_width,194.025375
TRIAL_Blue_SIM_05,Blue,46.000000,finger_width,193.695493
TRIAL_Blue_SIM_05,Blue,47.000000,finger_width,192.699834
TRIAL_Blue_SIM_05,Blue,48.000000,finger_width,191.408882
TRIAL_Blue_SIM_05,Blue,49.000000,finger_width,189.330482
TRIAL_Blue_SIM_05,Blue,50.000000,finger_width,187.252083
TRIAL_Blue_SIM_05,Blue,51.000000,finger_width,184.200443
TRIAL_Blue_SIM_05,Blue,52.000000,finger_width,181.148803
TRIAL_Blue_SIM_05,Blue,53.000000,finger_width,177.598857
TRIAL_Blue_SIM_05,Blue,54.000000,finger_width,173.862045
TRIAL_Blue_SIM_05,Blue,55.000000,finger_width,169.923128
TRIAL_Blue_SIM_05,Blue,56.000000,finger_width,165.741685
TRIAL_Blue_SIM_05,Blue,57.000000,finger_width,161.564080
TRIAL_Blue_SIM_05,Blue,58.000000,finger_width,157.403741
TRIAL_Blue_SIM_05,Blue,59.000000,finger_width,153.243403
TRIAL_Blue_SIM_05,Blue,60.000000,finger_width,148.971362
TRIAL_Blue_SIM_05,Blue,61.000000,finger_width,144.688150
TRIAL_Blue_SIM_05,Blue,62.000000,finger_width,140.383493
TRIAL_Blue_SIM_05,Blue,63.000000,finger_width,136.066582
TRIAL_Blue_SIM_05,Blue,64.000000,finger_width,131.771608
TRIAL_Blue_SIM_05,Blue,65.000000,finger_width,127.515026
TRIAL_Blue_SIM_05,Blue,66.000000,finger_width,123.314927
TRIAL_Blue_SIM_05,Blue,67.000000,finger_width,119.679659
TRIAL_Blue_SIM_05,Blue,68.000000,finger_width,116.044392
TRIAL_Blue_SIM_05,Blue,69.000000,finger_width,113.020722
TRIAL_Blue_SIM_05,Blue,70.000000,finger_width,110.132963
TRIAL_Blue_SIM_05,Blue,71.000000,finger_width,107.742028
TRIAL_Blue_SIM_05,Blue,72.000000,finger_width,105.765114
TRIAL_Blue_SIM_05,Blue,73.000000,finger_width,104.057991
TRIAL_Blue_SIM_05,Blue,74.000000,finger_width,103.070310
TRIAL_Blue_SIM_05,Blue,75.000000,finger_width,102.082629
TRIAL_Blue_SIM_05,Blue,76.000000,finger_width,102.126508
TRIAL_Blue_SIM_05,Blue,77.000000,finger_width,102.170388
TRIAL_Blue_SIM_05,Blue,78.000000,finger_width,102.174131
TRIAL_Blue_SIM_05,Blue,79.000000,finger_width,102.162824
TRIAL_Blue_SIM_05,Blue,80.000000,finger_width,102.123992
TRIAL_Blue_SIM_05,Blue,81.000000,finger_width,102.052132
TRIAL_Blue_SIM_05,Blue,82.000000,finger_width,101.951147
TRIAL_Blue_SIM_05,Blue,83.000000,finger_width,101.719096
TRIAL_Blue_SIM_05,Blue,84.000000,finger_width,101.487046
TRIAL_Blue_SIM_05,Blue,85.000000,finger_width,101.512600
TRIAL_Blue_SIM_05,Blue,86.000000,finger_width,101.563915
TRIAL_Blue_SIM_05,Blue,87.000000,finger_width,101.693482
TRIAL_Blue_SIM_05,Blue,88.000000,finger_width,101.867764
TRIAL_Blue_SIM_05,Blue,89.000000,finger_width,102.065664
TRIAL_Blue_SIM_05,Blue,90.000000,finger_width,102.304894
TRIAL_Blue_SIM_05,Blue,91.000000,finger_width,102.518089
TRIAL_Blue_SIM_05,Blue,92.000000,finger_width,102.470933
TRIAL_Blue_SIM_05,Blue,93.000000,finger_width,102.423777
TRIAL_Blue_SIM_05,Blue,94.000000,finger_width,102.080110
TRIAL_Blue_SIM_05,Blue,95.000000,finger_width,101.670553
TRIAL_Blue_SIM_05,Blue,96.000000,finger_width,101.320461
TRIAL_Blue_SIM_05,Blue,97.000000,finger_width,101.019924
TRIAL_Blue_SIM_05,Blue,98.000000,finger_width,100.760525
TRIAL_Blue_SIM_05,Blue,99.000000,finger_width,100.610827
TRIAL_Blue_SIM_05,Blue,100.000000,finger_width,100.461128
TRIAL_Blue_SIM_05,Blue,0.000000,velocity,0.017858
TRIAL_Blue_SIM_05,Blue,1.000000,velocity,0.020173
TRIAL_Blue_SIM_05,Blue,2.000000,velocity,0.022489
TRIAL_Blue_SIM_05,Blue,3.000000,velocity,0.025806
TRIAL_Blue_SIM_05,Blue,4.000000,velocity,0.029500
TRIAL_Blue_SIM_05,Blue,5.000000,velocity,0.033877
TRIAL_Blue_SIM_05,Blue,6.000000,velocity,0.039075
TRIAL_Blue_SIM_05,Blue,7.000000,velocity,0.044561
TRIAL_Blue_SIM_05,Blue,8.000000,velocity,0.051348
TRIAL_Blue_SIM_05,Blue,9.000000,velocity,0.058135
TRIAL_Blue_SIM_05,Blue,10.000000,velocity,0.066449
TRIAL_Blue_SIM_05,Blue,11.000000,velocity,0.074915
TRIAL_Blue_SIM_05,Blue,12.000000,velocity,0.084059
TRIAL_Blue_SIM_05,Blue,13.000000,velocity,0.093589
TRIAL_Blue_SIM_05,Blue,14.000000,velocity,0.103920
TRIAL_Blue_SIM_05,Blue,15.000000,velocity,0.115651
TRIAL_Blue_SIM_05,Blue,16.000000,velocity,0.127511
TRIAL_Blue_SIM_05,Blue,17.000000,velocity,0.140662
TRIAL_Blue_SIM_05,Blue,18.000000,velocity,0.153812
TRIAL_Blue_SIM_05,Blue,19.000000,velocity,0.168777
TRIAL_Blue_SIM_05,Blue,20.000000,velocity,0.184145
TRIAL_Blue_SIM_05,Blue,21.000000,velocity,0.199645
TRIAL_Blue_SIM_05,Blue,22.000000,velocity,0.215253
TRIAL_Blue_SIM_05,Blue,23.000000,velocity,0.230763
TRIAL_Blue_SIM_05,Blue,24.000000,velocity,0.246012
TRIAL_Blue_SIM_05,Blue,25.000000,velocity,0.261262
TRIAL_Blue_SIM_05,Blue,26.000000,velocity,0.275240
TRIAL_Blue_SIM_05,Blue,27.000000,velocity,0.289219
TRIAL_Blue_SIM_05,Blue,28.000000,velocity,0.302970
TRIAL_Blue_SIM_05,Blue,29.000000,velocity,0.316636
TRIAL_Blue_SIM_05,Blue,30.000000,velocity,0.330284
TRIAL_Blue_SIM_05,Blue,31.000000,velocity,0.343912
TRIAL_Blue_SIM_05,Blue,32.000000,velocity,0.357404
TRIAL_Blue_SIM_05,Blue,33.000000,velocity,0.370286
TRIAL_Blue_SIM_05,Blue,34.000000,velocity,0.383167
TRIAL_Blue_SIM_05,Blue,35.000000,velocity,0.393170
TRIAL_Blue_SIM_05,Blue,36.000000,velocity,0.402884
TRIAL_Blue_SIM_05,Blue,37.000000,velocity,0.409407
TRIAL_Blue_SIM_05,Blue,38.000000,velocity,0.414105
TRIAL_Blue_SIM_05,Blue,39.000000,velocity,0.416940
TRIAL_Blue_SIM_05,Blue,40.000000,velocity,0.416515
TRIAL_Blue_SIM_05,Blue,41.000000,velocity,0.415774
TRIAL_Blue_SIM_05,Blue,42.000000,velocity,0.411871
TRIAL_Blue_SIM_05,Blue,43.000000,velocity,0.407968
TRIAL_Blue_SIM_05,Blue,44.000000,velocity,0.402357
TRIAL_Blue_SIM_05,Blue,45.000000,velocity,0.396367
TRIAL_Blue_SIM_05,Blue,46.000000,velocity,0.389135
TRIAL_Blue_SIM_05,Blue,47.000000,velocity,0.380867
TRIAL_Blue_SIM_05,Blue,48.000000,velocity,0.371648
TRIAL_Blue_SIM_05,Blue,49.000000,velocity,0.359890
TRIAL_Blue_SIM_05,Blue,50.000000,velocity,0.348131
TRIAL_Blue_SIM_05,Blue,51.000000,velocity,0.333389
TRIAL_Blue_SIM_05,Blue,52.000000,velocity,0.318647
TRIAL_Blue_SIM_05,Blue,53.000000,velocity,0.302898
TRIAL_Blue_SIM_05,Blue,54.000000,velocity,0.286771
TRIAL_Blue_SIM_05,Blue,55.000000,velocity,0.270898
TRIAL_Blue_SIM_05,Blue,56.000000,velocity,0.255327
TRIAL_Blue_SIM_05,Blue,57.000000,velocity,0.239875
TRIAL_Blue_SIM_05,Blue,58.000000,velocity,0.224951
TRIAL_Blue_SIM_05,Blue,59.000000,velocity,0.210027
TRIAL_Blue_SIM_05,Blue,60.000000,velocity,0.196024
TRIAL_Blue_SIM_05,Blue,61.000000,velocity,0.182113
TRIAL_Blue_SIM_05,Blue,62.000000,velocity,0.169120
TRIAL_Blue_SIM_05,Blue,63.000000,velocity,0.156651
TRIAL_Blue_SIM_05,Blue,64.000000,velocity,0.144565
TRIAL_Blue_SIM_05,Blue,65.000000,velocity,0.133149
TRIAL_Blue_SIM_05,Blue,66.000000,velocity,0.121815
TRIAL_Blue_SIM_05,Blue,67.000000,velocity,0.111303
TRIAL_Blue_SIM_05,Blue,68.000000,velocity,0.100791
TRIAL_Blue_SIM_05,Blue,69.000000,velocity,0.090238
TRIAL_Blue_SIM_05,Blue,70.000000,velocity,0.079675
TRIAL_Blue_SIM_05,Blue,71.000000,velocity,0.069989
TRIAL_Blue_SIM_05,Blue,72.000000,velocity,0.061033
TRIAL_Blue_SIM_05,Blue,73.000000,velocity,0.052533
TRIAL_Blue_SIM_05,Blue,74.000000,velocity,0.045249
TRIAL_Blue_SIM_05,Blue,75.000000,velocity,0.037966
TRIAL_Blue_SIM_05,Blue,76.000000,velocity,0.033401
TRIAL_Blue_SIM_05,Blue,77.000000,velocity,0.028837
TRIAL_Blue_SIM_05,Blue,78.000000,velocity,0.025526
TRIAL_Blue_SIM_05,Blue,79.000000,velocity,0.022686
TRIAL_Blue_SIM_05,Blue,80.000000,velocity,0.020218
TRIAL_Blue_SIM_05,Blue,81.000000,velocity,0.018197
TRIAL_Blue_SIM_05,Blue,82.000000,velocity,0.016183
TRIAL_Blue_SIM_05,Blue,83.000000,velocity,0.014203
TRIAL_Blue_SIM_05,Blue,84.000000,velocity,0.012223
TRIAL_Blue_SIM_05,Blue,85.000000,velocity,0.010015
TRIAL_Blue_SIM_05,Blue,86.000000,velocity,0.007784
TRIAL_Blue_SIM_05,Blue,87.000000,velocity,0.005851
TRIAL_Blue_SIM_05,Blue,88.000000,velocity,0.004089
TRIAL_Blue_SIM_05,Blue,89.000000,velocity,0.002492
TRIAL_Blue_SIM_05,Blue,90.000000,velocity,0.001187
TRIAL_Blue_SIM_05,Blue,91.000000,velocity,0.000000
TRIAL_Blue_SIM_05,Blue,92.000000,velocity,0.000000
TRIAL_Blue_SIM_05,Blue,93.000000,velocity,0.000000
TRIAL_Blue_SIM_05,Blue,94.000000,velocity,0.000000
TRIAL_Blue_SIM_05,Blue,95.000000,velocity,0.000000
TRIAL_Blue_SIM_05,Blue,96.000000,velocity,0.000000
TRIAL_Blue_SIM_05,Blue,97.000000,velocity,0.000001
TRIAL_Blue_SIM_05,Blue,98.000000,velocity,0.000009
TRIAL_Blue_SIM_05,Blue,99.000000,velocity,0.000040
TRIAL_Blue_SIM_05,Blue,100.000000,velocity,0.000070
TRIAL_Blue_SIM_05,Blue,0.000000,acceleration_mag,0.340633
TRIAL_Blue_SIM_05,Blue,1.000000,acceleration_mag,0.285090
TRIAL_Blue_SIM_05,Blue,2.000000,acceleration_mag,0.229548
TRIAL_Blue_SIM_05,Blue,3.000000,acceleration_mag,0.245263
TRIAL_Blue_SIM_05,Blue,4.000000,acceleration_mag,0.287699
TRIAL_Blue_SIM_05,Blue,5.000000,acceleration_mag,0.331504
TRIAL_Blue_SIM_05,Blue,6.000000,acceleration_mag,0.376953
TRIAL_Blue_SIM_05,Blue,7.000000,acceleration_mag,0.422835
TRIAL_Blue_SIM_05,Blue,8.000000,acceleration_mag,0.470664
TRIAL_Blue_SIM_05,Blue,9.000000,acceleration_mag,0.518493
TRIAL_Blue_SIM_05,Blue,10.000000,acceleration_mag,0.560143
TRIAL_Blue_SIM_05,Blue,11.000000,acceleration_mag,0.601175
TRIAL_Blue_SIM_05,Blue,12.000000,acceleration_mag,0.647314
TRIAL_Blue_SIM_05,Blue,13.000000,acceleration_mag,0.696370
TRIAL_Blue_SIM_05,Blue,14.000000,acceleration_mag,0.747686
TRIAL_Blue_SIM_05,Blue,15.000000,acceleration_mag,0.802959
TRIAL_Blue_SIM_05,Blue,16.000000,acceleration_mag,0.858220
TRIAL_Blue_SIM_05,Blue,17.000000,acceleration_mag,0.913359
TRIAL_Blue_SIM_05,Blue,18.000000,acceleration_mag,0.968497
TRIAL_Blue_SIM_05,Blue,19.000000,acceleration_mag,1.008676
TRIAL_Blue_SIM_05,Blue,20.000000,acceleration_mag,1.045529
TRIAL_Blue_SIM_05,Blue,21.000000,acceleration_mag,1.060916
TRIAL_Blue_SIM_05,Blue,22.000000,acceleration_mag,1.058413
TRIAL_Blue_SIM_05,Blue,23.000000,acceleration_mag,1.049390
TRIAL_Blue_SIM_05,Blue,24.000000,acceleration_mag,1.022976
TRIAL_Blue_SIM_05,Blue,25.000000,acceleration_mag,0.996563
TRIAL_Blue_SIM_05,Blue,26.000000,acceleration_mag,0.971443
TRIAL_Blue_SIM_05,Blue,27.000000,acceleration_mag,0.946322
TRIAL_Blue_SIM_05,Blue,28.000000,acceleration_mag,0.934980
TRIAL_Blue_SIM_05,Blue,29.000000,acceleration_mag,0.928805
TRIAL_Blue_SIM_05,Blue,30.000000,acceleration_mag,0.920581
TRIAL_Blue_SIM_05,Blue,31.000000,acceleration_mag,0.909900
TRIAL_Blue_SIM_05,Blue,32.000000,acceleration_mag,0.890723
TRIAL_Blue_SIM_05,Blue,33.000000,acceleration_mag,0.833319
TRIAL_Blue_SIM_05,Blue,34.000000,acceleration_mag,0.775914
TRIAL_Blue_SIM_05,Blue,35.000000,acceleration_mag,0.660428
TRIAL_Blue_SIM_05,Blue,36.000000,acceleration_mag,0.539135
TRIAL_Blue_SIM_05,Blue,37.000000,acceleration_mag,0.398635
TRIAL_Blue_SIM_05,Blue,38.000000,acceleration_mag,0.247159
TRIAL_Blue_SIM_05,Blue,39.000000,acceleration_mag,0.149250
TRIAL_Blue_SIM_05,Blue,40.000000,acceleration_mag,0.145081
TRIAL_Blue_SIM_05,Blue,41.000000,acceleration_mag,0.148885
TRIAL_Blue_SIM_05,Blue,42.000000,acceleration_mag,0.232410
TRIAL_Blue_SIM_05,Blue,43.000000,acceleration_mag,0.315935
TRIAL_Blue_SIM_05,Blue,44.000000,acceleration_mag,0.384638
TRIAL_Blue_SIM_05,Blue,45.000000,acceleration_mag,0.450047
TRIAL_Blue_SIM_05,Blue,46.000000,acceleration_mag,0.527334
TRIAL_Blue_SIM_05,Blue,47.000000,acceleration_mag,0.614518
TRIAL_Blue_SIM_05,Blue,48.000000,acceleration_mag,0.704333
TRIAL_Blue_SIM_05,Blue,49.000000,acceleration_mag,0.801162
TRIAL_Blue_SIM_05,Blue,50.000000,acceleration_mag,0.897992
TRIAL_Blue_SIM_05,Blue,51.000000,acceleration_mag,0.963942
TRIAL_Blue_SIM_05,Blue,52.000000,acceleration_mag,1.029893
TRIAL_Blue_SIM_05,Blue,53.000000,acceleration_mag,1.055893
TRIAL_Blue_SIM_05,Blue,54.000000,acceleration_mag,1.066912
TRIAL_Blue_SIM_05,Blue,55.000000,acceleration_mag,1.065000
TRIAL_Blue_SIM_05,Blue,56.000000,acceleration_mag,1.047572
TRIAL_Blue_SIM_05,Blue,57.000000,acceleration_mag,1.028652
TRIAL_Blue_SIM_05,Blue,58.000000,acceleration_mag,1.003015
TRIAL_Blue_SIM_05,Blue,59.000000,acceleration_mag,0.977378
TRIAL_Blue_SIM_05,Blue,60.000000,acceleration_mag,0.943046
TRIAL_Blue_SIM_05,Blue,61.000000,acceleration_mag,0.907844
TRIAL_Blue_SIM_05,Blue,62.000000,acceleration_mag,0.871384
TRIAL_Blue_SIM_05,Blue,63.000000,acceleration_mag,0.834203
TRIAL_Blue_SIM_05,Blue,64.000000,acceleration_mag,0.800669
TRIAL_Blue_SIM_05,Blue,65.000000,acceleration_mag,0.773514
TRIAL_Blue_SIM_05,Blue,66.000000,acceleration_mag,0.747760
TRIAL_Blue_SIM_05,Blue,67.000000,acceleration_mag,0.736012
TRIAL_Blue_SIM_05,Blue,68.000000,acceleration_mag,0.724263
TRIAL_Blue_SIM_05,Blue,69.000000,acceleration_mag,0.704204
TRIAL_Blue_SIM_05,Blue,70.000000,acceleration_mag,0.682297
TRIAL_Blue_SIM_05,Blue,71.000000,acceleration_mag,0.645664
TRIAL_Blue_SIM_05,Blue,72.000000,acceleration_mag,0.596758
TRIAL_Blue_SIM_05,Blue,73.000000,acceleration_mag,0.543535
TRIAL_Blue_SIM_05,Blue,74.000000,acceleration_mag,0.478799
TRIAL_Blue_SIM_05,Blue,75.000000,acceleration_mag,0.414064
TRIAL_Blue_SIM_05,Blue,76.000000,acceleration_mag,0.347388
TRIAL_Blue_SIM_05,Blue,77.000000,acceleration_mag,0.280711
TRIAL_Blue_SIM_05,Blue,78.000000,acceleration_mag,0.233862
TRIAL_Blue_SIM_05,Blue,79.000000,acceleration_mag,0.194447
TRIAL_Blue_SIM_05,Blue,80.000000,acceleration_mag,0.166020
TRIAL_Blue_SIM_05,Blue,81.000000,acceleration_mag,0.150777
TRIAL_Blue_SIM_05,Blue,82.000000,acceleration_mag,0.138595
TRIAL_Blue_SIM_05,Blue,83.000000,acceleration_mag,0.140186
TRIAL_Blue_SIM_05,Blue,84.000000,acceleration_mag,0.141776
TRIAL_Blue_SIM_05,Blue,85.000000,acceleration_mag,0.138440
TRIAL_Blue_SIM_05,Blue,86.000000,acceleration_mag,0.134612
TRIAL_Blue_SIM_05,Blue,87.000000,acceleration_mag,0.124119
TRIAL_Blue_SIM_05,Blue,88.000000,acceleration_mag,0.109818
TRIAL_Blue_SIM_05,Blue,89.000000,acceleration_mag,0.091419
TRIAL_Blue_SIM_05,Blue,90.000000,acceleration_mag,0.065850
TRIAL_Blue_SIM_05,Blue,91.000000,acceleration_mag,0.041647
TRIAL_Blue_SIM_05,Blue,92.000000,acceleration_mag,0.031109
TRIAL_Blue_SIM_05,Blue,93.000000,acceleration_mag,0.020571
TRIAL_Blue_SIM_05,Blue,94.000000,acceleration_mag,0.017129
TRIAL_Blue_SIM_05,Blue,95.000000,acceleration_mag,0.015265
TRIAL_Blue_SIM_05,Blue,96.000000,acceleration_mag,0.012795
TRIAL_Blue_SIM_05,Blue,97.000000,acceleration_mag,0.009819
TRIAL_Blue_SIM_05,Blue,98.000000,acceleration_mag,0.007142
TRIAL_Blue_SIM_05,Blue,99.000000,acceleration_mag,0.005259
TRIAL_Blue_SIM_05,Blue,100.000000,acceleration_mag,0.003375
TRIAL_Blue_SIM_05,Blue,0.000000,ax,0.336215
TRIAL_Blue_SIM_05,Blue,1.000000,ax,0.281094
TRIAL_Blue_SIM_05,Blue,2.000000,ax,0.225972
TRIAL_Blue_SIM_05,Blue,3.000000,ax,0.241641
TRIAL_Blue_SIM_05,Blue,4.000000,ax,0.283856
TRIAL_Blue_SIM_05,Blue,5.000000,ax,0.327374
TRIAL_Blue_SIM_05,Blue,6.000000,ax,0.372458
TRIAL_Blue_SIM_05,Blue,7.000000,ax,0.417954
TRIAL_Blue_SIM_05,Blue,8.000000,ax,0.465309
TRIAL_Blue_SIM_05,Blue,9.000000,ax,0.512664
TRIAL_Blue_SIM_05,Blue,10.000000,ax,0.553851
TRIAL_Blue_SIM_05,Blue,11.000000,ax,0.594422
TRIAL_Blue_SIM_05,Blue,12.000000,ax,0.640037
TRIAL_Blue_SIM_05,Blue,13.000000,ax,0.688536
TRIAL_Blue_SIM_05,Blue,14.000000,ax,0.739268
TRIAL_Blue_SIM_05,Blue,15.000000,ax,0.793911
TRIAL_Blue_SIM_05,Blue,16.000000,ax,0.848542
TRIAL_Blue_SIM_05,Blue,17.000000,ax,0.903050
TRIAL_Blue_SIM_05,Blue,18.000000,ax,0.957558
TRIAL_Blue_SIM_05,Blue,19.000000,ax,0.997273
TRIAL_Blue_SIM_05,Blue,20.000000,ax,1.033699
TRIAL_Blue_SIM_05,Blue,21.000000,ax,1.048892
TRIAL_Blue_SIM_05,Blue,22.000000,ax,1.046390
TRIAL_Blue_SIM_05,Blue,23.000000,ax,1.037417
TRIAL_Blue_SIM_05,Blue,24.000000,ax,1.011191
TRIAL_Blue_SIM_05,Blue,25.000000,ax,0.984965
TRIAL_Blue_SIM_05,Blue,26.000000,ax,0.959969
TRIAL_Blue_SIM_05,Blue,27.000000,ax,0.934973
TRIAL_Blue_SIM_05,Blue,28.000000,ax,0.923594
TRIAL_Blue_SIM_05,Blue,29.000000,ax,0.917321
TRIAL_Blue_SIM_05,Blue,30.000000,ax,0.909134
TRIAL_Blue_SIM_05,Blue,31.000000,ax,0.898649
TRIAL_Blue_SIM_05,Blue,32.000000,ax,0.879769
TRIAL_Blue_SIM_05,Blue,33.000000,ax,0.823105
TRIAL_Blue_SIM_05,Blue,34.000000,ax,0.766441
TRIAL_Blue_SIM_05,Blue,35.000000,ax,0.652377
TRIAL_Blue_SIM_05,Blue,36.000000,ax,0.532572
TRIAL_Blue_SIM_05,Blue,37.000000,ax,0.393745
TRIAL_Blue_SIM_05,Blue,38.000000,ax,0.244046
TRIAL_Blue_SIM_05,Blue,39.000000,ax,0.102613
TRIAL_Blue_SIM_05,Blue,40.000000,ax,-0.024357
TRIAL_Blue_SIM_05,Blue,41.000000,ax,-0.147289
TRIAL_Blue_SIM_05,Blue,42.000000,ax,-0.229842
TRIAL_Blue_SIM_05,Blue,43.000000,ax,-0.312394
TRIAL_Blue_SIM_05,Blue,44.000000,ax,-0.380277
TRIAL_Blue_SIM_05,Blue,45.000000,ax,-0.444900
TRIAL_Blue_SIM_05,Blue,46.000000,ax,-0.521286
TRIAL_Blue_SIM_05,Blue,47.000000,ax,-0.607474
TRIAL_Blue_SIM_05,Blue,48.000000,ax,-0.696237
TRIAL_Blue_SIM_05,Blue,49.000000,ax,-0.791866
TRIAL_Blue_SIM_05,Blue,50.000000,ax,-0.887496
TRIAL_Blue_SIM_05,Blue,51.000000,ax,-0.952658
TRIAL_Blue_SIM_05,Blue,52.000000,ax,-1.017820
TRIAL_Blue_SIM_05,Blue,53.000000,ax,-1.043364
TRIAL_Blue_SIM_05,Blue,54.000000,ax,-1.054053
TRIAL_Blue_SIM_05,Blue,55.000000,ax,-1.052059
TRIAL_Blue_SIM_05,Blue,56.000000,ax,-1.034846
TRIAL_Blue_SIM_05,Blue,57.000000,ax,-1.016127
TRIAL_Blue_SIM_05,Blue,58.000000,ax,-0.990632
TRIAL_Blue_SIM_05,Blue,59.000000,ax,-0.965137
TRIAL_Blue_SIM_05,Blue,60.000000,ax,-0.931339
TRIAL_Blue_SIM_05,Blue,61.000000,ax,-0.896710
TRIAL_Blue_SIM_05,Blue,62.000000,ax,-0.860729
TRIAL_Blue_SIM_05,Blue,63.000000,ax,-0.823975
TRIAL_Blue_SIM_05,Blue,64.000000,ax,-0.790894
TRIAL_Blue_SIM_05,Blue,65.000000,ax,-0.764240
TRIAL_Blue_SIM_05,Blue,66.000000,ax,-0.738958
TRIAL_Blue_SIM_05,Blue,67.000000,ax,-0.727385
TRIAL_Blue_SIM_05,Blue,68.000000,ax,-0.715812
TRIAL_Blue_SIM_05,Blue,69.000000,ax,-0.696019
TRIAL_Blue_SIM_05,Blue,70.000000,ax,-0.674400
TRIAL_Blue_SIM_05,Blue,71.000000,ax,-0.638203
TRIAL_Blue_SIM_05,Blue,72.000000,ax,-0.589858
TRIAL_Blue_SIM_05,Blue,73.000000,ax,-0.537225
TRIAL_Blue_SIM_05,Blue,74.000000,ax,-0.473157
TRIAL_Blue_SIM_05,Blue,75.000000,ax,-0.409089
TRIAL_Blue_SIM_05,Blue,76.000000,ax,-0.343041
TRIAL_Blue_SIM_05,Blue,77.000000,ax,-0.276993
TRIAL_Blue_SIM_05,Blue,78.000000,ax,-0.230677
TRIAL_Blue_SIM_05,Blue,79.000000,ax,-0.191760
TRIAL_Blue_SIM_05,Blue,80.000000,ax,-0.163765
TRIAL_Blue_SIM_05,Blue,81.000000,ax,-0.148878
TRIAL_Blue_SIM_05,Blue,82.000000,ax,-0.136947
TRIAL_Blue_SIM_05,Blue,83.000000,ax,-0.138319
TRIAL_Blue_SIM_05,Blue,84.000000,ax,-0.139690
TRIAL_Blue_SIM_05,Blue,85.000000,ax,-0.136166
TRIAL_Blue_SIM_05,Blue,86.000000,ax,-0.132152
TRIAL_Blue_SIM_05,Blue,87.000000,ax,-0.121384
TRIAL_Blue_SIM_05,Blue,88.000000,ax,-0.106757
TRIAL_Blue_SIM_05,Blue,89.000000,ax,-0.087864
TRIAL_Blue_SIM_05,Blue,90.000000,ax,-0.061505
TRIAL_Blue_SIM_05,Blue,91.000000,ax,-0.035781
TRIAL_Blue_SIM_05,Blue,92.000000,ax,-0.016399
TRIAL_Blue_SIM_05,Blue,93.000000,ax,0.002984
TRIAL_Blue_SIM_05,Blue,94.000000,ax,0.005983
TRIAL_Blue_SIM_05,Blue,95.000000,ax,0.005341
TRIAL_Blue_SIM_05,Blue,96.000000,ax,0.004695
TRIAL_Blue_SIM_05,Blue,97.000000,ax,0.004045
TRIAL_Blue_SIM_05,Blue,98.000000,ax,0.003476
TRIAL_Blue_SIM_05,Blue,99.000000,ax,0.003122
TRIAL_Blue_SIM_05,Blue,100.000000,ax,0.002769
TRIAL_Blue_SIM_05,Blue,0.000000,ay,-0.017228
TRIAL_Blue_SIM_05,Blue,1.000000,ay,-0.018097
TRIAL_Blue_SIM_05,Blue,2.000000,ay,-0.018966
TRIAL_Blue_SIM_05,Blue,3.000000,ay,-0.017615
TRIAL_Blue_SIM_05,Blue,4.000000,ay,-0.015433
TRIAL_Blue_SIM_05,Blue,5.000000,ay,-0.012831
TRIAL_Blue_SIM_05,Blue,6.000000,ay,-0.009726
TRIAL_Blue_SIM_05,Blue,7.000000,ay,-0.006423
TRIAL_Blue_SIM_05,Blue,8.000000,ay,-0.002225
TRIAL_Blue_SIM_05,Blue,9.000000,ay,0.001973
TRIAL_Blue_SIM_05,Blue,10.000000,ay,0.003759
TRIAL_Blue_SIM_05,Blue,11.000000,ay,0.005303
TRIAL_Blue_SIM_05,Blue,12.000000,ay,0.006697
TRIAL_Blue_SIM_05,Blue,13.000000,ay,0.008005
TRIAL_Blue_SIM_05,Blue,14.000000,ay,0.008556
TRIAL_Blue_SIM_05,Blue,15.000000,ay,0.007779
TRIAL_Blue_SIM_05,Blue,16.000000,ay,0.007117
TRIAL_Blue_SIM_05,Blue,17.000000,ay,0.007603
TRIAL_Blue_SIM_05,Blue,18.000000,ay,0.008089
TRIAL_Blue_SIM_05,Blue,19.000000,ay,0.009682
TRIAL_Blue_SIM_05,Blue,20.000000,ay,0.011521
TRIAL_Blue_SIM_05,Blue,21.000000,ay,0.014007
TRIAL_Blue_SIM_05,Blue,22.000000,ay,0.017033
TRIAL_Blue_SIM_05,Blue,23.000000,ay,0.020864
TRIAL_Blue_SIM_05,Blue,24.000000,ay,0.026844
TRIAL_Blue_SIM_05,Blue,25.000000,ay,0.032824
TRIAL_Blue_SIM_05,Blue,26.000000,ay,0.037265
TRIAL_Blue_SIM_05,Blue,27.000000,ay,0.041707
TRIAL_Blue_SIM_05,Blue,28.000000,ay,0.045589
TRIAL_Blue_SIM_05,Blue,29.000000,ay,0.049262
TRIAL_Blue_SIM_05,Blue,30.000000,ay,0.050155
TRIAL_Blue_SIM_05,Blue,31.000000,ay,0.047714
TRIAL_Blue_SIM_05,Blue,32.000000,ay,0.044913
TRIAL_Blue_SIM_05,Blue,33.000000,ay,0.040489
TRIAL_Blue_SIM_05,Blue,34.000000,ay,0.036065
TRIAL_Blue_SIM_05,Blue,35.000000,ay,0.029261
TRIAL_Blue_SIM_05,Blue,36.000000,ay,0.022220
TRIAL_Blue_SIM_05,Blue,37.000000,ay,0.015826
TRIAL_Blue_SIM_05,Blue,38.000000,ay,0.009803
TRIAL_Blue_SIM_05,Blue,39.000000,ay,0.003951
TRIAL_Blue_SIM_05,Blue,40.000000,ay,-0.001603
TRIAL_Blue_SIM_05,Blue,41.000000,ay,-0.006912
TRIAL_Blue_SIM_05,Blue,42.000000,ay,-0.009789
TRIAL_Blue_SIM_05,Blue,43.000000,ay,-0.012665
TRIAL_Blue_SIM_05,Blue,44.000000,ay,-0.015523
TRIAL_Blue_SIM_05,Blue,45.000000,ay,-0.018377
TRIAL_Blue_SIM_05,Blue,46.000000,ay,-0.020693
TRIAL_Blue_SIM_05,Blue,47.000000,ay,-0.022561
TRIAL_Blue_SIM_05,Blue,48.000000,ay,-0.025372
TRIAL_Blue_SIM_05,Blue,49.000000,ay,-0.030697
TRIAL_Blue_SIM_05,Blue,50.000000,ay,-0.036021
TRIAL_Blue_SIM_05,Blue,51.000000,ay,-0.038355
TRIAL_Blue_SIM_05,Blue,52.000000,ay,-0.040689
TRIAL_Blue_SIM_05,Blue,53.000000,ay,-0.045521
TRIAL_Blue_SIM_05,Blue,54.000000,ay,-0.051288
TRIAL_Blue_SIM_05,Blue,55.000000,ay,-0.053851
TRIAL_Blue_SIM_05,Blue,56.000000,ay,-0.052570
TRIAL_Blue_SIM_05,Blue,57.000000,ay,-0.051948
TRIAL_Blue_SIM_05,Blue,58.000000,ay,-0.054297
TRIAL_Blue_SIM_05,Blue,59.000000,ay,-0.056645
TRIAL_Blue_SIM_05,Blue,60.000000,ay,-0.052041
TRIAL_Blue_SIM_05,Blue,61.000000,ay,-0.046741
TRIAL_Blue_SIM_05,Blue,62.000000,ay,-0.043932
TRIAL_Blue_SIM_05,Blue,63.000000,ay,-0.042547
TRIAL_Blue_SIM_05,Blue,64.000000,ay,-0.039184
TRIAL_Blue_SIM_05,Blue,65.000000,ay,-0.032360
TRIAL_Blue_SIM_05,Blue,66.000000,ay,-0.025910
TRIAL_Blue_SIM_05,Blue,67.000000,ay,-0.023202
TRIAL_Blue_SIM_05,Blue,68.000000,ay,-0.020494
TRIAL_Blue_SIM_05,Blue,69.000000,ay,-0.016499
TRIAL_Blue_SIM_05,Blue,70.000000,ay,-0.012218
TRIAL_Blue_SIM_05,Blue,71.000000,ay,-0.008927
TRIAL_Blue_SIM_05,Blue,72.000000,ay,-0.006461
TRIAL_Blue_SIM_05,Blue,73.000000,ay,-0.003163
TRIAL_Blue_SIM_05,Blue,74.000000,ay,0.002353
TRIAL_Blue_SIM_05,Blue,75.000000,ay,0.007870
TRIAL_Blue_SIM_05,Blue,76.000000,ay,0.010378
TRIAL_Blue_SIM_05,Blue,77.000000,ay,0.012887
TRIAL_Blue_SIM_05,Blue,78.000000,ay,0.012471
TRIAL_Blue_SIM_05,Blue,79.000000,ay,0.010960
TRIAL_Blue_SIM_05,Blue,80.000000,ay,0.007785
TRIAL_Blue_SIM_05,Blue,81.000000,ay,0.002616
TRIAL_Blue_SIM_05,Blue,82.000000,ay,-0.002509
TRIAL_Blue_SIM_05,Blue,83.000000,ay,-0.007429
TRIAL_Blue_SIM_05,Blue,84.000000,ay,-0.012350
TRIAL_Blue_SIM_05,Blue,85.000000,ay,-0.014668
TRIAL_Blue_SIM_05,Blue,86.000000,ay,-0.016727
TRIAL_Blue_SIM_05,Blue,87.000000,ay,-0.018600
TRIAL_Blue_SIM_05,Blue,88.000000,ay,-0.020368
TRIAL_Blue_SIM_05,Blue,89.000000,ay,-0.021196
TRIAL_Blue_SIM_05,Blue,90.000000,ay,-0.020380
TRIAL_Blue_SIM_05,Blue,91.000000,ay,-0.019546
TRIAL_Blue_SIM_05,Blue,92.000000,ay,-0.018537
TRIAL_Blue_SIM_05,Blue,93.000000,ay,-0.017528
TRIAL_Blue_SIM_05,Blue,94.000000,ay,-0.015923
TRIAL_Blue_SIM_05,Blue,95.000000,ay,-0.014186
TRIAL_Blue_SIM_05,Blue,96.000000,ay,-0.011789
TRIAL_Blue_SIM_05,Blue,97.000000,ay,-0.008840
TRIAL_Blue_SIM_05,Blue,98.000000,ay,-0.006113
TRIAL_Blue_SIM_05,Blue,99.000000,ay,-0.003981
TRIAL_Blue_SIM_05,Blue,100.000000,ay,-0.001848
TRIAL_Blue_SIM_05,Blue,0.000000,az,0.051898
TRIAL_Blue_SIM_05,Blue,1.000000,az,0.043679
TRIAL_Blue_SIM_05,Blue,2.000000,az,0.035460
TRIAL_Blue_SIM_05,Blue,3.000000,az,0.037753
TRIAL_Blue_SIM_05,Blue,4.000000,az,0.043988
TRIAL_Blue_SIM_05,Blue,5.000000,az,0.050396
TRIAL_Blue_SIM_05,Blue,6.000000,az,0.057013
TRIAL_Blue_SIM_05,Blue,7.000000,az,0.063680
TRIAL_Blue_SIM_05,Blue,8.000000,az,0.070578
TRIAL_Blue_SIM_05,Blue,9.000000,az,0.077475
TRIAL_Blue_SIM_05,Blue,10.000000,az,0.083622
TRIAL_Blue_SIM_05,Blue,11.000000,az,0.089693
TRIAL_Blue_SIM_05,Blue,12.000000,az,0.096548
TRIAL_Blue_SIM_05,Blue,13.000000,az,0.103849
TRIAL_Blue_SIM_05,Blue,14.000000,az,0.111548
TRIAL_Blue_SIM_05,Blue,15.000000,az,0.119939
TRIAL_Blue_SIM_05,Blue,16.000000,az,0.128323
TRIAL_Blue_SIM_05,Blue,17.000000,az,0.136625
TRIAL_Blue_SIM_05,Blue,18.000000,az,0.144927
TRIAL_Blue_SIM_05,Blue,19.000000,az,0.150921
TRIAL_Blue_SIM_05,Blue,20.000000,az,0.156403
TRIAL_Blue_SIM_05,Blue,21.000000,az,0.158626
TRIAL_Blue_SIM_05,Blue,22.000000,az,0.158133
TRIAL_Blue_SIM_05,Blue,23.000000,az,0.156602
TRIAL_Blue_SIM_05,Blue,24.000000,az,0.152303
TRIAL_Blue_SIM_05,Blue,25.000000,az,0.148003
TRIAL_Blue_SIM_05,Blue,26.000000,az,0.143993
TRIAL_Blue_SIM_05,Blue,27.000000,az,0.139983
TRIAL_Blue_SIM_05,Blue,28.000000,az,0.138077
TRIAL_Blue_SIM_05,Blue,29.000000,az,0.136959
TRIAL_Blue_SIM_05,Blue,30.000000,az,0.135744
TRIAL_Blue_SIM_05,Blue,31.000000,az,0.134410
TRIAL_Blue_SIM_05,Blue,32.000000,az,0.131823
TRIAL_Blue_SIM_05,Blue,33.000000,az,0.123593
TRIAL_Blue_SIM_05,Blue,34.000000,az,0.115363
TRIAL_Blue_SIM_05,Blue,35.000000,az,0.098538
TRIAL_Blue_SIM_05,Blue,36.000000,az,0.080853
TRIAL_Blue_SIM_05,Blue,37.000000,az,0.060198
TRIAL_Blue_SIM_05,Blue,38.000000,az,0.037847
TRIAL_Blue_SIM_05,Blue,39.000000,az,0.016727
TRIAL_Blue_SIM_05,Blue,40.000000,az,-0.002239
TRIAL_Blue_SIM_05,Blue,41.000000,az,-0.020608
TRIAL_Blue_SIM_05,Blue,42.000000,az,-0.033021
TRIAL_Blue_SIM_05,Blue,43.000000,az,-0.045433
TRIAL_Blue_SIM_05,Blue,44.000000,az,-0.055630
TRIAL_Blue_SIM_05,Blue,45.000000,az,-0.065334
TRIAL_Blue_SIM_05,Blue,46.000000,az,-0.076887
TRIAL_Blue_SIM_05,Blue,47.000000,az,-0.089981
TRIAL_Blue_SIM_05,Blue,48.000000,az,-0.103412
TRIAL_Blue_SIM_05,Blue,49.000000,az,-0.117740
TRIAL_Blue_SIM_05,Blue,50.000000,az,-0.132069
TRIAL_Blue_SIM_05,Blue,51.000000,az,-0.141973
TRIAL_Blue_SIM_05,Blue,52.000000,az,-0.151877
TRIAL_Blue_SIM_05,Blue,53.000000,az,-0.155554
TRIAL_Blue_SIM_05,Blue,54.000000,az,-0.156895
TRIAL_Blue_SIM_05,Blue,55.000000,az,-0.156517
TRIAL_Blue_SIM_05,Blue,56.000000,az,-0.154074
TRIAL_Blue_SIM_05,Blue,57.000000,az,-0.151353
TRIAL_Blue_SIM_05,Blue,58.000000,az,-0.147383
TRIAL_Blue_SIM_05,Blue,59.000000,az,-0.143413
TRIAL_Blue_SIM_05,Blue,60.000000,az,-0.138640
TRIAL_Blue_SIM_05,Blue,61.000000,az,-0.133788
TRIAL_Blue_SIM_05,Blue,62.000000,az,-0.128548
TRIAL_Blue_SIM_05,Blue,63.000000,az,-0.123086
TRIAL_Blue_SIM_05,Blue,64.000000,az,-0.118322
TRIAL_Blue_SIM_05,Blue,65.000000,az,-0.114777
TRIAL_Blue_SIM_05,Blue,66.000000,az,-0.111417
TRIAL_Blue_SIM_05,Blue,67.000000,az,-0.109902
TRIAL_Blue_SIM_05,Blue,68.000000,az,-0.108387
TRIAL_Blue_SIM_05,Blue,69.000000,az,-0.105689
TRIAL_Blue_SIM_05,Blue,70.000000,az,-0.102728
TRIAL_Blue_SIM_05,Blue,71.000000,az,-0.097447
TRIAL_Blue_SIM_05,Blue,72.000000,az,-0.090233
TRIAL_Blue_SIM_05,Blue,73.000000,az,-0.082409
TRIAL_Blue_SIM_05,Blue,74.000000,az,-0.072958
TRIAL_Blue_SIM_05,Blue,75.000000,az,-0.063507
TRIAL_Blue_SIM_05,Blue,76.000000,az,-0.053521
TRIAL_Blue_SIM_05,Blue,77.000000,az,-0.043535
TRIAL_Blue_SIM_05,Blue,78.000000,az,-0.036382
TRIAL_Blue_SIM_05,Blue,79.000000,az,-0.030290
TRIAL_Blue_SIM_05,Blue,80.000000,az,-0.025767
TRIAL_Blue_SIM_05,Blue,81.000000,az,-0.023128
TRIAL_Blue_SIM_05,Blue,82.000000,az,-0.020949
TRIAL_Blue_SIM_05,Blue,83.000000,az,-0.020841
TRIAL_Blue_SIM_05,Blue,84.000000,az,-0.020732
TRIAL_Blue_SIM_05,Blue,85.000000,az,-0.020042
TRIAL_Blue_SIM_05,Blue,86.000000,az,-0.019295
TRIAL_Blue_SIM_05,Blue,87.000000,az,-0.017512
TRIAL_Blue_SIM_05,Blue,88.000000,az,-0.015138
TRIAL_Blue_SIM_05,Blue,89.000000,az,-0.012163
TRIAL_Blue_SIM_05,Blue,90.000000,az,-0.008138
TRIAL_Blue_SIM_05,Blue,91.000000,az,-0.004211
TRIAL_Blue_SIM_05,Blue,92.000000,az,-0.001274
TRIAL_Blue_SIM_05,Blue,93.000000,az,0.001663
TRIAL_Blue_SIM_05,Blue,94.000000,az,0.002018
TRIAL_Blue_SIM_05,Blue,95.000000,az,0.001799
TRIAL_Blue_SIM_05,Blue,96.000000,az,0.001535
TRIAL_Blue_SIM_05,Blue,97.000000,az,0.001233
TRIAL_Blue_SIM_05,Blue,98.000000,az,0.000958
TRIAL_Blue_SIM_05,Blue,99.000000,az,0.000758
TRIAL_Blue_SIM_05,Blue,100.000000,az,0.000557
TRIAL_Blue_SIM_06,Blue,0.000000,object_area,2758.141458
TRIAL_Blue_SIM_06,Blue,1.000000,object_area,2758.312713
TRIAL_Blue_SIM_06,Blue,2.000000,object_area,2758.483969
TRIAL_Blue_SIM_06,Blue,3.000000,object_area,2761.674539
TRIAL_Blue_SIM_06,Blue,4.000000,object_area,2765.997352
TRIAL_Blue_SIM_06,Blue,5.000000,object_area,2772.189627
TRIAL_Blue_SIM_06,Blue,6.000000,object_area,2780.625255
TRIAL_Blue_SIM_06,Blue,7.000000,object_area,2789.689884
TRIAL_Blue_SIM_06,Blue,8.000000,object_area,2801.585012
TRIAL_Blue_SIM_06,Blue,9.000000,object_area,2813.480141
TRIAL_Blue_SIM_06,Blue,10.000000,object_area,2827.695535
TRIAL_Blue_SIM_06,Blue,11.000000,object_area,2842.142955
TRIAL_Blue_SIM_06,Blue,12.000000,object_area,2858.574473
TRIAL_Blue_SIM_06,Blue,13.000000,object_area,2876.139759
TRIAL_Blue_SIM_06,Blue,14.000000,object_area,2894.974238
TRIAL_Blue_SIM_06,Blue,15.000000,object_area,2916.029804
TRIAL_Blue_SIM_06,Blue,16.000000,object_area,2937.303801
TRIAL_Blue_SIM_06,Blue,17.000000,object_area,2960.762113
TRIAL_Blue_SIM_06,Blue,18.000000,object_area,2984.220425
TRIAL_Blue_SIM_06,Blue,19.000000,object_area,3008.433556
TRIAL_Blue_SIM_06,Blue,20.000000,object_area,3032.814424
TRIAL_Blue_SIM_06,Blue,21.000000,object_area,3057.963770
TRIAL_Blue_SIM_06,Blue,22.000000,object_area,3083.753513
TRIAL_Blue_SIM_06,Blue,23.000000,object_area,3111.118816
TRIAL_Blue_SIM_06,Blue,24.000000,object_area,3142.685609
TRIAL_Blue_SIM_06,Blue,25.000000,object_area,3174.252403
TRIAL_Blue_SIM_06,Blue,26.000000,object_area,3210.417911
TRIAL_Blue_SIM_06,Blue,27.000000,object_area,3246.583419
TRIAL_Blue_SIM_06,Blue,28.000000,object_area,3284.110620
TRIAL_Blue_SIM_06,Blue,29.000000,object_area,3322.148456
TRIAL_Blue_SIM_06,Blue,30.000000,object_area,3359.080125
TRIAL_Blue_SIM_06,Blue,31.000000,object_area,3394.684394
TRIAL_Blue_SIM_06,Blue,32.000000,object_area,3430.171746
TRIAL_Blue_SIM_06,Blue,33.000000,object_area,3465.132970
TRIAL_Blue_SIM_06,Blue,34.000000,object_area,3500.094193
TRIAL_Blue_SIM_06,Blue,35.000000,object_area,3535.414047
TRIAL_Blue_SIM_06,Blue,36.000000,object_area,3570.769764
TRIAL_Blue_SIM_06,Blue,37.000000,object_area,3606.745109
TRIAL_Blue_SIM_06,Blue,38.000000,object_area,3643.074527
TRIAL_Blue_SIM_06,Blue,39.000000,object_area,3680.005615
TRIAL_Blue_SIM_06,Blue,40.000000,object_area,3717.989626
TRIAL_Blue_SIM_06,Blue,41.000000,object_area,3756.081391
TRIAL_Blue_SIM_06,Blue,42.000000,object_area,3795.250705
TRIAL_Blue_SIM_06,Blue,43.000000,object_area,3834.420019
TRIAL_Blue_SIM_06,Blue,44.000000,object_area,3874.330690
TRIAL_Blue_SIM_06,Blue,45.000000,object_area,3914.406107
TRIAL_Blue_SIM_06,Blue,46.000000,object_area,3955.256604
TRIAL_Blue_SIM_06,Blue,47.000000,object_area,3996.753000
TRIAL_Blue_SIM_06,Blue,48.000000,object_area,4038.992536
TRIAL_Blue_SIM_06,Blue,49.000000,object_area,4083.213779
TRIAL_Blue_SIM_06,Blue,50.000000,object_area,4127.435022
TRIAL_Blue_SIM_06,Blue,51.000000,object_area,4172.683739
TRIAL_Blue_SIM_06,Blue,52.000000,object_area,4217.932456
TRIAL_Blue_SIM_06,Blue,53.000000,object_area,4261.320019
TRIAL_Blue_SIM_06,Blue,54.000000,object_area,4304.009649
TRIAL_Blue_SIM_06,Blue,55.000000,object_area,4344.822945
TRIAL_Blue_SIM_06,Blue,56.000000,object_area,4383.384639
TRIAL_Blue_SIM_06,Blue,57.000000,object_area,4421.677059
TRIAL_Blue_SIM_06,Blue,58.000000,object_area,4458.757748
TRIAL_Blue_SIM_06,Blue,59.000000,object_area,4495.838437
TRIAL_Blue_SIM_06,Blue,60.000000,object_area,4532.548568
TRIAL_Blue_SIM_06,Blue,61.000000,object_area,4569.221642
TRIAL_Blue_SIM_06,Blue,62.000000,object_area,4606.398281
TRIAL_Blue_SIM_06,Blue,63.000000,object_area,4643.862670
TRIAL_Blue_SIM_06,Blue,64.000000,object_area,4681.132007
TRIAL_Blue_SIM_06,Blue,65.000000,object_area,4718.060003
TRIAL_Blue_SIM_06,Blue,66.000000,object_area,4754.936795
TRIAL_Blue_SIM_06,Blue,67.000000,object_area,4791.301543
TRIAL_Blue_SIM_06,Blue,68.000000,object_area,4827.666292
TRIAL_Blue_SIM_06,Blue,69.000000,object_area,4863.175214
TRIAL_Blue_SIM_06,Blue,70.000000,object_area,4898.493954
TRIAL_Blue_SIM_06,Blue,71.000000,object_area,4932.833501
TRIAL_Blue_SIM_06,Blue,72.000000,object_area,4966.357054
TRIAL_Blue_SIM_06,Blue,73.000000,object_area,4999.777619
TRIAL_Blue_SIM_06,Blue,74.000000,object_area,5032.923550
TRIAL_Blue_SIM_06,Blue,75.000000,object_area,5066.069480
TRIAL_Blue_SIM_06,Blue,76.000000,object_area,5096.063497
TRIAL_Blue_SIM_06,Blue,77.000000,object_area,5126.057514
TRIAL_Blue_SIM_06,Blue,78.000000,object_area,5156.027318
TRIAL_Blue_SIM_06,Blue,79.000000,object_area,5185.988041
TRIAL_Blue_SIM_06,Blue,80.000000,object_area,5214.531666
TRIAL_Blue_SIM_06,Blue,81.000000,object_area,5241.374773
TRIAL_Blue_SIM_06,Blue,82.000000,object_area,5268.125156
TRIAL_Blue_SIM_06,Blue,83.000000,object_area,5294.458274
TRIAL_Blue_SIM_06,Blue,84.000000,object_area,5320.791392
TRIAL_Blue_SIM_06,Blue,85.000000,object_area,5341.984314
TRIAL_Blue_SIM_06,Blue,86.000000,object_area,5362.663215
TRIAL_Blue_SIM_06,Blue,87.000000,object_area,5380.583723
TRIAL_Blue_SIM_06,Blue,88.000000,object_area,5396.928005
TRIAL_Blue_SIM_06,Blue,89.000000,object_area,5411.940118
TRIAL_Blue_SIM_06,Blue,90.000000,object_area,5424.620934
TRIAL_Blue_SIM_06,Blue,91.000000,object_area,5437.205313
TRIAL_Blue_SIM_06,Blue,92.000000,object_area,5448.825325
TRIAL_Blue_SIM_06,Blue,93.000000,object_area,5460.445337
TRIAL_Blue_SIM_06,Blue,94.000000,object_area,5470.414775
TRIAL_Blue_SIM_06,Blue,95.000000,object_area,5480.017417
TRIAL_Blue_SIM_06,Blue,96.000000,object_area,5487.642360
TRIAL_Blue_SIM_06,Blue,97.000000,object_area,5493.619219
TRIAL_Blue_SIM_06,Blue,98.000000,object_area,5498.289533
TRIAL_Blue_SIM_06,Blue,99.000000,object_area,5499.475725
TRIAL_Blue_SIM_06,Blue,100.000000,object_area,5500.661917
TRIAL_Blue_SIM_06,Blue,0.000000,finger_width,24.495974
TRIAL_Blue_SIM_06,Blue,1.000000,finger_width,24.518191
TRIAL_Blue_SIM_06,Blue,2.000000,finger_width,24.540409
TRIAL_Blue_SIM_06,Blue,3.000000,finger_width,25.173888
TRIAL_Blue_SIM_06,Blue,4.000000,finger_width,26.036592
TRIAL_Blue_SIM_06,Blue,5.000000,finger_width,27.318296
TRIAL_Blue_SIM_06,Blue,6.000000,finger_width,29.102801
TRIAL_Blue_SIM_06,Blue,7.000000,finger_width,31.078422
TRIAL_Blue_SIM_06,Blue,8.000000,finger_width,33.914070
TRIAL_Blue_SIM_06,Blue,9.000000,finger_width,36.749717
TRIAL_Blue_SIM_06,Blue,10.000000,finger_width,40.188469
TRIAL_Blue_SIM_06,Blue,11.000000,finger_width,43.687531
TRIAL_Blue_SIM_06,Blue,12.000000,finger_width,47.189277
TRIAL_Blue_SIM_06,Blue,13.000000,finger_width,50.692556
TRIAL_Blue_SIM_06,Blue,14.000000,finger_width,54.280329
TRIAL_Blue_SIM_06,Blue,15.000000,finger_width,58.015965
TRIAL_Blue_SIM_06,Blue,16.000000,finger_width,61.769152
TRIAL_Blue_SIM_06,Blue,17.000000,finger_width,65.697850
TRIAL_Blue_SIM_06,Blue,18.000000,finger_width,69.626547
TRIAL_Blue_SIM_06,Blue,19.000000,finger_width,74.137813
TRIAL_Blue_SIM_06,Blue,20.000000,finger_width,78.778538
TRIAL_Blue_SIM_06,Blue,21.000000,finger_width,83.593585
TRIAL_Blue_SIM_06,Blue,22.000000,finger_width,88.553900
TRIAL_Blue_SIM_06,Blue,23.000000,finger_width,93.575516
TRIAL_Blue_SIM_06,Blue,24.000000,finger_width,98.760606
TRIAL_Blue_SIM_06,Blue,25.000000,finger_width,103.945695
TRIAL_Blue_SIM_06,Blue,26.000000,finger_width,109.010140
TRIAL_Blue_SIM_06,Blue,27.000000,finger_width,114.074585
TRIAL_Blue_SIM_06,Blue,28.000000,finger_width,119.009193
TRIAL_Blue_SIM_06,Blue,29.000000,finger_width,123.895113
TRIAL_Blue_SIM_06,Blue,30.000000,finger_width,128.618683
TRIAL_Blue_SIM_06,Blue,31.000000,finger_width,133.147433
TRIAL_Blue_SIM_06,Blue,32.000000,finger_width,137.625797
TRIAL_Blue_SIM_06,Blue,33.000000,finger_width,141.877421
TRIAL_Blue_SIM_06,Blue,34.000000,finger_width,146.129045
TRIAL_Blue_SIM_06,Blue,35.000000,finger_width,150.046634
TRIAL_Blue_SIM_06,Blue,36.000000,finger_width,153.930821
TRIAL_Blue_SIM_06,Blue,37.000000,finger_width,157.753922
TRIAL_Blue_SIM_06,Blue,38.000000,finger_width,161.542116
TRIAL_Blue_SIM_06,Blue,39.000000,finger_width,165.173570
TRIAL_Blue_SIM_06,Blue,40.000000,finger_width,168.530724
TRIAL_Blue_SIM_06,Blue,41.000000,finger_width,171.870766
TRIAL_Blue_SIM_06,Blue,42.000000,finger_width,175.039682
TRIAL_Blue_SIM_06,Blue,43.000000,finger_width,178.208598
TRIAL_Blue_SIM_06,Blue,44.000000,finger_width,180.847600
TRIAL_Blue_SIM_06,Blue,45.000000,finger_width,183.368843
TRIAL_Blue_SIM_06,Blue,46.000000,finger_width,185.602128
TRIAL_Blue_SIM_06,Blue,47.000000,finger_width,187.595446
TRIAL_Blue_SIM_06,Blue,48.000000,finger_width,189.278722
TRIAL_Blue_SIM_06,Blue,49.000000,finger_width,190.135217
TRIAL_Blue_SIM_06,Blue,50.000000,finger_width,190.991713
TRIAL_Blue_SIM_06,Blue,51.000000,finger_width,190.737570
TRIAL_Blue_SIM_06,Blue,52.000000,finger_width,190.483427
TRIAL_Blue_SIM_06,Blue,53.000000,finger_width,189.135713
TRIAL_Blue_SIM_06,Blue,54.000000,finger_width,187.377911
TRIAL_Blue_SIM_06,Blue,55.000000,finger_width,185.144465
TRIAL_Blue_SIM_06,Blue,56.000000,finger_width,182.340245
TRIAL_Blue_SIM_06,Blue,57.000000,finger_width,179.386104
TRIAL_Blue_SIM_06,Blue,58.000000,finger_width,175.757320
TRIAL_Blue_SIM_06,Blue,59.000000,finger_width,172.128536
TRIAL_Blue_SIM_06,Blue,60.000000,finger_width,167.604319
TRIAL_Blue_SIM_06,Blue,61.000000,finger_width,162.990557
TRIAL_Blue_SIM_06,Blue,62.000000,finger_width,157.860754
TRIAL_Blue_SIM_06,Blue,63.000000,finger_width,152.436069
TRIAL_Blue_SIM_06,Blue,64.000000,finger_width,146.995086
TRIAL_Blue_SIM_06,Blue,65.000000,finger_width,141.525582
TRIAL_Blue_SIM_06,Blue,66.000000,finger_width,136.084341
TRIAL_Blue_SIM_06,Blue,67.000000,finger_width,130.925740
TRIAL_Blue_SIM_06,Blue,68.000000,finger_width,125.767139
TRIAL_Blue_SIM_06,Blue,69.000000,finger_width,121.304566
TRIAL_Blue_SIM_06,Blue,70.000000,finger_width,116.996666
TRIAL_Blue_SIM_06,Blue,71.000000,finger_width,112.974444
TRIAL_Blue_SIM_06,Blue,72.000000,finger_width,109.190287
TRIAL_Blue_SIM_06,Blue,73.000000,finger_width,105.753033
TRIAL_Blue_SIM_06,Blue,74.000000,finger_width,103.240852
TRIAL_Blue_SIM_06,Blue,75.000000,finger_width,100.728672
TRIAL_Blue_SIM_06,Blue,76.000000,finger_width,99.504924
TRIAL_Blue_SIM_06,Blue,77.000000,finger_width,98.281176
TRIAL_Blue_SIM_06,Blue,78.000000,finger_width,98.010342
TRIAL_Blue_SIM_06,Blue,79.000000,finger_width,98.096851
TRIAL_Blue_SIM_06,Blue,80.000000,finger_width,98.023115
TRIAL_Blue_SIM_06,Blue,81.000000,finger_width,97.757087
TRIAL_Blue_SIM_06,Blue,82.000000,finger_width,97.535689
TRIAL_Blue_SIM_06,Blue,83.000000,finger_width,97.515122
TRIAL_Blue_SIM_06,Blue,84.000000,finger_width,97.494555
TRIAL_Blue_SIM_06,Blue,85.000000,finger_width,97.473624
TRIAL_Blue_SIM_06,Blue,86.000000,finger_width,97.452656
TRIAL_Blue_SIM_06,Blue,87.000000,finger_width,97.776313
TRIAL_Blue_SIM_06,Blue,88.000000,finger_width,98.296896
TRIAL_Blue_SIM_06,Blue,89.000000,finger_width,98.645647
TRIAL_Blue_SIM_06,Blue,90.000000,finger_width,98.693689
TRIAL_Blue_SIM_06,Blue,91.000000,finger_width,98.729127
TRIAL_Blue_SIM_06,Blue,92.000000,finger_width,98.638537
TRIAL_Blue_SIM_06,Blue,93.000000,finger_width,98.547946
TRIAL_Blue_SIM_06,Blue,94.000000,finger_width,98.122732
TRIAL_Blue_SIM_06,Blue,95.000000,finger_width,97.623158
TRIAL_Blue_SIM_06,Blue,96.000000,finger_width,97.295401
TRIAL_Blue_SIM_06,Blue,97.000000,finger_width,97.110824
TRIAL_Blue_SIM_06,Blue,98.000000,finger_width,96.967158
TRIAL_Blue_SIM_06,Blue,99.000000,finger_width,96.932587
TRIAL_Blue_SIM_06,Blue,100.000000,finger_width,96.898016
TRIAL_Blue_SIM_06,Blue,0.000000,velocity,0.002768
TRIAL_Blue_SIM_06,Blue,1.000000,velocity,0.004583
TRIAL_Blue_SIM_06,Blue,2.000000,velocity,0.006398
TRIAL_Blue_SIM_06,Blue,3.000000,velocity,0.008585
TRIAL_Blue_SIM_06,Blue,4.000000,velocity,0.010912
TRIAL_Blue_SIM_06,Blue,5.000000,velocity,0.012944
TRIAL_Blue_SIM_06,Blue,6.000000,velocity,0.014623
TRIAL_Blue_SIM_06,Blue,7.000000,velocity,0.016475
TRIAL_Blue_SIM_06,Blue,8.000000,velocity,0.019101
TRIAL_Blue_SIM_06,Blue,9.000000,velocity,0.021728
TRIAL_Blue_SIM_06,Blue,10.000000,velocity,0.025190
TRIAL_Blue_SIM_06,Blue,11.000000,velocity,0.028736
TRIAL_Blue_SIM_06,Blue,12.000000,velocity,0.033742
TRIAL_Blue_SIM_06,Blue,13.000000,velocity,0.039584
TRIAL_Blue_SIM_06,Blue,14.000000,velocity,0.045728
TRIAL_Blue_SIM_06,Blue,15.000000,velocity,0.052402
TRIAL_Blue_SIM_06,Blue,16.000000,velocity,0.059199
TRIAL_Blue_SIM_06,Blue,17.000000,velocity,0.067218
TRIAL_Blue_SIM_06,Blue,18.000000,velocity,0.075237
TRIAL_Blue_SIM_06,Blue,19.000000,velocity,0.083670
TRIAL_Blue_SIM_06,Blue,20.000000,velocity,0.092194
TRIAL_Blue_SIM_06,Blue,21.000000,velocity,0.101481
TRIAL_Blue_SIM_06,Blue,22.000000,velocity,0.111402
TRIAL_Blue_SIM_06,Blue,23.000000,velocity,0.121658
TRIAL_Blue_SIM_06,Blue,24.000000,velocity,0.132804
TRIAL_Blue_SIM_06,Blue,25.000000,velocity,0.143950
TRIAL_Blue_SIM_06,Blue,26.000000,velocity,0.157301
TRIAL_Blue_SIM_06,Blue,27.000000,velocity,0.170652
TRIAL_Blue_SIM_06,Blue,28.000000,velocity,0.185326
TRIAL_Blue_SIM_06,Blue,29.000000,velocity,0.200496
TRIAL_Blue_SIM_06,Blue,30.000000,velocity,0.216272
TRIAL_Blue_SIM_06,Blue,31.000000,velocity,0.232775
TRIAL_Blue_SIM_06,Blue,32.000000,velocity,0.249187
TRIAL_Blue_SIM_06,Blue,33.000000,velocity,0.265188
TRIAL_Blue_SIM_06,Blue,34.000000,velocity,0.281188
TRIAL_Blue_SIM_06,Blue,35.000000,velocity,0.295927
TRIAL_Blue_SIM_06,Blue,36.000000,velocity,0.310540
TRIAL_Blue_SIM_06,Blue,37.000000,velocity,0.323735
TRIAL_Blue_SIM_06,Blue,38.000000,velocity,0.336118
TRIAL_Blue_SIM_06,Blue,39.000000,velocity,0.347765
TRIAL_Blue_SIM_06,Blue,40.000000,velocity,0.358123
TRIAL_Blue_SIM_06,Blue,41.000000,velocity,0.368331
TRIAL_Blue_SIM_06,Blue,42.000000,velocity,0.377049
TRIAL_Blue_SIM_06,Blue,43.000000,velocity,0.385766
TRIAL_Blue_SIM_06,Blue,44.000000,velocity,0.392791
TRIAL_Blue_SIM_06,Blue,45.000000,velocity,0.399440
TRIAL_Blue_SIM_06,Blue,46.000000,velocity,0.403993
TRIAL_Blue_SIM_06,Blue,47.000000,velocity,0.406800
TRIAL_Blue_SIM_06,Blue,48.000000,velocity,0.408247
TRIAL_Blue_SIM_06,Blue,49.000000,velocity,0.406070
TRIAL_Blue_SIM_06,Blue,50.000000,velocity,0.403893
TRIAL_Blue_SIM_06,Blue,51.000000,velocity,0.397702
TRIAL_Blue_SIM_06,Blue,52.000000,velocity,0.391511
TRIAL_Blue_SIM_06,Blue,53.000000,velocity,0.384320
TRIAL_Blue_SIM_06,Blue,54.000000,velocity,0.376754
TRIAL_Blue_SIM_06,Blue,55.000000,velocity,0.368712
TRIAL_Blue_SIM_06,Blue,56.000000,velocity,0.360098
TRIAL_Blue_SIM_06,Blue,57.000000,velocity,0.351116
TRIAL_Blue_SIM_06,Blue,58.000000,velocity,0.340476
TRIAL_Blue_SIM_06,Blue,59.000000,velocity,0.329836
TRIAL_Blue_SIM_06,Blue,60.000000,velocity,0.316625
TRIAL_Blue_SIM_06,Blue,61.000000,velocity,0.303156
TRIAL_Blue_SIM_06,Blue,62.000000,velocity,0.288551
TRIAL_Blue_SIM_06,Blue,63.000000,velocity,0.273296
TRIAL_Blue_SIM_06,Blue,64.000000,velocity,0.257829
TRIAL_Blue_SIM_06,Blue,65.000000,velocity,0.241988
TRIAL_Blue_SIM_06,Blue,66.000000,velocity,0.226190
TRIAL_Blue_SIM_06,Blue,67.000000,velocity,0.210820
TRIAL_Blue_SIM_06,Blue,68.000000,velocity,0.195450
TRIAL_Blue_SIM_06,Blue,69.000000,velocity,0.181246
TRIAL_Blue_SIM_06,Blue,70.000000,velocity,0.167301
TRIAL_Blue_SIM_06,Blue,71.000000,velocity,0.154224
TRIAL_Blue_SIM_06,Blue,72.000000,velocity,0.141872
TRIAL_Blue_SIM_06,Blue,73.000000,velocity,0.129797
TRIAL_Blue_SIM_06,Blue,74.000000,velocity,0.118461
TRIAL_Blue_SIM_06,Blue,75.000000,velocity,0.107124
TRIAL_Blue_SIM_06,Blue,76.000000,velocity,0.096618
TRIAL_Blue_SIM_06,Blue,77.000000,velocity,0.086112
TRIAL_Blue_SIM_06,Blue,78.000000,velocity,0.076906
TRIAL_Blue_SIM_06,Blue,79.000000,velocity,0.068188
TRIAL_Blue_SIM_06,Blue,80.000000,velocity,0.060325
TRIAL_Blue_SIM_06,Blue,81.000000,velocity,0.053490
TRIAL_Blue_SIM_06,Blue,82.000000,velocity,0.047006
TRIAL_Blue_SIM_06,Blue,83.000000,velocity,0.042107
TRIAL_Blue_SIM_06,Blue,84.000000,velocity,0.037207
TRIAL_Blue_SIM_06,Blue,85.000000,velocity,0.032878
TRIAL_Blue_SIM_06,Blue,86.000000,velocity,0.028606
TRIAL_Blue_SIM_06,Blue,87.000000,velocity,0.025143
TRIAL_Blue_SIM_06,Blue,88.000000,velocity,0.022142
TRIAL_Blue_SIM_06,Blue,89.000000,velocity,0.019390
TRIAL_Blue_SIM_06,Blue,90.000000,velocity,0.017072
TRIAL_Blue_SIM_06,Blue,91.000000,velocity,0.014818
TRIAL_Blue_SIM_06,Blue,92.000000,velocity,0.013214
TRIAL_Blue_SIM_06,Blue,93.000000,velocity,0.011611
TRIAL_Blue_SIM_06,Blue,94.000000,velocity,0.009245
TRIAL_Blue_SIM_06,Blue,95.000000,velocity,0.006711
TRIAL_Blue_SIM_06,Blue,96.000000,velocity,0.004715
TRIAL_Blue_SIM_06,Blue,97.000000,velocity,0.003169
TRIAL_Blue_SIM_06,Blue,98.000000,velocity,0.001824
TRIAL_Blue_SIM_06,Blue,99.000000,velocity,0.001018
TRIAL_Blue_SIM_06,Blue,100.000000,velocity,0.000211
TRIAL_Blue_SIM_06,Blue,0.000000,acceleration_mag,0.102567
TRIAL_Blue_SIM_06,Blue,1.000000,acceleration_mag,0.119714
TRIAL_Blue_SIM_06,Blue,2.000000,acceleration_mag,0.136861
TRIAL_Blue_SIM_06,Blue,3.000000,acceleration_mag,0.140407
TRIAL_Blue_SIM_06,Blue,4.000000,acceleration_mag,0.138852
TRIAL_Blue_SIM_06,Blue,5.000000,acceleration_mag,0.140263
TRIAL_Blue_SIM_06,Blue,6.000000,acceleration_mag,0.145233
TRIAL_Blue_SIM_06,Blue,7.000000,acceleration_mag,0.154367
TRIAL_Blue_SIM_06,Blue,8.000000,acceleration_mag,0.182238
TRIAL_Blue_SIM_06,Blue,9.000000,acceleration_mag,0.210109
TRIAL_Blue_SIM_06,Blue,10.000000,acceleration_mag,0.255794
TRIAL_Blue_SIM_06,Blue,11.000000,acceleration_mag,0.303259
TRIAL_Blue_SIM_06,Blue,12.000000,acceleration_mag,0.350167
TRIAL_Blue_SIM_06,Blue,13.000000,acceleration_mag,0.396756
TRIAL_Blue_SIM_06,Blue,14.000000,acceleration_mag,0.438289
TRIAL_Blue_SIM_06,Blue,15.000000,acceleration_mag,0.470974
TRIAL_Blue_SIM_06,Blue,16.000000,acceleration_mag,0.503229
TRIAL_Blue_SIM_06,Blue,17.000000,acceleration_mag,0.531189
TRIAL_Blue_SIM_06,Blue,18.000000,acceleration_mag,0.559149
TRIAL_Blue_SIM_06,Blue,19.000000,acceleration_mag,0.587671
TRIAL_Blue_SIM_06,Blue,20.000000,acceleration_mag,0.616317
TRIAL_Blue_SIM_06,Blue,21.000000,acceleration_mag,0.650641
TRIAL_Blue_SIM_06,Blue,22.000000,acceleration_mag,0.689696
TRIAL_Blue_SIM_06,Blue,23.000000,acceleration_mag,0.732073
TRIAL_Blue_SIM_06,Blue,24.000000,acceleration_mag,0.783309
TRIAL_Blue_SIM_06,Blue,25.000000,acceleration_mag,0.834546
TRIAL_Blue_SIM_06,Blue,26.000000,acceleration_mag,0.894850
TRIAL_Blue_SIM_06,Blue,27.000000,acceleration_mag,0.955155
TRIAL_Blue_SIM_06,Blue,28.000000,acceleration_mag,1.006130
TRIAL_Blue_SIM_06,Blue,29.000000,acceleration_mag,1.053606
TRIAL_Blue_SIM_06,Blue,30.000000,acceleration_mag,1.085362
TRIAL_Blue_SIM_06,Blue,31.000000,acceleration_mag,1.098253
TRIAL_Blue_SIM_06,Blue,32.000000,acceleration_mag,1.103737
TRIAL_Blue_SIM_06,Blue,33.000000,acceleration_mag,1.075892
TRIAL_Blue_SIM_06,Blue,34.000000,acceleration_mag,1.048047
TRIAL_Blue_SIM_06,Blue,35.000000,acceleration_mag,0.996470
TRIAL_Blue_SIM_06,Blue,36.000000,acceleration_mag,0.942520
TRIAL_Blue_SIM_06,Blue,37.000000,acceleration_mag,0.882157
TRIAL_Blue_SIM_06,Blue,38.000000,acceleration_mag,0.818130
TRIAL_Blue_SIM_06,Blue,39.000000,acceleration_mag,0.757125
TRIAL_Blue_SIM_06,Blue,40.000000,acceleration_mag,0.701411
TRIAL_Blue_SIM_06,Blue,41.000000,acceleration_mag,0.645658
TRIAL_Blue_SIM_06,Blue,42.000000,acceleration_mag,0.589522
TRIAL_Blue_SIM_06,Blue,43.000000,acceleration_mag,0.533385
TRIAL_Blue_SIM_06,Blue,44.000000,acceleration_mag,0.450657
TRIAL_Blue_SIM_06,Blue,45.000000,acceleration_mag,0.362021
TRIAL_Blue_SIM_06,Blue,46.000000,acceleration_mag,0.253273
TRIAL_Blue_SIM_06,Blue,47.000000,acceleration_mag,0.127766
TRIAL_Blue_SIM_06,Blue,48.000000,acceleration_mag,0.066617
TRIAL_Blue_SIM_06,Blue,49.000000,acceleration_mag,0.177090
TRIAL_Blue_SIM_06,Blue,50.000000,acceleration_mag,0.287562
TRIAL_Blue_SIM_06,Blue,51.000000,acceleration_mag,0.367860
TRIAL_Blue_SIM_06,Blue,52.000000,acceleration_mag,0.448157
TRIAL_Blue_SIM_06,Blue,53.000000,acceleration_mag,0.496226
TRIAL_Blue_SIM_06,Blue,54.000000,acceleration_mag,0.532208
TRIAL_Blue_SIM_06,Blue,55.000000,acceleration_mag,0.572778
TRIAL_Blue_SIM_06,Blue,56.000000,acceleration_mag,0.618853
TRIAL_Blue_SIM_06,Blue,57.000000,acceleration_mag,0.669748
TRIAL_Blue_SIM_06,Blue,58.000000,acceleration_mag,0.742328
TRIAL_Blue_SIM_06,Blue,59.000000,acceleration_mag,0.814908
TRIAL_Blue_SIM_06,Blue,60.000000,acceleration_mag,0.884285
TRIAL_Blue_SIM_06,Blue,61.000000,acceleration_mag,0.953342
TRIAL_Blue_SIM_06,Blue,62.000000,acceleration_mag,1.001034
TRIAL_Blue_SIM_06,Blue,63.000000,acceleration_mag,1.036518
TRIAL_Blue_SIM_06,Blue,64.000000,acceleration_mag,1.059748
TRIAL_Blue_SIM_06,Blue,65.000000,acceleration_mag,1.061533
TRIAL_Blue_SIM_06,Blue,66.000000,acceleration_mag,1.060589
TRIAL_Blue_SIM_06,Blue,67.000000,acceleration_mag,1.032348
TRIAL_Blue_SIM_06,Blue,68.000000,acceleration_mag,1.004106
TRIAL_Blue_SIM_06,Blue,69.000000,acceleration_mag,0.962131
TRIAL_Blue_SIM_06,Blue,70.000000,acceleration_mag,0.917104
TRIAL_Blue_SIM_06,Blue,71.000000,acceleration_mag,0.875489
TRIAL_Blue_SIM_06,Blue,72.000000,acceleration_mag,0.836716
TRIAL_Blue_SIM_06,Blue,73.000000,acceleration_mag,0.801008
TRIAL_Blue_SIM_06,Blue,74.000000,acceleration_mag,0.773474
TRIAL_Blue_SIM_06,Blue,75.000000,acceleration_mag,0.745939
TRIAL_Blue_SIM_06,Blue,76.000000,acceleration_mag,0.706494
TRIAL_Blue_SIM_06,Blue,77.000000,acceleration_mag,0.667050
TRIAL_Blue_SIM_06,Blue,78.000000,acceleration_mag,0.616122
TRIAL_Blue_SIM_06,Blue,79.000000,acceleration_mag,0.560887
TRIAL_Blue_SIM_06,Blue,80.000000,acceleration_mag,0.504677
TRIAL_Blue_SIM_06,Blue,81.000000,acceleration_mag,0.447297
TRIAL_Blue_SIM_06,Blue,82.000000,acceleration_mag,0.393364
TRIAL_Blue_SIM_06,Blue,83.000000,acceleration_mag,0.354943
TRIAL_Blue_SIM_06,Blue,84.000000,acceleration_mag,0.316521
TRIAL_Blue_SIM_06,Blue,85.000000,acceleration_mag,0.286969
TRIAL_Blue_SIM_06,Blue,86.000000,acceleration_mag,0.258304
TRIAL_Blue_SIM_06,Blue,87.000000,acceleration_mag,0.229102
TRIAL_Blue_SIM_06,Blue,88.000000,acceleration_mag,0.199594
TRIAL_Blue_SIM_06,Blue,89.000000,acceleration_mag,0.173245
TRIAL_Blue_SIM_06,Blue,90.000000,acceleration_mag,0.152428
TRIAL_Blue_SIM_06,Blue,91.000000,acceleration_mag,0.133794
TRIAL_Blue_SIM_06,Blue,92.000000,acceleration_mag,0.137006
TRIAL_Blue_SIM_06,Blue,93.000000,acceleration_mag,0.140217
TRIAL_Blue_SIM_06,Blue,94.000000,acceleration_mag,0.140061
TRIAL_Blue_SIM_06,Blue,95.000000,acceleration_mag,0.139156
TRIAL_Blue_SIM_06,Blue,96.000000,acceleration_mag,0.124700
TRIAL_Blue_SIM_06,Blue,97.000000,acceleration_mag,0.098951
TRIAL_Blue_SIM_06,Blue,98.000000,acceleration_mag,0.077255
TRIAL_Blue_SIM_06,Blue,99.000000,acceleration_mag,0.066369
TRIAL_Blue_SIM_06,Blue,100.000000,acceleration_mag,0.055483
TRIAL_Blue_SIM_06,Blue,0.000000,ax,0.101092
TRIAL_Blue_SIM_06,Blue,1.000000,ax,0.118424
TRIAL_Blue_SIM_06,Blue,2.000000,ax,0.135757
TRIAL_Blue_SIM_06,Blue,3.000000,ax,0.139600
TRIAL_Blue_SIM_06,Blue,4.000000,ax,0.138386
TRIAL_Blue_SIM_06,Blue,5.000000,ax,0.140020
TRIAL_Blue_SIM_06,Blue,6.000000,ax,0.145072
TRIAL_Blue_SIM_06,Blue,7.000000,ax,0.154244
TRIAL_Blue_SIM_06,Blue,8.000000,ax,0.181953
TRIAL_Blue_SIM_06,Blue,9.000000,ax,0.209662
TRIAL_Blue_SIM_06,Blue,10.000000,ax,0.254401
TRIAL_Blue_SIM_06,Blue,11.000000,ax,0.300842
TRIAL_Blue_SIM_06,Blue,12.000000,ax,0.346657
TRIAL_Blue_SIM_06,Blue,13.000000,ax,0.392115
TRIAL_Blue_SIM_06,Blue,14.000000,ax,0.432802
TRIAL_Blue_SIM_06,Blue,15.000000,ax,0.465143
TRIAL_Blue_SIM_06,Blue,16.000000,ax,0.497091
TRIAL_Blue_SIM_06,Blue,17.000000,ax,0.525119
TRIAL_Blue_SIM_06,Blue,18.000000,ax,0.553148
TRIAL_Blue_SIM_06,Blue,19.000000,ax,0.581563
TRIAL_Blue_SIM_06,Blue,20.000000,ax,0.610064
TRIAL_Blue_SIM_06,Blue,21.000000,ax,0.643802
TRIAL_Blue_SIM_06,Blue,22.000000,ax,0.681903
TRIAL_Blue_SIM_06,Blue,23.000000,ax,0.723298
TRIAL_Blue_SIM_06,Blue,24.000000,ax,0.773475
TRIAL_Blue_SIM_06,Blue,25.000000,ax,0.823653
TRIAL_Blue_SIM_06,Blue,26.000000,ax,0.883145
TRIAL_Blue_SIM_06,Blue,27.000000,ax,0.942637
TRIAL_Blue_SIM_06,Blue,28.000000,ax,0.993263
TRIAL_Blue_SIM_06,Blue,29.000000,ax,1.040564
TRIAL_Blue_SIM_06,Blue,30.000000,ax,1.072492
TRIAL_Blue_SIM_06,Blue,31.000000,ax,1.085974
TRIAL_Blue_SIM_06,Blue,32.000000,ax,1.092127
TRIAL_Blue_SIM_06,Blue,33.000000,ax,1.065302
TRIAL_Blue_SIM_06,Blue,34.000000,ax,1.038478
TRIAL_Blue_SIM_06,Blue,35.000000,ax,0.987794
TRIAL_Blue_SIM_06,Blue,36.000000,ax,0.934725
TRIAL_Blue_SIM_06,Blue,37.000000,ax,0.874926
TRIAL_Blue_SIM_06,Blue,38.000000,ax,0.811282
TRIAL_Blue_SIM_06,Blue,39.000000,ax,0.750368
TRIAL_Blue_SIM_06,Blue,40.000000,ax,0.694231
TRIAL_Blue_SIM_06,Blue,41.000000,ax,0.638039
TRIAL_Blue_SIM_06,Blue,42.000000,ax,0.581298
TRIAL_Blue_SIM_06,Blue,43.000000,ax,0.524557
TRIAL_Blue_SIM_06,Blue,44.000000,ax,0.441498
TRIAL_Blue_SIM_06,Blue,45.000000,ax,0.352590
TRIAL_Blue_SIM_06,Blue,46.000000,ax,0.240745
TRIAL_Blue_SIM_06,Blue,47.000000,ax,0.109783
TRIAL_Blue_SIM_06,Blue,48.000000,ax,-0.021581
TRIAL_Blue_SIM_06,Blue,49.000000,ax,-0.154022
TRIAL_Blue_SIM_06,Blue,50.000000,ax,-0.286462
TRIAL_Blue_SIM_06,Blue,51.000000,ax,-0.365548
TRIAL_Blue_SIM_06,Blue,52.000000,ax,-0.444635
TRIAL_Blue_SIM_06,Blue,53.000000,ax,-0.491703
TRIAL_Blue_SIM_06,Blue,54.000000,ax,-0.526763
TRIAL_Blue_SIM_06,Blue,55.000000,ax,-0.566562
TRIAL_Blue_SIM_06,Blue,56.000000,ax,-0.612046
TRIAL_Blue_SIM_06,Blue,57.000000,ax,-0.662207
TRIAL_Blue_SIM_06,Blue,58.000000,ax,-0.733409
TRIAL_Blue_SIM_06,Blue,59.000000,ax,-0.804611
TRIAL_Blue_SIM_06,Blue,60.000000,ax,-0.872798
TRIAL_Blue_SIM_06,Blue,61.000000,ax,-0.940683
TRIAL_Blue_SIM_06,Blue,62.000000,ax,-0.987527
TRIAL_Blue_SIM_06,Blue,63.000000,ax,-1.022347
TRIAL_Blue_SIM_06,Blue,64.000000,ax,-1.045182
TRIAL_Blue_SIM_06,Blue,65.000000,ax,-1.047042
TRIAL_Blue_SIM_06,Blue,66.000000,ax,-1.046234
TRIAL_Blue_SIM_06,Blue,67.000000,ax,-1.018734
TRIAL_Blue_SIM_06,Blue,68.000000,ax,-0.991235
TRIAL_Blue_SIM_06,Blue,69.000000,ax,-0.950196
TRIAL_Blue_SIM_06,Blue,70.000000,ax,-0.906148
TRIAL_Blue_SIM_06,Blue,71.000000,ax,-0.865534
TRIAL_Blue_SIM_06,Blue,72.000000,ax,-0.827781
TRIAL_Blue_SIM_06,Blue,73.000000,ax,-0.792956
TRIAL_Blue_SIM_06,Blue,74.000000,ax,-0.765942
TRIAL_Blue_SIM_06,Blue,75.000000,ax,-0.738928
TRIAL_Blue_SIM_06,Blue,76.000000,ax,-0.699692
TRIAL_Blue_SIM_06,Blue,77.000000,ax,-0.660456
TRIAL_Blue_SIM_06,Blue,78.000000,ax,-0.609862
TRIAL_Blue_SIM_06,Blue,79.000000,ax,-0.555008
TRIAL_Blue_SIM_06,Blue,80.000000,ax,-0.499250
TRIAL_Blue_SIM_06,Blue,81.000000,ax,-0.442405
TRIAL_Blue_SIM_06,Blue,82.000000,ax,-0.389001
TRIAL_Blue_SIM_06,Blue,83.000000,ax,-0.351081
TRIAL_Blue_SIM_06,Blue,84.000000,ax,-0.313161
TRIAL_Blue_SIM_06,Blue,85.000000,ax,-0.283693
TRIAL_Blue_SIM_06,Blue,86.000000,ax,-0.255070
TRIAL_Blue_SIM_06,Blue,87.000000,ax,-0.225619
TRIAL_Blue_SIM_06,Blue,88.000000,ax,-0.195695
TRIAL_Blue_SIM_06,Blue,89.000000,ax,-0.168894
TRIAL_Blue_SIM_06,Blue,90.000000,ax,-0.147560
TRIAL_Blue_SIM_06,Blue,91.000000,ax,-0.128458
TRIAL_Blue_SIM_06,Blue,92.000000,ax,-0.131679
TRIAL_Blue_SIM_06,Blue,93.000000,ax,-0.134900
TRIAL_Blue_SIM_06,Blue,94.000000,ax,-0.135531
TRIAL_Blue_SIM_06,Blue,95.000000,ax,-0.135586
TRIAL_Blue_SIM_06,Blue,96.000000,ax,-0.122068
TRIAL_Blue_SIM_06,Blue,97.000000,ax,-0.097239
TRIAL_Blue_SIM_06,Blue,98.000000,ax,-0.076304
TRIAL_Blue_SIM_06,Blue,99.000000,ax,-0.065754
TRIAL_Blue_SIM_06,Blue,100.000000,ax,-0.055205
TRIAL_Blue_SIM_06,Blue,0.000000,ay,0.000882
TRIAL_Blue_SIM_06,Blue,1.000000,ay,0.001330
TRIAL_Blue_SIM_06,Blue,2.000000,ay,0.001778
TRIAL_Blue_SIM_06,Blue,3.000000,ay,0.002145
TRIAL_Blue_SIM_06,Blue,4.000000,ay,0.002483
TRIAL_Blue_SIM_06,Blue,5.000000,ay,0.002843
TRIAL_Blue_SIM_06,Blue,6.000000,ay,0.003229
TRIAL_Blue_SIM_06,Blue,7.000000,ay,0.003648
TRIAL_Blue_SIM_06,Blue,8.000000,ay,0.004214
TRIAL_Blue_SIM_06,Blue,9.000000,ay,0.004780
TRIAL_Blue_SIM_06,Blue,10.000000,ay,0.005434
TRIAL_Blue_SIM_06,Blue,11.000000,ay,0.006097
TRIAL_Blue_SIM_06,Blue,12.000000,ay,0.006896
TRIAL_Blue_SIM_06,Blue,13.000000,ay,0.007772
TRIAL_Blue_SIM_06,Blue,14.000000,ay,0.008722
TRIAL_Blue_SIM_06,Blue,15.000000,ay,0.009802
TRIAL_Blue_SIM_06,Blue,16.000000,ay,0.010896
TRIAL_Blue_SIM_06,Blue,17.000000,ay,0.012139
TRIAL_Blue_SIM_06,Blue,18.000000,ay,0.013382
TRIAL_Blue_SIM_06,Blue,19.000000,ay,0.014675
TRIAL_Blue_SIM_06,Blue,20.000000,ay,0.015978
TRIAL_Blue_SIM_06,Blue,21.000000,ay,0.017307
TRIAL_Blue_SIM_06,Blue,22.000000,ay,0.018657
TRIAL_Blue_SIM_06,Blue,23.000000,ay,0.020134
TRIAL_Blue_SIM_06,Blue,24.000000,ay,0.021951
TRIAL_Blue_SIM_06,Blue,25.000000,ay,0.023768
TRIAL_Blue_SIM_06,Blue,26.000000,ay,0.026123
TRIAL_Blue_SIM_06,Blue,27.000000,ay,0.028478
TRIAL_Blue_SIM_06,Blue,28.000000,ay,0.030897
TRIAL_Blue_SIM_06,Blue,29.000000,ay,0.033340
TRIAL_Blue_SIM_06,Blue,30.000000,ay,0.035509
TRIAL_Blue_SIM_06,Blue,31.000000,ay,0.037350
TRIAL_Blue_SIM_06,Blue,32.000000,ay,0.038995
TRIAL_Blue_SIM_06,Blue,33.000000,ay,0.039762
TRIAL_Blue_SIM_06,Blue,34.000000,ay,0.040528
TRIAL_Blue_SIM_06,Blue,35.000000,ay,0.040346
TRIAL_Blue_SIM_06,Blue,36.000000,ay,0.040070
TRIAL_Blue_SIM_06,Blue,37.000000,ay,0.039291
TRIAL_Blue_SIM_06,Blue,38.000000,ay,0.038227
TRIAL_Blue_SIM_06,Blue,39.000000,ay,0.037058
TRIAL_Blue_SIM_06,Blue,40.000000,ay,0.035708
TRIAL_Blue_SIM_06,Blue,41.000000,ay,0.034337
TRIAL_Blue_SIM_06,Blue,42.000000,ay,0.032754
TRIAL_Blue_SIM_06,Blue,43.000000,ay,0.031171
TRIAL_Blue_SIM_06,Blue,44.000000,ay,0.028576
TRIAL_Blue_SIM_06,Blue,45.000000,ay,0.025757
TRIAL_Blue_SIM_06,Blue,46.000000,ay,0.022074
TRIAL_Blue_SIM_06,Blue,47.000000,ay,0.017672
TRIAL_Blue_SIM_06,Blue,48.000000,ay,0.013189
TRIAL_Blue_SIM_06,Blue,49.000000,ay,0.008489
TRIAL_Blue_SIM_06,Blue,50.000000,ay,0.003788
TRIAL_Blue_SIM_06,Blue,51.000000,ay,0.000616
TRIAL_Blue_SIM_06,Blue,52.000000,ay,-0.002556
TRIAL_Blue_SIM_06,Blue,53.000000,ay,-0.004681
TRIAL_Blue_SIM_06,Blue,54.000000,ay,-0.006414
TRIAL_Blue_SIM_06,Blue,55.000000,ay,-0.008490
TRIAL_Blue_SIM_06,Blue,56.000000,ay,-0.010977
TRIAL_Blue_SIM_06,Blue,57.000000,ay,-0.013668
TRIAL_Blue_SIM_06,Blue,58.000000,ay,-0.017273
TRIAL_Blue_SIM_06,Blue,59.000000,ay,-0.020878
TRIAL_Blue_SIM_06,Blue,60.000000,ay,-0.024647
TRIAL_Blue_SIM_06,Blue,61.000000,ay,-0.028433
TRIAL_Blue_SIM_06,Blue,62.000000,ay,-0.031461
TRIAL_Blue_SIM_06,Blue,63.000000,ay,-0.034056
TRIAL_Blue_SIM_06,Blue,64.000000,ay,-0.036184
TRIAL_Blue_SIM_06,Blue,65.000000,ay,-0.037494
TRIAL_Blue_SIM_06,Blue,66.000000,ay,-0.038685
TRIAL_Blue_SIM_06,Blue,67.000000,ay,-0.038699
TRIAL_Blue_SIM_06,Blue,68.000000,ay,-0.038713
TRIAL_Blue_SIM_06,Blue,69.000000,ay,-0.037992
TRIAL_Blue_SIM_06,Blue,70.000000,ay,-0.037109
TRIAL_Blue_SIM_06,Blue,71.000000,ay,-0.036335
TRIAL_Blue_SIM_06,Blue,72.000000,ay,-0.035653
TRIAL_Blue_SIM_06,Blue,73.000000,ay,-0.035048
TRIAL_Blue_SIM_06,Blue,74.000000,ay,-0.034648
TRIAL_Blue_SIM_06,Blue,75.000000,ay,-0.034248
TRIAL_Blue_SIM_06,Blue,76.000000,ay,-0.032913
TRIAL_Blue_SIM_06,Blue,77.000000,ay,-0.031577
TRIAL_Blue_SIM_06,Blue,78.000000,ay,-0.029516
TRIAL_Blue_SIM_06,Blue,79.000000,ay,-0.027182
TRIAL_Blue_SIM_06,Blue,80.000000,ay,-0.024721
TRIAL_Blue_SIM_06,Blue,81.000000,ay,-0.022107
TRIAL_Blue_SIM_06,Blue,82.000000,ay,-0.019664
TRIAL_Blue_SIM_06,Blue,83.000000,ay,-0.017987
TRIAL_Blue_SIM_06,Blue,84.000000,ay,-0.016310
TRIAL_Blue_SIM_06,Blue,85.000000,ay,-0.014868
TRIAL_Blue_SIM_06,Blue,86.000000,ay,-0.013450
TRIAL_Blue_SIM_06,Blue,87.000000,ay,-0.011855
TRIAL_Blue_SIM_06,Blue,88.000000,ay,-0.010158
TRIAL_Blue_SIM_06,Blue,89.000000,ay,-0.008634
TRIAL_Blue_SIM_06,Blue,90.000000,ay,-0.007409
TRIAL_Blue_SIM_06,Blue,91.000000,ay,-0.006329
TRIAL_Blue_SIM_06,Blue,92.000000,ay,-0.006703
TRIAL_Blue_SIM_06,Blue,93.000000,ay,-0.007078
TRIAL_Blue_SIM_06,Blue,94.000000,ay,-0.007418
TRIAL_Blue_SIM_06,Blue,95.000000,ay,-0.007750
TRIAL_Blue_SIM_06,Blue,96.000000,ay,-0.007196
TRIAL_Blue_SIM_06,Blue,97.000000,ay,-0.005904
TRIAL_Blue_SIM_06,Blue,98.000000,ay,-0.004815
TRIAL_Blue_SIM_06,Blue,99.000000,ay,-0.004267
TRIAL_Blue_SIM_06,Blue,100.000000,ay,-0.003719
TRIAL_Blue_SIM_06,Blue,0.000000,az,0.017310
TRIAL_Blue_SIM_06,Blue,1.000000,az,0.017233
TRIAL_Blue_SIM_06,Blue,2.000000,az,0.017156
TRIAL_Blue_SIM_06,Blue,3.000000,az,0.014338
TRIAL_Blue_SIM_06,Blue,4.000000,az,0.010491
TRIAL_Blue_SIM_06,Blue,5.000000,az,0.007494
TRIAL_Blue_SIM_06,Blue,6.000000,az,0.005517
TRIAL_Blue_SIM_06,Blue,7.000000,az,0.004640
TRIAL_Blue_SIM_06,Blue,8.000000,az,0.008712
TRIAL_Blue_SIM_06,Blue,9.000000,az,0.012784
TRIAL_Blue_SIM_06,Blue,10.000000,az,0.024578
TRIAL_Blue_SIM_06,Blue,11.000000,az,0.037145
TRIAL_Blue_SIM_06,Blue,12.000000,az,0.048764
TRIAL_Blue_SIM_06,Blue,13.000000,az,0.059842
TRIAL_Blue_SIM_06,Blue,14.000000,az,0.068581
TRIAL_Blue_SIM_06,Blue,15.000000,az,0.073227
TRIAL_Blue_SIM_06,Blue,16.000000,az,0.077587
TRIAL_Blue_SIM_06,Blue,17.000000,az,0.079083
TRIAL_Blue_SIM_06,Blue,18.000000,az,0.080579
TRIAL_Blue_SIM_06,Blue,19.000000,az,0.083209
TRIAL_Blue_SIM_06,Blue,20.000000,az,0.086091
TRIAL_Blue_SIM_06,Blue,21.000000,az,0.092419
TRIAL_Blue_SIM_06,Blue,22.000000,az,0.101618
TRIAL_Blue_SIM_06,Blue,23.000000,az,0.111185
TRIAL_Blue_SIM_06,Blue,24.000000,az,0.121732
TRIAL_Blue_SIM_06,Blue,25.000000,az,0.132278
TRIAL_Blue_SIM_06,Blue,26.000000,az,0.141877
TRIAL_Blue_SIM_06,Blue,27.000000,az,0.151475
TRIAL_Blue_SIM_06,Blue,28.000000,az,0.157356
TRIAL_Blue_SIM_06,Blue,29.000000,az,0.161842
TRIAL_Blue_SIM_06,Blue,30.000000,az,0.162742
TRIAL_Blue_SIM_06,Blue,31.000000,az,0.159339
TRIAL_Blue_SIM_06,Blue,32.000000,az,0.154786
TRIAL_Blue_SIM_06,Blue,33.000000,az,0.145064
TRIAL_Blue_SIM_06,Blue,34.000000,az,0.135342
TRIAL_Blue_SIM_06,Blue,35.000000,az,0.124754
TRIAL_Blue_SIM_06,Blue,36.000000,az,0.114080
TRIAL_Blue_SIM_06,Blue,37.000000,az,0.105630
TRIAL_Blue_SIM_06,Blue,38.000000,az,0.098452
TRIAL_Blue_SIM_06,Blue,39.000000,az,0.093700
TRIAL_Blue_SIM_06,Blue,40.000000,az,0.093194
TRIAL_Blue_SIM_06,Blue,41.000000,az,0.092673
TRIAL_Blue_SIM_06,Blue,42.000000,az,0.092002
TRIAL_Blue_SIM_06,Blue,43.000000,az,0.091332
TRIAL_Blue_SIM_06,Blue,44.000000,az,0.084968
TRIAL_Blue_SIM_06,Blue,45.000000,az,0.077338
TRIAL_Blue_SIM_06,Blue,46.000000,az,0.063383
TRIAL_Blue_SIM_06,Blue,47.000000,az,0.044158
TRIAL_Blue_SIM_06,Blue,48.000000,az,0.023574
TRIAL_Blue_SIM_06,Blue,49.000000,az,-0.000635
TRIAL_Blue_SIM_06,Blue,50.000000,az,-0.024844
TRIAL_Blue_SIM_06,Blue,51.000000,az,-0.040295
TRIAL_Blue_SIM_06,Blue,52.000000,az,-0.055745
TRIAL_Blue_SIM_06,Blue,53.000000,az,-0.066522
TRIAL_Blue_SIM_06,Blue,54.000000,az,-0.075547
TRIAL_Blue_SIM_06,Blue,55.000000,az,-0.083715
TRIAL_Blue_SIM_06,Blue,56.000000,az,-0.090855
TRIAL_Blue_SIM_06,Blue,57.000000,az,-0.099258
TRIAL_Blue_SIM_06,Blue,58.000000,az,-0.113341
TRIAL_Blue_SIM_06,Blue,59.000000,az,-0.127424
TRIAL_Blue_SIM_06,Blue,60.000000,az,-0.139890
TRIAL_Blue_SIM_06,Blue,61.000000,az,-0.152195
TRIAL_Blue_SIM_06,Blue,62.000000,az,-0.160831
TRIAL_Blue_SIM_06,Blue,63.000000,az,-0.167370
TRIAL_Blue_SIM_06,Blue,64.000000,az,-0.171316
TRIAL_Blue_SIM_06,Blue,65.000000,az,-0.170723
TRIAL_Blue_SIM_06,Blue,66.000000,az,-0.169546
TRIAL_Blue_SIM_06,Blue,67.000000,az,-0.162524
TRIAL_Blue_SIM_06,Blue,68.000000,az,-0.155502
TRIAL_Blue_SIM_06,Blue,69.000000,az,-0.146180
TRIAL_Blue_SIM_06,Blue,70.000000,az,-0.136347
TRIAL_Blue_SIM_06,Blue,71.000000,az,-0.126459
TRIAL_Blue_SIM_06,Blue,72.000000,az,-0.116524
TRIAL_Blue_SIM_06,Blue,73.000000,az,-0.107717
TRIAL_Blue_SIM_06,Blue,74.000000,az,-0.101914
TRIAL_Blue_SIM_06,Blue,75.000000,az,-0.096112
TRIAL_Blue_SIM_06,Blue,76.000000,az,-0.092090
TRIAL_Blue_SIM_06,Blue,77.000000,az,-0.088067
TRIAL_Blue_SIM_06,Blue,78.000000,az,-0.082471
TRIAL_Blue_SIM_06,Blue,79.000000,az,-0.076286
TRIAL_Blue_SIM_06,Blue,80.000000,az,-0.069550
TRIAL_Blue_SIM_06,Blue,81.000000,az,-0.062154
TRIAL_Blue_SIM_06,Blue,82.000000,az,-0.055012
TRIAL_Blue_SIM_06,Blue,83.000000,az,-0.049009
TRIAL_Blue_SIM_06,Blue,84.000000,az,-0.043006
TRIAL_Blue_SIM_06,Blue,85.000000,az,-0.040537
TRIAL_Blue_SIM_06,Blue,86.000000,az,-0.038422
TRIAL_Blue_SIM_06,Blue,87.000000,az,-0.037609
TRIAL_Blue_SIM_06,Blue,88.000000,az,-0.037539
TRIAL_Blue_SIM_06,Blue,89.000000,az,-0.037390
TRIAL_Blue_SIM_06,Blue,90.000000,az,-0.037100
TRIAL_Blue_SIM_06,Blue,91.000000,az,-0.036869
TRIAL_Blue_SIM_06,Blue,92.000000,az,-0.037226
TRIAL_Blue_SIM_06,Blue,93.000000,az,-0.037583
TRIAL_Blue_SIM_06,Blue,94.000000,az,-0.034261
TRIAL_Blue_SIM_06,Blue,95.000000,az,-0.030121
TRIAL_Blue_SIM_06,Blue,96.000000,az,-0.024318
TRIAL_Blue_SIM_06,Blue,97.000000,az,-0.017131
TRIAL_Blue_SIM_06,Blue,98.000000,az,-0.010968
TRIAL_Blue_SIM_06,Blue,99.000000,az,-0.007541
TRIAL_Blue_SIM_06,Blue,100.000000,az,-0.004113
TRIAL_Blue_SIM_07,Blue,0.000000,object_area,2619.077666
TRIAL_Blue_SIM_07,Blue,1.000000,object_area,2622.169051
TRIAL_Blue_SIM_07,Blue,2.000000,object_area,2625.260437
TRIAL_Blue_SIM_07,Blue,3.000000,object_area,2631.284777
TRIAL_Blue_SIM_07,Blue,4.000000,object_area,2638.408974
TRIAL_Blue_SIM_07,Blue,5.000000,object_area,2646.067461
TRIAL_Blue_SIM_07,Blue,6.000000,object_area,2654.367096
TRIAL_Blue_SIM_07,Blue,7.000000,object_area,2663.442345
TRIAL_Blue_SIM_07,Blue,8.000000,object_area,2676.007858
TRIAL_Blue_SIM_07,Blue,9.000000,object_area,2688.573372
TRIAL_Blue_SIM_07,Blue,10.000000,object_area,2703.521813
TRIAL_Blue_SIM_07,Blue,11.000000,object_area,2718.708548
TRIAL_Blue_SIM_07,Blue,12.000000,object_area,2736.766366
TRIAL_Blue_SIM_07,Blue,13.000000,object_area,2756.464803
TRIAL_Blue_SIM_07,Blue,14.000000,object_area,2776.944172
TRIAL_Blue_SIM_07,Blue,15.000000,object_area,2798.790172
TRIAL_Blue_SIM_07,Blue,16.000000,object_area,2820.808260
TRIAL_Blue_SIM_07,Blue,17.000000,object_area,2844.547226
TRIAL_Blue_SIM_07,Blue,18.000000,object_area,2868.286191
TRIAL_Blue_SIM_07,Blue,19.000000,object_area,2893.598076
TRIAL_Blue_SIM_07,Blue,20.000000,object_area,2919.259497
TRIAL_Blue_SIM_07,Blue,21.000000,object_area,2946.226013
TRIAL_Blue_SIM_07,Blue,22.000000,object_area,2974.280107
TRIAL_Blue_SIM_07,Blue,23.000000,object_area,3003.437090
TRIAL_Blue_SIM_07,Blue,24.000000,object_area,3035.535110
TRIAL_Blue_SIM_07,Blue,25.000000,object_area,3067.633130
TRIAL_Blue_SIM_07,Blue,26.000000,object_area,3103.421438
TRIAL_Blue_SIM_07,Blue,27.000000,object_area,3139.209745
TRIAL_Blue_SIM_07,Blue,28.000000,object_area,3175.603022
TRIAL_Blue_SIM_07,Blue,29.000000,object_area,3212.223163
TRIAL_Blue_SIM_07,Blue,30.000000,object_area,3249.222857
TRIAL_Blue_SIM_07,Blue,31.000000,object_area,3286.678015
TRIAL_Blue_SIM_07,Blue,32.000000,object_area,3324.031976
TRIAL_Blue_SIM_07,Blue,33.000000,object_area,3360.930548
TRIAL_Blue_SIM_07,Blue,34.000000,object_area,3397.829120
TRIAL_Blue_SIM_07,Blue,35.000000,object_area,3437.539880
TRIAL_Blue_SIM_07,Blue,36.000000,object_area,3477.531859
TRIAL_Blue_SIM_07,Blue,37.000000,object_area,3517.344217
TRIAL_Blue_SIM_07,Blue,38.000000,object_area,3557.053934
TRIAL_Blue_SIM_07,Blue,39.000000,object_area,3597.209028
TRIAL_Blue_SIM_07,Blue,40.000000,object_area,3638.143532
TRIAL_Blue_SIM_07,Blue,41.000000,object_area,3678.953740
TRIAL_Blue_SIM_07,Blue,42.000000,object_area,3718.520996
TRIAL_Blue_SIM_07,Blue,43.000000,object_area,3758.088252
TRIAL_Blue_SIM_07,Blue,44.000000,object_area,3799.803981
TRIAL_Blue_SIM_07,Blue,45.000000,object_area,3841.997150
TRIAL_Blue_SIM_07,Blue,46.000000,object_area,3885.072004
TRIAL_Blue_SIM_07,Blue,47.000000,object_area,3928.881596
TRIAL_Blue_SIM_07,Blue,48.000000,object_area,3973.337644
TRIAL_Blue_SIM_07,Blue,49.000000,object_area,4019.517578
TRIAL_Blue_SIM_07,Blue,50.000000,object_area,4065.697511
TRIAL_Blue_SIM_07,Blue,51.000000,object_area,4110.810412
TRIAL_Blue_SIM_07,Blue,52.000000,object_area,4155.923313
TRIAL_Blue_SIM_07,Blue,53.000000,object_area,4199.669767
TRIAL_Blue_SIM_07,Blue,54.000000,object_area,4242.903803
TRIAL_Blue_SIM_07,Blue,55.000000,object_area,4285.623330
TRIAL_Blue_SIM_07,Blue,56.000000,object_area,4327.725446
TRIAL_Blue_SIM_07,Blue,57.000000,object_area,4369.750426
TRIAL_Blue_SIM_07,Blue,58.000000,object_area,4411.428295
TRIAL_Blue_SIM_07,Blue,59.000000,object_area,4453.106163
TRIAL_Blue_SIM_07,Blue,60.000000,object_area,4496.264455
TRIAL_Blue_SIM_07,Blue,61.000000,object_area,4539.570789
TRIAL_Blue_SIM_07,Blue,62.000000,object_area,4581.192273
TRIAL_Blue_SIM_07,Blue,63.000000,object_area,4621.850987
TRIAL_Blue_SIM_07,Blue,64.000000,object_area,4661.926168
TRIAL_Blue_SIM_07,Blue,65.000000,object_area,4700.980170
TRIAL_Blue_SIM_07,Blue,66.000000,object_area,4739.597953
TRIAL_Blue_SIM_07,Blue,67.000000,object_area,4773.853553
TRIAL_Blue_SIM_07,Blue,68.000000,object_area,4808.109153
TRIAL_Blue_SIM_07,Blue,69.000000,object_area,4843.710215
TRIAL_Blue_SIM_07,Blue,70.000000,object_area,4879.610268
TRIAL_Blue_SIM_07,Blue,71.000000,object_area,4915.129519
TRIAL_Blue_SIM_07,Blue,72.000000,object_area,4950.331436
TRIAL_Blue_SIM_07,Blue,73.000000,object_area,4986.122598
TRIAL_Blue_SIM_07,Blue,74.000000,object_area,5023.485080
TRIAL_Blue_SIM_07,Blue,75.000000,object_area,5060.847563
TRIAL_Blue_SIM_07,Blue,76.000000,object_area,5093.640729
TRIAL_Blue_SIM_07,Blue,77.000000,object_area,5126.433894
TRIAL_Blue_SIM_07,Blue,78.000000,object_area,5158.168895
TRIAL_Blue_SIM_07,Blue,79.000000,object_area,5189.507083
TRIAL_Blue_SIM_07,Blue,80.000000,object_area,5218.265507
TRIAL_Blue_SIM_07,Blue,81.000000,object_area,5243.928214
TRIAL_Blue_SIM_07,Blue,82.000000,object_area,5269.456408
TRIAL_Blue_SIM_07,Blue,83.000000,object_area,5294.379290
TRIAL_Blue_SIM_07,Blue,84.000000,object_area,5319.302172
TRIAL_Blue_SIM_07,Blue,85.000000,object_area,5340.538566
TRIAL_Blue_SIM_07,Blue,86.000000,object_area,5361.406310
TRIAL_Blue_SIM_07,Blue,87.000000,object_area,5381.866358
TRIAL_Blue_SIM_07,Blue,88.000000,object_area,5402.093437
TRIAL_Blue_SIM_07,Blue,89.000000,object_area,5420.867142
TRIAL_Blue_SIM_07,Blue,90.000000,object_area,5437.097443
TRIAL_Blue_SIM_07,Blue,91.000000,object_area,5453.014098
TRIAL_Blue_SIM_07,Blue,92.000000,object_area,5465.794285
TRIAL_Blue_SIM_07,Blue,93.000000,object_area,5478.574473
TRIAL_Blue_SIM_07,Blue,94.000000,object_area,5487.090806
TRIAL_Blue_SIM_07,Blue,95.000000,object_area,5494.659617
TRIAL_Blue_SIM_07,Blue,96.000000,object_area,5500.424531
TRIAL_Blue_SIM_07,Blue,97.000000,object_area,5504.686197
TRIAL_Blue_SIM_07,Blue,98.000000,object_area,5508.119986
TRIAL_Blue_SIM_07,Blue,99.000000,object_area,5509.346103
TRIAL_Blue_SIM_07,Blue,100.000000,object_area,5510.572221
TRIAL_Blue_SIM_07,Blue,0.000000,finger_width,20.753885
TRIAL_Blue_SIM_07,Blue,1.000000,finger_width,21.467434
TRIAL_Blue_SIM_07,Blue,2.000000,finger_width,22.180983
TRIAL_Blue_SIM_07,Blue,3.000000,finger_width,23.608400
TRIAL_Blue_SIM_07,Blue,4.000000,finger_width,25.303518
TRIAL_Blue_SIM_07,Blue,5.000000,finger_width,27.245422
TRIAL_Blue_SIM_07,Blue,6.000000,finger_width,29.483469
TRIAL_Blue_SIM_07,Blue,7.000000,finger_width,31.821593
TRIAL_Blue_SIM_07,Blue,8.000000,finger_width,34.610057
TRIAL_Blue_SIM_07,Blue,9.000000,finger_width,37.398521
TRIAL_Blue_SIM_07,Blue,10.000000,finger_width,40.497453
TRIAL_Blue_SIM_07,Blue,11.000000,finger_width,43.627432
TRIAL_Blue_SIM_07,Blue,12.000000,finger_width,47.320400
TRIAL_Blue_SIM_07,Blue,13.000000,finger_width,51.335077
TRIAL_Blue_SIM_07,Blue,14.000000,finger_width,55.443574
TRIAL_Blue_SIM_07,Blue,15.000000,finger_width,59.716256
TRIAL_Blue_SIM_07,Blue,16.000000,finger_width,64.018139
TRIAL_Blue_SIM_07,Blue,17.000000,finger_width,68.612031
TRIAL_Blue_SIM_07,Blue,18.000000,finger_width,73.205924
TRIAL_Blue_SIM_07,Blue,19.000000,finger_width,77.834389
TRIAL_Blue_SIM_07,Blue,20.000000,finger_width,82.470536
TRIAL_Blue_SIM_07,Blue,21.000000,finger_width,87.295019
TRIAL_Blue_SIM_07,Blue,22.000000,finger_width,92.276448
TRIAL_Blue_SIM_07,Blue,23.000000,finger_width,97.281439
TRIAL_Blue_SIM_07,Blue,24.000000,finger_width,102.349265
TRIAL_Blue_SIM_07,Blue,25.000000,finger_width,107.417090
TRIAL_Blue_SIM_07,Blue,26.000000,finger_width,112.578998
TRIAL_Blue_SIM_07,Blue,27.000000,finger_width,117.740907
TRIAL_Blue_SIM_07,Blue,28.000000,finger_width,122.741723
TRIAL_Blue_SIM_07,Blue,29.000000,finger_width,127.682130
TRIAL_Blue_SIM_07,Blue,30.000000,finger_width,132.611555
TRIAL_Blue_SIM_07,Blue,31.000000,finger_width,137.527801
TRIAL_Blue_SIM_07,Blue,32.000000,finger_width,142.356987
TRIAL_Blue_SIM_07,Blue,33.000000,finger_width,146.794396
TRIAL_Blue_SIM_07,Blue,34.000000,finger_width,151.231806
TRIAL_Blue_SIM_07,Blue,35.000000,finger_width,155.251554
TRIAL_Blue_SIM_07,Blue,36.000000,finger_width,159.229535
TRIAL_Blue_SIM_07,Blue,37.000000,finger_width,162.833377
TRIAL_Blue_SIM_07,Blue,38.000000,finger_width,166.223425
TRIAL_Blue_SIM_07,Blue,39.000000,finger_width,169.433772
TRIAL_Blue_SIM_07,Blue,40.000000,finger_width,172.329642
TRIAL_Blue_SIM_07,Blue,41.000000,finger_width,175.167017
TRIAL_Blue_SIM_07,Blue,42.000000,finger_width,177.419442
TRIAL_Blue_SIM_07,Blue,43.000000,finger_width,179.671867
TRIAL_Blue_SIM_07,Blue,44.000000,finger_width,181.212905
TRIAL_Blue_SIM_07,Blue,45.000000,finger_width,182.595857
TRIAL_Blue_SIM_07,Blue,46.000000,finger_width,183.440807
TRIAL_Blue_SIM_07,Blue,47.000000,finger_width,183.837422
TRIAL_Blue_SIM_07,Blue,48.000000,finger_width,183.947833
TRIAL_Blue_SIM_07,Blue,49.000000,finger_width,183.295033
TRIAL_Blue_SIM_07,Blue,50.000000,finger_width,182.642233
TRIAL_Blue_SIM_07,Blue,51.000000,finger_width,181.073433
TRIAL_Blue_SIM_07,Blue,52.000000,finger_width,179.504633
TRIAL_Blue_SIM_07,Blue,53.000000,finger_width,177.287527
TRIAL_Blue_SIM_07,Blue,54.000000,finger_width,174.827307
TRIAL_Blue_SIM_07,Blue,55.000000,finger_width,172.047386
TRIAL_Blue_SIM_07,Blue,56.000000,finger_width,168.883826
TRIAL_Blue_SIM_07,Blue,57.000000,finger_width,165.640969
TRIAL_Blue_SIM_07,Blue,58.000000,finger_width,162.041279
TRIAL_Blue_SIM_07,Blue,59.000000,finger_width,158.441589
TRIAL_Blue_SIM_07,Blue,60.000000,finger_width,154.724299
TRIAL_Blue_SIM_07,Blue,61.000000,finger_width,150.995249
TRIAL_Blue_SIM_07,Blue,62.000000,finger_width,147.401548
TRIAL_Blue_SIM_07,Blue,63.000000,finger_width,143.885189
TRIAL_Blue_SIM_07,Blue,64.000000,finger_width,140.388378
TRIAL_Blue_SIM_07,Blue,65.000000,finger_width,136.925774
TRIAL_Blue_SIM_07,Blue,66.000000,finger_width,133.481265
TRIAL_Blue_SIM_07,Blue,67.000000,finger_width,130.217695
TRIAL_Blue_SIM_07,Blue,68.000000,finger_width,126.954125
TRIAL_Blue_SIM_07,Blue,69.000000,finger_width,123.788783
TRIAL_Blue_SIM_07,Blue,70.000000,finger_width,120.645270
TRIAL_Blue_SIM_07,Blue,71.000000,finger_width,117.719416
TRIAL_Blue_SIM_07,Blue,72.000000,finger_width,114.974944
TRIAL_Blue_SIM_07,Blue,73.000000,finger_width,112.382957
TRIAL_Blue_SIM_07,Blue,74.000000,finger_width,110.197596
TRIAL_Blue_SIM_07,Blue,75.000000,finger_width,108.012235
TRIAL_Blue_SIM_07,Blue,76.000000,finger_width,106.257724
TRIAL_Blue_SIM_07,Blue,77.000000,finger_width,104.503214
TRIAL_Blue_SIM_07,Blue,78.000000,finger_width,103.598656
TRIAL_Blue_SIM_07,Blue,79.000000,finger_width,103.012831
TRIAL_Blue_SIM_07,Blue,80.000000,finger_width,102.559070
TRIAL_Blue_SIM_07,Blue,81.000000,finger_width,102.263786
TRIAL_Blue_SIM_07,Blue,82.000000,finger_width,102.079185
TRIAL_Blue_SIM_07,Blue,83.000000,finger_width,102.392658
TRIAL_Blue_SIM_07,Blue,84.000000,finger_width,102.706131
TRIAL_Blue_SIM_07,Blue,85.000000,finger_width,102.759817
TRIAL_Blue_SIM_07,Blue,86.000000,finger_width,102.787523
TRIAL_Blue_SIM_07,Blue,87.000000,finger_width,102.990763
TRIAL_Blue_SIM_07,Blue,88.000000,finger_width,103.294307
TRIAL_Blue_SIM_07,Blue,89.000000,finger_width,103.525175
TRIAL_Blue_SIM_07,Blue,90.000000,finger_width,103.628857
TRIAL_Blue_SIM_07,Blue,91.000000,finger_width,103.743257
TRIAL_Blue_SIM_07,Blue,92.000000,finger_width,103.964838
TRIAL_Blue_SIM_07,Blue,93.000000,finger_width,104.186419
TRIAL_Blue_SIM_07,Blue,94.000000,finger_width,104.267260
TRIAL_Blue_SIM_07,Blue,95.000000,finger_width,104.316825
TRIAL_Blue_SIM_07,Blue,96.000000,finger_width,104.369334
TRIAL_Blue_SIM_07,Blue,97.000000,finger_width,104.424297
TRIAL_Blue_SIM_07,Blue,98.000000,finger_width,104.492129
TRIAL_Blue_SIM_07,Blue,99.000000,finger_width,104.594284
TRIAL_Blue_SIM_07,Blue,100.000000,finger_width,104.696439
TRIAL_Blue_SIM_07,Blue,0.000000,velocity,0.011365
TRIAL_Blue_SIM_07,Blue,1.000000,velocity,0.013200
TRIAL_Blue_SIM_07,Blue,2.000000,velocity,0.015035
TRIAL_Blue_SIM_07,Blue,3.000000,velocity,0.017697
TRIAL_Blue_SIM_07,Blue,4.000000,velocity,0.020669
TRIAL_Blue_SIM_07,Blue,5.000000,velocity,0.024217
TRIAL_Blue_SIM_07,Blue,6.000000,velocity,0.028456
TRIAL_Blue_SIM_07,Blue,7.000000,velocity,0.032690
TRIAL_Blue_SIM_07,Blue,8.000000,velocity,0.036902
TRIAL_Blue_SIM_07,Blue,9.000000,velocity,0.041115
TRIAL_Blue_SIM_07,Blue,10.000000,velocity,0.045799
TRIAL_Blue_SIM_07,Blue,11.000000,velocity,0.050530
TRIAL_Blue_SIM_07,Blue,12.000000,velocity,0.055934
TRIAL_Blue_SIM_07,Blue,13.000000,velocity,0.061724
TRIAL_Blue_SIM_07,Blue,14.000000,velocity,0.068522
TRIAL_Blue_SIM_07,Blue,15.000000,velocity,0.077084
TRIAL_Blue_SIM_07,Blue,16.000000,velocity,0.085802
TRIAL_Blue_SIM_07,Blue,17.000000,velocity,0.096078
TRIAL_Blue_SIM_07,Blue,18.000000,velocity,0.106355
TRIAL_Blue_SIM_07,Blue,19.000000,velocity,0.116677
TRIAL_Blue_SIM_07,Blue,20.000000,velocity,0.127009
TRIAL_Blue_SIM_07,Blue,21.000000,velocity,0.137143
TRIAL_Blue_SIM_07,Blue,22.000000,velocity,0.147111
TRIAL_Blue_SIM_07,Blue,23.000000,velocity,0.157337
TRIAL_Blue_SIM_07,Blue,24.000000,velocity,0.168252
TRIAL_Blue_SIM_07,Blue,25.000000,velocity,0.179167
TRIAL_Blue_SIM_07,Blue,26.000000,velocity,0.191716
TRIAL_Blue_SIM_07,Blue,27.000000,velocity,0.204265
TRIAL_Blue_SIM_07,Blue,28.000000,velocity,0.217623
TRIAL_Blue_SIM_07,Blue,29.000000,velocity,0.231284
TRIAL_Blue_SIM_07,Blue,30.000000,velocity,0.244781
TRIAL_Blue_SIM_07,Blue,31.000000,velocity,0.258081
TRIAL_Blue_SIM_07,Blue,32.000000,velocity,0.271253
TRIAL_Blue_SIM_07,Blue,33.000000,velocity,0.283846
TRIAL_Blue_SIM_07,Blue,34.000000,velocity,0.296440
TRIAL_Blue_SIM_07,Blue,35.000000,velocity,0.308047
TRIAL_Blue_SIM_07,Blue,36.000000,velocity,0.319556
TRIAL_Blue_SIM_07,Blue,37.000000,velocity,0.330107
TRIAL_Blue_SIM_07,Blue,38.000000,velocity,0.340110
TRIAL_Blue_SIM_07,Blue,39.000000,velocity,0.349675
TRIAL_Blue_SIM_07,Blue,40.000000,velocity,0.358471
TRIAL_Blue_SIM_07,Blue,41.000000,velocity,0.367120
TRIAL_Blue_SIM_07,Blue,42.000000,velocity,0.374292
TRIAL_Blue_SIM_07,Blue,43.000000,velocity,0.381465
TRIAL_Blue_SIM_07,Blue,44.000000,velocity,0.387167
TRIAL_Blue_SIM_07,Blue,45.000000,velocity,0.392543
TRIAL_Blue_SIM_07,Blue,46.000000,velocity,0.396501
TRIAL_Blue_SIM_07,Blue,47.000000,velocity,0.399278
TRIAL_Blue_SIM_07,Blue,48.000000,velocity,0.401253
TRIAL_Blue_SIM_07,Blue,49.000000,velocity,0.401093
TRIAL_Blue_SIM_07,Blue,50.000000,velocity,0.400933
TRIAL_Blue_SIM_07,Blue,51.000000,velocity,0.398598
TRIAL_Blue_SIM_07,Blue,52.000000,velocity,0.396263
TRIAL_Blue_SIM_07,Blue,53.000000,velocity,0.392733
TRIAL_Blue_SIM_07,Blue,54.000000,velocity,0.388755
TRIAL_Blue_SIM_07,Blue,55.000000,velocity,0.383812
TRIAL_Blue_SIM_07,Blue,56.000000,velocity,0.377711
TRIAL_Blue_SIM_07,Blue,57.000000,velocity,0.371154
TRIAL_Blue_SIM_07,Blue,58.000000,velocity,0.362538
TRIAL_Blue_SIM_07,Blue,59.000000,velocity,0.353922
TRIAL_Blue_SIM_07,Blue,60.000000,velocity,0.342536
TRIAL_Blue_SIM_07,Blue,61.000000,velocity,0.330872
TRIAL_Blue_SIM_07,Blue,62.000000,velocity,0.318577
TRIAL_Blue_SIM_07,Blue,63.000000,velocity,0.305919
TRIAL_Blue_SIM_07,Blue,64.000000,velocity,0.293183
TRIAL_Blue_SIM_07,Blue,65.000000,velocity,0.280308
TRIAL_Blue_SIM_07,Blue,66.000000,velocity,0.267484
TRIAL_Blue_SIM_07,Blue,67.000000,velocity,0.255171
TRIAL_Blue_SIM_07,Blue,68.000000,velocity,0.242858
TRIAL_Blue_SIM_07,Blue,69.000000,velocity,0.230580
TRIAL_Blue_SIM_07,Blue,70.000000,velocity,0.218309
TRIAL_Blue_SIM_07,Blue,71.000000,velocity,0.206106
TRIAL_Blue_SIM_07,Blue,72.000000,velocity,0.193958
TRIAL_Blue_SIM_07,Blue,73.000000,velocity,0.181908
TRIAL_Blue_SIM_07,Blue,74.000000,velocity,0.170121
TRIAL_Blue_SIM_07,Blue,75.000000,velocity,0.158334
TRIAL_Blue_SIM_07,Blue,76.000000,velocity,0.147688
TRIAL_Blue_SIM_07,Blue,77.000000,velocity,0.137042
TRIAL_Blue_SIM_07,Blue,78.000000,velocity,0.127031
TRIAL_Blue_SIM_07,Blue,79.000000,velocity,0.117259
TRIAL_Blue_SIM_07,Blue,80.000000,velocity,0.107985
TRIAL_Blue_SIM_07,Blue,81.000000,velocity,0.099307
TRIAL_Blue_SIM_07,Blue,82.000000,velocity,0.090757
TRIAL_Blue_SIM_07,Blue,83.000000,velocity,0.082785
TRIAL_Blue_SIM_07,Blue,84.000000,velocity,0.074812
TRIAL_Blue_SIM_07,Blue,85.000000,velocity,0.067772
TRIAL_Blue_SIM_07,Blue,86.000000,velocity,0.060825
TRIAL_Blue_SIM_07,Blue,87.000000,velocity,0.054880
TRIAL_Blue_SIM_07,Blue,88.000000,velocity,0.049507
TRIAL_Blue_SIM_07,Blue,89.000000,velocity,0.044459
TRIAL_Blue_SIM_07,Blue,90.000000,velocity,0.039981
TRIAL_Blue_SIM_07,Blue,91.000000,velocity,0.035598
TRIAL_Blue_SIM_07,Blue,92.000000,velocity,0.032181
TRIAL_Blue_SIM_07,Blue,93.000000,velocity,0.028764
TRIAL_Blue_SIM_07,Blue,94.000000,velocity,0.022724
TRIAL_Blue_SIM_07,Blue,95.000000,velocity,0.016100
TRIAL_Blue_SIM_07,Blue,96.000000,velocity,0.011105
TRIAL_Blue_SIM_07,Blue,97.000000,velocity,0.007469
TRIAL_Blue_SIM_07,Blue,98.000000,velocity,0.004299
TRIAL_Blue_SIM_07,Blue,99.000000,velocity,0.002376
TRIAL_Blue_SIM_07,Blue,100.000000,velocity,0.000452
TRIAL_Blue_SIM_07,Blue,0.000000,acceleration_mag,0.205951
TRIAL_Blue_SIM_07,Blue,1.000000,acceleration_mag,0.183730
TRIAL_Blue_SIM_07,Blue,2.000000,acceleration_mag,0.161509
TRIAL_Blue_SIM_07,Blue,3.000000,acceleration_mag,0.184937
TRIAL_Blue_SIM_07,Blue,4.000000,acceleration_mag,0.225482
TRIAL_Blue_SIM_07,Blue,5.000000,acceleration_mag,0.258654
TRIAL_Blue_SIM_07,Blue,6.000000,acceleration_mag,0.282979
TRIAL_Blue_SIM_07,Blue,7.000000,acceleration_mag,0.304863
TRIAL_Blue_SIM_07,Blue,8.000000,acceleration_mag,0.315764
TRIAL_Blue_SIM_07,Blue,9.000000,acceleration_mag,0.326664
TRIAL_Blue_SIM_07,Blue,10.000000,acceleration_mag,0.348327
TRIAL_Blue_SIM_07,Blue,11.000000,acceleration_mag,0.371065
TRIAL_Blue_SIM_07,Blue,12.000000,acceleration_mag,0.414070
TRIAL_Blue_SIM_07,Blue,13.000000,acceleration_mag,0.468657
TRIAL_Blue_SIM_07,Blue,14.000000,acceleration_mag,0.525985
TRIAL_Blue_SIM_07,Blue,15.000000,acceleration_mag,0.588111
TRIAL_Blue_SIM_07,Blue,16.000000,acceleration_mag,0.647001
TRIAL_Blue_SIM_07,Blue,17.000000,acceleration_mag,0.673519
TRIAL_Blue_SIM_07,Blue,18.000000,acceleration_mag,0.700038
TRIAL_Blue_SIM_07,Blue,19.000000,acceleration_mag,0.702074
TRIAL_Blue_SIM_07,Blue,20.000000,acceleration_mag,0.698670
TRIAL_Blue_SIM_07,Blue,21.000000,acceleration_mag,0.703659
TRIAL_Blue_SIM_07,Blue,22.000000,acceleration_mag,0.715642
TRIAL_Blue_SIM_07,Blue,23.000000,acceleration_mag,0.735173
TRIAL_Blue_SIM_07,Blue,24.000000,acceleration_mag,0.774828
TRIAL_Blue_SIM_07,Blue,25.000000,acceleration_mag,0.814484
TRIAL_Blue_SIM_07,Blue,26.000000,acceleration_mag,0.853712
TRIAL_Blue_SIM_07,Blue,27.000000,acceleration_mag,0.892941
TRIAL_Blue_SIM_07,Blue,28.000000,acceleration_mag,0.911457
TRIAL_Blue_SIM_07,Blue,29.000000,acceleration_mag,0.922207
TRIAL_Blue_SIM_07,Blue,30.000000,acceleration_mag,0.919563
TRIAL_Blue_SIM_07,Blue,31.000000,acceleration_mag,0.900845
TRIAL_Blue_SIM_07,Blue,32.000000,acceleration_mag,0.881052
TRIAL_Blue_SIM_07,Blue,33.000000,acceleration_mag,0.856421
TRIAL_Blue_SIM_07,Blue,34.000000,acceleration_mag,0.831789
TRIAL_Blue_SIM_07,Blue,35.000000,acceleration_mag,0.795489
TRIAL_Blue_SIM_07,Blue,36.000000,acceleration_mag,0.758022
TRIAL_Blue_SIM_07,Blue,37.000000,acceleration_mag,0.720974
TRIAL_Blue_SIM_07,Blue,38.000000,acceleration_mag,0.684166
TRIAL_Blue_SIM_07,Blue,39.000000,acceleration_mag,0.644704
TRIAL_Blue_SIM_07,Blue,40.000000,acceleration_mag,0.600599
TRIAL_Blue_SIM_07,Blue,41.000000,acceleration_mag,0.555644
TRIAL_Blue_SIM_07,Blue,42.000000,acceleration_mag,0.502196
TRIAL_Blue_SIM_07,Blue,43.000000,acceleration_mag,0.448748
TRIAL_Blue_SIM_07,Blue,44.000000,acceleration_mag,0.384112
TRIAL_Blue_SIM_07,Blue,45.000000,acceleration_mag,0.316989
TRIAL_Blue_SIM_07,Blue,46.000000,acceleration_mag,0.243681
TRIAL_Blue_SIM_07,Blue,47.000000,acceleration_mag,0.165217
TRIAL_Blue_SIM_07,Blue,48.000000,acceleration_mag,0.104784
TRIAL_Blue_SIM_07,Blue,49.000000,acceleration_mag,0.092431
TRIAL_Blue_SIM_07,Blue,50.000000,acceleration_mag,0.080078
TRIAL_Blue_SIM_07,Blue,51.000000,acceleration_mag,0.134498
TRIAL_Blue_SIM_07,Blue,52.000000,acceleration_mag,0.188918
TRIAL_Blue_SIM_07,Blue,53.000000,acceleration_mag,0.246051
TRIAL_Blue_SIM_07,Blue,54.000000,acceleration_mag,0.304200
TRIAL_Blue_SIM_07,Blue,55.000000,acceleration_mag,0.368141
TRIAL_Blue_SIM_07,Blue,56.000000,acceleration_mag,0.439030
TRIAL_Blue_SIM_07,Blue,57.000000,acceleration_mag,0.512514
TRIAL_Blue_SIM_07,Blue,58.000000,acceleration_mag,0.597672
TRIAL_Blue_SIM_07,Blue,59.000000,acceleration_mag,0.682831
TRIAL_Blue_SIM_07,Blue,60.000000,acceleration_mag,0.745915
TRIAL_Blue_SIM_07,Blue,61.000000,acceleration_mag,0.806792
TRIAL_Blue_SIM_07,Blue,62.000000,acceleration_mag,0.839027
TRIAL_Blue_SIM_07,Blue,63.000000,acceleration_mag,0.854895
TRIAL_Blue_SIM_07,Blue,64.000000,acceleration_mag,0.862675
TRIAL_Blue_SIM_07,Blue,65.000000,acceleration_mag,0.856300
TRIAL_Blue_SIM_07,Blue,66.000000,acceleration_mag,0.849539
TRIAL_Blue_SIM_07,Blue,67.000000,acceleration_mag,0.838919
TRIAL_Blue_SIM_07,Blue,68.000000,acceleration_mag,0.828300
TRIAL_Blue_SIM_07,Blue,69.000000,acceleration_mag,0.826077
TRIAL_Blue_SIM_07,Blue,70.000000,acceleration_mag,0.825720
TRIAL_Blue_SIM_07,Blue,71.000000,acceleration_mag,0.821545
TRIAL_Blue_SIM_07,Blue,72.000000,acceleration_mag,0.814190
TRIAL_Blue_SIM_07,Blue,73.000000,acceleration_mag,0.802691
TRIAL_Blue_SIM_07,Blue,74.000000,acceleration_mag,0.780142
TRIAL_Blue_SIM_07,Blue,75.000000,acceleration_mag,0.757593
TRIAL_Blue_SIM_07,Blue,76.000000,acceleration_mag,0.725651
TRIAL_Blue_SIM_07,Blue,77.000000,acceleration_mag,0.693710
TRIAL_Blue_SIM_07,Blue,78.000000,acceleration_mag,0.662819
TRIAL_Blue_SIM_07,Blue,79.000000,acceleration_mag,0.632322
TRIAL_Blue_SIM_07,Blue,80.000000,acceleration_mag,0.603439
TRIAL_Blue_SIM_07,Blue,81.000000,acceleration_mag,0.576491
TRIAL_Blue_SIM_07,Blue,82.000000,acceleration_mag,0.550109
TRIAL_Blue_SIM_07,Blue,83.000000,acceleration_mag,0.526272
TRIAL_Blue_SIM_07,Blue,84.000000,acceleration_mag,0.502436
TRIAL_Blue_SIM_07,Blue,85.000000,acceleration_mag,0.468533
TRIAL_Blue_SIM_07,Blue,86.000000,acceleration_mag,0.433622
TRIAL_Blue_SIM_07,Blue,87.000000,acceleration_mag,0.398856
TRIAL_Blue_SIM_07,Blue,88.000000,acceleration_mag,0.364172
TRIAL_Blue_SIM_07,Blue,89.000000,acceleration_mag,0.331087
TRIAL_Blue_SIM_07,Blue,90.000000,acceleration_mag,0.300798
TRIAL_Blue_SIM_07,Blue,91.000000,acceleration_mag,0.275806
TRIAL_Blue_SIM_07,Blue,92.000000,acceleration_mag,0.303774
TRIAL_Blue_SIM_07,Blue,93.000000,acceleration_mag,0.331742
TRIAL_Blue_SIM_07,Blue,94.000000,acceleration_mag,0.340497
TRIAL_Blue_SIM_07,Blue,95.000000,acceleration_mag,0.344982
TRIAL_Blue_SIM_07,Blue,96.000000,acceleration_mag,0.310023
TRIAL_Blue_SIM_07,Blue,97.000000,acceleration_mag,0.242194
TRIAL_Blue_SIM_07,Blue,98.000000,acceleration_mag,0.187695
TRIAL_Blue_SIM_07,Blue,99.000000,acceleration_mag,0.168742
TRIAL_Blue_SIM_07,Blue,100.000000,acceleration_mag,0.149789
TRIAL_Blue_SIM_07,Blue,0.000000,ax,0.188476
TRIAL_Blue_SIM_07,Blue,1.000000,ax,0.171171
TRIAL_Blue_SIM_07,Blue,2.000000,ax,0.153866
TRIAL_Blue_SIM_07,Blue,3.000000,ax,0.179927
TRIAL_Blue_SIM_07,Blue,4.000000,ax,0.222250
TRIAL_Blue_SIM_07,Blue,5.000000,ax,0.256737
TRIAL_Blue_SIM_07,Blue,6.000000,ax,0.281819
TRIAL_Blue_SIM_07,Blue,7.000000,ax,0.304349
TRIAL_Blue_SIM_07,Blue,8.000000,ax,0.315397
TRIAL_Blue_SIM_07,Blue,9.000000,ax,0.326446
TRIAL_Blue_SIM_07,Blue,10.000000,ax,0.347993
TRIAL_Blue_SIM_07,Blue,11.000000,ax,0.370591
TRIAL_Blue_SIM_07,Blue,12.000000,ax,0.413054
TRIAL_Blue_SIM_07,Blue,13.000000,ax,0.466870
TRIAL_Blue_SIM_07,Blue,14.000000,ax,0.523039
TRIAL_Blue_SIM_07,Blue,15.000000,ax,0.583326
TRIAL_Blue_SIM_07,Blue,16.000000,ax,0.640515
TRIAL_Blue_SIM_07,Blue,17.000000,ax,0.666734
TRIAL_Blue_SIM_07,Blue,18.000000,ax,0.692952
TRIAL_Blue_SIM_07,Blue,19.000000,ax,0.695243
TRIAL_Blue_SIM_07,Blue,20.000000,ax,0.692217
TRIAL_Blue_SIM_07,Blue,21.000000,ax,0.697725
TRIAL_Blue_SIM_07,Blue,22.000000,ax,0.710347
TRIAL_Blue_SIM_07,Blue,23.000000,ax,0.730282
TRIAL_Blue_SIM_07,Blue,24.000000,ax,0.769720
TRIAL_Blue_SIM_07,Blue,25.000000,ax,0.809158
TRIAL_Blue_SIM_07,Blue,26.000000,ax,0.847526
TRIAL_Blue_SIM_07,Blue,27.000000,ax,0.885895
TRIAL_Blue_SIM_07,Blue,28.000000,ax,0.903995
TRIAL_Blue_SIM_07,Blue,29.000000,ax,0.914496
TRIAL_Blue_SIM_07,Blue,30.000000,ax,0.911481
TRIAL_Blue_SIM_07,Blue,31.000000,ax,0.892249
TRIAL_Blue_SIM_07,Blue,32.000000,ax,0.872187
TRIAL_Blue_SIM_07,Blue,33.000000,ax,0.848392
TRIAL_Blue_SIM_07,Blue,34.000000,ax,0.824597
TRIAL_Blue_SIM_07,Blue,35.000000,ax,0.788999
TRIAL_Blue_SIM_07,Blue,36.000000,ax,0.752221
TRIAL_Blue_SIM_07,Blue,37.000000,ax,0.716073
TRIAL_Blue_SIM_07,Blue,38.000000,ax,0.680286
TRIAL_Blue_SIM_07,Blue,39.000000,ax,0.641512
TRIAL_Blue_SIM_07,Blue,40.000000,ax,0.597513
TRIAL_Blue_SIM_07,Blue,41.000000,ax,0.552663
TRIAL_Blue_SIM_07,Blue,42.000000,ax,0.499317
TRIAL_Blue_SIM_07,Blue,43.000000,ax,0.445970
TRIAL_Blue_SIM_07,Blue,44.000000,ax,0.381623
TRIAL_Blue_SIM_07,Blue,45.000000,ax,0.314832
TRIAL_Blue_SIM_07,Blue,46.000000,ax,0.241403
TRIAL_Blue_SIM_07,Blue,47.000000,ax,0.162442
TRIAL_Blue_SIM_07,Blue,48.000000,ax,0.084644
TRIAL_Blue_SIM_07,Blue,49.000000,ax,0.009949
TRIAL_Blue_SIM_07,Blue,50.000000,ax,-0.064747
TRIAL_Blue_SIM_07,Blue,51.000000,ax,-0.121322
TRIAL_Blue_SIM_07,Blue,52.000000,ax,-0.177897
TRIAL_Blue_SIM_07,Blue,53.000000,ax,-0.236647
TRIAL_Blue_SIM_07,Blue,54.000000,ax,-0.296212
TRIAL_Blue_SIM_07,Blue,55.000000,ax,-0.360915
TRIAL_Blue_SIM_07,Blue,56.000000,ax,-0.431782
TRIAL_Blue_SIM_07,Blue,57.000000,ax,-0.505195
TRIAL_Blue_SIM_07,Blue,58.000000,ax,-0.590058
TRIAL_Blue_SIM_07,Blue,59.000000,ax,-0.674922
TRIAL_Blue_SIM_07,Blue,60.000000,ax,-0.737455
TRIAL_Blue_SIM_07,Blue,61.000000,ax,-0.797754
TRIAL_Blue_SIM_07,Blue,62.000000,ax,-0.829199
TRIAL_Blue_SIM_07,Blue,63.000000,ax,-0.844155
TRIAL_Blue_SIM_07,Blue,64.000000,ax,-0.851229
TRIAL_Blue_SIM_07,Blue,65.000000,ax,-0.844508
TRIAL_Blue_SIM_07,Blue,66.000000,ax,-0.837391
TRIAL_Blue_SIM_07,Blue,67.000000,ax,-0.826317
TRIAL_Blue_SIM_07,Blue,68.000000,ax,-0.815243
TRIAL_Blue_SIM_07,Blue,69.000000,ax,-0.813579
TRIAL_Blue_SIM_07,Blue,70.000000,ax,-0.814007
TRIAL_Blue_SIM_07,Blue,71.000000,ax,-0.810212
TRIAL_Blue_SIM_07,Blue,72.000000,ax,-0.802900
TRIAL_Blue_SIM_07,Blue,73.000000,ax,-0.791496
TRIAL_Blue_SIM_07,Blue,74.000000,ax,-0.769180
TRIAL_Blue_SIM_07,Blue,75.000000,ax,-0.746865
TRIAL_Blue_SIM_07,Blue,76.000000,ax,-0.714628
TRIAL_Blue_SIM_07,Blue,77.000000,ax,-0.682392
TRIAL_Blue_SIM_07,Blue,78.000000,ax,-0.651353
TRIAL_Blue_SIM_07,Blue,79.000000,ax,-0.620764
TRIAL_Blue_SIM_07,Blue,80.000000,ax,-0.591953
TRIAL_Blue_SIM_07,Blue,81.000000,ax,-0.565276
TRIAL_Blue_SIM_07,Blue,82.000000,ax,-0.539321
TRIAL_Blue_SIM_07,Blue,83.000000,ax,-0.516612
TRIAL_Blue_SIM_07,Blue,84.000000,ax,-0.493903
TRIAL_Blue_SIM_07,Blue,85.000000,ax,-0.461684
TRIAL_Blue_SIM_07,Blue,86.000000,ax,-0.428514
TRIAL_Blue_SIM_07,Blue,87.000000,ax,-0.394969
TRIAL_Blue_SIM_07,Blue,88.000000,ax,-0.361210
TRIAL_Blue_SIM_07,Blue,89.000000,ax,-0.328758
TRIAL_Blue_SIM_07,Blue,90.000000,ax,-0.298595
TRIAL_Blue_SIM_07,Blue,91.000000,ax,-0.273573
TRIAL_Blue_SIM_07,Blue,92.000000,ax,-0.299975
TRIAL_Blue_SIM_07,Blue,93.000000,ax,-0.326377
TRIAL_Blue_SIM_07,Blue,94.000000,ax,-0.335146
TRIAL_Blue_SIM_07,Blue,95.000000,ax,-0.339997
TRIAL_Blue_SIM_07,Blue,96.000000,ax,-0.306014
TRIAL_Blue_SIM_07,Blue,97.000000,ax,-0.239670
TRIAL_Blue_SIM_07,Blue,98.000000,ax,-0.186325
TRIAL_Blue_SIM_07,Blue,99.000000,ax,-0.167645
TRIAL_Blue_SIM_07,Blue,100.000000,ax,-0.148964
TRIAL_Blue_SIM_07,Blue,0.000000,ay,-0.021198
TRIAL_Blue_SIM_07,Blue,1.000000,ay,-0.016025
TRIAL_Blue_SIM_07,Blue,2.000000,ay,-0.010853
TRIAL_Blue_SIM_07,Blue,3.000000,ay,-0.007492
TRIAL_Blue_SIM_07,Blue,4.000000,ay,-0.004811
TRIAL_Blue_SIM_07,Blue,5.000000,ay,-0.001911
TRIAL_Blue_SIM_07,Blue,6.000000,ay,0.001251
TRIAL_Blue_SIM_07,Blue,7.000000,ay,0.004205
TRIAL_Blue_SIM_07,Blue,8.000000,ay,0.006226
TRIAL_Blue_SIM_07,Blue,9.000000,ay,0.008246
TRIAL_Blue_SIM_07,Blue,10.000000,ay,0.008013
TRIAL_Blue_SIM_07,Blue,11.000000,ay,0.007554
TRIAL_Blue_SIM_07,Blue,12.000000,ay,0.006123
TRIAL_Blue_SIM_07,Blue,13.000000,ay,0.004138
TRIAL_Blue_SIM_07,Blue,14.000000,ay,0.001589
TRIAL_Blue_SIM_07,Blue,15.000000,ay,-0.001945
TRIAL_Blue_SIM_07,Blue,16.000000,ay,-0.005129
TRIAL_Blue_SIM_07,Blue,17.000000,ay,-0.004816
TRIAL_Blue_SIM_07,Blue,18.000000,ay,-0.004504
TRIAL_Blue_SIM_07,Blue,19.000000,ay,-0.003146
TRIAL_Blue_SIM_07,Blue,20.000000,ay,-0.001557
TRIAL_Blue_SIM_07,Blue,21.000000,ay,0.000598
TRIAL_Blue_SIM_07,Blue,22.000000,ay,0.003224
TRIAL_Blue_SIM_07,Blue,23.000000,ay,0.005400
TRIAL_Blue_SIM_07,Blue,24.000000,ay,0.006375
TRIAL_Blue_SIM_07,Blue,25.000000,ay,0.007350
TRIAL_Blue_SIM_07,Blue,26.000000,ay,0.006719
TRIAL_Blue_SIM_07,Blue,27.000000,ay,0.006089
TRIAL_Blue_SIM_07,Blue,28.000000,ay,0.006338
TRIAL_Blue_SIM_07,Blue,29.000000,ay,0.006918
TRIAL_Blue_SIM_07,Blue,30.000000,ay,0.006984
TRIAL_Blue_SIM_07,Blue,31.000000,ay,0.006433
TRIAL_Blue_SIM_07,Blue,32.000000,ay,0.006431
TRIAL_Blue_SIM_07,Blue,33.000000,ay,0.008892
TRIAL_Blue_SIM_07,Blue,34.000000,ay,0.011353
TRIAL_Blue_SIM_07,Blue,35.000000,ay,0.013257
TRIAL_Blue_SIM_07,Blue,36.000000,ay,0.015104
TRIAL_Blue_SIM_07,Blue,37.000000,ay,0.017738
TRIAL_Blue_SIM_07,Blue,38.000000,ay,0.020821
TRIAL_Blue_SIM_07,Blue,39.000000,ay,0.022699
TRIAL_Blue_SIM_07,Blue,40.000000,ay,0.022469
TRIAL_Blue_SIM_07,Blue,41.000000,ay,0.022196
TRIAL_Blue_SIM_07,Blue,42.000000,ay,0.021509
TRIAL_Blue_SIM_07,Blue,43.000000,ay,0.020821
TRIAL_Blue_SIM_07,Blue,44.000000,ay,0.020367
TRIAL_Blue_SIM_07,Blue,45.000000,ay,0.019966
TRIAL_Blue_SIM_07,Blue,46.000000,ay,0.020669
TRIAL_Blue_SIM_07,Blue,47.000000,ay,0.022292
TRIAL_Blue_SIM_07,Blue,48.000000,ay,0.023568
TRIAL_Blue_SIM_07,Blue,49.000000,ay,0.023918
TRIAL_Blue_SIM_07,Blue,50.000000,ay,0.024268
TRIAL_Blue_SIM_07,Blue,51.000000,ay,0.023911
TRIAL_Blue_SIM_07,Blue,52.000000,ay,0.023554
TRIAL_Blue_SIM_07,Blue,53.000000,ay,0.021691
TRIAL_Blue_SIM_07,Blue,54.000000,ay,0.019263
TRIAL_Blue_SIM_07,Blue,55.000000,ay,0.017054
TRIAL_Blue_SIM_07,Blue,56.000000,ay,0.015110
TRIAL_Blue_SIM_07,Blue,57.000000,ay,0.013072
TRIAL_Blue_SIM_07,Blue,58.000000,ay,0.010605
TRIAL_Blue_SIM_07,Blue,59.000000,ay,0.008139
TRIAL_Blue_SIM_07,Blue,60.000000,ay,0.006509
TRIAL_Blue_SIM_07,Blue,61.000000,ay,0.004962
TRIAL_Blue_SIM_07,Blue,62.000000,ay,0.004626
TRIAL_Blue_SIM_07,Blue,63.000000,ay,0.004981
TRIAL_Blue_SIM_07,Blue,64.000000,ay,0.005169
TRIAL_Blue_SIM_07,Blue,65.000000,ay,0.005065
TRIAL_Blue_SIM_07,Blue,66.000000,ay,0.004988
TRIAL_Blue_SIM_07,Blue,67.000000,ay,0.005183
TRIAL_Blue_SIM_07,Blue,68.000000,ay,0.005378
TRIAL_Blue_SIM_07,Blue,69.000000,ay,0.003531
TRIAL_Blue_SIM_07,Blue,70.000000,ay,0.001230
TRIAL_Blue_SIM_07,Blue,71.000000,ay,-0.000216
TRIAL_Blue_SIM_07,Blue,72.000000,ay,-0.000950
TRIAL_Blue_SIM_07,Blue,73.000000,ay,-0.001614
TRIAL_Blue_SIM_07,Blue,74.000000,ay,-0.002090
TRIAL_Blue_SIM_07,Blue,75.000000,ay,-0.002567
TRIAL_Blue_SIM_07,Blue,76.000000,ay,-0.001697
TRIAL_Blue_SIM_07,Blue,77.000000,ay,-0.000826
TRIAL_Blue_SIM_07,Blue,78.000000,ay,-0.000219
TRIAL_Blue_SIM_07,Blue,79.000000,ay,0.000290
TRIAL_Blue_SIM_07,Blue,80.000000,ay,0.000511
TRIAL_Blue_SIM_07,Blue,81.000000,ay,0.000388
TRIAL_Blue_SIM_07,Blue,82.000000,ay,0.000017
TRIAL_Blue_SIM_07,Blue,83.000000,ay,-0.001471
TRIAL_Blue_SIM_07,Blue,84.000000,ay,-0.002959
TRIAL_Blue_SIM_07,Blue,85.000000,ay,-0.005143
TRIAL_Blue_SIM_07,Blue,86.000000,ay,-0.007396
TRIAL_Blue_SIM_07,Blue,87.000000,ay,-0.008804
TRIAL_Blue_SIM_07,Blue,88.000000,ay,-0.009727
TRIAL_Blue_SIM_07,Blue,89.000000,ay,-0.009959
TRIAL_Blue_SIM_07,Blue,90.000000,ay,-0.008982
TRIAL_Blue_SIM_07,Blue,91.000000,ay,-0.007966
TRIAL_Blue_SIM_07,Blue,92.000000,ay,-0.006566
TRIAL_Blue_SIM_07,Blue,93.000000,ay,-0.005166
TRIAL_Blue_SIM_07,Blue,94.000000,ay,-0.005898
TRIAL_Blue_SIM_07,Blue,95.000000,ay,-0.007104
TRIAL_Blue_SIM_07,Blue,96.000000,ay,-0.007592
TRIAL_Blue_SIM_07,Blue,97.000000,ay,-0.007481
TRIAL_Blue_SIM_07,Blue,98.000000,ay,-0.008117
TRIAL_Blue_SIM_07,Blue,99.000000,ay,-0.010743
TRIAL_Blue_SIM_07,Blue,100.000000,ay,-0.013369
TRIAL_Blue_SIM_07,Blue,0.000000,az,0.080269
TRIAL_Blue_SIM_07,Blue,1.000000,az,0.063777
TRIAL_Blue_SIM_07,Blue,2.000000,az,0.047286
TRIAL_Blue_SIM_07,Blue,3.000000,az,0.039726
TRIAL_Blue_SIM_07,Blue,4.000000,az,0.035516
TRIAL_Blue_SIM_07,Blue,5.000000,az,0.030114
TRIAL_Blue_SIM_07,Blue,6.000000,az,0.023282
TRIAL_Blue_SIM_07,Blue,7.000000,az,0.016914
TRIAL_Blue_SIM_07,Blue,8.000000,az,0.012632
TRIAL_Blue_SIM_07,Blue,9.000000,az,0.008351
TRIAL_Blue_SIM_07,Blue,10.000000,az,0.012196
TRIAL_Blue_SIM_07,Blue,11.000000,az,0.016854
TRIAL_Blue_SIM_07,Blue,12.000000,az,0.026723
TRIAL_Blue_SIM_07,Blue,13.000000,az,0.039568
TRIAL_Blue_SIM_07,Blue,14.000000,az,0.054643
TRIAL_Blue_SIM_07,Blue,15.000000,az,0.073619
TRIAL_Blue_SIM_07,Blue,16.000000,az,0.091233
TRIAL_Blue_SIM_07,Blue,17.000000,az,0.095242
TRIAL_Blue_SIM_07,Blue,18.000000,az,0.099250
TRIAL_Blue_SIM_07,Blue,19.000000,az,0.097599
TRIAL_Blue_SIM_07,Blue,20.000000,az,0.094690
TRIAL_Blue_SIM_07,Blue,21.000000,az,0.090968
TRIAL_Blue_SIM_07,Blue,22.000000,az,0.086567
TRIAL_Blue_SIM_07,Blue,23.000000,az,0.084487
TRIAL_Blue_SIM_07,Blue,24.000000,az,0.088593
TRIAL_Blue_SIM_07,Blue,25.000000,az,0.092699
TRIAL_Blue_SIM_07,Blue,26.000000,az,0.102213
TRIAL_Blue_SIM_07,Blue,27.000000,az,0.111727
TRIAL_Blue_SIM_07,Blue,28.000000,az,0.116210
TRIAL_Blue_SIM_07,Blue,29.000000,az,0.118806
TRIAL_Blue_SIM_07,Blue,30.000000,az,0.121359
TRIAL_Blue_SIM_07,Blue,31.000000,az,0.123862
TRIAL_Blue_SIM_07,Blue,32.000000,az,0.124461
TRIAL_Blue_SIM_07,Blue,33.000000,az,0.116494
TRIAL_Blue_SIM_07,Blue,34.000000,az,0.108528
TRIAL_Blue_SIM_07,Blue,35.000000,az,0.100423
TRIAL_Blue_SIM_07,Blue,36.000000,az,0.092304
TRIAL_Blue_SIM_07,Blue,37.000000,az,0.081455
TRIAL_Blue_SIM_07,Blue,38.000000,az,0.069044
TRIAL_Blue_SIM_07,Blue,39.000000,az,0.059902
TRIAL_Blue_SIM_07,Blue,40.000000,az,0.056478
TRIAL_Blue_SIM_07,Blue,41.000000,az,0.053013
TRIAL_Blue_SIM_07,Blue,42.000000,az,0.049147
TRIAL_Blue_SIM_07,Blue,43.000000,az,0.045280
TRIAL_Blue_SIM_07,Blue,44.000000,az,0.038417
TRIAL_Blue_SIM_07,Blue,45.000000,az,0.030889
TRIAL_Blue_SIM_07,Blue,46.000000,az,0.018270
TRIAL_Blue_SIM_07,Blue,47.000000,az,0.001410
TRIAL_Blue_SIM_07,Blue,48.000000,az,-0.014397
TRIAL_Blue_SIM_07,Blue,49.000000,az,-0.027394
TRIAL_Blue_SIM_07,Blue,50.000000,az,-0.040391
TRIAL_Blue_SIM_07,Blue,51.000000,az,-0.048992
TRIAL_Blue_SIM_07,Blue,52.000000,az,-0.057593
TRIAL_Blue_SIM_07,Blue,53.000000,az,-0.062163
TRIAL_Blue_SIM_07,Blue,54.000000,az,-0.065222
TRIAL_Blue_SIM_07,Blue,55.000000,az,-0.070229
TRIAL_Blue_SIM_07,Blue,56.000000,az,-0.077575
TRIAL_Blue_SIM_07,Blue,57.000000,az,-0.085226
TRIAL_Blue_SIM_07,Blue,58.000000,az,-0.094248
TRIAL_Blue_SIM_07,Blue,59.000000,az,-0.103270
TRIAL_Blue_SIM_07,Blue,60.000000,az,-0.111814
TRIAL_Blue_SIM_07,Blue,61.000000,az,-0.120310
TRIAL_Blue_SIM_07,Blue,62.000000,az,-0.127876
TRIAL_Blue_SIM_07,Blue,63.000000,az,-0.134911
TRIAL_Blue_SIM_07,Blue,64.000000,az,-0.139950
TRIAL_Blue_SIM_07,Blue,65.000000,az,-0.141496
TRIAL_Blue_SIM_07,Blue,66.000000,az,-0.143053
TRIAL_Blue_SIM_07,Blue,67.000000,az,-0.144715
TRIAL_Blue_SIM_07,Blue,68.000000,az,-0.146377
TRIAL_Blue_SIM_07,Blue,69.000000,az,-0.143001
TRIAL_Blue_SIM_07,Blue,70.000000,az,-0.138505
TRIAL_Blue_SIM_07,Blue,71.000000,az,-0.135985
TRIAL_Blue_SIM_07,Blue,72.000000,az,-0.135113
TRIAL_Blue_SIM_07,Blue,73.000000,az,-0.133584
TRIAL_Blue_SIM_07,Blue,74.000000,az,-0.130300
TRIAL_Blue_SIM_07,Blue,75.000000,az,-0.127017
TRIAL_Blue_SIM_07,Blue,76.000000,az,-0.125884
TRIAL_Blue_SIM_07,Blue,77.000000,az,-0.124750
TRIAL_Blue_SIM_07,Blue,78.000000,az,-0.122698
TRIAL_Blue_SIM_07,Blue,79.000000,az,-0.120301
TRIAL_Blue_SIM_07,Blue,80.000000,az,-0.117167
TRIAL_Blue_SIM_07,Blue,81.000000,az,-0.113146
TRIAL_Blue_SIM_07,Blue,82.000000,az,-0.108381
TRIAL_Blue_SIM_07,Blue,83.000000,az,-0.100260
TRIAL_Blue_SIM_07,Blue,84.000000,az,-0.092139
TRIAL_Blue_SIM_07,Blue,85.000000,az,-0.079107
TRIAL_Blue_SIM_07,Blue,86.000000,az,-0.065584
TRIAL_Blue_SIM_07,Blue,87.000000,az,-0.054569
TRIAL_Blue_SIM_07,Blue,88.000000,az,-0.044985
TRIAL_Blue_SIM_07,Blue,89.000000,az,-0.037905
TRIAL_Blue_SIM_07,Blue,90.000000,az,-0.035205
TRIAL_Blue_SIM_07,Blue,91.000000,az,-0.033891
TRIAL_Blue_SIM_07,Blue,92.000000,az,-0.046426
TRIAL_Blue_SIM_07,Blue,93.000000,az,-0.058961
TRIAL_Blue_SIM_07,Blue,94.000000,az,-0.059757
TRIAL_Blue_SIM_07,Blue,95.000000,az,-0.057945
TRIAL_Blue_SIM_07,Blue,96.000000,az,-0.048779
TRIAL_Blue_SIM_07,Blue,97.000000,az,-0.033486
TRIAL_Blue_SIM_07,Blue,98.000000,az,-0.018691
TRIAL_Blue_SIM_07,Blue,99.000000,az,-0.005226
TRIAL_Blue_SIM_07,Blue,100.000000,az,0.008239
TRIAL_Blue_SIM_08,Blue,0.000000,object_area,2644.070990
TRIAL_Blue_SIM_08,Blue,1.000000,object_area,2646.440580
TRIAL_Blue_SIM_08,Blue,2.000000,object_area,2648.810169
TRIAL_Blue_SIM_08,Blue,3.000000,object_area,2655.668464
TRIAL_Blue_SIM_08,Blue,4.000000,object_area,2664.210024
TRIAL_Blue_SIM_08,Blue,5.000000,object_area,2673.407155
TRIAL_Blue_SIM_08,Blue,6.000000,object_area,2683.390972
TRIAL_Blue_SIM_08,Blue,7.000000,object_area,2693.743816
TRIAL_Blue_SIM_08,Blue,8.000000,object_area,2705.757278
TRIAL_Blue_SIM_08,Blue,9.000000,object_area,2717.770741
TRIAL_Blue_SIM_08,Blue,10.000000,object_area,2731.276933
TRIAL_Blue_SIM_08,Blue,11.000000,object_area,2744.932398
TRIAL_Blue_SIM_08,Blue,12.000000,object_area,2760.822496
TRIAL_Blue_SIM_08,Blue,13.000000,object_area,2777.989527
TRIAL_Blue_SIM_08,Blue,14.000000,object_area,2796.638012
TRIAL_Blue_SIM_08,Blue,15.000000,object_area,2817.879043
TRIAL_Blue_SIM_08,Blue,16.000000,object_area,2839.370570
TRIAL_Blue_SIM_08,Blue,17.000000,object_area,2863.367053
TRIAL_Blue_SIM_08,Blue,18.000000,object_area,2887.363537
TRIAL_Blue_SIM_08,Blue,19.000000,object_area,2914.033267
TRIAL_Blue_SIM_08,Blue,20.000000,object_area,2941.297052
TRIAL_Blue_SIM_08,Blue,21.000000,object_area,2969.903050
TRIAL_Blue_SIM_08,Blue,22.000000,object_area,2999.627558
TRIAL_Blue_SIM_08,Blue,23.000000,object_area,3030.177597
TRIAL_Blue_SIM_08,Blue,24.000000,object_area,3062.929054
TRIAL_Blue_SIM_08,Blue,25.000000,object_area,3095.680511
TRIAL_Blue_SIM_08,Blue,26.000000,object_area,3128.079368
TRIAL_Blue_SIM_08,Blue,27.000000,object_area,3160.478224
TRIAL_Blue_SIM_08,Blue,28.000000,object_area,3193.351114
TRIAL_Blue_SIM_08,Blue,29.000000,object_area,3226.401767
TRIAL_Blue_SIM_08,Blue,30.000000,object_area,3260.157121
TRIAL_Blue_SIM_08,Blue,31.000000,object_area,3294.758115
TRIAL_Blue_SIM_08,Blue,32.000000,object_area,3330.148882
TRIAL_Blue_SIM_08,Blue,33.000000,object_area,3369.093631
TRIAL_Blue_SIM_08,Blue,34.000000,object_area,3408.038379
TRIAL_Blue_SIM_08,Blue,35.000000,object_area,3449.003093
TRIAL_Blue_SIM_08,Blue,36.000000,object_area,3490.169803
TRIAL_Blue_SIM_08,Blue,37.000000,object_area,3531.474183
TRIAL_Blue_SIM_08,Blue,38.000000,object_area,3572.857230
TRIAL_Blue_SIM_08,Blue,39.000000,object_area,3613.718231
TRIAL_Blue_SIM_08,Blue,40.000000,object_area,3653.665648
TRIAL_Blue_SIM_08,Blue,41.000000,object_area,3693.610458
TRIAL_Blue_SIM_08,Blue,42.000000,object_area,3733.529196
TRIAL_Blue_SIM_08,Blue,43.000000,object_area,3773.447934
TRIAL_Blue_SIM_08,Blue,44.000000,object_area,3814.303733
TRIAL_Blue_SIM_08,Blue,45.000000,object_area,3855.367769
TRIAL_Blue_SIM_08,Blue,46.000000,object_area,3897.268362
TRIAL_Blue_SIM_08,Blue,47.000000,object_area,3939.866085
TRIAL_Blue_SIM_08,Blue,48.000000,object_area,3982.883344
TRIAL_Blue_SIM_08,Blue,49.000000,object_area,4027.019368
TRIAL_Blue_SIM_08,Blue,50.000000,object_area,4071.155392
TRIAL_Blue_SIM_08,Blue,51.000000,object_area,4115.728301
TRIAL_Blue_SIM_08,Blue,52.000000,object_area,4160.301211
TRIAL_Blue_SIM_08,Blue,53.000000,object_area,4203.185409
TRIAL_Blue_SIM_08,Blue,54.000000,object_area,4245.436340
TRIAL_Blue_SIM_08,Blue,55.000000,object_area,4286.755273
TRIAL_Blue_SIM_08,Blue,56.000000,object_area,4326.955810
TRIAL_Blue_SIM_08,Blue,57.000000,object_area,4366.614219
TRIAL_Blue_SIM_08,Blue,58.000000,object_area,4403.833050
TRIAL_Blue_SIM_08,Blue,59.000000,object_area,4441.051881
TRIAL_Blue_SIM_08,Blue,60.000000,object_area,4480.658865
TRIAL_Blue_SIM_08,Blue,61.000000,object_area,4520.504664
TRIAL_Blue_SIM_08,Blue,62.000000,object_area,4560.612276
TRIAL_Blue_SIM_08,Blue,63.000000,object_area,4600.869494
TRIAL_Blue_SIM_08,Blue,64.000000,object_area,4641.510526
TRIAL_Blue_SIM_08,Blue,65.000000,object_area,4682.823231
TRIAL_Blue_SIM_08,Blue,66.000000,object_area,4723.921386
TRIAL_Blue_SIM_08,Blue,67.000000,object_area,4762.874033
TRIAL_Blue_SIM_08,Blue,68.000000,object_area,4801.826680
TRIAL_Blue_SIM_08,Blue,69.000000,object_area,4838.701654
TRIAL_Blue_SIM_08,Blue,70.000000,object_area,4875.114923
TRIAL_Blue_SIM_08,Blue,71.000000,object_area,4910.883748
TRIAL_Blue_SIM_08,Blue,72.000000,object_area,4946.115535
TRIAL_Blue_SIM_08,Blue,73.000000,object_area,4980.932600
TRIAL_Blue_SIM_08,Blue,74.000000,object_area,5014.643738
TRIAL_Blue_SIM_08,Blue,75.000000,object_area,5048.354876
TRIAL_Blue_SIM_08,Blue,76.000000,object_area,5080.999264
TRIAL_Blue_SIM_08,Blue,77.000000,object_area,5113.643653
TRIAL_Blue_SIM_08,Blue,78.000000,object_area,5144.365264
TRIAL_Blue_SIM_08,Blue,79.000000,object_area,5174.365834
TRIAL_Blue_SIM_08,Blue,80.000000,object_area,5202.775883
TRIAL_Blue_SIM_08,Blue,81.000000,object_area,5229.277307
TRIAL_Blue_SIM_08,Blue,82.000000,object_area,5255.221923
TRIAL_Blue_SIM_08,Blue,83.000000,object_area,5278.660902
TRIAL_Blue_SIM_08,Blue,84.000000,object_area,5302.099882
TRIAL_Blue_SIM_08,Blue,85.000000,object_area,5322.579406
TRIAL_Blue_SIM_08,Blue,86.000000,object_area,5342.762985
TRIAL_Blue_SIM_08,Blue,87.000000,object_area,5360.414658
TRIAL_Blue_SIM_08,Blue,88.000000,object_area,5376.619527
TRIAL_Blue_SIM_08,Blue,89.000000,object_area,5392.198764
TRIAL_Blue_SIM_08,Blue,90.000000,object_area,5406.683142
TRIAL_Blue_SIM_08,Blue,91.000000,object_area,5420.734987
TRIAL_Blue_SIM_08,Blue,92.000000,object_area,5430.461498
TRIAL_Blue_SIM_08,Blue,93.000000,object_area,5440.188009
TRIAL_Blue_SIM_08,Blue,94.000000,object_area,5447.842186
TRIAL_Blue_SIM_08,Blue,95.000000,object_area,5455.035845
TRIAL_Blue_SIM_08,Blue,96.000000,object_area,5459.127733
TRIAL_Blue_SIM_08,Blue,97.000000,object_area,5460.634812
TRIAL_Blue_SIM_08,Blue,98.000000,object_area,5462.219173
TRIAL_Blue_SIM_08,Blue,99.000000,object_area,5464.009620
TRIAL_Blue_SIM_08,Blue,100.000000,object_area,5465.800067
TRIAL_Blue_SIM_08,Blue,0.000000,finger_width,24.094018
TRIAL_Blue_SIM_08,Blue,1.000000,finger_width,24.640990
TRIAL_Blue_SIM_08,Blue,2.000000,finger_width,25.187963
TRIAL_Blue_SIM_08,Blue,3.000000,finger_width,26.329883
TRIAL_Blue_SIM_08,Blue,4.000000,finger_width,27.694908
TRIAL_Blue_SIM_08,Blue,5.000000,finger_width,29.451584
TRIAL_Blue_SIM_08,Blue,6.000000,finger_width,31.678241
TRIAL_Blue_SIM_08,Blue,7.000000,finger_width,34.030926
TRIAL_Blue_SIM_08,Blue,8.000000,finger_width,36.950740
TRIAL_Blue_SIM_08,Blue,9.000000,finger_width,39.870553
TRIAL_Blue_SIM_08,Blue,10.000000,finger_width,43.328743
TRIAL_Blue_SIM_08,Blue,11.000000,finger_width,46.840770
TRIAL_Blue_SIM_08,Blue,12.000000,finger_width,50.867354
TRIAL_Blue_SIM_08,Blue,13.000000,finger_width,55.187970
TRIAL_Blue_SIM_08,Blue,14.000000,finger_width,59.689353
TRIAL_Blue_SIM_08,Blue,15.000000,finger_width,64.507077
TRIAL_Blue_SIM_08,Blue,16.000000,finger_width,69.358699
TRIAL_Blue_SIM_08,Blue,17.000000,finger_width,74.549303
TRIAL_Blue_SIM_08,Blue,18.000000,finger_width,79.739908
TRIAL_Blue_SIM_08,Blue,19.000000,finger_width,84.791068
TRIAL_Blue_SIM_08,Blue,20.000000,finger_width,89.811240
TRIAL_Blue_SIM_08,Blue,21.000000,finger_width,94.861592
TRIAL_Blue_SIM_08,Blue,22.000000,finger_width,99.937093
TRIAL_Blue_SIM_08,Blue,23.000000,finger_width,104.959367
TRIAL_Blue_SIM_08,Blue,24.000000,finger_width,109.839702
TRIAL_Blue_SIM_08,Blue,25.000000,finger_width,114.720037
TRIAL_Blue_SIM_08,Blue,26.000000,finger_width,119.635827
TRIAL_Blue_SIM_08,Blue,27.000000,finger_width,124.551617
TRIAL_Blue_SIM_08,Blue,28.000000,finger_width,129.347981
TRIAL_Blue_SIM_08,Blue,29.000000,finger_width,134.099560
TRIAL_Blue_SIM_08,Blue,30.000000,finger_width,138.848249
TRIAL_Blue_SIM_08,Blue,31.000000,finger_width,143.593469
TRIAL_Blue_SIM_08,Blue,32.000000,finger_width,148.338999
TRIAL_Blue_SIM_08,Blue,33.000000,finger_width,153.085929
TRIAL_Blue_SIM_08,Blue,34.000000,finger_width,157.832859
TRIAL_Blue_SIM_08,Blue,35.000000,finger_width,162.317482
TRIAL_Blue_SIM_08,Blue,36.000000,finger_width,166.775874
TRIAL_Blue_SIM_08,Blue,37.000000,finger_width,170.912182
TRIAL_Blue_SIM_08,Blue,38.000000,finger_width,174.864442
TRIAL_Blue_SIM_08,Blue,39.000000,finger_width,178.475563
TRIAL_Blue_SIM_08,Blue,40.000000,finger_width,181.489689
TRIAL_Blue_SIM_08,Blue,41.000000,finger_width,184.437282
TRIAL_Blue_SIM_08,Blue,42.000000,finger_width,186.719535
TRIAL_Blue_SIM_08,Blue,43.000000,finger_width,189.001788
TRIAL_Blue_SIM_08,Blue,44.000000,finger_width,190.691992
TRIAL_Blue_SIM_08,Blue,45.000000,finger_width,192.250629
TRIAL_Blue_SIM_08,Blue,46.000000,finger_width,193.405052
TRIAL_Blue_SIM_08,Blue,47.000000,finger_width,194.222632
TRIAL_Blue_SIM_08,Blue,48.000000,finger_width,194.706369
TRIAL_Blue_SIM_08,Blue,49.000000,finger_width,194.299859
TRIAL_Blue_SIM_08,Blue,50.000000,finger_width,193.893350
TRIAL_Blue_SIM_08,Blue,51.000000,finger_width,192.090505
TRIAL_Blue_SIM_08,Blue,52.000000,finger_width,190.287661
TRIAL_Blue_SIM_08,Blue,53.000000,finger_width,187.724781
TRIAL_Blue_SIM_08,Blue,54.000000,finger_width,184.876888
TRIAL_Blue_SIM_08,Blue,55.000000,finger_width,181.715327
TRIAL_Blue_SIM_08,Blue,56.000000,finger_width,178.177364
TRIAL_Blue_SIM_08,Blue,57.000000,finger_width,174.530076
TRIAL_Blue_SIM_08,Blue,58.000000,finger_width,170.390826
TRIAL_Blue_SIM_08,Blue,59.000000,finger_width,166.251575
TRIAL_Blue_SIM_08,Blue,60.000000,finger_width,161.662990
TRIAL_Blue_SIM_08,Blue,61.000000,finger_width,157.029470
TRIAL_Blue_SIM_08,Blue,62.000000,finger_width,152.231942
TRIAL_Blue_SIM_08,Blue,63.000000,finger_width,147.340695
TRIAL_Blue_SIM_08,Blue,64.000000,finger_width,142.460507
TRIAL_Blue_SIM_08,Blue,65.000000,finger_width,137.599672
TRIAL_Blue_SIM_08,Blue,66.000000,finger_width,132.785745
TRIAL_Blue_SIM_08,Blue,67.000000,finger_width,128.440899
TRIAL_Blue_SIM_08,Blue,68.000000,finger_width,124.096054
TRIAL_Blue_SIM_08,Blue,69.000000,finger_width,120.458268
TRIAL_Blue_SIM_08,Blue,70.000000,finger_width,116.977607
TRIAL_Blue_SIM_08,Blue,71.000000,finger_width,114.036915
TRIAL_Blue_SIM_08,Blue,72.000000,finger_width,111.546197
TRIAL_Blue_SIM_08,Blue,73.000000,finger_width,109.378523
TRIAL_Blue_SIM_08,Blue,74.000000,finger_width,108.072299
TRIAL_Blue_SIM_08,Blue,75.000000,finger_width,106.766075
TRIAL_Blue_SIM_08,Blue,76.000000,finger_width,106.616690
TRIAL_Blue_SIM_08,Blue,77.000000,finger_width,106.467305
TRIAL_Blue_SIM_08,Blue,78.000000,finger_width,106.542990
TRIAL_Blue_SIM_08,Blue,79.000000,finger_width,106.703075
TRIAL_Blue_SIM_08,Blue,80.000000,finger_width,106.725938
TRIAL_Blue_SIM_08,Blue,81.000000,finger_width,106.584135
TRIAL_Blue_SIM_08,Blue,82.000000,finger_width,106.410737
TRIAL_Blue_SIM_08,Blue,83.000000,finger_width,106.095162
TRIAL_Blue_SIM_08,Blue,84.000000,finger_width,105.779587
TRIAL_Blue_SIM_08,Blue,85.000000,finger_width,105.366742
TRIAL_Blue_SIM_08,Blue,86.000000,finger_width,104.944170
TRIAL_Blue_SIM_08,Blue,87.000000,finger_width,104.767453
TRIAL_Blue_SIM_08,Blue,88.000000,finger_width,104.731225
TRIAL_Blue_SIM_08,Blue,89.000000,finger_width,104.726764
TRIAL_Blue_SIM_08,Blue,90.000000,finger_width,104.777898
TRIAL_Blue_SIM_08,Blue,91.000000,finger_width,104.823399
TRIAL_Blue_SIM_08,Blue,92.000000,finger_width,104.812579
TRIAL_Blue_SIM_08,Blue,93.000000,finger_width,104.801758
TRIAL_Blue_SIM_08,Blue,94.000000,finger_width,104.769456
TRIAL_Blue_SIM_08,Blue,95.000000,finger_width,104.732379
TRIAL_Blue_SIM_08,Blue,96.000000,finger_width,104.795661
TRIAL_Blue_SIM_08,Blue,97.000000,finger_width,104.942575
TRIAL_Blue_SIM_08,Blue,98.000000,finger_width,105.162900
TRIAL_Blue_SIM_08,Blue,99.000000,finger_width,105.578989
TRIAL_Blue_SIM_08,Blue,100.000000,finger_width,105.995078
TRIAL_Blue_SIM_08,Blue,0.000000,velocity,0.026826
TRIAL_Blue_SIM_08,Blue,1.000000,velocity,0.029914
TRIAL_Blue_SIM_08,Blue,2.000000,velocity,0.033003
TRIAL_Blue_SIM_08,Blue,3.000000,velocity,0.036252
TRIAL_Blue_SIM_08,Blue,4.000000,velocity,0.039562
TRIAL_Blue_SIM_08,Blue,5.000000,velocity,0.043988
TRIAL_Blue_SIM_08,Blue,6.000000,velocity,0.049754
TRIAL_Blue_SIM_08,Blue,7.000000,velocity,0.055828
TRIAL_Blue_SIM_08,Blue,8.000000,velocity,0.063287
TRIAL_Blue_SIM_08,Blue,9.000000,velocity,0.070746
TRIAL_Blue_SIM_08,Blue,10.000000,velocity,0.079224
TRIAL_Blue_SIM_08,Blue,11.000000,velocity,0.087803
TRIAL_Blue_SIM_08,Blue,12.000000,velocity,0.096678
TRIAL_Blue_SIM_08,Blue,13.000000,velocity,0.105722
TRIAL_Blue_SIM_08,Blue,14.000000,velocity,0.115007
TRIAL_Blue_SIM_08,Blue,15.000000,velocity,0.124716
TRIAL_Blue_SIM_08,Blue,16.000000,velocity,0.134455
TRIAL_Blue_SIM_08,Blue,17.000000,velocity,0.144494
TRIAL_Blue_SIM_08,Blue,18.000000,velocity,0.154533
TRIAL_Blue_SIM_08,Blue,19.000000,velocity,0.164904
TRIAL_Blue_SIM_08,Blue,20.000000,velocity,0.175350
TRIAL_Blue_SIM_08,Blue,21.000000,velocity,0.186059
TRIAL_Blue_SIM_08,Blue,22.000000,velocity,0.196987
TRIAL_Blue_SIM_08,Blue,23.000000,velocity,0.208116
TRIAL_Blue_SIM_08,Blue,24.000000,velocity,0.219780
TRIAL_Blue_SIM_08,Blue,25.000000,velocity,0.231444
TRIAL_Blue_SIM_08,Blue,26.000000,velocity,0.243181
TRIAL_Blue_SIM_08,Blue,27.000000,velocity,0.254917
TRIAL_Blue_SIM_08,Blue,28.000000,velocity,0.266685
TRIAL_Blue_SIM_08,Blue,29.000000,velocity,0.278465
TRIAL_Blue_SIM_08,Blue,30.000000,velocity,0.289843
TRIAL_Blue_SIM_08,Blue,31.000000,velocity,0.300737
TRIAL_Blue_SIM_08,Blue,32.000000,velocity,0.311421
TRIAL_Blue_SIM_08,Blue,33.000000,velocity,0.321156
TRIAL_Blue_SIM_08,Blue,34.000000,velocity,0.330891
TRIAL_Blue_SIM_08,Blue,35.000000,velocity,0.338205
TRIAL_Blue_SIM_08,Blue,36.000000,velocity,0.345276
TRIAL_Blue_SIM_08,Blue,37.000000,velocity,0.350723
TRIAL_Blue_SIM_08,Blue,38.000000,velocity,0.355242
TRIAL_Blue_SIM_08,Blue,39.000000,velocity,0.359015
TRIAL_Blue_SIM_08,Blue,40.000000,velocity,0.361484
TRIAL_Blue_SIM_08,Blue,41.000000,velocity,0.363775
TRIAL_Blue_SIM_08,Blue,42.000000,velocity,0.364291
TRIAL_Blue_SIM_08,Blue,43.000000,velocity,0.364807
TRIAL_Blue_SIM_08,Blue,44.000000,velocity,0.364753
TRIAL_Blue_SIM_08,Blue,45.000000,velocity,0.364571
TRIAL_Blue_SIM_08,Blue,46.000000,velocity,0.362767
TRIAL_Blue_SIM_08,Blue,47.000000,velocity,0.359609
TRIAL_Blue_SIM_08,Blue,48.000000,velocity,0.355928
TRIAL_Blue_SIM_08,Blue,49.000000,velocity,0.350848
TRIAL_Blue_SIM_08,Blue,50.000000,velocity,0.345768
TRIAL_Blue_SIM_08,Blue,51.000000,velocity,0.337333
TRIAL_Blue_SIM_08,Blue,52.000000,velocity,0.328898
TRIAL_Blue_SIM_08,Blue,53.000000,velocity,0.319919
TRIAL_Blue_SIM_08,Blue,54.000000,velocity,0.310735
TRIAL_Blue_SIM_08,Blue,55.000000,velocity,0.301171
TRIAL_Blue_SIM_08,Blue,56.000000,velocity,0.291152
TRIAL_Blue_SIM_08,Blue,57.000000,velocity,0.281012
TRIAL_Blue_SIM_08,Blue,58.000000,velocity,0.270328
TRIAL_Blue_SIM_08,Blue,59.000000,velocity,0.259644
TRIAL_Blue_SIM_08,Blue,60.000000,velocity,0.247587
TRIAL_Blue_SIM_08,Blue,61.000000,velocity,0.235393
TRIAL_Blue_SIM_08,Blue,62.000000,velocity,0.222388
TRIAL_Blue_SIM_08,Blue,63.000000,velocity,0.208921
TRIAL_Blue_SIM_08,Blue,64.000000,velocity,0.195536
TRIAL_Blue_SIM_08,Blue,65.000000,velocity,0.182297
TRIAL_Blue_SIM_08,Blue,66.000000,velocity,0.169199
TRIAL_Blue_SIM_08,Blue,67.000000,velocity,0.157513
TRIAL_Blue_SIM_08,Blue,68.000000,velocity,0.145828
TRIAL_Blue_SIM_08,Blue,69.000000,velocity,0.135891
TRIAL_Blue_SIM_08,Blue,70.000000,velocity,0.126343
TRIAL_Blue_SIM_08,Blue,71.000000,velocity,0.117891
TRIAL_Blue_SIM_08,Blue,72.000000,velocity,0.110351
TRIAL_Blue_SIM_08,Blue,73.000000,velocity,0.102925
TRIAL_Blue_SIM_08,Blue,74.000000,velocity,0.095803
TRIAL_Blue_SIM_08,Blue,75.000000,velocity,0.088680
TRIAL_Blue_SIM_08,Blue,76.000000,velocity,0.081900
TRIAL_Blue_SIM_08,Blue,77.000000,velocity,0.075121
TRIAL_Blue_SIM_08,Blue,78.000000,velocity,0.067900
TRIAL_Blue_SIM_08,Blue,79.000000,velocity,0.060515
TRIAL_Blue_SIM_08,Blue,80.000000,velocity,0.053486
TRIAL_Blue_SIM_08,Blue,81.000000,velocity,0.046887
TRIAL_Blue_SIM_08,Blue,82.000000,velocity,0.040452
TRIAL_Blue_SIM_08,Blue,83.000000,velocity,0.034753
TRIAL_Blue_SIM_08,Blue,84.000000,velocity,0.029054
TRIAL_Blue_SIM_08,Blue,85.000000,velocity,0.024946
TRIAL_Blue_SIM_08,Blue,86.000000,velocity,0.020998
TRIAL_Blue_SIM_08,Blue,87.000000,velocity,0.018260
TRIAL_Blue_SIM_08,Blue,88.000000,velocity,0.016215
TRIAL_Blue_SIM_08,Blue,89.000000,velocity,0.014535
TRIAL_Blue_SIM_08,Blue,90.000000,velocity,0.013497
TRIAL_Blue_SIM_08,Blue,91.000000,velocity,0.012518
TRIAL_Blue_SIM_08,Blue,92.000000,velocity,0.012131
TRIAL_Blue_SIM_08,Blue,93.000000,velocity,0.011743
TRIAL_Blue_SIM_08,Blue,94.000000,velocity,0.009791
TRIAL_Blue_SIM_08,Blue,95.000000,velocity,0.007490
TRIAL_Blue_SIM_08,Blue,96.000000,velocity,0.005552
TRIAL_Blue_SIM_08,Blue,97.000000,velocity,0.003918
TRIAL_Blue_SIM_08,Blue,98.000000,velocity,0.002435
TRIAL_Blue_SIM_08,Blue,99.000000,velocity,0.001357
TRIAL_Blue_SIM_08,Blue,100.000000,velocity,0.000279
TRIAL_Blue_SIM_08,Blue,0.000000,acceleration_mag,0.466658
TRIAL_Blue_SIM_08,Blue,1.000000,acceleration_mag,0.349959
TRIAL_Blue_SIM_08,Blue,2.000000,acceleration_mag,0.233261
TRIAL_Blue_SIM_08,Blue,3.000000,acceleration_mag,0.231872
TRIAL_Blue_SIM_08,Blue,4.000000,acceleration_mag,0.273724
TRIAL_Blue_SIM_08,Blue,5.000000,acceleration_mag,0.325802
TRIAL_Blue_SIM_08,Blue,6.000000,acceleration_mag,0.390152
TRIAL_Blue_SIM_08,Blue,7.000000,acceleration_mag,0.450702
TRIAL_Blue_SIM_08,Blue,8.000000,acceleration_mag,0.494154
TRIAL_Blue_SIM_08,Blue,9.000000,acceleration_mag,0.537607
TRIAL_Blue_SIM_08,Blue,10.000000,acceleration_mag,0.562276
TRIAL_Blue_SIM_08,Blue,11.000000,acceleration_mag,0.585068
TRIAL_Blue_SIM_08,Blue,12.000000,acceleration_mag,0.604229
TRIAL_Blue_SIM_08,Blue,13.000000,acceleration_mag,0.621315
TRIAL_Blue_SIM_08,Blue,14.000000,acceleration_mag,0.637360
TRIAL_Blue_SIM_08,Blue,15.000000,acceleration_mag,0.651583
TRIAL_Blue_SIM_08,Blue,16.000000,acceleration_mag,0.665761
TRIAL_Blue_SIM_08,Blue,17.000000,acceleration_mag,0.679493
TRIAL_Blue_SIM_08,Blue,18.000000,acceleration_mag,0.693225
TRIAL_Blue_SIM_08,Blue,19.000000,acceleration_mag,0.706679
TRIAL_Blue_SIM_08,Blue,20.000000,acceleration_mag,0.720073
TRIAL_Blue_SIM_08,Blue,21.000000,acceleration_mag,0.737028
TRIAL_Blue_SIM_08,Blue,22.000000,acceleration_mag,0.756950
TRIAL_Blue_SIM_08,Blue,23.000000,acceleration_mag,0.774622
TRIAL_Blue_SIM_08,Blue,24.000000,acceleration_mag,0.786290
TRIAL_Blue_SIM_08,Blue,25.000000,acceleration_mag,0.797959
TRIAL_Blue_SIM_08,Blue,26.000000,acceleration_mag,0.801386
TRIAL_Blue_SIM_08,Blue,27.000000,acceleration_mag,0.804813
TRIAL_Blue_SIM_08,Blue,28.000000,acceleration_mag,0.799201
TRIAL_Blue_SIM_08,Blue,29.000000,acceleration_mag,0.790201
TRIAL_Blue_SIM_08,Blue,30.000000,acceleration_mag,0.772130
TRIAL_Blue_SIM_08,Blue,31.000000,acceleration_mag,0.743174
TRIAL_Blue_SIM_08,Blue,32.000000,acceleration_mag,0.708713
TRIAL_Blue_SIM_08,Blue,33.000000,acceleration_mag,0.649476
TRIAL_Blue_SIM_08,Blue,34.000000,acceleration_mag,0.590240
TRIAL_Blue_SIM_08,Blue,35.000000,acceleration_mag,0.511578
TRIAL_Blue_SIM_08,Blue,36.000000,acceleration_mag,0.430974
TRIAL_Blue_SIM_08,Blue,37.000000,acceleration_mag,0.357895
TRIAL_Blue_SIM_08,Blue,38.000000,acceleration_mag,0.289116
TRIAL_Blue_SIM_08,Blue,39.000000,acceleration_mag,0.226190
TRIAL_Blue_SIM_08,Blue,40.000000,acceleration_mag,0.173506
TRIAL_Blue_SIM_08,Blue,41.000000,acceleration_mag,0.122694
TRIAL_Blue_SIM_08,Blue,42.000000,acceleration_mag,0.090599
TRIAL_Blue_SIM_08,Blue,43.000000,acceleration_mag,0.058504
TRIAL_Blue_SIM_08,Blue,44.000000,acceleration_mag,0.069848
TRIAL_Blue_SIM_08,Blue,45.000000,acceleration_mag,0.090845
TRIAL_Blue_SIM_08,Blue,46.000000,acceleration_mag,0.140406
TRIAL_Blue_SIM_08,Blue,47.000000,acceleration_mag,0.213771
TRIAL_Blue_SIM_08,Blue,48.000000,acceleration_mag,0.289019
TRIAL_Blue_SIM_08,Blue,49.000000,acceleration_mag,0.369285
TRIAL_Blue_SIM_08,Blue,50.000000,acceleration_mag,0.449551
TRIAL_Blue_SIM_08,Blue,51.000000,acceleration_mag,0.513479
TRIAL_Blue_SIM_08,Blue,52.000000,acceleration_mag,0.577407
TRIAL_Blue_SIM_08,Blue,53.000000,acceleration_mag,0.612473
TRIAL_Blue_SIM_08,Blue,54.000000,acceleration_mag,0.636715
TRIAL_Blue_SIM_08,Blue,55.000000,acceleration_mag,0.660682
TRIAL_Blue_SIM_08,Blue,56.000000,acceleration_mag,0.684317
TRIAL_Blue_SIM_08,Blue,57.000000,acceleration_mag,0.709456
TRIAL_Blue_SIM_08,Blue,58.000000,acceleration_mag,0.741362
TRIAL_Blue_SIM_08,Blue,59.000000,acceleration_mag,0.773268
TRIAL_Blue_SIM_08,Blue,60.000000,acceleration_mag,0.814789
TRIAL_Blue_SIM_08,Blue,61.000000,acceleration_mag,0.857273
TRIAL_Blue_SIM_08,Blue,62.000000,acceleration_mag,0.882554
TRIAL_Blue_SIM_08,Blue,63.000000,acceleration_mag,0.898006
TRIAL_Blue_SIM_08,Blue,64.000000,acceleration_mag,0.898867
TRIAL_Blue_SIM_08,Blue,65.000000,acceleration_mag,0.874195
TRIAL_Blue_SIM_08,Blue,66.000000,acceleration_mag,0.846815
TRIAL_Blue_SIM_08,Blue,67.000000,acceleration_mag,0.792364
TRIAL_Blue_SIM_08,Blue,68.000000,acceleration_mag,0.737912
TRIAL_Blue_SIM_08,Blue,69.000000,acceleration_mag,0.676079
TRIAL_Blue_SIM_08,Blue,70.000000,acceleration_mag,0.612605
TRIAL_Blue_SIM_08,Blue,71.000000,acceleration_mag,0.562223
TRIAL_Blue_SIM_08,Blue,72.000000,acceleration_mag,0.522750
TRIAL_Blue_SIM_08,Blue,73.000000,acceleration_mag,0.490116
TRIAL_Blue_SIM_08,Blue,74.000000,acceleration_mag,0.475722
TRIAL_Blue_SIM_08,Blue,75.000000,acceleration_mag,0.461328
TRIAL_Blue_SIM_08,Blue,76.000000,acceleration_mag,0.466199
TRIAL_Blue_SIM_08,Blue,77.000000,acceleration_mag,0.471069
TRIAL_Blue_SIM_08,Blue,78.000000,acceleration_mag,0.472201
TRIAL_Blue_SIM_08,Blue,79.000000,acceleration_mag,0.471932
TRIAL_Blue_SIM_08,Blue,80.000000,acceleration_mag,0.463065
TRIAL_Blue_SIM_08,Blue,81.000000,acceleration_mag,0.443883
TRIAL_Blue_SIM_08,Blue,82.000000,acceleration_mag,0.421928
TRIAL_Blue_SIM_08,Blue,83.000000,acceleration_mag,0.387494
TRIAL_Blue_SIM_08,Blue,84.000000,acceleration_mag,0.353059
TRIAL_Blue_SIM_08,Blue,85.000000,acceleration_mag,0.305656
TRIAL_Blue_SIM_08,Blue,86.000000,acceleration_mag,0.256955
TRIAL_Blue_SIM_08,Blue,87.000000,acceleration_mag,0.209409
TRIAL_Blue_SIM_08,Blue,88.000000,acceleration_mag,0.162521
TRIAL_Blue_SIM_08,Blue,89.000000,acceleration_mag,0.122043
TRIAL_Blue_SIM_08,Blue,90.000000,acceleration_mag,0.092778
TRIAL_Blue_SIM_08,Blue,91.000000,acceleration_mag,0.067521
TRIAL_Blue_SIM_08,Blue,92.000000,acceleration_mag,0.082334
TRIAL_Blue_SIM_08,Blue,93.000000,acceleration_mag,0.097147
TRIAL_Blue_SIM_08,Blue,94.000000,acceleration_mag,0.117121
TRIAL_Blue_SIM_08,Blue,95.000000,acceleration_mag,0.138242
TRIAL_Blue_SIM_08,Blue,96.000000,acceleration_mag,0.138443
TRIAL_Blue_SIM_08,Blue,97.000000,acceleration_mag,0.121212
TRIAL_Blue_SIM_08,Blue,98.000000,acceleration_mag,0.105360
TRIAL_Blue_SIM_08,Blue,99.000000,acceleration_mag,0.093187
TRIAL_Blue_SIM_08,Blue,100.000000,acceleration_mag,0.081015
TRIAL_Blue_SIM_08,Blue,0.000000,ax,0.455059
TRIAL_Blue_SIM_08,Blue,1.000000,ax,0.338375
TRIAL_Blue_SIM_08,Blue,2.000000,ax,0.221691
TRIAL_Blue_SIM_08,Blue,3.000000,ax,0.221359
TRIAL_Blue_SIM_08,Blue,4.000000,ax,0.264659
TRIAL_Blue_SIM_08,Blue,5.000000,ax,0.317665
TRIAL_Blue_SIM_08,Blue,6.000000,ax,0.382320
TRIAL_Blue_SIM_08,Blue,7.000000,ax,0.443106
TRIAL_Blue_SIM_08,Blue,8.000000,ax,0.486483
TRIAL_Blue_SIM_08,Blue,9.000000,ax,0.529861
TRIAL_Blue_SIM_08,Blue,10.000000,ax,0.554028
TRIAL_Blue_SIM_08,Blue,11.000000,ax,0.576274
TRIAL_Blue_SIM_08,Blue,12.000000,ax,0.595153
TRIAL_Blue_SIM_08,Blue,13.000000,ax,0.612108
TRIAL_Blue_SIM_08,Blue,14.000000,ax,0.627934
TRIAL_Blue_SIM_08,Blue,15.000000,ax,0.641787
TRIAL_Blue_SIM_08,Blue,16.000000,ax,0.655689
TRIAL_Blue_SIM_08,Blue,17.000000,ax,0.670083
TRIAL_Blue_SIM_08,Blue,18.000000,ax,0.684476
TRIAL_Blue_SIM_08,Blue,19.000000,ax,0.697952
TRIAL_Blue_SIM_08,Blue,20.000000,ax,0.711225
TRIAL_Blue_SIM_08,Blue,21.000000,ax,0.728248
TRIAL_Blue_SIM_08,Blue,22.000000,ax,0.748397
TRIAL_Blue_SIM_08,Blue,23.000000,ax,0.766169
TRIAL_Blue_SIM_08,Blue,24.000000,ax,0.777603
TRIAL_Blue_SIM_08,Blue,25.000000,ax,0.789036
TRIAL_Blue_SIM_08,Blue,26.000000,ax,0.792866
TRIAL_Blue_SIM_08,Blue,27.000000,ax,0.796696
TRIAL_Blue_SIM_08,Blue,28.000000,ax,0.791863
TRIAL_Blue_SIM_08,Blue,29.000000,ax,0.783780
TRIAL_Blue_SIM_08,Blue,30.000000,ax,0.766505
TRIAL_Blue_SIM_08,Blue,31.000000,ax,0.738200
TRIAL_Blue_SIM_08,Blue,32.000000,ax,0.704325
TRIAL_Blue_SIM_08,Blue,33.000000,ax,0.645388
TRIAL_Blue_SIM_08,Blue,34.000000,ax,0.586450
TRIAL_Blue_SIM_08,Blue,35.000000,ax,0.508174
TRIAL_Blue_SIM_08,Blue,36.000000,ax,0.427963
TRIAL_Blue_SIM_08,Blue,37.000000,ax,0.355494
TRIAL_Blue_SIM_08,Blue,38.000000,ax,0.287448
TRIAL_Blue_SIM_08,Blue,39.000000,ax,0.224999
TRIAL_Blue_SIM_08,Blue,40.000000,ax,0.172344
TRIAL_Blue_SIM_08,Blue,41.000000,ax,0.121056
TRIAL_Blue_SIM_08,Blue,42.000000,ax,0.083442
TRIAL_Blue_SIM_08,Blue,43.000000,ax,0.045827
TRIAL_Blue_SIM_08,Blue,44.000000,ax,-0.004925
TRIAL_Blue_SIM_08,Blue,45.000000,ax,-0.058596
TRIAL_Blue_SIM_08,Blue,46.000000,ax,-0.125076
TRIAL_Blue_SIM_08,Blue,47.000000,ax,-0.202231
TRIAL_Blue_SIM_08,Blue,48.000000,ax,-0.280217
TRIAL_Blue_SIM_08,Blue,49.000000,ax,-0.360422
TRIAL_Blue_SIM_08,Blue,50.000000,ax,-0.440627
TRIAL_Blue_SIM_08,Blue,51.000000,ax,-0.504702
TRIAL_Blue_SIM_08,Blue,52.000000,ax,-0.568778
TRIAL_Blue_SIM_08,Blue,53.000000,ax,-0.603811
TRIAL_Blue_SIM_08,Blue,54.000000,ax,-0.627954
TRIAL_Blue_SIM_08,Blue,55.000000,ax,-0.651903
TRIAL_Blue_SIM_08,Blue,56.000000,ax,-0.675618
TRIAL_Blue_SIM_08,Blue,57.000000,ax,-0.700726
TRIAL_Blue_SIM_08,Blue,58.000000,ax,-0.732102
TRIAL_Blue_SIM_08,Blue,59.000000,ax,-0.763479
TRIAL_Blue_SIM_08,Blue,60.000000,ax,-0.804728
TRIAL_Blue_SIM_08,Blue,61.000000,ax,-0.846965
TRIAL_Blue_SIM_08,Blue,62.000000,ax,-0.872020
TRIAL_Blue_SIM_08,Blue,63.000000,ax,-0.887255
TRIAL_Blue_SIM_08,Blue,64.000000,ax,-0.888285
TRIAL_Blue_SIM_08,Blue,65.000000,ax,-0.864454
TRIAL_Blue_SIM_08,Blue,66.000000,ax,-0.837915
TRIAL_Blue_SIM_08,Blue,67.000000,ax,-0.784304
TRIAL_Blue_SIM_08,Blue,68.000000,ax,-0.730693
TRIAL_Blue_SIM_08,Blue,69.000000,ax,-0.669330
TRIAL_Blue_SIM_08,Blue,70.000000,ax,-0.606246
TRIAL_Blue_SIM_08,Blue,71.000000,ax,-0.555789
TRIAL_Blue_SIM_08,Blue,72.000000,ax,-0.515856
TRIAL_Blue_SIM_08,Blue,73.000000,ax,-0.482616
TRIAL_Blue_SIM_08,Blue,74.000000,ax,-0.467227
TRIAL_Blue_SIM_08,Blue,75.000000,ax,-0.451838
TRIAL_Blue_SIM_08,Blue,76.000000,ax,-0.457038
TRIAL_Blue_SIM_08,Blue,77.000000,ax,-0.462238
TRIAL_Blue_SIM_08,Blue,78.000000,ax,-0.464108
TRIAL_Blue_SIM_08,Blue,79.000000,ax,-0.464728
TRIAL_Blue_SIM_08,Blue,80.000000,ax,-0.457153
TRIAL_Blue_SIM_08,Blue,81.000000,ax,-0.439741
TRIAL_Blue_SIM_08,Blue,82.000000,ax,-0.419399
TRIAL_Blue_SIM_08,Blue,83.000000,ax,-0.385872
TRIAL_Blue_SIM_08,Blue,84.000000,ax,-0.352345
TRIAL_Blue_SIM_08,Blue,85.000000,ax,-0.304697
TRIAL_Blue_SIM_08,Blue,86.000000,ax,-0.255637
TRIAL_Blue_SIM_08,Blue,87.000000,ax,-0.207721
TRIAL_Blue_SIM_08,Blue,88.000000,ax,-0.160457
TRIAL_Blue_SIM_08,Blue,89.000000,ax,-0.119762
TRIAL_Blue_SIM_08,Blue,90.000000,ax,-0.090558
TRIAL_Blue_SIM_08,Blue,91.000000,ax,-0.065439
TRIAL_Blue_SIM_08,Blue,92.000000,ax,-0.081154
TRIAL_Blue_SIM_08,Blue,93.000000,ax,-0.096870
TRIAL_Blue_SIM_08,Blue,94.000000,ax,-0.116986
TRIAL_Blue_SIM_08,Blue,95.000000,ax,-0.138081
TRIAL_Blue_SIM_08,Blue,96.000000,ax,-0.138156
TRIAL_Blue_SIM_08,Blue,97.000000,ax,-0.120714
TRIAL_Blue_SIM_08,Blue,98.000000,ax,-0.104778
TRIAL_Blue_SIM_08,Blue,99.000000,ax,-0.092854
TRIAL_Blue_SIM_08,Blue,100.000000,ax,-0.080930
TRIAL_Blue_SIM_08,Blue,0.000000,ay,-0.009293
TRIAL_Blue_SIM_08,Blue,1.000000,ay,-0.002948
TRIAL_Blue_SIM_08,Blue,2.000000,ay,0.003397
TRIAL_Blue_SIM_08,Blue,3.000000,ay,0.002707
TRIAL_Blue_SIM_08,Blue,4.000000,ay,-0.000623
TRIAL_Blue_SIM_08,Blue,5.000000,ay,-0.004199
TRIAL_Blue_SIM_08,Blue,6.000000,ay,-0.008070
TRIAL_Blue_SIM_08,Blue,7.000000,ay,-0.011611
TRIAL_Blue_SIM_08,Blue,8.000000,ay,-0.013666
TRIAL_Blue_SIM_08,Blue,9.000000,ay,-0.015722
TRIAL_Blue_SIM_08,Blue,10.000000,ay,-0.015590
TRIAL_Blue_SIM_08,Blue,11.000000,ay,-0.015239
TRIAL_Blue_SIM_08,Blue,12.000000,ay,-0.015149
TRIAL_Blue_SIM_08,Blue,13.000000,ay,-0.015208
TRIAL_Blue_SIM_08,Blue,14.000000,ay,-0.015006
TRIAL_Blue_SIM_08,Blue,15.000000,ay,-0.014346
TRIAL_Blue_SIM_08,Blue,16.000000,ay,-0.013877
TRIAL_Blue_SIM_08,Blue,17.000000,ay,-0.015320
TRIAL_Blue_SIM_08,Blue,18.000000,ay,-0.016763
TRIAL_Blue_SIM_08,Blue,19.000000,ay,-0.016782
TRIAL_Blue_SIM_08,Blue,20.000000,ay,-0.016485
TRIAL_Blue_SIM_08,Blue,21.000000,ay,-0.016819
TRIAL_Blue_SIM_08,Blue,22.000000,ay,-0.017679
TRIAL_Blue_SIM_08,Blue,23.000000,ay,-0.018091
TRIAL_Blue_SIM_08,Blue,24.000000,ay,-0.017310
TRIAL_Blue_SIM_08,Blue,25.000000,ay,-0.016529
TRIAL_Blue_SIM_08,Blue,26.000000,ay,-0.016791
TRIAL_Blue_SIM_08,Blue,27.000000,ay,-0.017053
TRIAL_Blue_SIM_08,Blue,28.000000,ay,-0.017899
TRIAL_Blue_SIM_08,Blue,29.000000,ay,-0.018965
TRIAL_Blue_SIM_08,Blue,30.000000,ay,-0.019256
TRIAL_Blue_SIM_08,Blue,31.000000,ay,-0.018619
TRIAL_Blue_SIM_08,Blue,32.000000,ay,-0.017471
TRIAL_Blue_SIM_08,Blue,33.000000,ay,-0.014028
TRIAL_Blue_SIM_08,Blue,34.000000,ay,-0.010585
TRIAL_Blue_SIM_08,Blue,35.000000,ay,-0.006574
TRIAL_Blue_SIM_08,Blue,36.000000,ay,-0.002505
TRIAL_Blue_SIM_08,Blue,37.000000,ay,0.000211
TRIAL_Blue_SIM_08,Blue,38.000000,ay,0.002156
TRIAL_Blue_SIM_08,Blue,39.000000,ay,0.002691
TRIAL_Blue_SIM_08,Blue,40.000000,ay,0.000760
TRIAL_Blue_SIM_08,Blue,41.000000,ay,-0.000990
TRIAL_Blue_SIM_08,Blue,42.000000,ay,-0.000928
TRIAL_Blue_SIM_08,Blue,43.000000,ay,-0.000865
TRIAL_Blue_SIM_08,Blue,44.000000,ay,-0.000333
TRIAL_Blue_SIM_08,Blue,45.000000,ay,0.000303
TRIAL_Blue_SIM_08,Blue,46.000000,ay,0.002550
TRIAL_Blue_SIM_08,Blue,47.000000,ay,0.006140
TRIAL_Blue_SIM_08,Blue,48.000000,ay,0.009305
TRIAL_Blue_SIM_08,Blue,49.000000,ay,0.011337
TRIAL_Blue_SIM_08,Blue,50.000000,ay,0.013369
TRIAL_Blue_SIM_08,Blue,51.000000,ay,0.015527
TRIAL_Blue_SIM_08,Blue,52.000000,ay,0.017685
TRIAL_Blue_SIM_08,Blue,53.000000,ay,0.018280
TRIAL_Blue_SIM_08,Blue,54.000000,ay,0.018288
TRIAL_Blue_SIM_08,Blue,55.000000,ay,0.018445
TRIAL_Blue_SIM_08,Blue,56.000000,ay,0.018779
TRIAL_Blue_SIM_08,Blue,57.000000,ay,0.018893
TRIAL_Blue_SIM_08,Blue,58.000000,ay,0.018019
TRIAL_Blue_SIM_08,Blue,59.000000,ay,0.017145
TRIAL_Blue_SIM_08,Blue,60.000000,ay,0.017134
TRIAL_Blue_SIM_08,Blue,61.000000,ay,0.017209
TRIAL_Blue_SIM_08,Blue,62.000000,ay,0.016627
TRIAL_Blue_SIM_08,Blue,63.000000,ay,0.015670
TRIAL_Blue_SIM_08,Blue,64.000000,ay,0.015115
TRIAL_Blue_SIM_08,Blue,65.000000,ay,0.015265
TRIAL_Blue_SIM_08,Blue,66.000000,ay,0.015335
TRIAL_Blue_SIM_08,Blue,67.000000,ay,0.014605
TRIAL_Blue_SIM_08,Blue,68.000000,ay,0.013875
TRIAL_Blue_SIM_08,Blue,69.000000,ay,0.012106
TRIAL_Blue_SIM_08,Blue,70.000000,ay,0.010107
TRIAL_Blue_SIM_08,Blue,71.000000,ay,0.007615
TRIAL_Blue_SIM_08,Blue,72.000000,ay,0.004713
TRIAL_Blue_SIM_08,Blue,73.000000,ay,0.001851
TRIAL_Blue_SIM_08,Blue,74.000000,ay,-0.000907
TRIAL_Blue_SIM_08,Blue,75.000000,ay,-0.003664
TRIAL_Blue_SIM_08,Blue,76.000000,ay,-0.003513
TRIAL_Blue_SIM_08,Blue,77.000000,ay,-0.003362
TRIAL_Blue_SIM_08,Blue,78.000000,ay,-0.002440
TRIAL_Blue_SIM_08,Blue,79.000000,ay,-0.001228
TRIAL_Blue_SIM_08,Blue,80.000000,ay,0.001018
TRIAL_Blue_SIM_08,Blue,81.000000,ay,0.004505
TRIAL_Blue_SIM_08,Blue,82.000000,ay,0.007841
TRIAL_Blue_SIM_08,Blue,83.000000,ay,0.010499
TRIAL_Blue_SIM_08,Blue,84.000000,ay,0.013156
TRIAL_Blue_SIM_08,Blue,85.000000,ay,0.015675
TRIAL_Blue_SIM_08,Blue,86.000000,ay,0.018180
TRIAL_Blue_SIM_08,Blue,87.000000,ay,0.017692
TRIAL_Blue_SIM_08,Blue,88.000000,ay,0.015494
TRIAL_Blue_SIM_08,Blue,89.000000,ay,0.013222
TRIAL_Blue_SIM_08,Blue,90.000000,ay,0.010822
TRIAL_Blue_SIM_08,Blue,91.000000,ay,0.008477
TRIAL_Blue_SIM_08,Blue,92.000000,ay,0.006689
TRIAL_Blue_SIM_08,Blue,93.000000,ay,0.004901
TRIAL_Blue_SIM_08,Blue,94.000000,ay,0.005502
TRIAL_Blue_SIM_08,Blue,95.000000,ay,0.006634
TRIAL_Blue_SIM_08,Blue,96.000000,ay,0.007360
TRIAL_Blue_SIM_08,Blue,97.000000,ay,0.007749
TRIAL_Blue_SIM_08,Blue,98.000000,ay,0.007513
TRIAL_Blue_SIM_08,Blue,99.000000,ay,0.005608
TRIAL_Blue_SIM_08,Blue,100.000000,ay,0.003703
TRIAL_Blue_SIM_08,Blue,0.000000,az,0.102979
TRIAL_Blue_SIM_08,Blue,1.000000,az,0.087183
TRIAL_Blue_SIM_08,Blue,2.000000,az,0.071386
TRIAL_Blue_SIM_08,Blue,3.000000,az,0.067860
TRIAL_Blue_SIM_08,Blue,4.000000,az,0.068936
TRIAL_Blue_SIM_08,Blue,5.000000,az,0.071782
TRIAL_Blue_SIM_08,Blue,6.000000,az,0.076752
TRIAL_Blue_SIM_08,Blue,7.000000,az,0.081546
TRIAL_Blue_SIM_08,Blue,8.000000,az,0.085547
TRIAL_Blue_SIM_08,Blue,9.000000,az,0.089547
TRIAL_Blue_SIM_08,Blue,10.000000,az,0.094663
TRIAL_Blue_SIM_08,Blue,11.000000,az,0.099890
TRIAL_Blue_SIM_08,Blue,12.000000,az,0.103222
TRIAL_Blue_SIM_08,Blue,13.000000,az,0.105470
TRIAL_Blue_SIM_08,Blue,14.000000,az,0.108161
TRIAL_Blue_SIM_08,Blue,15.000000,az,0.111627
TRIAL_Blue_SIM_08,Blue,16.000000,az,0.114503
TRIAL_Blue_SIM_08,Blue,17.000000,az,0.111474
TRIAL_Blue_SIM_08,Blue,18.000000,az,0.108446
TRIAL_Blue_SIM_08,Blue,19.000000,az,0.109435
TRIAL_Blue_SIM_08,Blue,20.000000,az,0.111318
TRIAL_Blue_SIM_08,Blue,21.000000,az,0.112125
TRIAL_Blue_SIM_08,Blue,22.000000,az,0.112036
TRIAL_Blue_SIM_08,Blue,23.000000,az,0.112676
TRIAL_Blue_SIM_08,Blue,24.000000,az,0.115260
TRIAL_Blue_SIM_08,Blue,25.000000,az,0.117844
TRIAL_Blue_SIM_08,Blue,26.000000,az,0.115274
TRIAL_Blue_SIM_08,Blue,27.000000,az,0.112705
TRIAL_Blue_SIM_08,Blue,28.000000,az,0.106319
TRIAL_Blue_SIM_08,Blue,29.000000,az,0.098503
TRIAL_Blue_SIM_08,Blue,30.000000,az,0.090942
TRIAL_Blue_SIM_08,Blue,31.000000,az,0.083688
TRIAL_Blue_SIM_08,Blue,32.000000,az,0.076767
TRIAL_Blue_SIM_08,Blue,33.000000,az,0.071346
TRIAL_Blue_SIM_08,Blue,34.000000,az,0.065924
TRIAL_Blue_SIM_08,Blue,35.000000,az,0.058419
TRIAL_Blue_SIM_08,Blue,36.000000,az,0.050706
TRIAL_Blue_SIM_08,Blue,37.000000,az,0.041212
TRIAL_Blue_SIM_08,Blue,38.000000,az,0.030700
TRIAL_Blue_SIM_08,Blue,39.000000,az,0.017478
TRIAL_Blue_SIM_08,Blue,40.000000,az,-0.000488
TRIAL_Blue_SIM_08,Blue,41.000000,az,-0.017563
TRIAL_Blue_SIM_08,Blue,42.000000,az,-0.025738
TRIAL_Blue_SIM_08,Blue,43.000000,az,-0.033914
TRIAL_Blue_SIM_08,Blue,44.000000,az,-0.042988
TRIAL_Blue_SIM_08,Blue,45.000000,az,-0.052263
TRIAL_Blue_SIM_08,Blue,46.000000,az,-0.059095
TRIAL_Blue_SIM_08,Blue,47.000000,az,-0.063890
TRIAL_Blue_SIM_08,Blue,48.000000,az,-0.069866
TRIAL_Blue_SIM_08,Blue,49.000000,az,-0.078993
TRIAL_Blue_SIM_08,Blue,50.000000,az,-0.088120
TRIAL_Blue_SIM_08,Blue,51.000000,az,-0.092927
TRIAL_Blue_SIM_08,Blue,52.000000,az,-0.097735
TRIAL_Blue_SIM_08,Blue,53.000000,az,-0.100984
TRIAL_Blue_SIM_08,Blue,54.000000,az,-0.103649
TRIAL_Blue_SIM_08,Blue,55.000000,az,-0.105727
TRIAL_Blue_SIM_08,Blue,56.000000,az,-0.107100
TRIAL_Blue_SIM_08,Blue,57.000000,az,-0.109326
TRIAL_Blue_SIM_08,Blue,58.000000,az,-0.115384
TRIAL_Blue_SIM_08,Blue,59.000000,az,-0.121443
TRIAL_Blue_SIM_08,Blue,60.000000,az,-0.126476
TRIAL_Blue_SIM_08,Blue,61.000000,az,-0.131407
TRIAL_Blue_SIM_08,Blue,62.000000,az,-0.134927
TRIAL_Blue_SIM_08,Blue,63.000000,az,-0.137641
TRIAL_Blue_SIM_08,Blue,64.000000,az,-0.136648
TRIAL_Blue_SIM_08,Blue,65.000000,az,-0.129167
TRIAL_Blue_SIM_08,Blue,66.000000,az,-0.121481
TRIAL_Blue_SIM_08,Blue,67.000000,az,-0.111752
TRIAL_Blue_SIM_08,Blue,68.000000,az,-0.102022
TRIAL_Blue_SIM_08,Blue,69.000000,az,-0.094487
TRIAL_Blue_SIM_08,Blue,70.000000,az,-0.087439
TRIAL_Blue_SIM_08,Blue,71.000000,az,-0.084218
TRIAL_Blue_SIM_08,Blue,72.000000,az,-0.084186
TRIAL_Blue_SIM_08,Blue,73.000000,az,-0.085226
TRIAL_Blue_SIM_08,Blue,74.000000,az,-0.089123
TRIAL_Blue_SIM_08,Blue,75.000000,az,-0.093021
TRIAL_Blue_SIM_08,Blue,76.000000,az,-0.091866
TRIAL_Blue_SIM_08,Blue,77.000000,az,-0.090710
TRIAL_Blue_SIM_08,Blue,78.000000,az,-0.086854
TRIAL_Blue_SIM_08,Blue,79.000000,az,-0.081984
TRIAL_Blue_SIM_08,Blue,80.000000,az,-0.072940
TRIAL_Blue_SIM_08,Blue,81.000000,az,-0.058888
TRIAL_Blue_SIM_08,Blue,82.000000,az,-0.044894
TRIAL_Blue_SIM_08,Blue,83.000000,az,-0.031165
TRIAL_Blue_SIM_08,Blue,84.000000,az,-0.017437
TRIAL_Blue_SIM_08,Blue,85.000000,az,-0.002481
TRIAL_Blue_SIM_08,Blue,86.000000,az,0.012597
TRIAL_Blue_SIM_08,Blue,87.000000,az,0.018668
TRIAL_Blue_SIM_08,Blue,88.000000,az,0.019591
TRIAL_Blue_SIM_08,Blue,89.000000,az,0.019253
TRIAL_Blue_SIM_08,Blue,90.000000,az,0.016707
TRIAL_Blue_SIM_08,Blue,91.000000,az,0.013767
TRIAL_Blue_SIM_08,Blue,92.000000,az,0.006883
TRIAL_Blue_SIM_08,Blue,93.000000,az,-0.000000
TRIAL_Blue_SIM_08,Blue,94.000000,az,-0.000655
TRIAL_Blue_SIM_08,Blue,95.000000,az,0.000075
TRIAL_Blue_SIM_08,Blue,96.000000,az,0.002405
TRIAL_Blue_SIM_08,Blue,97.000000,az,0.006069
TRIAL_Blue_SIM_08,Blue,98.000000,az,0.007717
TRIAL_Blue_SIM_08,Blue,99.000000,az,0.003991
TRIAL_Blue_SIM_08,Blue,100.000000,az,0.000266
TRIAL_Red_SIM_01,Red,0.000000,object_area,895.133075
TRIAL_Red_SIM_01,Red,1.000000,object_area,895.611322
TRIAL_Red_SIM_01,Red,2.000000,object_area,896.089570
TRIAL_Red_SIM_01,Red,3.000000,object_area,898.072341
TRIAL_Red_SIM_01,Red,4.000000,object_area,900.619310
TRIAL_Red_SIM_01,Red,5.000000,object_area,904.400479
TRIAL_Red_SIM_01,Red,6.000000,object_area,909.662690
TRIAL_Red_SIM_01,Red,7.000000,object_area,915.169656
TRIAL_Red_SIM_01,Red,8.000000,object_area,921.778020
TRIAL_Red_SIM_01,Red,9.000000,object_area,928.386384
TRIAL_Red_SIM_01,Red,10.000000,object_area,936.918206
TRIAL_Red_SIM_01,Red,11.000000,object_area,945.642375
TRIAL_Red_SIM_01,Red,12.000000,object_area,955.086362
TRIAL_Red_SIM_01,Red,13.000000,object_area,964.941673
TRIAL_Red_SIM_01,Red,14.000000,object_area,975.299891
TRIAL_Red_SIM_01,Red,15.000000,object_area,986.538193
TRIAL_Red_SIM_01,Red,16.000000,object_area,997.854980
TRIAL_Red_SIM_01,Red,17.000000,object_area,1009.956612
TRIAL_Red_SIM_01,Red,18.000000,object_area,1022.058243
TRIAL_Red_SIM_01,Red,19.000000,object_area,1034.878485
TRIAL_Red_SIM_01,Red,20.000000,object_area,1047.858417
TRIAL_Red_SIM_01,Red,21.000000,object_area,1061.617285
TRIAL_Red_SIM_01,Red,22.000000,object_area,1076.025265
TRIAL_Red_SIM_01,Red,23.000000,object_area,1090.967389
TRIAL_Red_SIM_01,Red,24.000000,object_area,1107.333895
TRIAL_Red_SIM_01,Red,25.000000,object_area,1123.700401
TRIAL_Red_SIM_01,Red,26.000000,object_area,1141.909001
TRIAL_Red_SIM_01,Red,27.000000,object_area,1160.117601
TRIAL_Red_SIM_01,Red,28.000000,object_area,1179.406094
TRIAL_Red_SIM_01,Red,29.000000,object_area,1199.099546
TRIAL_Red_SIM_01,Red,30.000000,object_area,1218.780077
TRIAL_Red_SIM_01,Red,31.000000,object_area,1238.445103
TRIAL_Red_SIM_01,Red,32.000000,object_area,1258.102059
TRIAL_Red_SIM_01,Red,33.000000,object_area,1277.722706
TRIAL_Red_SIM_01,Red,34.000000,object_area,1297.343352
TRIAL_Red_SIM_01,Red,35.000000,object_area,1316.864263
TRIAL_Red_SIM_01,Red,36.000000,object_area,1336.375201
TRIAL_Red_SIM_01,Red,37.000000,object_area,1356.727952
TRIAL_Red_SIM_01,Red,38.000000,object_area,1377.561737
TRIAL_Red_SIM_01,Red,39.000000,object_area,1398.431869
TRIAL_Red_SIM_01,Red,40.000000,object_area,1419.365607
TRIAL_Red_SIM_01,Red,41.000000,object_area,1440.386323
TRIAL_Red_SIM_01,Red,42.000000,object_area,1462.276818
TRIAL_Red_SIM_01,Red,43.000000,object_area,1484.167313
TRIAL_Red_SIM_01,Red,44.000000,object_area,1506.254562
TRIAL_Red_SIM_01,Red,45.000000,object_area,1528.385535
TRIAL_Red_SIM_01,Red,46.000000,object_area,1551.382294
TRIAL_Red_SIM_01,Red,47.000000,object_area,1575.100541
TRIAL_Red_SIM_01,Red,48.000000,object_area,1598.697071
TRIAL_Red_SIM_01,Red,49.000000,object_area,1621.969021
TRIAL_Red_SIM_01,Red,50.000000,object_area,1645.240972
TRIAL_Red_SIM_01,Red,51.000000,object_area,1667.765157
TRIAL_Red_SIM_01,Red,52.000000,object_area,1690.289342
TRIAL_Red_SIM_01,Red,53.000000,object_area,1712.052577
TRIAL_Red_SIM_01,Red,54.000000,object_area,1733.530454
TRIAL_Red_SIM_01,Red,55.000000,object_area,1754.903065
TRIAL_Red_SIM_01,Red,56.000000,object_area,1776.149356
TRIAL_Red_SIM_01,Red,57.000000,object_area,1797.419325
TRIAL_Red_SIM_01,Red,58.000000,object_area,1818.795848
TRIAL_Red_SIM_01,Red,59.000000,object_area,1840.172371
TRIAL_Red_SIM_01,Red,60.000000,object_area,1861.007880
TRIAL_Red_SIM_01,Red,61.000000,object_area,1881.789287
TRIAL_Red_SIM_01,Red,62.000000,object_area,1902.758984
TRIAL_Red_SIM_01,Red,63.000000,object_area,1923.836273
TRIAL_Red_SIM_01,Red,64.000000,object_area,1944.625120
TRIAL_Red_SIM_01,Red,65.000000,object_area,1964.909191
TRIAL_Red_SIM_01,Red,66.000000,object_area,1985.202595
TRIAL_Red_SIM_01,Red,67.000000,object_area,2005.589325
TRIAL_Red_SIM_01,Red,68.000000,object_area,2025.976055
TRIAL_Red_SIM_01,Red,69.000000,object_area,2045.308499
TRIAL_Red_SIM_01,Red,70.000000,object_area,2064.406658
TRIAL_Red_SIM_01,Red,71.000000,object_area,2083.637163
TRIAL_Red_SIM_01,Red,72.000000,object_area,2102.977956
TRIAL_Red_SIM_01,Red,73.000000,object_area,2121.989859
TRIAL_Red_SIM_01,Red,74.000000,object_area,2140.124721
TRIAL_Red_SIM_01,Red,75.000000,object_area,2158.259582
TRIAL_Red_SIM_01,Red,76.000000,object_area,2175.576500
TRIAL_Red_SIM_01,Red,77.000000,object_area,2192.893417
TRIAL_Red_SIM_01,Red,78.000000,object_area,2208.775872
TRIAL_Red_SIM_01,Red,79.000000,object_area,2224.120402
TRIAL_Red_SIM_01,Red,80.000000,object_area,2238.953128
TRIAL_Red_SIM_01,Red,81.000000,object_area,2253.171688
TRIAL_Red_SIM_01,Red,82.000000,object_area,2266.992124
TRIAL_Red_SIM_01,Red,83.000000,object_area,2279.020996
TRIAL_Red_SIM_01,Red,84.000000,object_area,2291.049869
TRIAL_Red_SIM_01,Red,85.000000,object_area,2301.191022
TRIAL_Red_SIM_01,Red,86.000000,object_area,2311.143402
TRIAL_Red_SIM_01,Red,87.000000,object_area,2319.922093
TRIAL_Red_SIM_01,Red,88.000000,object_area,2328.030103
TRIAL_Red_SIM_01,Red,89.000000,object_area,2335.999280
TRIAL_Red_SIM_01,Red,90.000000,object_area,2343.725497
TRIAL_Red_SIM_01,Red,91.000000,object_area,2351.359149
TRIAL_Red_SIM_01,Red,92.000000,object_area,2358.067143
TRIAL_Red_SIM_01,Red,93.000000,object_area,2364.775138
TRIAL_Red_SIM_01,Red,94.000000,object_area,2370.044229
TRIAL_Red_SIM_01,Red,95.000000,object_area,2374.993564
TRIAL_Red_SIM_01,Red,96.000000,object_area,2378.871034
TRIAL_Red_SIM_01,Red,97.000000,object_area,2381.855283
TRIAL_Red_SIM_01,Red,98.000000,object_area,2384.372410
TRIAL_Red_SIM_01,Red,99.000000,object_area,2385.643876
TRIAL_Red_SIM_01,Red,100.000000,object_area,2386.915343
TRIAL_Red_SIM_01,Red,0.000000,finger_width,25.053649
TRIAL_Red_SIM_01,Red,1.000000,finger_width,25.358151
TRIAL_Red_SIM_01,Red,2.000000,finger_width,25.662654
TRIAL_Red_SIM_01,Red,3.000000,finger_width,26.510931
TRIAL_Red_SIM_01,Red,4.000000,finger_width,27.563124
TRIAL_Red_SIM_01,Red,5.000000,finger_width,28.994778
TRIAL_Red_SIM_01,Red,6.000000,finger_width,30.881784
TRIAL_Red_SIM_01,Red,7.000000,finger_width,32.948781
TRIAL_Red_SIM_01,Red,8.000000,finger_width,35.825740
TRIAL_Red_SIM_01,Red,9.000000,finger_width,38.702698
TRIAL_Red_SIM_01,Red,10.000000,finger_width,42.062030
TRIAL_Red_SIM_01,Red,11.000000,finger_width,45.469599
TRIAL_Red_SIM_01,Red,12.000000,finger_width,49.220280
TRIAL_Red_SIM_01,Red,13.000000,finger_width,53.167024
TRIAL_Red_SIM_01,Red,14.000000,finger_width,57.243461
TRIAL_Red_SIM_01,Red,15.000000,finger_width,61.546859
TRIAL_Red_SIM_01,Red,16.000000,finger_width,65.893289
TRIAL_Red_SIM_01,Red,17.000000,finger_width,70.670043
TRIAL_Red_SIM_01,Red,18.000000,finger_width,75.446797
TRIAL_Red_SIM_01,Red,19.000000,finger_width,80.271138
TRIAL_Red_SIM_01,Red,20.000000,finger_width,85.106054
TRIAL_Red_SIM_01,Red,21.000000,finger_width,89.875459
TRIAL_Red_SIM_01,Red,22.000000,finger_width,94.590271
TRIAL_Red_SIM_01,Red,23.000000,finger_width,99.260396
TRIAL_Red_SIM_01,Red,24.000000,finger_width,103.811355
TRIAL_Red_SIM_01,Red,25.000000,finger_width,108.362313
TRIAL_Red_SIM_01,Red,26.000000,finger_width,112.925099
TRIAL_Red_SIM_01,Red,27.000000,finger_width,117.487885
TRIAL_Red_SIM_01,Red,28.000000,finger_width,121.972698
TRIAL_Red_SIM_01,Red,29.000000,finger_width,126.428271
TRIAL_Red_SIM_01,Red,30.000000,finger_width,130.753620
TRIAL_Red_SIM_01,Red,31.000000,finger_width,134.922698
TRIAL_Red_SIM_01,Red,32.000000,finger_width,139.018774
TRIAL_Red_SIM_01,Red,33.000000,finger_width,142.786343
TRIAL_Red_SIM_01,Red,34.000000,finger_width,146.553911
TRIAL_Red_SIM_01,Red,35.000000,finger_width,149.916515
TRIAL_Red_SIM_01,Red,36.000000,finger_width,153.238622
TRIAL_Red_SIM_01,Red,37.000000,finger_width,156.143203
TRIAL_Red_SIM_01,Red,38.000000,finger_width,158.809197
TRIAL_Red_SIM_01,Red,39.000000,finger_width,161.181958
TRIAL_Red_SIM_01,Red,40.000000,finger_width,163.041560
TRIAL_Red_SIM_01,Red,41.000000,finger_width,164.855142
TRIAL_Red_SIM_01,Red,42.000000,finger_width,166.208517
TRIAL_Red_SIM_01,Red,43.000000,finger_width,167.561892
TRIAL_Red_SIM_01,Red,44.000000,finger_width,168.341682
TRIAL_Red_SIM_01,Red,45.000000,finger_width,168.994008
TRIAL_Red_SIM_01,Red,46.000000,finger_width,169.181801
TRIAL_Red_SIM_01,Red,47.000000,finger_width,168.982483
TRIAL_Red_SIM_01,Red,48.000000,finger_width,168.337752
TRIAL_Red_SIM_01,Red,49.000000,finger_width,166.505253
TRIAL_Red_SIM_01,Red,50.000000,finger_width,164.672755
TRIAL_Red_SIM_01,Red,51.000000,finger_width,161.772763
TRIAL_Red_SIM_01,Red,52.000000,finger_width,158.872771
TRIAL_Red_SIM_01,Red,53.000000,finger_width,155.409777
TRIAL_Red_SIM_01,Red,54.000000,finger_width,151.735658
TRIAL_Red_SIM_01,Red,55.000000,finger_width,147.864566
TRIAL_Red_SIM_01,Red,56.000000,finger_width,143.757107
TRIAL_Red_SIM_01,Red,57.000000,finger_width,139.557765
TRIAL_Red_SIM_01,Red,58.000000,finger_width,134.944950
TRIAL_Red_SIM_01,Red,59.000000,finger_width,130.332135
TRIAL_Red_SIM_01,Red,60.000000,finger_width,125.343212
TRIAL_Red_SIM_01,Red,61.000000,finger_width,120.316678
TRIAL_Red_SIM_01,Red,62.000000,finger_width,115.305121
TRIAL_Red_SIM_01,Red,63.000000,finger_width,110.302124
TRIAL_Red_SIM_01,Red,64.000000,finger_width,105.390024
TRIAL_Red_SIM_01,Red,65.000000,finger_width,100.636996
TRIAL_Red_SIM_01,Red,66.000000,finger_width,95.913156
TRIAL_Red_SIM_01,Red,67.000000,finger_width,91.481202
TRIAL_Red_SIM_01,Red,68.000000,finger_width,87.049249
TRIAL_Red_SIM_01,Red,69.000000,finger_width,82.794111
TRIAL_Red_SIM_01,Red,70.000000,finger_width,78.578266
TRIAL_Red_SIM_01,Red,71.000000,finger_width,74.756223
TRIAL_Red_SIM_01,Red,72.000000,finger_width,71.262348
TRIAL_Red_SIM_01,Red,73.000000,finger_width,68.081607
TRIAL_Red_SIM_01,Red,74.000000,finger_width,65.735889
TRIAL_Red_SIM_01,Red,75.000000,finger_width,63.390171
TRIAL_Red_SIM_01,Red,76.000000,finger_width,62.713084
TRIAL_Red_SIM_01,Red,77.000000,finger_width,62.035996
TRIAL_Red_SIM_01,Red,78.000000,finger_width,62.216084
TRIAL_Red_SIM_01,Red,79.000000,finger_width,62.717612
TRIAL_Red_SIM_01,Red,80.000000,finger_width,63.159812
TRIAL_Red_SIM_01,Red,81.000000,finger_width,63.530818
TRIAL_Red_SIM_01,Red,82.000000,finger_width,63.848758
TRIAL_Red_SIM_01,Red,83.000000,finger_width,63.927901
TRIAL_Red_SIM_01,Red,84.000000,finger_width,64.007045
TRIAL_Red_SIM_01,Red,85.000000,finger_width,63.768072
TRIAL_Red_SIM_01,Red,86.000000,finger_width,63.497286
TRIAL_Red_SIM_01,Red,87.000000,finger_width,63.249491
TRIAL_Red_SIM_01,Red,88.000000,finger_width,63.014834
TRIAL_Red_SIM_01,Red,89.000000,finger_width,62.777409
TRIAL_Red_SIM_01,Red,90.000000,finger_width,62.535142
TRIAL_Red_SIM_01,Red,91.000000,finger_width,62.304227
TRIAL_Red_SIM_01,Red,92.000000,finger_width,62.186821
TRIAL_Red_SIM_01,Red,93.000000,finger_width,62.069415
TRIAL_Red_SIM_01,Red,94.000000,finger_width,61.926959
TRIAL_Red_SIM_01,Red,95.000000,finger_width,61.778935
TRIAL_Red_SIM_01,Red,96.000000,finger_width,61.675043
TRIAL_Red_SIM_01,Red,97.000000,finger_width,61.607929
TRIAL_Red_SIM_01,Red,98.000000,finger_width,61.533055
TRIAL_Red_SIM_01,Red,99.000000,finger_width,61.437492
TRIAL_Red_SIM_01,Red,100.000000,finger_width,61.341929
TRIAL_Red_SIM_01,Red,0.000000,velocity,0.009051
TRIAL_Red_SIM_01,Red,1.000000,velocity,0.010749
TRIAL_Red_SIM_01,Red,2.000000,velocity,0.012446
TRIAL_Red_SIM_01,Red,3.000000,velocity,0.014478
TRIAL_Red_SIM_01,Red,4.000000,velocity,0.016635
TRIAL_Red_SIM_01,Red,5.000000,velocity,0.018706
TRIAL_Red_SIM_01,Red,6.000000,velocity,0.020673
TRIAL_Red_SIM_01,Red,7.000000,velocity,0.022794
TRIAL_Red_SIM_01,Red,8.000000,velocity,0.025608
TRIAL_Red_SIM_01,Red,9.000000,velocity,0.028422
TRIAL_Red_SIM_01,Red,10.000000,velocity,0.031998
TRIAL_Red_SIM_01,Red,11.000000,velocity,0.035649
TRIAL_Red_SIM_01,Red,12.000000,velocity,0.040171
TRIAL_Red_SIM_01,Red,13.000000,velocity,0.045190
TRIAL_Red_SIM_01,Red,14.000000,velocity,0.050457
TRIAL_Red_SIM_01,Red,15.000000,velocity,0.056157
TRIAL_Red_SIM_01,Red,16.000000,velocity,0.061932
TRIAL_Red_SIM_01,Red,17.000000,velocity,0.068449
TRIAL_Red_SIM_01,Red,18.000000,velocity,0.074967
TRIAL_Red_SIM_01,Red,19.000000,velocity,0.081765
TRIAL_Red_SIM_01,Red,20.000000,velocity,0.088626
TRIAL_Red_SIM_01,Red,21.000000,velocity,0.095922
TRIAL_Red_SIM_01,Red,22.000000,velocity,0.103579
TRIAL_Red_SIM_01,Red,23.000000,velocity,0.111415
TRIAL_Red_SIM_01,Red,24.000000,velocity,0.119725
TRIAL_Red_SIM_01,Red,25.000000,velocity,0.128036
TRIAL_Red_SIM_01,Red,26.000000,velocity,0.137431
TRIAL_Red_SIM_01,Red,27.000000,velocity,0.146826
TRIAL_Red_SIM_01,Red,28.000000,velocity,0.156492
TRIAL_Red_SIM_01,Red,29.000000,velocity,0.166261
TRIAL_Red_SIM_01,Red,30.000000,velocity,0.176105
TRIAL_Red_SIM_01,Red,31.000000,velocity,0.186040
TRIAL_Red_SIM_01,Red,32.000000,velocity,0.195873
TRIAL_Red_SIM_01,Red,33.000000,velocity,0.205250
TRIAL_Red_SIM_01,Red,34.000000,velocity,0.214627
TRIAL_Red_SIM_01,Red,35.000000,velocity,0.223551
TRIAL_Red_SIM_01,Red,36.000000,velocity,0.232431
TRIAL_Red_SIM_01,Red,37.000000,velocity,0.240525
TRIAL_Red_SIM_01,Red,38.000000,velocity,0.248169
TRIAL_Red_SIM_01,Red,39.000000,velocity,0.255463
TRIAL_Red_SIM_01,Red,40.000000,velocity,0.262143
TRIAL_Red_SIM_01,Red,41.000000,velocity,0.268646
TRIAL_Red_SIM_01,Red,42.000000,velocity,0.273370
TRIAL_Red_SIM_01,Red,43.000000,velocity,0.278095
TRIAL_Red_SIM_01,Red,44.000000,velocity,0.282141
TRIAL_Red_SIM_01,Red,45.000000,velocity,0.286037
TRIAL_Red_SIM_01,Red,46.000000,velocity,0.288380
TRIAL_Red_SIM_01,Red,47.000000,velocity,0.289428
TRIAL_Red_SIM_01,Red,48.000000,velocity,0.289937
TRIAL_Red_SIM_01,Red,49.000000,velocity,0.289006
TRIAL_Red_SIM_01,Red,50.000000,velocity,0.288075
TRIAL_Red_SIM_01,Red,51.000000,velocity,0.283143
TRIAL_Red_SIM_01,Red,52.000000,velocity,0.278211
TRIAL_Red_SIM_01,Red,53.000000,velocity,0.272298
TRIAL_Red_SIM_01,Red,54.000000,velocity,0.266016
TRIAL_Red_SIM_01,Red,55.000000,velocity,0.258993
TRIAL_Red_SIM_01,Red,56.000000,velocity,0.251080
TRIAL_Red_SIM_01,Red,57.000000,velocity,0.243169
TRIAL_Red_SIM_01,Red,58.000000,velocity,0.235265
TRIAL_Red_SIM_01,Red,59.000000,velocity,0.227362
TRIAL_Red_SIM_01,Red,60.000000,velocity,0.218869
TRIAL_Red_SIM_01,Red,61.000000,velocity,0.210318
TRIAL_Red_SIM_01,Red,62.000000,velocity,0.201235
TRIAL_Red_SIM_01,Red,63.000000,velocity,0.191850
TRIAL_Red_SIM_01,Red,64.000000,velocity,0.182297
TRIAL_Red_SIM_01,Red,65.000000,velocity,0.172450
TRIAL_Red_SIM_01,Red,66.000000,velocity,0.162485
TRIAL_Red_SIM_01,Red,67.000000,velocity,0.151334
TRIAL_Red_SIM_01,Red,68.000000,velocity,0.140183
TRIAL_Red_SIM_01,Red,69.000000,velocity,0.129844
TRIAL_Red_SIM_01,Red,70.000000,velocity,0.119684
TRIAL_Red_SIM_01,Red,71.000000,velocity,0.109810
TRIAL_Red_SIM_01,Red,72.000000,velocity,0.100175
TRIAL_Red_SIM_01,Red,73.000000,velocity,0.091276
TRIAL_Red_SIM_01,Red,74.000000,velocity,0.084342
TRIAL_Red_SIM_01,Red,75.000000,velocity,0.077408
TRIAL_Red_SIM_01,Red,76.000000,velocity,0.070616
TRIAL_Red_SIM_01,Red,77.000000,velocity,0.063824
TRIAL_Red_SIM_01,Red,78.000000,velocity,0.058168
TRIAL_Red_SIM_01,Red,79.000000,velocity,0.052936
TRIAL_Red_SIM_01,Red,80.000000,velocity,0.047797
TRIAL_Red_SIM_01,Red,81.000000,velocity,0.042768
TRIAL_Red_SIM_01,Red,82.000000,velocity,0.038126
TRIAL_Red_SIM_01,Red,83.000000,velocity,0.035219
TRIAL_Red_SIM_01,Red,84.000000,velocity,0.032313
TRIAL_Red_SIM_01,Red,85.000000,velocity,0.029539
TRIAL_Red_SIM_01,Red,86.000000,velocity,0.026779
TRIAL_Red_SIM_01,Red,87.000000,velocity,0.024199
TRIAL_Red_SIM_01,Red,88.000000,velocity,0.021721
TRIAL_Red_SIM_01,Red,89.000000,velocity,0.019109
TRIAL_Red_SIM_01,Red,90.000000,velocity,0.016260
TRIAL_Red_SIM_01,Red,91.000000,velocity,0.013470
TRIAL_Red_SIM_01,Red,92.000000,velocity,0.011275
TRIAL_Red_SIM_01,Red,93.000000,velocity,0.009079
TRIAL_Red_SIM_01,Red,94.000000,velocity,0.006926
TRIAL_Red_SIM_01,Red,95.000000,velocity,0.004782
TRIAL_Red_SIM_01,Red,96.000000,velocity,0.003235
TRIAL_Red_SIM_01,Red,97.000000,velocity,0.002187
TRIAL_Red_SIM_01,Red,98.000000,velocity,0.001271
TRIAL_Red_SIM_01,Red,99.000000,velocity,0.000711
TRIAL_Red_SIM_01,Red,100.000000,velocity,0.000150
TRIAL_Red_SIM_01,Red,0.000000,acceleration_mag,0.222231
TRIAL_Red_SIM_01,Red,1.000000,acceleration_mag,0.175138
TRIAL_Red_SIM_01,Red,2.000000,acceleration_mag,0.128045
TRIAL_Red_SIM_01,Red,3.000000,acceleration_mag,0.112148
TRIAL_Red_SIM_01,Red,4.000000,acceleration_mag,0.107949
TRIAL_Red_SIM_01,Red,5.000000,acceleration_mag,0.108299
TRIAL_Red_SIM_01,Red,6.000000,acceleration_mag,0.114109
TRIAL_Red_SIM_01,Red,7.000000,acceleration_mag,0.124275
TRIAL_Red_SIM_01,Red,8.000000,acceleration_mag,0.154050
TRIAL_Red_SIM_01,Red,9.000000,acceleration_mag,0.183825
TRIAL_Red_SIM_01,Red,10.000000,acceleration_mag,0.212800
TRIAL_Red_SIM_01,Red,11.000000,acceleration_mag,0.241696
TRIAL_Red_SIM_01,Red,12.000000,acceleration_mag,0.271722
TRIAL_Red_SIM_01,Red,13.000000,acceleration_mag,0.302396
TRIAL_Red_SIM_01,Red,14.000000,acceleration_mag,0.330206
TRIAL_Red_SIM_01,Red,15.000000,acceleration_mag,0.353005
TRIAL_Red_SIM_01,Red,16.000000,acceleration_mag,0.376060
TRIAL_Red_SIM_01,Red,17.000000,acceleration_mag,0.401673
TRIAL_Red_SIM_01,Red,18.000000,acceleration_mag,0.427286
TRIAL_Red_SIM_01,Red,19.000000,acceleration_mag,0.447201
TRIAL_Red_SIM_01,Red,20.000000,acceleration_mag,0.465851
TRIAL_Red_SIM_01,Red,21.000000,acceleration_mag,0.485128
TRIAL_Red_SIM_01,Red,22.000000,acceleration_mag,0.504928
TRIAL_Red_SIM_01,Red,23.000000,acceleration_mag,0.526100
TRIAL_Red_SIM_01,Red,24.000000,acceleration_mag,0.550932
TRIAL_Red_SIM_01,Red,25.000000,acceleration_mag,0.575764
TRIAL_Red_SIM_01,Red,26.000000,acceleration_mag,0.599122
TRIAL_Red_SIM_01,Red,27.000000,acceleration_mag,0.622481
TRIAL_Red_SIM_01,Red,28.000000,acceleration_mag,0.635238
TRIAL_Red_SIM_01,Red,29.000000,acceleration_mag,0.644020
TRIAL_Red_SIM_01,Red,30.000000,acceleration_mag,0.639589
TRIAL_Red_SIM_01,Red,31.000000,acceleration_mag,0.619302
TRIAL_Red_SIM_01,Red,32.000000,acceleration_mag,0.597872
TRIAL_Red_SIM_01,Red,33.000000,acceleration_mag,0.571302
TRIAL_Red_SIM_01,Red,34.000000,acceleration_mag,0.544732
TRIAL_Red_SIM_01,Red,35.000000,acceleration_mag,0.516378
TRIAL_Red_SIM_01,Red,36.000000,acceleration_mag,0.487847
TRIAL_Red_SIM_01,Red,37.000000,acceleration_mag,0.468873
TRIAL_Red_SIM_01,Red,38.000000,acceleration_mag,0.455362
TRIAL_Red_SIM_01,Red,39.000000,acceleration_mag,0.439482
TRIAL_Red_SIM_01,Red,40.000000,acceleration_mag,0.419458
TRIAL_Red_SIM_01,Red,41.000000,acceleration_mag,0.398238
TRIAL_Red_SIM_01,Red,42.000000,acceleration_mag,0.365060
TRIAL_Red_SIM_01,Red,43.000000,acceleration_mag,0.331881
TRIAL_Red_SIM_01,Red,44.000000,acceleration_mag,0.275542
TRIAL_Red_SIM_01,Red,45.000000,acceleration_mag,0.214057
TRIAL_Red_SIM_01,Red,46.000000,acceleration_mag,0.148071
TRIAL_Red_SIM_01,Red,47.000000,acceleration_mag,0.078334
TRIAL_Red_SIM_01,Red,48.000000,acceleration_mag,0.052454
TRIAL_Red_SIM_01,Red,49.000000,acceleration_mag,0.143525
TRIAL_Red_SIM_01,Red,50.000000,acceleration_mag,0.234596
TRIAL_Red_SIM_01,Red,51.000000,acceleration_mag,0.315142
TRIAL_Red_SIM_01,Red,52.000000,acceleration_mag,0.395689
TRIAL_Red_SIM_01,Red,53.000000,acceleration_mag,0.445483
TRIAL_Red_SIM_01,Red,54.000000,acceleration_mag,0.483746
TRIAL_Red_SIM_01,Red,55.000000,acceleration_mag,0.511600
TRIAL_Red_SIM_01,Red,56.000000,acceleration_mag,0.526963
TRIAL_Red_SIM_01,Red,57.000000,acceleration_mag,0.539760
TRIAL_Red_SIM_01,Red,58.000000,acceleration_mag,0.541008
TRIAL_Red_SIM_01,Red,59.000000,acceleration_mag,0.542255
TRIAL_Red_SIM_01,Red,60.000000,acceleration_mag,0.557310
TRIAL_Red_SIM_01,Red,61.000000,acceleration_mag,0.573745
TRIAL_Red_SIM_01,Red,62.000000,acceleration_mag,0.590425
TRIAL_Red_SIM_01,Red,63.000000,acceleration_mag,0.607246
TRIAL_Red_SIM_01,Red,64.000000,acceleration_mag,0.626079
TRIAL_Red_SIM_01,Red,65.000000,acceleration_mag,0.648434
TRIAL_Red_SIM_01,Red,66.000000,acceleration_mag,0.668942
TRIAL_Red_SIM_01,Red,67.000000,acceleration_mag,0.670968
TRIAL_Red_SIM_01,Red,68.000000,acceleration_mag,0.672995
TRIAL_Red_SIM_01,Red,69.000000,acceleration_mag,0.654958
TRIAL_Red_SIM_01,Red,70.000000,acceleration_mag,0.632462
TRIAL_Red_SIM_01,Red,71.000000,acceleration_mag,0.604945
TRIAL_Red_SIM_01,Red,72.000000,acceleration_mag,0.573244
TRIAL_Red_SIM_01,Red,73.000000,acceleration_mag,0.543899
TRIAL_Red_SIM_01,Red,74.000000,acceleration_mag,0.520840
TRIAL_Red_SIM_01,Red,75.000000,acceleration_mag,0.497782
TRIAL_Red_SIM_01,Red,76.000000,acceleration_mag,0.485893
TRIAL_Red_SIM_01,Red,77.000000,acceleration_mag,0.474004
TRIAL_Red_SIM_01,Red,78.000000,acceleration_mag,0.446643
TRIAL_Red_SIM_01,Red,79.000000,acceleration_mag,0.413479
TRIAL_Red_SIM_01,Red,80.000000,acceleration_mag,0.374169
TRIAL_Red_SIM_01,Red,81.000000,acceleration_mag,0.327484
TRIAL_Red_SIM_01,Red,82.000000,acceleration_mag,0.281872
TRIAL_Red_SIM_01,Red,83.000000,acceleration_mag,0.241090
TRIAL_Red_SIM_01,Red,84.000000,acceleration_mag,0.200309
TRIAL_Red_SIM_01,Red,85.000000,acceleration_mag,0.189187
TRIAL_Red_SIM_01,Red,86.000000,acceleration_mag,0.181032
TRIAL_Red_SIM_01,Red,87.000000,acceleration_mag,0.176947
TRIAL_Red_SIM_01,Red,88.000000,acceleration_mag,0.175188
TRIAL_Red_SIM_01,Red,89.000000,acceleration_mag,0.174026
TRIAL_Red_SIM_01,Red,90.000000,acceleration_mag,0.173910
TRIAL_Red_SIM_01,Red,91.000000,acceleration_mag,0.173714
TRIAL_Red_SIM_01,Red,92.000000,acceleration_mag,0.172714
TRIAL_Red_SIM_01,Red,93.000000,acceleration_mag,0.171714
TRIAL_Red_SIM_01,Red,94.000000,acceleration_mag,0.161844
TRIAL_Red_SIM_01,Red,95.000000,acceleration_mag,0.150002
TRIAL_Red_SIM_01,Red,96.000000,acceleration_mag,0.128067
TRIAL_Red_SIM_01,Red,97.000000,acceleration_mag,0.097719
TRIAL_Red_SIM_01,Red,98.000000,acceleration_mag,0.069612
TRIAL_Red_SIM_01,Red,99.000000,acceleration_mag,0.047479
TRIAL_Red_SIM_01,Red,100.000000,acceleration_mag,0.025345
TRIAL_Red_SIM_01,Red,0.000000,ax,0.220210
TRIAL_Red_SIM_01,Red,1.000000,ax,0.172998
TRIAL_Red_SIM_01,Red,2.000000,ax,0.125785
TRIAL_Red_SIM_01,Red,3.000000,ax,0.109070
TRIAL_Red_SIM_01,Red,4.000000,ax,0.103792
TRIAL_Red_SIM_01,Red,5.000000,ax,0.103239
TRIAL_Red_SIM_01,Red,6.000000,ax,0.108357
TRIAL_Red_SIM_01,Red,7.000000,ax,0.118098
TRIAL_Red_SIM_01,Red,8.000000,ax,0.148638
TRIAL_Red_SIM_01,Red,9.000000,ax,0.179179
TRIAL_Red_SIM_01,Red,10.000000,ax,0.207669
TRIAL_Red_SIM_01,Red,11.000000,ax,0.235954
TRIAL_Red_SIM_01,Red,12.000000,ax,0.265611
TRIAL_Red_SIM_01,Red,13.000000,ax,0.296052
TRIAL_Red_SIM_01,Red,14.000000,ax,0.323647
TRIAL_Red_SIM_01,Red,15.000000,ax,0.346260
TRIAL_Red_SIM_01,Red,16.000000,ax,0.369176
TRIAL_Red_SIM_01,Red,17.000000,ax,0.395123
TRIAL_Red_SIM_01,Red,18.000000,ax,0.421069
TRIAL_Red_SIM_01,Red,19.000000,ax,0.440944
TRIAL_Red_SIM_01,Red,20.000000,ax,0.459470
TRIAL_Red_SIM_01,Red,21.000000,ax,0.478496
TRIAL_Red_SIM_01,Red,22.000000,ax,0.497940
TRIAL_Red_SIM_01,Red,23.000000,ax,0.518751
TRIAL_Red_SIM_01,Red,24.000000,ax,0.543210
TRIAL_Red_SIM_01,Red,25.000000,ax,0.567669
TRIAL_Red_SIM_01,Red,26.000000,ax,0.590841
TRIAL_Red_SIM_01,Red,27.000000,ax,0.614012
TRIAL_Red_SIM_01,Red,28.000000,ax,0.626656
TRIAL_Red_SIM_01,Red,29.000000,ax,0.635352
TRIAL_Red_SIM_01,Red,30.000000,ax,0.630456
TRIAL_Red_SIM_01,Red,31.000000,ax,0.609251
TRIAL_Red_SIM_01,Red,32.000000,ax,0.586898
TRIAL_Red_SIM_01,Red,33.000000,ax,0.559381
TRIAL_Red_SIM_01,Red,34.000000,ax,0.531864
TRIAL_Red_SIM_01,Red,35.000000,ax,0.503158
TRIAL_Red_SIM_01,Red,36.000000,ax,0.474334
TRIAL_Red_SIM_01,Red,37.000000,ax,0.456657
TRIAL_Red_SIM_01,Red,38.000000,ax,0.445352
TRIAL_Red_SIM_01,Red,39.000000,ax,0.431575
TRIAL_Red_SIM_01,Red,40.000000,ax,0.413475
TRIAL_Red_SIM_01,Red,41.000000,ax,0.394071
TRIAL_Red_SIM_01,Red,42.000000,ax,0.361616
TRIAL_Red_SIM_01,Red,43.000000,ax,0.329161
TRIAL_Red_SIM_01,Red,44.000000,ax,0.273308
TRIAL_Red_SIM_01,Red,45.000000,ax,0.212255
TRIAL_Red_SIM_01,Red,46.000000,ax,0.136081
TRIAL_Red_SIM_01,Red,47.000000,ax,0.047304
TRIAL_Red_SIM_01,Red,48.000000,ax,-0.043032
TRIAL_Red_SIM_01,Red,49.000000,ax,-0.137529
TRIAL_Red_SIM_01,Red,50.000000,ax,-0.232026
TRIAL_Red_SIM_01,Red,51.000000,ax,-0.312029
TRIAL_Red_SIM_01,Red,52.000000,ax,-0.392033
TRIAL_Red_SIM_01,Red,53.000000,ax,-0.441327
TRIAL_Red_SIM_01,Red,54.000000,ax,-0.479106
TRIAL_Red_SIM_01,Red,55.000000,ax,-0.506474
TRIAL_Red_SIM_01,Red,56.000000,ax,-0.521349
TRIAL_Red_SIM_01,Red,57.000000,ax,-0.533665
TRIAL_Red_SIM_01,Red,58.000000,ax,-0.534460
TRIAL_Red_SIM_01,Red,59.000000,ax,-0.535255
TRIAL_Red_SIM_01,Red,60.000000,ax,-0.549735
TRIAL_Red_SIM_01,Red,61.000000,ax,-0.565585
TRIAL_Red_SIM_01,Red,62.000000,ax,-0.581786
TRIAL_Red_SIM_01,Red,63.000000,ax,-0.598190
TRIAL_Red_SIM_01,Red,64.000000,ax,-0.616533
TRIAL_Red_SIM_01,Red,65.000000,ax,-0.638271
TRIAL_Red_SIM_01,Red,66.000000,ax,-0.658190
TRIAL_Red_SIM_01,Red,67.000000,ax,-0.659916
TRIAL_Red_SIM_01,Red,68.000000,ax,-0.661642
TRIAL_Red_SIM_01,Red,69.000000,ax,-0.643713
TRIAL_Red_SIM_01,Red,70.000000,ax,-0.621416
TRIAL_Red_SIM_01,Red,71.000000,ax,-0.594863
TRIAL_Red_SIM_01,Red,72.000000,ax,-0.564762
TRIAL_Red_SIM_01,Red,73.000000,ax,-0.536917
TRIAL_Red_SIM_01,Red,74.000000,ax,-0.515088
TRIAL_Red_SIM_01,Red,75.000000,ax,-0.493258
TRIAL_Red_SIM_01,Red,76.000000,ax,-0.481792
TRIAL_Red_SIM_01,Red,77.000000,ax,-0.470325
TRIAL_Red_SIM_01,Red,78.000000,ax,-0.443244
TRIAL_Red_SIM_01,Red,79.000000,ax,-0.410307
TRIAL_Red_SIM_01,Red,80.000000,ax,-0.371213
TRIAL_Red_SIM_01,Red,81.000000,ax,-0.324730
TRIAL_Red_SIM_01,Red,82.000000,ax,-0.279318
TRIAL_Red_SIM_01,Red,83.000000,ax,-0.238724
TRIAL_Red_SIM_01,Red,84.000000,ax,-0.198129
TRIAL_Red_SIM_01,Red,85.000000,ax,-0.187019
TRIAL_Red_SIM_01,Red,86.000000,ax,-0.178857
TRIAL_Red_SIM_01,Red,87.000000,ax,-0.174637
TRIAL_Red_SIM_01,Red,88.000000,ax,-0.172668
TRIAL_Red_SIM_01,Red,89.000000,ax,-0.171474
TRIAL_Red_SIM_01,Red,90.000000,ax,-0.171634
TRIAL_Red_SIM_01,Red,91.000000,ax,-0.171721
TRIAL_Red_SIM_01,Red,92.000000,ax,-0.171070
TRIAL_Red_SIM_01,Red,93.000000,ax,-0.170419
TRIAL_Red_SIM_01,Red,94.000000,ax,-0.160651
TRIAL_Red_SIM_01,Red,95.000000,ax,-0.148857
TRIAL_Red_SIM_01,Red,96.000000,ax,-0.127059
TRIAL_Red_SIM_01,Red,97.000000,ax,-0.096925
TRIAL_Red_SIM_01,Red,98.000000,ax,-0.068687
TRIAL_Red_SIM_01,Red,99.000000,ax,-0.045508
TRIAL_Red_SIM_01,Red,100.000000,ax,-0.022328
TRIAL_Red_SIM_01,Red,0.000000,ay,-0.015523
TRIAL_Red_SIM_01,Red,1.000000,ay,-0.004648
TRIAL_Red_SIM_01,Red,2.000000,ay,0.006227
TRIAL_Red_SIM_01,Red,3.000000,ay,0.012655
TRIAL_Red_SIM_01,Red,4.000000,ay,0.017415
TRIAL_Red_SIM_01,Red,5.000000,ay,0.021152
TRIAL_Red_SIM_01,Red,6.000000,ay,0.023662
TRIAL_Red_SIM_01,Red,7.000000,ay,0.025274
TRIAL_Red_SIM_01,Red,8.000000,ay,0.022851
TRIAL_Red_SIM_01,Red,9.000000,ay,0.020428
TRIAL_Red_SIM_01,Red,10.000000,ay,0.022650
TRIAL_Red_SIM_01,Red,11.000000,ay,0.025335
TRIAL_Red_SIM_01,Red,12.000000,ay,0.026665
TRIAL_Red_SIM_01,Red,13.000000,ay,0.027221
TRIAL_Red_SIM_01,Red,14.000000,ay,0.027731
TRIAL_Red_SIM_01,Red,15.000000,ay,0.028161
TRIAL_Red_SIM_01,Red,16.000000,ay,0.028217
TRIAL_Red_SIM_01,Red,17.000000,ay,0.024525
TRIAL_Red_SIM_01,Red,18.000000,ay,0.020832
TRIAL_Red_SIM_01,Red,19.000000,ay,0.020090
TRIAL_Red_SIM_01,Red,20.000000,ay,0.020003
TRIAL_Red_SIM_01,Red,21.000000,ay,0.020978
TRIAL_Red_SIM_01,Red,22.000000,ay,0.022838
TRIAL_Red_SIM_01,Red,23.000000,ay,0.024639
TRIAL_Red_SIM_01,Red,24.000000,ay,0.026283
TRIAL_Red_SIM_01,Red,25.000000,ay,0.027926
TRIAL_Red_SIM_01,Red,26.000000,ay,0.028164
TRIAL_Red_SIM_01,Red,27.000000,ay,0.028403
TRIAL_Red_SIM_01,Red,28.000000,ay,0.028840
TRIAL_Red_SIM_01,Red,29.000000,ay,0.029350
TRIAL_Red_SIM_01,Red,30.000000,ay,0.033390
TRIAL_Red_SIM_01,Red,31.000000,ay,0.041663
TRIAL_Red_SIM_01,Red,32.000000,ay,0.049579
TRIAL_Red_SIM_01,Red,33.000000,ay,0.055886
TRIAL_Red_SIM_01,Red,34.000000,ay,0.062193
TRIAL_Red_SIM_01,Red,35.000000,ay,0.064299
TRIAL_Red_SIM_01,Red,36.000000,ay,0.065986
TRIAL_Red_SIM_01,Red,37.000000,ay,0.059783
TRIAL_Red_SIM_01,Red,38.000000,ay,0.049072
TRIAL_Red_SIM_01,Red,39.000000,ay,0.037515
TRIAL_Red_SIM_01,Red,40.000000,ay,0.024478
TRIAL_Red_SIM_01,Red,41.000000,ay,0.012172
TRIAL_Red_SIM_01,Red,42.000000,ay,0.007178
TRIAL_Red_SIM_01,Red,43.000000,ay,0.002184
TRIAL_Red_SIM_01,Red,44.000000,ay,0.003001
TRIAL_Red_SIM_01,Red,45.000000,ay,0.005109
TRIAL_Red_SIM_01,Red,46.000000,ay,0.009750
TRIAL_Red_SIM_01,Red,47.000000,ay,0.016502
TRIAL_Red_SIM_01,Red,48.000000,ay,0.021496
TRIAL_Red_SIM_01,Red,49.000000,ay,0.021802
TRIAL_Red_SIM_01,Red,50.000000,ay,0.022108
TRIAL_Red_SIM_01,Red,51.000000,ay,0.019841
TRIAL_Red_SIM_01,Red,52.000000,ay,0.017573
TRIAL_Red_SIM_01,Red,53.000000,ay,0.013312
TRIAL_Red_SIM_01,Red,54.000000,ay,0.008303
TRIAL_Red_SIM_01,Red,55.000000,ay,0.002905
TRIAL_Red_SIM_01,Red,56.000000,ay,-0.002961
TRIAL_Red_SIM_01,Red,57.000000,ay,-0.008712
TRIAL_Red_SIM_01,Red,58.000000,ay,-0.013945
TRIAL_Red_SIM_01,Red,59.000000,ay,-0.019178
TRIAL_Red_SIM_01,Red,60.000000,ay,-0.023685
TRIAL_Red_SIM_01,Red,61.000000,ay,-0.028119
TRIAL_Red_SIM_01,Red,62.000000,ay,-0.031487
TRIAL_Red_SIM_01,Red,63.000000,ay,-0.034248
TRIAL_Red_SIM_01,Red,64.000000,ay,-0.037431
TRIAL_Red_SIM_01,Red,65.000000,ay,-0.041355
TRIAL_Red_SIM_01,Red,66.000000,ay,-0.045140
TRIAL_Red_SIM_01,Red,67.000000,ay,-0.047533
TRIAL_Red_SIM_01,Red,68.000000,ay,-0.049926
TRIAL_Red_SIM_01,Red,69.000000,ay,-0.050204
TRIAL_Red_SIM_01,Red,70.000000,ay,-0.050013
TRIAL_Red_SIM_01,Red,71.000000,ay,-0.044427
TRIAL_Red_SIM_01,Red,72.000000,ay,-0.034345
TRIAL_Red_SIM_01,Red,73.000000,ay,-0.023938
TRIAL_Red_SIM_01,Red,74.000000,ay,-0.012664
TRIAL_Red_SIM_01,Red,75.000000,ay,-0.001390
TRIAL_Red_SIM_01,Red,76.000000,ay,0.006074
TRIAL_Red_SIM_01,Red,77.000000,ay,0.013538
TRIAL_Red_SIM_01,Red,78.000000,ay,0.013645
TRIAL_Red_SIM_01,Red,79.000000,ay,0.010993
TRIAL_Red_SIM_01,Red,80.000000,ay,0.007399
TRIAL_Red_SIM_01,Red,81.000000,ay,0.002675
TRIAL_Red_SIM_01,Red,82.000000,ay,-0.001583
TRIAL_Red_SIM_01,Red,83.000000,ay,-0.003744
TRIAL_Red_SIM_01,Red,84.000000,ay,-0.005906
TRIAL_Red_SIM_01,Red,85.000000,ay,-0.006823
TRIAL_Red_SIM_01,Red,86.000000,ay,-0.007617
TRIAL_Red_SIM_01,Red,87.000000,ay,-0.009112
TRIAL_Red_SIM_01,Red,88.000000,ay,-0.011009
TRIAL_Red_SIM_01,Red,89.000000,ay,-0.011422
TRIAL_Red_SIM_01,Red,90.000000,ay,-0.009239
TRIAL_Red_SIM_01,Red,91.000000,ay,-0.006779
TRIAL_Red_SIM_01,Red,92.000000,ay,-0.001552
TRIAL_Red_SIM_01,Red,93.000000,ay,0.003676
TRIAL_Red_SIM_01,Red,94.000000,ay,0.007374
TRIAL_Red_SIM_01,Red,95.000000,ay,0.010733
TRIAL_Red_SIM_01,Red,96.000000,ay,0.011101
TRIAL_Red_SIM_01,Red,97.000000,ay,0.008976
TRIAL_Red_SIM_01,Red,98.000000,ay,0.005370
TRIAL_Red_SIM_01,Red,99.000000,ay,-0.002185
TRIAL_Red_SIM_01,Red,100.000000,ay,-0.009740
TRIAL_Red_SIM_01,Red,0.000000,az,0.025558
TRIAL_Red_SIM_01,Red,1.000000,az,0.023525
TRIAL_Red_SIM_01,Red,2.000000,az,0.021492
TRIAL_Red_SIM_01,Red,3.000000,az,0.021944
TRIAL_Red_SIM_01,Red,4.000000,az,0.023327
TRIAL_Red_SIM_01,Red,5.000000,az,0.024923
TRIAL_Red_SIM_01,Red,6.000000,az,0.026776
TRIAL_Red_SIM_01,Red,7.000000,az,0.028889
TRIAL_Red_SIM_01,Red,8.000000,az,0.032170
TRIAL_Red_SIM_01,Red,9.000000,az,0.035452
TRIAL_Red_SIM_01,Red,10.000000,az,0.040551
TRIAL_Red_SIM_01,Red,11.000000,az,0.045833
TRIAL_Red_SIM_01,Red,12.000000,az,0.050652
TRIAL_Red_SIM_01,Red,13.000000,az,0.055209
TRIAL_Red_SIM_01,Red,14.000000,az,0.059309
TRIAL_Red_SIM_01,Red,15.000000,az,0.062612
TRIAL_Red_SIM_01,Red,16.000000,az,0.065783
TRIAL_Red_SIM_01,Red,17.000000,az,0.067630
TRIAL_Red_SIM_01,Red,18.000000,az,0.069476
TRIAL_Red_SIM_01,Red,19.000000,az,0.071778
TRIAL_Red_SIM_01,Red,20.000000,az,0.074182
TRIAL_Red_SIM_01,Red,21.000000,az,0.077131
TRIAL_Red_SIM_01,Red,22.000000,az,0.080534
TRIAL_Red_SIM_01,Red,23.000000,az,0.084097
TRIAL_Red_SIM_01,Red,24.000000,az,0.088081
TRIAL_Red_SIM_01,Red,25.000000,az,0.092065
TRIAL_Red_SIM_01,Red,26.000000,az,0.095184
TRIAL_Red_SIM_01,Red,27.000000,az,0.098303
TRIAL_Red_SIM_01,Red,28.000000,az,0.099989
TRIAL_Red_SIM_01,Red,29.000000,az,0.101137
TRIAL_Red_SIM_01,Red,30.000000,az,0.101962
TRIAL_Red_SIM_01,Red,31.000000,az,0.102399
TRIAL_Red_SIM_01,Red,32.000000,az,0.102514
TRIAL_Red_SIM_01,Red,33.000000,az,0.101175
TRIAL_Red_SIM_01,Red,34.000000,az,0.099837
TRIAL_Red_SIM_01,Red,35.000000,az,0.096457
TRIAL_Red_SIM_01,Red,36.000000,az,0.092873
TRIAL_Red_SIM_01,Red,37.000000,az,0.087310
TRIAL_Red_SIM_01,Red,38.000000,az,0.080617
TRIAL_Red_SIM_01,Red,39.000000,az,0.073219
TRIAL_Red_SIM_01,Red,40.000000,az,0.064590
TRIAL_Red_SIM_01,Red,41.000000,az,0.056115
TRIAL_Red_SIM_01,Red,42.000000,az,0.049173
TRIAL_Red_SIM_01,Red,43.000000,az,0.042231
TRIAL_Red_SIM_01,Red,44.000000,az,0.034726
TRIAL_Red_SIM_01,Red,45.000000,az,0.027095
TRIAL_Red_SIM_01,Red,46.000000,az,0.018556
TRIAL_Red_SIM_01,Red,47.000000,az,0.009262
TRIAL_Red_SIM_01,Red,48.000000,az,-0.000997
TRIAL_Red_SIM_01,Red,49.000000,az,-0.013825
TRIAL_Red_SIM_01,Red,50.000000,az,-0.026654
TRIAL_Red_SIM_01,Red,51.000000,az,-0.038520
TRIAL_Red_SIM_01,Red,52.000000,az,-0.050386
TRIAL_Red_SIM_01,Red,53.000000,az,-0.058850
TRIAL_Red_SIM_01,Red,54.000000,az,-0.066040
TRIAL_Red_SIM_01,Red,55.000000,az,-0.071959
TRIAL_Red_SIM_01,Red,56.000000,az,-0.076355
TRIAL_Red_SIM_01,Red,57.000000,az,-0.080345
TRIAL_Red_SIM_01,Red,58.000000,az,-0.082509
TRIAL_Red_SIM_01,Red,59.000000,az,-0.084672
TRIAL_Red_SIM_01,Red,60.000000,az,-0.088348
TRIAL_Red_SIM_01,Red,61.000000,az,-0.092175
TRIAL_Red_SIM_01,Red,62.000000,az,-0.095560
TRIAL_Red_SIM_01,Red,63.000000,az,-0.098691
TRIAL_Red_SIM_01,Red,64.000000,az,-0.102255
TRIAL_Red_SIM_01,Red,65.000000,az,-0.106577
TRIAL_Red_SIM_01,Red,66.000000,az,-0.110592
TRIAL_Red_SIM_01,Red,67.000000,az,-0.111547
TRIAL_Red_SIM_01,Red,68.000000,az,-0.112501
TRIAL_Red_SIM_01,Red,69.000000,az,-0.109907
TRIAL_Red_SIM_01,Red,70.000000,az,-0.106525
TRIAL_Red_SIM_01,Red,71.000000,az,-0.100251
TRIAL_Red_SIM_01,Red,72.000000,az,-0.091567
TRIAL_Red_SIM_01,Red,73.000000,az,-0.083055
TRIAL_Red_SIM_01,Red,74.000000,az,-0.075000
TRIAL_Red_SIM_01,Red,75.000000,az,-0.066944
TRIAL_Red_SIM_01,Red,76.000000,az,-0.061987
TRIAL_Red_SIM_01,Red,77.000000,az,-0.057031
TRIAL_Red_SIM_01,Red,78.000000,az,-0.053241
TRIAL_Red_SIM_01,Red,79.000000,az,-0.049889
TRIAL_Red_SIM_01,Red,80.000000,az,-0.046167
TRIAL_Red_SIM_01,Red,81.000000,az,-0.041999
TRIAL_Red_SIM_01,Red,82.000000,az,-0.037776
TRIAL_Red_SIM_01,Red,83.000000,az,-0.033307
TRIAL_Red_SIM_01,Red,84.000000,az,-0.028837
TRIAL_Red_SIM_01,Red,85.000000,az,-0.027703
TRIAL_Red_SIM_01,Red,86.000000,az,-0.026901
TRIAL_Red_SIM_01,Red,87.000000,az,-0.026914
TRIAL_Red_SIM_01,Red,88.000000,az,-0.027393
TRIAL_Red_SIM_01,Red,89.000000,az,-0.027336
TRIAL_Red_SIM_01,Red,90.000000,az,-0.026343
TRIAL_Red_SIM_01,Red,91.000000,az,-0.025222
TRIAL_Red_SIM_01,Red,92.000000,az,-0.022824
TRIAL_Red_SIM_01,Red,93.000000,az,-0.020426
TRIAL_Red_SIM_01,Red,94.000000,az,-0.017536
TRIAL_Red_SIM_01,Red,95.000000,az,-0.014536
TRIAL_Red_SIM_01,Red,96.000000,az,-0.011549
TRIAL_Red_SIM_01,Red,97.000000,az,-0.008575
TRIAL_Red_SIM_01,Red,98.000000,az,-0.006481
TRIAL_Red_SIM_01,Red,99.000000,az,-0.006740
TRIAL_Red_SIM_01,Red,100.000000,az,-0.006998
TRIAL_Red_SIM_02,Red,0.000000,object_area,886.355922
TRIAL_Red_SIM_02,Red,1.000000,object_area,887.348796
TRIAL_Red_SIM_02,Red,2.000000,object_area,888.341669
TRIAL_Red_SIM_02,Red,3.000000,object_area,890.830503
TRIAL_Red_SIM_02,Red,4.000000,object_area,893.880322
TRIAL_Red_SIM_02,Red,5.000000,object_area,897.732476
TRIAL_Red_SIM_02,Red,6.000000,object_area,902.547432
TRIAL_Red_SIM_02,Red,7.000000,object_area,907.871703
TRIAL_Red_SIM_02,Red,8.000000,object_area,915.487889
TRIAL_Red_SIM_02,Red,9.000000,object_area,923.104075
TRIAL_Red_SIM_02,Red,10.000000,object_area,931.622455
TRIAL_Red_SIM_02,Red,11.000000,object_area,940.231054
TRIAL_Red_SIM_02,Red,12.000000,object_area,949.886462
TRIAL_Red_SIM_02,Red,13.000000,object_area,960.140045
TRIAL_Red_SIM_02,Red,14.000000,object_area,971.055197
TRIAL_Red_SIM_02,Red,15.000000,object_area,983.128095
TRIAL_Red_SIM_02,Red,16.000000,object_area,995.423280
TRIAL_Red_SIM_02,Red,17.000000,object_area,1009.941342
TRIAL_Red_SIM_02,Red,18.000000,object_area,1024.459403
TRIAL_Red_SIM_02,Red,19.000000,object_area,1039.992247
TRIAL_Red_SIM_02,Red,20.000000,object_area,1055.750597
TRIAL_Red_SIM_02,Red,21.000000,object_area,1071.532836
TRIAL_Red_SIM_02,Red,22.000000,object_area,1087.334980
TRIAL_Red_SIM_02,Red,23.000000,object_area,1103.456783
TRIAL_Red_SIM_02,Red,24.000000,object_area,1120.431009
TRIAL_Red_SIM_02,Red,25.000000,object_area,1137.405235
TRIAL_Red_SIM_02,Red,26.000000,object_area,1156.040773
TRIAL_Red_SIM_02,Red,27.000000,object_area,1174.676311
TRIAL_Red_SIM_02,Red,28.000000,object_area,1194.213229
TRIAL_Red_SIM_02,Red,29.000000,object_area,1214.088164
TRIAL_Red_SIM_02,Red,30.000000,object_area,1234.441560
TRIAL_Red_SIM_02,Red,31.000000,object_area,1255.369107
TRIAL_Red_SIM_02,Red,32.000000,object_area,1276.507178
TRIAL_Red_SIM_02,Red,33.000000,object_area,1298.592604
TRIAL_Red_SIM_02,Red,34.000000,object_area,1320.678030
TRIAL_Red_SIM_02,Red,35.000000,object_area,1343.697924
TRIAL_Red_SIM_02,Red,36.000000,object_area,1366.811265
TRIAL_Red_SIM_02,Red,37.000000,object_area,1390.093145
TRIAL_Red_SIM_02,Red,38.000000,object_area,1413.471332
TRIAL_Red_SIM_02,Red,39.000000,object_area,1436.674288
TRIAL_Red_SIM_02,Red,40.000000,object_area,1459.570586
TRIAL_Red_SIM_02,Red,41.000000,object_area,1482.544785
TRIAL_Red_SIM_02,Red,42.000000,object_area,1506.297996
TRIAL_Red_SIM_02,Red,43.000000,object_area,1530.051206
TRIAL_Red_SIM_02,Red,44.000000,object_area,1553.761512
TRIAL_Red_SIM_02,Red,45.000000,object_area,1577.462284
TRIAL_Red_SIM_02,Red,46.000000,object_area,1601.572242
TRIAL_Red_SIM_02,Red,47.000000,object_area,1626.023190
TRIAL_Red_SIM_02,Red,48.000000,object_area,1650.375857
TRIAL_Red_SIM_02,Red,49.000000,object_area,1674.466442
TRIAL_Red_SIM_02,Red,50.000000,object_area,1698.557027
TRIAL_Red_SIM_02,Red,51.000000,object_area,1724.174615
TRIAL_Red_SIM_02,Red,52.000000,object_area,1749.792203
TRIAL_Red_SIM_02,Red,53.000000,object_area,1774.928253
TRIAL_Red_SIM_02,Red,54.000000,object_area,1799.883727
TRIAL_Red_SIM_02,Red,55.000000,object_area,1824.853703
TRIAL_Red_SIM_02,Red,56.000000,object_area,1849.841084
TRIAL_Red_SIM_02,Red,57.000000,object_area,1874.374240
TRIAL_Red_SIM_02,Red,58.000000,object_area,1896.863391
TRIAL_Red_SIM_02,Red,59.000000,object_area,1919.352542
TRIAL_Red_SIM_02,Red,60.000000,object_area,1941.636429
TRIAL_Red_SIM_02,Red,61.000000,object_area,1963.899790
TRIAL_Red_SIM_02,Red,62.000000,object_area,1985.462770
TRIAL_Red_SIM_02,Red,63.000000,object_area,2006.625533
TRIAL_Red_SIM_02,Red,64.000000,object_area,2028.083818
TRIAL_Red_SIM_02,Red,65.000000,object_area,2050.059267
TRIAL_Red_SIM_02,Red,66.000000,object_area,2072.075207
TRIAL_Red_SIM_02,Red,67.000000,object_area,2094.496040
TRIAL_Red_SIM_02,Red,68.000000,object_area,2116.916873
TRIAL_Red_SIM_02,Red,69.000000,object_area,2139.133640
TRIAL_Red_SIM_02,Red,70.000000,object_area,2161.305060
TRIAL_Red_SIM_02,Red,71.000000,object_area,2183.028132
TRIAL_Red_SIM_02,Red,72.000000,object_area,2204.377582
TRIAL_Red_SIM_02,Red,73.000000,object_area,2225.103580
TRIAL_Red_SIM_02,Red,74.000000,object_area,2244.167036
TRIAL_Red_SIM_02,Red,75.000000,object_area,2263.230493
TRIAL_Red_SIM_02,Red,76.000000,object_area,2280.297314
TRIAL_Red_SIM_02,Red,77.000000,object_area,2297.364135
TRIAL_Red_SIM_02,Red,78.000000,object_area,2312.977576
TRIAL_Red_SIM_02,Red,79.000000,object_area,2328.045999
TRIAL_Red_SIM_02,Red,80.000000,object_area,2342.652128
TRIAL_Red_SIM_02,Red,81.000000,object_area,2356.703504
TRIAL_Red_SIM_02,Red,82.000000,object_area,2370.643617
TRIAL_Red_SIM_02,Red,83.000000,object_area,2384.083044
TRIAL_Red_SIM_02,Red,84.000000,object_area,2397.522471
TRIAL_Red_SIM_02,Red,85.000000,object_area,2409.954214
TRIAL_Red_SIM_02,Red,86.000000,object_area,2422.285188
TRIAL_Red_SIM_02,Red,87.000000,object_area,2433.902714
TRIAL_Red_SIM_02,Red,88.000000,object_area,2445.112554
TRIAL_Red_SIM_02,Red,89.000000,object_area,2455.730668
TRIAL_Red_SIM_02,Red,90.000000,object_area,2465.313260
TRIAL_Red_SIM_02,Red,91.000000,object_area,2474.680659
TRIAL_Red_SIM_02,Red,92.000000,object_area,2481.896118
TRIAL_Red_SIM_02,Red,93.000000,object_area,2489.111576
TRIAL_Red_SIM_02,Red,94.000000,object_area,2493.955037
TRIAL_Red_SIM_02,Red,95.000000,object_area,2498.271388
TRIAL_Red_SIM_02,Red,96.000000,object_area,2501.558073
TRIAL_Red_SIM_02,Red,97.000000,object_area,2503.986705
TRIAL_Red_SIM_02,Red,98.000000,object_area,2506.095871
TRIAL_Red_SIM_02,Red,99.000000,object_area,2507.353129
TRIAL_Red_SIM_02,Red,100.000000,object_area,2508.610387
TRIAL_Red_SIM_02,Red,0.000000,finger_width,26.229599
TRIAL_Red_SIM_02,Red,1.000000,finger_width,26.938786
TRIAL_Red_SIM_02,Red,2.000000,finger_width,27.647972
TRIAL_Red_SIM_02,Red,3.000000,finger_width,29.019124
TRIAL_Red_SIM_02,Red,4.000000,finger_width,30.638512
TRIAL_Red_SIM_02,Red,5.000000,finger_width,32.597143
TRIAL_Red_SIM_02,Red,6.000000,finger_width,34.962864
TRIAL_Red_SIM_02,Red,7.000000,finger_width,37.368194
TRIAL_Red_SIM_02,Red,8.000000,finger_width,39.951767
TRIAL_Red_SIM_02,Red,9.000000,finger_width,42.535340
TRIAL_Red_SIM_02,Red,10.000000,finger_width,45.484773
TRIAL_Red_SIM_02,Red,11.000000,finger_width,48.470792
TRIAL_Red_SIM_02,Red,12.000000,finger_width,51.768890
TRIAL_Red_SIM_02,Red,13.000000,finger_width,55.245320
TRIAL_Red_SIM_02,Red,14.000000,finger_width,58.931323
TRIAL_Red_SIM_02,Red,15.000000,finger_width,62.984079
TRIAL_Red_SIM_02,Red,16.000000,finger_width,67.063212
TRIAL_Red_SIM_02,Red,17.000000,finger_width,71.406111
TRIAL_Red_SIM_02,Red,18.000000,finger_width,75.749010
TRIAL_Red_SIM_02,Red,19.000000,finger_width,80.245637
TRIAL_Red_SIM_02,Red,20.000000,finger_width,84.776426
TRIAL_Red_SIM_02,Red,21.000000,finger_width,89.341090
TRIAL_Red_SIM_02,Red,22.000000,finger_width,93.933983
TRIAL_Red_SIM_02,Red,23.000000,finger_width,98.547796
TRIAL_Red_SIM_02,Red,24.000000,finger_width,103.217400
TRIAL_Red_SIM_02,Red,25.000000,finger_width,107.887003
TRIAL_Red_SIM_02,Red,26.000000,finger_width,112.690703
TRIAL_Red_SIM_02,Red,27.000000,finger_width,117.494404
TRIAL_Red_SIM_02,Red,28.000000,finger_width,122.110892
TRIAL_Red_SIM_02,Red,29.000000,finger_width,126.657177
TRIAL_Red_SIM_02,Red,30.000000,finger_width,131.113739
TRIAL_Red_SIM_02,Red,31.000000,finger_width,135.462636
TRIAL_Red_SIM_02,Red,32.000000,finger_width,139.677857
TRIAL_Red_SIM_02,Red,33.000000,finger_width,143.291535
TRIAL_Red_SIM_02,Red,34.000000,finger_width,146.905213
TRIAL_Red_SIM_02,Red,35.000000,finger_width,150.219117
TRIAL_Red_SIM_02,Red,36.000000,finger_width,153.503045
TRIAL_Red_SIM_02,Red,37.000000,finger_width,156.265749
TRIAL_Red_SIM_02,Red,38.000000,finger_width,158.730612
TRIAL_Red_SIM_02,Red,39.000000,finger_width,160.989859
TRIAL_Red_SIM_02,Red,40.000000,finger_width,162.889279
TRIAL_Red_SIM_02,Red,41.000000,finger_width,164.719364
TRIAL_Red_SIM_02,Red,42.000000,finger_width,165.856101
TRIAL_Red_SIM_02,Red,43.000000,finger_width,166.992838
TRIAL_Red_SIM_02,Red,44.000000,finger_width,167.612449
TRIAL_Red_SIM_02,Red,45.000000,finger_width,168.117143
TRIAL_Red_SIM_02,Red,46.000000,finger_width,168.041774
TRIAL_Red_SIM_02,Red,47.000000,finger_width,167.483020
TRIAL_Red_SIM_02,Red,48.000000,finger_width,166.607619
TRIAL_Red_SIM_02,Red,49.000000,finger_width,164.887828
TRIAL_Red_SIM_02,Red,50.000000,finger_width,163.168037
TRIAL_Red_SIM_02,Red,51.000000,finger_width,160.328288
TRIAL_Red_SIM_02,Red,52.000000,finger_width,157.488540
TRIAL_Red_SIM_02,Red,53.000000,finger_width,153.975077
TRIAL_Red_SIM_02,Red,54.000000,finger_width,150.208971
TRIAL_Red_SIM_02,Red,55.000000,finger_width,146.075196
TRIAL_Red_SIM_02,Red,56.000000,finger_width,141.500219
TRIAL_Red_SIM_02,Red,57.000000,finger_width,136.886852
TRIAL_Red_SIM_02,Red,58.000000,finger_width,132.100732
TRIAL_Red_SIM_02,Red,59.000000,finger_width,127.314612
TRIAL_Red_SIM_02,Red,60.000000,finger_width,122.643832
TRIAL_Red_SIM_02,Red,61.000000,finger_width,117.984586
TRIAL_Red_SIM_02,Red,62.000000,finger_width,113.503188
TRIAL_Red_SIM_02,Red,63.000000,finger_width,109.123416
TRIAL_Red_SIM_02,Red,64.000000,finger_width,104.719715
TRIAL_Red_SIM_02,Red,65.000000,finger_width,100.274137
TRIAL_Red_SIM_02,Red,66.000000,finger_width,95.827992
TRIAL_Red_SIM_02,Red,67.000000,finger_width,91.376186
TRIAL_Red_SIM_02,Red,68.000000,finger_width,86.924380
TRIAL_Red_SIM_02,Red,69.000000,finger_width,82.710247
TRIAL_Red_SIM_02,Red,70.000000,finger_width,78.548929
TRIAL_Red_SIM_02,Red,71.000000,finger_width,74.821768
TRIAL_Red_SIM_02,Red,72.000000,finger_width,71.456404
TRIAL_Red_SIM_02,Red,73.000000,finger_width,68.348200
TRIAL_Red_SIM_02,Red,74.000000,finger_width,65.925760
TRIAL_Red_SIM_02,Red,75.000000,finger_width,63.503319
TRIAL_Red_SIM_02,Red,76.000000,finger_width,62.111576
TRIAL_Red_SIM_02,Red,77.000000,finger_width,60.719832
TRIAL_Red_SIM_02,Red,78.000000,finger_width,60.013158
TRIAL_Red_SIM_02,Red,79.000000,finger_width,59.563386
TRIAL_Red_SIM_02,Red,80.000000,finger_width,59.319680
TRIAL_Red_SIM_02,Red,81.000000,finger_width,59.323254
TRIAL_Red_SIM_02,Red,82.000000,finger_width,59.334010
TRIAL_Red_SIM_02,Red,83.000000,finger_width,59.377088
TRIAL_Red_SIM_02,Red,84.000000,finger_width,59.420165
TRIAL_Red_SIM_02,Red,85.000000,finger_width,59.651813
TRIAL_Red_SIM_02,Red,86.000000,finger_width,59.902317
TRIAL_Red_SIM_02,Red,87.000000,finger_width,60.022190
TRIAL_Red_SIM_02,Red,88.000000,finger_width,60.067414
TRIAL_Red_SIM_02,Red,89.000000,finger_width,60.108510
TRIAL_Red_SIM_02,Red,90.000000,finger_width,60.142380
TRIAL_Red_SIM_02,Red,91.000000,finger_width,60.164521
TRIAL_Red_SIM_02,Red,92.000000,finger_width,60.069382
TRIAL_Red_SIM_02,Red,93.000000,finger_width,59.974242
TRIAL_Red_SIM_02,Red,94.000000,finger_width,59.966901
TRIAL_Red_SIM_02,Red,95.000000,finger_width,59.979070
TRIAL_Red_SIM_02,Red,96.000000,finger_width,59.964578
TRIAL_Red_SIM_02,Red,97.000000,finger_width,59.927867
TRIAL_Red_SIM_02,Red,98.000000,finger_width,59.912674
TRIAL_Red_SIM_02,Red,99.000000,finger_width,59.954863
TRIAL_Red_SIM_02,Red,100.000000,finger_width,59.997052
TRIAL_Red_SIM_02,Red,0.000000,velocity,0.015962
TRIAL_Red_SIM_02,Red,1.000000,velocity,0.018575
TRIAL_Red_SIM_02,Red,2.000000,velocity,0.021187
TRIAL_Red_SIM_02,Red,3.000000,velocity,0.024093
TRIAL_Red_SIM_02,Red,4.000000,velocity,0.027108
TRIAL_Red_SIM_02,Red,5.000000,velocity,0.030244
TRIAL_Red_SIM_02,Red,6.000000,velocity,0.033528
TRIAL_Red_SIM_02,Red,7.000000,velocity,0.036963
TRIAL_Red_SIM_02,Red,8.000000,velocity,0.041084
TRIAL_Red_SIM_02,Red,9.000000,velocity,0.045204
TRIAL_Red_SIM_02,Red,10.000000,velocity,0.049653
TRIAL_Red_SIM_02,Red,11.000000,velocity,0.054134
TRIAL_Red_SIM_02,Red,12.000000,velocity,0.059182
TRIAL_Red_SIM_02,Red,13.000000,velocity,0.064554
TRIAL_Red_SIM_02,Red,14.000000,velocity,0.070079
TRIAL_Red_SIM_02,Red,15.000000,velocity,0.075871
TRIAL_Red_SIM_02,Red,16.000000,velocity,0.081777
TRIAL_Red_SIM_02,Red,17.000000,velocity,0.088829
TRIAL_Red_SIM_02,Red,18.000000,velocity,0.095881
TRIAL_Red_SIM_02,Red,19.000000,velocity,0.103374
TRIAL_Red_SIM_02,Red,20.000000,velocity,0.110965
TRIAL_Red_SIM_02,Red,21.000000,velocity,0.119237
TRIAL_Red_SIM_02,Red,22.000000,velocity,0.128077
TRIAL_Red_SIM_02,Red,23.000000,velocity,0.136920
TRIAL_Red_SIM_02,Red,24.000000,velocity,0.145773
TRIAL_Red_SIM_02,Red,25.000000,velocity,0.154626
TRIAL_Red_SIM_02,Red,26.000000,velocity,0.163952
TRIAL_Red_SIM_02,Red,27.000000,velocity,0.173278
TRIAL_Red_SIM_02,Red,28.000000,velocity,0.182107
TRIAL_Red_SIM_02,Red,29.000000,velocity,0.190750
TRIAL_Red_SIM_02,Red,30.000000,velocity,0.199531
TRIAL_Red_SIM_02,Red,31.000000,velocity,0.208479
TRIAL_Red_SIM_02,Red,32.000000,velocity,0.217173
TRIAL_Red_SIM_02,Red,33.000000,velocity,0.224727
TRIAL_Red_SIM_02,Red,34.000000,velocity,0.232280
TRIAL_Red_SIM_02,Red,35.000000,velocity,0.239022
TRIAL_Red_SIM_02,Red,36.000000,velocity,0.245682
TRIAL_Red_SIM_02,Red,37.000000,velocity,0.251294
TRIAL_Red_SIM_02,Red,38.000000,velocity,0.256308
TRIAL_Red_SIM_02,Red,39.000000,velocity,0.260862
TRIAL_Red_SIM_02,Red,40.000000,velocity,0.264612
TRIAL_Red_SIM_02,Red,41.000000,velocity,0.268189
TRIAL_Red_SIM_02,Red,42.000000,velocity,0.270040
TRIAL_Red_SIM_02,Red,43.000000,velocity,0.271891
TRIAL_Red_SIM_02,Red,44.000000,velocity,0.271724
TRIAL_Red_SIM_02,Red,45.000000,velocity,0.271109
TRIAL_Red_SIM_02,Red,46.000000,velocity,0.269729
TRIAL_Red_SIM_02,Red,47.000000,velocity,0.267712
TRIAL_Red_SIM_02,Red,48.000000,velocity,0.265330
TRIAL_Red_SIM_02,Red,49.000000,velocity,0.261977
TRIAL_Red_SIM_02,Red,50.000000,velocity,0.258624
TRIAL_Red_SIM_02,Red,51.000000,velocity,0.254488
TRIAL_Red_SIM_02,Red,52.000000,velocity,0.250353
TRIAL_Red_SIM_02,Red,53.000000,velocity,0.245100
TRIAL_Red_SIM_02,Red,54.000000,velocity,0.239429
TRIAL_Red_SIM_02,Red,55.000000,velocity,0.233179
TRIAL_Red_SIM_02,Red,56.000000,velocity,0.226237
TRIAL_Red_SIM_02,Red,57.000000,velocity,0.219124
TRIAL_Red_SIM_02,Red,58.000000,velocity,0.211241
TRIAL_Red_SIM_02,Red,59.000000,velocity,0.203358
TRIAL_Red_SIM_02,Red,60.000000,velocity,0.194993
TRIAL_Red_SIM_02,Red,61.000000,velocity,0.186581
TRIAL_Red_SIM_02,Red,62.000000,velocity,0.177926
TRIAL_Red_SIM_02,Red,63.000000,velocity,0.169134
TRIAL_Red_SIM_02,Red,64.000000,velocity,0.160229
TRIAL_Red_SIM_02,Red,65.000000,velocity,0.151129
TRIAL_Red_SIM_02,Red,66.000000,velocity,0.142031
TRIAL_Red_SIM_02,Red,67.000000,velocity,0.132959
TRIAL_Red_SIM_02,Red,68.000000,velocity,0.123887
TRIAL_Red_SIM_02,Red,69.000000,velocity,0.115280
TRIAL_Red_SIM_02,Red,70.000000,velocity,0.106778
TRIAL_Red_SIM_02,Red,71.000000,velocity,0.098695
TRIAL_Red_SIM_02,Red,72.000000,velocity,0.090963
TRIAL_Red_SIM_02,Red,73.000000,velocity,0.083448
TRIAL_Red_SIM_02,Red,74.000000,velocity,0.076512
TRIAL_Red_SIM_02,Red,75.000000,velocity,0.069577
TRIAL_Red_SIM_02,Red,76.000000,velocity,0.063306
TRIAL_Red_SIM_02,Red,77.000000,velocity,0.057035
TRIAL_Red_SIM_02,Red,78.000000,velocity,0.051446
TRIAL_Red_SIM_02,Red,79.000000,velocity,0.046112
TRIAL_Red_SIM_02,Red,80.000000,velocity,0.041339
TRIAL_Red_SIM_02,Red,81.000000,velocity,0.037237
TRIAL_Red_SIM_02,Red,82.000000,velocity,0.033339
TRIAL_Red_SIM_02,Red,83.000000,velocity,0.030361
TRIAL_Red_SIM_02,Red,84.000000,velocity,0.027383
TRIAL_Red_SIM_02,Red,85.000000,velocity,0.024604
TRIAL_Red_SIM_02,Red,86.000000,velocity,0.021845
TRIAL_Red_SIM_02,Red,87.000000,velocity,0.018976
TRIAL_Red_SIM_02,Red,88.000000,velocity,0.016043
TRIAL_Red_SIM_02,Red,89.000000,velocity,0.013062
TRIAL_Red_SIM_02,Red,90.000000,velocity,0.009996
TRIAL_Red_SIM_02,Red,91.000000,velocity,0.007025
TRIAL_Red_SIM_02,Red,92.000000,velocity,0.005003
TRIAL_Red_SIM_02,Red,93.000000,velocity,0.002982
TRIAL_Red_SIM_02,Red,94.000000,velocity,0.001673
TRIAL_Red_SIM_02,Red,95.000000,velocity,0.000523
TRIAL_Red_SIM_02,Red,96.000000,velocity,0.000016
TRIAL_Red_SIM_02,Red,97.000000,velocity,0.000045
TRIAL_Red_SIM_02,Red,98.000000,velocity,0.000062
TRIAL_Red_SIM_02,Red,99.000000,velocity,0.000048
TRIAL_Red_SIM_02,Red,100.000000,velocity,0.000033
TRIAL_Red_SIM_02,Red,0.000000,acceleration_mag,0.319424
TRIAL_Red_SIM_02,Red,1.000000,acceleration_mag,0.261080
TRIAL_Red_SIM_02,Red,2.000000,acceleration_mag,0.202737
TRIAL_Red_SIM_02,Red,3.000000,acceleration_mag,0.194420
TRIAL_Red_SIM_02,Red,4.000000,acceleration_mag,0.204861
TRIAL_Red_SIM_02,Red,5.000000,acceleration_mag,0.218463
TRIAL_Red_SIM_02,Red,6.000000,acceleration_mag,0.235855
TRIAL_Red_SIM_02,Red,7.000000,acceleration_mag,0.253347
TRIAL_Red_SIM_02,Red,8.000000,acceleration_mag,0.271282
TRIAL_Red_SIM_02,Red,9.000000,acceleration_mag,0.289218
TRIAL_Red_SIM_02,Red,10.000000,acceleration_mag,0.308389
TRIAL_Red_SIM_02,Red,11.000000,acceleration_mag,0.327685
TRIAL_Red_SIM_02,Red,12.000000,acceleration_mag,0.347684
TRIAL_Red_SIM_02,Red,13.000000,acceleration_mag,0.368085
TRIAL_Red_SIM_02,Red,14.000000,acceleration_mag,0.390350
TRIAL_Red_SIM_02,Red,15.000000,acceleration_mag,0.415880
TRIAL_Red_SIM_02,Red,16.000000,acceleration_mag,0.441521
TRIAL_Red_SIM_02,Red,17.000000,acceleration_mag,0.468282
TRIAL_Red_SIM_02,Red,18.000000,acceleration_mag,0.495042
TRIAL_Red_SIM_02,Red,19.000000,acceleration_mag,0.521430
TRIAL_Red_SIM_02,Red,20.000000,acceleration_mag,0.547735
TRIAL_Red_SIM_02,Red,21.000000,acceleration_mag,0.570286
TRIAL_Red_SIM_02,Red,22.000000,acceleration_mag,0.589707
TRIAL_Red_SIM_02,Red,23.000000,acceleration_mag,0.605907
TRIAL_Red_SIM_02,Red,24.000000,acceleration_mag,0.613514
TRIAL_Red_SIM_02,Red,25.000000,acceleration_mag,0.621120
TRIAL_Red_SIM_02,Red,26.000000,acceleration_mag,0.618819
TRIAL_Red_SIM_02,Red,27.000000,acceleration_mag,0.616517
TRIAL_Red_SIM_02,Red,28.000000,acceleration_mag,0.612018
TRIAL_Red_SIM_02,Red,29.000000,acceleration_mag,0.606696
TRIAL_Red_SIM_02,Red,30.000000,acceleration_mag,0.596293
TRIAL_Red_SIM_02,Red,31.000000,acceleration_mag,0.579791
TRIAL_Red_SIM_02,Red,32.000000,acceleration_mag,0.559886
TRIAL_Red_SIM_02,Red,33.000000,acceleration_mag,0.524664
TRIAL_Red_SIM_02,Red,34.000000,acceleration_mag,0.489442
TRIAL_Red_SIM_02,Red,35.000000,acceleration_mag,0.450079
TRIAL_Red_SIM_02,Red,36.000000,acceleration_mag,0.410302
TRIAL_Red_SIM_02,Red,37.000000,acceleration_mag,0.367627
TRIAL_Red_SIM_02,Red,38.000000,acceleration_mag,0.323297
TRIAL_Red_SIM_02,Red,39.000000,acceleration_mag,0.277499
TRIAL_Red_SIM_02,Red,40.000000,acceleration_mag,0.229131
TRIAL_Red_SIM_02,Red,41.000000,acceleration_mag,0.179286
TRIAL_Red_SIM_02,Red,42.000000,acceleration_mag,0.114671
TRIAL_Red_SIM_02,Red,43.000000,acceleration_mag,0.050056
TRIAL_Red_SIM_02,Red,44.000000,acceleration_mag,0.058354
TRIAL_Red_SIM_02,Red,45.000000,acceleration_mag,0.082856
TRIAL_Red_SIM_02,Red,46.000000,acceleration_mag,0.115965
TRIAL_Red_SIM_02,Red,47.000000,acceleration_mag,0.156248
TRIAL_Red_SIM_02,Red,48.000000,acceleration_mag,0.194267
TRIAL_Red_SIM_02,Red,49.000000,acceleration_mag,0.226252
TRIAL_Red_SIM_02,Red,50.000000,acceleration_mag,0.258236
TRIAL_Red_SIM_02,Red,51.000000,acceleration_mag,0.293203
TRIAL_Red_SIM_02,Red,52.000000,acceleration_mag,0.328170
TRIAL_Red_SIM_02,Red,53.000000,acceleration_mag,0.368432
TRIAL_Red_SIM_02,Red,54.000000,acceleration_mag,0.410679
TRIAL_Red_SIM_02,Red,55.000000,acceleration_mag,0.448996
TRIAL_Red_SIM_02,Red,56.000000,acceleration_mag,0.482597
TRIAL_Red_SIM_02,Red,57.000000,acceleration_mag,0.513984
TRIAL_Red_SIM_02,Red,58.000000,acceleration_mag,0.535406
TRIAL_Red_SIM_02,Red,59.000000,acceleration_mag,0.556829
TRIAL_Red_SIM_02,Red,60.000000,acceleration_mag,0.571553
TRIAL_Red_SIM_02,Red,61.000000,acceleration_mag,0.585607
TRIAL_Red_SIM_02,Red,62.000000,acceleration_mag,0.597389
TRIAL_Red_SIM_02,Red,63.000000,acceleration_mag,0.607872
TRIAL_Red_SIM_02,Red,64.000000,acceleration_mag,0.616285
TRIAL_Red_SIM_02,Red,65.000000,acceleration_mag,0.621075
TRIAL_Red_SIM_02,Red,66.000000,acceleration_mag,0.624592
TRIAL_Red_SIM_02,Red,67.000000,acceleration_mag,0.615378
TRIAL_Red_SIM_02,Red,68.000000,acceleration_mag,0.606164
TRIAL_Red_SIM_02,Red,69.000000,acceleration_mag,0.587120
TRIAL_Red_SIM_02,Red,70.000000,acceleration_mag,0.565891
TRIAL_Red_SIM_02,Red,71.000000,acceleration_mag,0.543188
TRIAL_Red_SIM_02,Red,72.000000,acceleration_mag,0.519258
TRIAL_Red_SIM_02,Red,73.000000,acceleration_mag,0.495655
TRIAL_Red_SIM_02,Red,74.000000,acceleration_mag,0.472928
TRIAL_Red_SIM_02,Red,75.000000,acceleration_mag,0.450201
TRIAL_Red_SIM_02,Red,76.000000,acceleration_mag,0.425693
TRIAL_Red_SIM_02,Red,77.000000,acceleration_mag,0.401185
TRIAL_Red_SIM_02,Red,78.000000,acceleration_mag,0.369886
TRIAL_Red_SIM_02,Red,79.000000,acceleration_mag,0.336041
TRIAL_Red_SIM_02,Red,80.000000,acceleration_mag,0.301262
TRIAL_Red_SIM_02,Red,81.000000,acceleration_mag,0.265362
TRIAL_Red_SIM_02,Red,82.000000,acceleration_mag,0.232409
TRIAL_Red_SIM_02,Red,83.000000,acceleration_mag,0.212717
TRIAL_Red_SIM_02,Red,84.000000,acceleration_mag,0.193024
TRIAL_Red_SIM_02,Red,85.000000,acceleration_mag,0.191509
TRIAL_Red_SIM_02,Red,86.000000,acceleration_mag,0.191811
TRIAL_Red_SIM_02,Red,87.000000,acceleration_mag,0.195212
TRIAL_Red_SIM_02,Red,88.000000,acceleration_mag,0.200384
TRIAL_Red_SIM_02,Red,89.000000,acceleration_mag,0.198703
TRIAL_Red_SIM_02,Red,90.000000,acceleration_mag,0.185030
TRIAL_Red_SIM_02,Red,91.000000,acceleration_mag,0.169949
TRIAL_Red_SIM_02,Red,92.000000,acceleration_mag,0.140774
TRIAL_Red_SIM_02,Red,93.000000,acceleration_mag,0.111599
TRIAL_Red_SIM_02,Red,94.000000,acceleration_mag,0.081231
TRIAL_Red_SIM_02,Red,95.000000,acceleration_mag,0.050597
TRIAL_Red_SIM_02,Red,96.000000,acceleration_mag,0.028624
TRIAL_Red_SIM_02,Red,97.000000,acceleration_mag,0.013869
TRIAL_Red_SIM_02,Red,98.000000,acceleration_mag,0.002988
TRIAL_Red_SIM_02,Red,99.000000,acceleration_mag,0.002443
TRIAL_Red_SIM_02,Red,100.000000,acceleration_mag,0.001898
TRIAL_Red_SIM_02,Red,0.000000,ax,0.315206
TRIAL_Red_SIM_02,Red,1.000000,ax,0.257492
TRIAL_Red_SIM_02,Red,2.000000,ax,0.199777
TRIAL_Red_SIM_02,Red,3.000000,ax,0.191599
TRIAL_Red_SIM_02,Red,4.000000,ax,0.201997
TRIAL_Red_SIM_02,Red,5.000000,ax,0.215527
TRIAL_Red_SIM_02,Red,6.000000,ax,0.232816
TRIAL_Red_SIM_02,Red,7.000000,ax,0.250182
TRIAL_Red_SIM_02,Red,8.000000,ax,0.267900
TRIAL_Red_SIM_02,Red,9.000000,ax,0.285618
TRIAL_Red_SIM_02,Red,10.000000,ax,0.304591
TRIAL_Red_SIM_02,Red,11.000000,ax,0.323690
TRIAL_Red_SIM_02,Red,12.000000,ax,0.343481
TRIAL_Red_SIM_02,Red,13.000000,ax,0.363666
TRIAL_Red_SIM_02,Red,14.000000,ax,0.385683
TRIAL_Red_SIM_02,Red,15.000000,ax,0.410904
TRIAL_Red_SIM_02,Red,16.000000,ax,0.436233
TRIAL_Red_SIM_02,Red,17.000000,ax,0.462644
TRIAL_Red_SIM_02,Red,18.000000,ax,0.489055
TRIAL_Red_SIM_02,Red,19.000000,ax,0.515083
TRIAL_Red_SIM_02,Red,20.000000,ax,0.541027
TRIAL_Red_SIM_02,Red,21.000000,ax,0.563279
TRIAL_Red_SIM_02,Red,22.000000,ax,0.582456
TRIAL_Red_SIM_02,Red,23.000000,ax,0.598445
TRIAL_Red_SIM_02,Red,24.000000,ax,0.605931
TRIAL_Red_SIM_02,Red,25.000000,ax,0.613417
TRIAL_Red_SIM_02,Red,26.000000,ax,0.611115
TRIAL_Red_SIM_02,Red,27.000000,ax,0.608814
TRIAL_Red_SIM_02,Red,28.000000,ax,0.604328
TRIAL_Red_SIM_02,Red,29.000000,ax,0.599023
TRIAL_Red_SIM_02,Red,30.000000,ax,0.588697
TRIAL_Red_SIM_02,Red,31.000000,ax,0.572344
TRIAL_Red_SIM_02,Red,32.000000,ax,0.552629
TRIAL_Red_SIM_02,Red,33.000000,ax,0.517783
TRIAL_Red_SIM_02,Red,34.000000,ax,0.482937
TRIAL_Red_SIM_02,Red,35.000000,ax,0.443999
TRIAL_Red_SIM_02,Red,36.000000,ax,0.404653
TRIAL_Red_SIM_02,Red,37.000000,ax,0.362453
TRIAL_Red_SIM_02,Red,38.000000,ax,0.318624
TRIAL_Red_SIM_02,Red,39.000000,ax,0.273340
TRIAL_Red_SIM_02,Red,40.000000,ax,0.225511
TRIAL_Red_SIM_02,Red,41.000000,ax,0.176220
TRIAL_Red_SIM_02,Red,42.000000,ax,0.112312
TRIAL_Red_SIM_02,Red,43.000000,ax,0.048405
TRIAL_Red_SIM_02,Red,44.000000,ax,-0.010081
TRIAL_Red_SIM_02,Red,45.000000,ax,-0.067362
TRIAL_Red_SIM_02,Red,46.000000,ax,-0.115082
TRIAL_Red_SIM_02,Red,47.000000,ax,-0.154834
TRIAL_Red_SIM_02,Red,48.000000,ax,-0.192362
TRIAL_Red_SIM_02,Red,49.000000,ax,-0.223960
TRIAL_Red_SIM_02,Red,50.000000,ax,-0.255559
TRIAL_Red_SIM_02,Red,51.000000,ax,-0.290079
TRIAL_Red_SIM_02,Red,52.000000,ax,-0.324599
TRIAL_Red_SIM_02,Red,53.000000,ax,-0.364334
TRIAL_Red_SIM_02,Red,54.000000,ax,-0.406025
TRIAL_Red_SIM_02,Red,55.000000,ax,-0.443832
TRIAL_Red_SIM_02,Red,56.000000,ax,-0.476978
TRIAL_Red_SIM_02,Red,57.000000,ax,-0.507934
TRIAL_Red_SIM_02,Red,58.000000,ax,-0.529029
TRIAL_Red_SIM_02,Red,59.000000,ax,-0.550124
TRIAL_Red_SIM_02,Red,60.000000,ax,-0.564621
TRIAL_Red_SIM_02,Red,61.000000,ax,-0.578457
TRIAL_Red_SIM_02,Red,62.000000,ax,-0.590044
TRIAL_Red_SIM_02,Red,63.000000,ax,-0.600344
TRIAL_Red_SIM_02,Red,64.000000,ax,-0.608600
TRIAL_Red_SIM_02,Red,65.000000,ax,-0.613278
TRIAL_Red_SIM_02,Red,66.000000,ax,-0.616699
TRIAL_Red_SIM_02,Red,67.000000,ax,-0.607556
TRIAL_Red_SIM_02,Red,68.000000,ax,-0.598413
TRIAL_Red_SIM_02,Red,69.000000,ax,-0.579575
TRIAL_Red_SIM_02,Red,70.000000,ax,-0.558583
TRIAL_Red_SIM_02,Red,71.000000,ax,-0.536140
TRIAL_Red_SIM_02,Red,72.000000,ax,-0.512488
TRIAL_Red_SIM_02,Red,73.000000,ax,-0.489160
TRIAL_Red_SIM_02,Red,74.000000,ax,-0.466696
TRIAL_Red_SIM_02,Red,75.000000,ax,-0.444232
TRIAL_Red_SIM_02,Red,76.000000,ax,-0.420019
TRIAL_Red_SIM_02,Red,77.000000,ax,-0.395806
TRIAL_Red_SIM_02,Red,78.000000,ax,-0.364873
TRIAL_Red_SIM_02,Red,79.000000,ax,-0.331419
TRIAL_Red_SIM_02,Red,80.000000,ax,-0.297046
TRIAL_Red_SIM_02,Red,81.000000,ax,-0.261568
TRIAL_Red_SIM_02,Red,82.000000,ax,-0.229012
TRIAL_Red_SIM_02,Red,83.000000,ax,-0.209603
TRIAL_Red_SIM_02,Red,84.000000,ax,-0.190194
TRIAL_Red_SIM_02,Red,85.000000,ax,-0.188745
TRIAL_Red_SIM_02,Red,86.000000,ax,-0.189092
TRIAL_Red_SIM_02,Red,87.000000,ax,-0.192461
TRIAL_Red_SIM_02,Red,88.000000,ax,-0.197556
TRIAL_Red_SIM_02,Red,89.000000,ax,-0.195893
TRIAL_Red_SIM_02,Red,90.000000,ax,-0.182401
TRIAL_Red_SIM_02,Red,91.000000,ax,-0.167519
TRIAL_Red_SIM_02,Red,92.000000,ax,-0.138738
TRIAL_Red_SIM_02,Red,93.000000,ax,-0.109958
TRIAL_Red_SIM_02,Red,94.000000,ax,-0.080000
TRIAL_Red_SIM_02,Red,95.000000,ax,-0.049781
TRIAL_Red_SIM_02,Red,96.000000,ax,-0.026942
TRIAL_Red_SIM_02,Red,97.000000,ax,-0.010253
TRIAL_Red_SIM_02,Red,98.000000,ax,0.001472
TRIAL_Red_SIM_02,Red,99.000000,ax,-0.000037
TRIAL_Red_SIM_02,Red,100.000000,ax,-0.001546
TRIAL_Red_SIM_02,Red,0.000000,ay,0.000296
TRIAL_Red_SIM_02,Red,1.000000,ay,-0.001048
TRIAL_Red_SIM_02,Red,2.000000,ay,-0.002392
TRIAL_Red_SIM_02,Red,3.000000,ay,-0.001809
TRIAL_Red_SIM_02,Red,4.000000,ay,-0.000505
TRIAL_Red_SIM_02,Red,5.000000,ay,0.001257
TRIAL_Red_SIM_02,Red,6.000000,ay,0.003568
TRIAL_Red_SIM_02,Red,7.000000,ay,0.005611
TRIAL_Red_SIM_02,Red,8.000000,ay,0.006448
TRIAL_Red_SIM_02,Red,9.000000,ay,0.007284
TRIAL_Red_SIM_02,Red,10.000000,ay,0.009118
TRIAL_Red_SIM_02,Red,11.000000,ay,0.011052
TRIAL_Red_SIM_02,Red,12.000000,ay,0.013281
TRIAL_Red_SIM_02,Red,13.000000,ay,0.015680
TRIAL_Red_SIM_02,Red,14.000000,ay,0.017921
TRIAL_Red_SIM_02,Red,15.000000,ay,0.019887
TRIAL_Red_SIM_02,Red,16.000000,ay,0.021778
TRIAL_Red_SIM_02,Red,17.000000,ay,0.022916
TRIAL_Red_SIM_02,Red,18.000000,ay,0.024053
TRIAL_Red_SIM_02,Red,19.000000,ay,0.024895
TRIAL_Red_SIM_02,Red,20.000000,ay,0.025672
TRIAL_Red_SIM_02,Red,21.000000,ay,0.027257
TRIAL_Red_SIM_02,Red,22.000000,ay,0.029516
TRIAL_Red_SIM_02,Red,23.000000,ay,0.031574
TRIAL_Red_SIM_02,Red,24.000000,ay,0.033098
TRIAL_Red_SIM_02,Red,25.000000,ay,0.034621
TRIAL_Red_SIM_02,Red,26.000000,ay,0.036580
TRIAL_Red_SIM_02,Red,27.000000,ay,0.038539
TRIAL_Red_SIM_02,Red,28.000000,ay,0.039799
TRIAL_Red_SIM_02,Red,29.000000,ay,0.040797
TRIAL_Red_SIM_02,Red,30.000000,ay,0.041164
TRIAL_Red_SIM_02,Red,31.000000,ay,0.040775
TRIAL_Red_SIM_02,Red,32.000000,ay,0.039990
TRIAL_Red_SIM_02,Red,33.000000,ay,0.037429
TRIAL_Red_SIM_02,Red,34.000000,ay,0.034867
TRIAL_Red_SIM_02,Red,35.000000,ay,0.030850
TRIAL_Red_SIM_02,Red,36.000000,ay,0.026688
TRIAL_Red_SIM_02,Red,37.000000,ay,0.023323
TRIAL_Red_SIM_02,Red,38.000000,ay,0.020415
TRIAL_Red_SIM_02,Red,39.000000,ay,0.017203
TRIAL_Red_SIM_02,Red,40.000000,ay,0.013461
TRIAL_Red_SIM_02,Red,41.000000,ay,0.009877
TRIAL_Red_SIM_02,Red,42.000000,ay,0.007875
TRIAL_Red_SIM_02,Red,43.000000,ay,0.005872
TRIAL_Red_SIM_02,Red,44.000000,ay,0.002982
TRIAL_Red_SIM_02,Red,45.000000,ay,-0.000105
TRIAL_Red_SIM_02,Red,46.000000,ay,-0.002086
TRIAL_Red_SIM_02,Red,47.000000,ay,-0.003146
TRIAL_Red_SIM_02,Red,48.000000,ay,-0.004574
TRIAL_Red_SIM_02,Red,49.000000,ay,-0.006985
TRIAL_Red_SIM_02,Red,50.000000,ay,-0.009395
TRIAL_Red_SIM_02,Red,51.000000,ay,-0.012055
TRIAL_Red_SIM_02,Red,52.000000,ay,-0.014715
TRIAL_Red_SIM_02,Red,53.000000,ay,-0.017735
TRIAL_Red_SIM_02,Red,54.000000,ay,-0.020890
TRIAL_Red_SIM_02,Red,55.000000,ay,-0.024079
TRIAL_Red_SIM_02,Red,56.000000,ay,-0.027309
TRIAL_Red_SIM_02,Red,57.000000,ay,-0.030110
TRIAL_Red_SIM_02,Red,58.000000,ay,-0.030987
TRIAL_Red_SIM_02,Red,59.000000,ay,-0.031863
TRIAL_Red_SIM_02,Red,60.000000,ay,-0.033919
TRIAL_Red_SIM_02,Red,61.000000,ay,-0.036093
TRIAL_Red_SIM_02,Red,62.000000,ay,-0.037902
TRIAL_Red_SIM_02,Red,63.000000,ay,-0.039503
TRIAL_Red_SIM_02,Red,64.000000,ay,-0.041234
TRIAL_Red_SIM_02,Red,65.000000,ay,-0.043190
TRIAL_Red_SIM_02,Red,66.000000,ay,-0.044939
TRIAL_Red_SIM_02,Red,67.000000,ay,-0.044610
TRIAL_Red_SIM_02,Red,68.000000,ay,-0.044282
TRIAL_Red_SIM_02,Red,69.000000,ay,-0.042105
TRIAL_Red_SIM_02,Red,70.000000,ay,-0.039517
TRIAL_Red_SIM_02,Red,71.000000,ay,-0.037402
TRIAL_Red_SIM_02,Red,72.000000,ay,-0.035681
TRIAL_Red_SIM_02,Red,73.000000,ay,-0.033794
TRIAL_Red_SIM_02,Red,74.000000,ay,-0.031467
TRIAL_Red_SIM_02,Red,75.000000,ay,-0.029139
TRIAL_Red_SIM_02,Red,76.000000,ay,-0.027082
TRIAL_Red_SIM_02,Red,77.000000,ay,-0.025025
TRIAL_Red_SIM_02,Red,78.000000,ay,-0.021410
TRIAL_Red_SIM_02,Red,79.000000,ay,-0.017211
TRIAL_Red_SIM_02,Red,80.000000,ay,-0.013409
TRIAL_Red_SIM_02,Red,81.000000,ay,-0.010086
TRIAL_Red_SIM_02,Red,82.000000,ay,-0.007283
TRIAL_Red_SIM_02,Red,83.000000,ay,-0.006820
TRIAL_Red_SIM_02,Red,84.000000,ay,-0.006357
TRIAL_Red_SIM_02,Red,85.000000,ay,-0.008057
TRIAL_Red_SIM_02,Red,86.000000,ay,-0.009973
TRIAL_Red_SIM_02,Red,87.000000,ay,-0.011653
TRIAL_Red_SIM_02,Red,88.000000,ay,-0.013196
TRIAL_Red_SIM_02,Red,89.000000,ay,-0.013852
TRIAL_Red_SIM_02,Red,90.000000,ay,-0.012953
TRIAL_Red_SIM_02,Red,91.000000,ay,-0.011872
TRIAL_Red_SIM_02,Red,92.000000,ay,-0.008973
TRIAL_Red_SIM_02,Red,93.000000,ay,-0.006074
TRIAL_Red_SIM_02,Red,94.000000,ay,-0.003692
TRIAL_Red_SIM_02,Red,95.000000,ay,-0.001425
TRIAL_Red_SIM_02,Red,96.000000,ay,0.000269
TRIAL_Red_SIM_02,Red,97.000000,ay,0.001486
TRIAL_Red_SIM_02,Red,98.000000,ay,0.001957
TRIAL_Red_SIM_02,Red,99.000000,ay,0.000441
TRIAL_Red_SIM_02,Red,100.000000,ay,-0.001075
TRIAL_Red_SIM_02,Red,0.000000,az,0.051736
TRIAL_Red_SIM_02,Red,1.000000,az,0.043069
TRIAL_Red_SIM_02,Red,2.000000,az,0.034403
TRIAL_Red_SIM_02,Red,3.000000,az,0.032910
TRIAL_Red_SIM_02,Red,4.000000,az,0.034107
TRIAL_Red_SIM_02,Red,5.000000,az,0.035614
TRIAL_Red_SIM_02,Red,6.000000,az,0.037493
TRIAL_Red_SIM_02,Red,7.000000,az,0.039519
TRIAL_Red_SIM_02,Red,8.000000,az,0.042210
TRIAL_Red_SIM_02,Red,9.000000,az,0.044900
TRIAL_Red_SIM_02,Red,10.000000,az,0.047354
TRIAL_Red_SIM_02,Red,11.000000,az,0.049784
TRIAL_Red_SIM_02,Red,12.000000,az,0.052208
TRIAL_Red_SIM_02,Red,13.000000,az,0.054627
TRIAL_Red_SIM_02,Red,14.000000,az,0.057448
TRIAL_Red_SIM_02,Red,15.000000,az,0.060972
TRIAL_Red_SIM_02,Red,16.000000,az,0.064554
TRIAL_Red_SIM_02,Red,17.000000,az,0.068723
TRIAL_Red_SIM_02,Red,18.000000,az,0.072892
TRIAL_Red_SIM_02,Red,19.000000,az,0.077188
TRIAL_Red_SIM_02,Red,20.000000,az,0.081513
TRIAL_Red_SIM_02,Red,21.000000,az,0.084838
TRIAL_Red_SIM_02,Red,22.000000,az,0.087330
TRIAL_Red_SIM_02,Red,23.000000,az,0.089385
TRIAL_Red_SIM_02,Red,24.000000,az,0.090276
TRIAL_Red_SIM_02,Red,25.000000,az,0.091167
TRIAL_Red_SIM_02,Red,26.000000,az,0.090168
TRIAL_Red_SIM_02,Red,27.000000,az,0.089169
TRIAL_Red_SIM_02,Red,28.000000,az,0.088137
TRIAL_Red_SIM_02,Red,29.000000,az,0.087093
TRIAL_Red_SIM_02,Red,30.000000,az,0.085475
TRIAL_Red_SIM_02,Red,31.000000,az,0.083167
TRIAL_Red_SIM_02,Red,32.000000,az,0.080463
TRIAL_Red_SIM_02,Red,33.000000,az,0.075973
TRIAL_Red_SIM_02,Red,34.000000,az,0.071484
TRIAL_Red_SIM_02,Red,35.000000,az,0.066924
TRIAL_Red_SIM_02,Red,36.000000,az,0.062357
TRIAL_Red_SIM_02,Red,37.000000,az,0.056855
TRIAL_Red_SIM_02,Red,38.000000,az,0.050819
TRIAL_Red_SIM_02,Red,39.000000,az,0.044642
TRIAL_Red_SIM_02,Red,40.000000,az,0.038218
TRIAL_Red_SIM_02,Red,41.000000,az,0.031449
TRIAL_Red_SIM_02,Red,42.000000,az,0.021235
TRIAL_Red_SIM_02,Red,43.000000,az,0.011021
TRIAL_Red_SIM_02,Red,44.000000,az,0.002105
TRIAL_Red_SIM_02,Red,45.000000,az,-0.006523
TRIAL_Red_SIM_02,Red,46.000000,az,-0.014054
TRIAL_Red_SIM_02,Red,47.000000,az,-0.020671
TRIAL_Red_SIM_02,Red,48.000000,az,-0.026731
TRIAL_Red_SIM_02,Red,49.000000,az,-0.031305
TRIAL_Red_SIM_02,Red,50.000000,az,-0.035879
TRIAL_Red_SIM_02,Red,51.000000,az,-0.040927
TRIAL_Red_SIM_02,Red,52.000000,az,-0.045974
TRIAL_Red_SIM_02,Red,53.000000,az,-0.051834
TRIAL_Red_SIM_02,Red,54.000000,az,-0.057999
TRIAL_Red_SIM_02,Red,55.000000,az,-0.063482
TRIAL_Red_SIM_02,Red,56.000000,az,-0.068147
TRIAL_Red_SIM_02,Red,57.000000,az,-0.072637
TRIAL_Red_SIM_02,Red,58.000000,az,-0.076337
TRIAL_Red_SIM_02,Red,59.000000,az,-0.080038
TRIAL_Red_SIM_02,Red,60.000000,az,-0.081995
TRIAL_Red_SIM_02,Red,61.000000,az,-0.083779
TRIAL_Red_SIM_02,Red,62.000000,az,-0.085348
TRIAL_Red_SIM_02,Red,63.000000,az,-0.086795
TRIAL_Red_SIM_02,Red,64.000000,az,-0.087810
TRIAL_Red_SIM_02,Red,65.000000,az,-0.088067
TRIAL_Red_SIM_02,Red,66.000000,az,-0.088196
TRIAL_Red_SIM_02,Red,67.000000,az,-0.087038
TRIAL_Red_SIM_02,Red,68.000000,az,-0.085880
TRIAL_Red_SIM_02,Red,69.000000,az,-0.083826
TRIAL_Red_SIM_02,Red,70.000000,az,-0.081572
TRIAL_Red_SIM_02,Red,71.000000,az,-0.078793
TRIAL_Red_SIM_02,Red,72.000000,az,-0.075575
TRIAL_Red_SIM_02,Red,73.000000,az,-0.072487
TRIAL_Red_SIM_02,Red,74.000000,az,-0.069746
TRIAL_Red_SIM_02,Red,75.000000,az,-0.067004
TRIAL_Red_SIM_02,Red,76.000000,az,-0.063752
TRIAL_Red_SIM_02,Red,77.000000,az,-0.060501
TRIAL_Red_SIM_02,Red,78.000000,az,-0.056720
TRIAL_Red_SIM_02,Red,79.000000,az,-0.052741
TRIAL_Red_SIM_02,Red,80.000000,az,-0.048360
TRIAL_Red_SIM_02,Red,81.000000,az,-0.043497
TRIAL_Red_SIM_02,Red,82.000000,az,-0.038917
TRIAL_Red_SIM_02,Red,83.000000,az,-0.035614
TRIAL_Red_SIM_02,Red,84.000000,az,-0.032310
TRIAL_Red_SIM_02,Red,85.000000,az,-0.031315
TRIAL_Red_SIM_02,Red,86.000000,az,-0.030551
TRIAL_Red_SIM_02,Red,87.000000,az,-0.030481
TRIAL_Red_SIM_02,Red,88.000000,az,-0.030809
TRIAL_Red_SIM_02,Red,89.000000,az,-0.030281
TRIAL_Red_SIM_02,Red,90.000000,az,-0.028257
TRIAL_Red_SIM_02,Red,91.000000,az,-0.026054
TRIAL_Red_SIM_02,Red,92.000000,az,-0.022056
TRIAL_Red_SIM_02,Red,93.000000,az,-0.018058
TRIAL_Red_SIM_02,Red,94.000000,az,-0.013520
TRIAL_Red_SIM_02,Red,95.000000,az,-0.008863
TRIAL_Red_SIM_02,Red,96.000000,az,-0.005324
TRIAL_Red_SIM_02,Red,97.000000,az,-0.002716
TRIAL_Red_SIM_02,Red,98.000000,az,-0.000692
TRIAL_Red_SIM_02,Red,99.000000,az,-0.000227
TRIAL_Red_SIM_02,Red,100.000000,az,0.000238
TRIAL_Red_SIM_03,Red,0.000000,object_area,903.949434
TRIAL_Red_SIM_03,Red,1.000000,object_area,905.521347
TRIAL_Red_SIM_03,Red,2.000000,object_area,907.093260
TRIAL_Red_SIM_03,Red,3.000000,object_area,909.566244
TRIAL_Red_SIM_03,Red,4.000000,object_area,912.377129
TRIAL_Red_SIM_03,Red,5.000000,object_area,915.712292
TRIAL_Red_SIM_03,Red,6.000000,object_area,919.676589
TRIAL_Red_SIM_03,Red,7.000000,object_area,924.105298
TRIAL_Red_SIM_03,Red,8.000000,object_area,930.623864
TRIAL_Red_SIM_03,Red,9.000000,object_area,937.142431
TRIAL_Red_SIM_03,Red,10.000000,object_area,945.478870
TRIAL_Red_SIM_03,Red,11.000000,object_area,953.997095
TRIAL_Red_SIM_03,Red,12.000000,object_area,963.851111
TRIAL_Red_SIM_03,Red,13.000000,object_area,974.468436
TRIAL_Red_SIM_03,Red,14.000000,object_area,985.523226
TRIAL_Red_SIM_03,Red,15.000000,object_area,997.343582
TRIAL_Red_SIM_03,Red,16.000000,object_area,1009.312854
TRIAL_Red_SIM_03,Red,17.000000,object_area,1022.771285
TRIAL_Red_SIM_03,Red,18.000000,object_area,1036.229716
TRIAL_Red_SIM_03,Red,19.000000,object_area,1050.875341
TRIAL_Red_SIM_03,Red,20.000000,object_area,1065.784787
TRIAL_Red_SIM_03,Red,21.000000,object_area,1081.494032
TRIAL_Red_SIM_03,Red,22.000000,object_area,1097.869777
TRIAL_Red_SIM_03,Red,23.000000,object_area,1114.679459
TRIAL_Red_SIM_03,Red,24.000000,object_area,1132.646309
TRIAL_Red_SIM_03,Red,25.000000,object_area,1150.613159
TRIAL_Red_SIM_03,Red,26.000000,object_area,1169.776689
TRIAL_Red_SIM_03,Red,27.000000,object_area,1188.940220
TRIAL_Red_SIM_03,Red,28.000000,object_area,1209.155635
TRIAL_Red_SIM_03,Red,29.000000,object_area,1229.765507
TRIAL_Red_SIM_03,Red,30.000000,object_area,1250.466584
TRIAL_Red_SIM_03,Red,31.000000,object_area,1271.277107
TRIAL_Red_SIM_03,Red,32.000000,object_area,1292.217411
TRIAL_Red_SIM_03,Red,33.000000,object_area,1313.741731
TRIAL_Red_SIM_03,Red,34.000000,object_area,1335.266051
TRIAL_Red_SIM_03,Red,35.000000,object_area,1356.327151
TRIAL_Red_SIM_03,Red,36.000000,object_area,1377.341929
TRIAL_Red_SIM_03,Red,37.000000,object_area,1398.890053
TRIAL_Red_SIM_03,Red,38.000000,object_area,1420.742947
TRIAL_Red_SIM_03,Red,39.000000,object_area,1442.781552
TRIAL_Red_SIM_03,Red,40.000000,object_area,1465.145152
TRIAL_Red_SIM_03,Red,41.000000,object_area,1487.642214
TRIAL_Red_SIM_03,Red,42.000000,object_area,1511.473887
TRIAL_Red_SIM_03,Red,43.000000,object_area,1535.305560
TRIAL_Red_SIM_03,Red,44.000000,object_area,1558.948178
TRIAL_Red_SIM_03,Red,45.000000,object_area,1582.548783
TRIAL_Red_SIM_03,Red,46.000000,object_area,1606.152558
TRIAL_Red_SIM_03,Red,47.000000,object_area,1629.758975
TRIAL_Red_SIM_03,Red,48.000000,object_area,1653.192315
TRIAL_Red_SIM_03,Red,49.000000,object_area,1676.164118
TRIAL_Red_SIM_03,Red,50.000000,object_area,1699.135921
TRIAL_Red_SIM_03,Red,51.000000,object_area,1722.385826
TRIAL_Red_SIM_03,Red,52.000000,object_area,1745.635731
TRIAL_Red_SIM_03,Red,53.000000,object_area,1768.438183
TRIAL_Red_SIM_03,Red,54.000000,object_area,1791.072841
TRIAL_Red_SIM_03,Red,55.000000,object_area,1813.869555
TRIAL_Red_SIM_03,Red,56.000000,object_area,1836.860737
TRIAL_Red_SIM_03,Red,57.000000,object_area,1859.880145
TRIAL_Red_SIM_03,Red,58.000000,object_area,1883.026572
TRIAL_Red_SIM_03,Red,59.000000,object_area,1906.172998
TRIAL_Red_SIM_03,Red,60.000000,object_area,1929.918421
TRIAL_Red_SIM_03,Red,61.000000,object_area,1953.723742
TRIAL_Red_SIM_03,Red,62.000000,object_area,1976.979416
TRIAL_Red_SIM_03,Red,63.000000,object_area,1999.921005
TRIAL_Red_SIM_03,Red,64.000000,object_area,2022.512137
TRIAL_Red_SIM_03,Red,65.000000,object_area,2044.489969
TRIAL_Red_SIM_03,Red,66.000000,object_area,2066.334916
TRIAL_Red_SIM_03,Red,67.000000,object_area,2086.851013
TRIAL_Red_SIM_03,Red,68.000000,object_area,2107.367110
TRIAL_Red_SIM_03,Red,69.000000,object_area,2127.056335
TRIAL_Red_SIM_03,Red,70.000000,object_area,2146.561811
TRIAL_Red_SIM_03,Red,71.000000,object_area,2165.645648
TRIAL_Red_SIM_03,Red,72.000000,object_area,2184.378117
TRIAL_Red_SIM_03,Red,73.000000,object_area,2202.979264
TRIAL_Red_SIM_03,Red,74.000000,object_area,2221.230217
TRIAL_Red_SIM_03,Red,75.000000,object_area,2239.481170
TRIAL_Red_SIM_03,Red,76.000000,object_area,2257.475616
TRIAL_Red_SIM_03,Red,77.000000,object_area,2275.470063
TRIAL_Red_SIM_03,Red,78.000000,object_area,2292.676710
TRIAL_Red_SIM_03,Red,79.000000,object_area,2309.587933
TRIAL_Red_SIM_03,Red,80.000000,object_area,2325.985941
TRIAL_Red_SIM_03,Red,81.000000,object_area,2341.768089
TRIAL_Red_SIM_03,Red,82.000000,object_area,2357.148514
TRIAL_Red_SIM_03,Red,83.000000,object_area,2370.721180
TRIAL_Red_SIM_03,Red,84.000000,object_area,2384.293846
TRIAL_Red_SIM_03,Red,85.000000,object_area,2396.401425
TRIAL_Red_SIM_03,Red,86.000000,object_area,2408.362496
TRIAL_Red_SIM_03,Red,87.000000,object_area,2418.988203
TRIAL_Red_SIM_03,Red,88.000000,object_area,2428.850845
TRIAL_Red_SIM_03,Red,89.000000,object_area,2438.250979
TRIAL_Red_SIM_03,Red,90.000000,object_area,2446.841723
TRIAL_Red_SIM_03,Red,91.000000,object_area,2455.374328
TRIAL_Red_SIM_03,Red,92.000000,object_area,2463.325529
TRIAL_Red_SIM_03,Red,93.000000,object_area,2471.276731
TRIAL_Red_SIM_03,Red,94.000000,object_area,2477.814775
TRIAL_Red_SIM_03,Red,95.000000,object_area,2484.038784
TRIAL_Red_SIM_03,Red,96.000000,object_area,2489.233031
TRIAL_Red_SIM_03,Red,97.000000,object_area,2493.569142
TRIAL_Red_SIM_03,Red,98.000000,object_area,2496.805756
TRIAL_Red_SIM_03,Red,99.000000,object_area,2497.110379
TRIAL_Red_SIM_03,Red,100.000000,object_area,2497.415002
TRIAL_Red_SIM_03,Red,0.000000,finger_width,22.889894
TRIAL_Red_SIM_03,Red,1.000000,finger_width,23.142039
TRIAL_Red_SIM_03,Red,2.000000,finger_width,23.394183
TRIAL_Red_SIM_03,Red,3.000000,finger_width,24.417073
TRIAL_Red_SIM_03,Red,4.000000,finger_width,25.728991
TRIAL_Red_SIM_03,Red,5.000000,finger_width,27.370968
TRIAL_Red_SIM_03,Red,6.000000,finger_width,29.409014
TRIAL_Red_SIM_03,Red,7.000000,finger_width,31.578727
TRIAL_Red_SIM_03,Red,8.000000,finger_width,34.340945
TRIAL_Red_SIM_03,Red,9.000000,finger_width,37.103162
TRIAL_Red_SIM_03,Red,10.000000,finger_width,40.121015
TRIAL_Red_SIM_03,Red,11.000000,finger_width,43.164430
TRIAL_Red_SIM_03,Red,12.000000,finger_width,46.520578
TRIAL_Red_SIM_03,Red,13.000000,finger_width,50.055431
TRIAL_Red_SIM_03,Red,14.000000,finger_width,53.690583
TRIAL_Red_SIM_03,Red,15.000000,finger_width,57.501261
TRIAL_Red_SIM_03,Red,16.000000,finger_width,61.345335
TRIAL_Red_SIM_03,Red,17.000000,finger_width,65.523381
TRIAL_Red_SIM_03,Red,18.000000,finger_width,69.701426
TRIAL_Red_SIM_03,Red,19.000000,finger_width,73.950474
TRIAL_Red_SIM_03,Red,20.000000,finger_width,78.215300
TRIAL_Red_SIM_03,Red,21.000000,finger_width,82.554268
TRIAL_Red_SIM_03,Red,22.000000,finger_width,86.955021
TRIAL_Red_SIM_03,Red,23.000000,finger_width,91.401049
TRIAL_Red_SIM_03,Red,24.000000,finger_width,95.967808
TRIAL_Red_SIM_03,Red,25.000000,finger_width,100.534568
TRIAL_Red_SIM_03,Red,26.000000,finger_width,105.290818
TRIAL_Red_SIM_03,Red,27.000000,finger_width,110.047069
TRIAL_Red_SIM_03,Red,28.000000,finger_width,114.765161
TRIAL_Red_SIM_03,Red,29.000000,finger_width,119.468943
TRIAL_Red_SIM_03,Red,30.000000,finger_width,124.062209
TRIAL_Red_SIM_03,Red,31.000000,finger_width,128.522853
TRIAL_Red_SIM_03,Red,32.000000,finger_width,132.898480
TRIAL_Red_SIM_03,Red,33.000000,finger_width,136.891532
TRIAL_Red_SIM_03,Red,34.000000,finger_width,140.884583
TRIAL_Red_SIM_03,Red,35.000000,finger_width,144.655170
TRIAL_Red_SIM_03,Red,36.000000,finger_width,148.403511
TRIAL_Red_SIM_03,Red,37.000000,finger_width,151.896512
TRIAL_Red_SIM_03,Red,38.000000,finger_width,155.243603
TRIAL_Red_SIM_03,Red,39.000000,finger_width,158.530463
TRIAL_Red_SIM_03,Red,40.000000,finger_width,161.711914
TRIAL_Red_SIM_03,Red,41.000000,finger_width,164.844453
TRIAL_Red_SIM_03,Red,42.000000,finger_width,167.487860
TRIAL_Red_SIM_03,Red,43.000000,finger_width,170.131267
TRIAL_Red_SIM_03,Red,44.000000,finger_width,172.345010
TRIAL_Red_SIM_03,Red,45.000000,finger_width,174.463273
TRIAL_Red_SIM_03,Red,46.000000,finger_width,175.975206
TRIAL_Red_SIM_03,Red,47.000000,finger_width,176.981863
TRIAL_Red_SIM_03,Red,48.000000,finger_width,177.770352
TRIAL_Red_SIM_03,Red,49.000000,finger_width,177.977062
TRIAL_Red_SIM_03,Red,50.000000,finger_width,178.183772
TRIAL_Red_SIM_03,Red,51.000000,finger_width,176.886767
TRIAL_Red_SIM_03,Red,52.000000,finger_width,175.589762
TRIAL_Red_SIM_03,Red,53.000000,finger_width,173.287165
TRIAL_Red_SIM_03,Red,54.000000,finger_width,170.607471
TRIAL_Red_SIM_03,Red,55.000000,finger_width,167.289681
TRIAL_Red_SIM_03,Red,56.000000,finger_width,163.206174
TRIAL_Red_SIM_03,Red,57.000000,finger_width,158.958255
TRIAL_Red_SIM_03,Red,58.000000,finger_width,153.970478
TRIAL_Red_SIM_03,Red,59.000000,finger_width,148.982702
TRIAL_Red_SIM_03,Red,60.000000,finger_width,143.432173
TRIAL_Red_SIM_03,Red,61.000000,finger_width,137.825369
TRIAL_Red_SIM_03,Red,62.000000,finger_width,132.023778
TRIAL_Red_SIM_03,Red,63.000000,finger_width,126.110879
TRIAL_Red_SIM_03,Red,64.000000,finger_width,120.191785
TRIAL_Red_SIM_03,Red,65.000000,finger_width,114.261848
TRIAL_Red_SIM_03,Red,66.000000,finger_width,108.340594
TRIAL_Red_SIM_03,Red,67.000000,finger_width,102.506175
TRIAL_Red_SIM_03,Red,68.000000,finger_width,96.671756
TRIAL_Red_SIM_03,Red,69.000000,finger_width,91.231255
TRIAL_Red_SIM_03,Red,70.000000,finger_width,85.878291
TRIAL_Red_SIM_03,Red,71.000000,finger_width,80.920438
TRIAL_Red_SIM_03,Red,72.000000,finger_width,76.291843
TRIAL_Red_SIM_03,Red,73.000000,finger_width,72.026342
TRIAL_Red_SIM_03,Red,74.000000,finger_width,68.729091
TRIAL_Red_SIM_03,Red,75.000000,finger_width,65.431840
TRIAL_Red_SIM_03,Red,76.000000,finger_width,63.784541
TRIAL_Red_SIM_03,Red,77.000000,finger_width,62.137241
TRIAL_Red_SIM_03,Red,78.000000,finger_width,61.625070
TRIAL_Red_SIM_03,Red,79.000000,finger_width,61.538572
TRIAL_Red_SIM_03,Red,80.000000,finger_width,61.432506
TRIAL_Red_SIM_03,Red,81.000000,finger_width,61.302959
TRIAL_Red_SIM_03,Red,82.000000,finger_width,61.183835
TRIAL_Red_SIM_03,Red,83.000000,finger_width,61.111614
TRIAL_Red_SIM_03,Red,84.000000,finger_width,61.039394
TRIAL_Red_SIM_03,Red,85.000000,finger_width,60.841711
TRIAL_Red_SIM_03,Red,86.000000,finger_width,60.631483
TRIAL_Red_SIM_03,Red,87.000000,finger_width,60.531778
TRIAL_Red_SIM_03,Red,88.000000,finger_width,60.495228
TRIAL_Red_SIM_03,Red,89.000000,finger_width,60.421468
TRIAL_Red_SIM_03,Red,90.000000,finger_width,60.282588
TRIAL_Red_SIM_03,Red,91.000000,finger_width,60.162013
TRIAL_Red_SIM_03,Red,92.000000,finger_width,60.224477
TRIAL_Red_SIM_03,Red,93.000000,finger_width,60.286942
TRIAL_Red_SIM_03,Red,94.000000,finger_width,60.302233
TRIAL_Red_SIM_03,Red,95.000000,finger_width,60.307041
TRIAL_Red_SIM_03,Red,96.000000,finger_width,60.395571
TRIAL_Red_SIM_03,Red,97.000000,finger_width,60.553869
TRIAL_Red_SIM_03,Red,98.000000,finger_width,60.699525
TRIAL_Red_SIM_03,Red,99.000000,finger_width,60.811468
TRIAL_Red_SIM_03,Red,100.000000,finger_width,60.923411
TRIAL_Red_SIM_03,Red,0.000000,velocity,0.000000
TRIAL_Red_SIM_03,Red,1.000000,velocity,0.002038
TRIAL_Red_SIM_03,Red,2.000000,velocity,0.004076
TRIAL_Red_SIM_03,Red,3.000000,velocity,0.005805
TRIAL_Red_SIM_03,Red,4.000000,velocity,0.007419
TRIAL_Red_SIM_03,Red,5.000000,velocity,0.008912
TRIAL_Red_SIM_03,Red,6.000000,velocity,0.010262
TRIAL_Red_SIM_03,Red,7.000000,velocity,0.011682
TRIAL_Red_SIM_03,Red,8.000000,velocity,0.013422
TRIAL_Red_SIM_03,Red,9.000000,velocity,0.015161
TRIAL_Red_SIM_03,Red,10.000000,velocity,0.018037
TRIAL_Red_SIM_03,Red,11.000000,velocity,0.021028
TRIAL_Red_SIM_03,Red,12.000000,velocity,0.024376
TRIAL_Red_SIM_03,Red,13.000000,velocity,0.027929
TRIAL_Red_SIM_03,Red,14.000000,velocity,0.031711
TRIAL_Red_SIM_03,Red,15.000000,velocity,0.035894
TRIAL_Red_SIM_03,Red,16.000000,velocity,0.040143
TRIAL_Red_SIM_03,Red,17.000000,velocity,0.045048
TRIAL_Red_SIM_03,Red,18.000000,velocity,0.049952
TRIAL_Red_SIM_03,Red,19.000000,velocity,0.056118
TRIAL_Red_SIM_03,Red,20.000000,velocity,0.062563
TRIAL_Red_SIM_03,Red,21.000000,velocity,0.069847
TRIAL_Red_SIM_03,Red,22.000000,velocity,0.077830
TRIAL_Red_SIM_03,Red,23.000000,velocity,0.086184
TRIAL_Red_SIM_03,Red,24.000000,velocity,0.095531
TRIAL_Red_SIM_03,Red,25.000000,velocity,0.104878
TRIAL_Red_SIM_03,Red,26.000000,velocity,0.115521
TRIAL_Red_SIM_03,Red,27.000000,velocity,0.126164
TRIAL_Red_SIM_03,Red,28.000000,velocity,0.137592
TRIAL_Red_SIM_03,Red,29.000000,velocity,0.149314
TRIAL_Red_SIM_03,Red,30.000000,velocity,0.161269
TRIAL_Red_SIM_03,Red,31.000000,velocity,0.173504
TRIAL_Red_SIM_03,Red,32.000000,velocity,0.185697
TRIAL_Red_SIM_03,Red,33.000000,velocity,0.197703
TRIAL_Red_SIM_03,Red,34.000000,velocity,0.209709
TRIAL_Red_SIM_03,Red,35.000000,velocity,0.220629
TRIAL_Red_SIM_03,Red,36.000000,velocity,0.231440
TRIAL_Red_SIM_03,Red,37.000000,velocity,0.241385
TRIAL_Red_SIM_03,Red,38.000000,velocity,0.250833
TRIAL_Red_SIM_03,Red,39.000000,velocity,0.259752
TRIAL_Red_SIM_03,Red,40.000000,velocity,0.267745
TRIAL_Red_SIM_03,Red,41.000000,velocity,0.275608
TRIAL_Red_SIM_03,Red,42.000000,velocity,0.282172
TRIAL_Red_SIM_03,Red,43.000000,velocity,0.288736
TRIAL_Red_SIM_03,Red,44.000000,velocity,0.293552
TRIAL_Red_SIM_03,Red,45.000000,velocity,0.297978
TRIAL_Red_SIM_03,Red,46.000000,velocity,0.300782
TRIAL_Red_SIM_03,Red,47.000000,velocity,0.302234
TRIAL_Red_SIM_03,Red,48.000000,velocity,0.302921
TRIAL_Red_SIM_03,Red,49.000000,velocity,0.301567
TRIAL_Red_SIM_03,Red,50.000000,velocity,0.300214
TRIAL_Red_SIM_03,Red,51.000000,velocity,0.296536
TRIAL_Red_SIM_03,Red,52.000000,velocity,0.292859
TRIAL_Red_SIM_03,Red,53.000000,velocity,0.287442
TRIAL_Red_SIM_03,Red,54.000000,velocity,0.281373
TRIAL_Red_SIM_03,Red,55.000000,velocity,0.274551
TRIAL_Red_SIM_03,Red,56.000000,velocity,0.266825
TRIAL_Red_SIM_03,Red,57.000000,velocity,0.258790
TRIAL_Red_SIM_03,Red,58.000000,velocity,0.249361
TRIAL_Red_SIM_03,Red,59.000000,velocity,0.239933
TRIAL_Red_SIM_03,Red,60.000000,velocity,0.229679
TRIAL_Red_SIM_03,Red,61.000000,velocity,0.219342
TRIAL_Red_SIM_03,Red,62.000000,velocity,0.208210
TRIAL_Red_SIM_03,Red,63.000000,velocity,0.196623
TRIAL_Red_SIM_03,Red,64.000000,velocity,0.184847
TRIAL_Red_SIM_03,Red,65.000000,velocity,0.172740
TRIAL_Red_SIM_03,Red,66.000000,velocity,0.160673
TRIAL_Red_SIM_03,Red,67.000000,velocity,0.149010
TRIAL_Red_SIM_03,Red,68.000000,velocity,0.137347
TRIAL_Red_SIM_03,Red,69.000000,velocity,0.126469
TRIAL_Red_SIM_03,Red,70.000000,velocity,0.115765
TRIAL_Red_SIM_03,Red,71.000000,velocity,0.105802
TRIAL_Red_SIM_03,Red,72.000000,velocity,0.096456
TRIAL_Red_SIM_03,Red,73.000000,velocity,0.087584
TRIAL_Red_SIM_03,Red,74.000000,velocity,0.079977
TRIAL_Red_SIM_03,Red,75.000000,velocity,0.072369
TRIAL_Red_SIM_03,Red,76.000000,velocity,0.066209
TRIAL_Red_SIM_03,Red,77.000000,velocity,0.060050
TRIAL_Red_SIM_03,Red,78.000000,velocity,0.054692
TRIAL_Red_SIM_03,Red,79.000000,velocity,0.049634
TRIAL_Red_SIM_03,Red,80.000000,velocity,0.044681
TRIAL_Red_SIM_03,Red,81.000000,velocity,0.039853
TRIAL_Red_SIM_03,Red,82.000000,velocity,0.035106
TRIAL_Red_SIM_03,Red,83.000000,velocity,0.030720
TRIAL_Red_SIM_03,Red,84.000000,velocity,0.026334
TRIAL_Red_SIM_03,Red,85.000000,velocity,0.022753
TRIAL_Red_SIM_03,Red,86.000000,velocity,0.019254
TRIAL_Red_SIM_03,Red,87.000000,velocity,0.016474
TRIAL_Red_SIM_03,Red,88.000000,velocity,0.014106
TRIAL_Red_SIM_03,Red,89.000000,velocity,0.012122
TRIAL_Red_SIM_03,Red,90.000000,velocity,0.010809
TRIAL_Red_SIM_03,Red,91.000000,velocity,0.009526
TRIAL_Red_SIM_03,Red,92.000000,velocity,0.008549
TRIAL_Red_SIM_03,Red,93.000000,velocity,0.007573
TRIAL_Red_SIM_03,Red,94.000000,velocity,0.005992
TRIAL_Red_SIM_03,Red,95.000000,velocity,0.004278
TRIAL_Red_SIM_03,Red,96.000000,velocity,0.002906
TRIAL_Red_SIM_03,Red,97.000000,velocity,0.001819
TRIAL_Red_SIM_03,Red,98.000000,velocity,0.000914
TRIAL_Red_SIM_03,Red,99.000000,velocity,0.000491
TRIAL_Red_SIM_03,Red,100.000000,velocity,0.000069
TRIAL_Red_SIM_03,Red,0.000000,acceleration_mag,0.063490
TRIAL_Red_SIM_03,Red,1.000000,acceleration_mag,0.088593
TRIAL_Red_SIM_03,Red,2.000000,acceleration_mag,0.113697
TRIAL_Red_SIM_03,Red,3.000000,acceleration_mag,0.112852
TRIAL_Red_SIM_03,Red,4.000000,acceleration_mag,0.102277
TRIAL_Red_SIM_03,Red,5.000000,acceleration_mag,0.097638
TRIAL_Red_SIM_03,Red,6.000000,acceleration_mag,0.100123
TRIAL_Red_SIM_03,Red,7.000000,acceleration_mag,0.106647
TRIAL_Red_SIM_03,Red,8.000000,acceleration_mag,0.131348
TRIAL_Red_SIM_03,Red,9.000000,acceleration_mag,0.156048
TRIAL_Red_SIM_03,Red,10.000000,acceleration_mag,0.185272
TRIAL_Red_SIM_03,Red,11.000000,acceleration_mag,0.214949
TRIAL_Red_SIM_03,Red,12.000000,acceleration_mag,0.236694
TRIAL_Red_SIM_03,Red,13.000000,acceleration_mag,0.253908
TRIAL_Red_SIM_03,Red,14.000000,acceleration_mag,0.272312
TRIAL_Red_SIM_03,Red,15.000000,acceleration_mag,0.292799
TRIAL_Red_SIM_03,Red,16.000000,acceleration_mag,0.314377
TRIAL_Red_SIM_03,Red,17.000000,acceleration_mag,0.346866
TRIAL_Red_SIM_03,Red,18.000000,acceleration_mag,0.379355
TRIAL_Red_SIM_03,Red,19.000000,acceleration_mag,0.423025
TRIAL_Red_SIM_03,Red,20.000000,acceleration_mag,0.469179
TRIAL_Red_SIM_03,Red,21.000000,acceleration_mag,0.514082
TRIAL_Red_SIM_03,Red,22.000000,acceleration_mag,0.557942
TRIAL_Red_SIM_03,Red,23.000000,acceleration_mag,0.600810
TRIAL_Red_SIM_03,Red,24.000000,acceleration_mag,0.641033
TRIAL_Red_SIM_03,Red,25.000000,acceleration_mag,0.681256
TRIAL_Red_SIM_03,Red,26.000000,acceleration_mag,0.718570
TRIAL_Red_SIM_03,Red,27.000000,acceleration_mag,0.755884
TRIAL_Red_SIM_03,Red,28.000000,acceleration_mag,0.784034
TRIAL_Red_SIM_03,Red,29.000000,acceleration_mag,0.808749
TRIAL_Red_SIM_03,Red,30.000000,acceleration_mag,0.824603
TRIAL_Red_SIM_03,Red,31.000000,acceleration_mag,0.829827
TRIAL_Red_SIM_03,Red,32.000000,acceleration_mag,0.830160
TRIAL_Red_SIM_03,Red,33.000000,acceleration_mag,0.808487
TRIAL_Red_SIM_03,Red,34.000000,acceleration_mag,0.786814
TRIAL_Red_SIM_03,Red,35.000000,acceleration_mag,0.749463
TRIAL_Red_SIM_03,Red,36.000000,acceleration_mag,0.710545
TRIAL_Red_SIM_03,Red,37.000000,acceleration_mag,0.668572
TRIAL_Red_SIM_03,Red,38.000000,acceleration_mag,0.624855
TRIAL_Red_SIM_03,Red,39.000000,acceleration_mag,0.580493
TRIAL_Red_SIM_03,Red,40.000000,acceleration_mag,0.535006
TRIAL_Red_SIM_03,Red,41.000000,acceleration_mag,0.488696
TRIAL_Red_SIM_03,Red,42.000000,acceleration_mag,0.434164
TRIAL_Red_SIM_03,Red,43.000000,acceleration_mag,0.379632
TRIAL_Red_SIM_03,Red,44.000000,acceleration_mag,0.307406
TRIAL_Red_SIM_03,Red,45.000000,acceleration_mag,0.231248
TRIAL_Red_SIM_03,Red,46.000000,acceleration_mag,0.151465
TRIAL_Red_SIM_03,Red,47.000000,acceleration_mag,0.068660
TRIAL_Red_SIM_03,Red,48.000000,acceleration_mag,0.028161
TRIAL_Red_SIM_03,Red,49.000000,acceleration_mag,0.100479
TRIAL_Red_SIM_03,Red,50.000000,acceleration_mag,0.172796
TRIAL_Red_SIM_03,Red,51.000000,acceleration_mag,0.243264
TRIAL_Red_SIM_03,Red,52.000000,acceleration_mag,0.313732
TRIAL_Red_SIM_03,Red,53.000000,acceleration_mag,0.376102
TRIAL_Red_SIM_03,Red,54.000000,acceleration_mag,0.435435
TRIAL_Red_SIM_03,Red,55.000000,acceleration_mag,0.490147
TRIAL_Red_SIM_03,Red,56.000000,acceleration_mag,0.539313
TRIAL_Red_SIM_03,Red,57.000000,acceleration_mag,0.586589
TRIAL_Red_SIM_03,Red,58.000000,acceleration_mag,0.625362
TRIAL_Red_SIM_03,Red,59.000000,acceleration_mag,0.664135
TRIAL_Red_SIM_03,Red,60.000000,acceleration_mag,0.697941
TRIAL_Red_SIM_03,Red,61.000000,acceleration_mag,0.731251
TRIAL_Red_SIM_03,Red,62.000000,acceleration_mag,0.760639
TRIAL_Red_SIM_03,Red,63.000000,acceleration_mag,0.787787
TRIAL_Red_SIM_03,Red,64.000000,acceleration_mag,0.805794
TRIAL_Red_SIM_03,Red,65.000000,acceleration_mag,0.807805
TRIAL_Red_SIM_03,Red,66.000000,acceleration_mag,0.807713
TRIAL_Red_SIM_03,Red,67.000000,acceleration_mag,0.786603
TRIAL_Red_SIM_03,Red,68.000000,acceleration_mag,0.765493
TRIAL_Red_SIM_03,Red,69.000000,acceleration_mag,0.732838
TRIAL_Red_SIM_03,Red,70.000000,acceleration_mag,0.697619
TRIAL_Red_SIM_03,Red,71.000000,acceleration_mag,0.655629
TRIAL_Red_SIM_03,Red,72.000000,acceleration_mag,0.607997
TRIAL_Red_SIM_03,Red,73.000000,acceleration_mag,0.560345
TRIAL_Red_SIM_03,Red,74.000000,acceleration_mag,0.512641
TRIAL_Red_SIM_03,Red,75.000000,acceleration_mag,0.464937
TRIAL_Red_SIM_03,Red,76.000000,acceleration_mag,0.427238
TRIAL_Red_SIM_03,Red,77.000000,acceleration_mag,0.389539
TRIAL_Red_SIM_03,Red,78.000000,acceleration_mag,0.365087
TRIAL_Red_SIM_03,Red,79.000000,acceleration_mag,0.345604
TRIAL_Red_SIM_03,Red,80.000000,acceleration_mag,0.330556
TRIAL_Red_SIM_03,Red,81.000000,acceleration_mag,0.320831
TRIAL_Red_SIM_03,Red,82.000000,acceleration_mag,0.309198
TRIAL_Red_SIM_03,Red,83.000000,acceleration_mag,0.288982
TRIAL_Red_SIM_03,Red,84.000000,acceleration_mag,0.268765
TRIAL_Red_SIM_03,Red,85.000000,acceleration_mag,0.239300
TRIAL_Red_SIM_03,Red,86.000000,acceleration_mag,0.208911
TRIAL_Red_SIM_03,Red,87.000000,acceleration_mag,0.176695
TRIAL_Red_SIM_03,Red,88.000000,acceleration_mag,0.143435
TRIAL_Red_SIM_03,Red,89.000000,acceleration_mag,0.114601
TRIAL_Red_SIM_03,Red,90.000000,acceleration_mag,0.093513
TRIAL_Red_SIM_03,Red,91.000000,acceleration_mag,0.074844
TRIAL_Red_SIM_03,Red,92.000000,acceleration_mag,0.080362
TRIAL_Red_SIM_03,Red,93.000000,acceleration_mag,0.085881
TRIAL_Red_SIM_03,Red,94.000000,acceleration_mag,0.087862
TRIAL_Red_SIM_03,Red,95.000000,acceleration_mag,0.089058
TRIAL_Red_SIM_03,Red,96.000000,acceleration_mag,0.079710
TRIAL_Red_SIM_03,Red,97.000000,acceleration_mag,0.061574
TRIAL_Red_SIM_03,Red,98.000000,acceleration_mag,0.045833
TRIAL_Red_SIM_03,Red,99.000000,acceleration_mag,0.036475
TRIAL_Red_SIM_03,Red,100.000000,acceleration_mag,0.027118
TRIAL_Red_SIM_03,Red,0.000000,ax,0.061673
TRIAL_Red_SIM_03,Red,1.000000,ax,0.086838
TRIAL_Red_SIM_03,Red,2.000000,ax,0.112003
TRIAL_Red_SIM_03,Red,3.000000,ax,0.110974
TRIAL_Red_SIM_03,Red,4.000000,ax,0.100121
TRIAL_Red_SIM_03,Red,5.000000,ax,0.095537
TRIAL_Red_SIM_03,Red,6.000000,ax,0.098473
TRIAL_Red_SIM_03,Red,7.000000,ax,0.105336
TRIAL_Red_SIM_03,Red,8.000000,ax,0.129872
TRIAL_Red_SIM_03,Red,9.000000,ax,0.154407
TRIAL_Red_SIM_03,Red,10.000000,ax,0.183050
TRIAL_Red_SIM_03,Red,11.000000,ax,0.212104
TRIAL_Red_SIM_03,Red,12.000000,ax,0.233579
TRIAL_Red_SIM_03,Red,13.000000,ax,0.250724
TRIAL_Red_SIM_03,Red,14.000000,ax,0.268980
TRIAL_Red_SIM_03,Red,15.000000,ax,0.289183
TRIAL_Red_SIM_03,Red,16.000000,ax,0.310488
TRIAL_Red_SIM_03,Red,17.000000,ax,0.342812
TRIAL_Red_SIM_03,Red,18.000000,ax,0.375137
TRIAL_Red_SIM_03,Red,19.000000,ax,0.418335
TRIAL_Red_SIM_03,Red,20.000000,ax,0.463949
TRIAL_Red_SIM_03,Red,21.000000,ax,0.508295
TRIAL_Red_SIM_03,Red,22.000000,ax,0.551585
TRIAL_Red_SIM_03,Red,23.000000,ax,0.593891
TRIAL_Red_SIM_03,Red,24.000000,ax,0.633577
TRIAL_Red_SIM_03,Red,25.000000,ax,0.673262
TRIAL_Red_SIM_03,Red,26.000000,ax,0.709804
TRIAL_Red_SIM_03,Red,27.000000,ax,0.746345
TRIAL_Red_SIM_03,Red,28.000000,ax,0.773918
TRIAL_Red_SIM_03,Red,29.000000,ax,0.798127
TRIAL_Red_SIM_03,Red,30.000000,ax,0.813556
TRIAL_Red_SIM_03,Red,31.000000,ax,0.818450
TRIAL_Red_SIM_03,Red,32.000000,ax,0.818561
TRIAL_Red_SIM_03,Red,33.000000,ax,0.797151
TRIAL_Red_SIM_03,Red,34.000000,ax,0.775741
TRIAL_Red_SIM_03,Red,35.000000,ax,0.738886
TRIAL_Red_SIM_03,Red,36.000000,ax,0.700487
TRIAL_Red_SIM_03,Red,37.000000,ax,0.659204
TRIAL_Red_SIM_03,Red,38.000000,ax,0.616274
TRIAL_Red_SIM_03,Red,39.000000,ax,0.572763
TRIAL_Red_SIM_03,Red,40.000000,ax,0.528237
TRIAL_Red_SIM_03,Red,41.000000,ax,0.482874
TRIAL_Red_SIM_03,Red,42.000000,ax,0.429146
TRIAL_Red_SIM_03,Red,43.000000,ax,0.375418
TRIAL_Red_SIM_03,Red,44.000000,ax,0.304000
TRIAL_Red_SIM_03,Red,45.000000,ax,0.228652
TRIAL_Red_SIM_03,Red,46.000000,ax,0.148183
TRIAL_Red_SIM_03,Red,47.000000,ax,0.063445
TRIAL_Red_SIM_03,Red,48.000000,ax,-0.018902
TRIAL_Red_SIM_03,Red,49.000000,ax,-0.094877
TRIAL_Red_SIM_03,Red,50.000000,ax,-0.170852
TRIAL_Red_SIM_03,Red,51.000000,ax,-0.240526
TRIAL_Red_SIM_03,Red,52.000000,ax,-0.310200
TRIAL_Red_SIM_03,Red,53.000000,ax,-0.371944
TRIAL_Red_SIM_03,Red,54.000000,ax,-0.430714
TRIAL_Red_SIM_03,Red,55.000000,ax,-0.484904
TRIAL_Red_SIM_03,Red,56.000000,ax,-0.533598
TRIAL_Red_SIM_03,Red,57.000000,ax,-0.580412
TRIAL_Red_SIM_03,Red,58.000000,ax,-0.618761
TRIAL_Red_SIM_03,Red,59.000000,ax,-0.657111
TRIAL_Red_SIM_03,Red,60.000000,ax,-0.690404
TRIAL_Red_SIM_03,Red,61.000000,ax,-0.723191
TRIAL_Red_SIM_03,Red,62.000000,ax,-0.752103
TRIAL_Red_SIM_03,Red,63.000000,ax,-0.778800
TRIAL_Red_SIM_03,Red,64.000000,ax,-0.796444
TRIAL_Red_SIM_03,Red,65.000000,ax,-0.798244
TRIAL_Red_SIM_03,Red,66.000000,ax,-0.797982
TRIAL_Red_SIM_03,Red,67.000000,ax,-0.777105
TRIAL_Red_SIM_03,Red,68.000000,ax,-0.756228
TRIAL_Red_SIM_03,Red,69.000000,ax,-0.724017
TRIAL_Red_SIM_03,Red,70.000000,ax,-0.689288
TRIAL_Red_SIM_03,Red,71.000000,ax,-0.647936
TRIAL_Red_SIM_03,Red,72.000000,ax,-0.601064
TRIAL_Red_SIM_03,Red,73.000000,ax,-0.554119
TRIAL_Red_SIM_03,Red,74.000000,ax,-0.506976
TRIAL_Red_SIM_03,Red,75.000000,ax,-0.459833
TRIAL_Red_SIM_03,Red,76.000000,ax,-0.422513
TRIAL_Red_SIM_03,Red,77.000000,ax,-0.385192
TRIAL_Red_SIM_03,Red,78.000000,ax,-0.360955
TRIAL_Red_SIM_03,Red,79.000000,ax,-0.341625
TRIAL_Red_SIM_03,Red,80.000000,ax,-0.326681
TRIAL_Red_SIM_03,Red,81.000000,ax,-0.317001
TRIAL_Red_SIM_03,Red,82.000000,ax,-0.305460
TRIAL_Red_SIM_03,Red,83.000000,ax,-0.285545
TRIAL_Red_SIM_03,Red,84.000000,ax,-0.265630
TRIAL_Red_SIM_03,Red,85.000000,ax,-0.236558
TRIAL_Red_SIM_03,Red,86.000000,ax,-0.206571
TRIAL_Red_SIM_03,Red,87.000000,ax,-0.174780
TRIAL_Red_SIM_03,Red,88.000000,ax,-0.141960
TRIAL_Red_SIM_03,Red,89.000000,ax,-0.113432
TRIAL_Red_SIM_03,Red,90.000000,ax,-0.092417
TRIAL_Red_SIM_03,Red,91.000000,ax,-0.073799
TRIAL_Red_SIM_03,Red,92.000000,ax,-0.079147
TRIAL_Red_SIM_03,Red,93.000000,ax,-0.084496
TRIAL_Red_SIM_03,Red,94.000000,ax,-0.086131
TRIAL_Red_SIM_03,Red,95.000000,ax,-0.086942
TRIAL_Red_SIM_03,Red,96.000000,ax,-0.076957
TRIAL_Red_SIM_03,Red,97.000000,ax,-0.057976
TRIAL_Red_SIM_03,Red,98.000000,ax,-0.041827
TRIAL_Red_SIM_03,Red,99.000000,ax,-0.033227
TRIAL_Red_SIM_03,Red,100.000000,ax,-0.024627
TRIAL_Red_SIM_03,Red,0.000000,ay,-0.013201
TRIAL_Red_SIM_03,Red,1.000000,ay,-0.012805
TRIAL_Red_SIM_03,Red,2.000000,ay,-0.012409
TRIAL_Red_SIM_03,Red,3.000000,ay,-0.013991
TRIAL_Red_SIM_03,Red,4.000000,ay,-0.016315
TRIAL_Red_SIM_03,Red,5.000000,ay,-0.015801
TRIAL_Red_SIM_03,Red,6.000000,ay,-0.011881
TRIAL_Red_SIM_03,Red,7.000000,ay,-0.008407
TRIAL_Red_SIM_03,Red,8.000000,ay,-0.006947
TRIAL_Red_SIM_03,Red,9.000000,ay,-0.005487
TRIAL_Red_SIM_03,Red,10.000000,ay,0.002302
TRIAL_Red_SIM_03,Red,11.000000,ay,0.010723
TRIAL_Red_SIM_03,Red,12.000000,ay,0.013022
TRIAL_Red_SIM_03,Red,13.000000,ay,0.011823
TRIAL_Red_SIM_03,Red,14.000000,ay,0.011591
TRIAL_Red_SIM_03,Red,15.000000,ay,0.013051
TRIAL_Red_SIM_03,Red,16.000000,ay,0.014111
TRIAL_Red_SIM_03,Red,17.000000,ay,0.011170
TRIAL_Red_SIM_03,Red,18.000000,ay,0.008229
TRIAL_Red_SIM_03,Red,19.000000,ay,0.009147
TRIAL_Red_SIM_03,Red,20.000000,ay,0.010922
TRIAL_Red_SIM_03,Red,21.000000,ay,0.013317
TRIAL_Red_SIM_03,Red,22.000000,ay,0.016228
TRIAL_Red_SIM_03,Red,23.000000,ay,0.019118
TRIAL_Red_SIM_03,Red,24.000000,ay,0.021954
TRIAL_Red_SIM_03,Red,25.000000,ay,0.024790
TRIAL_Red_SIM_03,Red,26.000000,ay,0.031520
TRIAL_Red_SIM_03,Red,27.000000,ay,0.038250
TRIAL_Red_SIM_03,Red,28.000000,ay,0.042972
TRIAL_Red_SIM_03,Red,29.000000,ay,0.046941
TRIAL_Red_SIM_03,Red,30.000000,ay,0.050738
TRIAL_Red_SIM_03,Red,31.000000,ay,0.054328
TRIAL_Red_SIM_03,Red,32.000000,ay,0.057112
TRIAL_Red_SIM_03,Red,33.000000,ay,0.056268
TRIAL_Red_SIM_03,Red,34.000000,ay,0.055423
TRIAL_Red_SIM_03,Red,35.000000,ay,0.053347
TRIAL_Red_SIM_03,Red,36.000000,ay,0.051149
TRIAL_Red_SIM_03,Red,37.000000,ay,0.047291
TRIAL_Red_SIM_03,Red,38.000000,ay,0.042486
TRIAL_Red_SIM_03,Red,39.000000,ay,0.036790
TRIAL_Red_SIM_03,Red,40.000000,ay,0.029535
TRIAL_Red_SIM_03,Red,41.000000,ay,0.022515
TRIAL_Red_SIM_03,Red,42.000000,ay,0.017844
TRIAL_Red_SIM_03,Red,43.000000,ay,0.013173
TRIAL_Red_SIM_03,Red,44.000000,ay,0.011203
TRIAL_Red_SIM_03,Red,45.000000,ay,0.009833
TRIAL_Red_SIM_03,Red,46.000000,ay,0.008977
TRIAL_Red_SIM_03,Red,47.000000,ay,0.008550
TRIAL_Red_SIM_03,Red,48.000000,ay,0.007313
TRIAL_Red_SIM_03,Red,49.000000,ay,0.003916
TRIAL_Red_SIM_03,Red,50.000000,ay,0.000518
TRIAL_Red_SIM_03,Red,51.000000,ay,-0.002346
TRIAL_Red_SIM_03,Red,52.000000,ay,-0.005211
TRIAL_Red_SIM_03,Red,53.000000,ay,-0.005360
TRIAL_Red_SIM_03,Red,54.000000,ay,-0.004490
TRIAL_Red_SIM_03,Red,55.000000,ay,-0.003712
TRIAL_Red_SIM_03,Red,56.000000,ay,-0.003043
TRIAL_Red_SIM_03,Red,57.000000,ay,-0.002785
TRIAL_Red_SIM_03,Red,58.000000,ay,-0.004376
TRIAL_Red_SIM_03,Red,59.000000,ay,-0.005967
TRIAL_Red_SIM_03,Red,60.000000,ay,-0.011096
TRIAL_Red_SIM_03,Red,61.000000,ay,-0.016579
TRIAL_Red_SIM_03,Red,62.000000,ay,-0.021172
TRIAL_Red_SIM_03,Red,63.000000,ay,-0.025255
TRIAL_Red_SIM_03,Red,64.000000,ay,-0.029123
TRIAL_Red_SIM_03,Red,65.000000,ay,-0.032613
TRIAL_Red_SIM_03,Red,66.000000,ay,-0.035747
TRIAL_Red_SIM_03,Red,67.000000,ay,-0.035314
TRIAL_Red_SIM_03,Red,68.000000,ay,-0.034881
TRIAL_Red_SIM_03,Red,69.000000,ay,-0.032780
TRIAL_Red_SIM_03,Red,70.000000,ay,-0.030308
TRIAL_Red_SIM_03,Red,71.000000,ay,-0.026236
TRIAL_Red_SIM_03,Red,72.000000,ay,-0.020831
TRIAL_Red_SIM_03,Red,73.000000,ay,-0.016367
TRIAL_Red_SIM_03,Red,74.000000,ay,-0.014411
TRIAL_Red_SIM_03,Red,75.000000,ay,-0.012455
TRIAL_Red_SIM_03,Red,76.000000,ay,-0.012240
TRIAL_Red_SIM_03,Red,77.000000,ay,-0.012026
TRIAL_Red_SIM_03,Red,78.000000,ay,-0.012429
TRIAL_Red_SIM_03,Red,79.000000,ay,-0.013065
TRIAL_Red_SIM_03,Red,80.000000,ay,-0.013751
TRIAL_Red_SIM_03,Red,81.000000,ay,-0.014497
TRIAL_Red_SIM_03,Red,82.000000,ay,-0.014781
TRIAL_Red_SIM_03,Red,83.000000,ay,-0.012983
TRIAL_Red_SIM_03,Red,84.000000,ay,-0.011184
TRIAL_Red_SIM_03,Red,85.000000,ay,-0.009129
TRIAL_Red_SIM_03,Red,86.000000,ay,-0.007049
TRIAL_Red_SIM_03,Red,87.000000,ay,-0.004029
TRIAL_Red_SIM_03,Red,88.000000,ay,-0.000473
TRIAL_Red_SIM_03,Red,89.000000,ay,0.002799
TRIAL_Red_SIM_03,Red,90.000000,ay,0.005574
TRIAL_Red_SIM_03,Red,91.000000,ay,0.008234
TRIAL_Red_SIM_03,Red,92.000000,ay,0.009754
TRIAL_Red_SIM_03,Red,93.000000,ay,0.011275
TRIAL_Red_SIM_03,Red,94.000000,ay,0.013698
TRIAL_Red_SIM_03,Red,95.000000,ay,0.016322
TRIAL_Red_SIM_03,Red,96.000000,ay,0.017973
TRIAL_Red_SIM_03,Red,97.000000,ay,0.018812
TRIAL_Red_SIM_03,Red,98.000000,ay,0.018435
TRIAL_Red_SIM_03,Red,99.000000,ay,0.014811
TRIAL_Red_SIM_03,Red,100.000000,ay,0.011188
TRIAL_Red_SIM_03,Red,0.000000,az,0.007287
TRIAL_Red_SIM_03,Red,1.000000,az,0.011042
TRIAL_Red_SIM_03,Red,2.000000,az,0.014797
TRIAL_Red_SIM_03,Red,3.000000,az,0.014416
TRIAL_Red_SIM_03,Red,4.000000,az,0.012483
TRIAL_Red_SIM_03,Red,5.000000,az,0.011862
TRIAL_Red_SIM_03,Red,6.000000,az,0.012815
TRIAL_Red_SIM_03,Red,7.000000,az,0.014282
TRIAL_Red_SIM_03,Red,8.000000,az,0.018069
TRIAL_Red_SIM_03,Red,9.000000,az,0.021856
TRIAL_Red_SIM_03,Red,10.000000,az,0.027102
TRIAL_Red_SIM_03,Red,11.000000,az,0.032493
TRIAL_Red_SIM_03,Red,12.000000,az,0.035928
TRIAL_Red_SIM_03,Red,13.000000,az,0.038245
TRIAL_Red_SIM_03,Red,14.000000,az,0.040854
TRIAL_Red_SIM_03,Red,15.000000,az,0.043974
TRIAL_Red_SIM_03,Red,16.000000,az,0.047199
TRIAL_Red_SIM_03,Red,17.000000,az,0.051479
TRIAL_Red_SIM_03,Red,18.000000,az,0.055759
TRIAL_Red_SIM_03,Red,19.000000,az,0.062143
TRIAL_Red_SIM_03,Red,20.000000,az,0.068995
TRIAL_Red_SIM_03,Red,21.000000,az,0.075735
TRIAL_Red_SIM_03,Red,22.000000,az,0.082382
TRIAL_Red_SIM_03,Red,23.000000,az,0.088879
TRIAL_Red_SIM_03,Red,24.000000,az,0.094971
TRIAL_Red_SIM_03,Red,25.000000,az,0.101064
TRIAL_Red_SIM_03,Red,26.000000,az,0.107215
TRIAL_Red_SIM_03,Red,27.000000,az,0.113366
TRIAL_Red_SIM_03,Red,28.000000,az,0.117928
TRIAL_Red_SIM_03,Red,29.000000,az,0.121892
TRIAL_Red_SIM_03,Red,30.000000,az,0.124554
TRIAL_Red_SIM_03,Red,31.000000,az,0.125651
TRIAL_Red_SIM_03,Red,32.000000,az,0.125944
TRIAL_Red_SIM_03,Red,33.000000,az,0.122615
TRIAL_Red_SIM_03,Red,34.000000,az,0.119287
TRIAL_Red_SIM_03,Red,35.000000,az,0.113559
TRIAL_Red_SIM_03,Red,36.000000,az,0.107592
TRIAL_Red_SIM_03,Red,37.000000,az,0.100991
TRIAL_Red_SIM_03,Red,38.000000,az,0.094027
TRIAL_Red_SIM_03,Red,39.000000,az,0.086865
TRIAL_Red_SIM_03,Red,40.000000,az,0.079353
TRIAL_Red_SIM_03,Red,41.000000,az,0.071755
TRIAL_Red_SIM_03,Red,42.000000,az,0.063290
TRIAL_Red_SIM_03,Red,43.000000,az,0.054825
TRIAL_Red_SIM_03,Red,44.000000,az,0.044198
TRIAL_Red_SIM_03,Red,45.000000,az,0.033090
TRIAL_Red_SIM_03,Red,46.000000,az,0.021332
TRIAL_Red_SIM_03,Red,47.000000,az,0.009033
TRIAL_Red_SIM_03,Red,48.000000,az,-0.003023
TRIAL_Red_SIM_03,Red,49.000000,az,-0.014431
TRIAL_Red_SIM_03,Red,50.000000,az,-0.025839
TRIAL_Red_SIM_03,Red,51.000000,az,-0.036234
TRIAL_Red_SIM_03,Red,52.000000,az,-0.046628
TRIAL_Red_SIM_03,Red,53.000000,az,-0.055488
TRIAL_Red_SIM_03,Red,54.000000,az,-0.063772
TRIAL_Red_SIM_03,Red,55.000000,az,-0.071398
TRIAL_Red_SIM_03,Red,56.000000,az,-0.078237
TRIAL_Red_SIM_03,Red,57.000000,az,-0.084858
TRIAL_Red_SIM_03,Red,58.000000,az,-0.090504
TRIAL_Red_SIM_03,Red,59.000000,az,-0.096150
TRIAL_Red_SIM_03,Red,60.000000,az,-0.101543
TRIAL_Red_SIM_03,Red,61.000000,az,-0.106911
TRIAL_Red_SIM_03,Red,62.000000,az,-0.111594
TRIAL_Red_SIM_03,Red,63.000000,az,-0.115885
TRIAL_Red_SIM_03,Red,64.000000,az,-0.118848
TRIAL_Red_SIM_03,Red,65.000000,az,-0.119487
TRIAL_Red_SIM_03,Red,66.000000,az,-0.119782
TRIAL_Red_SIM_03,Red,67.000000,az,-0.116640
TRIAL_Red_SIM_03,Red,68.000000,az,-0.113497
TRIAL_Red_SIM_03,Red,69.000000,az,-0.108515
TRIAL_Red_SIM_03,Red,70.000000,az,-0.103124
TRIAL_Red_SIM_03,Red,71.000000,az,-0.096575
TRIAL_Red_SIM_03,Red,72.000000,az,-0.089062
TRIAL_Red_SIM_03,Red,73.000000,az,-0.081674
TRIAL_Red_SIM_03,Red,74.000000,az,-0.074617
TRIAL_Red_SIM_03,Red,75.000000,az,-0.067561
TRIAL_Red_SIM_03,Red,76.000000,az,-0.062163
TRIAL_Red_SIM_03,Red,77.000000,az,-0.056765
TRIAL_Red_SIM_03,Red,78.000000,az,-0.053324
TRIAL_Red_SIM_03,Red,79.000000,az,-0.050617
TRIAL_Red_SIM_03,Red,80.000000,az,-0.048544
TRIAL_Red_SIM_03,Red,81.000000,az,-0.047232
TRIAL_Red_SIM_03,Red,82.000000,az,-0.045593
TRIAL_Red_SIM_03,Red,83.000000,az,-0.042482
TRIAL_Red_SIM_03,Red,84.000000,az,-0.039371
TRIAL_Red_SIM_03,Red,85.000000,az,-0.034933
TRIAL_Red_SIM_03,Red,86.000000,az,-0.030362
TRIAL_Red_SIM_03,Red,87.000000,az,-0.025414
TRIAL_Red_SIM_03,Red,88.000000,az,-0.020250
TRIAL_Red_SIM_03,Red,89.000000,az,-0.015738
TRIAL_Red_SIM_03,Red,90.000000,az,-0.012365
TRIAL_Red_SIM_03,Red,91.000000,az,-0.009348
TRIAL_Red_SIM_03,Red,92.000000,az,-0.009884
TRIAL_Red_SIM_03,Red,93.000000,az,-0.010420
TRIAL_Red_SIM_03,Red,94.000000,az,-0.010306
TRIAL_Red_SIM_03,Red,95.000000,az,-0.010049
TRIAL_Red_SIM_03,Red,96.000000,az,-0.008402
TRIAL_Red_SIM_03,Red,97.000000,az,-0.005596
TRIAL_Red_SIM_03,Red,98.000000,az,-0.003361
TRIAL_Red_SIM_03,Red,99.000000,az,-0.002645
TRIAL_Red_SIM_03,Red,100.000000,az,-0.001929
TRIAL_Red_SIM_04,Red,0.000000,object_area,902.393744
TRIAL_Red_SIM_04,Red,1.000000,object_area,902.393744
TRIAL_Red_SIM_04,Red,2.000000,object_area,902.393744
TRIAL_Red_SIM_04,Red,3.000000,object_area,903.632079
TRIAL_Red_SIM_04,Red,4.000000,object_area,905.334790
TRIAL_Red_SIM_04,Red,5.000000,object_area,908.158189
TRIAL_Red_SIM_04,Red,6.000000,object_area,912.326412
TRIAL_Red_SIM_04,Red,7.000000,object_area,917.007461
TRIAL_Red_SIM_04,Red,8.000000,object_area,923.996224
TRIAL_Red_SIM_04,Red,9.000000,object_area,930.984987
TRIAL_Red_SIM_04,Red,10.000000,object_area,940.103653
TRIAL_Red_SIM_04,Red,11.000000,object_area,949.435309
TRIAL_Red_SIM_04,Red,12.000000,object_area,959.729584
TRIAL_Red_SIM_04,Red,13.000000,object_area,970.573926
TRIAL_Red_SIM_04,Red,14.000000,object_area,981.564898
TRIAL_Red_SIM_04,Red,15.000000,object_area,992.812470
TRIAL_Red_SIM_04,Red,16.000000,object_area,1004.064206
TRIAL_Red_SIM_04,Red,17.000000,object_area,1015.357591
TRIAL_Red_SIM_04,Red,18.000000,object_area,1026.650976
TRIAL_Red_SIM_04,Red,19.000000,object_area,1039.352981
TRIAL_Red_SIM_04,Red,20.000000,object_area,1052.368013
TRIAL_Red_SIM_04,Red,21.000000,object_area,1066.203246
TRIAL_Red_SIM_04,Red,22.000000,object_area,1080.721979
TRIAL_Red_SIM_04,Red,23.000000,object_area,1095.588923
TRIAL_Red_SIM_04,Red,24.000000,object_area,1111.384429
TRIAL_Red_SIM_04,Red,25.000000,object_area,1127.179934
TRIAL_Red_SIM_04,Red,26.000000,object_area,1143.075269
TRIAL_Red_SIM_04,Red,27.000000,object_area,1158.970605
TRIAL_Red_SIM_04,Red,28.000000,object_area,1175.692963
TRIAL_Red_SIM_04,Red,29.000000,object_area,1192.725455
TRIAL_Red_SIM_04,Red,30.000000,object_area,1210.276379
TRIAL_Red_SIM_04,Red,31.000000,object_area,1228.449423
TRIAL_Red_SIM_04,Red,32.000000,object_area,1246.920092
TRIAL_Red_SIM_04,Red,33.000000,object_area,1266.730075
TRIAL_Red_SIM_04,Red,34.000000,object_area,1286.540058
TRIAL_Red_SIM_04,Red,35.000000,object_area,1306.495886
TRIAL_Red_SIM_04,Red,36.000000,object_area,1326.466297
TRIAL_Red_SIM_04,Red,37.000000,object_area,1346.741917
TRIAL_Red_SIM_04,Red,38.000000,object_area,1367.191943
TRIAL_Red_SIM_04,Red,39.000000,object_area,1387.334908
TRIAL_Red_SIM_04,Red,40.000000,object_area,1406.940520
TRIAL_Red_SIM_04,Red,41.000000,object_area,1426.641532
TRIAL_Red_SIM_04,Red,42.000000,object_area,1447.296535
TRIAL_Red_SIM_04,Red,43.000000,object_area,1467.951539
TRIAL_Red_SIM_04,Red,44.000000,object_area,1488.486478
TRIAL_Red_SIM_04,Red,45.000000,object_area,1508.994737
TRIAL_Red_SIM_04,Red,46.000000,object_area,1529.651806
TRIAL_Red_SIM_04,Red,47.000000,object_area,1550.432882
TRIAL_Red_SIM_04,Red,48.000000,object_area,1571.153456
TRIAL_Red_SIM_04,Red,49.000000,object_area,1591.712690
TRIAL_Red_SIM_04,Red,50.000000,object_area,1612.271924
TRIAL_Red_SIM_04,Red,51.000000,object_area,1633.336421
TRIAL_Red_SIM_04,Red,52.000000,object_area,1654.400917
TRIAL_Red_SIM_04,Red,53.000000,object_area,1676.033424
TRIAL_Red_SIM_04,Red,54.000000,object_area,1697.878935
TRIAL_Red_SIM_04,Red,55.000000,object_area,1719.609556
TRIAL_Red_SIM_04,Red,56.000000,object_area,1741.202308
TRIAL_Red_SIM_04,Red,57.000000,object_area,1762.514338
TRIAL_Red_SIM_04,Red,58.000000,object_area,1782.563112
TRIAL_Red_SIM_04,Red,59.000000,object_area,1802.611887
TRIAL_Red_SIM_04,Red,60.000000,object_area,1822.857632
TRIAL_Red_SIM_04,Red,61.000000,object_area,1843.123074
TRIAL_Red_SIM_04,Red,62.000000,object_area,1862.632085
TRIAL_Red_SIM_04,Red,63.000000,object_area,1881.708849
TRIAL_Red_SIM_04,Red,64.000000,object_area,1901.370737
TRIAL_Red_SIM_04,Red,65.000000,object_area,1922.056592
TRIAL_Red_SIM_04,Red,66.000000,object_area,1942.595671
TRIAL_Red_SIM_04,Red,67.000000,object_area,1961.666997
TRIAL_Red_SIM_04,Red,68.000000,object_area,1980.738322
TRIAL_Red_SIM_04,Red,69.000000,object_area,2000.489353
TRIAL_Red_SIM_04,Red,70.000000,object_area,2020.391430
TRIAL_Red_SIM_04,Red,71.000000,object_area,2039.504209
TRIAL_Red_SIM_04,Red,72.000000,object_area,2057.959238
TRIAL_Red_SIM_04,Red,73.000000,object_area,2076.177047
TRIAL_Red_SIM_04,Red,74.000000,object_area,2093.762268
TRIAL_Red_SIM_04,Red,75.000000,object_area,2111.347489
TRIAL_Red_SIM_04,Red,76.000000,object_area,2126.627271
TRIAL_Red_SIM_04,Red,77.000000,object_area,2141.907054
TRIAL_Red_SIM_04,Red,78.000000,object_area,2155.863573
TRIAL_Red_SIM_04,Red,79.000000,object_area,2169.323868
TRIAL_Red_SIM_04,Red,80.000000,object_area,2182.378455
TRIAL_Red_SIM_04,Red,81.000000,object_area,2194.946193
TRIAL_Red_SIM_04,Red,82.000000,object_area,2207.462742
TRIAL_Red_SIM_04,Red,83.000000,object_area,2219.748945
TRIAL_Red_SIM_04,Red,84.000000,object_area,2232.035147
TRIAL_Red_SIM_04,Red,85.000000,object_area,2243.198243
TRIAL_Red_SIM_04,Red,86.000000,object_area,2254.249028
TRIAL_Red_SIM_04,Red,87.000000,object_area,2264.571812
TRIAL_Red_SIM_04,Red,88.000000,object_area,2274.478597
TRIAL_Red_SIM_04,Red,89.000000,object_area,2283.688032
TRIAL_Red_SIM_04,Red,90.000000,object_area,2291.677106
TRIAL_Red_SIM_04,Red,91.000000,object_area,2299.532597
TRIAL_Red_SIM_04,Red,92.000000,object_area,2306.052264
TRIAL_Red_SIM_04,Red,93.000000,object_area,2312.571932
TRIAL_Red_SIM_04,Red,94.000000,object_area,2317.136190
TRIAL_Red_SIM_04,Red,95.000000,object_area,2321.265912
TRIAL_Red_SIM_04,Red,96.000000,object_area,2324.438913
TRIAL_Red_SIM_04,Red,97.000000,object_area,2326.814646
TRIAL_Red_SIM_04,Red,98.000000,object_area,2328.805024
TRIAL_Red_SIM_04,Red,99.000000,object_area,2329.767786
TRIAL_Red_SIM_04,Red,100.000000,object_area,2330.730549
TRIAL_Red_SIM_04,Red,0.000000,finger_width,27.716280
TRIAL_Red_SIM_04,Red,1.000000,finger_width,28.373886
TRIAL_Red_SIM_04,Red,2.000000,finger_width,29.031492
TRIAL_Red_SIM_04,Red,3.000000,finger_width,30.098890
TRIAL_Red_SIM_04,Red,4.000000,finger_width,31.319960
TRIAL_Red_SIM_04,Red,5.000000,finger_width,32.783748
TRIAL_Red_SIM_04,Red,6.000000,finger_width,34.538797
TRIAL_Red_SIM_04,Red,7.000000,finger_width,36.394971
TRIAL_Red_SIM_04,Red,8.000000,finger_width,38.706206
TRIAL_Red_SIM_04,Red,9.000000,finger_width,41.017440
TRIAL_Red_SIM_04,Red,10.000000,finger_width,43.918739
TRIAL_Red_SIM_04,Red,11.000000,finger_width,46.879044
TRIAL_Red_SIM_04,Red,12.000000,finger_width,50.109940
TRIAL_Red_SIM_04,Red,13.000000,finger_width,53.495460
TRIAL_Red_SIM_04,Red,14.000000,finger_width,57.031358
TRIAL_Red_SIM_04,Red,15.000000,finger_width,60.830419
TRIAL_Red_SIM_04,Red,16.000000,finger_width,64.652358
TRIAL_Red_SIM_04,Red,17.000000,finger_width,68.703078
TRIAL_Red_SIM_04,Red,18.000000,finger_width,72.753798
TRIAL_Red_SIM_04,Red,19.000000,finger_width,77.006298
TRIAL_Red_SIM_04,Red,20.000000,finger_width,81.303638
TRIAL_Red_SIM_04,Red,21.000000,finger_width,85.746443
TRIAL_Red_SIM_04,Red,22.000000,finger_width,90.310470
TRIAL_Red_SIM_04,Red,23.000000,finger_width,94.873016
TRIAL_Red_SIM_04,Red,24.000000,finger_width,99.431612
TRIAL_Red_SIM_04,Red,25.000000,finger_width,103.990209
TRIAL_Red_SIM_04,Red,26.000000,finger_width,108.335503
TRIAL_Red_SIM_04,Red,27.000000,finger_width,112.680798
TRIAL_Red_SIM_04,Red,28.000000,finger_width,116.827344
TRIAL_Red_SIM_04,Red,29.000000,finger_width,120.899359
TRIAL_Red_SIM_04,Red,30.000000,finger_width,124.993731
TRIAL_Red_SIM_04,Red,31.000000,finger_width,129.114931
TRIAL_Red_SIM_04,Red,32.000000,finger_width,133.248549
TRIAL_Red_SIM_04,Red,33.000000,finger_width,137.438049
TRIAL_Red_SIM_04,Red,34.000000,finger_width,141.627548
TRIAL_Red_SIM_04,Red,35.000000,finger_width,145.555605
TRIAL_Red_SIM_04,Red,36.000000,finger_width,149.457517
TRIAL_Red_SIM_04,Red,37.000000,finger_width,152.907792
TRIAL_Red_SIM_04,Red,38.000000,finger_width,156.099989
TRIAL_Red_SIM_04,Red,39.000000,finger_width,159.108153
TRIAL_Red_SIM_04,Red,40.000000,finger_width,161.794258
TRIAL_Red_SIM_04,Red,41.000000,finger_width,164.458688
TRIAL_Red_SIM_04,Red,42.000000,finger_width,166.906365
TRIAL_Red_SIM_04,Red,43.000000,finger_width,169.354042
TRIAL_Red_SIM_04,Red,44.000000,finger_width,171.584904
TRIAL_Red_SIM_04,Red,45.000000,finger_width,173.767585
TRIAL_Red_SIM_04,Red,46.000000,finger_width,175.528692
TRIAL_Red_SIM_04,Red,47.000000,finger_width,176.938488
TRIAL_Red_SIM_04,Red,48.000000,finger_width,178.017477
TRIAL_Red_SIM_04,Red,49.000000,finger_width,178.214313
TRIAL_Red_SIM_04,Red,50.000000,finger_width,178.411149
TRIAL_Red_SIM_04,Red,51.000000,finger_width,177.188671
TRIAL_Red_SIM_04,Red,52.000000,finger_width,175.966194
TRIAL_Red_SIM_04,Red,53.000000,finger_width,173.492313
TRIAL_Red_SIM_04,Red,54.000000,finger_width,170.549156
TRIAL_Red_SIM_04,Red,55.000000,finger_width,167.185606
TRIAL_Red_SIM_04,Red,56.000000,finger_width,163.317586
TRIAL_Red_SIM_04,Red,57.000000,finger_width,159.226608
TRIAL_Red_SIM_04,Red,58.000000,finger_width,154.132319
TRIAL_Red_SIM_04,Red,59.000000,finger_width,149.038031
TRIAL_Red_SIM_04,Red,60.000000,finger_width,143.526718
TRIAL_Red_SIM_04,Red,61.000000,finger_width,137.973702
TRIAL_Red_SIM_04,Red,62.000000,finger_width,132.065203
TRIAL_Red_SIM_04,Red,63.000000,finger_width,125.953571
TRIAL_Red_SIM_04,Red,64.000000,finger_width,119.877106
TRIAL_Red_SIM_04,Red,65.000000,finger_width,113.862182
TRIAL_Red_SIM_04,Red,66.000000,finger_width,107.837699
TRIAL_Red_SIM_04,Red,67.000000,finger_width,101.717612
TRIAL_Red_SIM_04,Red,68.000000,finger_width,95.597526
TRIAL_Red_SIM_04,Red,69.000000,finger_width,89.886076
TRIAL_Red_SIM_04,Red,70.000000,finger_width,84.265434
TRIAL_Red_SIM_04,Red,71.000000,finger_width,79.183905
TRIAL_Red_SIM_04,Red,72.000000,finger_width,74.551635
TRIAL_Red_SIM_04,Red,73.000000,finger_width,70.354264
TRIAL_Red_SIM_04,Red,74.000000,finger_width,67.316622
TRIAL_Red_SIM_04,Red,75.000000,finger_width,64.278979
TRIAL_Red_SIM_04,Red,76.000000,finger_width,63.183648
TRIAL_Red_SIM_04,Red,77.000000,finger_width,62.088318
TRIAL_Red_SIM_04,Red,78.000000,finger_width,61.811936
TRIAL_Red_SIM_04,Red,79.000000,finger_width,61.842661
TRIAL_Red_SIM_04,Red,80.000000,finger_width,61.956822
TRIAL_Red_SIM_04,Red,81.000000,finger_width,62.171105
TRIAL_Red_SIM_04,Red,82.000000,finger_width,62.341127
TRIAL_Red_SIM_04,Red,83.000000,finger_width,62.311970
TRIAL_Red_SIM_04,Red,84.000000,finger_width,62.282814
TRIAL_Red_SIM_04,Red,85.000000,finger_width,62.392681
TRIAL_Red_SIM_04,Red,86.000000,finger_width,62.516450
TRIAL_Red_SIM_04,Red,87.000000,finger_width,62.452240
TRIAL_Red_SIM_04,Red,88.000000,finger_width,62.280615
TRIAL_Red_SIM_04,Red,89.000000,finger_width,62.228559
TRIAL_Red_SIM_04,Red,90.000000,finger_width,62.385752
TRIAL_Red_SIM_04,Red,91.000000,finger_width,62.539829
TRIAL_Red_SIM_04,Red,92.000000,finger_width,62.662756
TRIAL_Red_SIM_04,Red,93.000000,finger_width,62.785683
TRIAL_Red_SIM_04,Red,94.000000,finger_width,63.069374
TRIAL_Red_SIM_04,Red,95.000000,finger_width,63.388790
TRIAL_Red_SIM_04,Red,96.000000,finger_width,63.541145
TRIAL_Red_SIM_04,Red,97.000000,finger_width,63.554283
TRIAL_Red_SIM_04,Red,98.000000,finger_width,63.528509
TRIAL_Red_SIM_04,Red,99.000000,finger_width,63.398968
TRIAL_Red_SIM_04,Red,100.000000,finger_width,63.269427
TRIAL_Red_SIM_04,Red,0.000000,velocity,0.002702
TRIAL_Red_SIM_04,Red,1.000000,velocity,0.002708
TRIAL_Red_SIM_04,Red,2.000000,velocity,0.002713
TRIAL_Red_SIM_04,Red,3.000000,velocity,0.003374
TRIAL_Red_SIM_04,Red,4.000000,velocity,0.004280
TRIAL_Red_SIM_04,Red,5.000000,velocity,0.005563
TRIAL_Red_SIM_04,Red,6.000000,velocity,0.007299
TRIAL_Red_SIM_04,Red,7.000000,velocity,0.009239
TRIAL_Red_SIM_04,Red,8.000000,velocity,0.012100
TRIAL_Red_SIM_04,Red,9.000000,velocity,0.014961
TRIAL_Red_SIM_04,Red,10.000000,velocity,0.018272
TRIAL_Red_SIM_04,Red,11.000000,velocity,0.021629
TRIAL_Red_SIM_04,Red,12.000000,velocity,0.025457
TRIAL_Red_SIM_04,Red,13.000000,velocity,0.029556
TRIAL_Red_SIM_04,Red,14.000000,velocity,0.033679
TRIAL_Red_SIM_04,Red,15.000000,velocity,0.037844
TRIAL_Red_SIM_04,Red,16.000000,velocity,0.042151
TRIAL_Red_SIM_04,Red,17.000000,velocity,0.047874
TRIAL_Red_SIM_04,Red,18.000000,velocity,0.053597
TRIAL_Red_SIM_04,Red,19.000000,velocity,0.060501
TRIAL_Red_SIM_04,Red,20.000000,velocity,0.067669
TRIAL_Red_SIM_04,Red,21.000000,velocity,0.075829
TRIAL_Red_SIM_04,Red,22.000000,velocity,0.084816
TRIAL_Red_SIM_04,Red,23.000000,velocity,0.093915
TRIAL_Red_SIM_04,Red,24.000000,velocity,0.103311
TRIAL_Red_SIM_04,Red,25.000000,velocity,0.112707
TRIAL_Red_SIM_04,Red,26.000000,velocity,0.122680
TRIAL_Red_SIM_04,Red,27.000000,velocity,0.132652
TRIAL_Red_SIM_04,Red,28.000000,velocity,0.143155
TRIAL_Red_SIM_04,Red,29.000000,velocity,0.153856
TRIAL_Red_SIM_04,Red,30.000000,velocity,0.165070
TRIAL_Red_SIM_04,Red,31.000000,velocity,0.176899
TRIAL_Red_SIM_04,Red,32.000000,velocity,0.188803
TRIAL_Red_SIM_04,Red,33.000000,velocity,0.201049
TRIAL_Red_SIM_04,Red,34.000000,velocity,0.213295
TRIAL_Red_SIM_04,Red,35.000000,velocity,0.225167
TRIAL_Red_SIM_04,Red,36.000000,velocity,0.237002
TRIAL_Red_SIM_04,Red,37.000000,velocity,0.248154
TRIAL_Red_SIM_04,Red,38.000000,velocity,0.258916
TRIAL_Red_SIM_04,Red,39.000000,velocity,0.269050
TRIAL_Red_SIM_04,Red,40.000000,velocity,0.278087
TRIAL_Red_SIM_04,Red,41.000000,velocity,0.286966
TRIAL_Red_SIM_04,Red,42.000000,velocity,0.294273
TRIAL_Red_SIM_04,Red,43.000000,velocity,0.301580
TRIAL_Red_SIM_04,Red,44.000000,velocity,0.306264
TRIAL_Red_SIM_04,Red,45.000000,velocity,0.310364
TRIAL_Red_SIM_04,Red,46.000000,velocity,0.312901
TRIAL_Red_SIM_04,Red,47.000000,velocity,0.314134
TRIAL_Red_SIM_04,Red,48.000000,velocity,0.314202
TRIAL_Red_SIM_04,Red,49.000000,velocity,0.311160
TRIAL_Red_SIM_04,Red,50.000000,velocity,0.308119
TRIAL_Red_SIM_04,Red,51.000000,velocity,0.302417
TRIAL_Red_SIM_04,Red,52.000000,velocity,0.296716
TRIAL_Red_SIM_04,Red,53.000000,velocity,0.288917
TRIAL_Red_SIM_04,Red,54.000000,velocity,0.280331
TRIAL_Red_SIM_04,Red,55.000000,velocity,0.271242
TRIAL_Red_SIM_04,Red,56.000000,velocity,0.261549
TRIAL_Red_SIM_04,Red,57.000000,velocity,0.251615
TRIAL_Red_SIM_04,Red,58.000000,velocity,0.240598
TRIAL_Red_SIM_04,Red,59.000000,velocity,0.229582
TRIAL_Red_SIM_04,Red,60.000000,velocity,0.218148
TRIAL_Red_SIM_04,Red,61.000000,velocity,0.206674
TRIAL_Red_SIM_04,Red,62.000000,velocity,0.194857
TRIAL_Red_SIM_04,Red,63.000000,velocity,0.182846
TRIAL_Red_SIM_04,Red,64.000000,velocity,0.171100
TRIAL_Red_SIM_04,Red,65.000000,velocity,0.159820
TRIAL_Red_SIM_04,Red,66.000000,velocity,0.148588
TRIAL_Red_SIM_04,Red,67.000000,velocity,0.137825
TRIAL_Red_SIM_04,Red,68.000000,velocity,0.127063
TRIAL_Red_SIM_04,Red,69.000000,velocity,0.117209
TRIAL_Red_SIM_04,Red,70.000000,velocity,0.107558
TRIAL_Red_SIM_04,Red,71.000000,velocity,0.097988
TRIAL_Red_SIM_04,Red,72.000000,velocity,0.088485
TRIAL_Red_SIM_04,Red,73.000000,velocity,0.079334
TRIAL_Red_SIM_04,Red,74.000000,velocity,0.071122
TRIAL_Red_SIM_04,Red,75.000000,velocity,0.062909
TRIAL_Red_SIM_04,Red,76.000000,velocity,0.055714
TRIAL_Red_SIM_04,Red,77.000000,velocity,0.048518
TRIAL_Red_SIM_04,Red,78.000000,velocity,0.042962
TRIAL_Red_SIM_04,Red,79.000000,velocity,0.038020
TRIAL_Red_SIM_04,Red,80.000000,velocity,0.033541
TRIAL_Red_SIM_04,Red,81.000000,velocity,0.029618
TRIAL_Red_SIM_04,Red,82.000000,velocity,0.025994
TRIAL_Red_SIM_04,Red,83.000000,velocity,0.023713
TRIAL_Red_SIM_04,Red,84.000000,velocity,0.021431
TRIAL_Red_SIM_04,Red,85.000000,velocity,0.019342
TRIAL_Red_SIM_04,Red,86.000000,velocity,0.017273
TRIAL_Red_SIM_04,Red,87.000000,velocity,0.015546
TRIAL_Red_SIM_04,Red,88.000000,velocity,0.014015
TRIAL_Red_SIM_04,Red,89.000000,velocity,0.012353
TRIAL_Red_SIM_04,Red,90.000000,velocity,0.010463
TRIAL_Red_SIM_04,Red,91.000000,velocity,0.008574
TRIAL_Red_SIM_04,Red,92.000000,velocity,0.006703
TRIAL_Red_SIM_04,Red,93.000000,velocity,0.004831
TRIAL_Red_SIM_04,Red,94.000000,velocity,0.003212
TRIAL_Red_SIM_04,Red,95.000000,velocity,0.001648
TRIAL_Red_SIM_04,Red,96.000000,velocity,0.000712
TRIAL_Red_SIM_04,Red,97.000000,velocity,0.000300
TRIAL_Red_SIM_04,Red,98.000000,velocity,0.000000
TRIAL_Red_SIM_04,Red,99.000000,velocity,0.000000
TRIAL_Red_SIM_04,Red,100.000000,velocity,0.000000
TRIAL_Red_SIM_04,Red,0.000000,acceleration_mag,0.016996
TRIAL_Red_SIM_04,Red,1.000000,acceleration_mag,0.019697
TRIAL_Red_SIM_04,Red,2.000000,acceleration_mag,0.022397
TRIAL_Red_SIM_04,Red,3.000000,acceleration_mag,0.041652
TRIAL_Red_SIM_04,Red,4.000000,acceleration_mag,0.067116
TRIAL_Red_SIM_04,Red,5.000000,acceleration_mag,0.095598
TRIAL_Red_SIM_04,Red,6.000000,acceleration_mag,0.127702
TRIAL_Red_SIM_04,Red,7.000000,acceleration_mag,0.158680
TRIAL_Red_SIM_04,Red,8.000000,acceleration_mag,0.184587
TRIAL_Red_SIM_04,Red,9.000000,acceleration_mag,0.210495
TRIAL_Red_SIM_04,Red,10.000000,acceleration_mag,0.231709
TRIAL_Red_SIM_04,Red,11.000000,acceleration_mag,0.252453
TRIAL_Red_SIM_04,Red,12.000000,acceleration_mag,0.266891
TRIAL_Red_SIM_04,Red,13.000000,acceleration_mag,0.277726
TRIAL_Red_SIM_04,Red,14.000000,acceleration_mag,0.292806
TRIAL_Red_SIM_04,Red,15.000000,acceleration_mag,0.315315
TRIAL_Red_SIM_04,Red,16.000000,acceleration_mag,0.339986
TRIAL_Red_SIM_04,Red,17.000000,acceleration_mag,0.386285
TRIAL_Red_SIM_04,Red,18.000000,acceleration_mag,0.432583
TRIAL_Red_SIM_04,Red,19.000000,acceleration_mag,0.482090
TRIAL_Red_SIM_04,Red,20.000000,acceleration_mag,0.532311
TRIAL_Red_SIM_04,Red,21.000000,acceleration_mag,0.573839
TRIAL_Red_SIM_04,Red,22.000000,acceleration_mag,0.608124
TRIAL_Red_SIM_04,Red,23.000000,acceleration_mag,0.636728
TRIAL_Red_SIM_04,Red,24.000000,acceleration_mag,0.650184
TRIAL_Red_SIM_04,Red,25.000000,acceleration_mag,0.663640
TRIAL_Red_SIM_04,Red,26.000000,acceleration_mag,0.683970
TRIAL_Red_SIM_04,Red,27.000000,acceleration_mag,0.704301
TRIAL_Red_SIM_04,Red,28.000000,acceleration_mag,0.731455
TRIAL_Red_SIM_04,Red,29.000000,acceleration_mag,0.761169
TRIAL_Red_SIM_04,Red,30.000000,acceleration_mag,0.788141
TRIAL_Red_SIM_04,Red,31.000000,acceleration_mag,0.811823
TRIAL_Red_SIM_04,Red,32.000000,acceleration_mag,0.830808
TRIAL_Red_SIM_04,Red,33.000000,acceleration_mag,0.828657
TRIAL_Red_SIM_04,Red,34.000000,acceleration_mag,0.826505
TRIAL_Red_SIM_04,Red,35.000000,acceleration_mag,0.801740
TRIAL_Red_SIM_04,Red,36.000000,acceleration_mag,0.774714
TRIAL_Red_SIM_04,Red,37.000000,acceleration_mag,0.736839
TRIAL_Red_SIM_04,Red,38.000000,acceleration_mag,0.692764
TRIAL_Red_SIM_04,Red,39.000000,acceleration_mag,0.646668
TRIAL_Red_SIM_04,Red,40.000000,acceleration_mag,0.597036
TRIAL_Red_SIM_04,Red,41.000000,acceleration_mag,0.545573
TRIAL_Red_SIM_04,Red,42.000000,acceleration_mag,0.475799
TRIAL_Red_SIM_04,Red,43.000000,acceleration_mag,0.406026
TRIAL_Red_SIM_04,Red,44.000000,acceleration_mag,0.320740
TRIAL_Red_SIM_04,Red,45.000000,acceleration_mag,0.232007
TRIAL_Red_SIM_04,Red,46.000000,acceleration_mag,0.158990
TRIAL_Red_SIM_04,Red,47.000000,acceleration_mag,0.099071
TRIAL_Red_SIM_04,Red,48.000000,acceleration_mag,0.083655
TRIAL_Red_SIM_04,Red,49.000000,acceleration_mag,0.186913
TRIAL_Red_SIM_04,Red,50.000000,acceleration_mag,0.290171
TRIAL_Red_SIM_04,Red,51.000000,acceleration_mag,0.373759
TRIAL_Red_SIM_04,Red,52.000000,acceleration_mag,0.457348
TRIAL_Red_SIM_04,Red,53.000000,acceleration_mag,0.524356
TRIAL_Red_SIM_04,Red,54.000000,acceleration_mag,0.585146
TRIAL_Red_SIM_04,Red,55.000000,acceleration_mag,0.637091
TRIAL_Red_SIM_04,Red,56.000000,acceleration_mag,0.678422
TRIAL_Red_SIM_04,Red,57.000000,acceleration_mag,0.717665
TRIAL_Red_SIM_04,Red,58.000000,acceleration_mag,0.747509
TRIAL_Red_SIM_04,Red,59.000000,acceleration_mag,0.777354
TRIAL_Red_SIM_04,Red,60.000000,acceleration_mag,0.796141
TRIAL_Red_SIM_04,Red,61.000000,acceleration_mag,0.813823
TRIAL_Red_SIM_04,Red,62.000000,acceleration_mag,0.817471
TRIAL_Red_SIM_04,Red,63.000000,acceleration_mag,0.813099
TRIAL_Red_SIM_04,Red,64.000000,acceleration_mag,0.802632
TRIAL_Red_SIM_04,Red,65.000000,acceleration_mag,0.781498
TRIAL_Red_SIM_04,Red,66.000000,acceleration_mag,0.759624
TRIAL_Red_SIM_04,Red,67.000000,acceleration_mag,0.730354
TRIAL_Red_SIM_04,Red,68.000000,acceleration_mag,0.701083
TRIAL_Red_SIM_04,Red,69.000000,acceleration_mag,0.679203
TRIAL_Red_SIM_04,Red,70.000000,acceleration_mag,0.658965
TRIAL_Red_SIM_04,Red,71.000000,acceleration_mag,0.638419
TRIAL_Red_SIM_04,Red,72.000000,acceleration_mag,0.617615
TRIAL_Red_SIM_04,Red,73.000000,acceleration_mag,0.593287
TRIAL_Red_SIM_04,Red,74.000000,acceleration_mag,0.559562
TRIAL_Red_SIM_04,Red,75.000000,acceleration_mag,0.525836
TRIAL_Red_SIM_04,Red,76.000000,acceleration_mag,0.473811
TRIAL_Red_SIM_04,Red,77.000000,acceleration_mag,0.421787
TRIAL_Red_SIM_04,Red,78.000000,acceleration_mag,0.368413
TRIAL_Red_SIM_04,Red,79.000000,acceleration_mag,0.314533
TRIAL_Red_SIM_04,Red,80.000000,acceleration_mag,0.266809
TRIAL_Red_SIM_04,Red,81.000000,acceleration_mag,0.226470
TRIAL_Red_SIM_04,Red,82.000000,acceleration_mag,0.188960
TRIAL_Red_SIM_04,Red,83.000000,acceleration_mag,0.164180
TRIAL_Red_SIM_04,Red,84.000000,acceleration_mag,0.139399
TRIAL_Red_SIM_04,Red,85.000000,acceleration_mag,0.129719
TRIAL_Red_SIM_04,Red,86.000000,acceleration_mag,0.121549
TRIAL_Red_SIM_04,Red,87.000000,acceleration_mag,0.116400
TRIAL_Red_SIM_04,Red,88.000000,acceleration_mag,0.112979
TRIAL_Red_SIM_04,Red,89.000000,acceleration_mag,0.111663
TRIAL_Red_SIM_04,Red,90.000000,acceleration_mag,0.114031
TRIAL_Red_SIM_04,Red,91.000000,acceleration_mag,0.115893
TRIAL_Red_SIM_04,Red,92.000000,acceleration_mag,0.112696
TRIAL_Red_SIM_04,Red,93.000000,acceleration_mag,0.109499
TRIAL_Red_SIM_04,Red,94.000000,acceleration_mag,0.093095
TRIAL_Red_SIM_04,Red,95.000000,acceleration_mag,0.073756
TRIAL_Red_SIM_04,Red,96.000000,acceleration_mag,0.054449
TRIAL_Red_SIM_04,Red,97.000000,acceleration_mag,0.035168
TRIAL_Red_SIM_04,Red,98.000000,acceleration_mag,0.019050
TRIAL_Red_SIM_04,Red,99.000000,acceleration_mag,0.011363
TRIAL_Red_SIM_04,Red,100.000000,acceleration_mag,0.003676
TRIAL_Red_SIM_04,Red,0.000000,ax,0.012083
TRIAL_Red_SIM_04,Red,1.000000,ax,0.016733
TRIAL_Red_SIM_04,Red,2.000000,ax,0.021384
TRIAL_Red_SIM_04,Red,3.000000,ax,0.041185
TRIAL_Red_SIM_04,Red,4.000000,ax,0.066669
TRIAL_Red_SIM_04,Red,5.000000,ax,0.094929
TRIAL_Red_SIM_04,Red,6.000000,ax,0.126521
TRIAL_Red_SIM_04,Red,7.000000,ax,0.156997
TRIAL_Red_SIM_04,Red,8.000000,ax,0.182454
TRIAL_Red_SIM_04,Red,9.000000,ax,0.207911
TRIAL_Red_SIM_04,Red,10.000000,ax,0.228665
TRIAL_Red_SIM_04,Red,11.000000,ax,0.248948
TRIAL_Red_SIM_04,Red,12.000000,ax,0.263208
TRIAL_Red_SIM_04,Red,13.000000,ax,0.274025
TRIAL_Red_SIM_04,Red,14.000000,ax,0.289049
TRIAL_Red_SIM_04,Red,15.000000,ax,0.311433
TRIAL_Red_SIM_04,Red,16.000000,ax,0.335928
TRIAL_Red_SIM_04,Red,17.000000,ax,0.381540
TRIAL_Red_SIM_04,Red,18.000000,ax,0.427151
TRIAL_Red_SIM_04,Red,19.000000,ax,0.475924
TRIAL_Red_SIM_04,Red,20.000000,ax,0.525399
TRIAL_Red_SIM_04,Red,21.000000,ax,0.566302
TRIAL_Red_SIM_04,Red,22.000000,ax,0.600062
TRIAL_Red_SIM_04,Red,23.000000,ax,0.628260
TRIAL_Red_SIM_04,Red,24.000000,ax,0.641629
TRIAL_Red_SIM_04,Red,25.000000,ax,0.654998
TRIAL_Red_SIM_04,Red,26.000000,ax,0.674970
TRIAL_Red_SIM_04,Red,27.000000,ax,0.694943
TRIAL_Red_SIM_04,Red,28.000000,ax,0.721580
TRIAL_Red_SIM_04,Red,29.000000,ax,0.750716
TRIAL_Red_SIM_04,Red,30.000000,ax,0.777196
TRIAL_Red_SIM_04,Red,31.000000,ax,0.800487
TRIAL_Red_SIM_04,Red,32.000000,ax,0.819181
TRIAL_Red_SIM_04,Red,33.000000,ax,0.817192
TRIAL_Red_SIM_04,Red,34.000000,ax,0.815203
TRIAL_Red_SIM_04,Red,35.000000,ax,0.791050
TRIAL_Red_SIM_04,Red,36.000000,ax,0.764682
TRIAL_Red_SIM_04,Red,37.000000,ax,0.727453
TRIAL_Red_SIM_04,Red,38.000000,ax,0.684018
TRIAL_Red_SIM_04,Red,39.000000,ax,0.638478
TRIAL_Red_SIM_04,Red,40.000000,ax,0.589254
TRIAL_Red_SIM_04,Red,41.000000,ax,0.538207
TRIAL_Red_SIM_04,Red,42.000000,ax,0.468943
TRIAL_Red_SIM_04,Red,43.000000,ax,0.399679
TRIAL_Red_SIM_04,Red,44.000000,ax,0.315183
TRIAL_Red_SIM_04,Red,45.000000,ax,0.227302
TRIAL_Red_SIM_04,Red,46.000000,ax,0.129173
TRIAL_Red_SIM_04,Red,47.000000,ax,0.022505
TRIAL_Red_SIM_04,Red,48.000000,ax,-0.082977
TRIAL_Red_SIM_04,Red,49.000000,ax,-0.185294
TRIAL_Red_SIM_04,Red,50.000000,ax,-0.287611
TRIAL_Red_SIM_04,Red,51.000000,ax,-0.370082
TRIAL_Red_SIM_04,Red,52.000000,ax,-0.452553
TRIAL_Red_SIM_04,Red,53.000000,ax,-0.518603
TRIAL_Red_SIM_04,Red,54.000000,ax,-0.578496
TRIAL_Red_SIM_04,Red,55.000000,ax,-0.629500
TRIAL_Red_SIM_04,Red,56.000000,ax,-0.669837
TRIAL_Red_SIM_04,Red,57.000000,ax,-0.708136
TRIAL_Red_SIM_04,Red,58.000000,ax,-0.737261
TRIAL_Red_SIM_04,Red,59.000000,ax,-0.766387
TRIAL_Red_SIM_04,Red,60.000000,ax,-0.784620
TRIAL_Red_SIM_04,Red,61.000000,ax,-0.801764
TRIAL_Red_SIM_04,Red,62.000000,ax,-0.805305
TRIAL_Red_SIM_04,Red,63.000000,ax,-0.801072
TRIAL_Red_SIM_04,Red,64.000000,ax,-0.790855
TRIAL_Red_SIM_04,Red,65.000000,ax,-0.770165
TRIAL_Red_SIM_04,Red,66.000000,ax,-0.748762
TRIAL_Red_SIM_04,Red,67.000000,ax,-0.720239
TRIAL_Red_SIM_04,Red,68.000000,ax,-0.691715
TRIAL_Red_SIM_04,Red,69.000000,ax,-0.670238
TRIAL_Red_SIM_04,Red,70.000000,ax,-0.650326
TRIAL_Red_SIM_04,Red,71.000000,ax,-0.630025
TRIAL_Red_SIM_04,Red,72.000000,ax,-0.609401
TRIAL_Red_SIM_04,Red,73.000000,ax,-0.585301
TRIAL_Red_SIM_04,Red,74.000000,ax,-0.551933
TRIAL_Red_SIM_04,Red,75.000000,ax,-0.518565
TRIAL_Red_SIM_04,Red,76.000000,ax,-0.467449
TRIAL_Red_SIM_04,Red,77.000000,ax,-0.416334
TRIAL_Red_SIM_04,Red,78.000000,ax,-0.363920
TRIAL_Red_SIM_04,Red,79.000000,ax,-0.311019
TRIAL_Red_SIM_04,Red,80.000000,ax,-0.264055
TRIAL_Red_SIM_04,Red,81.000000,ax,-0.224216
TRIAL_Red_SIM_04,Red,82.000000,ax,-0.187153
TRIAL_Red_SIM_04,Red,83.000000,ax,-0.162587
TRIAL_Red_SIM_04,Red,84.000000,ax,-0.138021
TRIAL_Red_SIM_04,Red,85.000000,ax,-0.128337
TRIAL_Red_SIM_04,Red,86.000000,ax,-0.120141
TRIAL_Red_SIM_04,Red,87.000000,ax,-0.115028
TRIAL_Red_SIM_04,Red,88.000000,ax,-0.111676
TRIAL_Red_SIM_04,Red,89.000000,ax,-0.110412
TRIAL_Red_SIM_04,Red,90.000000,ax,-0.112801
TRIAL_Red_SIM_04,Red,91.000000,ax,-0.114682
TRIAL_Red_SIM_04,Red,92.000000,ax,-0.111481
TRIAL_Red_SIM_04,Red,93.000000,ax,-0.108279
TRIAL_Red_SIM_04,Red,94.000000,ax,-0.092014
TRIAL_Red_SIM_04,Red,95.000000,ax,-0.072845
TRIAL_Red_SIM_04,Red,96.000000,ax,-0.053482
TRIAL_Red_SIM_04,Red,97.000000,ax,-0.033958
TRIAL_Red_SIM_04,Red,98.000000,ax,-0.017705
TRIAL_Red_SIM_04,Red,99.000000,ax,-0.010173
TRIAL_Red_SIM_04,Red,100.000000,ax,-0.002642
TRIAL_Red_SIM_04,Red,0.000000,ay,0.006067
TRIAL_Red_SIM_04,Red,1.000000,ay,0.005072
TRIAL_Red_SIM_04,Red,2.000000,ay,0.004077
TRIAL_Red_SIM_04,Red,3.000000,ay,0.004572
TRIAL_Red_SIM_04,Red,4.000000,ay,0.005626
TRIAL_Red_SIM_04,Red,5.000000,ay,0.006383
TRIAL_Red_SIM_04,Red,6.000000,ay,0.006782
TRIAL_Red_SIM_04,Red,7.000000,ay,0.007231
TRIAL_Red_SIM_04,Red,8.000000,ay,0.007905
TRIAL_Red_SIM_04,Red,9.000000,ay,0.008579
TRIAL_Red_SIM_04,Red,10.000000,ay,0.008987
TRIAL_Red_SIM_04,Red,11.000000,ay,0.009368
TRIAL_Red_SIM_04,Red,12.000000,ay,0.010248
TRIAL_Red_SIM_04,Red,13.000000,ay,0.011413
TRIAL_Red_SIM_04,Red,14.000000,ay,0.012854
TRIAL_Red_SIM_04,Red,15.000000,ay,0.014779
TRIAL_Red_SIM_04,Red,16.000000,ay,0.016714
TRIAL_Red_SIM_04,Red,17.000000,ay,0.018747
TRIAL_Red_SIM_04,Red,18.000000,ay,0.020780
TRIAL_Red_SIM_04,Red,19.000000,ay,0.023112
TRIAL_Red_SIM_04,Red,20.000000,ay,0.025509
TRIAL_Red_SIM_04,Red,21.000000,ay,0.027662
TRIAL_Red_SIM_04,Red,22.000000,ay,0.029610
TRIAL_Red_SIM_04,Red,23.000000,ay,0.031520
TRIAL_Red_SIM_04,Red,24.000000,ay,0.033329
TRIAL_Red_SIM_04,Red,25.000000,ay,0.035137
TRIAL_Red_SIM_04,Red,26.000000,ay,0.036646
TRIAL_Red_SIM_04,Red,27.000000,ay,0.038155
TRIAL_Red_SIM_04,Red,28.000000,ay,0.039796
TRIAL_Red_SIM_04,Red,29.000000,ay,0.041488
TRIAL_Red_SIM_04,Red,30.000000,ay,0.043289
TRIAL_Red_SIM_04,Red,31.000000,ay,0.045220
TRIAL_Red_SIM_04,Red,32.000000,ay,0.047086
TRIAL_Red_SIM_04,Red,33.000000,ay,0.048656
TRIAL_Red_SIM_04,Red,34.000000,ay,0.050226
TRIAL_Red_SIM_04,Red,35.000000,ay,0.051347
TRIAL_Red_SIM_04,Red,36.000000,ay,0.052424
TRIAL_Red_SIM_04,Red,37.000000,ay,0.052254
TRIAL_Red_SIM_04,Red,38.000000,ay,0.051372
TRIAL_Red_SIM_04,Red,39.000000,ay,0.049772
TRIAL_Red_SIM_04,Red,40.000000,ay,0.046916
TRIAL_Red_SIM_04,Red,41.000000,ay,0.043867
TRIAL_Red_SIM_04,Red,42.000000,ay,0.038887
TRIAL_Red_SIM_04,Red,43.000000,ay,0.033907
TRIAL_Red_SIM_04,Red,44.000000,ay,0.028336
TRIAL_Red_SIM_04,Red,45.000000,ay,0.022632
TRIAL_Red_SIM_04,Red,46.000000,ay,0.016710
TRIAL_Red_SIM_04,Red,47.000000,ay,0.010606
TRIAL_Red_SIM_04,Red,48.000000,ay,0.004340
TRIAL_Red_SIM_04,Red,49.000000,ay,-0.002355
TRIAL_Red_SIM_04,Red,50.000000,ay,-0.009050
TRIAL_Red_SIM_04,Red,51.000000,ay,-0.014587
TRIAL_Red_SIM_04,Red,52.000000,ay,-0.020125
TRIAL_Red_SIM_04,Red,53.000000,ay,-0.024679
TRIAL_Red_SIM_04,Red,54.000000,ay,-0.028863
TRIAL_Red_SIM_04,Red,55.000000,ay,-0.031937
TRIAL_Red_SIM_04,Red,56.000000,ay,-0.033676
TRIAL_Red_SIM_04,Red,57.000000,ay,-0.035410
TRIAL_Red_SIM_04,Red,58.000000,ay,-0.037123
TRIAL_Red_SIM_04,Red,59.000000,ay,-0.038835
TRIAL_Red_SIM_04,Red,60.000000,ay,-0.040005
TRIAL_Red_SIM_04,Red,61.000000,ay,-0.041121
TRIAL_Red_SIM_04,Red,62.000000,ay,-0.042230
TRIAL_Red_SIM_04,Red,63.000000,ay,-0.043333
TRIAL_Red_SIM_04,Red,64.000000,ay,-0.044125
TRIAL_Red_SIM_04,Red,65.000000,ay,-0.044368
TRIAL_Red_SIM_04,Red,66.000000,ay,-0.044632
TRIAL_Red_SIM_04,Red,67.000000,ay,-0.045089
TRIAL_Red_SIM_04,Red,68.000000,ay,-0.045547
TRIAL_Red_SIM_04,Red,69.000000,ay,-0.045452
TRIAL_Red_SIM_04,Red,70.000000,ay,-0.045234
TRIAL_Red_SIM_04,Red,71.000000,ay,-0.044522
TRIAL_Red_SIM_04,Red,72.000000,ay,-0.043398
TRIAL_Red_SIM_04,Red,73.000000,ay,-0.041973
TRIAL_Red_SIM_04,Red,74.000000,ay,-0.039743
TRIAL_Red_SIM_04,Red,75.000000,ay,-0.037513
TRIAL_Red_SIM_04,Red,76.000000,ay,-0.035115
TRIAL_Red_SIM_04,Red,77.000000,ay,-0.032716
TRIAL_Red_SIM_04,Red,78.000000,ay,-0.030606
TRIAL_Red_SIM_04,Red,79.000000,ay,-0.028604
TRIAL_Red_SIM_04,Red,80.000000,ay,-0.026267
TRIAL_Red_SIM_04,Red,81.000000,ay,-0.023527
TRIAL_Red_SIM_04,Red,82.000000,ay,-0.020752
TRIAL_Red_SIM_04,Red,83.000000,ay,-0.017817
TRIAL_Red_SIM_04,Red,84.000000,ay,-0.014882
TRIAL_Red_SIM_04,Red,85.000000,ay,-0.013066
TRIAL_Red_SIM_04,Red,86.000000,ay,-0.011362
TRIAL_Red_SIM_04,Red,87.000000,ay,-0.010832
TRIAL_Red_SIM_04,Red,88.000000,ay,-0.010975
TRIAL_Red_SIM_04,Red,89.000000,ay,-0.011578
TRIAL_Red_SIM_04,Red,90.000000,ay,-0.012990
TRIAL_Red_SIM_04,Red,91.000000,ay,-0.014200
TRIAL_Red_SIM_04,Red,92.000000,ay,-0.013393
TRIAL_Red_SIM_04,Red,93.000000,ay,-0.012587
TRIAL_Red_SIM_04,Red,94.000000,ay,-0.010327
TRIAL_Red_SIM_04,Red,95.000000,ay,-0.007745
TRIAL_Red_SIM_04,Red,96.000000,ay,-0.004840
TRIAL_Red_SIM_04,Red,97.000000,ay,-0.001665
TRIAL_Red_SIM_04,Red,98.000000,ay,0.000667
TRIAL_Red_SIM_04,Red,99.000000,ay,0.000754
TRIAL_Red_SIM_04,Red,100.000000,ay,0.000841
TRIAL_Red_SIM_04,Red,0.000000,az,-0.010299
TRIAL_Red_SIM_04,Red,1.000000,az,-0.006977
TRIAL_Red_SIM_04,Red,2.000000,az,-0.003656
TRIAL_Red_SIM_04,Red,3.000000,az,-0.000061
TRIAL_Red_SIM_04,Red,4.000000,az,0.003636
TRIAL_Red_SIM_04,Red,5.000000,az,0.008717
TRIAL_Red_SIM_04,Red,6.000000,az,0.015458
TRIAL_Red_SIM_04,Red,7.000000,az,0.021870
TRIAL_Red_SIM_04,Red,8.000000,az,0.026803
TRIAL_Red_SIM_04,Red,9.000000,az,0.031737
TRIAL_Red_SIM_04,Red,10.000000,az,0.036309
TRIAL_Red_SIM_04,Red,11.000000,az,0.040846
TRIAL_Red_SIM_04,Red,12.000000,az,0.042966
TRIAL_Red_SIM_04,Red,13.000000,az,0.043703
TRIAL_Red_SIM_04,Red,14.000000,az,0.044934
TRIAL_Red_SIM_04,Red,15.000000,az,0.047026
TRIAL_Red_SIM_04,Red,16.000000,az,0.049631
TRIAL_Red_SIM_04,Red,17.000000,az,0.057365
TRIAL_Red_SIM_04,Red,18.000000,az,0.065099
TRIAL_Red_SIM_04,Red,19.000000,az,0.073301
TRIAL_Red_SIM_04,Red,20.000000,az,0.081607
TRIAL_Red_SIM_04,Red,21.000000,az,0.088476
TRIAL_Red_SIM_04,Red,22.000000,az,0.094147
TRIAL_Red_SIM_04,Red,23.000000,az,0.098575
TRIAL_Red_SIM_04,Red,24.000000,az,0.099689
TRIAL_Red_SIM_04,Red,25.000000,az,0.100803
TRIAL_Red_SIM_04,Red,26.000000,az,0.104341
TRIAL_Red_SIM_04,Red,27.000000,az,0.107878
TRIAL_Red_SIM_04,Red,28.000000,az,0.112977
TRIAL_Red_SIM_04,Red,29.000000,az,0.118662
TRIAL_Red_SIM_04,Red,30.000000,az,0.123526
TRIAL_Red_SIM_04,Red,31.000000,az,0.127406
TRIAL_Red_SIM_04,Red,32.000000,az,0.130250
TRIAL_Red_SIM_04,Red,33.000000,az,0.128432
TRIAL_Red_SIM_04,Red,34.000000,az,0.126614
TRIAL_Red_SIM_04,Red,35.000000,az,0.119864
TRIAL_Red_SIM_04,Red,36.000000,az,0.112620
TRIAL_Red_SIM_04,Red,37.000000,az,0.104903
TRIAL_Red_SIM_04,Red,38.000000,az,0.096915
TRIAL_Red_SIM_04,Red,39.000000,az,0.089699
TRIAL_Red_SIM_04,Red,40.000000,az,0.083834
TRIAL_Red_SIM_04,Red,41.000000,az,0.077825
TRIAL_Red_SIM_04,Red,42.000000,az,0.070377
TRIAL_Red_SIM_04,Red,43.000000,az,0.062928
TRIAL_Red_SIM_04,Red,44.000000,az,0.052058
TRIAL_Red_SIM_04,Red,45.000000,az,0.040427
TRIAL_Red_SIM_04,Red,46.000000,az,0.026001
TRIAL_Red_SIM_04,Red,47.000000,az,0.009246
TRIAL_Red_SIM_04,Red,48.000000,az,-0.007071
TRIAL_Red_SIM_04,Red,49.000000,az,-0.022224
TRIAL_Red_SIM_04,Red,50.000000,az,-0.037376
TRIAL_Red_SIM_04,Red,51.000000,az,-0.050129
TRIAL_Red_SIM_04,Red,52.000000,az,-0.062882
TRIAL_Red_SIM_04,Red,53.000000,az,-0.073398
TRIAL_Red_SIM_04,Red,54.000000,az,-0.083076
TRIAL_Red_SIM_04,Red,55.000000,az,-0.092654
TRIAL_Red_SIM_04,Red,56.000000,az,-0.102113
TRIAL_Red_SIM_04,Red,57.000000,az,-0.111046
TRIAL_Red_SIM_04,Red,58.000000,az,-0.117612
TRIAL_Red_SIM_04,Red,59.000000,az,-0.124179
TRIAL_Red_SIM_04,Red,60.000000,az,-0.128873
TRIAL_Red_SIM_04,Red,61.000000,az,-0.133380
TRIAL_Red_SIM_04,Red,62.000000,az,-0.134005
TRIAL_Red_SIM_04,Red,63.000000,az,-0.132413
TRIAL_Red_SIM_04,Red,64.000000,az,-0.129679
TRIAL_Red_SIM_04,Red,65.000000,az,-0.124948
TRIAL_Red_SIM_04,Red,66.000000,az,-0.119955
TRIAL_Red_SIM_04,Red,67.000000,az,-0.112341
TRIAL_Red_SIM_04,Red,68.000000,az,-0.104726
TRIAL_Red_SIM_04,Red,69.000000,az,-0.100149
TRIAL_Red_SIM_04,Red,70.000000,az,-0.096246
TRIAL_Red_SIM_04,Red,71.000000,az,-0.093080
TRIAL_Red_SIM_04,Red,72.000000,az,-0.090527
TRIAL_Red_SIM_04,Red,73.000000,az,-0.087469
TRIAL_Red_SIM_04,Red,74.000000,az,-0.083063
TRIAL_Red_SIM_04,Red,75.000000,az,-0.078657
TRIAL_Red_SIM_04,Red,76.000000,az,-0.068892
TRIAL_Red_SIM_04,Red,77.000000,az,-0.059126
TRIAL_Red_SIM_04,Red,78.000000,az,-0.048175
TRIAL_Red_SIM_04,Red,79.000000,az,-0.036778
TRIAL_Red_SIM_04,Red,80.000000,az,-0.027660
TRIAL_Red_SIM_04,Red,81.000000,az,-0.021275
TRIAL_Red_SIM_04,Red,82.000000,az,-0.015770
TRIAL_Red_SIM_04,Red,83.000000,az,-0.014224
TRIAL_Red_SIM_04,Red,84.000000,az,-0.012678
TRIAL_Red_SIM_04,Red,85.000000,az,-0.013436
TRIAL_Red_SIM_04,Red,86.000000,az,-0.014424
TRIAL_Red_SIM_04,Red,87.000000,az,-0.014130
TRIAL_Red_SIM_04,Red,88.000000,az,-0.013104
TRIAL_Red_SIM_04,Red,89.000000,az,-0.011854
TRIAL_Red_SIM_04,Red,90.000000,az,-0.010215
TRIAL_Red_SIM_04,Red,91.000000,az,-0.008795
TRIAL_Red_SIM_04,Red,92.000000,az,-0.009566
TRIAL_Red_SIM_04,Red,93.000000,az,-0.010338
TRIAL_Red_SIM_04,Red,94.000000,az,-0.009596
TRIAL_Red_SIM_04,Red,95.000000,az,-0.008518
TRIAL_Red_SIM_04,Red,96.000000,az,-0.007902
TRIAL_Red_SIM_04,Red,97.000000,az,-0.007672
TRIAL_Red_SIM_04,Red,98.000000,az,-0.006894
TRIAL_Red_SIM_04,Red,99.000000,az,-0.004654
TRIAL_Red_SIM_04,Red,100.000000,az,-0.002414
TRIAL_Red_SIM_05,Red,0.000000,object_area,899.566925
TRIAL_Red_SIM_05,Red,1.000000,object_area,901.764139
TRIAL_Red_SIM_05,Red,2.000000,object_area,903.961353
TRIAL_Red_SIM_05,Red,3.000000,object_area,907.135706
TRIAL_Red_SIM_05,Red,4.000000,object_area,910.676486
TRIAL_Red_SIM_05,Red,5.000000,object_area,914.487957
TRIAL_Red_SIM_05,Red,6.000000,object_area,918.624258
TRIAL_Red_SIM_05,Red,7.000000,object_area,923.169163
TRIAL_Red_SIM_05,Red,8.000000,object_area,929.552780
TRIAL_Red_SIM_05,Red,9.000000,object_area,935.936397
TRIAL_Red_SIM_05,Red,10.000000,object_area,943.978080
TRIAL_Red_SIM_05,Red,11.000000,object_area,952.185570
TRIAL_Red_SIM_05,Red,12.000000,object_area,961.731839
TRIAL_Red_SIM_05,Red,13.000000,object_area,972.043124
TRIAL_Red_SIM_05,Red,14.000000,object_area,982.600947
TRIAL_Red_SIM_05,Red,15.000000,object_area,993.590211
TRIAL_Red_SIM_05,Red,16.000000,object_area,1004.700916
TRIAL_Red_SIM_05,Red,17.000000,object_area,1017.026031
TRIAL_Red_SIM_05,Red,18.000000,object_area,1029.351146
TRIAL_Red_SIM_05,Red,19.000000,object_area,1042.104116
TRIAL_Red_SIM_05,Red,20.000000,object_area,1054.952166
TRIAL_Red_SIM_05,Red,21.000000,object_area,1068.821078
TRIAL_Red_SIM_05,Red,22.000000,object_area,1083.540709
TRIAL_Red_SIM_05,Red,23.000000,object_area,1098.553640
TRIAL_Red_SIM_05,Red,24.000000,object_area,1114.348707
TRIAL_Red_SIM_05,Red,25.000000,object_area,1130.143774
TRIAL_Red_SIM_05,Red,26.000000,object_area,1147.062422
TRIAL_Red_SIM_05,Red,27.000000,object_area,1163.981070
TRIAL_Red_SIM_05,Red,28.000000,object_area,1181.255519
TRIAL_Red_SIM_05,Red,29.000000,object_area,1198.663392
TRIAL_Red_SIM_05,Red,30.000000,object_area,1216.277659
TRIAL_Red_SIM_05,Red,31.000000,object_area,1234.139597
TRIAL_Red_SIM_05,Red,32.000000,object_area,1252.187164
TRIAL_Red_SIM_05,Red,33.000000,object_area,1271.070058
TRIAL_Red_SIM_05,Red,34.000000,object_area,1289.952953
TRIAL_Red_SIM_05,Red,35.000000,object_area,1309.624719
TRIAL_Red_SIM_05,Red,36.000000,object_area,1329.375371
TRIAL_Red_SIM_05,Red,37.000000,object_area,1349.951462
TRIAL_Red_SIM_05,Red,38.000000,object_area,1370.999230
TRIAL_Red_SIM_05,Red,39.000000,object_area,1392.178485
TRIAL_Red_SIM_05,Red,40.000000,object_area,1413.587839
TRIAL_Red_SIM_05,Red,41.000000,object_area,1435.012005
TRIAL_Red_SIM_05,Red,42.000000,object_area,1456.584277
TRIAL_Red_SIM_05,Red,43.000000,object_area,1478.156549
TRIAL_Red_SIM_05,Red,44.000000,object_area,1498.853254
TRIAL_Red_SIM_05,Red,45.000000,object_area,1519.355388
TRIAL_Red_SIM_05,Red,46.000000,object_area,1540.065176
TRIAL_Red_SIM_05,Red,47.000000,object_area,1560.948008
TRIAL_Red_SIM_05,Red,48.000000,object_area,1581.804884
TRIAL_Red_SIM_05,Red,49.000000,object_area,1602.592543
TRIAL_Red_SIM_05,Red,50.000000,object_area,1623.380202
TRIAL_Red_SIM_05,Red,51.000000,object_area,1645.907595
TRIAL_Red_SIM_05,Red,52.000000,object_area,1668.434988
TRIAL_Red_SIM_05,Red,53.000000,object_area,1690.898791
TRIAL_Red_SIM_05,Red,54.000000,object_area,1713.338748
TRIAL_Red_SIM_05,Red,55.000000,object_area,1735.926282
TRIAL_Red_SIM_05,Red,56.000000,object_area,1758.690910
TRIAL_Red_SIM_05,Red,57.000000,object_area,1781.137077
TRIAL_Red_SIM_05,Red,58.000000,object_area,1802.150165
TRIAL_Red_SIM_05,Red,59.000000,object_area,1823.163253
TRIAL_Red_SIM_05,Red,60.000000,object_area,1844.013897
TRIAL_Red_SIM_05,Red,61.000000,object_area,1864.848296
TRIAL_Red_SIM_05,Red,62.000000,object_area,1885.170546
TRIAL_Red_SIM_05,Red,63.000000,object_area,1905.200140
TRIAL_Red_SIM_05,Red,64.000000,object_area,1925.394239
TRIAL_Red_SIM_05,Red,65.000000,object_area,1945.876223
TRIAL_Red_SIM_05,Red,66.000000,object_area,1966.199416
TRIAL_Red_SIM_05,Red,67.000000,object_area,1984.934693
TRIAL_Red_SIM_05,Red,68.000000,object_area,2003.669969
TRIAL_Red_SIM_05,Red,69.000000,object_area,2021.843473
TRIAL_Red_SIM_05,Red,70.000000,object_area,2039.892138
TRIAL_Red_SIM_05,Red,71.000000,object_area,2057.325410
TRIAL_Red_SIM_05,Red,72.000000,object_area,2074.245854
TRIAL_Red_SIM_05,Red,73.000000,object_area,2091.261202
TRIAL_Red_SIM_05,Red,74.000000,object_area,2108.529630
TRIAL_Red_SIM_05,Red,75.000000,object_area,2125.798058
TRIAL_Red_SIM_05,Red,76.000000,object_area,2141.205738
TRIAL_Red_SIM_05,Red,77.000000,object_area,2156.613418
TRIAL_Red_SIM_05,Red,78.000000,object_area,2171.721376
TRIAL_Red_SIM_05,Red,79.000000,object_area,2186.716938
TRIAL_Red_SIM_05,Red,80.000000,object_area,2201.032640
TRIAL_Red_SIM_05,Red,81.000000,object_area,2214.532508
TRIAL_Red_SIM_05,Red,82.000000,object_area,2228.025681
TRIAL_Red_SIM_05,Red,83.000000,object_area,2241.488727
TRIAL_Red_SIM_05,Red,84.000000,object_area,2254.951774
TRIAL_Red_SIM_05,Red,85.000000,object_area,2266.369129
TRIAL_Red_SIM_05,Red,86.000000,object_area,2277.581914
TRIAL_Red_SIM_05,Red,87.000000,object_area,2287.892379
TRIAL_Red_SIM_05,Red,88.000000,object_area,2297.687230
TRIAL_Red_SIM_05,Red,89.000000,object_area,2306.829025
TRIAL_Red_SIM_05,Red,90.000000,object_area,2314.827970
TRIAL_Red_SIM_05,Red,91.000000,object_area,2322.627964
TRIAL_Red_SIM_05,Red,92.000000,object_area,2328.438448
TRIAL_Red_SIM_05,Red,93.000000,object_area,2334.248931
TRIAL_Red_SIM_05,Red,94.000000,object_area,2338.200030
TRIAL_Red_SIM_05,Red,95.000000,object_area,2341.737931
TRIAL_Red_SIM_05,Red,96.000000,object_area,2344.261230
TRIAL_Red_SIM_05,Red,97.000000,object_area,2345.939028
TRIAL_Red_SIM_05,Red,98.000000,object_area,2347.442907
TRIAL_Red_SIM_05,Red,99.000000,object_area,2348.483003
TRIAL_Red_SIM_05,Red,100.000000,object_area,2349.523099
TRIAL_Red_SIM_05,Red,0.000000,finger_width,28.775576
TRIAL_Red_SIM_05,Red,1.000000,finger_width,29.210789
TRIAL_Red_SIM_05,Red,2.000000,finger_width,29.646002
TRIAL_Red_SIM_05,Red,3.000000,finger_width,30.822403
TRIAL_Red_SIM_05,Red,4.000000,finger_width,32.276749
TRIAL_Red_SIM_05,Red,5.000000,finger_width,34.041498
TRIAL_Red_SIM_05,Red,6.000000,finger_width,36.178729
TRIAL_Red_SIM_05,Red,7.000000,finger_width,38.436804
TRIAL_Red_SIM_05,Red,8.000000,finger_width,41.238676
TRIAL_Red_SIM_05,Red,9.000000,finger_width,44.040548
TRIAL_Red_SIM_05,Red,10.000000,finger_width,46.919842
TRIAL_Red_SIM_05,Red,11.000000,finger_width,49.806878
TRIAL_Red_SIM_05,Red,12.000000,finger_width,52.883767
TRIAL_Red_SIM_05,Red,13.000000,finger_width,56.069143
TRIAL_Red_SIM_05,Red,14.000000,finger_width,59.338284
TRIAL_Red_SIM_05,Red,15.000000,finger_width,62.754012
TRIAL_Red_SIM_05,Red,16.000000,finger_width,66.204696
TRIAL_Red_SIM_05,Red,17.000000,finger_width,70.004928
TRIAL_Red_SIM_05,Red,18.000000,finger_width,73.805160
TRIAL_Red_SIM_05,Red,19.000000,finger_width,77.916996
TRIAL_Red_SIM_05,Red,20.000000,finger_width,82.098077
TRIAL_Red_SIM_05,Red,21.000000,finger_width,86.156457
TRIAL_Red_SIM_05,Red,22.000000,finger_width,90.112586
TRIAL_Red_SIM_05,Red,23.000000,finger_width,94.094545
TRIAL_Red_SIM_05,Red,24.000000,finger_width,98.145382
TRIAL_Red_SIM_05,Red,25.000000,finger_width,102.196219
TRIAL_Red_SIM_05,Red,26.000000,finger_width,106.002234
TRIAL_Red_SIM_05,Red,27.000000,finger_width,109.808250
TRIAL_Red_SIM_05,Red,28.000000,finger_width,113.979254
TRIAL_Red_SIM_05,Red,29.000000,finger_width,118.287128
TRIAL_Red_SIM_05,Red,30.000000,finger_width,122.636002
TRIAL_Red_SIM_05,Red,31.000000,finger_width,127.034074
TRIAL_Red_SIM_05,Red,32.000000,finger_width,131.398027
TRIAL_Red_SIM_05,Red,33.000000,finger_width,135.608443
TRIAL_Red_SIM_05,Red,34.000000,finger_width,139.818858
TRIAL_Red_SIM_05,Red,35.000000,finger_width,143.460361
TRIAL_Red_SIM_05,Red,36.000000,finger_width,147.044973
TRIAL_Red_SIM_05,Red,37.000000,finger_width,150.176560
TRIAL_Red_SIM_05,Red,38.000000,finger_width,153.049276
TRIAL_Red_SIM_05,Red,39.000000,finger_width,155.818598
TRIAL_Red_SIM_05,Red,40.000000,finger_width,158.406980
TRIAL_Red_SIM_05,Red,41.000000,finger_width,160.935359
TRIAL_Red_SIM_05,Red,42.000000,finger_width,162.863716
TRIAL_Red_SIM_05,Red,43.000000,finger_width,164.792074
TRIAL_Red_SIM_05,Red,44.000000,finger_width,166.237759
TRIAL_Red_SIM_05,Red,45.000000,finger_width,167.576183
TRIAL_Red_SIM_05,Red,46.000000,finger_width,168.273249
TRIAL_Red_SIM_05,Red,47.000000,finger_width,168.435850
TRIAL_Red_SIM_05,Red,48.000000,finger_width,168.337897
TRIAL_Red_SIM_05,Red,49.000000,finger_width,167.545136
TRIAL_Red_SIM_05,Red,50.000000,finger_width,166.752374
TRIAL_Red_SIM_05,Red,51.000000,finger_width,164.257069
TRIAL_Red_SIM_05,Red,52.000000,finger_width,161.761765
TRIAL_Red_SIM_05,Red,53.000000,finger_width,158.506289
TRIAL_Red_SIM_05,Red,54.000000,finger_width,154.965750
TRIAL_Red_SIM_05,Red,55.000000,finger_width,150.979611
TRIAL_Red_SIM_05,Red,56.000000,finger_width,146.458752
TRIAL_Red_SIM_05,Red,57.000000,finger_width,141.867354
TRIAL_Red_SIM_05,Red,58.000000,finger_width,136.958525
TRIAL_Red_SIM_05,Red,59.000000,finger_width,132.049696
TRIAL_Red_SIM_05,Red,60.000000,finger_width,126.896715
TRIAL_Red_SIM_05,Red,61.000000,finger_width,121.719319
TRIAL_Red_SIM_05,Red,62.000000,finger_width,116.421601
TRIAL_Red_SIM_05,Red,63.000000,finger_width,111.055129
TRIAL_Red_SIM_05,Red,64.000000,finger_width,105.681849
TRIAL_Red_SIM_05,Red,65.000000,finger_width,100.296654
TRIAL_Red_SIM_05,Red,66.000000,finger_width,94.946177
TRIAL_Red_SIM_05,Red,67.000000,finger_width,89.942868
TRIAL_Red_SIM_05,Red,68.000000,finger_width,84.939559
TRIAL_Red_SIM_05,Red,69.000000,finger_width,80.597026
TRIAL_Red_SIM_05,Red,70.000000,finger_width,76.401332
TRIAL_Red_SIM_05,Red,71.000000,finger_width,72.742309
TRIAL_Red_SIM_05,Red,72.000000,finger_width,69.530511
TRIAL_Red_SIM_05,Red,73.000000,finger_width,66.686577
TRIAL_Red_SIM_05,Red,74.000000,finger_width,64.823609
TRIAL_Red_SIM_05,Red,75.000000,finger_width,62.960641
TRIAL_Red_SIM_05,Red,76.000000,finger_width,62.366477
TRIAL_Red_SIM_05,Red,77.000000,finger_width,61.772313
TRIAL_Red_SIM_05,Red,78.000000,finger_width,61.463070
TRIAL_Red_SIM_05,Red,79.000000,finger_width,61.260673
TRIAL_Red_SIM_05,Red,80.000000,finger_width,61.035832
TRIAL_Red_SIM_05,Red,81.000000,finger_width,60.784060
TRIAL_Red_SIM_05,Red,82.000000,finger_width,60.600688
TRIAL_Red_SIM_05,Red,83.000000,finger_width,60.725119
TRIAL_Red_SIM_05,Red,84.000000,finger_width,60.849550
TRIAL_Red_SIM_05,Red,85.000000,finger_width,60.949748
TRIAL_Red_SIM_05,Red,86.000000,finger_width,61.047522
TRIAL_Red_SIM_05,Red,87.000000,finger_width,61.264075
TRIAL_Red_SIM_05,Red,88.000000,finger_width,61.548503
TRIAL_Red_SIM_05,Red,89.000000,finger_width,61.777683
TRIAL_Red_SIM_05,Red,90.000000,finger_width,61.910182
TRIAL_Red_SIM_05,Red,91.000000,finger_width,62.036248
TRIAL_Red_SIM_05,Red,92.000000,finger_width,62.097980
TRIAL_Red_SIM_05,Red,93.000000,finger_width,62.159711
TRIAL_Red_SIM_05,Red,94.000000,finger_width,62.050725
TRIAL_Red_SIM_05,Red,95.000000,finger_width,61.903801
TRIAL_Red_SIM_05,Red,96.000000,finger_width,61.742075
TRIAL_Red_SIM_05,Red,97.000000,finger_width,61.568013
TRIAL_Red_SIM_05,Red,98.000000,finger_width,61.433882
TRIAL_Red_SIM_05,Red,99.000000,finger_width,61.406233
TRIAL_Red_SIM_05,Red,100.000000,finger_width,61.378584
TRIAL_Red_SIM_05,Red,0.000000,velocity,0.004930
TRIAL_Red_SIM_05,Red,1.000000,velocity,0.005317
TRIAL_Red_SIM_05,Red,2.000000,velocity,0.005704
TRIAL_Red_SIM_05,Red,3.000000,velocity,0.006502
TRIAL_Red_SIM_05,Red,4.000000,velocity,0.007456
TRIAL_Red_SIM_05,Red,5.000000,velocity,0.008588
TRIAL_Red_SIM_05,Red,6.000000,velocity,0.009935
TRIAL_Red_SIM_05,Red,7.000000,velocity,0.011463
TRIAL_Red_SIM_05,Red,8.000000,velocity,0.013805
TRIAL_Red_SIM_05,Red,9.000000,velocity,0.016148
TRIAL_Red_SIM_05,Red,10.000000,velocity,0.018812
TRIAL_Red_SIM_05,Red,11.000000,velocity,0.021509
TRIAL_Red_SIM_05,Red,12.000000,velocity,0.024402
TRIAL_Red_SIM_05,Red,13.000000,velocity,0.027408
TRIAL_Red_SIM_05,Red,14.000000,velocity,0.030475
TRIAL_Red_SIM_05,Red,15.000000,velocity,0.033649
TRIAL_Red_SIM_05,Red,16.000000,velocity,0.036915
TRIAL_Red_SIM_05,Red,17.000000,velocity,0.041101
TRIAL_Red_SIM_05,Red,18.000000,velocity,0.045288
TRIAL_Red_SIM_05,Red,19.000000,velocity,0.050579
TRIAL_Red_SIM_05,Red,20.000000,velocity,0.056116
TRIAL_Red_SIM_05,Red,21.000000,velocity,0.062011
TRIAL_Red_SIM_05,Red,22.000000,velocity,0.068203
TRIAL_Red_SIM_05,Red,23.000000,velocity,0.074569
TRIAL_Red_SIM_05,Red,24.000000,velocity,0.081397
TRIAL_Red_SIM_05,Red,25.000000,velocity,0.088224
TRIAL_Red_SIM_05,Red,26.000000,velocity,0.095763
TRIAL_Red_SIM_05,Red,27.000000,velocity,0.103302
TRIAL_Red_SIM_05,Red,28.000000,velocity,0.111737
TRIAL_Red_SIM_05,Red,29.000000,velocity,0.120507
TRIAL_Red_SIM_05,Red,30.000000,velocity,0.129555
TRIAL_Red_SIM_05,Red,31.000000,velocity,0.138936
TRIAL_Red_SIM_05,Red,32.000000,velocity,0.148401
TRIAL_Red_SIM_05,Red,33.000000,velocity,0.158243
TRIAL_Red_SIM_05,Red,34.000000,velocity,0.168086
TRIAL_Red_SIM_05,Red,35.000000,velocity,0.178042
TRIAL_Red_SIM_05,Red,36.000000,velocity,0.188010
TRIAL_Red_SIM_05,Red,37.000000,velocity,0.197755
TRIAL_Red_SIM_05,Red,38.000000,velocity,0.207375
TRIAL_Red_SIM_05,Red,39.000000,velocity,0.216478
TRIAL_Red_SIM_05,Red,40.000000,velocity,0.224679
TRIAL_Red_SIM_05,Red,41.000000,velocity,0.232747
TRIAL_Red_SIM_05,Red,42.000000,velocity,0.239494
TRIAL_Red_SIM_05,Red,43.000000,velocity,0.246241
TRIAL_Red_SIM_05,Red,44.000000,velocity,0.251712
TRIAL_Red_SIM_05,Red,45.000000,velocity,0.256898
TRIAL_Red_SIM_05,Red,46.000000,velocity,0.261507
TRIAL_Red_SIM_05,Red,47.000000,velocity,0.265634
TRIAL_Red_SIM_05,Red,48.000000,velocity,0.269245
TRIAL_Red_SIM_05,Red,49.000000,velocity,0.271484
TRIAL_Red_SIM_05,Red,50.000000,velocity,0.273722
TRIAL_Red_SIM_05,Red,51.000000,velocity,0.274657
TRIAL_Red_SIM_05,Red,52.000000,velocity,0.275591
TRIAL_Red_SIM_05,Red,53.000000,velocity,0.275407
TRIAL_Red_SIM_05,Red,54.000000,velocity,0.274803
TRIAL_Red_SIM_05,Red,55.000000,velocity,0.273383
TRIAL_Red_SIM_05,Red,56.000000,velocity,0.270983
TRIAL_Red_SIM_05,Red,57.000000,velocity,0.268306
TRIAL_Red_SIM_05,Red,58.000000,velocity,0.264383
TRIAL_Red_SIM_05,Red,59.000000,velocity,0.260460
TRIAL_Red_SIM_05,Red,60.000000,velocity,0.254655
TRIAL_Red_SIM_05,Red,61.000000,velocity,0.248662
TRIAL_Red_SIM_05,Red,62.000000,velocity,0.242245
TRIAL_Red_SIM_05,Red,63.000000,velocity,0.235587
TRIAL_Red_SIM_05,Red,64.000000,velocity,0.228272
TRIAL_Red_SIM_05,Red,65.000000,velocity,0.219809
TRIAL_Red_SIM_05,Red,66.000000,velocity,0.211300
TRIAL_Red_SIM_05,Red,67.000000,velocity,0.202335
TRIAL_Red_SIM_05,Red,68.000000,velocity,0.193371
TRIAL_Red_SIM_05,Red,69.000000,velocity,0.183691
TRIAL_Red_SIM_05,Red,70.000000,velocity,0.173852
TRIAL_Red_SIM_05,Red,71.000000,velocity,0.164294
TRIAL_Red_SIM_05,Red,72.000000,velocity,0.154971
TRIAL_Red_SIM_05,Red,73.000000,velocity,0.145680
TRIAL_Red_SIM_05,Red,74.000000,velocity,0.136478
TRIAL_Red_SIM_05,Red,75.000000,velocity,0.127275
TRIAL_Red_SIM_05,Red,76.000000,velocity,0.118796
TRIAL_Red_SIM_05,Red,77.000000,velocity,0.110317
TRIAL_Red_SIM_05,Red,78.000000,velocity,0.102211
TRIAL_Red_SIM_05,Red,79.000000,velocity,0.094244
TRIAL_Red_SIM_05,Red,80.000000,velocity,0.086872
TRIAL_Red_SIM_05,Red,81.000000,velocity,0.080214
TRIAL_Red_SIM_05,Red,82.000000,velocity,0.073658
TRIAL_Red_SIM_05,Red,83.000000,velocity,0.067563
TRIAL_Red_SIM_05,Red,84.000000,velocity,0.061468
TRIAL_Red_SIM_05,Red,85.000000,velocity,0.056098
TRIAL_Red_SIM_05,Red,86.000000,velocity,0.050800
TRIAL_Red_SIM_05,Red,87.000000,velocity,0.045932
TRIAL_Red_SIM_05,Red,88.000000,velocity,0.041310
TRIAL_Red_SIM_05,Red,89.000000,velocity,0.037166
TRIAL_Red_SIM_05,Red,90.000000,velocity,0.033858
TRIAL_Red_SIM_05,Red,91.000000,velocity,0.030604
TRIAL_Red_SIM_05,Red,92.000000,velocity,0.027884
TRIAL_Red_SIM_05,Red,93.000000,velocity,0.025164
TRIAL_Red_SIM_05,Red,94.000000,velocity,0.020169
TRIAL_Red_SIM_05,Red,95.000000,velocity,0.014668
TRIAL_Red_SIM_05,Red,96.000000,velocity,0.010328
TRIAL_Red_SIM_05,Red,97.000000,velocity,0.006956
TRIAL_Red_SIM_05,Red,98.000000,velocity,0.004015
TRIAL_Red_SIM_05,Red,99.000000,velocity,0.002221
TRIAL_Red_SIM_05,Red,100.000000,velocity,0.000428
TRIAL_Red_SIM_05,Red,0.000000,acceleration_mag,0.089104
TRIAL_Red_SIM_05,Red,1.000000,acceleration_mag,0.071882
TRIAL_Red_SIM_05,Red,2.000000,acceleration_mag,0.054661
TRIAL_Red_SIM_05,Red,3.000000,acceleration_mag,0.060697
TRIAL_Red_SIM_05,Red,4.000000,acceleration_mag,0.075454
TRIAL_Red_SIM_05,Red,5.000000,acceleration_mag,0.094245
TRIAL_Red_SIM_05,Red,6.000000,acceleration_mag,0.117877
TRIAL_Red_SIM_05,Red,7.000000,acceleration_mag,0.140893
TRIAL_Red_SIM_05,Red,8.000000,acceleration_mag,0.161141
TRIAL_Red_SIM_05,Red,9.000000,acceleration_mag,0.181390
TRIAL_Red_SIM_05,Red,10.000000,acceleration_mag,0.189332
TRIAL_Red_SIM_05,Red,11.000000,acceleration_mag,0.196045
TRIAL_Red_SIM_05,Red,12.000000,acceleration_mag,0.201584
TRIAL_Red_SIM_05,Red,13.000000,acceleration_mag,0.206452
TRIAL_Red_SIM_05,Red,14.000000,acceleration_mag,0.216358
TRIAL_Red_SIM_05,Red,15.000000,acceleration_mag,0.235082
TRIAL_Red_SIM_05,Red,16.000000,acceleration_mag,0.255368
TRIAL_Red_SIM_05,Red,17.000000,acceleration_mag,0.291278
TRIAL_Red_SIM_05,Red,18.000000,acceleration_mag,0.327188
TRIAL_Red_SIM_05,Red,19.000000,acceleration_mag,0.356909
TRIAL_Red_SIM_05,Red,20.000000,acceleration_mag,0.385256
TRIAL_Red_SIM_05,Red,21.000000,acceleration_mag,0.406288
TRIAL_Red_SIM_05,Red,22.000000,acceleration_mag,0.421225
TRIAL_Red_SIM_05,Red,23.000000,acceleration_mag,0.437435
TRIAL_Red_SIM_05,Red,24.000000,acceleration_mag,0.457038
TRIAL_Red_SIM_05,Red,25.000000,acceleration_mag,0.476641
TRIAL_Red_SIM_05,Red,26.000000,acceleration_mag,0.508633
TRIAL_Red_SIM_05,Red,27.000000,acceleration_mag,0.540625
TRIAL_Red_SIM_05,Red,28.000000,acceleration_mag,0.572831
TRIAL_Red_SIM_05,Red,29.000000,acceleration_mag,0.605118
TRIAL_Red_SIM_05,Red,30.000000,acceleration_mag,0.629028
TRIAL_Red_SIM_05,Red,31.000000,acceleration_mag,0.642886
TRIAL_Red_SIM_05,Red,32.000000,acceleration_mag,0.654959
TRIAL_Red_SIM_05,Red,33.000000,acceleration_mag,0.659001
TRIAL_Red_SIM_05,Red,34.000000,acceleration_mag,0.663044
TRIAL_Red_SIM_05,Red,35.000000,acceleration_mag,0.656624
TRIAL_Red_SIM_05,Red,36.000000,acceleration_mag,0.649157
TRIAL_Red_SIM_05,Red,37.000000,acceleration_mag,0.629700
TRIAL_Red_SIM_05,Red,38.000000,acceleration_mag,0.603391
TRIAL_Red_SIM_05,Red,39.000000,acceleration_mag,0.571612
TRIAL_Red_SIM_05,Red,40.000000,acceleration_mag,0.530259
TRIAL_Red_SIM_05,Red,41.000000,acceleration_mag,0.488729
TRIAL_Red_SIM_05,Red,42.000000,acceleration_mag,0.445421
TRIAL_Red_SIM_05,Red,43.000000,acceleration_mag,0.402113
TRIAL_Red_SIM_05,Red,44.000000,acceleration_mag,0.363878
TRIAL_Red_SIM_05,Red,45.000000,acceleration_mag,0.326771
TRIAL_Red_SIM_05,Red,46.000000,acceleration_mag,0.286524
TRIAL_Red_SIM_05,Red,47.000000,acceleration_mag,0.243661
TRIAL_Red_SIM_05,Red,48.000000,acceleration_mag,0.200167
TRIAL_Red_SIM_05,Red,49.000000,acceleration_mag,0.154994
TRIAL_Red_SIM_05,Red,50.000000,acceleration_mag,0.109822
TRIAL_Red_SIM_05,Red,51.000000,acceleration_mag,0.069389
TRIAL_Red_SIM_05,Red,52.000000,acceleration_mag,0.028956
TRIAL_Red_SIM_05,Red,53.000000,acceleration_mag,0.044551
TRIAL_Red_SIM_05,Red,54.000000,acceleration_mag,0.081156
TRIAL_Red_SIM_05,Red,55.000000,acceleration_mag,0.126553
TRIAL_Red_SIM_05,Red,56.000000,acceleration_mag,0.182500
TRIAL_Red_SIM_05,Red,57.000000,acceleration_mag,0.239074
TRIAL_Red_SIM_05,Red,58.000000,acceleration_mag,0.298465
TRIAL_Red_SIM_05,Red,59.000000,acceleration_mag,0.357856
TRIAL_Red_SIM_05,Red,60.000000,acceleration_mag,0.402650
TRIAL_Red_SIM_05,Red,61.000000,acceleration_mag,0.445984
TRIAL_Red_SIM_05,Red,62.000000,acceleration_mag,0.482139
TRIAL_Red_SIM_05,Red,63.000000,acceleration_mag,0.514192
TRIAL_Red_SIM_05,Red,64.000000,acceleration_mag,0.545763
TRIAL_Red_SIM_05,Red,65.000000,acceleration_mag,0.576490
TRIAL_Red_SIM_05,Red,66.000000,acceleration_mag,0.606060
TRIAL_Red_SIM_05,Red,67.000000,acceleration_mag,0.624067
TRIAL_Red_SIM_05,Red,68.000000,acceleration_mag,0.642074
TRIAL_Red_SIM_05,Red,69.000000,acceleration_mag,0.649142
TRIAL_Red_SIM_05,Red,70.000000,acceleration_mag,0.653779
TRIAL_Red_SIM_05,Red,71.000000,acceleration_mag,0.650459
TRIAL_Red_SIM_05,Red,72.000000,acceleration_mag,0.640510
TRIAL_Red_SIM_05,Red,73.000000,acceleration_mag,0.629866
TRIAL_Red_SIM_05,Red,74.000000,acceleration_mag,0.617371
TRIAL_Red_SIM_05,Red,75.000000,acceleration_mag,0.604876
TRIAL_Red_SIM_05,Red,76.000000,acceleration_mag,0.586821
TRIAL_Red_SIM_05,Red,77.000000,acceleration_mag,0.568765
TRIAL_Red_SIM_05,Red,78.000000,acceleration_mag,0.544156
TRIAL_Red_SIM_05,Red,79.000000,acceleration_mag,0.517089
TRIAL_Red_SIM_05,Red,80.000000,acceleration_mag,0.489809
TRIAL_Red_SIM_05,Red,81.000000,acceleration_mag,0.462275
TRIAL_Red_SIM_05,Red,82.000000,acceleration_mag,0.436438
TRIAL_Red_SIM_05,Red,83.000000,acceleration_mag,0.418236
TRIAL_Red_SIM_05,Red,84.000000,acceleration_mag,0.400033
TRIAL_Red_SIM_05,Red,85.000000,acceleration_mag,0.381165
TRIAL_Red_SIM_05,Red,86.000000,acceleration_mag,0.362231
TRIAL_Red_SIM_05,Red,87.000000,acceleration_mag,0.338234
TRIAL_Red_SIM_05,Red,88.000000,acceleration_mag,0.311344
TRIAL_Red_SIM_05,Red,89.000000,acceleration_mag,0.283429
TRIAL_Red_SIM_05,Red,90.000000,acceleration_mag,0.253719
TRIAL_Red_SIM_05,Red,91.000000,acceleration_mag,0.229286
TRIAL_Red_SIM_05,Red,92.000000,acceleration_mag,0.257619
TRIAL_Red_SIM_05,Red,93.000000,acceleration_mag,0.285952
TRIAL_Red_SIM_05,Red,94.000000,acceleration_mag,0.297104
TRIAL_Red_SIM_05,Red,95.000000,acceleration_mag,0.304439
TRIAL_Red_SIM_05,Red,96.000000,acceleration_mag,0.277388
TRIAL_Red_SIM_05,Red,97.000000,acceleration_mag,0.221680
TRIAL_Red_SIM_05,Red,98.000000,acceleration_mag,0.174826
TRIAL_Red_SIM_05,Red,99.000000,acceleration_mag,0.151577
TRIAL_Red_SIM_05,Red,100.000000,acceleration_mag,0.128328
TRIAL_Red_SIM_05,Red,0.000000,ax,0.083757
TRIAL_Red_SIM_05,Red,1.000000,ax,0.067727
TRIAL_Red_SIM_05,Red,2.000000,ax,0.051697
TRIAL_Red_SIM_05,Red,3.000000,ax,0.057856
TRIAL_Red_SIM_05,Red,4.000000,ax,0.072335
TRIAL_Red_SIM_05,Red,5.000000,ax,0.090216
TRIAL_Red_SIM_05,Red,6.000000,ax,0.112179
TRIAL_Red_SIM_05,Red,7.000000,ax,0.133807
TRIAL_Red_SIM_05,Red,8.000000,ax,0.153932
TRIAL_Red_SIM_05,Red,9.000000,ax,0.174057
TRIAL_Red_SIM_05,Red,10.000000,ax,0.183362
TRIAL_Red_SIM_05,Red,11.000000,ax,0.191585
TRIAL_Red_SIM_05,Red,12.000000,ax,0.198195
TRIAL_Red_SIM_05,Red,13.000000,ax,0.203882
TRIAL_Red_SIM_05,Red,14.000000,ax,0.214100
TRIAL_Red_SIM_05,Red,15.000000,ax,0.232245
TRIAL_Red_SIM_05,Red,16.000000,ax,0.251950
TRIAL_Red_SIM_05,Red,17.000000,ax,0.287265
TRIAL_Red_SIM_05,Red,18.000000,ax,0.322579
TRIAL_Red_SIM_05,Red,19.000000,ax,0.352420
TRIAL_Red_SIM_05,Red,20.000000,ax,0.381044
TRIAL_Red_SIM_05,Red,21.000000,ax,0.402713
TRIAL_Red_SIM_05,Red,22.000000,ax,0.418587
TRIAL_Red_SIM_05,Red,23.000000,ax,0.435448
TRIAL_Red_SIM_05,Red,24.000000,ax,0.454946
TRIAL_Red_SIM_05,Red,25.000000,ax,0.474443
TRIAL_Red_SIM_05,Red,26.000000,ax,0.505435
TRIAL_Red_SIM_05,Red,27.000000,ax,0.536428
TRIAL_Red_SIM_05,Red,28.000000,ax,0.566937
TRIAL_Red_SIM_05,Red,29.000000,ax,0.597266
TRIAL_Red_SIM_05,Red,30.000000,ax,0.620381
TRIAL_Red_SIM_05,Red,31.000000,ax,0.634838
TRIAL_Red_SIM_05,Red,32.000000,ax,0.647637
TRIAL_Red_SIM_05,Red,33.000000,ax,0.652969
TRIAL_Red_SIM_05,Red,34.000000,ax,0.658302
TRIAL_Red_SIM_05,Red,35.000000,ax,0.652613
TRIAL_Red_SIM_05,Red,36.000000,ax,0.645822
TRIAL_Red_SIM_05,Red,37.000000,ax,0.626657
TRIAL_Red_SIM_05,Red,38.000000,ax,0.600420
TRIAL_Red_SIM_05,Red,39.000000,ax,0.568719
TRIAL_Red_SIM_05,Red,40.000000,ax,0.527455
TRIAL_Red_SIM_05,Red,41.000000,ax,0.486014
TRIAL_Red_SIM_05,Red,42.000000,ax,0.442804
TRIAL_Red_SIM_05,Red,43.000000,ax,0.399594
TRIAL_Red_SIM_05,Red,44.000000,ax,0.361387
TRIAL_Red_SIM_05,Red,45.000000,ax,0.324291
TRIAL_Red_SIM_05,Red,46.000000,ax,0.284120
TRIAL_Red_SIM_05,Red,47.000000,ax,0.241387
TRIAL_Red_SIM_05,Red,48.000000,ax,0.197923
TRIAL_Red_SIM_05,Red,49.000000,ax,0.152508
TRIAL_Red_SIM_05,Red,50.000000,ax,0.107093
TRIAL_Red_SIM_05,Red,51.000000,ax,0.065440
TRIAL_Red_SIM_05,Red,52.000000,ax,0.023786
TRIAL_Red_SIM_05,Red,53.000000,ax,-0.023723
TRIAL_Red_SIM_05,Red,54.000000,ax,-0.073427
TRIAL_Red_SIM_05,Red,55.000000,ax,-0.124451
TRIAL_Red_SIM_05,Red,56.000000,ax,-0.177057
TRIAL_Red_SIM_05,Red,57.000000,ax,-0.230287
TRIAL_Red_SIM_05,Red,58.000000,ax,-0.286326
TRIAL_Red_SIM_05,Red,59.000000,ax,-0.342366
TRIAL_Red_SIM_05,Red,60.000000,ax,-0.385457
TRIAL_Red_SIM_05,Red,61.000000,ax,-0.427253
TRIAL_Red_SIM_05,Red,62.000000,ax,-0.464266
TRIAL_Red_SIM_05,Red,63.000000,ax,-0.498544
TRIAL_Red_SIM_05,Red,64.000000,ax,-0.532020
TRIAL_Red_SIM_05,Red,65.000000,ax,-0.564089
TRIAL_Red_SIM_05,Red,66.000000,ax,-0.594952
TRIAL_Red_SIM_05,Red,67.000000,ax,-0.613746
TRIAL_Red_SIM_05,Red,68.000000,ax,-0.632540
TRIAL_Red_SIM_05,Red,69.000000,ax,-0.639899
TRIAL_Red_SIM_05,Red,70.000000,ax,-0.644718
TRIAL_Red_SIM_05,Red,71.000000,ax,-0.641607
TRIAL_Red_SIM_05,Red,72.000000,ax,-0.631890
TRIAL_Red_SIM_05,Red,73.000000,ax,-0.621431
TRIAL_Red_SIM_05,Red,74.000000,ax,-0.608996
TRIAL_Red_SIM_05,Red,75.000000,ax,-0.596562
TRIAL_Red_SIM_05,Red,76.000000,ax,-0.578530
TRIAL_Red_SIM_05,Red,77.000000,ax,-0.560498
TRIAL_Red_SIM_05,Red,78.000000,ax,-0.536062
TRIAL_Red_SIM_05,Red,79.000000,ax,-0.509224
TRIAL_Red_SIM_05,Red,80.000000,ax,-0.482124
TRIAL_Red_SIM_05,Red,81.000000,ax,-0.454710
TRIAL_Red_SIM_05,Red,82.000000,ax,-0.428844
TRIAL_Red_SIM_05,Red,83.000000,ax,-0.409939
TRIAL_Red_SIM_05,Red,84.000000,ax,-0.391035
TRIAL_Red_SIM_05,Red,85.000000,ax,-0.370937
TRIAL_Red_SIM_05,Red,86.000000,ax,-0.350721
TRIAL_Red_SIM_05,Red,87.000000,ax,-0.325399
TRIAL_Red_SIM_05,Red,88.000000,ax,-0.297159
TRIAL_Red_SIM_05,Red,89.000000,ax,-0.268682
TRIAL_Red_SIM_05,Red,90.000000,ax,-0.239789
TRIAL_Red_SIM_05,Red,91.000000,ax,-0.216292
TRIAL_Red_SIM_05,Red,92.000000,ax,-0.246748
TRIAL_Red_SIM_05,Red,93.000000,ax,-0.277204
TRIAL_Red_SIM_05,Red,94.000000,ax,-0.289528
TRIAL_Red_SIM_05,Red,95.000000,ax,-0.297823
TRIAL_Red_SIM_05,Red,96.000000,ax,-0.271612
TRIAL_Red_SIM_05,Red,97.000000,ax,-0.216647
TRIAL_Red_SIM_05,Red,98.000000,ax,-0.170351
TRIAL_Red_SIM_05,Red,99.000000,ax,-0.147172
TRIAL_Red_SIM_05,Red,100.000000,ax,-0.123992
TRIAL_Red_SIM_05,Red,0.000000,ay,-0.004046
TRIAL_Red_SIM_05,Red,1.000000,ay,-0.003008
TRIAL_Red_SIM_05,Red,2.000000,ay,-0.001970
TRIAL_Red_SIM_05,Red,3.000000,ay,-0.001647
TRIAL_Red_SIM_05,Red,4.000000,ay,-0.001591
TRIAL_Red_SIM_05,Red,5.000000,ay,-0.002117
TRIAL_Red_SIM_05,Red,6.000000,ay,-0.003339
TRIAL_Red_SIM_05,Red,7.000000,ay,-0.004253
TRIAL_Red_SIM_05,Red,8.000000,ay,-0.003778
TRIAL_Red_SIM_05,Red,9.000000,ay,-0.003304
TRIAL_Red_SIM_05,Red,10.000000,ay,-0.000912
TRIAL_Red_SIM_05,Red,11.000000,ay,0.001672
TRIAL_Red_SIM_05,Red,12.000000,ay,0.004044
TRIAL_Red_SIM_05,Red,13.000000,ay,0.006296
TRIAL_Red_SIM_05,Red,14.000000,ay,0.007691
TRIAL_Red_SIM_05,Red,15.000000,ay,0.007589
TRIAL_Red_SIM_05,Red,16.000000,ay,0.007584
TRIAL_Red_SIM_05,Red,17.000000,ay,0.008550
TRIAL_Red_SIM_05,Red,18.000000,ay,0.009516
TRIAL_Red_SIM_05,Red,19.000000,ay,0.011954
TRIAL_Red_SIM_05,Red,20.000000,ay,0.014719
TRIAL_Red_SIM_05,Red,21.000000,ay,0.018912
TRIAL_Red_SIM_05,Red,22.000000,ay,0.024294
TRIAL_Red_SIM_05,Red,23.000000,ay,0.028689
TRIAL_Red_SIM_05,Red,24.000000,ay,0.030452
TRIAL_Red_SIM_05,Red,25.000000,ay,0.032215
TRIAL_Red_SIM_05,Red,26.000000,ay,0.030856
TRIAL_Red_SIM_05,Red,27.000000,ay,0.029498
TRIAL_Red_SIM_05,Red,28.000000,ay,0.027359
TRIAL_Red_SIM_05,Red,29.000000,ay,0.024927
TRIAL_Red_SIM_05,Red,30.000000,ay,0.025037
TRIAL_Red_SIM_05,Red,31.000000,ay,0.028197
TRIAL_Red_SIM_05,Red,32.000000,ay,0.031781
TRIAL_Red_SIM_05,Red,33.000000,ay,0.037278
TRIAL_Red_SIM_05,Red,34.000000,ay,0.042775
TRIAL_Red_SIM_05,Red,35.000000,ay,0.047987
TRIAL_Red_SIM_05,Red,36.000000,ay,0.053171
TRIAL_Red_SIM_05,Red,37.000000,ay,0.054838
TRIAL_Red_SIM_05,Red,38.000000,ay,0.054495
TRIAL_Red_SIM_05,Red,39.000000,ay,0.053210
TRIAL_Red_SIM_05,Red,40.000000,ay,0.050277
TRIAL_Red_SIM_05,Red,41.000000,ay,0.047305
TRIAL_Red_SIM_05,Red,42.000000,ay,0.043937
TRIAL_Red_SIM_05,Red,43.000000,ay,0.040568
TRIAL_Red_SIM_05,Red,44.000000,ay,0.036971
TRIAL_Red_SIM_05,Red,45.000000,ay,0.033323
TRIAL_Red_SIM_05,Red,46.000000,ay,0.030028
TRIAL_Red_SIM_05,Red,47.000000,ay,0.027027
TRIAL_Red_SIM_05,Red,48.000000,ay,0.023604
TRIAL_Red_SIM_05,Red,49.000000,ay,0.019056
TRIAL_Red_SIM_05,Red,50.000000,ay,0.014507
TRIAL_Red_SIM_05,Red,51.000000,ay,0.011922
TRIAL_Red_SIM_05,Red,52.000000,ay,0.009338
TRIAL_Red_SIM_05,Red,53.000000,ay,0.007100
TRIAL_Red_SIM_05,Red,54.000000,ay,0.004992
TRIAL_Red_SIM_05,Red,55.000000,ay,0.004693
TRIAL_Red_SIM_05,Red,56.000000,ay,0.006565
TRIAL_Red_SIM_05,Red,57.000000,ay,0.008218
TRIAL_Red_SIM_05,Red,58.000000,ay,0.008882
TRIAL_Red_SIM_05,Red,59.000000,ay,0.009546
TRIAL_Red_SIM_05,Red,60.000000,ay,0.008812
TRIAL_Red_SIM_05,Red,61.000000,ay,0.007939
TRIAL_Red_SIM_05,Red,62.000000,ay,0.004074
TRIAL_Red_SIM_05,Red,63.000000,ay,-0.001499
TRIAL_Red_SIM_05,Red,64.000000,ay,-0.006951
TRIAL_Red_SIM_05,Red,65.000000,ay,-0.012190
TRIAL_Red_SIM_05,Red,66.000000,ay,-0.017308
TRIAL_Red_SIM_05,Red,67.000000,ay,-0.021227
TRIAL_Red_SIM_05,Red,68.000000,ay,-0.025146
TRIAL_Red_SIM_05,Red,69.000000,ay,-0.027199
TRIAL_Red_SIM_05,Red,70.000000,ay,-0.028839
TRIAL_Red_SIM_05,Red,71.000000,ay,-0.029853
TRIAL_Red_SIM_05,Red,72.000000,ay,-0.030345
TRIAL_Red_SIM_05,Red,73.000000,ay,-0.030641
TRIAL_Red_SIM_05,Red,74.000000,ay,-0.030416
TRIAL_Red_SIM_05,Red,75.000000,ay,-0.030190
TRIAL_Red_SIM_05,Red,76.000000,ay,-0.029303
TRIAL_Red_SIM_05,Red,77.000000,ay,-0.028417
TRIAL_Red_SIM_05,Red,78.000000,ay,-0.027208
TRIAL_Red_SIM_05,Red,79.000000,ay,-0.025879
TRIAL_Red_SIM_05,Red,80.000000,ay,-0.024378
TRIAL_Red_SIM_05,Red,81.000000,ay,-0.022670
TRIAL_Red_SIM_05,Red,82.000000,ay,-0.020811
TRIAL_Red_SIM_05,Red,83.000000,ay,-0.018268
TRIAL_Red_SIM_05,Red,84.000000,ay,-0.015725
TRIAL_Red_SIM_05,Red,85.000000,ay,-0.012581
TRIAL_Red_SIM_05,Red,86.000000,ay,-0.009377
TRIAL_Red_SIM_05,Red,87.000000,ay,-0.006091
TRIAL_Red_SIM_05,Red,88.000000,ay,-0.002757
TRIAL_Red_SIM_05,Red,89.000000,ay,-0.000367
TRIAL_Red_SIM_05,Red,90.000000,ay,0.000373
TRIAL_Red_SIM_05,Red,91.000000,ay,0.000567
TRIAL_Red_SIM_05,Red,92.000000,ay,-0.004687
TRIAL_Red_SIM_05,Red,93.000000,ay,-0.009941
TRIAL_Red_SIM_05,Red,94.000000,ay,-0.013154
TRIAL_Red_SIM_05,Red,95.000000,ay,-0.015913
TRIAL_Red_SIM_05,Red,96.000000,ay,-0.015159
TRIAL_Red_SIM_05,Red,97.000000,ay,-0.011479
TRIAL_Red_SIM_05,Red,98.000000,ay,-0.008287
TRIAL_Red_SIM_05,Red,99.000000,ay,-0.006401
TRIAL_Red_SIM_05,Red,100.000000,ay,-0.004514
TRIAL_Red_SIM_05,Red,0.000000,az,0.030131
TRIAL_Red_SIM_05,Red,1.000000,az,0.023885
TRIAL_Red_SIM_05,Red,2.000000,az,0.017639
TRIAL_Red_SIM_05,Red,3.000000,az,0.018224
TRIAL_Red_SIM_05,Red,4.000000,az,0.021371
TRIAL_Red_SIM_05,Red,5.000000,az,0.027119
TRIAL_Red_SIM_05,Red,6.000000,az,0.035986
TRIAL_Red_SIM_05,Red,7.000000,az,0.043882
TRIAL_Red_SIM_05,Red,8.000000,az,0.047405
TRIAL_Red_SIM_05,Red,9.000000,az,0.050929
TRIAL_Red_SIM_05,Red,10.000000,az,0.046397
TRIAL_Red_SIM_05,Red,11.000000,az,0.041060
TRIAL_Red_SIM_05,Red,12.000000,az,0.036057
TRIAL_Red_SIM_05,Red,13.000000,az,0.031244
TRIAL_Red_SIM_05,Red,14.000000,az,0.030129
TRIAL_Red_SIM_05,Red,15.000000,az,0.035484
TRIAL_Red_SIM_05,Red,16.000000,az,0.040940
TRIAL_Red_SIM_05,Red,17.000000,az,0.047414
TRIAL_Red_SIM_05,Red,18.000000,az,0.053887
TRIAL_Red_SIM_05,Red,19.000000,az,0.054898
TRIAL_Red_SIM_05,Red,20.000000,az,0.054694
TRIAL_Red_SIM_05,Red,21.000000,az,0.048666
TRIAL_Red_SIM_05,Red,22.000000,az,0.037782
TRIAL_Red_SIM_05,Red,23.000000,az,0.030176
TRIAL_Red_SIM_05,Red,24.000000,az,0.031311
TRIAL_Red_SIM_05,Red,25.000000,az,0.032446
TRIAL_Red_SIM_05,Red,26.000000,az,0.046148
TRIAL_Red_SIM_05,Red,27.000000,az,0.059849
TRIAL_Red_SIM_05,Red,28.000000,az,0.075986
TRIAL_Red_SIM_05,Red,29.000000,az,0.093037
TRIAL_Red_SIM_05,Red,30.000000,az,0.100720
TRIAL_Red_SIM_05,Red,31.000000,az,0.097162
TRIAL_Red_SIM_05,Red,32.000000,az,0.091921
TRIAL_Red_SIM_05,Red,33.000000,az,0.079106
TRIAL_Red_SIM_05,Red,34.000000,az,0.066291
TRIAL_Red_SIM_05,Red,35.000000,az,0.051424
TRIAL_Red_SIM_05,Red,36.000000,az,0.036351
TRIAL_Red_SIM_05,Red,37.000000,az,0.028344
TRIAL_Red_SIM_05,Red,38.000000,az,0.024374
TRIAL_Red_SIM_05,Red,39.000000,az,0.021591
TRIAL_Red_SIM_05,Red,40.000000,az,0.020885
TRIAL_Red_SIM_05,Red,41.000000,az,0.020202
TRIAL_Red_SIM_05,Red,42.000000,az,0.019748
TRIAL_Red_SIM_05,Red,43.000000,az,0.019294
TRIAL_Red_SIM_05,Red,44.000000,az,0.020548
TRIAL_Red_SIM_05,Red,45.000000,az,0.022181
TRIAL_Red_SIM_05,Red,46.000000,az,0.021603
TRIAL_Red_SIM_05,Red,47.000000,az,0.019184
TRIAL_Red_SIM_05,Red,48.000000,az,0.017678
TRIAL_Red_SIM_05,Red,49.000000,az,0.018604
TRIAL_Red_SIM_05,Red,50.000000,az,0.019530
TRIAL_Red_SIM_05,Red,51.000000,az,0.015169
TRIAL_Red_SIM_05,Red,52.000000,az,0.010808
TRIAL_Red_SIM_05,Red,53.000000,az,0.003296
TRIAL_Red_SIM_05,Red,54.000000,az,-0.005399
TRIAL_Red_SIM_05,Red,55.000000,az,-0.020115
TRIAL_Red_SIM_05,Red,56.000000,az,-0.042057
TRIAL_Red_SIM_05,Red,57.000000,az,-0.063650
TRIAL_Red_SIM_05,Red,58.000000,az,-0.083673
TRIAL_Red_SIM_05,Red,59.000000,az,-0.103697
TRIAL_Red_SIM_05,Red,60.000000,az,-0.116048
TRIAL_Red_SIM_05,Red,61.000000,az,-0.127633
TRIAL_Red_SIM_05,Red,62.000000,az,-0.129208
TRIAL_Red_SIM_05,Red,63.000000,az,-0.125064
TRIAL_Red_SIM_05,Red,64.000000,az,-0.121154
TRIAL_Red_SIM_05,Red,65.000000,az,-0.117652
TRIAL_Red_SIM_05,Red,66.000000,az,-0.114153
TRIAL_Red_SIM_05,Red,67.000000,az,-0.110693
TRIAL_Red_SIM_05,Red,68.000000,az,-0.107232
TRIAL_Red_SIM_05,Red,69.000000,az,-0.105676
TRIAL_Red_SIM_05,Red,70.000000,az,-0.104543
TRIAL_Red_SIM_05,Red,71.000000,az,-0.102687
TRIAL_Red_SIM_05,Red,72.000000,az,-0.100227
TRIAL_Red_SIM_05,Red,73.000000,az,-0.098060
TRIAL_Red_SIM_05,Red,74.000000,az,-0.096668
TRIAL_Red_SIM_05,Red,75.000000,az,-0.095277
TRIAL_Red_SIM_05,Red,76.000000,az,-0.093811
TRIAL_Red_SIM_05,Red,77.000000,az,-0.092345
TRIAL_Red_SIM_05,Red,78.000000,az,-0.089454
TRIAL_Red_SIM_05,Red,79.000000,az,-0.086028
TRIAL_Red_SIM_05,Red,80.000000,az,-0.082896
TRIAL_Red_SIM_05,Red,81.000000,az,-0.080114
TRIAL_Red_SIM_05,Red,82.000000,az,-0.078255
TRIAL_Red_SIM_05,Red,83.000000,az,-0.080551
TRIAL_Red_SIM_05,Red,84.000000,az,-0.082847
TRIAL_Red_SIM_05,Red,85.000000,az,-0.086278
TRIAL_Red_SIM_05,Red,86.000000,az,-0.089821
TRIAL_Red_SIM_05,Red,87.000000,az,-0.091604
TRIAL_Red_SIM_05,Red,88.000000,az,-0.092381
TRIAL_Red_SIM_05,Red,89.000000,az,-0.090205
TRIAL_Red_SIM_05,Red,90.000000,az,-0.082861
TRIAL_Red_SIM_05,Red,91.000000,az,-0.075874
TRIAL_Red_SIM_05,Red,92.000000,az,-0.072453
TRIAL_Red_SIM_05,Red,93.000000,az,-0.069032
TRIAL_Red_SIM_05,Red,94.000000,az,-0.064993
TRIAL_Red_SIM_05,Red,95.000000,az,-0.060816
TRIAL_Red_SIM_05,Red,96.000000,az,-0.054166
TRIAL_Red_SIM_05,Red,97.000000,az,-0.045455
TRIAL_Red_SIM_05,Red,98.000000,az,-0.038358
TRIAL_Red_SIM_05,Red,99.000000,az,-0.035563
TRIAL_Red_SIM_05,Red,100.000000,az,-0.032768
TRIAL_Red_SIM_06,Red,0.000000,object_area,918.907643
TRIAL_Red_SIM_06,Red,1.000000,object_area,920.125757
TRIAL_Red_SIM_06,Red,2.000000,object_area,921.343870
TRIAL_Red_SIM_06,Red,3.000000,object_area,922.882116
TRIAL_Red_SIM_06,Red,4.000000,object_area,924.540411
TRIAL_Red_SIM_06,Red,5.000000,object_area,927.542497
TRIAL_Red_SIM_06,Red,6.000000,object_area,932.157132
TRIAL_Red_SIM_06,Red,7.000000,object_area,937.256723
TRIAL_Red_SIM_06,Red,8.000000,object_area,944.538615
TRIAL_Red_SIM_06,Red,9.000000,object_area,951.820507
TRIAL_Red_SIM_06,Red,10.000000,object_area,960.601608
TRIAL_Red_SIM_06,Red,11.000000,object_area,969.532631
TRIAL_Red_SIM_06,Red,12.000000,object_area,979.468706
TRIAL_Red_SIM_06,Red,13.000000,object_area,989.979096
TRIAL_Red_SIM_06,Red,14.000000,object_area,1000.616236
TRIAL_Red_SIM_06,Red,15.000000,object_area,1011.475187
TRIAL_Red_SIM_06,Red,16.000000,object_area,1022.466570
TRIAL_Red_SIM_06,Red,17.000000,object_area,1034.782285
TRIAL_Red_SIM_06,Red,18.000000,object_area,1047.097999
TRIAL_Red_SIM_06,Red,19.000000,object_area,1059.971485
TRIAL_Red_SIM_06,Red,20.000000,object_area,1072.968919
TRIAL_Red_SIM_06,Red,21.000000,object_area,1086.907005
TRIAL_Red_SIM_06,Red,22.000000,object_area,1101.628968
TRIAL_Red_SIM_06,Red,23.000000,object_area,1116.643213
TRIAL_Red_SIM_06,Red,24.000000,object_area,1132.436876
TRIAL_Red_SIM_06,Red,25.000000,object_area,1148.230540
TRIAL_Red_SIM_06,Red,26.000000,object_area,1165.457054
TRIAL_Red_SIM_06,Red,27.000000,object_area,1182.683568
TRIAL_Red_SIM_06,Red,28.000000,object_area,1200.730567
TRIAL_Red_SIM_06,Red,29.000000,object_area,1219.085249
TRIAL_Red_SIM_06,Red,30.000000,object_area,1237.737390
TRIAL_Red_SIM_06,Red,31.000000,object_area,1256.746484
TRIAL_Red_SIM_06,Red,32.000000,object_area,1275.848725
TRIAL_Red_SIM_06,Red,33.000000,object_area,1295.370131
TRIAL_Red_SIM_06,Red,34.000000,object_area,1314.891536
TRIAL_Red_SIM_06,Red,35.000000,object_area,1334.834721
TRIAL_Red_SIM_06,Red,36.000000,object_area,1354.820085
TRIAL_Red_SIM_06,Red,37.000000,object_area,1375.326337
TRIAL_Red_SIM_06,Red,38.000000,object_area,1396.130239
TRIAL_Red_SIM_06,Red,39.000000,object_area,1417.097483
TRIAL_Red_SIM_06,Red,40.000000,object_area,1438.350573
TRIAL_Red_SIM_06,Red,41.000000,object_area,1459.642477
TRIAL_Red_SIM_06,Red,42.000000,object_area,1481.322511
TRIAL_Red_SIM_06,Red,43.000000,object_area,1503.002546
TRIAL_Red_SIM_06,Red,44.000000,object_area,1525.277114
TRIAL_Red_SIM_06,Red,45.000000,object_area,1547.683801
TRIAL_Red_SIM_06,Red,46.000000,object_area,1570.421803
TRIAL_Red_SIM_06,Red,47.000000,object_area,1593.435899
TRIAL_Red_SIM_06,Red,48.000000,object_area,1616.365479
TRIAL_Red_SIM_06,Red,49.000000,object_area,1639.069682
TRIAL_Red_SIM_06,Red,50.000000,object_area,1661.773884
TRIAL_Red_SIM_06,Red,51.000000,object_area,1684.002204
TRIAL_Red_SIM_06,Red,52.000000,object_area,1706.230523
TRIAL_Red_SIM_06,Red,53.000000,object_area,1728.097070
TRIAL_Red_SIM_06,Red,54.000000,object_area,1749.827952
TRIAL_Red_SIM_06,Red,55.000000,object_area,1771.807102
TRIAL_Red_SIM_06,Red,56.000000,object_area,1794.084173
TRIAL_Red_SIM_06,Red,57.000000,object_area,1816.220592
TRIAL_Red_SIM_06,Red,58.000000,object_area,1837.724076
TRIAL_Red_SIM_06,Red,59.000000,object_area,1859.227559
TRIAL_Red_SIM_06,Red,60.000000,object_area,1880.398257
TRIAL_Red_SIM_06,Red,61.000000,object_area,1901.535676
TRIAL_Red_SIM_06,Red,62.000000,object_area,1921.804189
TRIAL_Red_SIM_06,Red,63.000000,object_area,1941.576186
TRIAL_Red_SIM_06,Red,64.000000,object_area,1961.327016
TRIAL_Red_SIM_06,Red,65.000000,object_area,1981.040806
TRIAL_Red_SIM_06,Red,66.000000,object_area,2000.749385
TRIAL_Red_SIM_06,Red,67.000000,object_area,2020.405857
TRIAL_Red_SIM_06,Red,68.000000,object_area,2040.062330
TRIAL_Red_SIM_06,Red,69.000000,object_area,2059.211856
TRIAL_Red_SIM_06,Red,70.000000,object_area,2078.248728
TRIAL_Red_SIM_06,Red,71.000000,object_area,2096.823155
TRIAL_Red_SIM_06,Red,72.000000,object_area,2115.012213
TRIAL_Red_SIM_06,Red,73.000000,object_area,2132.621050
TRIAL_Red_SIM_06,Red,74.000000,object_area,2148.682629
TRIAL_Red_SIM_06,Red,75.000000,object_area,2164.744209
TRIAL_Red_SIM_06,Red,76.000000,object_area,2180.917075
TRIAL_Red_SIM_06,Red,77.000000,object_area,2197.089940
TRIAL_Red_SIM_06,Red,78.000000,object_area,2212.760178
TRIAL_Red_SIM_06,Red,79.000000,object_area,2228.241929
TRIAL_Red_SIM_06,Red,80.000000,object_area,2243.658770
TRIAL_Red_SIM_06,Red,81.000000,object_area,2258.997717
TRIAL_Red_SIM_06,Red,82.000000,object_area,2273.912949
TRIAL_Red_SIM_06,Red,83.000000,object_area,2286.921468
TRIAL_Red_SIM_06,Red,84.000000,object_area,2299.929986
TRIAL_Red_SIM_06,Red,85.000000,object_area,2311.478617
TRIAL_Red_SIM_06,Red,86.000000,object_area,2322.881259
TRIAL_Red_SIM_06,Red,87.000000,object_area,2332.918271
TRIAL_Red_SIM_06,Red,88.000000,object_area,2342.174925
TRIAL_Red_SIM_06,Red,89.000000,object_area,2350.877313
TRIAL_Red_SIM_06,Red,90.000000,object_area,2358.609738
TRIAL_Red_SIM_06,Red,91.000000,object_area,2366.132903
TRIAL_Red_SIM_06,Red,92.000000,object_area,2371.563454
TRIAL_Red_SIM_06,Red,93.000000,object_area,2376.994006
TRIAL_Red_SIM_06,Red,94.000000,object_area,2381.290585
TRIAL_Red_SIM_06,Red,95.000000,object_area,2385.335170
TRIAL_Red_SIM_06,Red,96.000000,object_area,2388.603560
TRIAL_Red_SIM_06,Red,97.000000,object_area,2391.225119
TRIAL_Red_SIM_06,Red,98.000000,object_area,2393.540613
TRIAL_Red_SIM_06,Red,99.000000,object_area,2395.039933
TRIAL_Red_SIM_06,Red,100.000000,object_area,2396.539253
TRIAL_Red_SIM_06,Red,0.000000,finger_width,22.848545
TRIAL_Red_SIM_06,Red,1.000000,finger_width,23.490062
TRIAL_Red_SIM_06,Red,2.000000,finger_width,24.131580
TRIAL_Red_SIM_06,Red,3.000000,finger_width,25.551126
TRIAL_Red_SIM_06,Red,4.000000,finger_width,27.262434
TRIAL_Red_SIM_06,Red,5.000000,finger_width,29.259338
TRIAL_Red_SIM_06,Red,6.000000,finger_width,31.598958
TRIAL_Red_SIM_06,Red,7.000000,finger_width,33.993184
TRIAL_Red_SIM_06,Red,8.000000,finger_width,36.633134
TRIAL_Red_SIM_06,Red,9.000000,finger_width,39.273084
TRIAL_Red_SIM_06,Red,10.000000,finger_width,42.214406
TRIAL_Red_SIM_06,Red,11.000000,finger_width,45.185865
TRIAL_Red_SIM_06,Red,12.000000,finger_width,48.399410
TRIAL_Red_SIM_06,Red,13.000000,finger_width,51.751290
TRIAL_Red_SIM_06,Red,14.000000,finger_width,55.363835
TRIAL_Red_SIM_06,Red,15.000000,finger_width,59.432546
TRIAL_Red_SIM_06,Red,16.000000,finger_width,63.557723
TRIAL_Red_SIM_06,Red,17.000000,finger_width,68.247558
TRIAL_Red_SIM_06,Red,18.000000,finger_width,72.937394
TRIAL_Red_SIM_06,Red,19.000000,finger_width,77.863279
TRIAL_Red_SIM_06,Red,20.000000,finger_width,82.841620
TRIAL_Red_SIM_06,Red,21.000000,finger_width,87.804431
TRIAL_Red_SIM_06,Red,22.000000,finger_width,92.754301
TRIAL_Red_SIM_06,Red,23.000000,finger_width,97.652049
TRIAL_Red_SIM_06,Red,24.000000,finger_width,102.410806
TRIAL_Red_SIM_06,Red,25.000000,finger_width,107.169564
TRIAL_Red_SIM_06,Red,26.000000,finger_width,111.705848
TRIAL_Red_SIM_06,Red,27.000000,finger_width,116.242133
TRIAL_Red_SIM_06,Red,28.000000,finger_width,120.608511
TRIAL_Red_SIM_06,Red,29.000000,finger_width,124.911175
TRIAL_Red_SIM_06,Red,30.000000,finger_width,129.159342
TRIAL_Red_SIM_06,Red,31.000000,finger_width,133.342114
TRIAL_Red_SIM_06,Red,32.000000,finger_width,137.487568
TRIAL_Red_SIM_06,Red,33.000000,finger_width,141.465091
TRIAL_Red_SIM_06,Red,34.000000,finger_width,145.442614
TRIAL_Red_SIM_06,Red,35.000000,finger_width,149.050889
TRIAL_Red_SIM_06,Red,36.000000,finger_width,152.622238
TRIAL_Red_SIM_06,Red,37.000000,finger_width,155.826073
TRIAL_Red_SIM_06,Red,38.000000,finger_width,158.819898
TRIAL_Red_SIM_06,Red,39.000000,finger_width,161.632820
TRIAL_Red_SIM_06,Red,40.000000,finger_width,164.129161
TRIAL_Red_SIM_06,Red,41.000000,finger_width,166.572269
TRIAL_Red_SIM_06,Red,42.000000,finger_width,168.483046
TRIAL_Red_SIM_06,Red,43.000000,finger_width,170.393823
TRIAL_Red_SIM_06,Red,44.000000,finger_width,171.790961
TRIAL_Red_SIM_06,Red,45.000000,finger_width,173.073956
TRIAL_Red_SIM_06,Red,46.000000,finger_width,173.743996
TRIAL_Red_SIM_06,Red,47.000000,finger_width,173.903240
TRIAL_Red_SIM_06,Red,48.000000,finger_width,173.680368
TRIAL_Red_SIM_06,Red,49.000000,finger_width,172.438520
TRIAL_Red_SIM_06,Red,50.000000,finger_width,171.196671
TRIAL_Red_SIM_06,Red,51.000000,finger_width,168.457992
TRIAL_Red_SIM_06,Red,52.000000,finger_width,165.719313
TRIAL_Red_SIM_06,Red,53.000000,finger_width,162.416727
TRIAL_Red_SIM_06,Red,54.000000,finger_width,158.902675
TRIAL_Red_SIM_06,Red,55.000000,finger_width,155.007290
TRIAL_Red_SIM_06,Red,56.000000,finger_width,150.654303
TRIAL_Red_SIM_06,Red,57.000000,finger_width,146.215959
TRIAL_Red_SIM_06,Red,58.000000,finger_width,141.393503
TRIAL_Red_SIM_06,Red,59.000000,finger_width,136.571048
TRIAL_Red_SIM_06,Red,60.000000,finger_width,131.100841
TRIAL_Red_SIM_06,Red,61.000000,finger_width,125.565858
TRIAL_Red_SIM_06,Red,62.000000,finger_width,119.995104
TRIAL_Red_SIM_06,Red,63.000000,finger_width,114.403910
TRIAL_Red_SIM_06,Red,64.000000,finger_width,108.815392
TRIAL_Red_SIM_06,Red,65.000000,finger_width,103.231559
TRIAL_Red_SIM_06,Red,66.000000,finger_width,97.700530
TRIAL_Red_SIM_06,Red,67.000000,finger_width,92.697544
TRIAL_Red_SIM_06,Red,68.000000,finger_width,87.694559
TRIAL_Red_SIM_06,Red,69.000000,finger_width,83.191351
TRIAL_Red_SIM_06,Red,70.000000,finger_width,78.799204
TRIAL_Red_SIM_06,Red,71.000000,finger_width,74.867492
TRIAL_Red_SIM_06,Red,72.000000,finger_width,71.319475
TRIAL_Red_SIM_06,Red,73.000000,finger_width,68.037927
TRIAL_Red_SIM_06,Red,74.000000,finger_width,65.466962
TRIAL_Red_SIM_06,Red,75.000000,finger_width,62.895998
TRIAL_Red_SIM_06,Red,76.000000,finger_width,61.409333
TRIAL_Red_SIM_06,Red,77.000000,finger_width,59.922669
TRIAL_Red_SIM_06,Red,78.000000,finger_width,59.246500
TRIAL_Red_SIM_06,Red,79.000000,finger_width,58.874267
TRIAL_Red_SIM_06,Red,80.000000,finger_width,58.599135
TRIAL_Red_SIM_06,Red,81.000000,finger_width,58.440523
TRIAL_Red_SIM_06,Red,82.000000,finger_width,58.285560
TRIAL_Red_SIM_06,Red,83.000000,finger_width,58.147021
TRIAL_Red_SIM_06,Red,84.000000,finger_width,58.008481
TRIAL_Red_SIM_06,Red,85.000000,finger_width,58.124911
TRIAL_Red_SIM_06,Red,86.000000,finger_width,58.266837
TRIAL_Red_SIM_06,Red,87.000000,finger_width,58.360800
TRIAL_Red_SIM_06,Red,88.000000,finger_width,58.427356
TRIAL_Red_SIM_06,Red,89.000000,finger_width,58.509905
TRIAL_Red_SIM_06,Red,90.000000,finger_width,58.620444
TRIAL_Red_SIM_06,Red,91.000000,finger_width,58.707266
TRIAL_Red_SIM_06,Red,92.000000,finger_width,58.556915
TRIAL_Red_SIM_06,Red,93.000000,finger_width,58.406564
TRIAL_Red_SIM_06,Red,94.000000,finger_width,58.442633
TRIAL_Red_SIM_06,Red,95.000000,finger_width,58.520128
TRIAL_Red_SIM_06,Red,96.000000,finger_width,58.580330
TRIAL_Red_SIM_06,Red,97.000000,finger_width,58.626120
TRIAL_Red_SIM_06,Red,98.000000,finger_width,58.719868
TRIAL_Red_SIM_06,Red,99.000000,finger_width,58.941505
TRIAL_Red_SIM_06,Red,100.000000,finger_width,59.163141
TRIAL_Red_SIM_06,Red,0.000000,velocity,0.011424
TRIAL_Red_SIM_06,Red,1.000000,velocity,0.014564
TRIAL_Red_SIM_06,Red,2.000000,velocity,0.017704
TRIAL_Red_SIM_06,Red,3.000000,velocity,0.020773
TRIAL_Red_SIM_06,Red,4.000000,velocity,0.023817
TRIAL_Red_SIM_06,Red,5.000000,velocity,0.026802
TRIAL_Red_SIM_06,Red,6.000000,velocity,0.029716
TRIAL_Red_SIM_06,Red,7.000000,velocity,0.032831
TRIAL_Red_SIM_06,Red,8.000000,velocity,0.036844
TRIAL_Red_SIM_06,Red,9.000000,velocity,0.040857
TRIAL_Red_SIM_06,Red,10.000000,velocity,0.045437
TRIAL_Red_SIM_06,Red,11.000000,velocity,0.050073
TRIAL_Red_SIM_06,Red,12.000000,velocity,0.055580
TRIAL_Red_SIM_06,Red,13.000000,velocity,0.061584
TRIAL_Red_SIM_06,Red,14.000000,velocity,0.067901
TRIAL_Red_SIM_06,Red,15.000000,velocity,0.074763
TRIAL_Red_SIM_06,Red,16.000000,velocity,0.081765
TRIAL_Red_SIM_06,Red,17.000000,velocity,0.090164
TRIAL_Red_SIM_06,Red,18.000000,velocity,0.098562
TRIAL_Red_SIM_06,Red,19.000000,velocity,0.107926
TRIAL_Red_SIM_06,Red,20.000000,velocity,0.117505
TRIAL_Red_SIM_06,Red,21.000000,velocity,0.127626
TRIAL_Red_SIM_06,Red,22.000000,velocity,0.138199
TRIAL_Red_SIM_06,Red,23.000000,velocity,0.148960
TRIAL_Red_SIM_06,Red,24.000000,velocity,0.160223
TRIAL_Red_SIM_06,Red,25.000000,velocity,0.171487
TRIAL_Red_SIM_06,Red,26.000000,velocity,0.182642
TRIAL_Red_SIM_06,Red,27.000000,velocity,0.193797
TRIAL_Red_SIM_06,Red,28.000000,velocity,0.204516
TRIAL_Red_SIM_06,Red,29.000000,velocity,0.215071
TRIAL_Red_SIM_06,Red,30.000000,velocity,0.225167
TRIAL_Red_SIM_06,Red,31.000000,velocity,0.234712
TRIAL_Red_SIM_06,Red,32.000000,velocity,0.244176
TRIAL_Red_SIM_06,Red,33.000000,velocity,0.253279
TRIAL_Red_SIM_06,Red,34.000000,velocity,0.262382
TRIAL_Red_SIM_06,Red,35.000000,velocity,0.270504
TRIAL_Red_SIM_06,Red,36.000000,velocity,0.278527
TRIAL_Red_SIM_06,Red,37.000000,velocity,0.285615
TRIAL_Red_SIM_06,Red,38.000000,velocity,0.292169
TRIAL_Red_SIM_06,Red,39.000000,velocity,0.297870
TRIAL_Red_SIM_06,Red,40.000000,velocity,0.302082
TRIAL_Red_SIM_06,Red,41.000000,velocity,0.306113
TRIAL_Red_SIM_06,Red,42.000000,velocity,0.308347
TRIAL_Red_SIM_06,Red,43.000000,velocity,0.310582
TRIAL_Red_SIM_06,Red,44.000000,velocity,0.310724
TRIAL_Red_SIM_06,Red,45.000000,velocity,0.310401
TRIAL_Red_SIM_06,Red,46.000000,velocity,0.308579
TRIAL_Red_SIM_06,Red,47.000000,velocity,0.305507
TRIAL_Red_SIM_06,Red,48.000000,velocity,0.301684
TRIAL_Red_SIM_06,Red,49.000000,velocity,0.295857
TRIAL_Red_SIM_06,Red,50.000000,velocity,0.290030
TRIAL_Red_SIM_06,Red,51.000000,velocity,0.282121
TRIAL_Red_SIM_06,Red,52.000000,velocity,0.274212
TRIAL_Red_SIM_06,Red,53.000000,velocity,0.265456
TRIAL_Red_SIM_06,Red,54.000000,velocity,0.256382
TRIAL_Red_SIM_06,Red,55.000000,velocity,0.246836
TRIAL_Red_SIM_06,Red,56.000000,velocity,0.236721
TRIAL_Red_SIM_06,Red,57.000000,velocity,0.226598
TRIAL_Red_SIM_06,Red,58.000000,velocity,0.216431
TRIAL_Red_SIM_06,Red,59.000000,velocity,0.206264
TRIAL_Red_SIM_06,Red,60.000000,velocity,0.195522
TRIAL_Red_SIM_06,Red,61.000000,velocity,0.184721
TRIAL_Red_SIM_06,Red,62.000000,velocity,0.173952
TRIAL_Red_SIM_06,Red,63.000000,velocity,0.163200
TRIAL_Red_SIM_06,Red,64.000000,velocity,0.152439
TRIAL_Red_SIM_06,Red,65.000000,velocity,0.141662
TRIAL_Red_SIM_06,Red,66.000000,velocity,0.130968
TRIAL_Red_SIM_06,Red,67.000000,velocity,0.121115
TRIAL_Red_SIM_06,Red,68.000000,velocity,0.111262
TRIAL_Red_SIM_06,Red,69.000000,velocity,0.102110
TRIAL_Red_SIM_06,Red,70.000000,velocity,0.093114
TRIAL_Red_SIM_06,Red,71.000000,velocity,0.084694
TRIAL_Red_SIM_06,Red,72.000000,velocity,0.076753
TRIAL_Red_SIM_06,Red,73.000000,velocity,0.069189
TRIAL_Red_SIM_06,Red,74.000000,velocity,0.062631
TRIAL_Red_SIM_06,Red,75.000000,velocity,0.056073
TRIAL_Red_SIM_06,Red,76.000000,velocity,0.051190
TRIAL_Red_SIM_06,Red,77.000000,velocity,0.046307
TRIAL_Red_SIM_06,Red,78.000000,velocity,0.042128
TRIAL_Red_SIM_06,Red,79.000000,velocity,0.038213
TRIAL_Red_SIM_06,Red,80.000000,velocity,0.034508
TRIAL_Red_SIM_06,Red,81.000000,velocity,0.031057
TRIAL_Red_SIM_06,Red,82.000000,velocity,0.027652
TRIAL_Red_SIM_06,Red,83.000000,velocity,0.024455
TRIAL_Red_SIM_06,Red,84.000000,velocity,0.021259
TRIAL_Red_SIM_06,Red,85.000000,velocity,0.018743
TRIAL_Red_SIM_06,Red,86.000000,velocity,0.016295
TRIAL_Red_SIM_06,Red,87.000000,velocity,0.014023
TRIAL_Red_SIM_06,Red,88.000000,velocity,0.011853
TRIAL_Red_SIM_06,Red,89.000000,velocity,0.009882
TRIAL_Red_SIM_06,Red,90.000000,velocity,0.008262
TRIAL_Red_SIM_06,Red,91.000000,velocity,0.006703
TRIAL_Red_SIM_06,Red,92.000000,velocity,0.005755
TRIAL_Red_SIM_06,Red,93.000000,velocity,0.004807
TRIAL_Red_SIM_06,Red,94.000000,velocity,0.003933
TRIAL_Red_SIM_06,Red,95.000000,velocity,0.003074
TRIAL_Red_SIM_06,Red,96.000000,velocity,0.002359
TRIAL_Red_SIM_06,Red,97.000000,velocity,0.001763
TRIAL_Red_SIM_06,Red,98.000000,velocity,0.001183
TRIAL_Red_SIM_06,Red,99.000000,velocity,0.000646
TRIAL_Red_SIM_06,Red,100.000000,velocity,0.000109
TRIAL_Red_SIM_06,Red,0.000000,acceleration_mag,0.277171
TRIAL_Red_SIM_06,Red,1.000000,acceleration_mag,0.260421
TRIAL_Red_SIM_06,Red,2.000000,acceleration_mag,0.243671
TRIAL_Red_SIM_06,Red,3.000000,acceleration_mag,0.237998
TRIAL_Red_SIM_06,Red,4.000000,acceleration_mag,0.236478
TRIAL_Red_SIM_06,Red,5.000000,acceleration_mag,0.238790
TRIAL_Red_SIM_06,Red,6.000000,acceleration_mag,0.245702
TRIAL_Red_SIM_06,Red,7.000000,acceleration_mag,0.254623
TRIAL_Red_SIM_06,Red,8.000000,acceleration_mag,0.272585
TRIAL_Red_SIM_06,Red,9.000000,acceleration_mag,0.290547
TRIAL_Red_SIM_06,Red,10.000000,acceleration_mag,0.314860
TRIAL_Red_SIM_06,Red,11.000000,acceleration_mag,0.339808
TRIAL_Red_SIM_06,Red,12.000000,acceleration_mag,0.376083
TRIAL_Red_SIM_06,Red,13.000000,acceleration_mag,0.418832
TRIAL_Red_SIM_06,Red,14.000000,acceleration_mag,0.462487
TRIAL_Red_SIM_06,Red,15.000000,acceleration_mag,0.507729
TRIAL_Red_SIM_06,Red,16.000000,acceleration_mag,0.553405
TRIAL_Red_SIM_06,Red,17.000000,acceleration_mag,0.603427
TRIAL_Red_SIM_06,Red,18.000000,acceleration_mag,0.653448
TRIAL_Red_SIM_06,Red,19.000000,acceleration_mag,0.683452
TRIAL_Red_SIM_06,Red,20.000000,acceleration_mag,0.709008
TRIAL_Red_SIM_06,Red,21.000000,acceleration_mag,0.731291
TRIAL_Red_SIM_06,Red,22.000000,acceleration_mag,0.750847
TRIAL_Red_SIM_06,Red,23.000000,acceleration_mag,0.765910
TRIAL_Red_SIM_06,Red,24.000000,acceleration_mag,0.768990
TRIAL_Red_SIM_06,Red,25.000000,acceleration_mag,0.772071
TRIAL_Red_SIM_06,Red,26.000000,acceleration_mag,0.760476
TRIAL_Red_SIM_06,Red,27.000000,acceleration_mag,0.748882
TRIAL_Red_SIM_06,Red,28.000000,acceleration_mag,0.726866
TRIAL_Red_SIM_06,Red,29.000000,acceleration_mag,0.700943
TRIAL_Red_SIM_06,Red,30.000000,acceleration_mag,0.673927
TRIAL_Red_SIM_06,Red,31.000000,acceleration_mag,0.645601
TRIAL_Red_SIM_06,Red,32.000000,acceleration_mag,0.617527
TRIAL_Red_SIM_06,Red,33.000000,acceleration_mag,0.590587
TRIAL_Red_SIM_06,Red,34.000000,acceleration_mag,0.563646
TRIAL_Red_SIM_06,Red,35.000000,acceleration_mag,0.525383
TRIAL_Red_SIM_06,Red,36.000000,acceleration_mag,0.485988
TRIAL_Red_SIM_06,Red,37.000000,acceleration_mag,0.435855
TRIAL_Red_SIM_06,Red,38.000000,acceleration_mag,0.379587
TRIAL_Red_SIM_06,Red,39.000000,acceleration_mag,0.322073
TRIAL_Red_SIM_06,Red,40.000000,acceleration_mag,0.262378
TRIAL_Red_SIM_06,Red,41.000000,acceleration_mag,0.202307
TRIAL_Red_SIM_06,Red,42.000000,acceleration_mag,0.138487
TRIAL_Red_SIM_06,Red,43.000000,acceleration_mag,0.074667
TRIAL_Red_SIM_06,Red,44.000000,acceleration_mag,0.077148
TRIAL_Red_SIM_06,Red,45.000000,acceleration_mag,0.094361
TRIAL_Red_SIM_06,Red,46.000000,acceleration_mag,0.147075
TRIAL_Red_SIM_06,Red,47.000000,acceleration_mag,0.229373
TRIAL_Red_SIM_06,Red,48.000000,acceleration_mag,0.309673
TRIAL_Red_SIM_06,Red,49.000000,acceleration_mag,0.384647
TRIAL_Red_SIM_06,Red,50.000000,acceleration_mag,0.459621
TRIAL_Red_SIM_06,Red,51.000000,acceleration_mag,0.515588
TRIAL_Red_SIM_06,Red,52.000000,acceleration_mag,0.571555
TRIAL_Red_SIM_06,Red,53.000000,acceleration_mag,0.613259
TRIAL_Red_SIM_06,Red,54.000000,acceleration_mag,0.649614
TRIAL_Red_SIM_06,Red,55.000000,acceleration_mag,0.678594
TRIAL_Red_SIM_06,Red,56.000000,acceleration_mag,0.698723
TRIAL_Red_SIM_06,Red,57.000000,acceleration_mag,0.716985
TRIAL_Red_SIM_06,Red,58.000000,acceleration_mag,0.726844
TRIAL_Red_SIM_06,Red,59.000000,acceleration_mag,0.736704
TRIAL_Red_SIM_06,Red,60.000000,acceleration_mag,0.744844
TRIAL_Red_SIM_06,Red,61.000000,acceleration_mag,0.752812
TRIAL_Red_SIM_06,Red,62.000000,acceleration_mag,0.752454
TRIAL_Red_SIM_06,Red,63.000000,acceleration_mag,0.747340
TRIAL_Red_SIM_06,Red,64.000000,acceleration_mag,0.738897
TRIAL_Red_SIM_06,Red,65.000000,acceleration_mag,0.724631
TRIAL_Red_SIM_06,Red,66.000000,acceleration_mag,0.708968
TRIAL_Red_SIM_06,Red,67.000000,acceleration_mag,0.679341
TRIAL_Red_SIM_06,Red,68.000000,acceleration_mag,0.649714
TRIAL_Red_SIM_06,Red,69.000000,acceleration_mag,0.621603
TRIAL_Red_SIM_06,Red,70.000000,acceleration_mag,0.593830
TRIAL_Red_SIM_06,Red,71.000000,acceleration_mag,0.560140
TRIAL_Red_SIM_06,Red,72.000000,acceleration_mag,0.521520
TRIAL_Red_SIM_06,Red,73.000000,acceleration_mag,0.482387
TRIAL_Red_SIM_06,Red,74.000000,acceleration_mag,0.441889
TRIAL_Red_SIM_06,Red,75.000000,acceleration_mag,0.401390
TRIAL_Red_SIM_06,Red,76.000000,acceleration_mag,0.367424
TRIAL_Red_SIM_06,Red,77.000000,acceleration_mag,0.333457
TRIAL_Red_SIM_06,Red,78.000000,acceleration_mag,0.312538
TRIAL_Red_SIM_06,Red,79.000000,acceleration_mag,0.296513
TRIAL_Red_SIM_06,Red,80.000000,acceleration_mag,0.283098
TRIAL_Red_SIM_06,Red,81.000000,acceleration_mag,0.272817
TRIAL_Red_SIM_06,Red,82.000000,acceleration_mag,0.260408
TRIAL_Red_SIM_06,Red,83.000000,acceleration_mag,0.238418
TRIAL_Red_SIM_06,Red,84.000000,acceleration_mag,0.216429
TRIAL_Red_SIM_06,Red,85.000000,acceleration_mag,0.195663
TRIAL_Red_SIM_06,Red,86.000000,acceleration_mag,0.175019
TRIAL_Red_SIM_06,Red,87.000000,acceleration_mag,0.153652
TRIAL_Red_SIM_06,Red,88.000000,acceleration_mag,0.131873
TRIAL_Red_SIM_06,Red,89.000000,acceleration_mag,0.110619
TRIAL_Red_SIM_06,Red,90.000000,acceleration_mag,0.090286
TRIAL_Red_SIM_06,Red,91.000000,acceleration_mag,0.070476
TRIAL_Red_SIM_06,Red,92.000000,acceleration_mag,0.055891
TRIAL_Red_SIM_06,Red,93.000000,acceleration_mag,0.041307
TRIAL_Red_SIM_06,Red,94.000000,acceleration_mag,0.037786
TRIAL_Red_SIM_06,Red,95.000000,acceleration_mag,0.036724
TRIAL_Red_SIM_06,Red,96.000000,acceleration_mag,0.035078
TRIAL_Red_SIM_06,Red,97.000000,acceleration_mag,0.032945
TRIAL_Red_SIM_06,Red,98.000000,acceleration_mag,0.032492
TRIAL_Red_SIM_06,Red,99.000000,acceleration_mag,0.036519
TRIAL_Red_SIM_06,Red,100.000000,acceleration_mag,0.040547
TRIAL_Red_SIM_06,Red,0.000000,ax,0.273729
TRIAL_Red_SIM_06,Red,1.000000,ax,0.257111
TRIAL_Red_SIM_06,Red,2.000000,ax,0.240493
TRIAL_Red_SIM_06,Red,3.000000,ax,0.234846
TRIAL_Red_SIM_06,Red,4.000000,ax,0.233312
TRIAL_Red_SIM_06,Red,5.000000,ax,0.235660
TRIAL_Red_SIM_06,Red,6.000000,ax,0.242664
TRIAL_Red_SIM_06,Red,7.000000,ax,0.251634
TRIAL_Red_SIM_06,Red,8.000000,ax,0.269446
TRIAL_Red_SIM_06,Red,9.000000,ax,0.287258
TRIAL_Red_SIM_06,Red,10.000000,ax,0.311287
TRIAL_Red_SIM_06,Red,11.000000,ax,0.335937
TRIAL_Red_SIM_06,Red,12.000000,ax,0.371811
TRIAL_Red_SIM_06,Red,13.000000,ax,0.414098
TRIAL_Red_SIM_06,Red,14.000000,ax,0.457259
TRIAL_Red_SIM_06,Red,15.000000,ax,0.501949
TRIAL_Red_SIM_06,Red,16.000000,ax,0.547067
TRIAL_Red_SIM_06,Red,17.000000,ax,0.596460
TRIAL_Red_SIM_06,Red,18.000000,ax,0.645853
TRIAL_Red_SIM_06,Red,19.000000,ax,0.675592
TRIAL_Red_SIM_06,Red,20.000000,ax,0.700963
TRIAL_Red_SIM_06,Red,21.000000,ax,0.723071
TRIAL_Red_SIM_06,Red,22.000000,ax,0.742458
TRIAL_Red_SIM_06,Red,23.000000,ax,0.757394
TRIAL_Red_SIM_06,Red,24.000000,ax,0.760457
TRIAL_Red_SIM_06,Red,25.000000,ax,0.763521
TRIAL_Red_SIM_06,Red,26.000000,ax,0.752065
TRIAL_Red_SIM_06,Red,27.000000,ax,0.740609
TRIAL_Red_SIM_06,Red,28.000000,ax,0.718841
TRIAL_Red_SIM_06,Red,29.000000,ax,0.693204
TRIAL_Red_SIM_06,Red,30.000000,ax,0.666459
TRIAL_Red_SIM_06,Red,31.000000,ax,0.638383
TRIAL_Red_SIM_06,Red,32.000000,ax,0.610553
TRIAL_Red_SIM_06,Red,33.000000,ax,0.583826
TRIAL_Red_SIM_06,Red,34.000000,ax,0.557100
TRIAL_Red_SIM_06,Red,35.000000,ax,0.519186
TRIAL_Red_SIM_06,Red,36.000000,ax,0.480154
TRIAL_Red_SIM_06,Red,37.000000,ax,0.430501
TRIAL_Red_SIM_06,Red,38.000000,ax,0.374779
TRIAL_Red_SIM_06,Red,39.000000,ax,0.317856
TRIAL_Red_SIM_06,Red,40.000000,ax,0.258834
TRIAL_Red_SIM_06,Red,41.000000,ax,0.199414
TRIAL_Red_SIM_06,Red,42.000000,ax,0.136004
TRIAL_Red_SIM_06,Red,43.000000,ax,0.072595
TRIAL_Red_SIM_06,Red,44.000000,ax,0.002812
TRIAL_Red_SIM_06,Red,45.000000,ax,-0.068388
TRIAL_Red_SIM_06,Red,46.000000,ax,-0.145171
TRIAL_Red_SIM_06,Red,47.000000,ax,-0.226606
TRIAL_Red_SIM_06,Red,48.000000,ax,-0.306058
TRIAL_Red_SIM_06,Red,49.000000,ax,-0.380218
TRIAL_Red_SIM_06,Red,50.000000,ax,-0.454378
TRIAL_Red_SIM_06,Red,51.000000,ax,-0.509734
TRIAL_Red_SIM_06,Red,52.000000,ax,-0.565090
TRIAL_Red_SIM_06,Red,53.000000,ax,-0.606347
TRIAL_Red_SIM_06,Red,54.000000,ax,-0.642316
TRIAL_Red_SIM_06,Red,55.000000,ax,-0.670990
TRIAL_Red_SIM_06,Red,56.000000,ax,-0.690908
TRIAL_Red_SIM_06,Red,57.000000,ax,-0.708981
TRIAL_Red_SIM_06,Red,58.000000,ax,-0.718757
TRIAL_Red_SIM_06,Red,59.000000,ax,-0.728533
TRIAL_Red_SIM_06,Red,60.000000,ax,-0.736605
TRIAL_Red_SIM_06,Red,61.000000,ax,-0.744506
TRIAL_Red_SIM_06,Red,62.000000,ax,-0.744165
TRIAL_Red_SIM_06,Red,63.000000,ax,-0.739113
TRIAL_Red_SIM_06,Red,64.000000,ax,-0.730770
TRIAL_Red_SIM_06,Red,65.000000,ax,-0.716665
TRIAL_Red_SIM_06,Red,66.000000,ax,-0.701177
TRIAL_Red_SIM_06,Red,67.000000,ax,-0.671863
TRIAL_Red_SIM_06,Red,68.000000,ax,-0.642549
TRIAL_Red_SIM_06,Red,69.000000,ax,-0.614753
TRIAL_Red_SIM_06,Red,70.000000,ax,-0.587294
TRIAL_Red_SIM_06,Red,71.000000,ax,-0.553970
TRIAL_Red_SIM_06,Red,72.000000,ax,-0.515759
TRIAL_Red_SIM_06,Red,73.000000,ax,-0.477056
TRIAL_Red_SIM_06,Red,74.000000,ax,-0.437043
TRIAL_Red_SIM_06,Red,75.000000,ax,-0.397029
TRIAL_Red_SIM_06,Red,76.000000,ax,-0.363428
TRIAL_Red_SIM_06,Red,77.000000,ax,-0.329827
TRIAL_Red_SIM_06,Red,78.000000,ax,-0.309087
TRIAL_Red_SIM_06,Red,79.000000,ax,-0.293171
TRIAL_Red_SIM_06,Red,80.000000,ax,-0.279860
TRIAL_Red_SIM_06,Red,81.000000,ax,-0.269676
TRIAL_Red_SIM_06,Red,82.000000,ax,-0.257402
TRIAL_Red_SIM_06,Red,83.000000,ax,-0.235728
TRIAL_Red_SIM_06,Red,84.000000,ax,-0.214053
TRIAL_Red_SIM_06,Red,85.000000,ax,-0.193537
TRIAL_Red_SIM_06,Red,86.000000,ax,-0.173137
TRIAL_Red_SIM_06,Red,87.000000,ax,-0.151911
TRIAL_Red_SIM_06,Red,88.000000,ax,-0.130212
TRIAL_Red_SIM_06,Red,89.000000,ax,-0.109032
TRIAL_Red_SIM_06,Red,90.000000,ax,-0.088760
TRIAL_Red_SIM_06,Red,91.000000,ax,-0.068954
TRIAL_Red_SIM_06,Red,92.000000,ax,-0.053813
TRIAL_Red_SIM_06,Red,93.000000,ax,-0.038671
TRIAL_Red_SIM_06,Red,94.000000,ax,-0.035572
TRIAL_Red_SIM_06,Red,95.000000,ax,-0.035149
TRIAL_Red_SIM_06,Red,96.000000,ax,-0.033934
TRIAL_Red_SIM_06,Red,97.000000,ax,-0.032057
TRIAL_Red_SIM_06,Red,98.000000,ax,-0.031824
TRIAL_Red_SIM_06,Red,99.000000,ax,-0.035970
TRIAL_Red_SIM_06,Red,100.000000,ax,-0.040117
TRIAL_Red_SIM_06,Red,0.000000,ay,-0.017571
TRIAL_Red_SIM_06,Red,1.000000,ay,-0.018132
TRIAL_Red_SIM_06,Red,2.000000,ay,-0.018693
TRIAL_Red_SIM_06,Red,3.000000,ay,-0.019207
TRIAL_Red_SIM_06,Red,4.000000,ay,-0.019703
TRIAL_Red_SIM_06,Red,5.000000,ay,-0.018504
TRIAL_Red_SIM_06,Red,6.000000,ay,-0.015271
TRIAL_Red_SIM_06,Red,7.000000,ay,-0.012057
TRIAL_Red_SIM_06,Red,8.000000,ay,-0.008936
TRIAL_Red_SIM_06,Red,9.000000,ay,-0.005815
TRIAL_Red_SIM_06,Red,10.000000,ay,-0.003887
TRIAL_Red_SIM_06,Red,11.000000,ay,-0.002078
TRIAL_Red_SIM_06,Red,12.000000,ay,-0.004431
TRIAL_Red_SIM_06,Red,13.000000,ay,-0.009162
TRIAL_Red_SIM_06,Red,14.000000,ay,-0.013852
TRIAL_Red_SIM_06,Red,15.000000,ay,-0.018468
TRIAL_Red_SIM_06,Red,16.000000,ay,-0.023080
TRIAL_Red_SIM_06,Red,17.000000,ay,-0.027644
TRIAL_Red_SIM_06,Red,18.000000,ay,-0.032207
TRIAL_Red_SIM_06,Red,19.000000,ay,-0.030441
TRIAL_Red_SIM_06,Red,20.000000,ay,-0.027268
TRIAL_Red_SIM_06,Red,21.000000,ay,-0.024269
TRIAL_Red_SIM_06,Red,22.000000,ay,-0.021416
TRIAL_Red_SIM_06,Red,23.000000,ay,-0.018457
TRIAL_Red_SIM_06,Red,24.000000,ay,-0.015218
TRIAL_Red_SIM_06,Red,25.000000,ay,-0.011980
TRIAL_Red_SIM_06,Red,26.000000,ay,-0.010502
TRIAL_Red_SIM_06,Red,27.000000,ay,-0.009024
TRIAL_Red_SIM_06,Red,28.000000,ay,-0.007145
TRIAL_Red_SIM_06,Red,29.000000,ay,-0.005116
TRIAL_Red_SIM_06,Red,30.000000,ay,-0.002136
TRIAL_Red_SIM_06,Red,31.000000,ay,0.001985
TRIAL_Red_SIM_06,Red,32.000000,ay,0.005891
TRIAL_Red_SIM_06,Red,33.000000,ay,0.008833
TRIAL_Red_SIM_06,Red,34.000000,ay,0.011776
TRIAL_Red_SIM_06,Red,35.000000,ay,0.013576
TRIAL_Red_SIM_06,Red,36.000000,ay,0.015262
TRIAL_Red_SIM_06,Red,37.000000,ay,0.016388
TRIAL_Red_SIM_06,Red,38.000000,ay,0.017193
TRIAL_Red_SIM_06,Red,39.000000,ay,0.017241
TRIAL_Red_SIM_06,Red,40.000000,ay,0.015961
TRIAL_Red_SIM_06,Red,41.000000,ay,0.014711
TRIAL_Red_SIM_06,Red,42.000000,ay,0.013761
TRIAL_Red_SIM_06,Red,43.000000,ay,0.012812
TRIAL_Red_SIM_06,Red,44.000000,ay,0.010336
TRIAL_Red_SIM_06,Red,45.000000,ay,0.007522
TRIAL_Red_SIM_06,Red,46.000000,ay,0.006400
TRIAL_Red_SIM_06,Red,47.000000,ay,0.006687
TRIAL_Red_SIM_06,Red,48.000000,ay,0.007207
TRIAL_Red_SIM_06,Red,49.000000,ay,0.008348
TRIAL_Red_SIM_06,Red,50.000000,ay,0.009489
TRIAL_Red_SIM_06,Red,51.000000,ay,0.012487
TRIAL_Red_SIM_06,Red,52.000000,ay,0.015484
TRIAL_Red_SIM_06,Red,53.000000,ay,0.016990
TRIAL_Red_SIM_06,Red,54.000000,ay,0.017937
TRIAL_Red_SIM_06,Red,55.000000,ay,0.018915
TRIAL_Red_SIM_06,Red,56.000000,ay,0.019933
TRIAL_Red_SIM_06,Red,57.000000,ay,0.020591
TRIAL_Red_SIM_06,Red,58.000000,ay,0.019635
TRIAL_Red_SIM_06,Red,59.000000,ay,0.018679
TRIAL_Red_SIM_06,Red,60.000000,ay,0.017537
TRIAL_Red_SIM_06,Red,61.000000,ay,0.016377
TRIAL_Red_SIM_06,Red,62.000000,ay,0.014047
TRIAL_Red_SIM_06,Red,63.000000,ay,0.011048
TRIAL_Red_SIM_06,Red,64.000000,ay,0.008737
TRIAL_Red_SIM_06,Red,65.000000,ay,0.007627
TRIAL_Red_SIM_06,Red,66.000000,ay,0.006439
TRIAL_Red_SIM_06,Red,67.000000,ay,0.004456
TRIAL_Red_SIM_06,Red,68.000000,ay,0.002473
TRIAL_Red_SIM_06,Red,69.000000,ay,0.002026
TRIAL_Red_SIM_06,Red,70.000000,ay,0.001922
TRIAL_Red_SIM_06,Red,71.000000,ay,0.001161
TRIAL_Red_SIM_06,Red,72.000000,ay,-0.000146
TRIAL_Red_SIM_06,Red,73.000000,ay,-0.000460
TRIAL_Red_SIM_06,Red,74.000000,ay,0.001874
TRIAL_Red_SIM_06,Red,75.000000,ay,0.004208
TRIAL_Red_SIM_06,Red,76.000000,ay,0.006770
TRIAL_Red_SIM_06,Red,77.000000,ay,0.009331
TRIAL_Red_SIM_06,Red,78.000000,ay,0.011758
TRIAL_Red_SIM_06,Red,79.000000,ay,0.014134
TRIAL_Red_SIM_06,Red,80.000000,ay,0.015464
TRIAL_Red_SIM_06,Red,81.000000,ay,0.015538
TRIAL_Red_SIM_06,Red,82.000000,ay,0.015021
TRIAL_Red_SIM_06,Red,83.000000,ay,0.011839
TRIAL_Red_SIM_06,Red,84.000000,ay,0.008657
TRIAL_Red_SIM_06,Red,85.000000,ay,0.006198
TRIAL_Red_SIM_06,Red,86.000000,ay,0.003812
TRIAL_Red_SIM_06,Red,87.000000,ay,0.000189
TRIAL_Red_SIM_06,Red,88.000000,ay,-0.004139
TRIAL_Red_SIM_06,Red,89.000000,ay,-0.007187
TRIAL_Red_SIM_06,Red,90.000000,ay,-0.007991
TRIAL_Red_SIM_06,Red,91.000000,ay,-0.008875
TRIAL_Red_SIM_06,Red,92.000000,ay,-0.010542
TRIAL_Red_SIM_06,Red,93.000000,ay,-0.012210
TRIAL_Red_SIM_06,Red,94.000000,ay,-0.010660
TRIAL_Red_SIM_06,Red,95.000000,ay,-0.008396
TRIAL_Red_SIM_06,Red,96.000000,ay,-0.006614
TRIAL_Red_SIM_06,Red,97.000000,ay,-0.005232
TRIAL_Red_SIM_06,Red,98.000000,ay,-0.003595
TRIAL_Red_SIM_06,Red,99.000000,ay,-0.001276
TRIAL_Red_SIM_06,Red,100.000000,ay,0.001043
TRIAL_Red_SIM_06,Red,0.000000,az,0.039844
TRIAL_Red_SIM_06,Red,1.000000,az,0.037153
TRIAL_Red_SIM_06,Red,2.000000,az,0.034463
TRIAL_Red_SIM_06,Red,3.000000,az,0.033482
TRIAL_Red_SIM_06,Red,4.000000,az,0.033142
TRIAL_Red_SIM_06,Red,5.000000,az,0.033634
TRIAL_Red_SIM_06,Red,6.000000,az,0.035124
TRIAL_Red_SIM_06,Red,7.000000,az,0.036912
TRIAL_Red_SIM_06,Red,8.000000,az,0.040043
TRIAL_Red_SIM_06,Red,9.000000,az,0.043174
TRIAL_Red_SIM_06,Red,10.000000,az,0.047083
TRIAL_Red_SIM_06,Red,11.000000,az,0.051069
TRIAL_Red_SIM_06,Red,12.000000,az,0.056198
TRIAL_Red_SIM_06,Red,13.000000,az,0.061980
TRIAL_Red_SIM_06,Red,14.000000,az,0.067896
TRIAL_Red_SIM_06,Red,15.000000,az,0.074043
TRIAL_Red_SIM_06,Red,16.000000,az,0.080255
TRIAL_Red_SIM_06,Red,17.000000,az,0.087112
TRIAL_Red_SIM_06,Red,18.000000,az,0.093968
TRIAL_Red_SIM_06,Red,19.000000,az,0.098662
TRIAL_Red_SIM_06,Red,20.000000,az,0.102875
TRIAL_Red_SIM_06,Red,21.000000,az,0.106557
TRIAL_Red_SIM_06,Red,22.000000,az,0.109797
TRIAL_Red_SIM_06,Red,23.000000,az,0.112369
TRIAL_Red_SIM_06,Red,24.000000,az,0.113161
TRIAL_Red_SIM_06,Red,25.000000,az,0.113953
TRIAL_Red_SIM_06,Red,26.000000,az,0.112293
TRIAL_Red_SIM_06,Red,27.000000,az,0.110634
TRIAL_Red_SIM_06,Red,28.000000,az,0.107464
TRIAL_Red_SIM_06,Red,29.000000,az,0.103728
TRIAL_Red_SIM_06,Red,30.000000,az,0.099956
TRIAL_Red_SIM_06,Red,31.000000,az,0.096141
TRIAL_Red_SIM_06,Red,32.000000,az,0.092338
TRIAL_Red_SIM_06,Red,33.000000,az,0.088584
TRIAL_Red_SIM_06,Red,34.000000,az,0.084830
TRIAL_Red_SIM_06,Red,35.000000,az,0.079240
TRIAL_Red_SIM_06,Red,36.000000,az,0.073467
TRIAL_Red_SIM_06,Red,37.000000,az,0.066024
TRIAL_Red_SIM_06,Red,38.000000,az,0.057628
TRIAL_Red_SIM_06,Red,39.000000,az,0.048960
TRIAL_Red_SIM_06,Red,40.000000,az,0.039816
TRIAL_Red_SIM_06,Red,41.000000,az,0.030620
TRIAL_Red_SIM_06,Red,42.000000,az,0.020890
TRIAL_Red_SIM_06,Red,43.000000,az,0.011161
TRIAL_Red_SIM_06,Red,44.000000,az,0.000296
TRIAL_Red_SIM_06,Red,45.000000,az,-0.010821
TRIAL_Red_SIM_06,Red,46.000000,az,-0.022537
TRIAL_Red_SIM_06,Red,47.000000,az,-0.034752
TRIAL_Red_SIM_06,Red,48.000000,az,-0.046628
TRIAL_Red_SIM_06,Red,49.000000,az,-0.057598
TRIAL_Red_SIM_06,Red,50.000000,az,-0.068569
TRIAL_Red_SIM_06,Red,51.000000,az,-0.076437
TRIAL_Red_SIM_06,Red,52.000000,az,-0.084304
TRIAL_Red_SIM_06,Red,53.000000,az,-0.090230
TRIAL_Red_SIM_06,Red,54.000000,az,-0.095429
TRIAL_Red_SIM_06,Red,55.000000,az,-0.099522
TRIAL_Red_SIM_06,Red,56.000000,az,-0.102288
TRIAL_Red_SIM_06,Red,57.000000,az,-0.104823
TRIAL_Red_SIM_06,Red,58.000000,az,-0.106316
TRIAL_Red_SIM_06,Red,59.000000,az,-0.107809
TRIAL_Red_SIM_06,Red,60.000000,az,-0.109069
TRIAL_Red_SIM_06,Red,61.000000,az,-0.110305
TRIAL_Red_SIM_06,Red,62.000000,az,-0.110456
TRIAL_Red_SIM_06,Red,63.000000,az,-0.109986
TRIAL_Red_SIM_06,Red,64.000000,az,-0.108938
TRIAL_Red_SIM_06,Red,65.000000,az,-0.106875
TRIAL_Red_SIM_06,Red,66.000000,az,-0.104617
TRIAL_Red_SIM_06,Red,67.000000,az,-0.100400
TRIAL_Red_SIM_06,Red,68.000000,az,-0.096184
TRIAL_Red_SIM_06,Red,69.000000,az,-0.092008
TRIAL_Red_SIM_06,Red,70.000000,az,-0.087842
TRIAL_Red_SIM_06,Red,71.000000,az,-0.082892
TRIAL_Red_SIM_06,Red,72.000000,az,-0.077290
TRIAL_Red_SIM_06,Red,73.000000,az,-0.071492
TRIAL_Red_SIM_06,Red,74.000000,az,-0.065175
TRIAL_Red_SIM_06,Red,75.000000,az,-0.058858
TRIAL_Red_SIM_06,Red,76.000000,az,-0.053485
TRIAL_Red_SIM_06,Red,77.000000,az,-0.048112
TRIAL_Red_SIM_06,Red,78.000000,az,-0.044680
TRIAL_Red_SIM_06,Red,79.000000,az,-0.041976
TRIAL_Red_SIM_06,Red,80.000000,az,-0.039795
TRIAL_Red_SIM_06,Red,81.000000,az,-0.038242
TRIAL_Red_SIM_06,Red,82.000000,az,-0.036455
TRIAL_Red_SIM_06,Red,83.000000,az,-0.033613
TRIAL_Red_SIM_06,Red,84.000000,az,-0.030770
TRIAL_Red_SIM_06,Red,85.000000,az,-0.028014
TRIAL_Red_SIM_06,Red,86.000000,az,-0.025266
TRIAL_Red_SIM_06,Red,87.000000,az,-0.022556
TRIAL_Red_SIM_06,Red,88.000000,az,-0.019866
TRIAL_Red_SIM_06,Red,89.000000,az,-0.017095
TRIAL_Red_SIM_06,Red,90.000000,az,-0.014181
TRIAL_Red_SIM_06,Red,91.000000,az,-0.011346
TRIAL_Red_SIM_06,Red,92.000000,az,-0.009305
TRIAL_Red_SIM_06,Red,93.000000,az,-0.007264
TRIAL_Red_SIM_06,Red,94.000000,az,-0.006606
TRIAL_Red_SIM_06,Red,95.000000,az,-0.006255
TRIAL_Red_SIM_06,Red,96.000000,az,-0.005847
TRIAL_Red_SIM_06,Red,97.000000,az,-0.005393
TRIAL_Red_SIM_06,Red,98.000000,az,-0.005151
TRIAL_Red_SIM_06,Red,99.000000,az,-0.005472
TRIAL_Red_SIM_06,Red,100.000000,az,-0.005794
TRIAL_Red_SIM_07,Red,0.000000,object_area,888.363924
TRIAL_Red_SIM_07,Red,1.000000,object_area,889.173035
TRIAL_Red_SIM_07,Red,2.000000,object_area,889.982146
TRIAL_Red_SIM_07,Red,3.000000,object_area,892.074976
TRIAL_Red_SIM_07,Red,4.000000,object_area,894.649199
TRIAL_Red_SIM_07,Red,5.000000,object_area,897.742686
TRIAL_Red_SIM_07,Red,6.000000,object_area,901.459290
TRIAL_Red_SIM_07,Red,7.000000,object_area,905.426990
TRIAL_Red_SIM_07,Red,8.000000,object_area,910.524627
TRIAL_Red_SIM_07,Red,9.000000,object_area,915.622263
TRIAL_Red_SIM_07,Red,10.000000,object_area,922.649051
TRIAL_Red_SIM_07,Red,11.000000,object_area,929.868754
TRIAL_Red_SIM_07,Red,12.000000,object_area,938.610774
TRIAL_Red_SIM_07,Red,13.000000,object_area,948.222691
TRIAL_Red_SIM_07,Red,14.000000,object_area,958.585260
TRIAL_Red_SIM_07,Red,15.000000,object_area,970.261473
TRIAL_Red_SIM_07,Red,16.000000,object_area,982.132626
TRIAL_Red_SIM_07,Red,17.000000,object_area,995.953194
TRIAL_Red_SIM_07,Red,18.000000,object_area,1009.773762
TRIAL_Red_SIM_07,Red,19.000000,object_area,1024.335261
TRIAL_Red_SIM_07,Red,20.000000,object_area,1039.061412
TRIAL_Red_SIM_07,Red,21.000000,object_area,1054.266329
TRIAL_Red_SIM_07,Red,22.000000,object_area,1069.870217
TRIAL_Red_SIM_07,Red,23.000000,object_area,1085.515148
TRIAL_Red_SIM_07,Red,24.000000,object_area,1101.269525
TRIAL_Red_SIM_07,Red,25.000000,object_area,1117.023901
TRIAL_Red_SIM_07,Red,26.000000,object_area,1133.622809
TRIAL_Red_SIM_07,Red,27.000000,object_area,1150.221718
TRIAL_Red_SIM_07,Red,28.000000,object_area,1167.207073
TRIAL_Red_SIM_07,Red,29.000000,object_area,1184.337345
TRIAL_Red_SIM_07,Red,30.000000,object_area,1201.973072
TRIAL_Red_SIM_07,Red,31.000000,object_area,1220.215344
TRIAL_Red_SIM_07,Red,32.000000,object_area,1238.612985
TRIAL_Red_SIM_07,Red,33.000000,object_area,1257.709789
TRIAL_Red_SIM_07,Red,34.000000,object_area,1276.806593
TRIAL_Red_SIM_07,Red,35.000000,object_area,1297.251250
TRIAL_Red_SIM_07,Red,36.000000,object_area,1317.830693
TRIAL_Red_SIM_07,Red,37.000000,object_area,1338.471909
TRIAL_Red_SIM_07,Red,38.000000,object_area,1359.148424
TRIAL_Red_SIM_07,Red,39.000000,object_area,1380.090015
TRIAL_Red_SIM_07,Red,40.000000,object_area,1401.495491
TRIAL_Red_SIM_07,Red,41.000000,object_area,1422.904558
TRIAL_Red_SIM_07,Red,42.000000,object_area,1444.349546
TRIAL_Red_SIM_07,Red,43.000000,object_area,1465.794533
TRIAL_Red_SIM_07,Red,44.000000,object_area,1487.982187
TRIAL_Red_SIM_07,Red,45.000000,object_area,1510.334877
TRIAL_Red_SIM_07,Red,46.000000,object_area,1532.592815
TRIAL_Red_SIM_07,Red,47.000000,object_area,1554.771791
TRIAL_Red_SIM_07,Red,48.000000,object_area,1576.866697
TRIAL_Red_SIM_07,Red,49.000000,object_area,1598.737412
TRIAL_Red_SIM_07,Red,50.000000,object_area,1620.608127
TRIAL_Red_SIM_07,Red,51.000000,object_area,1641.317138
TRIAL_Red_SIM_07,Red,52.000000,object_area,1662.026149
TRIAL_Red_SIM_07,Red,53.000000,object_area,1683.242784
TRIAL_Red_SIM_07,Red,54.000000,object_area,1704.649777
TRIAL_Red_SIM_07,Red,55.000000,object_area,1726.105905
TRIAL_Red_SIM_07,Red,56.000000,object_area,1747.620995
TRIAL_Red_SIM_07,Red,57.000000,object_area,1769.366484
TRIAL_Red_SIM_07,Red,58.000000,object_area,1792.148765
TRIAL_Red_SIM_07,Red,59.000000,object_area,1814.931046
TRIAL_Red_SIM_07,Red,60.000000,object_area,1836.384504
TRIAL_Red_SIM_07,Red,61.000000,object_area,1857.705080
TRIAL_Red_SIM_07,Red,62.000000,object_area,1878.696898
TRIAL_Red_SIM_07,Red,63.000000,object_area,1899.500855
TRIAL_Red_SIM_07,Red,64.000000,object_area,1919.670480
TRIAL_Red_SIM_07,Red,65.000000,object_area,1938.730026
TRIAL_Red_SIM_07,Red,66.000000,object_area,1957.743104
TRIAL_Red_SIM_07,Red,67.000000,object_area,1976.291501
TRIAL_Red_SIM_07,Red,68.000000,object_area,1994.839897
TRIAL_Red_SIM_07,Red,69.000000,object_area,2012.912995
TRIAL_Red_SIM_07,Red,70.000000,object_area,2030.880471
TRIAL_Red_SIM_07,Red,71.000000,object_area,2048.591533
TRIAL_Red_SIM_07,Red,72.000000,object_area,2066.088917
TRIAL_Red_SIM_07,Red,73.000000,object_area,2083.382474
TRIAL_Red_SIM_07,Red,74.000000,object_area,2100.132491
TRIAL_Red_SIM_07,Red,75.000000,object_area,2116.882507
TRIAL_Red_SIM_07,Red,76.000000,object_area,2131.654161
TRIAL_Red_SIM_07,Red,77.000000,object_area,2146.425816
TRIAL_Red_SIM_07,Red,78.000000,object_area,2160.593690
TRIAL_Red_SIM_07,Red,79.000000,object_area,2174.535146
TRIAL_Red_SIM_07,Red,80.000000,object_area,2188.127568
TRIAL_Red_SIM_07,Red,81.000000,object_area,2201.301150
TRIAL_Red_SIM_07,Red,82.000000,object_area,2214.526985
TRIAL_Red_SIM_07,Red,83.000000,object_area,2227.987955
TRIAL_Red_SIM_07,Red,84.000000,object_area,2241.448925
TRIAL_Red_SIM_07,Red,85.000000,object_area,2254.134308
TRIAL_Red_SIM_07,Red,86.000000,object_area,2266.742131
TRIAL_Red_SIM_07,Red,87.000000,object_area,2278.433990
TRIAL_Red_SIM_07,Red,88.000000,object_area,2289.602441
TRIAL_Red_SIM_07,Red,89.000000,object_area,2299.957862
TRIAL_Red_SIM_07,Red,90.000000,object_area,2308.890482
TRIAL_Red_SIM_07,Red,91.000000,object_area,2317.545848
TRIAL_Red_SIM_07,Red,92.000000,object_area,2323.428666
TRIAL_Red_SIM_07,Red,93.000000,object_area,2329.311484
TRIAL_Red_SIM_07,Red,94.000000,object_area,2332.885200
TRIAL_Red_SIM_07,Red,95.000000,object_area,2335.945782
TRIAL_Red_SIM_07,Red,96.000000,object_area,2337.983082
TRIAL_Red_SIM_07,Red,97.000000,object_area,2339.167647
TRIAL_Red_SIM_07,Red,98.000000,object_area,2340.114128
TRIAL_Red_SIM_07,Red,99.000000,object_area,2340.425719
TRIAL_Red_SIM_07,Red,100.000000,object_area,2340.737310
TRIAL_Red_SIM_07,Red,0.000000,finger_width,28.756573
TRIAL_Red_SIM_07,Red,1.000000,finger_width,29.400840
TRIAL_Red_SIM_07,Red,2.000000,finger_width,30.045108
TRIAL_Red_SIM_07,Red,3.000000,finger_width,31.135384
TRIAL_Red_SIM_07,Red,4.000000,finger_width,32.392914
TRIAL_Red_SIM_07,Red,5.000000,finger_width,33.938110
TRIAL_Red_SIM_07,Red,6.000000,finger_width,35.828507
TRIAL_Red_SIM_07,Red,7.000000,finger_width,37.904278
TRIAL_Red_SIM_07,Red,8.000000,finger_width,40.814227
TRIAL_Red_SIM_07,Red,9.000000,finger_width,43.724177
TRIAL_Red_SIM_07,Red,10.000000,finger_width,47.117989
TRIAL_Red_SIM_07,Red,11.000000,finger_width,50.560188
TRIAL_Red_SIM_07,Red,12.000000,finger_width,54.213354
TRIAL_Red_SIM_07,Red,13.000000,finger_width,57.987073
TRIAL_Red_SIM_07,Red,14.000000,finger_width,61.800513
TRIAL_Red_SIM_07,Red,15.000000,finger_width,65.683464
TRIAL_Red_SIM_07,Red,16.000000,finger_width,69.602371
TRIAL_Red_SIM_07,Red,17.000000,finger_width,73.880842
TRIAL_Red_SIM_07,Red,18.000000,finger_width,78.159313
TRIAL_Red_SIM_07,Red,19.000000,finger_width,82.590790
TRIAL_Red_SIM_07,Red,20.000000,finger_width,87.056267
TRIAL_Red_SIM_07,Red,21.000000,finger_width,91.635397
TRIAL_Red_SIM_07,Red,22.000000,finger_width,96.309235
TRIAL_Red_SIM_07,Red,23.000000,finger_width,100.986151
TRIAL_Red_SIM_07,Red,24.000000,finger_width,105.671271
TRIAL_Red_SIM_07,Red,25.000000,finger_width,110.356391
TRIAL_Red_SIM_07,Red,26.000000,finger_width,115.021691
TRIAL_Red_SIM_07,Red,27.000000,finger_width,119.686991
TRIAL_Red_SIM_07,Red,28.000000,finger_width,124.112645
TRIAL_Red_SIM_07,Red,29.000000,finger_width,128.448432
TRIAL_Red_SIM_07,Red,30.000000,finger_width,132.636514
TRIAL_Red_SIM_07,Red,31.000000,finger_width,136.647351
TRIAL_Red_SIM_07,Red,32.000000,finger_width,140.554324
TRIAL_Red_SIM_07,Red,33.000000,finger_width,143.993914
TRIAL_Red_SIM_07,Red,34.000000,finger_width,147.433504
TRIAL_Red_SIM_07,Red,35.000000,finger_width,150.579052
TRIAL_Red_SIM_07,Red,36.000000,finger_width,153.695196
TRIAL_Red_SIM_07,Red,37.000000,finger_width,156.500853
TRIAL_Red_SIM_07,Red,38.000000,finger_width,159.129089
TRIAL_Red_SIM_07,Red,39.000000,finger_width,161.589351
TRIAL_Red_SIM_07,Red,40.000000,finger_width,163.755657
TRIAL_Red_SIM_07,Red,41.000000,finger_width,165.833837
TRIAL_Red_SIM_07,Red,42.000000,finger_width,167.030752
TRIAL_Red_SIM_07,Red,43.000000,finger_width,168.227666
TRIAL_Red_SIM_07,Red,44.000000,finger_width,168.556911
TRIAL_Red_SIM_07,Red,45.000000,finger_width,168.693341
TRIAL_Red_SIM_07,Red,46.000000,finger_width,168.054308
TRIAL_Red_SIM_07,Red,47.000000,finger_width,166.769056
TRIAL_Red_SIM_07,Red,48.000000,finger_width,165.120869
TRIAL_Red_SIM_07,Red,49.000000,finger_width,162.504851
TRIAL_Red_SIM_07,Red,50.000000,finger_width,159.888834
TRIAL_Red_SIM_07,Red,51.000000,finger_width,156.131386
TRIAL_Red_SIM_07,Red,52.000000,finger_width,152.373938
TRIAL_Red_SIM_07,Red,53.000000,finger_width,147.773745
TRIAL_Red_SIM_07,Red,54.000000,finger_width,142.857524
TRIAL_Red_SIM_07,Red,55.000000,finger_width,137.603132
TRIAL_Red_SIM_07,Red,56.000000,finger_width,131.942936
TRIAL_Red_SIM_07,Red,57.000000,finger_width,126.220319
TRIAL_Red_SIM_07,Red,58.000000,finger_width,120.216813
TRIAL_Red_SIM_07,Red,59.000000,finger_width,114.213306
TRIAL_Red_SIM_07,Red,60.000000,finger_width,108.149361
TRIAL_Red_SIM_07,Red,61.000000,finger_width,102.079371
TRIAL_Red_SIM_07,Red,62.000000,finger_width,96.255795
TRIAL_Red_SIM_07,Red,63.000000,finger_width,90.573027
TRIAL_Red_SIM_07,Red,64.000000,finger_width,85.166040
TRIAL_Red_SIM_07,Red,65.000000,finger_width,80.241672
TRIAL_Red_SIM_07,Red,66.000000,finger_width,75.423557
TRIAL_Red_SIM_07,Red,67.000000,finger_width,71.667979
TRIAL_Red_SIM_07,Red,68.000000,finger_width,67.912401
TRIAL_Red_SIM_07,Red,69.000000,finger_width,65.185156
TRIAL_Red_SIM_07,Red,70.000000,finger_width,62.686429
TRIAL_Red_SIM_07,Red,71.000000,finger_width,61.032500
TRIAL_Red_SIM_07,Red,72.000000,finger_width,60.082569
TRIAL_Red_SIM_07,Red,73.000000,finger_width,59.406404
TRIAL_Red_SIM_07,Red,74.000000,finger_width,59.460281
TRIAL_Red_SIM_07,Red,75.000000,finger_width,59.514159
TRIAL_Red_SIM_07,Red,76.000000,finger_width,59.554287
TRIAL_Red_SIM_07,Red,77.000000,finger_width,59.594415
TRIAL_Red_SIM_07,Red,78.000000,finger_width,59.581117
TRIAL_Red_SIM_07,Red,79.000000,finger_width,59.547784
TRIAL_Red_SIM_07,Red,80.000000,finger_width,59.507433
TRIAL_Red_SIM_07,Red,81.000000,finger_width,59.458658
TRIAL_Red_SIM_07,Red,82.000000,finger_width,59.413941
TRIAL_Red_SIM_07,Red,83.000000,finger_width,59.387488
TRIAL_Red_SIM_07,Red,84.000000,finger_width,59.361034
TRIAL_Red_SIM_07,Red,85.000000,finger_width,59.338009
TRIAL_Red_SIM_07,Red,86.000000,finger_width,59.315328
TRIAL_Red_SIM_07,Red,87.000000,finger_width,59.291620
TRIAL_Red_SIM_07,Red,88.000000,finger_width,59.267325
TRIAL_Red_SIM_07,Red,89.000000,finger_width,59.259430
TRIAL_Red_SIM_07,Red,90.000000,finger_width,59.280235
TRIAL_Red_SIM_07,Red,91.000000,finger_width,59.311027
TRIAL_Red_SIM_07,Red,92.000000,finger_width,59.441685
TRIAL_Red_SIM_07,Red,93.000000,finger_width,59.572344
TRIAL_Red_SIM_07,Red,94.000000,finger_width,59.545395
TRIAL_Red_SIM_07,Red,95.000000,finger_width,59.483422
TRIAL_Red_SIM_07,Red,96.000000,finger_width,59.426015
TRIAL_Red_SIM_07,Red,97.000000,finger_width,59.372413
TRIAL_Red_SIM_07,Red,98.000000,finger_width,59.274417
TRIAL_Red_SIM_07,Red,99.000000,finger_width,59.058037
TRIAL_Red_SIM_07,Red,100.000000,finger_width,58.841657
TRIAL_Red_SIM_07,Red,0.000000,velocity,0.008169
TRIAL_Red_SIM_07,Red,1.000000,velocity,0.008703
TRIAL_Red_SIM_07,Red,2.000000,velocity,0.009237
TRIAL_Red_SIM_07,Red,3.000000,velocity,0.010421
TRIAL_Red_SIM_07,Red,4.000000,velocity,0.011848
TRIAL_Red_SIM_07,Red,5.000000,velocity,0.013813
TRIAL_Red_SIM_07,Red,6.000000,velocity,0.016424
TRIAL_Red_SIM_07,Red,7.000000,velocity,0.019250
TRIAL_Red_SIM_07,Red,8.000000,velocity,0.023042
TRIAL_Red_SIM_07,Red,9.000000,velocity,0.026834
TRIAL_Red_SIM_07,Red,10.000000,velocity,0.031301
TRIAL_Red_SIM_07,Red,11.000000,velocity,0.035834
TRIAL_Red_SIM_07,Red,12.000000,velocity,0.040820
TRIAL_Red_SIM_07,Red,13.000000,velocity,0.046063
TRIAL_Red_SIM_07,Red,14.000000,velocity,0.051648
TRIAL_Red_SIM_07,Red,15.000000,velocity,0.057829
TRIAL_Red_SIM_07,Red,16.000000,velocity,0.064157
TRIAL_Red_SIM_07,Red,17.000000,velocity,0.071959
TRIAL_Red_SIM_07,Red,18.000000,velocity,0.079761
TRIAL_Red_SIM_07,Red,19.000000,velocity,0.088900
TRIAL_Red_SIM_07,Red,20.000000,velocity,0.098337
TRIAL_Red_SIM_07,Red,21.000000,velocity,0.108177
TRIAL_Red_SIM_07,Red,22.000000,velocity,0.118353
TRIAL_Red_SIM_07,Red,23.000000,velocity,0.128487
TRIAL_Red_SIM_07,Red,24.000000,velocity,0.138506
TRIAL_Red_SIM_07,Red,25.000000,velocity,0.148526
TRIAL_Red_SIM_07,Red,26.000000,velocity,0.159023
TRIAL_Red_SIM_07,Red,27.000000,velocity,0.169520
TRIAL_Red_SIM_07,Red,28.000000,velocity,0.179799
TRIAL_Red_SIM_07,Red,29.000000,velocity,0.189997
TRIAL_Red_SIM_07,Red,30.000000,velocity,0.200207
TRIAL_Red_SIM_07,Red,31.000000,velocity,0.210433
TRIAL_Red_SIM_07,Red,32.000000,velocity,0.220255
TRIAL_Red_SIM_07,Red,33.000000,velocity,0.228255
TRIAL_Red_SIM_07,Red,34.000000,velocity,0.236256
TRIAL_Red_SIM_07,Red,35.000000,velocity,0.243247
TRIAL_Red_SIM_07,Red,36.000000,velocity,0.250137
TRIAL_Red_SIM_07,Red,37.000000,velocity,0.255604
TRIAL_Red_SIM_07,Red,38.000000,velocity,0.260256
TRIAL_Red_SIM_07,Red,39.000000,velocity,0.264121
TRIAL_Red_SIM_07,Red,40.000000,velocity,0.266609
TRIAL_Red_SIM_07,Red,41.000000,velocity,0.268819
TRIAL_Red_SIM_07,Red,42.000000,velocity,0.268264
TRIAL_Red_SIM_07,Red,43.000000,velocity,0.267708
TRIAL_Red_SIM_07,Red,44.000000,velocity,0.264630
TRIAL_Red_SIM_07,Red,45.000000,velocity,0.260991
TRIAL_Red_SIM_07,Red,46.000000,velocity,0.256151
TRIAL_Red_SIM_07,Red,47.000000,velocity,0.250309
TRIAL_Red_SIM_07,Red,48.000000,velocity,0.243940
TRIAL_Red_SIM_07,Red,49.000000,velocity,0.236165
TRIAL_Red_SIM_07,Red,50.000000,velocity,0.228390
TRIAL_Red_SIM_07,Red,51.000000,velocity,0.219696
TRIAL_Red_SIM_07,Red,52.000000,velocity,0.211001
TRIAL_Red_SIM_07,Red,53.000000,velocity,0.201212
TRIAL_Red_SIM_07,Red,54.000000,velocity,0.191012
TRIAL_Red_SIM_07,Red,55.000000,velocity,0.180760
TRIAL_Red_SIM_07,Red,56.000000,velocity,0.170445
TRIAL_Red_SIM_07,Red,57.000000,velocity,0.160025
TRIAL_Red_SIM_07,Red,58.000000,velocity,0.149130
TRIAL_Red_SIM_07,Red,59.000000,velocity,0.138235
TRIAL_Red_SIM_07,Red,60.000000,velocity,0.128684
TRIAL_Red_SIM_07,Red,61.000000,velocity,0.119267
TRIAL_Red_SIM_07,Red,62.000000,velocity,0.109991
TRIAL_Red_SIM_07,Red,63.000000,velocity,0.100794
TRIAL_Red_SIM_07,Red,64.000000,velocity,0.092160
TRIAL_Red_SIM_07,Red,65.000000,velocity,0.084510
TRIAL_Red_SIM_07,Red,66.000000,velocity,0.076882
TRIAL_Red_SIM_07,Red,67.000000,velocity,0.069480
TRIAL_Red_SIM_07,Red,68.000000,velocity,0.062079
TRIAL_Red_SIM_07,Red,69.000000,velocity,0.055519
TRIAL_Red_SIM_07,Red,70.000000,velocity,0.049147
TRIAL_Red_SIM_07,Red,71.000000,velocity,0.043251
TRIAL_Red_SIM_07,Red,72.000000,velocity,0.037750
TRIAL_Red_SIM_07,Red,73.000000,velocity,0.032650
TRIAL_Red_SIM_07,Red,74.000000,velocity,0.028618
TRIAL_Red_SIM_07,Red,75.000000,velocity,0.024587
TRIAL_Red_SIM_07,Red,76.000000,velocity,0.022208
TRIAL_Red_SIM_07,Red,77.000000,velocity,0.019830
TRIAL_Red_SIM_07,Red,78.000000,velocity,0.017876
TRIAL_Red_SIM_07,Red,79.000000,velocity,0.016082
TRIAL_Red_SIM_07,Red,80.000000,velocity,0.014185
TRIAL_Red_SIM_07,Red,81.000000,velocity,0.012164
TRIAL_Red_SIM_07,Red,82.000000,velocity,0.010146
TRIAL_Red_SIM_07,Red,83.000000,velocity,0.008138
TRIAL_Red_SIM_07,Red,84.000000,velocity,0.006131
TRIAL_Red_SIM_07,Red,85.000000,velocity,0.004695
TRIAL_Red_SIM_07,Red,86.000000,velocity,0.003317
TRIAL_Red_SIM_07,Red,87.000000,velocity,0.002672
TRIAL_Red_SIM_07,Red,88.000000,velocity,0.002444
TRIAL_Red_SIM_07,Red,89.000000,velocity,0.002135
TRIAL_Red_SIM_07,Red,90.000000,velocity,0.001680
TRIAL_Red_SIM_07,Red,91.000000,velocity,0.001234
TRIAL_Red_SIM_07,Red,92.000000,velocity,0.000877
TRIAL_Red_SIM_07,Red,93.000000,velocity,0.000521
TRIAL_Red_SIM_07,Red,94.000000,velocity,0.000317
TRIAL_Red_SIM_07,Red,95.000000,velocity,0.000146
TRIAL_Red_SIM_07,Red,96.000000,velocity,0.000161
TRIAL_Red_SIM_07,Red,97.000000,velocity,0.000330
TRIAL_Red_SIM_07,Red,98.000000,velocity,0.000412
TRIAL_Red_SIM_07,Red,99.000000,velocity,0.000260
TRIAL_Red_SIM_07,Red,100.000000,velocity,0.000109
TRIAL_Red_SIM_07,Red,0.000000,acceleration_mag,0.122068
TRIAL_Red_SIM_07,Red,1.000000,acceleration_mag,0.094679
TRIAL_Red_SIM_07,Red,2.000000,acceleration_mag,0.067290
TRIAL_Red_SIM_07,Red,3.000000,acceleration_mag,0.083882
TRIAL_Red_SIM_07,Red,4.000000,acceleration_mag,0.116967
TRIAL_Red_SIM_07,Red,5.000000,acceleration_mag,0.151838
TRIAL_Red_SIM_07,Red,6.000000,acceleration_mag,0.188852
TRIAL_Red_SIM_07,Red,7.000000,acceleration_mag,0.224070
TRIAL_Red_SIM_07,Red,8.000000,acceleration_mag,0.251201
TRIAL_Red_SIM_07,Red,9.000000,acceleration_mag,0.278333
TRIAL_Red_SIM_07,Red,10.000000,acceleration_mag,0.301337
TRIAL_Red_SIM_07,Red,11.000000,acceleration_mag,0.323928
TRIAL_Red_SIM_07,Red,12.000000,acceleration_mag,0.348784
TRIAL_Red_SIM_07,Red,13.000000,acceleration_mag,0.374933
TRIAL_Red_SIM_07,Red,14.000000,acceleration_mag,0.406953
TRIAL_Red_SIM_07,Red,15.000000,acceleration_mag,0.449246
TRIAL_Red_SIM_07,Red,16.000000,acceleration_mag,0.491993
TRIAL_Red_SIM_07,Red,17.000000,acceleration_mag,0.539270
TRIAL_Red_SIM_07,Red,18.000000,acceleration_mag,0.586548
TRIAL_Red_SIM_07,Red,19.000000,acceleration_mag,0.622489
TRIAL_Red_SIM_07,Red,20.000000,acceleration_mag,0.655912
TRIAL_Red_SIM_07,Red,21.000000,acceleration_mag,0.673490
TRIAL_Red_SIM_07,Red,22.000000,acceleration_mag,0.677865
TRIAL_Red_SIM_07,Red,23.000000,acceleration_mag,0.681513
TRIAL_Red_SIM_07,Red,24.000000,acceleration_mag,0.683220
TRIAL_Red_SIM_07,Red,25.000000,acceleration_mag,0.684927
TRIAL_Red_SIM_07,Red,26.000000,acceleration_mag,0.686384
TRIAL_Red_SIM_07,Red,27.000000,acceleration_mag,0.687842
TRIAL_Red_SIM_07,Red,28.000000,acceleration_mag,0.686826
TRIAL_Red_SIM_07,Red,29.000000,acceleration_mag,0.684884
TRIAL_Red_SIM_07,Red,30.000000,acceleration_mag,0.670837
TRIAL_Red_SIM_07,Red,31.000000,acceleration_mag,0.642265
TRIAL_Red_SIM_07,Red,32.000000,acceleration_mag,0.610321
TRIAL_Red_SIM_07,Red,33.000000,acceleration_mag,0.563207
TRIAL_Red_SIM_07,Red,34.000000,acceleration_mag,0.516094
TRIAL_Red_SIM_07,Red,35.000000,acceleration_mag,0.467154
TRIAL_Red_SIM_07,Red,36.000000,acceleration_mag,0.418032
TRIAL_Red_SIM_07,Red,37.000000,acceleration_mag,0.358350
TRIAL_Red_SIM_07,Red,38.000000,acceleration_mag,0.292634
TRIAL_Red_SIM_07,Red,39.000000,acceleration_mag,0.221908
TRIAL_Red_SIM_07,Red,40.000000,acceleration_mag,0.142415
TRIAL_Red_SIM_07,Red,41.000000,acceleration_mag,0.073274
TRIAL_Red_SIM_07,Red,42.000000,acceleration_mag,0.107647
TRIAL_Red_SIM_07,Red,43.000000,acceleration_mag,0.142019
TRIAL_Red_SIM_07,Red,44.000000,acceleration_mag,0.218420
TRIAL_Red_SIM_07,Red,45.000000,acceleration_mag,0.304160
TRIAL_Red_SIM_07,Red,46.000000,acceleration_mag,0.378663
TRIAL_Red_SIM_07,Red,47.000000,acceleration_mag,0.443801
TRIAL_Red_SIM_07,Red,48.000000,acceleration_mag,0.502525
TRIAL_Red_SIM_07,Red,49.000000,acceleration_mag,0.544141
TRIAL_Red_SIM_07,Red,50.000000,acceleration_mag,0.585758
TRIAL_Red_SIM_07,Red,51.000000,acceleration_mag,0.616480
TRIAL_Red_SIM_07,Red,52.000000,acceleration_mag,0.647203
TRIAL_Red_SIM_07,Red,53.000000,acceleration_mag,0.670364
TRIAL_Red_SIM_07,Red,54.000000,acceleration_mag,0.690690
TRIAL_Red_SIM_07,Red,55.000000,acceleration_mag,0.705549
TRIAL_Red_SIM_07,Red,56.000000,acceleration_mag,0.713847
TRIAL_Red_SIM_07,Red,57.000000,acceleration_mag,0.718030
TRIAL_Red_SIM_07,Red,58.000000,acceleration_mag,0.703696
TRIAL_Red_SIM_07,Red,59.000000,acceleration_mag,0.689361
TRIAL_Red_SIM_07,Red,60.000000,acceleration_mag,0.662819
TRIAL_Red_SIM_07,Red,61.000000,acceleration_mag,0.635056
TRIAL_Red_SIM_07,Red,62.000000,acceleration_mag,0.606683
TRIAL_Red_SIM_07,Red,63.000000,acceleration_mag,0.577961
TRIAL_Red_SIM_07,Red,64.000000,acceleration_mag,0.550015
TRIAL_Red_SIM_07,Red,65.000000,acceleration_mag,0.523427
TRIAL_Red_SIM_07,Red,66.000000,acceleration_mag,0.497727
TRIAL_Red_SIM_07,Red,67.000000,acceleration_mag,0.480906
TRIAL_Red_SIM_07,Red,68.000000,acceleration_mag,0.464084
TRIAL_Red_SIM_07,Red,69.000000,acceleration_mag,0.440951
TRIAL_Red_SIM_07,Red,70.000000,acceleration_mag,0.416414
TRIAL_Red_SIM_07,Red,71.000000,acceleration_mag,0.387578
TRIAL_Red_SIM_07,Red,72.000000,acceleration_mag,0.355159
TRIAL_Red_SIM_07,Red,73.000000,acceleration_mag,0.319213
TRIAL_Red_SIM_07,Red,74.000000,acceleration_mag,0.273858
TRIAL_Red_SIM_07,Red,75.000000,acceleration_mag,0.228503
TRIAL_Red_SIM_07,Red,76.000000,acceleration_mag,0.195215
TRIAL_Red_SIM_07,Red,77.000000,acceleration_mag,0.161927
TRIAL_Red_SIM_07,Red,78.000000,acceleration_mag,0.146898
TRIAL_Red_SIM_07,Red,79.000000,acceleration_mag,0.138717
TRIAL_Red_SIM_07,Red,80.000000,acceleration_mag,0.135051
TRIAL_Red_SIM_07,Red,81.000000,acceleration_mag,0.136805
TRIAL_Red_SIM_07,Red,82.000000,acceleration_mag,0.135988
TRIAL_Red_SIM_07,Red,83.000000,acceleration_mag,0.123603
TRIAL_Red_SIM_07,Red,84.000000,acceleration_mag,0.111219
TRIAL_Red_SIM_07,Red,85.000000,acceleration_mag,0.086289
TRIAL_Red_SIM_07,Red,86.000000,acceleration_mag,0.060104
TRIAL_Red_SIM_07,Red,87.000000,acceleration_mag,0.041911
TRIAL_Red_SIM_07,Red,88.000000,acceleration_mag,0.028284
TRIAL_Red_SIM_07,Red,89.000000,acceleration_mag,0.020615
TRIAL_Red_SIM_07,Red,90.000000,acceleration_mag,0.023372
TRIAL_Red_SIM_07,Red,91.000000,acceleration_mag,0.025521
TRIAL_Red_SIM_07,Red,92.000000,acceleration_mag,0.021601
TRIAL_Red_SIM_07,Red,93.000000,acceleration_mag,0.017681
TRIAL_Red_SIM_07,Red,94.000000,acceleration_mag,0.010993
TRIAL_Red_SIM_07,Red,95.000000,acceleration_mag,0.003688
TRIAL_Red_SIM_07,Red,96.000000,acceleration_mag,0.003162
TRIAL_Red_SIM_07,Red,97.000000,acceleration_mag,0.008283
TRIAL_Red_SIM_07,Red,98.000000,acceleration_mag,0.012071
TRIAL_Red_SIM_07,Red,99.000000,acceleration_mag,0.012305
TRIAL_Red_SIM_07,Red,100.000000,acceleration_mag,0.012538
TRIAL_Red_SIM_07,Red,0.000000,ax,0.118949
TRIAL_Red_SIM_07,Red,1.000000,ax,0.091377
TRIAL_Red_SIM_07,Red,2.000000,ax,0.063806
TRIAL_Red_SIM_07,Red,3.000000,ax,0.080824
TRIAL_Red_SIM_07,Red,4.000000,ax,0.114564
TRIAL_Red_SIM_07,Red,5.000000,ax,0.149669
TRIAL_Red_SIM_07,Red,6.000000,ax,0.186414
TRIAL_Red_SIM_07,Red,7.000000,ax,0.221311
TRIAL_Red_SIM_07,Red,8.000000,ax,0.247895
TRIAL_Red_SIM_07,Red,9.000000,ax,0.274478
TRIAL_Red_SIM_07,Red,10.000000,ax,0.297256
TRIAL_Red_SIM_07,Red,11.000000,ax,0.319653
TRIAL_Red_SIM_07,Red,12.000000,ax,0.344301
TRIAL_Red_SIM_07,Red,13.000000,ax,0.370237
TRIAL_Red_SIM_07,Red,14.000000,ax,0.402000
TRIAL_Red_SIM_07,Red,15.000000,ax,0.443961
TRIAL_Red_SIM_07,Red,16.000000,ax,0.486341
TRIAL_Red_SIM_07,Red,17.000000,ax,0.532921
TRIAL_Red_SIM_07,Red,18.000000,ax,0.579500
TRIAL_Red_SIM_07,Red,19.000000,ax,0.614801
TRIAL_Red_SIM_07,Red,20.000000,ax,0.647595
TRIAL_Red_SIM_07,Red,21.000000,ax,0.664588
TRIAL_Red_SIM_07,Red,22.000000,ax,0.668415
TRIAL_Red_SIM_07,Red,23.000000,ax,0.671531
TRIAL_Red_SIM_07,Red,24.000000,ax,0.672751
TRIAL_Red_SIM_07,Red,25.000000,ax,0.673971
TRIAL_Red_SIM_07,Red,26.000000,ax,0.675188
TRIAL_Red_SIM_07,Red,27.000000,ax,0.676404
TRIAL_Red_SIM_07,Red,28.000000,ax,0.675541
TRIAL_Red_SIM_07,Red,29.000000,ax,0.673899
TRIAL_Red_SIM_07,Red,30.000000,ax,0.660383
TRIAL_Red_SIM_07,Red,31.000000,ax,0.632618
TRIAL_Red_SIM_07,Red,32.000000,ax,0.601473
TRIAL_Red_SIM_07,Red,33.000000,ax,0.555115
TRIAL_Red_SIM_07,Red,34.000000,ax,0.508756
TRIAL_Red_SIM_07,Red,35.000000,ax,0.460434
TRIAL_Red_SIM_07,Red,36.000000,ax,0.411916
TRIAL_Red_SIM_07,Red,37.000000,ax,0.352910
TRIAL_Red_SIM_07,Red,38.000000,ax,0.287912
TRIAL_Red_SIM_07,Red,39.000000,ax,0.217866
TRIAL_Red_SIM_07,Red,40.000000,ax,0.138987
TRIAL_Red_SIM_07,Red,41.000000,ax,0.058697
TRIAL_Red_SIM_07,Red,42.000000,ax,-0.035703
TRIAL_Red_SIM_07,Red,43.000000,ax,-0.130102
TRIAL_Red_SIM_07,Red,44.000000,ax,-0.216606
TRIAL_Red_SIM_07,Red,45.000000,ax,-0.301356
TRIAL_Red_SIM_07,Red,46.000000,ax,-0.374935
TRIAL_Red_SIM_07,Red,47.000000,ax,-0.439206
TRIAL_Red_SIM_07,Red,48.000000,ax,-0.497151
TRIAL_Red_SIM_07,Red,49.000000,ax,-0.538226
TRIAL_Red_SIM_07,Red,50.000000,ax,-0.579300
TRIAL_Red_SIM_07,Red,51.000000,ax,-0.609429
TRIAL_Red_SIM_07,Red,52.000000,ax,-0.639557
TRIAL_Red_SIM_07,Red,53.000000,ax,-0.662121
TRIAL_Red_SIM_07,Red,54.000000,ax,-0.681849
TRIAL_Red_SIM_07,Red,55.000000,ax,-0.696215
TRIAL_Red_SIM_07,Red,56.000000,ax,-0.704149
TRIAL_Red_SIM_07,Red,57.000000,ax,-0.708046
TRIAL_Red_SIM_07,Red,58.000000,ax,-0.693775
TRIAL_Red_SIM_07,Red,59.000000,ax,-0.679504
TRIAL_Red_SIM_07,Red,60.000000,ax,-0.653043
TRIAL_Red_SIM_07,Red,61.000000,ax,-0.625363
TRIAL_Red_SIM_07,Red,62.000000,ax,-0.597045
TRIAL_Red_SIM_07,Red,63.000000,ax,-0.568363
TRIAL_Red_SIM_07,Red,64.000000,ax,-0.540580
TRIAL_Red_SIM_07,Red,65.000000,ax,-0.514368
TRIAL_Red_SIM_07,Red,66.000000,ax,-0.489060
TRIAL_Red_SIM_07,Red,67.000000,ax,-0.472781
TRIAL_Red_SIM_07,Red,68.000000,ax,-0.456503
TRIAL_Red_SIM_07,Red,69.000000,ax,-0.434053
TRIAL_Red_SIM_07,Red,70.000000,ax,-0.410232
TRIAL_Red_SIM_07,Red,71.000000,ax,-0.382030
TRIAL_Red_SIM_07,Red,72.000000,ax,-0.350177
TRIAL_Red_SIM_07,Red,73.000000,ax,-0.314806
TRIAL_Red_SIM_07,Red,74.000000,ax,-0.270052
TRIAL_Red_SIM_07,Red,75.000000,ax,-0.225299
TRIAL_Red_SIM_07,Red,76.000000,ax,-0.192377
TRIAL_Red_SIM_07,Red,77.000000,ax,-0.159456
TRIAL_Red_SIM_07,Red,78.000000,ax,-0.144678
TRIAL_Red_SIM_07,Red,79.000000,ax,-0.136704
TRIAL_Red_SIM_07,Red,80.000000,ax,-0.133119
TRIAL_Red_SIM_07,Red,81.000000,ax,-0.134800
TRIAL_Red_SIM_07,Red,82.000000,ax,-0.133896
TRIAL_Red_SIM_07,Red,83.000000,ax,-0.121359
TRIAL_Red_SIM_07,Red,84.000000,ax,-0.108822
TRIAL_Red_SIM_07,Red,85.000000,ax,-0.084204
TRIAL_Red_SIM_07,Red,86.000000,ax,-0.058377
TRIAL_Red_SIM_07,Red,87.000000,ax,-0.039562
TRIAL_Red_SIM_07,Red,88.000000,ax,-0.024752
TRIAL_Red_SIM_07,Red,89.000000,ax,-0.016904
TRIAL_Red_SIM_07,Red,90.000000,ax,-0.021237
TRIAL_Red_SIM_07,Red,91.000000,ax,-0.024831
TRIAL_Red_SIM_07,Red,92.000000,ax,-0.021038
TRIAL_Red_SIM_07,Red,93.000000,ax,-0.017245
TRIAL_Red_SIM_07,Red,94.000000,ax,-0.010683
TRIAL_Red_SIM_07,Red,95.000000,ax,-0.003505
TRIAL_Red_SIM_07,Red,96.000000,ax,0.001531
TRIAL_Red_SIM_07,Red,97.000000,ax,0.004784
TRIAL_Red_SIM_07,Red,98.000000,ax,0.006061
TRIAL_Red_SIM_07,Red,99.000000,ax,0.002073
TRIAL_Red_SIM_07,Red,100.000000,ax,-0.001916
TRIAL_Red_SIM_07,Red,0.000000,ay,-0.004022
TRIAL_Red_SIM_07,Red,1.000000,ay,-0.005647
TRIAL_Red_SIM_07,Red,2.000000,ay,-0.007272
TRIAL_Red_SIM_07,Red,3.000000,ay,-0.004026
TRIAL_Red_SIM_07,Red,4.000000,ay,0.001046
TRIAL_Red_SIM_07,Red,5.000000,ay,0.005605
TRIAL_Red_SIM_07,Red,6.000000,ay,0.009546
TRIAL_Red_SIM_07,Red,7.000000,ay,0.012690
TRIAL_Red_SIM_07,Red,8.000000,ay,0.012244
TRIAL_Red_SIM_07,Red,9.000000,ay,0.011798
TRIAL_Red_SIM_07,Red,10.000000,ay,0.014079
TRIAL_Red_SIM_07,Red,11.000000,ay,0.016632
TRIAL_Red_SIM_07,Red,12.000000,ay,0.019812
TRIAL_Red_SIM_07,Red,13.000000,ay,0.023350
TRIAL_Red_SIM_07,Red,14.000000,ay,0.028273
TRIAL_Red_SIM_07,Red,15.000000,ay,0.035622
TRIAL_Red_SIM_07,Red,16.000000,ay,0.042438
TRIAL_Red_SIM_07,Red,17.000000,ay,0.043919
TRIAL_Red_SIM_07,Red,18.000000,ay,0.045400
TRIAL_Red_SIM_07,Red,19.000000,ay,0.045704
TRIAL_Red_SIM_07,Red,20.000000,ay,0.045747
TRIAL_Red_SIM_07,Red,21.000000,ay,0.043451
TRIAL_Red_SIM_07,Red,22.000000,ay,0.039205
TRIAL_Red_SIM_07,Red,23.000000,ay,0.035313
TRIAL_Red_SIM_07,Red,24.000000,ay,0.032367
TRIAL_Red_SIM_07,Red,25.000000,ay,0.029420
TRIAL_Red_SIM_07,Red,26.000000,ay,0.028806
TRIAL_Red_SIM_07,Red,27.000000,ay,0.028192
TRIAL_Red_SIM_07,Red,28.000000,ay,0.030470
TRIAL_Red_SIM_07,Red,29.000000,ay,0.033833
TRIAL_Red_SIM_07,Red,30.000000,ay,0.037578
TRIAL_Red_SIM_07,Red,31.000000,ay,0.041781
TRIAL_Red_SIM_07,Red,32.000000,ay,0.045395
TRIAL_Red_SIM_07,Red,33.000000,ay,0.046359
TRIAL_Red_SIM_07,Red,34.000000,ay,0.047322
TRIAL_Red_SIM_07,Red,35.000000,ay,0.045980
TRIAL_Red_SIM_07,Red,36.000000,ay,0.044408
TRIAL_Red_SIM_07,Red,37.000000,ay,0.041376
TRIAL_Red_SIM_07,Red,38.000000,ay,0.037511
TRIAL_Red_SIM_07,Red,39.000000,ay,0.032404
TRIAL_Red_SIM_07,Red,40.000000,ay,0.025125
TRIAL_Red_SIM_07,Red,41.000000,ay,0.017521
TRIAL_Red_SIM_07,Red,42.000000,ay,0.006677
TRIAL_Red_SIM_07,Red,43.000000,ay,-0.004166
TRIAL_Red_SIM_07,Red,44.000000,ay,-0.017199
TRIAL_Red_SIM_07,Red,45.000000,ay,-0.030717
TRIAL_Red_SIM_07,Red,46.000000,ay,-0.041536
TRIAL_Red_SIM_07,Red,47.000000,ay,-0.050106
TRIAL_Red_SIM_07,Red,48.000000,ay,-0.057018
TRIAL_Red_SIM_07,Red,49.000000,ay,-0.059511
TRIAL_Red_SIM_07,Red,50.000000,ay,-0.062004
TRIAL_Red_SIM_07,Red,51.000000,ay,-0.058845
TRIAL_Red_SIM_07,Red,52.000000,ay,-0.055686
TRIAL_Red_SIM_07,Red,53.000000,ay,-0.053204
TRIAL_Red_SIM_07,Red,54.000000,ay,-0.050976
TRIAL_Red_SIM_07,Red,55.000000,ay,-0.049302
TRIAL_Red_SIM_07,Red,56.000000,ay,-0.048293
TRIAL_Red_SIM_07,Red,57.000000,ay,-0.047222
TRIAL_Red_SIM_07,Red,58.000000,ay,-0.045866
TRIAL_Red_SIM_07,Red,59.000000,ay,-0.044511
TRIAL_Red_SIM_07,Red,60.000000,ay,-0.040582
TRIAL_Red_SIM_07,Red,61.000000,ay,-0.036395
TRIAL_Red_SIM_07,Red,62.000000,ay,-0.032071
TRIAL_Red_SIM_07,Red,63.000000,ay,-0.027669
TRIAL_Red_SIM_07,Red,64.000000,ay,-0.024442
TRIAL_Red_SIM_07,Red,65.000000,ay,-0.023272
TRIAL_Red_SIM_07,Red,66.000000,ay,-0.022392
TRIAL_Red_SIM_07,Red,67.000000,ay,-0.024415
TRIAL_Red_SIM_07,Red,68.000000,ay,-0.026438
TRIAL_Red_SIM_07,Red,69.000000,ay,-0.029308
TRIAL_Red_SIM_07,Red,70.000000,ay,-0.032367
TRIAL_Red_SIM_07,Red,71.000000,ay,-0.034068
TRIAL_Red_SIM_07,Red,72.000000,ay,-0.034639
TRIAL_Red_SIM_07,Red,73.000000,ay,-0.034452
TRIAL_Red_SIM_07,Red,74.000000,ay,-0.032244
TRIAL_Red_SIM_07,Red,75.000000,ay,-0.030036
TRIAL_Red_SIM_07,Red,76.000000,ay,-0.027411
TRIAL_Red_SIM_07,Red,77.000000,ay,-0.024786
TRIAL_Red_SIM_07,Red,78.000000,ay,-0.021582
TRIAL_Red_SIM_07,Red,79.000000,ay,-0.018162
TRIAL_Red_SIM_07,Red,80.000000,ay,-0.015733
TRIAL_Red_SIM_07,Red,81.000000,ay,-0.014494
TRIAL_Red_SIM_07,Red,82.000000,ay,-0.012700
TRIAL_Red_SIM_07,Red,83.000000,ay,-0.008411
TRIAL_Red_SIM_07,Red,84.000000,ay,-0.004121
TRIAL_Red_SIM_07,Red,85.000000,ay,-0.002001
TRIAL_Red_SIM_07,Red,86.000000,ay,-0.000097
TRIAL_Red_SIM_07,Red,87.000000,ay,0.002273
TRIAL_Red_SIM_07,Red,88.000000,ay,0.004910
TRIAL_Red_SIM_07,Red,89.000000,ay,0.005486
TRIAL_Red_SIM_07,Red,90.000000,ay,0.002455
TRIAL_Red_SIM_07,Red,91.000000,ay,-0.000308
TRIAL_Red_SIM_07,Red,92.000000,ay,-0.000382
TRIAL_Red_SIM_07,Red,93.000000,ay,-0.000456
TRIAL_Red_SIM_07,Red,94.000000,ay,-0.000379
TRIAL_Red_SIM_07,Red,95.000000,ay,-0.000267
TRIAL_Red_SIM_07,Red,96.000000,ay,0.001677
TRIAL_Red_SIM_07,Red,97.000000,ay,0.005149
TRIAL_Red_SIM_07,Red,98.000000,ay,0.007773
TRIAL_Red_SIM_07,Red,99.000000,ay,0.008141
TRIAL_Red_SIM_07,Red,100.000000,ay,0.008508
TRIAL_Red_SIM_07,Red,0.000000,az,0.027120
TRIAL_Red_SIM_07,Red,1.000000,az,0.023428
TRIAL_Red_SIM_07,Red,2.000000,az,0.019737
TRIAL_Red_SIM_07,Red,3.000000,az,0.020130
TRIAL_Red_SIM_07,Red,4.000000,az,0.022054
TRIAL_Red_SIM_07,Red,5.000000,az,0.024792
TRIAL_Red_SIM_07,Red,6.000000,az,0.028506
TRIAL_Red_SIM_07,Red,7.000000,az,0.032633
TRIAL_Red_SIM_07,Red,8.000000,az,0.038622
TRIAL_Red_SIM_07,Red,9.000000,az,0.044612
TRIAL_Red_SIM_07,Red,10.000000,az,0.047332
TRIAL_Red_SIM_07,Red,11.000000,az,0.049726
TRIAL_Red_SIM_07,Red,12.000000,az,0.052035
TRIAL_Red_SIM_07,Red,13.000000,az,0.054293
TRIAL_Red_SIM_07,Red,14.000000,az,0.056454
TRIAL_Red_SIM_07,Red,15.000000,az,0.058441
TRIAL_Red_SIM_07,Red,16.000000,az,0.061038
TRIAL_Red_SIM_07,Red,17.000000,az,0.069737
TRIAL_Red_SIM_07,Red,18.000000,az,0.078435
TRIAL_Red_SIM_07,Red,19.000000,az,0.086073
TRIAL_Red_SIM_07,Red,20.000000,az,0.093475
TRIAL_Red_SIM_07,Red,21.000000,az,0.099904
TRIAL_Red_SIM_07,Red,22.000000,az,0.105524
TRIAL_Red_SIM_07,Red,23.000000,az,0.110667
TRIAL_Red_SIM_07,Red,24.000000,az,0.114541
TRIAL_Red_SIM_07,Red,25.000000,az,0.118415
TRIAL_Red_SIM_07,Red,26.000000,az,0.120050
TRIAL_Red_SIM_07,Red,27.000000,az,0.121685
TRIAL_Red_SIM_07,Red,28.000000,az,0.120107
TRIAL_Red_SIM_07,Red,29.000000,az,0.117325
TRIAL_Red_SIM_07,Red,30.000000,az,0.111615
TRIAL_Red_SIM_07,Red,31.000000,az,0.102394
TRIAL_Red_SIM_07,Red,32.000000,az,0.092996
TRIAL_Red_SIM_07,Red,33.000000,az,0.082807
TRIAL_Red_SIM_07,Red,34.000000,az,0.072618
TRIAL_Red_SIM_07,Red,35.000000,az,0.064039
TRIAL_Red_SIM_07,Red,36.000000,az,0.055620
TRIAL_Red_SIM_07,Red,37.000000,az,0.046211
TRIAL_Red_SIM_07,Red,38.000000,az,0.036234
TRIAL_Red_SIM_07,Red,39.000000,az,0.026257
TRIAL_Red_SIM_07,Red,40.000000,az,0.016276
TRIAL_Red_SIM_07,Red,41.000000,az,0.006271
TRIAL_Red_SIM_07,Red,42.000000,az,-0.003976
TRIAL_Red_SIM_07,Red,43.000000,az,-0.014223
TRIAL_Red_SIM_07,Red,44.000000,az,-0.020876
TRIAL_Red_SIM_07,Red,45.000000,az,-0.026731
TRIAL_Red_SIM_07,Red,46.000000,az,-0.032888
TRIAL_Red_SIM_07,Red,47.000000,az,-0.039298
TRIAL_Red_SIM_07,Red,48.000000,az,-0.045963
TRIAL_Red_SIM_07,Red,49.000000,az,-0.053309
TRIAL_Red_SIM_07,Red,50.000000,az,-0.060656
TRIAL_Red_SIM_07,Red,51.000000,az,-0.071226
TRIAL_Red_SIM_07,Red,52.000000,az,-0.081795
TRIAL_Red_SIM_07,Red,53.000000,az,-0.090070
TRIAL_Red_SIM_07,Red,54.000000,az,-0.097484
TRIAL_Red_SIM_07,Red,55.000000,az,-0.103179
TRIAL_Red_SIM_07,Red,56.000000,az,-0.106811
TRIAL_Red_SIM_07,Red,57.000000,az,-0.109575
TRIAL_Red_SIM_07,Red,58.000000,az,-0.108434
TRIAL_Red_SIM_07,Red,59.000000,az,-0.107292
TRIAL_Red_SIM_07,Red,60.000000,az,-0.105823
TRIAL_Red_SIM_07,Red,61.000000,az,-0.104321
TRIAL_Red_SIM_07,Red,62.000000,az,-0.102725
TRIAL_Red_SIM_07,Red,63.000000,az,-0.101074
TRIAL_Red_SIM_07,Red,64.000000,az,-0.098450
TRIAL_Red_SIM_07,Red,65.000000,az,-0.094122
TRIAL_Red_SIM_07,Red,66.000000,az,-0.089711
TRIAL_Red_SIM_07,Red,67.000000,az,-0.084464
TRIAL_Red_SIM_07,Red,68.000000,az,-0.079218
TRIAL_Red_SIM_07,Red,69.000000,az,-0.071609
TRIAL_Red_SIM_07,Red,70.000000,az,-0.063474
TRIAL_Red_SIM_07,Red,71.000000,az,-0.055561
TRIAL_Red_SIM_07,Red,72.000000,az,-0.047831
TRIAL_Red_SIM_07,Red,73.000000,az,-0.039963
TRIAL_Red_SIM_07,Red,74.000000,az,-0.031725
TRIAL_Red_SIM_07,Red,75.000000,az,-0.023487
TRIAL_Red_SIM_07,Red,76.000000,az,-0.018358
TRIAL_Red_SIM_07,Red,77.000000,az,-0.013229
TRIAL_Red_SIM_07,Red,78.000000,az,-0.013010
TRIAL_Red_SIM_07,Red,79.000000,az,-0.014632
TRIAL_Red_SIM_07,Red,80.000000,az,-0.016335
TRIAL_Red_SIM_07,Red,81.000000,az,-0.018136
TRIAL_Red_SIM_07,Red,82.000000,az,-0.019849
TRIAL_Red_SIM_07,Red,83.000000,az,-0.021170
TRIAL_Red_SIM_07,Red,84.000000,az,-0.022490
TRIAL_Red_SIM_07,Red,85.000000,az,-0.018603
TRIAL_Red_SIM_07,Red,86.000000,az,-0.014196
TRIAL_Red_SIM_07,Red,87.000000,az,-0.011954
TRIAL_Red_SIM_07,Red,88.000000,az,-0.010949
TRIAL_Red_SIM_07,Red,89.000000,az,-0.009617
TRIAL_Red_SIM_07,Red,90.000000,az,-0.007711
TRIAL_Red_SIM_07,Red,91.000000,az,-0.005887
TRIAL_Red_SIM_07,Red,92.000000,az,-0.004882
TRIAL_Red_SIM_07,Red,93.000000,az,-0.003877
TRIAL_Red_SIM_07,Red,94.000000,az,-0.002302
TRIAL_Red_SIM_07,Red,95.000000,az,-0.000600
TRIAL_Red_SIM_07,Red,96.000000,az,-0.001272
TRIAL_Red_SIM_07,Red,97.000000,az,-0.003921
TRIAL_Red_SIM_07,Red,98.000000,az,-0.006227
TRIAL_Red_SIM_07,Red,99.000000,az,-0.007618
TRIAL_Red_SIM_07,Red,100.000000,az,-0.009008
TRIAL_Red_SIM_08,Red,0.000000,object_area,930.274602
TRIAL_Red_SIM_08,Red,1.000000,object_area,932.006614
TRIAL_Red_SIM_08,Red,2.000000,object_area,933.738625
TRIAL_Red_SIM_08,Red,3.000000,object_area,937.041643
TRIAL_Red_SIM_08,Red,4.000000,object_area,940.933788
TRIAL_Red_SIM_08,Red,5.000000,object_area,945.443246
TRIAL_Red_SIM_08,Red,6.000000,object_area,950.693480
TRIAL_Red_SIM_08,Red,7.000000,object_area,956.154412
TRIAL_Red_SIM_08,Red,8.000000,object_area,962.563486
TRIAL_Red_SIM_08,Red,9.000000,object_area,968.972559
TRIAL_Red_SIM_08,Red,10.000000,object_area,977.043883
TRIAL_Red_SIM_08,Red,11.000000,object_area,985.281432
TRIAL_Red_SIM_08,Red,12.000000,object_area,994.575319
TRIAL_Red_SIM_08,Red,13.000000,object_area,1004.472828
TRIAL_Red_SIM_08,Red,14.000000,object_area,1014.952118
TRIAL_Red_SIM_08,Red,15.000000,object_area,1026.449523
TRIAL_Red_SIM_08,Red,16.000000,object_area,1037.987577
TRIAL_Red_SIM_08,Red,17.000000,object_area,1049.932120
TRIAL_Red_SIM_08,Red,18.000000,object_area,1061.876664
TRIAL_Red_SIM_08,Red,19.000000,object_area,1075.441402
TRIAL_Red_SIM_08,Red,20.000000,object_area,1089.366183
TRIAL_Red_SIM_08,Red,21.000000,object_area,1103.843351
TRIAL_Red_SIM_08,Red,22.000000,object_area,1118.780842
TRIAL_Red_SIM_08,Red,23.000000,object_area,1134.009765
TRIAL_Red_SIM_08,Red,24.000000,object_area,1150.015845
TRIAL_Red_SIM_08,Red,25.000000,object_area,1166.021924
TRIAL_Red_SIM_08,Red,26.000000,object_area,1181.968660
TRIAL_Red_SIM_08,Red,27.000000,object_area,1197.915395
TRIAL_Red_SIM_08,Red,28.000000,object_area,1214.312620
TRIAL_Red_SIM_08,Red,29.000000,object_area,1230.878779
TRIAL_Red_SIM_08,Red,30.000000,object_area,1247.814934
TRIAL_Red_SIM_08,Red,31.000000,object_area,1265.195087
TRIAL_Red_SIM_08,Red,32.000000,object_area,1282.738733
TRIAL_Red_SIM_08,Red,33.000000,object_area,1301.018101
TRIAL_Red_SIM_08,Red,34.000000,object_area,1319.297469
TRIAL_Red_SIM_08,Red,35.000000,object_area,1338.883458
TRIAL_Red_SIM_08,Red,36.000000,object_area,1358.600109
TRIAL_Red_SIM_08,Red,37.000000,object_area,1379.144495
TRIAL_Red_SIM_08,Red,38.000000,object_area,1400.161874
TRIAL_Red_SIM_08,Red,39.000000,object_area,1421.530404
TRIAL_Red_SIM_08,Red,40.000000,object_area,1443.513449
TRIAL_Red_SIM_08,Red,41.000000,object_area,1465.462939
TRIAL_Red_SIM_08,Red,42.000000,object_area,1487.076877
TRIAL_Red_SIM_08,Red,43.000000,object_area,1508.690815
TRIAL_Red_SIM_08,Red,44.000000,object_area,1529.465162
TRIAL_Red_SIM_08,Red,45.000000,object_area,1550.052932
TRIAL_Red_SIM_08,Red,46.000000,object_area,1570.477815
TRIAL_Red_SIM_08,Red,47.000000,object_area,1590.766956
TRIAL_Red_SIM_08,Red,48.000000,object_area,1611.141111
TRIAL_Red_SIM_08,Red,49.000000,object_area,1631.741964
TRIAL_Red_SIM_08,Red,50.000000,object_area,1652.342817
TRIAL_Red_SIM_08,Red,51.000000,object_area,1674.449702
TRIAL_Red_SIM_08,Red,52.000000,object_area,1696.556587
TRIAL_Red_SIM_08,Red,53.000000,object_area,1718.901678
TRIAL_Red_SIM_08,Red,54.000000,object_area,1741.336097
TRIAL_Red_SIM_08,Red,55.000000,object_area,1763.681684
TRIAL_Red_SIM_08,Red,56.000000,object_area,1785.920675
TRIAL_Red_SIM_08,Red,57.000000,object_area,1807.954780
TRIAL_Red_SIM_08,Red,58.000000,object_area,1829.066899
TRIAL_Red_SIM_08,Red,59.000000,object_area,1850.179018
TRIAL_Red_SIM_08,Red,60.000000,object_area,1871.148976
TRIAL_Red_SIM_08,Red,61.000000,object_area,1892.104718
TRIAL_Red_SIM_08,Red,62.000000,object_area,1912.548271
TRIAL_Red_SIM_08,Red,63.000000,object_area,1932.699146
TRIAL_Red_SIM_08,Red,64.000000,object_area,1952.694070
TRIAL_Red_SIM_08,Red,65.000000,object_area,1972.416083
TRIAL_Red_SIM_08,Red,66.000000,object_area,1991.931712
TRIAL_Red_SIM_08,Red,67.000000,object_area,2009.383507
TRIAL_Red_SIM_08,Red,68.000000,object_area,2026.835302
TRIAL_Red_SIM_08,Red,69.000000,object_area,2044.555146
TRIAL_Red_SIM_08,Red,70.000000,object_area,2062.334555
TRIAL_Red_SIM_08,Red,71.000000,object_area,2079.498054
TRIAL_Red_SIM_08,Red,72.000000,object_area,2096.148295
TRIAL_Red_SIM_08,Red,73.000000,object_area,2112.919681
TRIAL_Red_SIM_08,Red,74.000000,object_area,2130.014122
TRIAL_Red_SIM_08,Red,75.000000,object_area,2147.108563
TRIAL_Red_SIM_08,Red,76.000000,object_area,2162.560802
TRIAL_Red_SIM_08,Red,77.000000,object_area,2178.013040
TRIAL_Red_SIM_08,Red,78.000000,object_area,2192.803295
TRIAL_Red_SIM_08,Red,79.000000,object_area,2207.345305
TRIAL_Red_SIM_08,Red,80.000000,object_area,2221.593648
TRIAL_Red_SIM_08,Red,81.000000,object_area,2235.489589
TRIAL_Red_SIM_08,Red,82.000000,object_area,2249.182875
TRIAL_Red_SIM_08,Red,83.000000,object_area,2261.964207
TRIAL_Red_SIM_08,Red,84.000000,object_area,2274.745539
TRIAL_Red_SIM_08,Red,85.000000,object_area,2286.938792
TRIAL_Red_SIM_08,Red,86.000000,object_area,2299.073237
TRIAL_Red_SIM_08,Red,87.000000,object_area,2309.466196
TRIAL_Red_SIM_08,Red,88.000000,object_area,2318.864020
TRIAL_Red_SIM_08,Red,89.000000,object_area,2327.517987
TRIAL_Red_SIM_08,Red,90.000000,object_area,2334.870207
TRIAL_Red_SIM_08,Red,91.000000,object_area,2342.021266
TRIAL_Red_SIM_08,Red,92.000000,object_area,2347.160715
TRIAL_Red_SIM_08,Red,93.000000,object_area,2352.300164
TRIAL_Red_SIM_08,Red,94.000000,object_area,2357.008668
TRIAL_Red_SIM_08,Red,95.000000,object_area,2361.621407
TRIAL_Red_SIM_08,Red,96.000000,object_area,2365.730945
TRIAL_Red_SIM_08,Red,97.000000,object_area,2369.421149
TRIAL_Red_SIM_08,Red,98.000000,object_area,2372.718874
TRIAL_Red_SIM_08,Red,99.000000,object_area,2374.969989
TRIAL_Red_SIM_08,Red,100.000000,object_area,2377.221104
TRIAL_Red_SIM_08,Red,0.000000,finger_width,27.891560
TRIAL_Red_SIM_08,Red,1.000000,finger_width,28.345468
TRIAL_Red_SIM_08,Red,2.000000,finger_width,28.799377
TRIAL_Red_SIM_08,Red,3.000000,finger_width,29.853469
TRIAL_Red_SIM_08,Red,4.000000,finger_width,31.132630
TRIAL_Red_SIM_08,Red,5.000000,finger_width,32.689013
TRIAL_Red_SIM_08,Red,6.000000,finger_width,34.578063
TRIAL_Red_SIM_08,Red,7.000000,finger_width,36.596789
TRIAL_Red_SIM_08,Red,8.000000,finger_width,39.199054
TRIAL_Red_SIM_08,Red,9.000000,finger_width,41.801318
TRIAL_Red_SIM_08,Red,10.000000,finger_width,45.212272
TRIAL_Red_SIM_08,Red,11.000000,finger_width,48.704094
TRIAL_Red_SIM_08,Red,12.000000,finger_width,52.678670
TRIAL_Red_SIM_08,Red,13.000000,finger_width,56.929103
TRIAL_Red_SIM_08,Red,14.000000,finger_width,61.351986
TRIAL_Red_SIM_08,Red,15.000000,finger_width,66.076655
TRIAL_Red_SIM_08,Red,16.000000,finger_width,70.803871
TRIAL_Red_SIM_08,Red,17.000000,finger_width,75.556560
TRIAL_Red_SIM_08,Red,18.000000,finger_width,80.309250
TRIAL_Red_SIM_08,Red,19.000000,finger_width,85.170903
TRIAL_Red_SIM_08,Red,20.000000,finger_width,90.056770
TRIAL_Red_SIM_08,Red,21.000000,finger_width,94.836700
TRIAL_Red_SIM_08,Red,22.000000,finger_width,99.528348
TRIAL_Red_SIM_08,Red,23.000000,finger_width,104.242493
TRIAL_Red_SIM_08,Red,24.000000,finger_width,109.016630
TRIAL_Red_SIM_08,Red,25.000000,finger_width,113.790766
TRIAL_Red_SIM_08,Red,26.000000,finger_width,118.404959
TRIAL_Red_SIM_08,Red,27.000000,finger_width,123.019152
TRIAL_Red_SIM_08,Red,28.000000,finger_width,127.654247
TRIAL_Red_SIM_08,Red,29.000000,finger_width,132.297181
TRIAL_Red_SIM_08,Red,30.000000,finger_width,136.719010
TRIAL_Red_SIM_08,Red,31.000000,finger_width,140.875512
TRIAL_Red_SIM_08,Red,32.000000,finger_width,144.933431
TRIAL_Red_SIM_08,Red,33.000000,finger_width,148.547725
TRIAL_Red_SIM_08,Red,34.000000,finger_width,152.162019
TRIAL_Red_SIM_08,Red,35.000000,finger_width,155.039773
TRIAL_Red_SIM_08,Red,36.000000,finger_width,157.843874
TRIAL_Red_SIM_08,Red,37.000000,finger_width,160.255212
TRIAL_Red_SIM_08,Red,38.000000,finger_width,162.442115
TRIAL_Red_SIM_08,Red,39.000000,finger_width,164.360862
TRIAL_Red_SIM_08,Red,40.000000,finger_width,165.810336
TRIAL_Red_SIM_08,Red,41.000000,finger_width,167.188639
TRIAL_Red_SIM_08,Red,42.000000,finger_width,167.855233
TRIAL_Red_SIM_08,Red,43.000000,finger_width,168.521827
TRIAL_Red_SIM_08,Red,44.000000,finger_width,168.229869
TRIAL_Red_SIM_08,Red,45.000000,finger_width,167.724900
TRIAL_Red_SIM_08,Red,46.000000,finger_width,166.660872
TRIAL_Red_SIM_08,Red,47.000000,finger_width,165.130962
TRIAL_Red_SIM_08,Red,48.000000,finger_width,163.343691
TRIAL_Red_SIM_08,Red,49.000000,finger_width,160.870120
TRIAL_Red_SIM_08,Red,50.000000,finger_width,158.396550
TRIAL_Red_SIM_08,Red,51.000000,finger_width,155.037232
TRIAL_Red_SIM_08,Red,52.000000,finger_width,151.677914
TRIAL_Red_SIM_08,Red,53.000000,finger_width,147.634622
TRIAL_Red_SIM_08,Red,54.000000,finger_width,143.334840
TRIAL_Red_SIM_08,Red,55.000000,finger_width,138.815343
TRIAL_Red_SIM_08,Red,56.000000,finger_width,134.032188
TRIAL_Red_SIM_08,Red,57.000000,finger_width,129.253986
TRIAL_Red_SIM_08,Red,58.000000,finger_width,124.498067
TRIAL_Red_SIM_08,Red,59.000000,finger_width,119.742149
TRIAL_Red_SIM_08,Red,60.000000,finger_width,114.978994
TRIAL_Red_SIM_08,Red,61.000000,finger_width,110.215115
TRIAL_Red_SIM_08,Red,62.000000,finger_width,105.449335
TRIAL_Red_SIM_08,Red,63.000000,finger_width,100.682470
TRIAL_Red_SIM_08,Red,64.000000,finger_width,95.874714
TRIAL_Red_SIM_08,Red,65.000000,finger_width,90.995402
TRIAL_Red_SIM_08,Red,66.000000,finger_width,86.178708
TRIAL_Red_SIM_08,Red,67.000000,finger_width,81.988207
TRIAL_Red_SIM_08,Red,68.000000,finger_width,77.797705
TRIAL_Red_SIM_08,Red,69.000000,finger_width,74.211503
TRIAL_Red_SIM_08,Red,70.000000,finger_width,70.759589
TRIAL_Red_SIM_08,Red,71.000000,finger_width,67.780603
TRIAL_Red_SIM_08,Red,72.000000,finger_width,65.195724
TRIAL_Red_SIM_08,Red,73.000000,finger_width,62.833507
TRIAL_Red_SIM_08,Red,74.000000,finger_width,61.065057
TRIAL_Red_SIM_08,Red,75.000000,finger_width,59.296606
TRIAL_Red_SIM_08,Red,76.000000,finger_width,58.501756
TRIAL_Red_SIM_08,Red,77.000000,finger_width,57.706905
TRIAL_Red_SIM_08,Red,78.000000,finger_width,57.591585
TRIAL_Red_SIM_08,Red,79.000000,finger_width,57.731089
TRIAL_Red_SIM_08,Red,80.000000,finger_width,57.837275
TRIAL_Red_SIM_08,Red,81.000000,finger_width,57.903481
TRIAL_Red_SIM_08,Red,82.000000,finger_width,57.996608
TRIAL_Red_SIM_08,Red,83.000000,finger_width,58.210882
TRIAL_Red_SIM_08,Red,84.000000,finger_width,58.425156
TRIAL_Red_SIM_08,Red,85.000000,finger_width,58.386876
TRIAL_Red_SIM_08,Red,86.000000,finger_width,58.323341
TRIAL_Red_SIM_08,Red,87.000000,finger_width,58.309448
TRIAL_Red_SIM_08,Red,88.000000,finger_width,58.323922
TRIAL_Red_SIM_08,Red,89.000000,finger_width,58.323859
TRIAL_Red_SIM_08,Red,90.000000,finger_width,58.298356
TRIAL_Red_SIM_08,Red,91.000000,finger_width,58.268063
TRIAL_Red_SIM_08,Red,92.000000,finger_width,58.189865
TRIAL_Red_SIM_08,Red,93.000000,finger_width,58.111668
TRIAL_Red_SIM_08,Red,94.000000,finger_width,58.034826
TRIAL_Red_SIM_08,Red,95.000000,finger_width,57.958285
TRIAL_Red_SIM_08,Red,96.000000,finger_width,57.913971
TRIAL_Red_SIM_08,Red,97.000000,finger_width,57.896511
TRIAL_Red_SIM_08,Red,98.000000,finger_width,57.923672
TRIAL_Red_SIM_08,Red,99.000000,finger_width,58.069820
TRIAL_Red_SIM_08,Red,100.000000,finger_width,58.215969
TRIAL_Red_SIM_08,Red,0.000000,velocity,0.011606
TRIAL_Red_SIM_08,Red,1.000000,velocity,0.013569
TRIAL_Red_SIM_08,Red,2.000000,velocity,0.015533
TRIAL_Red_SIM_08,Red,3.000000,velocity,0.017770
TRIAL_Red_SIM_08,Red,4.000000,velocity,0.020110
TRIAL_Red_SIM_08,Red,5.000000,velocity,0.022613
TRIAL_Red_SIM_08,Red,6.000000,velocity,0.025312
TRIAL_Red_SIM_08,Red,7.000000,velocity,0.028157
TRIAL_Red_SIM_08,Red,8.000000,velocity,0.031660
TRIAL_Red_SIM_08,Red,9.000000,velocity,0.035163
TRIAL_Red_SIM_08,Red,10.000000,velocity,0.039035
TRIAL_Red_SIM_08,Red,11.000000,velocity,0.042944
TRIAL_Red_SIM_08,Red,12.000000,velocity,0.047438
TRIAL_Red_SIM_08,Red,13.000000,velocity,0.052267
TRIAL_Red_SIM_08,Red,14.000000,velocity,0.057544
TRIAL_Red_SIM_08,Red,15.000000,velocity,0.063609
TRIAL_Red_SIM_08,Red,16.000000,velocity,0.069765
TRIAL_Red_SIM_08,Red,17.000000,velocity,0.076822
TRIAL_Red_SIM_08,Red,18.000000,velocity,0.083880
TRIAL_Red_SIM_08,Red,19.000000,velocity,0.091416
TRIAL_Red_SIM_08,Red,20.000000,velocity,0.099058
TRIAL_Red_SIM_08,Red,21.000000,velocity,0.106846
TRIAL_Red_SIM_08,Red,22.000000,velocity,0.114756
TRIAL_Red_SIM_08,Red,23.000000,velocity,0.122928
TRIAL_Red_SIM_08,Red,24.000000,velocity,0.131797
TRIAL_Red_SIM_08,Red,25.000000,velocity,0.140666
TRIAL_Red_SIM_08,Red,26.000000,velocity,0.150492
TRIAL_Red_SIM_08,Red,27.000000,velocity,0.160318
TRIAL_Red_SIM_08,Red,28.000000,velocity,0.170224
TRIAL_Red_SIM_08,Red,29.000000,velocity,0.180159
TRIAL_Red_SIM_08,Red,30.000000,velocity,0.189831
TRIAL_Red_SIM_08,Red,31.000000,velocity,0.199188
TRIAL_Red_SIM_08,Red,32.000000,velocity,0.208398
TRIAL_Red_SIM_08,Red,33.000000,velocity,0.216949
TRIAL_Red_SIM_08,Red,34.000000,velocity,0.225500
TRIAL_Red_SIM_08,Red,35.000000,velocity,0.233729
TRIAL_Red_SIM_08,Red,36.000000,velocity,0.241926
TRIAL_Red_SIM_08,Red,37.000000,velocity,0.249433
TRIAL_Red_SIM_08,Red,38.000000,velocity,0.256545
TRIAL_Red_SIM_08,Red,39.000000,velocity,0.262983
TRIAL_Red_SIM_08,Red,40.000000,velocity,0.268240
TRIAL_Red_SIM_08,Red,41.000000,velocity,0.273311
TRIAL_Red_SIM_08,Red,42.000000,velocity,0.276509
TRIAL_Red_SIM_08,Red,43.000000,velocity,0.279707
TRIAL_Red_SIM_08,Red,44.000000,velocity,0.281583
TRIAL_Red_SIM_08,Red,45.000000,velocity,0.283165
TRIAL_Red_SIM_08,Red,46.000000,velocity,0.284140
TRIAL_Red_SIM_08,Red,47.000000,velocity,0.284610
TRIAL_Red_SIM_08,Red,48.000000,velocity,0.284527
TRIAL_Red_SIM_08,Red,49.000000,velocity,0.282968
TRIAL_Red_SIM_08,Red,50.000000,velocity,0.281409
TRIAL_Red_SIM_08,Red,51.000000,velocity,0.277559
TRIAL_Red_SIM_08,Red,52.000000,velocity,0.273708
TRIAL_Red_SIM_08,Red,53.000000,velocity,0.267867
TRIAL_Red_SIM_08,Red,54.000000,velocity,0.261279
TRIAL_Red_SIM_08,Red,55.000000,velocity,0.254033
TRIAL_Red_SIM_08,Red,56.000000,velocity,0.245997
TRIAL_Red_SIM_08,Red,57.000000,velocity,0.237825
TRIAL_Red_SIM_08,Red,58.000000,velocity,0.229039
TRIAL_Red_SIM_08,Red,59.000000,velocity,0.220254
TRIAL_Red_SIM_08,Red,60.000000,velocity,0.211091
TRIAL_Red_SIM_08,Red,61.000000,velocity,0.201891
TRIAL_Red_SIM_08,Red,62.000000,velocity,0.192515
TRIAL_Red_SIM_08,Red,63.000000,velocity,0.183037
TRIAL_Red_SIM_08,Red,64.000000,velocity,0.173410
TRIAL_Red_SIM_08,Red,65.000000,velocity,0.163520
TRIAL_Red_SIM_08,Red,66.000000,velocity,0.153665
TRIAL_Red_SIM_08,Red,67.000000,velocity,0.144149
TRIAL_Red_SIM_08,Red,68.000000,velocity,0.134633
TRIAL_Red_SIM_08,Red,69.000000,velocity,0.125735
TRIAL_Red_SIM_08,Red,70.000000,velocity,0.116973
TRIAL_Red_SIM_08,Red,71.000000,velocity,0.108751
TRIAL_Red_SIM_08,Red,72.000000,velocity,0.100977
TRIAL_Red_SIM_08,Red,73.000000,velocity,0.093432
TRIAL_Red_SIM_08,Red,74.000000,velocity,0.086494
TRIAL_Red_SIM_08,Red,75.000000,velocity,0.079557
TRIAL_Red_SIM_08,Red,76.000000,velocity,0.073107
TRIAL_Red_SIM_08,Red,77.000000,velocity,0.066658
TRIAL_Red_SIM_08,Red,78.000000,velocity,0.060745
TRIAL_Red_SIM_08,Red,79.000000,velocity,0.055033
TRIAL_Red_SIM_08,Red,80.000000,velocity,0.049727
TRIAL_Red_SIM_08,Red,81.000000,velocity,0.044906
TRIAL_Red_SIM_08,Red,82.000000,velocity,0.040208
TRIAL_Red_SIM_08,Red,83.000000,velocity,0.036064
TRIAL_Red_SIM_08,Red,84.000000,velocity,0.031919
TRIAL_Red_SIM_08,Red,85.000000,velocity,0.028605
TRIAL_Red_SIM_08,Red,86.000000,velocity,0.025375
TRIAL_Red_SIM_08,Red,87.000000,velocity,0.022348
TRIAL_Red_SIM_08,Red,88.000000,velocity,0.019438
TRIAL_Red_SIM_08,Red,89.000000,velocity,0.017110
TRIAL_Red_SIM_08,Red,90.000000,velocity,0.015802
TRIAL_Red_SIM_08,Red,91.000000,velocity,0.014498
TRIAL_Red_SIM_08,Red,92.000000,velocity,0.013233
TRIAL_Red_SIM_08,Red,93.000000,velocity,0.011968
TRIAL_Red_SIM_08,Red,94.000000,velocity,0.010087
TRIAL_Red_SIM_08,Red,95.000000,velocity,0.008068
TRIAL_Red_SIM_08,Red,96.000000,velocity,0.006066
TRIAL_Red_SIM_08,Red,97.000000,velocity,0.004078
TRIAL_Red_SIM_08,Red,98.000000,velocity,0.002347
TRIAL_Red_SIM_08,Red,99.000000,velocity,0.001301
TRIAL_Red_SIM_08,Red,100.000000,velocity,0.000255
TRIAL_Red_SIM_08,Red,0.000000,acceleration_mag,0.208401
TRIAL_Red_SIM_08,Red,1.000000,acceleration_mag,0.178174
TRIAL_Red_SIM_08,Red,2.000000,acceleration_mag,0.147947
TRIAL_Red_SIM_08,Red,3.000000,acceleration_mag,0.148117
TRIAL_Red_SIM_08,Red,4.000000,acceleration_mag,0.159686
TRIAL_Red_SIM_08,Red,5.000000,acceleration_mag,0.173931
TRIAL_Red_SIM_08,Red,6.000000,acceleration_mag,0.191387
TRIAL_Red_SIM_08,Red,7.000000,acceleration_mag,0.208748
TRIAL_Red_SIM_08,Red,8.000000,acceleration_mag,0.225684
TRIAL_Red_SIM_08,Red,9.000000,acceleration_mag,0.242621
TRIAL_Red_SIM_08,Red,10.000000,acceleration_mag,0.262686
TRIAL_Red_SIM_08,Red,11.000000,acceleration_mag,0.283063
TRIAL_Red_SIM_08,Red,12.000000,acceleration_mag,0.311728
TRIAL_Red_SIM_08,Red,13.000000,acceleration_mag,0.345128
TRIAL_Red_SIM_08,Red,14.000000,acceleration_mag,0.379538
TRIAL_Red_SIM_08,Red,15.000000,acceleration_mag,0.415716
TRIAL_Red_SIM_08,Red,16.000000,acceleration_mag,0.451009
TRIAL_Red_SIM_08,Red,17.000000,acceleration_mag,0.477460
TRIAL_Red_SIM_08,Red,18.000000,acceleration_mag,0.503910
TRIAL_Red_SIM_08,Red,19.000000,acceleration_mag,0.520547
TRIAL_Red_SIM_08,Red,20.000000,acceleration_mag,0.535003
TRIAL_Red_SIM_08,Red,21.000000,acceleration_mag,0.552246
TRIAL_Red_SIM_08,Red,22.000000,acceleration_mag,0.571813
TRIAL_Red_SIM_08,Red,23.000000,acceleration_mag,0.593496
TRIAL_Red_SIM_08,Red,24.000000,acceleration_mag,0.620825
TRIAL_Red_SIM_08,Red,25.000000,acceleration_mag,0.648153
TRIAL_Red_SIM_08,Red,26.000000,acceleration_mag,0.662835
TRIAL_Red_SIM_08,Red,27.000000,acceleration_mag,0.677518
TRIAL_Red_SIM_08,Red,28.000000,acceleration_mag,0.674281
TRIAL_Red_SIM_08,Red,29.000000,acceleration_mag,0.664326
TRIAL_Red_SIM_08,Red,30.000000,acceleration_mag,0.648380
TRIAL_Red_SIM_08,Red,31.000000,acceleration_mag,0.625247
TRIAL_Red_SIM_08,Red,32.000000,acceleration_mag,0.602936
TRIAL_Red_SIM_08,Red,33.000000,acceleration_mag,0.584327
TRIAL_Red_SIM_08,Red,34.000000,acceleration_mag,0.565717
TRIAL_Red_SIM_08,Red,35.000000,acceleration_mag,0.544542
TRIAL_Red_SIM_08,Red,36.000000,acceleration_mag,0.523110
TRIAL_Red_SIM_08,Red,37.000000,acceleration_mag,0.487926
TRIAL_Red_SIM_08,Red,38.000000,acceleration_mag,0.444883
TRIAL_Red_SIM_08,Red,39.000000,acceleration_mag,0.396491
TRIAL_Red_SIM_08,Red,40.000000,acceleration_mag,0.338737
TRIAL_Red_SIM_08,Red,41.000000,acceleration_mag,0.281485
TRIAL_Red_SIM_08,Red,42.000000,acceleration_mag,0.229252
TRIAL_Red_SIM_08,Red,43.000000,acceleration_mag,0.177019
TRIAL_Red_SIM_08,Red,44.000000,acceleration_mag,0.136965
TRIAL_Red_SIM_08,Red,45.000000,acceleration_mag,0.099618
TRIAL_Red_SIM_08,Red,46.000000,acceleration_mag,0.073718
TRIAL_Red_SIM_08,Red,47.000000,acceleration_mag,0.057360
TRIAL_Red_SIM_08,Red,48.000000,acceleration_mag,0.061522
TRIAL_Red_SIM_08,Red,49.000000,acceleration_mag,0.120407
TRIAL_Red_SIM_08,Red,50.000000,acceleration_mag,0.179292
TRIAL_Red_SIM_08,Red,51.000000,acceleration_mag,0.256282
TRIAL_Red_SIM_08,Red,52.000000,acceleration_mag,0.333273
TRIAL_Red_SIM_08,Red,53.000000,acceleration_mag,0.401371
TRIAL_Red_SIM_08,Red,54.000000,acceleration_mag,0.466134
TRIAL_Red_SIM_08,Red,55.000000,acceleration_mag,0.516230
TRIAL_Red_SIM_08,Red,56.000000,acceleration_mag,0.548726
TRIAL_Red_SIM_08,Red,57.000000,acceleration_mag,0.578106
TRIAL_Red_SIM_08,Red,58.000000,acceleration_mag,0.593466
TRIAL_Red_SIM_08,Red,59.000000,acceleration_mag,0.608826
TRIAL_Red_SIM_08,Red,60.000000,acceleration_mag,0.618172
TRIAL_Red_SIM_08,Red,61.000000,acceleration_mag,0.626916
TRIAL_Red_SIM_08,Red,62.000000,acceleration_mag,0.636820
TRIAL_Red_SIM_08,Red,63.000000,acceleration_mag,0.647387
TRIAL_Red_SIM_08,Red,64.000000,acceleration_mag,0.654468
TRIAL_Red_SIM_08,Red,65.000000,acceleration_mag,0.655451
TRIAL_Red_SIM_08,Red,66.000000,acceleration_mag,0.654909
TRIAL_Red_SIM_08,Red,67.000000,acceleration_mag,0.639126
TRIAL_Red_SIM_08,Red,68.000000,acceleration_mag,0.623343
TRIAL_Red_SIM_08,Red,69.000000,acceleration_mag,0.598820
TRIAL_Red_SIM_08,Red,70.000000,acceleration_mag,0.572354
TRIAL_Red_SIM_08,Red,71.000000,acceleration_mag,0.546006
TRIAL_Red_SIM_08,Red,72.000000,acceleration_mag,0.519756
TRIAL_Red_SIM_08,Red,73.000000,acceleration_mag,0.495016
TRIAL_Red_SIM_08,Red,74.000000,acceleration_mag,0.474304
TRIAL_Red_SIM_08,Red,75.000000,acceleration_mag,0.453593
TRIAL_Red_SIM_08,Red,76.000000,acceleration_mag,0.434031
TRIAL_Red_SIM_08,Red,77.000000,acceleration_mag,0.414469
TRIAL_Red_SIM_08,Red,78.000000,acceleration_mag,0.390185
TRIAL_Red_SIM_08,Red,79.000000,acceleration_mag,0.364131
TRIAL_Red_SIM_08,Red,80.000000,acceleration_mag,0.339118
TRIAL_Red_SIM_08,Red,81.000000,acceleration_mag,0.315355
TRIAL_Red_SIM_08,Red,82.000000,acceleration_mag,0.291939
TRIAL_Red_SIM_08,Red,83.000000,acceleration_mag,0.270090
TRIAL_Red_SIM_08,Red,84.000000,acceleration_mag,0.248241
TRIAL_Red_SIM_08,Red,85.000000,acceleration_mag,0.230649
TRIAL_Red_SIM_08,Red,86.000000,acceleration_mag,0.213483
TRIAL_Red_SIM_08,Red,87.000000,acceleration_mag,0.190012
TRIAL_Red_SIM_08,Red,88.000000,acceleration_mag,0.162938
TRIAL_Red_SIM_08,Red,89.000000,acceleration_mag,0.136802
TRIAL_Red_SIM_08,Red,90.000000,acceleration_mag,0.112309
TRIAL_Red_SIM_08,Red,91.000000,acceleration_mag,0.091070
TRIAL_Red_SIM_08,Red,92.000000,acceleration_mag,0.102373
TRIAL_Red_SIM_08,Red,93.000000,acceleration_mag,0.113676
TRIAL_Red_SIM_08,Red,94.000000,acceleration_mag,0.124570
TRIAL_Red_SIM_08,Red,95.000000,acceleration_mag,0.135373
TRIAL_Red_SIM_08,Red,96.000000,acceleration_mag,0.132069
TRIAL_Red_SIM_08,Red,97.000000,acceleration_mag,0.117006
TRIAL_Red_SIM_08,Red,98.000000,acceleration_mag,0.102229
TRIAL_Red_SIM_08,Red,99.000000,acceleration_mag,0.088209
TRIAL_Red_SIM_08,Red,100.000000,acceleration_mag,0.074189
TRIAL_Red_SIM_08,Red,0.000000,ax,0.206056
TRIAL_Red_SIM_08,Red,1.000000,ax,0.176088
TRIAL_Red_SIM_08,Red,2.000000,ax,0.146120
TRIAL_Red_SIM_08,Red,3.000000,ax,0.146477
TRIAL_Red_SIM_08,Red,4.000000,ax,0.158206
TRIAL_Red_SIM_08,Red,5.000000,ax,0.172491
TRIAL_Red_SIM_08,Red,6.000000,ax,0.189843
TRIAL_Red_SIM_08,Red,7.000000,ax,0.207091
TRIAL_Red_SIM_08,Red,8.000000,ax,0.223873
TRIAL_Red_SIM_08,Red,9.000000,ax,0.240654
TRIAL_Red_SIM_08,Red,10.000000,ax,0.260595
TRIAL_Red_SIM_08,Red,11.000000,ax,0.280851
TRIAL_Red_SIM_08,Red,12.000000,ax,0.309206
TRIAL_Red_SIM_08,Red,13.000000,ax,0.342190
TRIAL_Red_SIM_08,Red,14.000000,ax,0.376002
TRIAL_Red_SIM_08,Red,15.000000,ax,0.411266
TRIAL_Red_SIM_08,Red,16.000000,ax,0.445635
TRIAL_Red_SIM_08,Red,17.000000,ax,0.471057
TRIAL_Red_SIM_08,Red,18.000000,ax,0.496479
TRIAL_Red_SIM_08,Red,19.000000,ax,0.512380
TRIAL_Red_SIM_08,Red,20.000000,ax,0.526165
TRIAL_Red_SIM_08,Red,21.000000,ax,0.542780
TRIAL_Red_SIM_08,Red,22.000000,ax,0.561754
TRIAL_Red_SIM_08,Red,23.000000,ax,0.583042
TRIAL_Red_SIM_08,Red,24.000000,ax,0.610500
TRIAL_Red_SIM_08,Red,25.000000,ax,0.637959
TRIAL_Red_SIM_08,Red,26.000000,ax,0.652837
TRIAL_Red_SIM_08,Red,27.000000,ax,0.667714
TRIAL_Red_SIM_08,Red,28.000000,ax,0.665154
TRIAL_Red_SIM_08,Red,29.000000,ax,0.656055
TRIAL_Red_SIM_08,Red,30.000000,ax,0.640933
TRIAL_Red_SIM_08,Red,31.000000,ax,0.618583
TRIAL_Red_SIM_08,Red,32.000000,ax,0.596993
TRIAL_Red_SIM_08,Red,33.000000,ax,0.578823
TRIAL_Red_SIM_08,Red,34.000000,ax,0.560653
TRIAL_Red_SIM_08,Red,35.000000,ax,0.539702
TRIAL_Red_SIM_08,Red,36.000000,ax,0.518474
TRIAL_Red_SIM_08,Red,37.000000,ax,0.483526
TRIAL_Red_SIM_08,Red,38.000000,ax,0.440738
TRIAL_Red_SIM_08,Red,39.000000,ax,0.392657
TRIAL_Red_SIM_08,Red,40.000000,ax,0.335311
TRIAL_Red_SIM_08,Red,41.000000,ax,0.278392
TRIAL_Red_SIM_08,Red,42.000000,ax,0.225738
TRIAL_Red_SIM_08,Red,43.000000,ax,0.173084
TRIAL_Red_SIM_08,Red,44.000000,ax,0.131490
TRIAL_Red_SIM_08,Red,45.000000,ax,0.092353
TRIAL_Red_SIM_08,Red,46.000000,ax,0.049773
TRIAL_Red_SIM_08,Red,47.000000,ax,0.004324
TRIAL_Red_SIM_08,Red,48.000000,ax,-0.046538
TRIAL_Red_SIM_08,Red,49.000000,ax,-0.111833
TRIAL_Red_SIM_08,Red,50.000000,ax,-0.177128
TRIAL_Red_SIM_08,Red,51.000000,ax,-0.253485
TRIAL_Red_SIM_08,Red,52.000000,ax,-0.329842
TRIAL_Red_SIM_08,Red,53.000000,ax,-0.396938
TRIAL_Red_SIM_08,Red,54.000000,ax,-0.460561
TRIAL_Red_SIM_08,Red,55.000000,ax,-0.509910
TRIAL_Red_SIM_08,Red,56.000000,ax,-0.542130
TRIAL_Red_SIM_08,Red,57.000000,ax,-0.571333
TRIAL_Red_SIM_08,Red,58.000000,ax,-0.586958
TRIAL_Red_SIM_08,Red,59.000000,ax,-0.602583
TRIAL_Red_SIM_08,Red,60.000000,ax,-0.612135
TRIAL_Red_SIM_08,Red,61.000000,ax,-0.621080
TRIAL_Red_SIM_08,Red,62.000000,ax,-0.630955
TRIAL_Red_SIM_08,Red,63.000000,ax,-0.641360
TRIAL_Red_SIM_08,Red,64.000000,ax,-0.648303
TRIAL_Red_SIM_08,Red,65.000000,ax,-0.649186
TRIAL_Red_SIM_08,Red,66.000000,ax,-0.648548
TRIAL_Red_SIM_08,Red,67.000000,ax,-0.632693
TRIAL_Red_SIM_08,Red,68.000000,ax,-0.616838
TRIAL_Red_SIM_08,Red,69.000000,ax,-0.592600
TRIAL_Red_SIM_08,Red,70.000000,ax,-0.566499
TRIAL_Red_SIM_08,Red,71.000000,ax,-0.540338
TRIAL_Red_SIM_08,Red,72.000000,ax,-0.514127
TRIAL_Red_SIM_08,Red,73.000000,ax,-0.489531
TRIAL_Red_SIM_08,Red,74.000000,ax,-0.469245
TRIAL_Red_SIM_08,Red,75.000000,ax,-0.448958
TRIAL_Red_SIM_08,Red,76.000000,ax,-0.429855
TRIAL_Red_SIM_08,Red,77.000000,ax,-0.410753
TRIAL_Red_SIM_08,Red,78.000000,ax,-0.386975
TRIAL_Red_SIM_08,Red,79.000000,ax,-0.361443
TRIAL_Red_SIM_08,Red,80.000000,ax,-0.336826
TRIAL_Red_SIM_08,Red,81.000000,ax,-0.313305
TRIAL_Red_SIM_08,Red,82.000000,ax,-0.290087
TRIAL_Red_SIM_08,Red,83.000000,ax,-0.268238
TRIAL_Red_SIM_08,Red,84.000000,ax,-0.246389
TRIAL_Red_SIM_08,Red,85.000000,ax,-0.228745
TRIAL_Red_SIM_08,Red,86.000000,ax,-0.211520
TRIAL_Red_SIM_08,Red,87.000000,ax,-0.187937
TRIAL_Red_SIM_08,Red,88.000000,ax,-0.160721
TRIAL_Red_SIM_08,Red,89.000000,ax,-0.134575
TRIAL_Red_SIM_08,Red,90.000000,ax,-0.110302
TRIAL_Red_SIM_08,Red,91.000000,ax,-0.089230
TRIAL_Red_SIM_08,Red,92.000000,ax,-0.100161
TRIAL_Red_SIM_08,Red,93.000000,ax,-0.111092
TRIAL_Red_SIM_08,Red,94.000000,ax,-0.121821
TRIAL_Red_SIM_08,Red,95.000000,ax,-0.132505
TRIAL_Red_SIM_08,Red,96.000000,ax,-0.129329
TRIAL_Red_SIM_08,Red,97.000000,ax,-0.114602
TRIAL_Red_SIM_08,Red,98.000000,ax,-0.100099
TRIAL_Red_SIM_08,Red,99.000000,ax,-0.086189
TRIAL_Red_SIM_08,Red,100.000000,ax,-0.072280
TRIAL_Red_SIM_08,Red,0.000000,ay,-0.027048
TRIAL_Red_SIM_08,Red,1.000000,ay,-0.024054
TRIAL_Red_SIM_08,Red,2.000000,ay,-0.021060
TRIAL_Red_SIM_08,Red,3.000000,ay,-0.018364
TRIAL_Red_SIM_08,Red,4.000000,ay,-0.015780
TRIAL_Red_SIM_08,Red,5.000000,ay,-0.014128
TRIAL_Red_SIM_08,Red,6.000000,ay,-0.013595
TRIAL_Red_SIM_08,Red,7.000000,ay,-0.013727
TRIAL_Red_SIM_08,Red,8.000000,ay,-0.016855
TRIAL_Red_SIM_08,Red,9.000000,ay,-0.019984
TRIAL_Red_SIM_08,Red,10.000000,ay,-0.018301
TRIAL_Red_SIM_08,Red,11.000000,ay,-0.016137
TRIAL_Red_SIM_08,Red,12.000000,ay,-0.013133
TRIAL_Red_SIM_08,Red,13.000000,ay,-0.009649
TRIAL_Red_SIM_08,Red,14.000000,ay,-0.004866
TRIAL_Red_SIM_08,Red,15.000000,ay,0.002192
TRIAL_Red_SIM_08,Red,16.000000,ay,0.009212
TRIAL_Red_SIM_08,Red,17.000000,ay,0.015850
TRIAL_Red_SIM_08,Red,18.000000,ay,0.022489
TRIAL_Red_SIM_08,Red,19.000000,ay,0.026989
TRIAL_Red_SIM_08,Red,20.000000,ay,0.031014
TRIAL_Red_SIM_08,Red,21.000000,ay,0.034529
TRIAL_Red_SIM_08,Red,22.000000,ay,0.037619
TRIAL_Red_SIM_08,Red,23.000000,ay,0.039388
TRIAL_Red_SIM_08,Red,24.000000,ay,0.037632
TRIAL_Red_SIM_08,Red,25.000000,ay,0.035876
TRIAL_Red_SIM_08,Red,26.000000,ay,0.034119
TRIAL_Red_SIM_08,Red,27.000000,ay,0.032362
TRIAL_Red_SIM_08,Red,28.000000,ay,0.027845
TRIAL_Red_SIM_08,Red,29.000000,ay,0.022292
TRIAL_Red_SIM_08,Red,30.000000,ay,0.017053
TRIAL_Red_SIM_08,Red,31.000000,ay,0.012192
TRIAL_Red_SIM_08,Red,32.000000,ay,0.007775
TRIAL_Red_SIM_08,Red,33.000000,ay,0.005363
TRIAL_Red_SIM_08,Red,34.000000,ay,0.002950
TRIAL_Red_SIM_08,Red,35.000000,ay,0.003244
TRIAL_Red_SIM_08,Red,36.000000,ay,0.003809
TRIAL_Red_SIM_08,Red,37.000000,ay,0.005343
TRIAL_Red_SIM_08,Red,38.000000,ay,0.007430
TRIAL_Red_SIM_08,Red,39.000000,ay,0.009229
TRIAL_Red_SIM_08,Red,40.000000,ay,0.010522
TRIAL_Red_SIM_08,Red,41.000000,ay,0.012106
TRIAL_Red_SIM_08,Red,42.000000,ay,0.016600
TRIAL_Red_SIM_08,Red,43.000000,ay,0.021093
TRIAL_Red_SIM_08,Red,44.000000,ay,0.024435
TRIAL_Red_SIM_08,Red,45.000000,ay,0.027520
TRIAL_Red_SIM_08,Red,46.000000,ay,0.030117
TRIAL_Red_SIM_08,Red,47.000000,ay,0.032306
TRIAL_Red_SIM_08,Red,48.000000,ay,0.032433
TRIAL_Red_SIM_08,Red,49.000000,ay,0.027062
TRIAL_Red_SIM_08,Red,50.000000,ay,0.021691
TRIAL_Red_SIM_08,Red,51.000000,ay,0.014144
TRIAL_Red_SIM_08,Red,52.000000,ay,0.006596
TRIAL_Red_SIM_08,Red,53.000000,ay,-0.000381
TRIAL_Red_SIM_08,Red,54.000000,ay,-0.007144
TRIAL_Red_SIM_08,Red,55.000000,ay,-0.011069
TRIAL_Red_SIM_08,Red,56.000000,ay,-0.011588
TRIAL_Red_SIM_08,Red,57.000000,ay,-0.011378
TRIAL_Red_SIM_08,Red,58.000000,ay,-0.007890
TRIAL_Red_SIM_08,Red,59.000000,ay,-0.004403
TRIAL_Red_SIM_08,Red,60.000000,ay,-0.001581
TRIAL_Red_SIM_08,Red,61.000000,ay,0.001174
TRIAL_Red_SIM_08,Red,62.000000,ay,0.001133
TRIAL_Red_SIM_08,Red,63.000000,ay,-0.000505
TRIAL_Red_SIM_08,Red,64.000000,ay,-0.002182
TRIAL_Red_SIM_08,Red,65.000000,ay,-0.003925
TRIAL_Red_SIM_08,Red,66.000000,ay,-0.005756
TRIAL_Red_SIM_08,Red,67.000000,ay,-0.008476
TRIAL_Red_SIM_08,Red,68.000000,ay,-0.011196
TRIAL_Red_SIM_08,Red,69.000000,ay,-0.010840
TRIAL_Red_SIM_08,Red,70.000000,ay,-0.009800
TRIAL_Red_SIM_08,Red,71.000000,ay,-0.010433
TRIAL_Red_SIM_08,Red,72.000000,ay,-0.012459
TRIAL_Red_SIM_08,Red,73.000000,ay,-0.013355
TRIAL_Red_SIM_08,Red,74.000000,ay,-0.011238
TRIAL_Red_SIM_08,Red,75.000000,ay,-0.009122
TRIAL_Red_SIM_08,Red,76.000000,ay,-0.006168
TRIAL_Red_SIM_08,Red,77.000000,ay,-0.003214
TRIAL_Red_SIM_08,Red,78.000000,ay,0.000929
TRIAL_Red_SIM_08,Red,79.000000,ay,0.005517
TRIAL_Red_SIM_08,Red,80.000000,ay,0.008687
TRIAL_Red_SIM_08,Red,81.000000,ay,0.010154
TRIAL_Red_SIM_08,Red,82.000000,ay,0.010578
TRIAL_Red_SIM_08,Red,83.000000,ay,0.006302
TRIAL_Red_SIM_08,Red,84.000000,ay,0.002026
TRIAL_Red_SIM_08,Red,85.000000,ay,-0.000697
TRIAL_Red_SIM_08,Red,86.000000,ay,-0.003264
TRIAL_Red_SIM_08,Red,87.000000,ay,-0.005823
TRIAL_Red_SIM_08,Red,88.000000,ay,-0.008377
TRIAL_Red_SIM_08,Red,89.000000,ay,-0.009733
TRIAL_Red_SIM_08,Red,90.000000,ay,-0.008991
TRIAL_Red_SIM_08,Red,91.000000,ay,-0.008484
TRIAL_Red_SIM_08,Red,92.000000,ay,-0.010334
TRIAL_Red_SIM_08,Red,93.000000,ay,-0.012184
TRIAL_Red_SIM_08,Red,94.000000,ay,-0.013041
TRIAL_Red_SIM_08,Red,95.000000,ay,-0.013677
TRIAL_Red_SIM_08,Red,96.000000,ay,-0.013113
TRIAL_Red_SIM_08,Red,97.000000,ay,-0.011549
TRIAL_Red_SIM_08,Red,98.000000,ay,-0.010261
TRIAL_Red_SIM_08,Red,99.000000,ay,-0.009710
TRIAL_Red_SIM_08,Red,100.000000,ay,-0.009159
TRIAL_Red_SIM_08,Red,0.000000,az,0.015507
TRIAL_Red_SIM_08,Red,1.000000,az,0.012565
TRIAL_Red_SIM_08,Red,2.000000,az,0.009622
TRIAL_Red_SIM_08,Red,3.000000,az,0.011097
TRIAL_Red_SIM_08,Red,4.000000,az,0.014229
TRIAL_Red_SIM_08,Red,5.000000,az,0.017196
TRIAL_Red_SIM_08,Red,6.000000,az,0.019965
TRIAL_Red_SIM_08,Red,7.000000,az,0.022332
TRIAL_Red_SIM_08,Red,8.000000,az,0.022892
TRIAL_Red_SIM_08,Red,9.000000,az,0.023453
TRIAL_Red_SIM_08,Red,10.000000,az,0.027188
TRIAL_Red_SIM_08,Red,11.000000,az,0.031240
TRIAL_Red_SIM_08,Red,12.000000,az,0.036930
TRIAL_Red_SIM_08,Red,13.000000,az,0.043556
TRIAL_Red_SIM_08,Red,14.000000,az,0.051023
TRIAL_Red_SIM_08,Red,15.000000,az,0.059960
TRIAL_Red_SIM_08,Red,16.000000,az,0.068739
TRIAL_Red_SIM_08,Red,17.000000,az,0.075940
TRIAL_Red_SIM_08,Red,18.000000,az,0.083142
TRIAL_Red_SIM_08,Red,19.000000,az,0.087706
TRIAL_Red_SIM_08,Red,20.000000,az,0.091684
TRIAL_Red_SIM_08,Red,21.000000,az,0.095759
TRIAL_Red_SIM_08,Red,22.000000,az,0.099914
TRIAL_Red_SIM_08,Red,23.000000,az,0.103632
TRIAL_Red_SIM_08,Red,24.000000,az,0.106185
TRIAL_Red_SIM_08,Red,25.000000,az,0.108737
TRIAL_Red_SIM_08,Red,26.000000,az,0.109448
TRIAL_Red_SIM_08,Red,27.000000,az,0.110160
TRIAL_Red_SIM_08,Red,28.000000,az,0.106801
TRIAL_Red_SIM_08,Red,29.000000,az,0.101916
TRIAL_Red_SIM_08,Red,30.000000,az,0.096372
TRIAL_Red_SIM_08,Red,31.000000,az,0.090037
TRIAL_Red_SIM_08,Red,32.000000,az,0.084070
TRIAL_Red_SIM_08,Red,33.000000,az,0.079765
TRIAL_Red_SIM_08,Red,34.000000,az,0.075460
TRIAL_Red_SIM_08,Red,35.000000,az,0.072363
TRIAL_Red_SIM_08,Red,36.000000,az,0.069386
TRIAL_Red_SIM_08,Red,37.000000,az,0.065098
TRIAL_Red_SIM_08,Red,38.000000,az,0.060063
TRIAL_Red_SIM_08,Red,39.000000,az,0.054166
TRIAL_Red_SIM_08,Red,40.000000,az,0.046761
TRIAL_Red_SIM_08,Red,41.000000,az,0.039594
TRIAL_Red_SIM_08,Red,42.000000,az,0.034793
TRIAL_Red_SIM_08,Red,43.000000,az,0.029992
TRIAL_Red_SIM_08,Red,44.000000,az,0.026130
TRIAL_Red_SIM_08,Red,45.000000,az,0.022476
TRIAL_Red_SIM_08,Red,46.000000,az,0.018126
TRIAL_Red_SIM_08,Red,47.000000,az,0.013196
TRIAL_Red_SIM_08,Red,48.000000,az,0.006377
TRIAL_Red_SIM_08,Red,49.000000,az,-0.005482
TRIAL_Red_SIM_08,Red,50.000000,az,-0.017341
TRIAL_Red_SIM_08,Red,51.000000,az,-0.031797
TRIAL_Red_SIM_08,Red,52.000000,az,-0.046253
TRIAL_Red_SIM_08,Red,53.000000,az,-0.059037
TRIAL_Red_SIM_08,Red,54.000000,az,-0.071194
TRIAL_Red_SIM_08,Red,55.000000,az,-0.079761
TRIAL_Red_SIM_08,Red,56.000000,az,-0.084021
TRIAL_Red_SIM_08,Red,57.000000,az,-0.087451
TRIAL_Red_SIM_08,Red,58.000000,az,-0.087143
TRIAL_Red_SIM_08,Red,59.000000,az,-0.086835
TRIAL_Red_SIM_08,Red,60.000000,az,-0.086081
TRIAL_Red_SIM_08,Red,61.000000,az,-0.085282
TRIAL_Red_SIM_08,Red,62.000000,az,-0.086204
TRIAL_Red_SIM_08,Red,63.000000,az,-0.088110
TRIAL_Red_SIM_08,Red,64.000000,az,-0.089582
TRIAL_Red_SIM_08,Red,65.000000,az,-0.090296
TRIAL_Red_SIM_08,Red,66.000000,az,-0.090865
TRIAL_Red_SIM_08,Red,67.000000,az,-0.089983
TRIAL_Red_SIM_08,Red,68.000000,az,-0.089100
TRIAL_Red_SIM_08,Red,69.000000,az,-0.085396
TRIAL_Red_SIM_08,Red,70.000000,az,-0.081064
TRIAL_Red_SIM_08,Red,71.000000,az,-0.077720
TRIAL_Red_SIM_08,Red,72.000000,az,-0.075199
TRIAL_Red_SIM_08,Red,73.000000,az,-0.072246
TRIAL_Red_SIM_08,Red,74.000000,az,-0.068137
TRIAL_Red_SIM_08,Red,75.000000,az,-0.064029
TRIAL_Red_SIM_08,Red,76.000000,az,-0.059631
TRIAL_Red_SIM_08,Red,77.000000,az,-0.055233
TRIAL_Red_SIM_08,Red,78.000000,az,-0.049588
TRIAL_Red_SIM_08,Red,79.000000,az,-0.043477
TRIAL_Red_SIM_08,Red,80.000000,az,-0.038323
TRIAL_Red_SIM_08,Red,81.000000,az,-0.034320
TRIAL_Red_SIM_08,Red,82.000000,az,-0.030968
TRIAL_Red_SIM_08,Red,83.000000,az,-0.030552
TRIAL_Red_SIM_08,Red,84.000000,az,-0.030135
TRIAL_Red_SIM_08,Red,85.000000,az,-0.029377
TRIAL_Red_SIM_08,Red,86.000000,az,-0.028585
TRIAL_Red_SIM_08,Red,87.000000,az,-0.027042
TRIAL_Red_SIM_08,Red,88.000000,az,-0.025069
TRIAL_Red_SIM_08,Red,89.000000,az,-0.022548
TRIAL_Red_SIM_08,Red,90.000000,az,-0.019066
TRIAL_Red_SIM_08,Red,91.000000,az,-0.016113
TRIAL_Red_SIM_08,Red,92.000000,az,-0.018451
TRIAL_Red_SIM_08,Red,93.000000,az,-0.020788
TRIAL_Red_SIM_08,Red,94.000000,az,-0.022513
TRIAL_Red_SIM_08,Red,95.000000,az,-0.024103
TRIAL_Red_SIM_08,Red,96.000000,az,-0.023326
TRIAL_Red_SIM_08,Red,97.000000,az,-0.020577
TRIAL_Red_SIM_08,Red,98.000000,az,-0.018027
TRIAL_Red_SIM_08,Red,99.000000,az,-0.016008
TRIAL_Red_SIM_08,Red,100.000000,az,-0.013989
